host_timestamp_utc,elapsed_s,camera_timestamp_ms,frame_number,visible_cube_faces,num_snout_estimates,snout_cam_x_m,snout_cam_y_m,snout_cam_z_m,snout_desk_x_m,snout_desk_y_m,snout_desk_z_m,delta_from_baseline_cm,delta_x_cm,delta_y_cm,delta_z_cm
2026-07-17T21:17:02.533+00:00,11.53129,1784323022489.917,330,0;2,2,0.2758233728295422,-0.26173924358264283,0.28640034121288455,0.49150976232232013,-0.524197599847086,-0.44790804514096105,,,,
2026-07-17T21:17:02.567+00:00,11.565013,1784323022523.257,331,2,1,0.2315227598476959,-0.19854036369618389,0.24903557713965713,0.4855003437227108,-0.45051284801650726,-0.49135010493880016,,,,
2026-07-17T21:17:02.599+00:00,11.59805,1784323022556.598,332,0;2,2,0.2764591984685391,-0.26124023163376264,0.2864516996752221,0.4923067872392862,-0.5240718248649195,-0.4478383544272263,,,,
2026-07-17T21:17:02.634+00:00,11.631518,1784323022589.938,333,2,1,0.232944032264636,-0.19507839219339207,0.24783561986185498,0.4884857689982657,-0.44829606972926245,-0.49262222497524544,,,,
2026-07-17T21:17:02.666+00:00,11.664771,1784323022623.279,334,0;2,2,0.27830512156632753,-0.26536850653032595,0.29152916249418237,0.4916965990390737,-0.5281673429660486,-0.44244529256719595,,,,
2026-07-17T21:17:02.699+00:00,11.698384,1784323022656.62,335,2,1,0.2392591898469985,-0.20021263368721548,0.25630769562115396,0.4911447185865183,-0.45519158946854055,-0.4834898915773329,,,,
2026-07-17T21:17:02.733+00:00,11.731861,1784323022689.96,336,2,1,0.24107888186460058,-0.1978633783562317,0.26055698846480646,0.47545614394248226,-0.4748527616338012,-0.48508615284863943,,,,
2026-07-17T21:17:02.765+00:00,11.764362,1784323022723.3,337,2,1,0.24107888186460058,-0.1978633783562317,0.26055698846480646,0.49373706069184775,-0.4537138987071589,-0.4792492593434721,,,,
2026-07-17T21:17:02.800+00:00,11.798342,1784323022756.64,338,2,1,0.24540341105048072,-0.19867103099814087,0.26390248720424037,0.4969800150230305,-0.4562746132367539,-0.47557880901839616,,,,
2026-07-17T21:17:02.833+00:00,11.832051,1784323022789.981,339,2,1,0.2392591898469985,-0.20021263368721548,0.25630769562115396,0.4911447185865183,-0.45519158946854055,-0.4834898915773329,,,,
2026-07-17T21:17:02.867+00:00,11.864956,1784323022823.321,340,2,1,0.2262021031800773,-0.19170650525187774,0.23876371865934398,0.4588376851718166,-0.44534463571110117,-0.5306950004472195,,,,
2026-07-17T21:17:02.900+00:00,11.898295,1784323022856.662,341,2,1,0.2262021031800773,-0.19170650525187774,0.23876371865934398,0.48460721443126,-0.44276822862331466,-0.5022929233954139,,,,
2026-07-17T21:17:02.934+00:00,11.931648,1784323022890.002,342,0;2,2,0.2778683464511995,-0.2621916753329933,0.2873476314165413,0.49303064939767627,-0.5255189187512952,-0.4468012528436722,,,,
2026-07-17T21:17:02.966+00:00,11.965364,1784323022923.343,343,0;2,2,0.2754706883649294,-0.26419411404772886,0.28821373925156163,0.489928559281227,-0.52601588217984,-0.4460020456446751,,,,
2026-07-17T21:17:02.999+00:00,11.998011,1784323022956.684,344,0;2,2,0.2773815184683369,-0.26307381249689865,0.28752350972964974,0.4734958708318344,-0.5463611880610395,-0.4507324384416593,,,,
2026-07-17T21:17:03.032+00:00,12.03112,1784323022990.024,345,2,1,0.23027176996924403,-0.1993460611252712,0.24882325120053378,0.48402298260437837,-0.450616014724063,-0.4916069455199847,,,,
2026-07-17T21:17:03.066+00:00,12.065148,1784323023023.365,346,0;2,2,0.2780223719630178,-0.26387255944241444,0.2905567055768691,0.49222301533589274,-0.5268052258522851,-0.4435087775623271,,,,
2026-07-17T21:17:03.099+00:00,12.09849,1784323023056.705,347,0;2,2,0.2780223719630178,-0.26387255944241444,0.2905567055768691,0.49273436553914646,-0.5345199781487057,-0.4096583958198148,,,,
2026-07-17T21:17:03.133+00:00,12.13144,1784323023090.046,348,0;2,2,0.2780223719630178,-0.26387255944241444,0.2905567055768691,0.49222301533589274,-0.5268052258522851,-0.4435087775623271,,,,
2026-07-17T21:17:03.167+00:00,12.165417,1784323023123.386,349,2,1,0.23027176996924403,-0.1993460611252712,0.24882325120053378,0.48402298260437837,-0.450616014724063,-0.4916069455199847,,,,
2026-07-17T21:17:03.199+00:00,12.19861,1784323023156.726,350,2,1,0.24320211527668378,-0.19865367243163135,0.26195661440201956,0.49514344592803605,-0.45533187553108595,-0.47766942733449624,,,,
2026-07-17T21:17:03.234+00:00,12.231915,1784323023190.066,351,2,1,0.2392591898469985,-0.20021263368721548,0.25630769562115396,0.4911447185865183,-0.45519158946854055,-0.4834898915773329,,,,
2026-07-17T21:17:03.267+00:00,12.264641,1784323023223.407,352,2,1,0.23739351323951624,-0.20307124190903295,0.25887024051457275,0.48802324007922754,-0.4565611399620174,-0.48092089763520796,,,,
2026-07-17T21:17:03.299+00:00,12.298393,1784323023256.748,353,2,1,0.24107888186460058,-0.1978633783562317,0.26055698846480646,0.49373706069184775,-0.4537138987071589,-0.4792492593434721,,,,
2026-07-17T21:17:03.333+00:00,12.331914,1784323023290.088,354,2,1,0.24107888186460058,-0.1978633783562317,0.26055698846480646,0.49373706069184775,-0.4537138987071589,-0.4792492593434721,,,,
2026-07-17T21:17:03.367+00:00,12.364928,1784323023323.429,355,0;2,2,0.28157659852156475,-0.2656981865422251,0.2955516797161851,0.49461285236852515,-0.5373655997858909,-0.4042464708277891,11.235565134676026,0.08757916766773954,-8.365170107873205,7.500278851568304
2026-07-17T21:17:03.399+00:00,12.398188,1784323023356.769,356,0;2,2,0.2802063394354486,-0.26800727653687056,0.29613466688149265,0.49188595695376813,-0.5310331664211254,-0.4375935293104703,8.784586267693822,-0.1851103738079618,-7.731926771396652,4.1655730033001825
2026-07-17T21:17:03.433+00:00,12.431796,1784323023390.11,357,0;2,2,0.2804261055183785,-0.2672038119206087,0.2936118809568799,0.49256150709449864,-0.5306386799302077,-0.4401324884984167,8.630715876344645,-0.11755535973491105,-7.692478122304886,3.911677084505544
2026-07-17T21:17:03.467+00:00,12.465423,1784323023423.45,358,0;2,2,0.2839900549292235,-0.27008621761034357,0.30177670386000244,0.4939513954684966,-0.5342548310728573,-0.43160805348934006,9.357655807395501,0.021433477664883904,-8.054093236569843,4.764120585413206
2026-07-17T21:17:03.500+00:00,12.498778,1784323023456.79,359,0;2,2,0.2759988873042417,-0.26456845409589613,0.28762000630799706,0.49022360631331896,-0.5266457153221905,-0.4465386095840867,8.00086298102885,-0.3513454378528791,-7.293181661503162,3.2710649759385424
2026-07-17T21:17:03.534+00:00,12.531942,1784323023490.131,360,0;2,2,0.2759988873042417,-0.26456845409589613,0.28762000630799706,0.49022360631331896,-0.5266457153221905,-0.4465386095840867,8.00086298102885,-0.3513454378528791,-7.293181661503162,3.2710649759385424
2026-07-17T21:17:03.566+00:00,12.564925,1784323023523.471,361,0;2,2,0.2810347450526705,-0.26605528251712574,0.29580319840900476,0.4935807034474519,-0.5297697617644369,-0.4379650812767172,8.653844296971625,-0.015635724439583276,-7.605586305727802,4.128417806675494
2026-07-17T21:17:03.599+00:00,12.598318,1784323023556.811,362,0;2,2,0.2754570338353475,-0.26492555007079677,0.28787152500081664,0.49014385607578836,-0.5344277487947282,-0.41251858780030604,10.478844993592281,-0.35932046160593867,-8.071385008756932,6.673067154316609
2026-07-17T21:17:03.634+00:00,12.632008,1784323023590.151,363,0;2,2,0.2780311065674784,-0.2685718822787347,0.29286948810877045,0.489830923115316,-0.5307107668650267,-0.44096765209136074,8.607704148431091,-0.3906137576531743,-7.699686815786783,3.8281607252111383
2026-07-17T21:17:03.668+00:00,12.66539,1784323023623.49,364,0;2,2,0.2780311065674784,-0.2685718822787347,0.29286948810877045,0.489830923115316,-0.5307107668650267,-0.44096765209136074,8.607704148431091,-0.3906137576531743,-7.699686815786783,3.8281607252111383
2026-07-17T21:17:03.699+00:00,12.698312,1784323023656.831,365,0;2,2,0.2780223719630178,-0.26387255944241444,0.2905567055768691,0.49222301533589274,-0.5268052258522851,-0.4435087775623271,8.137577326897794,-0.1514045355955007,-7.309132714512617,3.574048178114503
2026-07-17T21:17:03.732+00:00,12.730754,1784323023690.171,366,0;2,2,0.27830996689060017,-0.262317187698845,0.2882679591905669,0.4933203793508154,-0.5257729407062829,-0.4458476729682767,7.942509130968073,-0.04166813410323433,-7.2059041999124,3.3401586375195413
2026-07-17T21:17:03.766+00:00,12.764509,1784323023723.511,367,2,1,0.232944032264636,-0.19507839219339207,0.24783561986185498,0.4884857689982657,-0.44829606972926245,-0.49262222497524544,1.535464571631038,-0.5251291693582072,0.5417828977896444,-1.3372965631773315
2026-07-17T21:17:03.800+00:00,12.798296,1784323023756.852,368,2,1,0.24107888186460058,-0.1978633783562317,0.26055698846480646,0.49373706069184775,-0.4537138987071589,-0.4792492593434721,0.0,0.0,0.0,0.0
2026-07-17T21:17:03.833+00:00,12.83179,1784323023790.192,369,0;2,2,0.28157659852156475,-0.2656981865422251,0.2955516797161851,0.4942366047818645,-0.5297446473448713,-0.4381964836866578,8.640749198904917,0.04995440900167347,-7.603074863771236,4.1052775656814315
2026-07-17T21:17:03.866+00:00,12.864822,1784323023823.532,370,0;2,2,0.2774892530985842,-0.2689289782536354,0.29312100680159003,0.48917502178090344,-0.5307358812845925,-0.4407362496814201,8.62348532347146,-0.45620389109443105,-7.702198257743359,3.8513009662052013
2026-07-17T21:17:03.900+00:00,12.898598,1784323023856.872,371,2,1,0.22992345942995449,-0.19560391346357375,0.24469364164843024,0.4857110637547567,-0.44751603466179746,-0.4959335111383298,1.9524200457718879,-0.8025996937091051,0.6197864045361434,-1.6684251794857663
2026-07-17T21:17:03.932+00:00,12.931641,1784323023890.212,372,0;2,2,0.28157659852156475,-0.2656981865422251,0.2955516797161851,0.4942366047818645,-0.5297446473448713,-0.4381964836866578,8.640749198904917,0.04995440900167347,-7.603074863771236,4.1052775656814315
2026-07-17T21:17:03.966+00:00,12.965236,1784323023923.552,373,2,1,0.2339704287475068,-0.1942121241566104,0.2505670401861744,0.4897098817999042,-0.44783505572198656,-0.4898738470948105,1.2792999240127993,-0.4027178891943539,0.5878842985172328,-1.06245877513384
2026-07-17T21:17:03.999+00:00,12.998331,1784323023956.893,374,0;2,2,0.2744258041068854,-0.26106437824647866,0.2823662984271517,0.49076904566649326,-0.5232395271569469,-0.45205721111857844,7.471298154399705,-0.2968015025354487,-6.952562844978799,2.7192048224893686
2026-07-17T21:17:04.034+00:00,13.031815,1784323023990.233,375,0;2,2,0.2744258041068854,-0.26106437824647866,0.2823662984271517,0.49076904566649326,-0.5232395271569469,-0.45205721111857844,7.471298154399705,-0.2968015025354487,-6.952562844978799,2.7192048224893686
2026-07-17T21:17:04.068+00:00,13.065295,1784323024023.573,376,2,1,0.2339704287475068,-0.1942121241566104,0.2505670401861744,0.4897098817999042,-0.44783505572198656,-0.4898738470948105,1.2792999240127993,-0.4027178891943539,0.5878842985172328,-1.06245877513384
2026-07-17T21:17:04.099+00:00,13.09871,1784323024056.913,377,0;2,2,0.2770943560319022,-0.26689248495633355,0.2959070793175099,0.4897394889867096,-0.5285581852109028,-0.4380896546441317,8.550883498679065,-0.39975717051381476,-7.484428650374392,4.115960469934043
2026-07-17T21:17:04.133+00:00,13.132622,1784323024090.253,378,2,1,0.22576245297970798,-0.19232819975087492,0.23911570110918193,0.4839060577678028,-0.44306538399697093,-0.5019411194571772,2.69250812337796,-0.9831002924044929,1.0648514710187962,-2.269186011370511
2026-07-17T21:17:04.166+00:00,13.16522,1784323024123.593,379,2,1,0.23877789585822803,-0.20087462911299891,0.25667739094619596,0.49038686531711606,-0.4555019638778319,-0.48312126896699,0.5423416324427096,-0.33501953747316904,-0.1788065170672981,-0.3872009623517858
2026-07-17T21:17:04.199+00:00,13.198357,1784323024156.933,380,2,1,0.22576245297970798,-0.19232819975087492,0.23911570110918193,0.4839060577678028,-0.44306538399697093,-0.5019411194571772,2.69250812337796,-0.9831002924044929,1.0648514710187962,-2.269186011370511
2026-07-17T21:17:04.233+00:00,13.231373,1784323024190.273,381,0;2,2,0.27933853867241537,-0.2639565998602067,0.2923739684711921,0.4932619336756323,-0.5273821873136594,-0.4416036355252931,8.273110348926838,-0.04751270162154375,-7.366828860650049,3.764562381817904
2026-07-17T21:17:04.266+00:00,13.265187,1784323024223.614,382,0;2,2,0.2775438604505472,-0.26472721516729514,0.2907286953452405,0.4913794124041593,-0.5272995747031228,-0.4433272742199091,8.191946796976227,-0.2357648287688474,-7.358567599596394,3.592198512356304
2026-07-17T21:17:04.300+00:00,13.298523,1784323024256.954,383,0;2,2,0.2780223719630178,-0.26387255944241444,0.2905567055768691,0.49222301533589274,-0.5268052258522851,-0.4435087775623271,8.137577326897794,-0.1514045355955007,-7.309132714512617,3.574048178114503
2026-07-17T21:17:04.333+00:00,13.331872,1784323024290.294,384,0;2,2,0.2780223719630178,-0.26387255944241444,0.2905567055768691,0.49222301533589274,-0.5268052258522851,-0.4435087775623271,8.137577326897794,-0.1514045355955007,-7.309132714512617,3.574048178114503
2026-07-17T21:17:04.367+00:00,13.364992,1784323024323.634,385,2,1,0.2339704287475068,-0.1942121241566104,0.2505670401861744,0.4897098817999042,-0.44783505572198656,-0.4898738470948105,1.2792999240127993,-0.4027178891943539,0.5878842985172328,-1.06245877513384
2026-07-17T21:17:04.400+00:00,13.398466,1784323024356.974,386,0;2,2,0.2780223719630178,-0.26387255944241444,0.2905567055768691,0.49222301533589274,-0.5268052258522851,-0.4435087775623271,8.137577326897794,-0.1514045355955007,-7.309132714512617,3.574048178114503
2026-07-17T21:17:04.433+00:00,13.431753,1784323024390.315,387,0;2,2,0.2775438604505472,-0.26472721516729514,0.2907286953452405,0.4913794124041593,-0.5272995747031228,-0.4433272742199091,8.191946796976227,-0.2357648287688474,-7.358567599596394,3.592198512356304
2026-07-17T21:17:04.467+00:00,13.46518,1784323024423.654,388,0;2,2,0.2770690457346757,-0.2652754650953144,0.2917903146652916,0.4906591614425568,-0.5274607351613203,-0.44227450243186034,8.255423671416507,-0.3077899249290972,-7.374683645416141,3.6974756911611784
2026-07-17T21:17:04.500+00:00,13.498054,1784323024456.994,389,0;2,2,0.2770690457346757,-0.2652754650953144,0.2917903146652916,0.4906591614425568,-0.5274607351613203,-0.44227450243186034,8.255423671416507,-0.3077899249290972,-7.374683645416141,3.6974756911611784
2026-07-17T21:17:04.533+00:00,13.532143,1784323024490.333,390,0;2,2,0.28157659852156475,-0.2656981865422251,0.2955516797161851,0.4942366047818645,-0.5297446473448713,-0.4381964836866578,8.640749198904917,0.04995440900167347,-7.603074863771236,4.1052775656814315
2026-07-17T21:17:04.567+00:00,13.565313,1784323024523.672,391,2,1,0.23469317979025836,-0.1985976849853292,0.2521192819207645,0.48811970020451717,-0.4518769033972764,-0.4880573237345861,1.0607133869767238,-0.561736048733058,0.18369953098825165,-0.8808064391113979
2026-07-17T21:17:04.600+00:00,13.598202,1784323024557.011,392,2,1,0.2392591898469985,-0.20021263368721548,0.25630769562115396,0.4911447185865183,-0.45519158946854055,-0.4834898915773329,0.5185245348119574,-0.2592342105329437,-0.1477690761381656,-0.4240632233860786
2026-07-17T21:17:04.633+00:00,13.631794,1784323024590.351,393,2,1,0.23258493098386895,-0.19690780285251613,0.2524220827437652,0.4871108116767035,-0.44935321064437206,-0.48798506158517724,1.1799873609399882,-0.6626249015144248,0.4360688062786833,-0.8735802241705115
2026-07-17T21:17:04.667+00:00,13.665341,1784323024623.691,394,2,1,0.23745274121894105,-0.20363995075936747,0.2586233796761439,0.4878026959947527,-0.4571031062637665,-0.481134230281835,0.7089183849948241,-0.5934364697095074,-0.33892075566075985,-0.18849709383628732
2026-07-17T21:17:04.702+00:00,13.699756,1784323024657.03,395,2,1,0.2316397572261368,-0.19962832494793908,0.24856453794039854,0.46652248406121394,-0.47282827168735714,-0.4974199333548333,3.7896778618214104,-2.721457663063381,-1.9114372980198246,-1.8170674011361188
2026-07-17T21:17:04.733+00:00,13.731404,1784323024690.37,396,2,1,0.229089357742626,-0.19826303253490007,0.24611781966206045,0.48362427738235614,-0.4493059754477442,-0.4944380655547089,1.877226698745058,-1.0112783309491613,0.4407923259414692,-1.5188806211236805
2026-07-17T21:17:04.767+00:00,13.76523,1784323024723.709,397,2,1,0.23590048574574074,-0.20191469760314887,0.2592620399523718,0.4872827308183586,-0.4547950656993125,-0.48069098382248476,0.6701183899440547,-0.6454329873489151,-0.10811669921536038,-0.14417244790126404
2026-07-17T21:17:04.801+00:00,13.798285,1784323024757.049,398,2,1,0.23351994507225643,-0.19979169238945788,0.2507837259628344,0.4865575135855541,-0.45244238531387315,-0.4894084885176294,1.2504902253670085,-0.7179547106293649,0.12715133932857392,-1.0159229174157292
2026-07-17T21:17:04.835+00:00,13.832376,1784323024790.388,399,2,1,0.24161580035943786,-0.1977531657258411,0.2599194697249121,0.49428032245821396,-0.4539306525464313,-0.47985319879745547,0.08407487363727405,0.05432617663662098,-0.02167538392723878,-0.06039394539833487
2026-07-17T21:17:04.866+00:00,13.865454,1784323024823.728,400,2,1,0.2430250296242234,-0.1939132334226752,0.2568177390596589,0.49750818856762336,-0.4515271648244069,-0.483040025978713,0.5776947482216078,0.3771127875775604,0.2186733882751979,-0.3790766635240861
2026-07-17T21:17:04.901+00:00,13.898268,1784323024857.067,401,2,1,0.23448732514859785,-0.19410560437040247,0.24995548086159908,0.49023301441735767,-0.4480431951061547,-0.4904531081957865,1.303692635285313,-0.350404627449008,0.567070360100419,-1.1203848852314402
2026-07-17T21:17:04.933+00:00,13.932089,1784323024890.407,402,2,1,0.23857422354410726,-0.20299812786723287,0.2588359014674392,0.48908663380146183,-0.4570787705701866,-0.4808778395159629,0.5966666263136395,-0.4650426890385917,-0.33648718630276964,-0.162858017249079
2026-07-17T21:17:04.966+00:00,13.96507,1784323024923.745,403,2,1,0.2449246300613845,-0.202358663484828,0.26751090308493664,0.4946182342390444,-0.4589624373608483,-0.47183099328562833,0.912985739891419,0.08811735471966342,-0.5248538653689405,0.7418266057843792
2026-07-17T21:17:05.000+00:00,13.998368,1784323024957.085,404,2,1,0.22585536188020786,-0.1935071279159541,0.23983342718534098,0.48337998752836087,-0.4440789623411563,-0.5011603868230574,2.6080614845462855,-1.0357073163486885,0.96349363660026,-2.1911127479585293
2026-07-17T21:17:05.033+00:00,14.032124,1784323024990.424,405,0;2,2,0.284995537595274,-0.2686175141108114,0.302310755086906,0.4955313298775671,-0.533430754441107,-0.431080795447902,9.31568430340829,0.17942691857193438,-7.97168557339481,4.8168463895570115
2026-07-17T21:17:05.067+00:00,14.065134,1784323025023.763,406,2,1,0.24263648636259494,-0.19698225460559365,0.2589131001065208,0.4772588654744587,-0.475046723135281,-0.486704007534546,2.7967724009933055,-1.6478195217389024,-2.133282442812212,-0.745474819107389
2026-07-17T21:17:05.101+00:00,14.098893,1784323025057.103,407,2,1,0.23933466159734568,-0.1976015529909906,0.2554713158584023,0.4741267114508376,-0.47426408316429636,-0.490268911730916,3.0468157432258005,-1.9610349241010128,-2.0550184457137464,-1.1019652387443901
2026-07-17T21:17:05.135+00:00,14.132817,1784323025090.442,408,2,1,0.24407564317597508,-0.20499218012076348,0.2685807184272461,0.47436240796451123,-0.4816679762803874,-0.4763375971737327,3.413627686004518,-1.9374652727336517,-2.795407757322849,0.2911662169739426
2026-07-17T21:17:05.166+00:00,14.165407,1784323025123.782,409,2,1,0.2417134343440516,-0.1988694284848258,0.2594126477889558,0.493832035137686,-0.45498703007639363,-0.48029540735600956,0.16505481794930524,0.009497444583822512,-0.12731313692347368,-0.104614801253744
2026-07-17T21:17:05.200+00:00,14.198581,1784323025157.121,410,0;2,2,0.28452350326943054,-0.2672859909111238,0.30024144771362765,0.4958504034156578,-0.5322036759364199,-0.43324187708953665,9.100434368109601,0.211334272381003,-7.8489777229261035,4.600738225393547
2026-07-17T21:17:05.234+00:00,14.232251,1784323025190.461,411,2,1,0.2441446077713543,-0.20558497622055194,0.26835219671324484,0.474123414055455,-0.4822344981379943,-0.4765117247172115,3.472195014830569,-1.9613646636392756,-2.8520599430835403,0.27375346262606404
2026-07-17T21:17:05.266+00:00,14.26523,1784323025223.8,412,2,1,0.23265678730140102,-0.19938984863986867,0.24732872599284642,0.4861262934101189,-0.451938327368553,-0.4929303515582865,1.5755910522256964,-0.7610767281728825,0.1775571338605897,-1.3681092214814394
2026-07-17T21:17:05.300+00:00,14.298339,1784323025257.139,413,2,1,0.2549254056008397,-0.21153737516482013,0.28498203907107267,0.47411342333209366,-0.4736857590508551,-0.4825508710372972,2.81933146081131,-1.9623637359754087,-1.997186034369619,-0.33016116938250906
2026-07-17T21:17:05.334+00:00,14.33268,1784323025290.479,414,2,1,0.2317800998872499,-0.20267423197323173,0.25153403321608864,0.4835968537231404,-0.4540348044922261,-0.4886353449128538,1.3821193154242024,-1.0140206968707377,-0.03209057850672159,-0.9386085569381697
2026-07-17T21:17:05.367+00:00,14.365599,1784323025323.818,415,0;2,2,0.27725785123767516,-0.2712934977988373,0.29709804816208496,0.48766826525089013,-0.5323674557889828,-0.43667066154686357,8.9644572117074,-0.606879544095762,-7.865355708182392,4.257859779660855
2026-07-17T21:17:05.400+00:00,14.399448,1784323025357.157,416,2,1,0.23260927577880747,-0.20720345411810204,0.25701333050774267,0.48189116291698453,-0.4579492041578208,-0.48289146305135655,1.3096898648254216,-1.1845897774863223,-0.4235305450661919,-0.3642203707884428
2026-07-17T21:17:05.434+00:00,14.432691,1784323025390.496,417,2,1,0.22332349948728608,-0.20349166289582354,0.24465247442878274,0.4760843951802234,-0.45113481417113815,-0.49603069194727867,2.4492544925861317,-1.7652665511624366,0.2579084536020737,-1.6781432603806545
2026-07-17T21:17:05.466+00:00,14.465126,1784323025423.835,418,2,1,0.22272685099940231,-0.2030573077553905,0.24544853301364214,0.47575241213470654,-0.4504036546722448,-0.4953002426873636,2.4331859065851256,-1.7984648557141214,0.33102440349140894,-1.605098334389149
2026-07-17T21:17:05.500+00:00,14.498886,1784323025457.175,419,0;2,2,0.2670059148374414,-0.26178508161679553,0.2789162545397046,0.48408548245910543,-0.5204975253133696,-0.45596724713973935,7.138107478397392,-0.9651578232742319,-6.678362660621068,2.328201220373277
2026-07-17T21:17:05.533+00:00,14.532028,1784323025490.515,420,0;2,2,0.2667961839414465,-0.2591256991609598,0.27694078649362897,0.49175757267434733,-0.5186098083046865,-0.4275680621310008,8.298399605114385,-0.19794880175004193,-6.4895909597527615,5.168119721247133
2026-07-17T21:17:05.567+00:00,14.565405,1784323025523.854,421,2,1,0.2185183978988037,-0.18893163072574903,0.2335043133842191,0.4794824825228673,-0.4370019326963424,-0.5081994920679112,3.6340043774346777,-1.4254578168980458,1.6711966010816481,-2.895023272443903
2026-07-17T21:17:05.600+00:00,14.598613,1784323025557.194,422,2,1,0.21393626363468024,-0.18213022763088293,0.2255999391332455,0.4791325051914506,-0.42946384227952816,-0.516731131975232,4.697072550100675,-1.4604555500397132,2.4250056427630726,-3.748187263175989
2026-07-17T21:17:05.633+00:00,14.632153,1784323025590.533,423,2,1,0.21428061901359027,-0.1877011115702491,0.23428704161496758,0.4763794565682419,-0.4337966164975935,-0.5077719540623691,3.887838301106005,-1.7357604123605874,1.9917282209565401,-2.852269471889696
2026-07-17T21:17:05.667+00:00,14.665553,1784323025623.873,424,0;2,2,0.2572989891852517,-0.25440443513253547,0.2660740393185481,0.47973995308437367,-0.5103283859992557,-0.46979930483166477,5.907978362348177,-1.399710760747408,-5.6614487292096785,0.9449954511807357
2026-07-17T21:17:05.699+00:00,14.698535,1784323025657.213,425,0;2,2,0.2529980220538931,-0.2528784954633633,0.2616430137261301,0.48407835457564924,-0.5075745712406425,-0.4443815040598089,6.4884690090341595,-0.9658706116198512,-5.386067253348364,3.48677552836632
2026-07-17T21:17:05.734+00:00,14.732209,1784323025690.552,426,2,1,0.20930583643742154,-0.18305936733518563,0.22725058496271167,0.48382749510868694,-0.42824748149757413,-0.48529246585726493,2.798675116028918,-0.9909565583160806,2.5466417209584757,-0.6043206513792809
2026-07-17T21:17:05.766+00:00,14.764938,1784323025723.892,427,0;2,2,0.25572777502632754,-0.25442101437336617,0.2663982661764621,0.4853205609102094,-0.5098862816339341,-0.43932618406750906,6.942640716425416,-0.8416499781638331,-5.6172382926775235,3.992307527596306
2026-07-17T21:17:05.801+00:00,14.798977,1784323025757.231,428,2,1,0.2073548849415187,-0.1837626219147092,0.227911717662868,0.4817452777619494,-0.4278361442558406,-0.48480971562711384,2.9058212391040423,-1.1991782929898331,2.587775445131829,-0.5560456283641713
2026-07-17T21:17:05.833+00:00,14.831944,1784323025790.571,429,0;2,2,0.25253264511915535,-0.25149944683195746,0.26239239121541685,0.4771597230277951,-0.5057561187414616,-0.47394035669280216,5.487608985233089,-1.6577337664052672,-5.204222003430275,0.5308902650669967
2026-07-17T21:17:05.866+00:00,14.865415,1784323025823.909,430,0;2,2,0.2448524926529596,-0.24925605192463657,0.25609421236275665,0.47926369590453133,-0.500841603485846,-0.4508427075139969,5.6898427331644985,-1.4473364787316423,-4.712770477868716,2.840655182947521
2026-07-17T21:17:05.901+00:00,14.898927,1784323025857.249,431,2,1,0.2019153574241369,-0.18018686073194956,0.22500886353958183,0.46966515111165497,-0.4219328916062745,-0.5182418338216503,5.576656801005165,-2.4071909580192785,3.1781007100884384,-3.8992574478178224
2026-07-17T21:17:05.933+00:00,14.93202,1784323025890.589,432,0;2,2,0.246949476116774,-0.24668863513620776,0.25911114905777427,0.4821432641190434,-0.4994225360636387,-0.44771457545413074,5.6728581296895095,-1.159379657280435,-4.570863735647979,3.1534683889341384
2026-07-17T21:17:05.966+00:00,14.965288,1784323025923.928,433,0;2,2,0.24192115343525955,-0.24367584187569877,0.2535933033548821,0.4797095648541108,-0.49475989771687734,-0.45380920300272654,5.028659006935989,-1.4027495837736936,-4.104599900971845,2.5440056340745585
2026-07-17T21:17:06.001+00:00,14.999556,1784323025957.268,434,0;2,2,0.23646353015577892,-0.23896316352306407,0.24688074611615357,0.47784249977553106,-0.4885086962975315,-0.4611909346834669,4.230151410533264,-1.5894560916316691,-3.479479759037263,1.8058324660005232
2026-07-17T21:17:06.033+00:00,15.032356,1784323025990.607,435,0;2,2,0.2399874587221148,-0.24169825827656588,0.2555829436079804,0.4788904862139013,-0.49193367237758673,-0.4520915764470817,4.918039867110511,-1.4846574477946461,-3.8219773670427837,2.7157682896390423
2026-07-17T21:17:06.067+00:00,15.065567,1784323026023.947,436,0;2,2,0.23217739361286094,-0.23961298711195297,0.24697644552293438,0.4658733939798967,-0.48665712243480996,-0.49129324368184313,4.4796176967992345,-2.7863666711951063,-3.294322372765107,-1.2043984338371005
2026-07-17T21:17:06.101+00:00,15.098805,1784323026057.286,437,0;2,2,0.23301587955592357,-0.23707929597050365,0.24597918791096138,0.4758770477687665,-0.48524133883511184,-0.4624983873340427,3.9919309309037065,-1.7860012923081259,-3.1527440127952944,1.675087200942943
2026-07-17T21:17:06.134+00:00,15.13244,1784323026090.626,438,0;2,2,0.2286451109361099,-0.23761848114596737,0.24211080960717643,0.4721132379361984,-0.4838462482611289,-0.4667699382839004,3.9131594068198186,-2.1623822755649336,-3.0132349553969986,1.2479321059571724
2026-07-17T21:17:06.167+00:00,15.165366,1784323026123.965,439,0;2,2,0.23397576314647162,-0.2367217071842621,0.24879321026222165,0.4766832393412834,-0.48518565114059814,-0.45961482667577247,4.082664534432243,-1.7053821350564324,-3.147175243343925,1.9634432667699653
2026-07-17T21:17:06.200+00:00,15.199369,1784323026157.305,440,0;2,2,0.24009271816297878,-0.23512018754226005,0.25103198381962893,0.48260168049881724,-0.4866565355969009,-0.4568215017644789,4.13789599593177,-1.1135380193030509,-3.294263688974203,2.2427757578993237
2026-07-17T21:17:06.234+00:00,15.232474,1784323026190.644,441,0;2,2,0.2417472487915387,-0.23100281912486903,0.25135729402373824,0.4782860705600318,-0.4835297638393009,-0.48670477521995675,3.4399180609660895,-1.5450990131815945,-2.981586513214202,-0.7455515876484631
2026-07-17T21:17:06.267+00:00,15.265382,1784323026223.984,442,0;2,2,0.2417342313819652,-0.23107623566715557,0.25213437156251695,0.4727348372737212,-0.4991797565521531,-0.4598096057577323,5.372278613046508,-2.1002223418126578,-4.546585784499419,1.9439653585739847
2026-07-17T21:17:06.301+00:00,15.298754,1784323026257.323,443,0;2,2,0.23621262296274614,-0.22502831812946825,0.2451317393810233,0.4714748972010895,-0.49187412884359394,-0.4676289841437971,4.568192074629873,-2.226216349075827,-3.8160230136435045,1.1620275199675012
2026-07-17T21:17:06.335+00:00,15.332444,1784323026290.662,444,0;2,2,0.23561494868804223,-0.22443992161001525,0.2459711880428956,0.47638328045548584,-0.4752441559333862,-0.49282155193928945,3.0804428107431834,-1.7353780236361915,-2.153025722622731,-1.3572292595817326
2026-07-17T21:17:06.367+00:00,15.365645,1784323026324.001,445,0;2,2,0.2350382239369485,-0.22430927959751717,0.2467409393913504,0.47591966018437004,-0.4747885149164891,-0.4921006889701107,3.0442707709119357,-1.781740050747771,-2.1074616209330213,-1.28514296266386
2026-07-17T21:17:06.400+00:00,15.39895,1784323026357.341,446,0;2,2,0.2347886821353166,-0.22467897830266925,0.24853090394732644,0.483436430876194,-0.47519450233551597,-0.4601878104873482,3.0509967868425405,-1.0300629815653772,-2.1480603628357073,1.906144885612393
2026-07-17T21:17:06.434+00:00,15.432255,1784323026390.68,447,0;2,2,0.23100087936221186,-0.2238503733696512,0.2496466513003344,0.4805049255119691,-0.472511721532327,-0.45948931811067695,3.0313409935348954,-1.3232135179878646,-1.879782282516812,1.9759941232795175
2026-07-17T21:17:06.466+00:00,15.465615,1784323026424.02,448,0;2,2,0.2290911110777729,-0.22481281451854146,0.2472089354497738,0.47854956876118915,-0.47258981154659274,-0.4620751348791762,2.96969787652019,-1.5187491930658603,-1.887591283943385,1.7174124464295948
2026-07-17T21:17:06.501+00:00,15.4992,1784323026457.359,449,0;2,2,0.22942579977285787,-0.2229585068374359,0.24774978085016625,0.4797286293440544,-0.4711093546031784,-0.46156420374234863,2.84885806292807,-1.4008431347793338,-1.7395455896019485,1.768505560112349
2026-07-17T21:17:06.533+00:00,15.532341,1784323026490.699,450,0;2,2,0.2295267853152111,-0.22133991259767677,0.2517413672278024,0.4803417213756422,-0.46944421785905155,-0.45763810580838943,2.9898495165034658,-1.3395339316205568,-1.5730319151892658,2.1611153535082694
2026-07-17T21:17:06.567+00:00,15.565975,1784323026524.039,451,0;2,2,0.22416119309130741,-0.22195038483815854,0.24979405091177728,0.47554703687538913,-0.4674657458098622,-0.4600979728775381,2.9778549972752684,-1.8190023816458623,-1.375184710270333,1.9151286465934003
2026-07-17T21:17:06.601+00:00,15.600016,1784323026557.378,452,0;2,2,0.21892187427872312,-0.22363325304779702,0.2511161583759891,0.47009063459449685,-0.4662189884163856,-0.45925907757494044,3.3393683578668316,-2.3646426097350903,-1.2505089709226702,1.9990181768531678
2026-07-17T21:17:06.634+00:00,15.633187,1784323026590.718,453,0;2,2,0.21432801155404738,-0.22277126262452518,0.2508697677660874,0.45853590659162,-0.4629866830859694,-0.48948391741477776,3.781341039843449,-3.5201154100227727,-0.9272784378810517,-1.0234658071305636
2026-07-17T21:17:06.667+00:00,15.666288,1784323026624.058,454,0;2,2,0.21248329435114469,-0.22250756369290978,0.2535667224123293,0.45696868910616945,-0.4616449392558625,-0.48693644103671774,3.839150056500354,-3.6768371585678308,-0.7931040548703583,-0.7687181693245615
2026-07-17T21:17:06.700+00:00,15.699186,1784323026657.397,455,0;2,2,0.2108940187923659,-0.22339080593107863,0.25723821523955026,0.4550234712399476,-0.46134872536820515,-0.48334281361876763,3.9671019308801347,-3.8713589451900177,-0.7634826661046257,-0.4093554275295508
2026-07-17T21:17:06.733+00:00,15.731877,1784323026690.737,456,0;2,2,0.21002940310319512,-0.22115863218595622,0.2542631743564698,0.45547742442392514,-0.4592174549985991,-0.48647851789257446,3.9323670713408228,-3.8259636267922614,-0.5503556291440226,-0.7229258549102335
2026-07-17T21:17:06.768+00:00,15.765936,1784323026724.075,457,0;2,2,0.210444062359721,-0.21521090144230892,0.2548069149847601,0.45875378357125707,-0.45421396315525886,-0.48620715599376585,3.5672006788859885,-3.4983277120590683,-0.05000644480999683,-0.6957896650293727
2026-07-17T21:17:06.800+00:00,15.799011,1784323026757.415,458,0;2,2,0.20751251698458534,-0.21832447846828662,0.2573781704356554,0.4545798727276615,-0.4552820397406482,-0.4836897455277526,3.9439350313060597,-3.915718796418627,-0.15681410334892898,-0.4440486184280501
2026-07-17T21:17:06.833+00:00,15.832541,1784323026790.755,459,0;2,2,0.20636951455806143,-0.21726407837909992,0.25744558455836664,0.45410744057160846,-0.4537960723705947,-0.483754215623075,3.9884936686255017,-3.9629620120239295,-0.0082173663435825,-0.4504956279602901
2026-07-17T21:17:06.867+00:00,15.865765,1784323026824.094,460,0;2,2,0.2043014686705781,-0.2151221356239157,0.25839357291950926,0.4533340397076552,-0.45084954535426486,-0.4830590579878873,4.068320526323274,-4.040302098419257,0.28643533528940335,-0.3809798644415163
2026-07-17T21:17:06.901+00:00,15.899471,1784323026857.434,461,0;2,2,0.2016617422154282,-0.2143720014628652,0.2570510093704494,0.4514569780016628,-0.44900897677910534,-0.4846154257377746,4.287816955525619,-4.228008269018496,0.47049219280535515,-0.5366166394302485
2026-07-17T21:17:06.935+00:00,15.933858,1784323026890.773,462,0;2,2,0.20310797265495192,-0.21278118171711266,0.25995134987572494,0.45339759526178536,-0.4481114186437106,-0.48170636076127027,4.08007058936715,-4.033946543006239,0.5602480063448267,-0.24571014177981465
2026-07-17T21:17:06.967+00:00,15.965116,1784323026924.113,463,0;2,2,0.19918011818072429,-0.2135108668667493,0.25631042956974004,0.44975107477749837,-0.4471028312998595,-0.48556672626084946,4.492642382132542,-4.398598591434938,0.6611067407299387,-0.6317466917377335
2026-07-17T21:17:07.001+00:00,15.998869,1784323026957.453,464,0;2,2,0.20021093622557018,-0.21290859313686045,0.26076680540506914,0.45863653125496523,-0.44690442126345786,-0.45191036792654343,4.500923387164401,-3.510052943688252,0.6809477443701029,2.733889141692869
2026-07-17T21:17:07.035+00:00,16.032948,1784323026990.792,465,0;2,2,0.20127658761977396,-0.2105484690027437,0.2593696507766978,0.45292806701067523,-0.4453205646400923,-0.4825236906858932,4.17916728864446,-4.080899368117253,0.8393334067066605,-0.3274431342421058
2026-07-17T21:17:07.067+00:00,16.066388,1784323027024.132,466,0;2,2,0.19671420146365817,-0.2114064468731106,0.2596692906458928,0.44852920908477967,-0.44380712732886024,-0.4824948121900261,4.639426235374736,-4.520785160706808,0.9906771378298651,-0.32455528465539785
2026-07-17T21:17:07.100+00:00,16.099209,1784323027057.471,467,0;2,2,0.19568183692185642,-0.20885493302698174,0.25820687634549205,0.4489421479914856,-0.44119916280077176,-0.4841509092643953,4.676782003244293,-4.479491270036218,1.251473590638713,-0.4901649920923179
2026-07-17T21:17:07.133+00:00,16.132252,1784323027090.811,468,0;2,2,0.19477410417164281,-0.20804643579363893,0.2590615394701339,0.4485223906639523,-0.43998618153654806,-0.4834021931517195,4.743483386355893,-4.521467002789548,1.3727717170610831,-0.4152933808247383
2026-07-17T21:17:07.167+00:00,16.165653,1784323027124.15,469,0;2,2,0.19138492982969602,-0.20837573967243078,0.255651016893358,0.45366016059297065,-0.4390125034082746,-0.4580397895247074,4.766687062586051,-4.00769000988771,1.4701395298884312,2.1209469818764703
2026-07-17T21:17:07.201+00:00,16.199142,1784323027157.489,470,0;2,2,0.19508290399599937,-0.21331385177904238,0.2650805392798913,0.4459813450851834,-0.4442447978143249,-0.4771191475550412,4.873201843813252,-4.775571560666436,0.9469100892833981,0.21301117884309217
2026-07-17T21:17:07.234+00:00,16.23242,1784323027190.828,471,0;2,2,0.19391160339851127,-0.21004598548809006,0.2622627649935344,0.44667435239622966,-0.4410517808288531,-0.48017121742832336,4.874502793098773,-4.706270829561809,1.266211787830579,-0.09219580848512376
2026-07-17T21:17:07.268+00:00,16.266391,1784323027224.168,472,0;2,2,0.18896271612519522,-0.20547164457956757,0.2555666461692389,0.44486448794143363,-0.4351741670218243,-0.48741222108052157,5.29044796073948,-4.887257275041412,1.853973168533457,-0.8162961737049446
2026-07-17T21:17:07.302+00:00,16.29934,1784323027257.508,473,0;2,2,0.1902492117135684,-0.21019741499942152,0.26165600559269075,0.4434379498255443,-0.4394360059527386,-0.48101925673845686,5.231626579015046,-5.029911086630346,1.4277892754420318,-0.17699973949847347
2026-07-17T21:17:07.333+00:00,16.332594,1784323027290.847,474,0;2,2,0.18814538822971072,-0.20922035755283214,0.26081180024927425,0.44212120185573,-0.43762232612937835,-0.4820537312182511,5.413871677378805,-5.1615858836117745,1.6091572577780544,-0.2804471874779002
2026-07-17T21:17:07.367+00:00,16.365998,1784323027324.187,475,0;2,2,0.184944752008804,-0.21070937468497847,0.26157058079410633,0.438578371317049,-0.4372883989180862,-0.48144230947724964,5.759416225413495,-5.515868937479873,1.6425499789072706,-0.21930501337775188
2026-07-17T21:17:07.401+00:00,16.398764,1784323027357.526,476,0;2,2,0.18401085863908812,-0.20889217326203185,0.2617832306493279,0.43865605051840817,-0.43523648134966697,-0.481385758327191,5.813688383321668,-5.508101017343958,1.847741735749192,-0.21364989837188708
2026-07-17T21:17:07.434+00:00,16.432457,1784323027390.865,477,0;2,2,0.18376767122640175,-0.21243666643389736,0.26472974905104585,0.43659275929611846,-0.43796673223905125,-0.4782884849992796,5.928210118678909,-5.714430139572929,1.5747166468107643,0.09607743441925054
2026-07-17T21:17:07.467+00:00,16.46513,1784323027424.206,478,0;2,2,0.18637448623314246,-0.20872430402574454,0.2624214306244307,0.44077075530904314,-0.43619925224473843,-0.480596258140898,5.580328621477737,-5.2966305382804615,1.7514646462420458,-0.13469987974258912
2026-07-17T21:17:07.501+00:00,16.498971,1784323027457.546,479,0;2,2,0.18756562378480918,-0.2094301759619383,0.26652108044747475,0.4401945414977847,-0.4473117873439976,-0.4474412446407574,6.2606215273573635,-5.354251919406305,0.6402111363161267,3.1808014702714713
2026-07-17T21:17:07.533+00:00,16.53194,1784323027490.886,480,0;2,2,0.18739451185436765,-0.2073485598787383,0.2631111620180545,0.4423120212694753,-0.4354509539423025,-0.47990821561960095,5.457567273475068,-5.142503942237248,1.8262944764856404,-0.06589562761288303
2026-07-17T21:17:07.568+00:00,16.565893,1784323027524.226,481,0;2,2,0.18409783227800589,-0.21039571683096203,0.2689157513421079,0.4377406725182664,-0.43603189935873937,-0.47419754210769877,5.893868370157342,-5.599638817358132,1.768199934841952,0.5051717235773356
2026-07-17T21:17:07.602+00:00,16.59941,1784323027557.567,482,0;2,2,0.18252462898303617,-0.20787482540205918,0.2666425665734056,0.43769678258078193,-0.4332483876209333,-0.4766970155072696,5.971485462919137,-5.604027811106582,2.046551108622557,0.25522438362025057
2026-07-17T21:17:07.633+00:00,16.632263,1784323027590.906,483,0;2,2,0.17997811822117976,-0.20111251797539886,0.2619425731782767,0.4389847284808769,-0.42649321378409477,-0.48189434929486613,6.120277829537001,-5.475233221097087,2.722068492306412,-0.26450899513940085
2026-07-17T21:17:07.668+00:00,16.665934,1784323027624.246,484,0;2,2,0.17822695227649693,-0.2066631288097595,0.26876680813105003,0.4344855759899322,-0.4299261081704441,-0.47493597962328427,6.3993763758233,-5.925148470191555,2.3787790536714812,0.4313279720187857
2026-07-17T21:17:07.701+00:00,16.69916,1784323027657.586,485,0;2,2,0.17597166108513929,-0.2016848491755085,0.264462253074481,0.43513245566559233,-0.42483206254217276,-0.4796297037877358,6.533609208178642,-5.860460502625542,2.8881836164986128,-0.03804444442636612
2026-07-17T21:17:07.734+00:00,16.732521,1784323027690.927,486,0;2,2,0.16963123856212892,-0.20069870052029729,0.2638780606275044,0.43012922927094166,-0.42091473728245593,-0.48069601340929596,7.1580963290256925,-6.360783142090609,3.279916142470296,-0.1446754065823841
2026-07-17T21:17:07.768+00:00,16.766078,1784323027724.267,487,0;2,2,0.1646200651010372,-0.20462079257294663,0.2642060839719344,0.42287823613590925,-0.4320637887906956,-0.45219857049750534,7.887610565871977,-7.08588245559385,2.1650109916463265,2.7050688845966784
2026-07-17T21:17:07.801+00:00,16.799381,1784323027757.607,488,0;2,2,0.16571986073319622,-0.199535482572944,0.26251095510320055,0.42735171570906977,-0.41809437421345497,-0.48238477052650564,7.540289108528232,-6.6385344982777985,3.5619524493703922,-0.31355111830335125
2026-07-17T21:17:07.834+00:00,16.832657,1784323027790.947,489,0;2,2,0.16668048237901223,-0.20222804130043953,0.2682239635662583,0.4266584231333116,-0.42046025766157363,-0.4764912933643619,7.491965453630989,-6.707863755853616,3.325364104558526,0.27579659791102107
2026-07-17T21:17:07.867+00:00,16.865885,1784323027824.287,490,0;2,2,0.16789600937053173,-0.19903188705960692,0.26497321534714985,0.4294054720863385,-0.4185324215126297,-0.479807532441214,7.332531144802132,-6.433158860550925,3.5181477194529185,-0.05582730977418682
2026-07-17T21:17:07.901+00:00,16.899394,1784323027857.628,491,0;2,2,0.16672351081178038,-0.19427609133866253,0.2645120868913506,0.4307493950203001,-0.4138641953202558,-0.4805863267829893,7.454684859947225,-6.298766567154768,3.984970338690308,-0.133706743951717
2026-07-17T21:17:07.933+00:00,16.932704,1784323027890.968,492,0;2,2,0.1699808667627688,-0.1985259164697679,0.26682557346309266,0.43140235626059076,-0.41897094592453726,-0.477844367367098,7.137690008716354,-6.233470443125699,3.474295278262163,0.1404891976374112
2026-07-17T21:17:07.967+00:00,16.965747,1784323027924.308,493,0;2,2,0.16707407327935186,-0.19694886517123086,0.2632460291379177,0.4288841895242626,-0.4267449597342926,-0.45339895078993003,7.4842882228805925,-6.485287116758514,2.6968938972866283,2.585030855354209
2026-07-17T21:17:08.001+00:00,16.99966,1784323027957.648,494,0;2,2,0.1648606352846787,-0.196371110993095,0.26134257408626016,0.4282072799658591,-0.41501629421486785,-0.4837668209569477,7.623690129044782,-6.552978072598864,3.869760449229104,-0.45175616134755514
2026-07-17T21:17:08.033+00:00,17.03238,1784323027990.989,495,0;2,2,0.1637484358533546,-0.192879209237648,0.2577954494865014,0.40443757890398757,-0.41368622181534054,-0.5133048928246029,10.3616593925574,-8.929948178786018,4.002767689181836,-3.405563348113078
2026-07-17T21:17:08.067+00:00,17.06533,1784323028024.329,496,0;2,2,0.1660741695994632,-0.19404519672235604,0.25947087987349876,0.4296622365511462,-0.42412370876095795,-0.4574246850033921,7.3874721487392145,-6.407482414070154,2.959018994620094,2.1824574340080005
2026-07-17T21:17:08.101+00:00,17.098994,1784323028057.668,497,0;2,2,0.1699149805625706,-0.1921336314500376,0.26107727327103925,0.4347001384764862,-0.41383361932951995,-0.48389755758180786,7.139608913948788,-5.903692221536155,3.988027937763894,-0.4648298238335735
2026-07-17T21:17:08.134+00:00,17.132095,1784323028091.008,498,0;2,2,0.17314562586833424,-0.18836869268367204,0.26085782594105644,0.43937329868089037,-0.4121642352578775,-0.48408389239361316,6.859421863001342,-5.436376201095738,4.15496634492814,-0.4834633050141035
2026-07-17T21:17:08.168+00:00,17.166032,1784323028124.348,499,0;2,2,0.17097731297015512,-0.19381629132334774,0.26360483002269197,0.4347048016088968,-0.4156192824140952,-0.4812217729996976,7.0284409459540855,-5.903225908295095,3.809461629306371,-0.1972513656225472
2026-07-17T21:17:08.201+00:00,17.199264,1784323028157.688,500,0;2,2,0.17250156057170252,-0.19577603817753128,0.26444778189022744,0.4350329838452586,-0.418002396714349,-0.48017890724326046,6.871931503013026,-5.870407684658913,3.5711501992809866,-0.09296478997883328
2026-07-17T21:17:08.235+00:00,17.232736,1784323028191.029,501,0;2,2,0.17073800772151673,-0.20047515298011354,0.26934998000341104,0.43883246244516,-0.4208605311118748,-0.44676940699780154,7.175513556100087,-5.4904598246687755,3.2853367595284064,3.247985234567058
2026-07-17T21:17:08.268+00:00,17.266608,1784323028224.369,502,0;2,2,0.17211587841102205,-0.19469732441665089,0.2609307296396029,0.4353528975852885,-0.41714933671712146,-0.4837638723031562,6.903665276758681,-5.838416310655925,3.6564561990037436,-0.45146129596840834
2026-07-17T21:17:08.302+00:00,17.299384,1784323028257.709,503,0;2,2,0.17119394028533624,-0.19713711922957244,0.26297201299250195,0.4332764581507745,-0.41865797875760813,-0.481670596202866,6.993042867969284,-6.046060254107327,3.5055919949550765,-0.24213368593938855
2026-07-17T21:17:08.334+00:00,17.332407,1784323028291.049,504,0;2,2,0.16973552197744113,-0.1962394526802943,0.26279594278672314,0.4324581067928942,-0.41717765539019375,-0.48199111717691,7.139695407400332,-6.127895389895355,3.6536243316965145,-0.27418578334378885
2026-07-17T21:17:08.367+00:00,17.36591,1784323028324.389,505,0;2,2,0.1692719453084114,-0.197550954692619,0.263409338378203,0.43138663601668786,-0.41804180050077816,-0.4813458276204809,7.186424455985478,-6.235042467515989,3.567209820638073,-0.209656827700877
2026-07-17T21:17:08.400+00:00,17.399013,1784323028357.729,506,0;2,2,0.17161528849828056,-0.1960869578313184,0.2619285744134511,0.4341972824366734,-0.41803339764115477,-0.48273413671015986,6.949983972109078,-5.953977825517437,3.5680501066004124,-0.3484877366687733
2026-07-17T21:17:08.434+00:00,17.432429,1784323028391.07,507,0;2,2,0.17107206543295012,-0.1989316089067911,0.2673076297277447,0.43213365652328406,-0.41982045918583977,-0.4772688621297548,7.033965183923523,-6.16034041685637,3.389343952131912,0.19803972137173442
2026-07-17T21:17:08.467+00:00,17.46587,1784323028424.411,508,0;2,2,0.1701208568772045,-0.19826103997489347,0.26429350841840105,0.43174312719295327,-0.4190057587765195,-0.48037098039983966,7.105744877378087,-6.199393349889448,3.470813993063937,-0.11217210563675417
2026-07-17T21:17:08.500+00:00,17.499068,1784323028457.753,509,0;2,2,0.16962136805331132,-0.20152922434102094,0.26747397413242113,0.4374751813274392,-0.42136672042383694,-0.4487133486014557,7.1722945124643855,-5.626187936440857,3.2347178283321956,3.0535910742016448
2026-07-17T21:17:08.534+00:00,17.532455,1784323028491.094,510,0;2,2,0.17097241893675488,-0.1969560092387836,0.2641390954765855,0.4322058552549854,-0.42858551482784907,-0.45214451421979945,7.177877212044363,-6.153120543686236,2.5128383879309824,2.710474512367267
2026-07-17T21:17:08.567+00:00,17.565548,1784323028524.435,511,0;2,2,0.1716270593084544,-0.19876580164052943,0.26603892330075873,0.43274209793078905,-0.42004670940851524,-0.47850325920510806,6.967367963370445,-6.09949627610587,3.366718929864365,0.07460001383640669
2026-07-17T21:17:08.600+00:00,17.599445,1784323028557.777,512,0;2,2,0.17327956306322295,-0.19549028775137234,0.2633387124097383,0.4358888484057658,-0.41822138399013853,-0.48124498262639465,6.789784368487344,-5.784821228608195,3.5492514717020365,-0.19957232829225235
2026-07-17T21:17:08.635+00:00,17.632953,1784323028591.119,513,0;2,2,0.1709494717234485,-0.19570818231856144,0.264995355218719,0.4336984817578211,-0.4171406398223164,-0.47974313207392955,7.030276051584991,-6.003857893402664,3.6573258884842472,-0.04938727304574231
2026-07-17T21:17:08.668+00:00,17.666218,1784323028624.46,514,0;2,2,0.17491952676765415,-0.19700436107978606,0.2658815713544804,0.4355061562049649,-0.43040011502509906,-0.450038935895912,6.9192584449819705,-5.8230904486882835,2.331378368205983,2.921032344756014
2026-07-17T21:17:08.702+00:00,17.699935,1784323028657.802,515,0;2,2,0.1744025061231796,-0.19463972732151177,0.2641089046351638,0.43725758929181946,-0.4179732967441875,-0.4804433272577378,6.684868821813969,-5.647947140002829,3.5740601962971406,-0.1194067914265684
2026-07-17T21:17:08.735+00:00,17.732873,1784323028691.144,516,0;2,2,0.1757909425614393,-0.19905844580626175,0.2674351825339443,0.436167632370862,-0.42223258865232133,-0.47681188404570257,6.566013066021201,-5.756942832098577,3.1481310054837564,0.24373752977695506
2026-07-17T21:17:08.769+00:00,17.766333,1784323028724.485,517,0;2,2,0.17431274896603566,-0.1986809199951196,0.2689663342735815,0.44284196905791046,-0.4211115160226477,-0.44684747307619815,6.857916201328429,-5.089509163393729,3.260238268451121,3.240178626727397
2026-07-17T21:17:08.801+00:00,17.799291,1784323028757.827,518,0;2,2,0.17511007056856365,-0.20205007165281708,0.2717450258661763,0.433949184148577,-0.4241626930940766,-0.4724140043572843,6.704166350461668,-5.978787654327072,2.9551205613082274,0.6835254986187811
2026-07-17T21:17:08.834+00:00,17.833158,1784323028791.169,519,0;2,2,0.17530466333130817,-0.20192025696029348,0.272982508644463,0.4341391516403035,-0.42404940825325477,-0.4711741814984892,6.706041782906252,-5.959790905154428,2.966449045390412,0.8075077844982903
2026-07-17T21:17:08.869+00:00,17.866802,1784323028824.511,520,0;2,2,0.17515413118097478,-0.20090506862283092,0.27262868729195944,0.4345216388541975,-0.42312157564031333,-0.47158804984937064,6.708986916777846,-5.921542183765027,3.059232306684556,0.7661209494101484
2026-07-17T21:17:08.901+00:00,17.899406,1784323028857.853,521,0;2,2,0.17361199302693947,-0.20419855415937044,0.27344598620319066,0.43039654753349277,-0.4352065029064754,-0.44219821110090657,7.567908880503133,-6.334051315835499,1.8507395800683502,3.7051048242565554
2026-07-17T21:17:08.935+00:00,17.932773,1784323028891.194,522,0;2,2,0.1746927987401215,-0.20278333577799015,0.26993947575036914,0.43328774795863456,-0.42473488987785263,-0.47420478527186866,6.722610416576213,-6.044931273321319,2.8979008829306263,0.5044474071603466
2026-07-17T21:17:08.968+00:00,17.966555,1784323028924.536,523,0;2,2,0.1746927987401215,-0.20278333577799015,0.26993947575036914,0.43328774795863456,-0.42473488987785263,-0.47420478527186866,6.722610416576213,-6.044931273321319,2.8979008829306263,0.5044474071603466
2026-07-17T21:17:09.000+00:00,17.999575,1784323028957.877,524,0;2,2,0.17376263263755098,-0.2077002819786538,0.2783475900093631,0.42975948900591626,-0.4278970449102671,-0.4656438204533199,7.031889921061232,-6.397757168593149,2.5816853796891803,1.36054388901522
2026-07-17T21:17:09.035+00:00,18.032771,1784323028991.219,525,0;2,2,0.17617372280040203,-0.20663814784550666,0.27636451729567896,0.43124410811277103,-0.4382842244449393,-0.43890561763683766,7.596744958231933,-6.249295257907672,1.5429674262219584,4.034364170663446
2026-07-17T21:17:09.067+00:00,18.066635,1784323029024.561,526,0;2,2,0.1739024432064048,-0.20518793595281312,0.27486999688025526,0.43008103644497353,-0.4360609695608293,-0.4406944213755927,7.648654039171472,-6.365602424687422,1.76529291463296,3.8554837967879396
2026-07-17T21:17:09.102+00:00,18.100817,1784323029057.902,527,0;2,2,0.17303596079747577,-0.20526653112964313,0.2742739675391772,0.4293227290861954,-0.4357612042677547,-0.4413632492016595,7.685606754383865,-6.441433160565236,1.795269443940417,3.788601014181264
2026-07-17T21:17:09.134+00:00,18.132619,1784323029091.244,528,0;2,2,0.17624204876759278,-0.2034089047168769,0.2740875202156636,0.4341806314197568,-0.4257156350342829,-0.4699341081482766,6.646535246372211,-5.955642927209093,2.7998263672876,0.9315151195195548
2026-07-17T21:17:09.167+00:00,18.165933,1784323029124.586,529,0;2,2,0.17581120779035364,-0.2009784075415721,0.26980712439146254,0.43515500350347813,-0.4237258328353116,-0.47435066960829325,6.599346710507986,-5.858205718836961,2.9988065871847267,0.4898589735178871
2026-07-17T21:17:09.201+00:00,18.199329,1784323029157.928,530,0;2,2,0.17650787333074797,-0.20329542409004797,0.27191481722899113,0.43454350614948845,-0.425915707100823,-0.4720864259496363,6.578694808371702,-5.91935545423593,2.77981916063359,0.7162833393835832
2026-07-17T21:17:09.234+00:00,18.232933,1784323029191.27,531,0;2,2,0.17655363431799465,-0.20440262185403052,0.2743168845396852,0.44152629266505417,-0.42674809223966514,-0.44111285611845585,7.005358140260219,-5.221076802679359,2.696580646749375,3.8136403225016267
2026-07-17T21:17:09.268+00:00,18.265998,1784323029224.612,532,0;2,2,0.17608951639950418,-0.20358199950154138,0.27469746229295333,0.43394135965991126,-0.42574393887456774,-0.46932813357537206,6.675532376855012,-5.979570103193649,2.796995983259115,0.9921125768100059
2026-07-17T21:17:09.301+00:00,18.299698,1784323029257.954,533,0;2,2,0.1751234150829451,-0.20483584553366616,0.27329229785489473,0.43253208798135423,-0.4264682530876476,-0.4707314478597945,6.7534635574553326,-6.120497271049352,2.724564561951132,0.851781148367764
2026-07-17T21:17:09.334+00:00,18.332902,1784323029291.296,534,0;2,2,0.1772492676153048,-0.20638110193011588,0.2777637223479514,0.43346095656347583,-0.4285050061543381,-0.46605282162769507,6.665465445878765,-6.027610412837192,2.520889255282077,1.3196437715777054
2026-07-17T21:17:09.368+00:00,18.366745,1784323029324.638,535,0;2,2,0.17406241327812094,-0.20239809157591448,0.27108514279464097,0.4328900047408434,-0.42400275241651914,-0.4731258381125144,6.798979864200361,-6.084705595100437,2.9711146290639756,0.6123421230957715
2026-07-17T21:17:09.402+00:00,18.400048,1784323029357.979,536,0;2,2,0.17364328318425598,-0.2024618040378524,0.26966772832753394,0.43254380036006557,-0.4239625779861632,-0.47456365646920257,6.820345349740127,-6.119326033178218,2.9751320720995675,0.46856028742695566
2026-07-17T21:17:09.435+00:00,18.432866,1784323029391.321,537,0;2,2,0.17596799515305273,-0.20419760571095324,0.27290212314754003,0.4335946535709462,-0.42635807480195775,-0.4710943762019729,6.65729100676856,-6.0142407120901575,2.735582390520114,0.8154883141499203
2026-07-17T21:17:09.472+00:00,18.469293,1784323029424.663,538,0;2,2,0.17443187049548078,-0.20211074738932056,0.2713337605157741,0.43334420080268415,-0.42391498530402055,-0.4728672284459084,6.76461608960726,-6.03928598891636,2.979891340313834,0.6382030897563729
2026-07-17T21:17:09.502+00:00,18.499869,1784323029458.006,539,0;2,2,0.1747706935011868,-0.20059277840915163,0.26901771009945213,0.44227545257711287,-0.4229879428092703,-0.44668735793171344,6.8210401693162845,-5.146160811473488,3.0725955897888566,3.2561901411758685
2026-07-17T21:17:09.534+00:00,18.532591,1784323029491.348,540,0;2,2,0.17721478526505285,-0.19738677845976746,0.2678185836878906,0.4382165641180916,-0.42144891384420957,-0.4764162469681412,6.427737352382714,-5.552049657375613,3.2264984862949317,0.2833012375330901
2026-07-17T21:17:09.569+00:00,18.566754,1784323029524.691,541,0;2,2,0.18216202410701232,-0.19795257088025392,0.27092013276850435,0.4498374298432185,-0.424218958084579,-0.44413338511454337,6.348427942284119,-4.3899630848629245,2.9494940622579904,3.511587422892876
2026-07-17T21:17:09.601+00:00,18.600115,1784323029558.033,542,0;2,2,0.1814943835309011,-0.2001914319560127,0.27177920724285254,0.4480786148038053,-0.42575629428366457,-0.44327349042563685,6.450253696748193,-4.5658445888042465,2.795760442349432,3.597576891783527
2026-07-17T21:17:09.634+00:00,18.63291,1784323029591.376,543,0;2,2,0.18107636837176166,-0.19889062289626422,0.266947266486312,0.440860868343976,-0.42471412137101394,-0.47694411135682324,6.035058003031514,-5.2876192347871775,2.899977733614495,0.2305147986648881
2026-07-17T21:17:09.668+00:00,18.666062,1784323029624.719,544,0;2,2,0.18469126139776518,-0.20150177718138432,0.2730202722524543,0.44250191539289374,-0.42828180667381854,-0.47051405976378474,5.786307225419502,-5.123514529895401,2.543209203334035,0.873519957968738
2026-07-17T21:17:09.701+00:00,18.700091,1784323029658.062,545,0;2,2,0.18289940520138048,-0.19891345362865695,0.2666485655314359,0.4424443713707662,-0.4256502389203114,-0.47711560154014393,5.850693526448483,-5.129268932108156,2.8063659786847497,0.21336578033281928
2026-07-17T21:17:09.736+00:00,18.733264,1784323029691.404,546,0;2,2,0.18611289360597227,-0.1989475045007165,0.27299657664528976,0.45259839791789636,-0.4268742033581819,-0.4416358644023174,6.18670049400654,-4.1138662773951395,2.683969534897701,3.7613394941154734
2026-07-17T21:17:09.768+00:00,18.766391,1784323029724.747,547,0;2,2,0.18774667320914884,-0.19635209485830235,0.26873751224192244,0.4556118245372237,-0.4257761812607529,-0.4457902144211782,5.790990739997044,-3.8125236154624043,2.7937717446405994,3.34590449222939
2026-07-17T21:17:09.802+00:00,18.800192,1784323029758.09,548,0;2,2,0.18388138745447524,-0.2016370255532096,0.2746766292413071,0.4416735115553675,-0.42787410907418233,-0.4689124243028119,5.903522707351094,-5.206354913648026,2.583978963297656,1.0336835040660242
2026-07-17T21:17:09.834+00:00,18.83306,1784323029791.432,549,0;2,2,0.17801296674840827,-0.1990605850637675,0.2686803154513015,0.4458636232436339,-0.4232970534462238,-0.4467445356190475,6.537283497858181,-4.787343744821388,3.0416845260935075,3.2504723724424647
2026-07-17T21:17:09.869+00:00,18.867027,1784323029824.774,550,0;2,2,0.1729333007924328,-0.1976365055878343,0.26399782113071424,0.4345058354377158,-0.4198642577615987,-0.48050416296612614,6.823277086819216,-5.923122525413193,3.38496409455602,-0.12549036226540133
2026-07-17T21:17:09.901+00:00,18.89995,1784323029858.117,551,0;2,2,0.1699728147904349,-0.19725089535037785,0.2620454420969869,0.44030919782384226,-0.41826987428492035,-0.45421557254373024,6.882950582907169,-5.34278628680055,3.544402442223854,2.503368679974188
2026-07-17T21:17:09.935+00:00,18.93328,1784323029891.459,552,0;2,2,0.16914608920822863,-0.19911725805238922,0.26575603455558783,0.43042241623276334,-0.4191583262043978,-0.47893755448747083,7.213133129154835,-6.331464445908441,3.455557250276109,0.03117048560012936
2026-07-17T21:17:09.967+00:00,18.966385,1784323029924.802,553,0;2,2,0.1772089034561583,-0.20401588385733008,0.2747211907082733,0.4346992478113028,-0.4266672602854007,-0.4692059485649395,6.571036517194036,-5.9037812880544935,2.70466384217582,1.00433107785326
2026-07-17T21:17:10.002+00:00,19.000009,1784323029958.145,554,0;2,2,0.18147731958655527,-0.19764670430458864,0.2718390564359981,0.4416523570627112,-0.4234513484870092,-0.4721050355666804,6.066035139475328,-5.208470362913653,3.0262550220149675,0.7144223776791747
2026-07-17T21:17:10.034+00:00,19.033091,1784323029991.488,555,0;2,2,0.18059706678938303,-0.20153670258733908,0.2755098460464882,0.43883963310745316,-0.42611336646389336,-0.46831242798963313,6.241098633700403,-5.4897427584394585,2.760053224326553,1.0936831353838994
2026-07-17T21:17:10.068+00:00,19.066313,1784323030024.831,556,0;2,2,0.18564372587166555,-0.2029360198873562,0.2809026360613368,0.44234672403426334,-0.42938296251135166,-0.46252286014214283,5.926831858747585,-5.139033665758442,2.433093619580723,1.672639920132929
2026-07-17T21:17:10.102+00:00,19.099799,1784323030058.173,557,0;2,2,0.18805181224715728,-0.20167391964183834,0.2801006428841951,0.445090309949012,-0.42952898659753974,-0.4632202720522742,5.664225247257544,-4.864675074283575,2.418491210961915,1.602898729119795
2026-07-17T21:17:10.134+00:00,19.133328,1784323030091.516,558,0;2,2,0.18739957683231884,-0.2111860008670035,0.2915625752445651,0.4394294484600548,-0.43658067246772736,-0.45136660733222894,6.340588672095375,-5.430761223179298,1.7133226239431532,2.788265201124318
2026-07-17T21:17:10.168+00:00,19.16634,1784323030124.859,559,0;2,2,0.18890133284636934,-0.2074936712008565,0.2832257504421631,0.44284766689103894,-0.43475638011507156,-0.45975582406833215,5.76984569239872,-5.088939380080881,1.895751859208733,1.949343527513997
2026-07-17T21:17:10.201+00:00,19.199586,1784323030158.202,560,0;2,2,0.18983294668279024,-0.21293775054054914,0.29341203619841594,0.4406152160805203,-0.43915057786810635,-0.4492689984670857,6.271233316491574,-5.3121844611327464,1.456332083905254,2.998026087638644
2026-07-17T21:17:10.236+00:00,19.233535,1784323030191.545,561,0;2,2,0.19137378452955403,-0.211734230275743,0.29007689472828796,0.4426646399752209,-0.43911889292621714,-0.4525469046109332,5.945100587764856,-5.107242071662688,1.459500578094175,2.67023547325389
2026-07-17T21:17:10.268+00:00,19.266042,1784323030224.888,562,0;2,2,0.18791735461329157,-0.2156967849756523,0.2956751476079305,0.4375099478922342,-0.4404324171718701,-0.44700677948545914,6.616240226100514,-5.622711279961356,1.3281481535288797,3.2242479858012985
2026-07-17T21:17:10.300+00:00,19.299661,1784323030258.229,563,0;2,2,0.18979778864557872,-0.20904149770787012,0.2874646582536941,0.44271495765233393,-0.43621107593085773,-0.4553930282133894,5.898070504364373,-5.102210303951383,1.7502822776301163,2.385623113008273
2026-07-17T21:17:10.334+00:00,19.333013,1784323030291.572,564,0;2,2,0.19127210596321537,-0.2119252426485413,0.29190447652373885,0.4424182095714513,-0.43909330703566285,-0.45072331011248223,6.050715627651866,-5.131885112039647,1.4620591671496042,2.852594923098989
2026-07-17T21:17:10.368+00:00,19.366515,1784323030324.915,565,0;2,2,0.1925444673331707,-0.20938892627593508,0.289821926022702,0.44484826060280247,-0.43767573182452774,-0.45283852955567916,5.783480110647546,-4.888880008904528,1.6038166882631155,2.641072978779296
2026-07-17T21:17:10.402+00:00,19.399602,1784323030358.258,566,0;2,2,0.19345580265461523,-0.21066219324595076,0.2895321772184828,0.4214623286510198,-0.4417516730923256,-0.4797121794732194,7.325944327034012,-7.227473204082796,1.1962225614833288,-0.04629201297473018
2026-07-17T21:17:10.434+00:00,19.433045,1784323030391.601,567,0;2,2,0.18995267983356096,-0.21215153599193604,0.2905750821514549,0.4176949821578464,-0.44120477186790563,-0.4786702286755664,7.706627821924536,-7.604207853400135,1.250912683925326,0.05790306679057111
2026-07-17T21:17:10.468+00:00,19.466972,1784323030424.941,568,0;2,2,0.19159703675533996,-0.21286755919129358,0.29247777901785743,0.4422155829127313,-0.4400262967172944,-0.4500824599526766,6.076607036397735,-5.152147777911647,1.3687601989864517,2.916679939079553
2026-07-17T21:17:10.500+00:00,19.49961,1784323030458.281,569,0;2,2,0.1853642467257625,-0.21805726151521107,0.2917154554223758,0.43426457030340654,-0.44153809229596674,-0.4510085763830293,6.695344314401093,-5.947249038844121,1.2175806411192147,2.82406829604428
2026-07-17T21:17:10.534+00:00,19.533,1784323030491.62,570,0;2,2,0.1858662751963553,-0.21542074054787352,0.28755505279817994,0.43614714345025163,-0.4398171304308689,-0.4552519752562875,6.391860746277122,-5.758991724159612,1.3896768276289995,2.39972840871846
2026-07-17T21:17:10.568+00:00,19.566331,1784323030524.96,571,0;2,2,0.19000662185961145,-0.21524784934300722,0.29598818291668805,0.4162338952247461,-0.44352889083733726,-0.47307063744096595,7.841333057167894,-7.750316546710168,1.0185007869821627,0.6178621902506176
2026-07-17T21:17:10.601+00:00,19.599782,1784323030558.3,572,0;2,2,0.19271641054778532,-0.21471739122256073,0.29715675262448105,0.4421122117852378,-0.44181833750135235,-0.44525073412427224,6.2948622845237585,-5.162484890660996,1.1895561205806537,3.399852521919988
2026-07-17T21:17:10.635+00:00,19.632685,1784323030591.64,573,0;2,2,0.19235175627988121,-0.21770517697727562,0.2983931569646643,0.4402777779633313,-0.44413820869220966,-0.4438936849893925,6.4804362407300244,-5.345928272851647,0.9575690014949234,3.53555743540796
2026-07-17T21:17:10.668+00:00,19.666015,1784323030624.979,574,0;2,2,0.1919891441734013,-0.21166639486585187,0.2918613036819905,0.44317060226765415,-0.4392231838277111,-0.4507301740269815,5.983548915628936,-5.0566458424193605,1.4490714879447808,2.851908531649061
2026-07-17T21:17:10.703+00:00,19.700261,1784323030658.319,575,0;2,2,0.1859838811754625,-0.21582831604929975,0.29043130210454043,0.4344199361565526,-0.44964750470779624,-0.4234342630833187,8.154980460316692,-5.931712453529514,0.40663939993626497,5.58149962601534
2026-07-17T21:17:10.735+00:00,19.73376,1784323030691.659,576,0;2,2,0.18857647275064826,-0.21641880751663228,0.29358304492335896,0.43779951813907003,-0.4415444061083981,-0.4490098462813134,6.474200583314488,-5.593754255277772,1.2169492598760767,3.0239413062158715
2026-07-17T21:17:10.769+00:00,19.766947,1784323030724.998,577,0;2,2,0.18914690743141716,-0.21195742960472255,0.28877185161607405,0.440664759172137,-0.4383228406947916,-0.45398867945247373,6.075895614449496,-5.307230151971076,1.5391058012367287,2.526057989099839
2026-07-17T21:17:10.802+00:00,19.800108,1784323030758.337,578,0;2,2,0.18621336740630734,-0.21503632370289433,0.2902883989277238,0.43502154130198695,-0.44909107103919216,-0.4236039390871823,8.102644271652247,-5.87155193898608,0.46228276679667335,5.564532025628982
2026-07-17T21:17:10.836+00:00,19.833362,1784323030791.677,579,0;2,2,0.18939978014275544,-0.2142623833067839,0.29359969998365487,0.4395785580921329,-0.44007401570715127,-0.44904515547387064,6.349391862739998,-5.415850259971483,1.3639883000007624,3.0204103869601484
2026-07-17T21:17:10.868+00:00,19.86613,1784323030825.017,580,0;2,2,0.19007563347723866,-0.21590762734470886,0.29414146727133383,0.43773038706725553,-0.4513619055600052,-0.4193580151478604,8.203194800536096,-5.600667362459221,0.23519931471536748,5.98912441956117
2026-07-17T21:17:10.901+00:00,19.899875,1784323030858.357,581,0;2,2,0.19127064622753037,-0.21472355476599775,0.29598111040535413,0.4408937509358272,-0.44120648579173277,-0.4465209300659573,6.340342499506741,-5.284330975602053,1.250741291542612,3.2728329277514847
2026-07-17T21:17:10.934+00:00,19.9332,1784323030891.697,582,0;2,2,0.1891367940137021,-0.20903391687061074,0.2878629562377622,0.4421303441039223,-0.43584979131325874,-0.4550418685906024,5.973589621851653,-5.160671658792543,1.7864107393900153,2.4207390752869706
2026-07-17T21:17:10.969+00:00,19.967263,1784323030925.036,583,0;2,2,0.1901205811447427,-0.21142559710418055,0.2915897963291775,0.4416750003975466,-0.4381196868072692,-0.4511409013924366,6.118592447262402,-5.206206029430116,1.5594211899889687,2.81083579510355
2026-07-17T21:17:11.001+00:00,20.000125,1784323030958.376,584,0;2,2,0.18977454332125598,-0.21613819023044673,0.2940029255971911,0.4389645354652532,-0.44185516346135756,-0.4485234478530729,6.391192856635993,-5.4772525226594535,1.1858735245801333,3.0725811490399213
2026-07-17T21:17:11.035+00:00,20.033339,1784323030991.716,585,0;2,2,0.18933275463695967,-0.21372728175629774,0.2907148232869937,0.438351392578454,-0.44945721123359406,-0.42296829997452573,7.907741781383354,-5.538566811339374,0.4256687473564835,5.628095936894639
2026-07-17T21:17:11.069+00:00,20.066608,1784323031025.055,586,0;2,2,0.19079058153470935,-0.21670320416043154,0.29368354539656943,0.4395798783852559,-0.44286830338345745,-0.4487436266301461,6.309691720326171,-5.415718230659183,1.084559532370144,3.050563271332601
2026-07-17T21:17:11.101+00:00,20.099765,1784323031058.395,587,0;2,2,0.18718141755588552,-0.21605371769804615,0.2939110003243192,0.4367558299717108,-0.44051851016371535,-0.4487970627361635,6.594175620503369,-5.698123072013694,1.3195388543443543,3.0452196607308633
2026-07-17T21:17:11.135+00:00,20.133425,1784323031091.735,588,0;2,2,0.19010145944850546,-0.2180239581854997,0.29604844535107555,0.43659823760588473,-0.4530105171232773,-0.4173291223178536,8.425819377706183,-5.713882308596302,0.07033815838816126,6.192013702561855
2026-07-17T21:17:11.167+00:00,20.16672,1784323031125.074,589,0;2,2,0.19043930829240316,-0.21623026834478398,0.29147867495378454,0.43958495446035384,-0.4424564183643611,-0.45098836265258935,6.211167164670607,-5.415210623149392,1.1257480342797777,2.8260896690882777
2026-07-17T21:17:11.202+00:00,20.199514,1784323031158.413,590,0;2,2,0.1899324973336468,-0.2156403116086753,0.2921806221186931,0.44852492513841075,-0.4511988645996654,-0.43388527344216127,6.409644151369519,-4.5212135553437,0.25150341074934857,4.5363985901310855
2026-07-17T21:17:11.235+00:00,20.233766,1784323031191.753,591,0;2,2,0.18892452318508512,-0.2162537896713703,0.29256822741363697,0.41476181124660905,-0.4440877911888868,-0.4764469591505839,7.9609075219236605,-7.89752494452387,0.9626107518272087,0.2802300192888241
2026-07-17T21:17:11.267+00:00,20.26696,1784323031225.092,592,0;2,2,0.19043930829240316,-0.21623026834478398,0.29147867495378454,0.43958495446035384,-0.4424564183643611,-0.45098836265258935,6.211167164670607,-5.415210623149392,1.1257480342797777,2.8260896690882777
2026-07-17T21:17:11.302+00:00,20.30019,1784323031258.432,593,0;2,2,0.18976660391274283,-0.21372165444885652,0.28925310478683147,0.4229490443762347,-0.45973490571847253,-0.4582094564580983,7.40936507724189,-7.078801631561305,-0.6021007011313639,2.1039802885373824
2026-07-17T21:17:11.335+00:00,20.333742,1784323031291.772,594,0;2,2,0.19069869578306547,-0.2176023620069496,0.29654770954904935,0.4389563250447291,-0.4433820776424517,-0.4458509494343681,6.498555708261014,-5.478073564711866,1.0331821064707203,3.3398309909104027
2026-07-17T21:17:11.368+00:00,20.366547,1784323031325.111,595,0;2,2,0.18824154800134335,-0.21192077031032044,0.287726883600016,0.4399325152456248,-0.4379284345734984,-0.45509377691407904,6.105405244524288,-5.3804545446222924,1.5785464133660498,2.415548242939308
2026-07-17T21:17:11.402+00:00,20.399896,1784323031358.451,596,0;2,2,0.1898872464968902,-0.21096130861029017,0.2871494010450012,0.44185635634529746,-0.43794633531195104,-0.4556045521877463,5.915484524023448,-5.188070434655029,1.576756339520785,2.3644707155725806
2026-07-17T21:17:11.434+00:00,20.433292,1784323031391.791,597,0;2,2,0.1923421735579488,-0.21183782473650534,0.2908145786522907,0.44189287072442907,-0.44930063152036054,-0.42270369358847204,7.684203255506003,-5.184418996741869,0.4413267186798353,5.654556575500008
2026-07-17T21:17:11.468+00:00,20.466325,1784323031425.131,598,0;2,2,0.19150978177866573,-0.21440451757080323,0.2942346252575214,0.4413199845550574,-0.44118196427207446,-0.44826073020167584,6.216822492067222,-5.241707613679036,1.2531934435084435,3.0988529141796284
2026-07-17T21:17:11.502+00:00,20.499779,1784323031458.471,599,0;2,2,0.19338462036767753,-0.21443827239206054,0.29702100086007466,0.44283540461881876,-0.44191386504908636,-0.4453542079835828,6.228237224125387,-5.0901656073028985,1.1800033658072528,3.389505135988935
2026-07-17T21:17:11.536+00:00,20.533417,1784323031491.811,600,0;2,2,0.19503934312067472,-0.2164635734966398,0.2965187334335486,0.44329159656176087,-0.44452207282286194,-0.4456394546159161,6.130948938142906,-5.044546413008688,0.9191825884296956,3.3609804727556036
2026-07-17T21:17:11.568+00:00,20.566426,1784323031525.151,601,0;2,2,0.1929153336966864,-0.21479174065439738,0.2948322684333037,0.4423295570611546,-0.44216049124031975,-0.44754943307414896,6.149058171085888,-5.140750363069313,1.1553407466839138,3.169982626932316
2026-07-17T21:17:11.602+00:00,20.599902,1784323031558.49,602,0;2,2,0.19428576347521911,-0.21286193752994695,0.29301255019315836,0.4445363686221896,-0.4412972380457933,-0.44936557431501306,5.888901589424784,-4.920069206965816,1.2416660661365597,2.988368502845906
2026-07-17T21:17:11.635+00:00,20.633607,1784323031591.83,603,0;2,2,0.19584528735723114,-0.21644040764581374,0.2983822631555804,0.4348497575133793,-0.4312518920600177,-0.46622912729832183,6.435666287745371,-5.888730317846846,2.246200664714121,1.302013204515029
2026-07-17T21:17:11.669+00:00,20.666731,1784323031625.17,604,0;2,2,0.19751700192235322,-0.21727655657770514,0.2998764675868082,0.45388018065142477,-0.4555733205090309,-0.42542280224213697,6.700235682478504,-3.985688004042298,-0.18594218018719855,5.382645710133516
2026-07-17T21:17:11.700+00:00,20.699282,1784323031658.51,605,0;2,2,0.19869236352842462,-0.21454917219403347,0.30043384010905627,0.44727430699570025,-0.4443460576966266,-0.44158426201849366,6.0540861818429,-4.64627536961475,0.9367841010532285,3.766499732497847
2026-07-17T21:17:11.735+00:00,20.733192,1784323031691.85,606,0;2,2,0.19955217781868984,-0.21458670045887118,0.3006326691094858,0.4479960822274406,-0.4447844772078158,-0.44132532032066846,6.008491349914404,-4.574097846440717,0.8929421499343115,3.7923939022803665
2026-07-17T21:17:11.769+00:00,20.766728,1784323031725.189,607,0;2,2,0.19928348158041037,-0.2154392373513353,0.3007792301822354,0.42996466739463246,-0.47293441199491276,-0.41557836150084443,9.214298405188408,-6.3772393297215295,-1.922051328775387,6.367089784262769
2026-07-17T21:17:11.801+00:00,20.799537,1784323031758.53,608,0;2,2,0.19988575449995155,-0.2119091668355907,0.29617886504105767,0.43253457143269636,-0.4625728859451421,-0.4508806083673857,6.803680404459267,-6.120248925915139,-0.8858987237983229,2.836865097608643
2026-07-17T21:17:11.834+00:00,20.83332,1784323031791.869,609,0;2,2,0.19988575449995155,-0.2119091668355907,0.29617886504105767,0.44976274146502737,-0.4429681127015652,-0.4458746681315868,5.6241230488857274,-4.397431922682038,1.0745786005593672,3.3374591211885294
2026-07-17T21:17:11.869+00:00,20.866847,1784323031825.209,610,0;2,2,0.20015445073823102,-0.21105662994312657,0.29603230396830804,0.4271130064632173,-0.4450085500089187,-0.47302325525232247,6.747822481927376,-6.662405422863044,0.870534869824019,0.6226004091149651
2026-07-17T21:17:11.901+00:00,20.900408,1784323031858.549,611,0;2,2,0.20015445073823102,-0.21105662994312657,0.29603230396830804,0.45042206758450076,-0.4423708400047042,-0.4460451127363358,5.574377956799354,-4.331499310734699,1.1343058702454667,3.320414660713633
2026-07-17T21:17:11.935+00:00,20.933931,1784323031891.889,612,0;2,2,0.19912227645500077,-0.21311813268983626,0.2984241979404792,0.44842425707194866,-0.44346982731669565,-0.4436290593131309,5.854049727111966,-4.531280361989909,1.0244071390463239,3.562020003034122
2026-07-17T21:17:11.967+00:00,20.965836,1784323031925.229,613,0;2,2,0.19912227645500077,-0.21311813268983626,0.2984241979404792,0.44842425707194866,-0.44346982731669565,-0.4436290593131309,5.854049727111966,-4.531280361989909,1.0244071390463239,3.562020003034122
2026-07-17T21:17:12.001+00:00,21.000098,1784323031958.569,614,0;2,2,0.19666929693870078,-0.21493159319104552,0.29904560234247685,0.44367121658726694,-0.4532794051989807,-0.41392576689719635,8.230392576233218,-5.006584410458082,0.0434493508178202,6.532349244627578
2026-07-17T21:17:12.035+00:00,21.033212,1784323031991.909,615,0;2,2,0.19674141544064466,-0.21260474037306906,0.29681907194137436,0.44666451069209334,-0.4419819965859468,-0.4454173972870115,5.91443774256561,-4.707254999975441,1.1731902121212112,3.3831862056460604
2026-07-17T21:17:12.069+00:00,21.066874,1784323032025.249,616,0;2,2,0.19674141544064466,-0.21260474037306906,0.29681907194137436,0.44666451069209334,-0.4419819965859468,-0.4454173972870115,5.91443774256561,-4.707254999975441,1.1731902121212112,3.3831862056460604
2026-07-17T21:17:12.102+00:00,21.099899,1784323032058.588,617,0;2,2,0.19879619986384872,-0.2153495496805713,0.30066883819646395,0.44696138747734937,-0.4450736978357274,-0.44130278127385797,6.084859795965667,-4.677567321449838,0.8640200871431469,3.7946478069614153
2026-07-17T21:17:12.134+00:00,21.13362,1784323032091.928,618,0;2,2,0.19843014567311298,-0.2154119773735762,0.300563206339165,0.4466161443530381,-0.4449567529341562,-0.44142998996773475,6.105215389167941,-4.712091633880966,0.8757145773002684,3.781926937573737
2026-07-17T21:17:12.169+00:00,21.166565,1784323032125.268,619,0;2,2,0.19869236352842462,-0.21454917219403347,0.30043384010905627,0.44727430699570025,-0.4443460576966266,-0.44158426201849366,6.0540861818429,-4.64627536961475,0.9367841010532285,3.766499732497847
2026-07-17T21:17:12.202+00:00,21.199884,1784323032158.608,620,0;2,2,0.19817008223287524,-0.21255340990849497,0.29574288482862704,0.4570057977391942,-0.452200337866112,-0.4297442187553658,6.16621892908984,-3.673126295265355,0.15135608410468682,4.950504058810634
2026-07-17T21:17:12.236+00:00,21.233713,1784323032191.948,621,0;2,2,0.19887191151836447,-0.2141151251346371,0.299661128506256,0.4305143932145379,-0.4636037666737455,-0.4472922308315385,7.152738526365653,-6.322266747730987,-0.9889867966586585,3.1957028511933605
2026-07-17T21:17:12.269+00:00,21.26661,1784323032225.288,622,0;2,2,0.20025578586804144,-0.21629659425195585,0.30189035369710615,0.4477198870917936,-0.4465164511272597,-0.43993803729904285,6.094879569301873,-4.601717360005414,0.7197447579899208,3.9311222044429273
2026-07-17T21:17:12.303+00:00,21.300305,1784323032258.628,623,0;2,2,0.19817008223287524,-0.21255340990849497,0.29574288482862704,0.4463246626006134,-0.4522989043884368,-0.41721421601732606,7.809151235672492,-4.741239809123438,0.1414994318722107,6.203504332614607
2026-07-17T21:17:12.337+00:00,21.33434,1784323032291.968,624,0;2,2,0.197049004082835,-0.2137101024508793,0.2974980729877781,0.44636266551146514,-0.4430398736637627,-0.44466422792222965,5.961872631768006,-4.737439518038261,1.0674025043396207,3.4585031421242474
2026-07-17T21:17:12.369+00:00,21.366792,1784323032325.307,625,0;2,2,0.197049004082835,-0.2137101024508793,0.2974980729877781,0.44636266551146514,-0.4430398736637627,-0.44466422792222965,5.961872631768006,-4.737439518038261,1.0674025043396207,3.4585031421242474
2026-07-17T21:17:12.402+00:00,21.400129,1784323032358.647,626,0;2,2,0.197049004082835,-0.2137101024508793,0.2974980729877781,0.44636266551146514,-0.4430398736637627,-0.44466422792222965,5.961872631768006,-4.737439518038261,1.0674025043396207,3.4585031421242474
2026-07-17T21:17:12.435+00:00,21.434169,1784323032391.987,627,0;2,2,0.19709047233734323,-0.21014352847053452,0.2919074149396058,0.4483538621597184,-0.4403965333725812,-0.45041101093518565,5.539522993651453,-4.538319853212935,1.3317365334577669,2.8838248408286473
2026-07-17T21:17:12.468+00:00,21.46664,1784323032425.328,628,0;2,2,0.19709047233734323,-0.21014352847053452,0.2919074149396058,0.4483538621597184,-0.4403965333725812,-0.45041101093518565,5.539522993651453,-4.538319853212935,1.3317365334577669,2.8838248408286473
2026-07-17T21:17:12.502+00:00,21.499998,1784323032458.667,629,0;2,2,0.19817008223287524,-0.21255340990849497,0.29574288482862704,0.447969020547602,-0.4427207605154207,-0.44639432318739924,5.7402172570100225,-4.576804014424574,1.0993138191738194,3.2854936156072876
2026-07-17T21:17:12.534+00:00,21.533178,1784323032492.006,630,0;2,2,0.19799999227202514,-0.21254413255750793,0.2968206398212099,0.4477881506222413,-0.44254585239059435,-0.44533259548877296,5.819250537780932,-4.594891006960644,1.116804631656454,3.391666385469916
2026-07-17T21:17:12.568+00:00,21.566427,1784323032525.346,631,0;2,2,0.19943131950546233,-0.21386623582843495,0.29777844915973645,0.44834622138706093,-0.444320866421825,-0.4442136961869896,5.810376953346643,-4.539083930478682,0.9393032285333891,3.503556315648254
2026-07-17T21:17:12.600+00:00,21.599878,1784323032558.686,632,0;2,2,0.19932055520320968,-0.2147761199958811,0.29756618918563926,0.4478083777352465,-0.44507311609440875,-0.444387065335707,5.830505649876221,-4.592868295660124,0.8640782612750142,3.4862194007765135
2026-07-17T21:17:12.635+00:00,21.633808,1784323032592.025,633,0;2,2,0.19945834005985624,-0.21752849847689235,0.30361090964324744,0.4463588851660688,-0.44706211005586044,-0.43821648256798645,6.3028775795821215,-4.737817552577894,0.6651788651298451,4.103277677548567
2026-07-17T21:17:12.669+00:00,21.667149,1784323032625.365,634,0;2,2,0.19775613435850792,-0.21815747041053465,0.30257844652563065,0.4446052287528134,-0.4468543203154727,-0.43933030600116135,6.367506231911195,-4.9131831939034365,0.6859578391686216,3.991895334231077
2026-07-17T21:17:12.703+00:00,21.70089,1784323032658.705,635,0;2,2,0.19685368139490128,-0.21419734521672298,0.30043208760749596,0.44412767918378004,-0.4525964226269069,-0.4125764575146498,8.311198463584155,-4.96093815080677,0.11174760802519779,6.667280182882235
2026-07-17T21:17:12.735+00:00,21.733148,1784323032692.044,636,0;2,2,0.19685368139490128,-0.21419734521672298,0.30043208760749596,0.44585004411829754,-0.44313988669896365,-0.4417297407516897,6.174698666027386,-4.788701657355022,1.0574012008195244,3.7519518591782433
2026-07-17T21:17:12.767+00:00,21.766038,1784323032725.384,637,0;2,2,0.19775343793102004,-0.21276951942810235,0.2981039798825418,0.44741785254006683,-0.4425213131866754,-0.4440594783868011,5.92373505334247,-4.631920815178092,1.1192585520483467,3.5189780956671024
2026-07-17T21:17:12.802+00:00,21.79961,1784323032758.724,638,0;2,2,0.1989015932427355,-0.21322690258552904,0.29836071300341205,0.4464880916721635,-0.45297789583338266,-0.4145023925251855,8.015711781518988,-4.724896901968423,0.07360028737762314,6.474686681828662
2026-07-17T21:17:12.835+00:00,21.833538,1784323032792.063,639,0;2,2,0.19916937100743726,-0.21239398364248036,0.2982278566974092,0.43165455021348115,-0.46242130201371423,-0.44884364876595717,6.96746591970926,-6.208251047836661,-0.8707403306555339,3.0405610577514954
2026-07-17T21:17:12.869+00:00,21.867138,1784323032825.403,640,0;2,2,0.19720040093944347,-0.21154929650273696,0.295382591998673,0.43476036683864683,-0.4544360325253365,-0.45614808188327444,6.33437944486521,-5.897669385320093,-0.07221338181775949,2.3101177460197686
2026-07-17T21:17:12.901+00:00,21.899813,1784323032858.743,641,0;2,2,0.1981052148515697,-0.21309582417645329,0.29820197759206046,0.4303817542410468,-0.46249059047265945,-0.4488731056718321,7.080703274184421,-6.3355306450800954,-0.8776691765500555,3.037615367164004
2026-07-17T21:17:12.935+00:00,21.933351,1784323032892.083,642,0;2,2,0.19718773438982715,-0.21494003278776191,0.29787119213730634,0.45485849354979796,-0.45358209967745905,-0.4275830877857891,6.4660294133502365,-3.887856714204979,0.01317990296998417,5.166617155768305
2026-07-17T21:17:12.969+00:00,21.96713,1784323032925.421,643,0;2,2,0.2014542519615054,-0.2150563336530551,0.3036138075304298,0.44931328266985093,-0.4458931077197561,-0.43820097254086154,6.098851264660961,-4.442377802199681,0.7820790987402793,4.104828680261058
2026-07-17T21:17:13.002+00:00,22.000363,1784323032958.761,644,0;2,2,0.1978661082534755,-0.2147255607177361,0.3000310065259241,0.4464832596240449,-0.4441256361996282,-0.4420334212395194,6.090874402783582,-4.725380106780285,0.9588262507530698,3.7215838103952734
2026-07-17T21:17:13.034+00:00,22.03383,1784323032992.101,645,0;2,2,0.20189044819721402,-0.2183971149522232,0.30626834357877203,0.44795113923684104,-0.4488019447073812,-0.43535828347517075,6.361521561899943,-4.578592145500671,0.4911953999777674,4.389097586830138
2026-07-17T21:17:13.069+00:00,22.066669,1784323033025.44,646,0;2,2,0.19926085511324546,-0.21739749247183515,0.3021463287628874,0.4527980085817056,-0.46439425687908575,-0.39424079558480435,9.495533133514048,-4.093905211014215,-1.0680358171926863,8.500846375866777
2026-07-17T21:17:13.101+00:00,22.100232,1784323033058.78,647,0;2,2,0.19761000962160732,-0.2165508911098002,0.29921503213553013,0.4281961153548537,-0.46510398250665597,-0.44760734108963757,7.366519202044312,-6.554094533699406,-1.1390083799497075,3.1641918253834556
2026-07-17T21:17:13.134+00:00,22.133193,1784323033092.119,648,0;2,2,0.19877922288841213,-0.2153064356473514,0.3009125712491234,0.44695939884564606,-0.44500905554154446,-0.44106326038194893,6.10089703160526,-4.677766184620169,0.8704843165614429,3.8185998961523193
2026-07-17T21:17:13.168+00:00,22.167136,1784323033125.459,649,0;2,2,0.19847208709938505,-0.21421331174915328,0.30024113124979934,0.4472553345299212,-0.443961440971925,-0.441808250117918,6.047718967261852,-4.648172616192653,0.9752457735233866,3.7441009225554103
2026-07-17T21:17:13.200+00:00,22.19993,1784323033158.799,650,0;2,2,0.19847208709938505,-0.21421331174915328,0.30024113124979934,0.4472553345299212,-0.443961440971925,-0.441808250117918,6.047718967261852,-4.648172616192653,0.9752457735233866,3.7441009225554103
2026-07-17T21:17:13.234+00:00,22.233845,1784323033192.138,651,0;2,2,0.19847208709938505,-0.21421331174915328,0.30024113124979934,0.4472553345299212,-0.443961440971925,-0.441808250117918,6.047718967261852,-4.648172616192653,0.9752457735233866,3.7441009225554103
2026-07-17T21:17:13.268+00:00,22.266547,1784323033225.478,652,0;2,2,0.19847208709938505,-0.21421331174915328,0.30024113124979934,0.4472553345299212,-0.443961440971925,-0.441808250117918,6.047718967261852,-4.648172616192653,0.9752457735233866,3.7441009225554103
2026-07-17T21:17:13.301+00:00,22.300098,1784323033258.818,653,0;2,2,0.1972994312673857,-0.2154566958045248,0.29854924479062234,0.4456817263466091,-0.44459769518336645,-0.4435119353189035,6.057703074727989,-4.805533434523868,0.9116203523792443,3.573732402456864
2026-07-17T21:17:13.335+00:00,22.333241,1784323033292.157,654,0;2,2,0.1972994312673857,-0.2154566958045248,0.29854924479062234,0.4456817263466091,-0.44459769518336645,-0.4435119353189035,6.057703074727989,-4.805533434523868,0.9116203523792443,3.573732402456864
2026-07-17T21:17:13.369+00:00,22.366975,1784323033325.497,655,0;2,2,0.1972994312673857,-0.2154566958045248,0.29854924479062234,0.4456817263466091,-0.44459769518336645,-0.4435119353189035,6.057703074727989,-4.805533434523868,0.9116203523792443,3.573732402456864
2026-07-17T21:17:13.401+00:00,22.400462,1784323033358.836,656,0;2,2,0.2016224677814935,-0.21820734419290294,0.3081799472904523,0.4248967552733192,-0.4510748466041204,-0.4604081332598238,7.142086724633615,-6.884030541852853,0.2639052103038497,1.8841126083648296
2026-07-17T21:17:13.435+00:00,22.434088,1784323033392.175,657,0;2,2,0.20245396378705427,-0.2176748335863855,0.3077533200482363,0.4487454438409405,-0.44833577557815296,-0.43387633818429366,6.412387831195656,-4.499161685090725,0.537812312900593,4.537292115917846
2026-07-17T21:17:13.469+00:00,22.466895,1784323033425.515,658,0;2,2,0.19893189042199816,-0.21811247668119613,0.30600622375115016,0.432822380318881,-0.45999655177239657,-0.4450008949983408,7.016423928751531,-6.091468037296677,-0.6282653065237676,3.4248364345131344
2026-07-17T21:17:13.501+00:00,22.499993,1784323033458.854,659,0;2,2,0.20016328316063248,-0.21672239513888608,0.3052919504761984,0.45615876626755913,-0.45585796178010135,-0.4198224110813009,7.034397993200553,-3.7578294424288616,-0.21440630729424592,5.94268482621712
2026-07-17T21:17:13.536+00:00,22.53406,1784323033492.194,660,0;2,2,0.1996318648966502,-0.21603524491723744,0.3006273485789135,0.447350720311681,-0.446081723031987,-0.44125237749607027,6.0445890757989424,-4.638634038016676,0.7632175675171882,3.7996881847401855
2026-07-17T21:17:13.569+00:00,22.567005,1784323033525.533,661,0;2,2,0.1997126335928221,-0.21049418872467673,0.29653198849596896,0.4502981963643323,-0.4416272844535182,-0.4456057857459439,5.625748389226256,-4.3438864327515425,1.2086614253640715,3.3643473597528226
2026-07-17T21:17:13.603+00:00,22.60072,1784323033558.873,662,0;2,2,0.2022025844554503,-0.2161312391489259,0.30256394754561267,0.4494698633698343,-0.4472744486585178,-0.4391417217261181,6.008049474998094,-4.426719732201345,0.6439450048641104,4.010753761735403
2026-07-17T21:17:13.636+00:00,22.633666,1784323033592.212,663,0;2,2,0.19960895532272735,-0.22022741816950558,0.30536444578470434,0.4539396609878794,-0.4586189700869613,-0.41959852214912025,7.187560918884799,-3.979739970396834,-0.4905071379802395,5.965073719435187
2026-07-17T21:17:13.668+00:00,22.667523,1784323033625.552,664,0;2,2,0.1998470643416237,-0.2187913969954409,0.3072782573825998,0.4459454797528345,-0.44806494356659127,-0.434472303139756,6.573371820991046,-4.779158093901326,0.5648955140567624,4.477695620371613
2026-07-17T21:17:13.702+00:00,22.700312,1784323033658.891,665,0;2,2,0.20123606691618365,-0.21729468115451367,0.3036706589118112,0.4462042820212315,-0.45710880307219615,-0.4087537254766607,8.509119060727903,-4.753277867061623,-0.33949043650372546,7.04955338668114
2026-07-17T21:17:13.734+00:00,22.733114,1784323033692.231,666,0;2,2,0.2008140999616066,-0.218986089730569,0.3070926179947819,0.44669630605234634,-0.44872215617984074,-0.434581191076112,6.506140494371726,-4.704075463950142,0.4991742527318155,4.466806826736014
2026-07-17T21:17:13.768+00:00,22.766148,1784323033725.57,667,0;2,2,0.19988049984503786,-0.21736945801710686,0.3040994216836714,0.44678719470163575,-0.44709298028610267,-0.4377087870526037,6.3037586528876215,-4.694986599021201,0.6620918421056221,4.154047229086844
2026-07-17T21:17:13.802+00:00,22.799743,1784323033758.91,668,0;2,2,0.19935335504141916,-0.2180178919510867,0.3026004202263625,0.4460614292674055,-0.4475139322871912,-0.4392059234949459,6.256895525103369,-4.767563142444225,0.6199966419967673,4.0043335848526205
2026-07-17T21:17:13.834+00:00,22.8333,1784323033792.249,669,0;2,2,0.20131000533853702,-0.21052225412655784,0.29630799728186463,0.45002630213716255,-0.45203743959927284,-0.41648376142581983,7.650456625206899,-4.37107585546852,0.16764591078860525,6.276549791765229
2026-07-17T21:17:13.870+00:00,22.867913,1784323033825.588,670,0;2,2,0.2029389821382539,-0.2210228823144631,0.30948518846598705,0.44551873603919473,-0.4605837535638262,-0.40258421140615036,9.082803153923445,-4.821832465265302,-0.6869854856667301,7.666504793732177
2026-07-17T21:17:13.903+00:00,22.90014,1784323033858.927,671,0;2,2,0.206736668276769,-0.21688452394060104,0.3091216499024481,0.46157412415854626,-0.45883716401664204,-0.4153838833664925,7.169022654837615,-3.216293653330149,-0.5123265309483149,6.386537597697961
2026-07-17T21:17:13.936+00:00,22.933443,1784323033892.267,672,0;2,2,0.20600298526649544,-0.21434103694909123,0.30675898529714607,0.4623232845522933,-0.45650373110081544,-0.4179497458734224,6.893648415603704,-3.141377613955443,-0.2789832393656544,6.129951347004975
2026-07-17T21:17:13.968+00:00,22.96719,1784323033925.606,673,0;2,2,0.20502666065874192,-0.21278035914065643,0.3038238162346096,0.46240640546923484,-0.4549596676553703,-0.4210502460551228,6.610814658336769,-3.1330655222612913,-0.12457689482114342,5.819901328834931
2026-07-17T21:17:14.002+00:00,22.999982,1784323033958.946,674,2,1,0.1637254564375588,-0.14138062029444887,0.2527679654995155,0.45465580045824094,-0.3673755679564671,-0.4951511775942329,9.609642689671988,-3.9081260233606807,8.63383307506918,-1.590191825076076
2026-07-17T21:17:14.036+00:00,23.034068,1784323033992.285,675,0;2,2,0.20484247570703457,-0.21761286982761202,0.30600635636569073,0.4490451399055411,-0.45892850608115476,-0.40607396458530925,8.59021750398583,-4.4691920786306625,-0.5214607373995872,7.317529475816286
2026-07-17T21:17:14.068+00:00,23.066834,1784323034025.625,676,0;2,2,0.20484247570703457,-0.21761286982761202,0.30600635636569073,0.45091278943560353,-0.4495875378398602,-0.43545634296937585,6.139026459614054,-4.282427125624421,0.4126360867298673,4.379291637409627
2026-07-17T21:17:14.102+00:00,23.100532,1784323034058.964,677,0;2,2,0.20417782195109477,-0.2197758543228149,0.31130361563953934,0.4263452109328166,-0.45349539894480895,-0.45712327930823327,7.09314327263292,-6.739184975903117,0.021849976234994406,2.212598003523886
2026-07-17T21:17:14.136+00:00,23.13424,1784323034092.303,678,0;2,2,0.2048859421141344,-0.21703374374636586,0.3074863397054953,0.42830137380988315,-0.45174958006999183,-0.46108784024106403,6.793765383965029,-6.54356868819646,0.19643186371670618,1.8161419102408094
2026-07-17T21:17:14.169+00:00,23.167455,1784323034125.643,679,0;2,2,0.2048859421141344,-0.21703374374636586,0.3074863397054953,0.45998292521919154,-0.4582216367748665,-0.41717578332736616,7.080097307746251,-3.3754135472656213,-0.45077380677076007,6.207347601610596
2026-07-17T21:17:14.202+00:00,23.200937,1784323034158.982,680,2,1,0.16836987286595584,-0.14373288802375292,0.26394321657981323,0.46692233578671105,-0.3810699767319465,-0.468184687139745,7.822143970632603,-2.68147249051367,7.264392197521241,1.106457220372714
2026-07-17T21:17:14.236+00:00,23.233716,1784323034192.322,681,0;2,2,0.20127447759373895,-0.21273842087424633,0.29995134260686845,0.4504287180028742,-0.4440761800356177,-0.4419789701054773,5.794456512513605,-4.3308342688973545,0.9637718671541173,3.7270289237994803
2026-07-17T21:17:14.269+00:00,23.26737,1784323034225.661,682,0;2,2,0.20055263620870042,-0.21373453948566645,0.2979367415721921,0.44768313663418513,-0.45427416205751675,-0.41473680943423824,7.926622237385935,-4.605392405766262,-0.05602633503578591,6.451244990923389
2026-07-17T21:17:14.303+00:00,23.300549,1784323034258.999,683,0;2,2,0.20244302572767606,-0.21169459713079702,0.2957342857916113,0.42876772051681455,-0.4467281972013835,-0.47321851759578687,6.562152874121608,-6.496934017503319,0.6985701505775377,0.6030741747685253
2026-07-17T21:17:14.335+00:00,23.333788,1784323034292.339,684,0;2,2,0.20389451369863237,-0.21388705396953545,0.2979637144383309,0.45884271084152906,-0.46414393070568094,-0.3980731766135301,8.89716675484113,-3.4894349850318696,-1.043003199852205,8.117608272994204
2026-07-17T21:17:14.369+00:00,23.366961,1784323034325.678,685,0;2,2,0.20396347642692492,-0.2175647555733997,0.30379297154118223,0.4502499006025912,-0.44928664725214773,-0.4377243972779298,6.02913577358882,-4.348716008925657,0.4427251455011161,4.152486206554235
2026-07-17T21:17:14.402+00:00,23.400445,1784323034359.018,686,0;2,2,0.20492634736184118,-0.21919333093569454,0.30689670850915085,0.4589809795507427,-0.460171277771213,-0.41763198418543035,7.103781752394844,-3.4756081141105066,-0.6457379064054136,6.161727515804177
2026-07-17T21:17:14.435+00:00,23.433638,1784323034392.357,687,0;2,2,0.20492634736184118,-0.21919333093569454,0.30689670850915085,0.42724516227453657,-0.45367206539157373,-0.4615368187939599,6.881064492783312,-6.649189841731118,0.0041833315585160236,1.771244054951221
2026-07-17T21:17:14.469+00:00,23.467268,1784323034425.696,688,0;2,2,0.20452740950429002,-0.21648232260271283,0.30528988258072587,0.4493741975478834,-0.45786862841981013,-0.406885825925305,8.498112673635722,-4.436286314396437,-0.41547297126512395,7.236343341816714
2026-07-17T21:17:14.504+00:00,23.501457,1784323034459.037,689,0;2,2,0.20452740950429002,-0.21648232260271283,0.30528988258072587,0.4512218723340594,-0.44850703268676195,-0.43624862751446764,6.069355017253628,-4.251518835778834,0.5206866020396939,4.300063182900448
2026-07-17T21:17:14.536+00:00,23.534048,1784323034492.378,690,0;2,2,0.2046255329475773,-0.2204377358675732,0.3092282680902555,0.4321932176113239,-0.4709587785020036,-0.43691460704275126,7.6663245989729125,-6.154384308052386,-1.7244879794844736,4.2334652300720865
2026-07-17T21:17:14.569+00:00,23.56686,1784323034525.718,691,0;2,2,0.2046255329475773,-0.2204377358675732,0.3092282680902555,0.44921779990458516,-0.4516844415353354,-0.43211903075036856,6.486402488818251,-4.45192607872626,0.20294571718235122,4.713022859310357
2026-07-17T21:17:14.602+00:00,23.600418,1784323034559.059,692,0;2,2,0.20516288029326987,-0.216776354803505,0.3059113064831928,0.4345385871700257,-0.4684223660534077,-0.44048707695762673,7.227243639384988,-5.919847352182206,-1.470846734624881,3.876218238584539
2026-07-17T21:17:14.635+00:00,23.634006,1784323034592.4,693,0;2,2,0.20455443523943045,-0.2218382436025987,0.31119467508105303,0.44839625989367693,-0.45271330260269876,-0.4300942467697998,6.688052534708107,-4.534080079817082,0.10005961044601275,4.915501257367233
2026-07-17T21:17:14.667+00:00,23.666807,1784323034625.74,694,0;2,2,0.20826389523443184,-0.21617887500260025,0.3065813409851069,0.45269108414477444,-0.45932083412666125,-0.40527008066191483,8.478873034725277,-4.104597654707332,-0.5606935419502357,7.397917868155729
2026-07-17T21:17:14.702+00:00,23.700734,1784323034659.081,695,0;2,2,0.20644883057484734,-0.21442912966793953,0.3028772588097216,0.45398912067768304,-0.4478525286084804,-0.4386239537308902,5.713728949573124,-3.9747940014164707,0.5861370098678487,4.062530561258193
2026-07-17T21:17:14.735+00:00,23.733356,1784323034692.422,696,0;2,2,0.2079597801822202,-0.21664757753218128,0.30523766589368373,0.45412510704272174,-0.4503361652118742,-0.4360570376482721,5.870335569993409,-3.9611953649126006,0.3377733495284696,4.319222169520004
2026-07-17T21:17:14.770+00:00,23.767118,1784323034725.761,697,0;2,2,0.20937356662085163,-0.21827312554055905,0.3097094730769142,0.45439550860425676,-0.45209375047368117,-0.4314228133390064,6.194958868610148,-3.9341552087590994,0.1620148233477725,4.782644600446573
2026-07-17T21:17:14.802+00:00,23.800765,1784323034759.102,698,0;2,2,0.2075859345532447,-0.22198483676199118,0.31302148282286546,0.4595774408001235,-0.4632940469284201,-0.41113034470221943,7.680394132458754,-3.4159619891724224,-0.9580148221261187,6.811891464125269
2026-07-17T21:17:14.835+00:00,23.834162,1784323034792.443,699,0;2,2,0.20827912828694933,-0.2195449580156157,0.31167775378479906,0.461458175987314,-0.46164833167577957,-0.412542290182787,7.452986890439777,-3.2278884704533772,-0.7934432968620675,6.670696916068514
2026-07-17T21:17:14.869+00:00,23.86717,1784323034825.783,700,0;2,2,0.2097109800865709,-0.21744842741460585,0.3097410103744612,0.4550945991285278,-0.45154051474102663,-0.43140969427179165,6.1535253471359415,-3.8642461563319963,0.21733839661322585,4.783956507168047
2026-07-17T21:17:14.903+00:00,23.90102,1784323034859.124,701,0;2,2,0.21154432375542703,-0.21784834197001213,0.31329219604138214,0.43943666103333345,-0.471808408632508,-0.4326836741166762,7.378548922401297,-5.43003996585143,-1.8094509925349112,4.656558522679593
2026-07-17T21:17:14.936+00:00,23.933997,1784323034892.465,702,0;2,2,0.21265152165794987,-0.22055011238942074,0.3157678786828219,0.45590914265319316,-0.4552073313834448,-0.4250471986466747,6.611387984437975,-3.7827918038654595,-0.1493432676285933,5.420206069679745
2026-07-17T21:17:14.970+00:00,23.967619,1784323034925.806,703,0;2,2,0.21194683465880432,-0.22172981035912287,0.31810109872789694,0.4632131654388192,-0.46470861273859815,-0.405683740635488,8.040197423462777,-3.0523895253028566,-1.0994714031439257,7.356551870798411
2026-07-17T21:17:15.002+00:00,24.000371,1784323034959.146,704,0;2,2,0.21264411529374452,-0.2241924699929835,0.3215228124291467,0.4371033267807291,-0.4769745353730848,-0.423904879570267,8.253143284410106,-5.663373391111865,-2.3260636665925927,5.534437977320511
2026-07-17T21:17:15.035+00:00,24.033728,1784323034992.487,705,0;2,2,0.2078944306935226,-0.21827848546188225,0.3104459464746462,0.4530816830802964,-0.45131667016308885,-0.4307901415684025,6.330001997605058,-4.065537761155136,0.23972285440700403,4.845911777506961
2026-07-17T21:17:15.069+00:00,24.067317,1784323035025.828,706,0;2,2,0.21041730862272,-0.21827844000111662,0.31342034797935114,0.4638458147899316,-0.46142513544539254,-0.41068167685724355,7.519616427456699,-2.9891245901916164,-0.7711236738233651,6.8567582486228575
2026-07-17T21:17:15.102+00:00,24.101263,1784323035059.168,707,0;2,2,0.21049001951406043,-0.21789678901974782,0.3110526059093416,0.4555045943275061,-0.45220985874280906,-0.43002690869558713,6.234439368394098,-3.8232466364341633,0.15040399643498348,4.9222350647885
2026-07-17T21:17:15.136+00:00,24.134624,1784323035092.509,708,0;2,2,0.2112035652744902,-0.2210831548544919,0.31632614923733016,0.4543682448871772,-0.4549175313559555,-0.42456343425282583,6.739355944940203,-3.9368815804670554,-0.1203632648796582,5.468582509064629
2026-07-17T21:17:15.168+00:00,24.167307,1784323035125.85,709,0;2,2,0.2066817782654285,-0.21579470118810856,0.3064130352652011,0.411270182135293,-0.47288998707346436,-0.4651132362958563,8.583900961390826,-8.246687855655477,-1.9176088366305466,1.4136023047615798
2026-07-17T21:17:15.203+00:00,24.200805,1784323035159.19,710,0;2,2,0.20814120064454764,-0.22392567457676207,0.3151883439660916,0.4277197862521442,-0.4587958733294204,-0.45287639727920564,7.127155704745951,-6.601727443970357,-0.5081974622261509,2.637286206426648
2026-07-17T21:17:15.236+00:00,24.233894,1784323035192.531,711,0;2,2,0.21015687854465392,-0.22233741994592104,0.31695290524761305,0.461421684854291,-0.4644727260753797,-0.4069590583865187,7.991188294777213,-3.2315375837556726,-1.0758827368220814,7.229020095695343
2026-07-17T21:17:15.268+00:00,24.267264,1784323035225.871,712,0;2,2,0.21110280423849853,-0.22188582509021565,0.31887256133088837,0.46236248834853255,-0.46435624838367273,-0.40498798899591154,8.131641697711842,-3.13745723433152,-1.064234967651384,7.426127034756059
2026-07-17T21:17:15.303+00:00,24.30163,1784323035259.212,713,0;2,2,0.2114642530206211,-0.22107147003462962,0.3187937070936069,0.45489617469750054,-0.4619963034739377,-0.39047943255796763,9.724862364617357,-3.8840885994347207,-0.8282404766778828,8.87698267855045
2026-07-17T21:17:15.335+00:00,24.334447,1784323035292.553,714,0;2,2,0.2081724347568809,-0.2200453460303713,0.3126178971085831,0.45282602139621014,-0.45019430124209314,-0.4342413749687107,6.092462850487639,-4.091103929563761,0.3519597465065749,4.500788437476144
2026-07-17T21:17:15.370+00:00,24.368049,1784323035325.894,715,0;2,2,0.20871142975478646,-0.2194371155648452,0.3141657646891318,0.43618227510646823,-0.4716576801352364,-0.4318476924805343,7.669055467773848,-5.755478558537952,-1.794378142807751,4.740156686293783
2026-07-17T21:17:15.404+00:00,24.401599,1784323035359.235,716,0;2,2,0.20871142975478646,-0.2194371155648452,0.3141657646891318,0.4617528776700269,-0.4615235118707054,-0.4100350439348432,7.664584552322233,-3.1984183021820876,-0.7809613163546503,6.921421540862893
2026-07-17T21:17:15.436+00:00,24.434934,1784323035392.575,717,0;2,2,0.20871142975478646,-0.2194371155648452,0.3141657646891318,0.43618227510646823,-0.4716576801352364,-0.4318476924805343,7.669055467773848,-5.755478558537952,-1.794378142807751,4.740156686293783
2026-07-17T21:17:15.469+00:00,24.467196,1784323035425.916,718,0;2,2,0.20767307100865007,-0.2173629811798875,0.30934247483653343,0.46213766811964296,-0.45968802948448095,-0.41504775657915705,7.1805604284576665,-3.1599392572204787,-0.5974130777322062,6.4201502764315075
2026-07-17T21:17:15.502+00:00,24.500856,1784323035459.256,719,0;2,2,0.20947177202601666,-0.21776102069944933,0.30992071889606604,0.45472618432798223,-0.45168082432988144,-0.4312313295759713,6.190075480361272,-3.901087636386552,0.2033074377277455,4.80179297675008
2026-07-17T21:17:15.537+00:00,24.534485,1784323035492.597,720,0;2,2,0.21223387372202318,-0.21874799381708318,0.31418605791654347,0.4564906823501932,-0.45356049459311637,-0.4267424739194876,6.437607279069011,-3.7246378341654562,0.01534041140425213,5.250678542398451
2026-07-17T21:17:15.569+00:00,24.56759,1784323035525.937,721,0;2,2,0.20947177202601666,-0.21776102069944933,0.30992071889606604,0.45472618432798223,-0.45168082432988144,-0.4312313295759713,6.190075480361272,-3.901087636386552,0.2033074377277455,4.80179297675008
2026-07-17T21:17:15.603+00:00,24.600626,1784323035559.277,722,0;2,2,0.2080763382345696,-0.22025527922657837,0.3158673126389785,0.4520750209492574,-0.45270213630163647,-0.42527660096709485,6.818942052027965,-4.166203974259036,0.10117624055224206,5.397265837637727
2026-07-17T21:17:15.636+00:00,24.633754,1784323035592.616,723,0;2,2,0.20983723383236974,-0.22112095814025387,0.31904539477542426,0.4509506029934284,-0.46311009175942197,-0.39243012470694605,9.724469931718268,-4.278645769841938,-0.939619305226308,8.681913463652608
2026-07-17T21:17:15.669+00:00,24.667894,1784323035625.957,724,0;2,2,0.21091017499988646,-0.21906110573193854,0.3166136775306717,0.4376736131750566,-0.47996029186792877,-0.3985420232724653,10.171352543117818,-5.606344751679115,-2.624639316076988,8.070723607100682
2026-07-17T21:17:15.703+00:00,24.700834,1784323035659.297,725,0;2,2,0.21091017499988646,-0.21906110573193854,0.3166136775306717,0.4637145091303706,-0.4620332406736901,-0.40741582269785953,7.829819712698932,-3.002255156147715,-0.8319341966531224,7.183343664561259
2026-07-17T21:17:15.735+00:00,24.733725,1784323035692.637,726,0;2,2,0.20864933517042472,-0.21906174236633844,0.3098615532174917,0.4514172035553854,-0.46167067923722316,-0.4017952084813882,8.861947110765485,-4.231985713646235,-0.7956780530064267,7.74540508620839
2026-07-17T21:17:15.770+00:00,24.76733,1784323035725.977,727,0;2,2,0.20861766045005822,-0.21928010290455896,0.3077800145083447,0.43623329749905004,-0.47212104807315614,-0.43821902969488624,7.299990187754491,-5.750376319279771,-1.8407149365997244,4.103022964858588
2026-07-17T21:17:15.801+00:00,24.800447,1784323035759.318,728,0;2,2,0.20752782428953695,-0.2205171073848463,0.3096309335396901,0.46043540899166024,-0.46232363904454726,-0.4145909270072878,7.323815655199355,-3.3301651700187507,-0.8609740337388372,6.465833233618435
2026-07-17T21:17:15.835+00:00,24.833723,1784323035792.658,729,0;2,2,0.20961575472931127,-0.22087910727419927,0.31088847322511787,0.4593817152912054,-0.4714460740756436,-0.38410682510532473,10.269762701083376,-3.4355345400642334,-1.7732175368484704,9.514243423814738
2026-07-17T21:17:15.869+00:00,24.867296,1784323035825.998,730,0;2,2,0.21056815936078616,-0.21992063185266103,0.3166995019096641,0.4629879331945341,-0.46260298272521294,-0.40731283202928864,7.87361050043427,-3.074912749731368,-0.888908401805405,7.193642731418349
2026-07-17T21:17:15.903+00:00,24.900654,1784323035859.338,731,0;2,2,0.20926529974123298,-0.22118680063741022,0.3148558971750276,0.45268394988801997,-0.45417186904888757,-0.42615604058587453,6.711525550534228,-4.105311080382778,-0.04579703417286751,5.30932187575976
2026-07-17T21:17:15.935+00:00,24.933982,1784323035892.678,732,0;2,2,0.2075859345532447,-0.22198483676199118,0.31302148282286546,0.4339305989561123,-0.4733931842384467,-0.4328401559600665,7.821695481940967,-5.980646173573545,-1.9679285531287782,4.640910338340564
2026-07-17T21:17:15.969+00:00,24.967084,1784323035926.019,733,0;2,2,0.20611593159858954,-0.2196981852564783,0.31054575835303944,0.4338420127704955,-0.47094114630955547,-0.4355785054497867,7.61007856141985,-5.989504792135225,-1.7227247602396578,4.367075389368541
2026-07-17T21:17:16.003+00:00,25.001009,1784323035959.359,734,0;2,2,0.20842272311045174,-0.22017909935690483,0.31415691249263084,0.435557540727051,-0.47215000444009625,-0.43181172625243813,7.729855162739581,-5.8179519964796755,-1.8436105732937358,4.743753309103399
2026-07-17T21:17:16.036+00:00,25.034622,1784323035992.699,735,0;2,2,0.20609019930663586,-0.21748625640942648,0.3077526691210109,0.40994183621321767,-0.4738964354698381,-0.4636204193828933,8.759700379644437,-8.379522447863009,-2.0182536762679226,1.5628839960578844
2026-07-17T21:17:16.069+00:00,25.067954,1784323036026.04,736,0;2,2,0.20684146016844251,-0.21650905489602928,0.3097976339212756,0.45306236263119887,-0.44931461543284834,-0.43159720054907763,6.280528212656171,-4.067469806064889,0.43992832743105503,4.765205879439449
2026-07-17T21:17:16.102+00:00,25.100914,1784323036059.379,737,0;2,2,0.20609019930663586,-0.21748625640942648,0.3077526691210109,0.4519986528675807,-0.44995355198030096,-0.43363717073064956,6.194108105962479,-4.173840782426708,0.37603467268579327,4.561208861282257
2026-07-17T21:17:16.135+00:00,25.134494,1784323036092.719,738,0;2,2,0.2077032104876062,-0.21883426969420766,0.3103476581712641,0.46138177488552257,-0.46088040448898615,-0.4139601633260406,7.321809464540406,-3.2355285806325185,-0.7166505781827259,6.5289096017431545
2026-07-17T21:17:16.168+00:00,25.167478,1784323036126.059,739,0;2,2,0.20932464817125374,-0.21708573113890572,0.3103823900214419,0.4549154347049704,-0.4509866033545502,-0.43081534498557733,6.213212409239875,-3.882162598687733,0.2727295352608683,4.84339143578948
2026-07-17T21:17:16.202+00:00,25.201173,1784323036159.399,740,0;2,2,0.2077559220237236,-0.21636551212500232,0.3070000391218488,0.45402559815915494,-0.44985479213623086,-0.4343291903222034,6.008082523473517,-3.971146253269281,0.3859106570928028,4.492006902126872
2026-07-17T21:17:16.237+00:00,25.234728,1784323036192.74,741,0;2,2,0.20562505290240762,-0.21371744754839506,0.30317411958482476,0.4536140263203215,-0.44680797223725144,-0.43842040122394194,5.765887063523852,-4.012303437152625,0.6905926469907453,4.082885811953019
2026-07-17T21:17:16.269+00:00,25.267302,1784323036226.08,742,0;2,2,0.20728897315009062,-0.2149958281233421,0.30578608020163534,0.45433805878102085,-0.44853078340965064,-0.4356395876003902,5.8999572077227525,-3.9399001910826903,0.5183115297508256,4.360967174308195
2026-07-17T21:17:16.302+00:00,25.301201,1784323036259.42,743,0;2,2,0.2060076287773286,-0.21571061189562168,0.30483478512742324,0.45364709660245817,-0.45602350295073124,-0.4051808103301198,8.425363275072502,-4.008996408938959,-0.23096042435723496,7.40684490133523
2026-07-17T21:17:16.336+00:00,25.334747,1784323036292.76,744,0;2,2,0.20597420081647735,-0.22122482868637622,0.31372484237243464,0.44984448981300357,-0.4526801611166756,-0.4275067208436958,6.785953641280771,-4.389257087884419,0.1033737590483308,5.174253849977633
2026-07-17T21:17:16.369+00:00,25.368238,1784323036326.101,745,0;2,2,0.20597420081647735,-0.22122482868637622,0.31372484237243464,0.44984448981300357,-0.4526801611166756,-0.4275067208436958,6.785953641280771,-4.389257087884419,0.1033737590483308,5.174253849977633
2026-07-17T21:17:16.402+00:00,25.401069,1784323036359.441,746,0;2,2,0.20521810916747177,-0.21620269124247515,0.30742580392467167,0.45000323450577684,-0.45775274092538787,-0.40471596364762186,8.651110892031301,-4.373382618607091,-0.40388422182289774,7.453329569585026
2026-07-17T21:17:16.435+00:00,25.434041,1784323036392.781,747,0;2,2,0.20636808755860767,-0.22207437486837528,0.31200866882278244,0.4270891476460049,-0.45652819468674205,-0.4562142863074344,7.0572477340659585,-6.664791304584283,-0.2814295979583159,2.3034973036037742
2026-07-17T21:17:16.469+00:00,25.467413,1784323036426.121,748,0;2,2,0.20636808755860767,-0.22207437486837528,0.31200866882278244,0.4498275032168018,-0.45374380515973506,-0.4291469951923078,6.662046986567502,-4.390955747504593,-0.0029906452576167197,5.010226415116431
2026-07-17T21:17:16.503+00:00,25.501163,1784323036459.464,749,0;2,2,0.20632738952930635,-0.21487097246032855,0.3047399041071578,0.477308861026498,-0.43952190298096794,-0.4128253094643576,6.988161134719163,-1.6428199665349752,1.4191995726190954,6.642394987911454
2026-07-17T21:17:16.537+00:00,25.534439,1784323036492.806,750,0;2,2,0.20729465932435137,-0.216437775969425,0.3077281743375137,0.45356364882425865,-0.44963512978567677,-0.4336316822598326,6.092210367329407,-4.017341186758911,0.4078768921482123,4.561757708363951
2026-07-17T21:17:16.569+00:00,25.568253,1784323036526.149,751,0;2,2,0.20702581595433675,-0.2179171548671966,0.3123158365057721,0.42975061088819855,-0.4532536448152263,-0.4561562060558013,6.802769070214836,-6.398644980364921,0.04602538919326049,2.3093053287670804
2026-07-17T21:17:16.603+00:00,25.601154,1784323036559.491,752,0;2,2,0.2053897581446076,-0.22044092133616613,0.3088260673190487,0.44989443289195186,-0.452092786923332,-0.4324672226570158,6.413550477191873,-4.384262779989589,0.16211117838269007,4.678203668645631
2026-07-17T21:17:16.636+00:00,25.634256,1784323036592.834,753,0;2,2,0.20569943224707815,-0.21963308622747144,0.30870911138962365,0.4505662792638789,-0.4515521111229201,-0.4326031139127529,6.359443826471493,-4.317078142796888,0.21617875842387946,4.664614543071921
2026-07-17T21:17:16.669+00:00,25.667718,1784323036626.177,754,0;2,2,0.20643210463965167,-0.21863104549834664,0.3107509234567317,0.45162620168295153,-0.45088274373980497,-0.4305688074591867,6.4429234673202025,-4.211085900889621,0.28311549673539216,4.868045188428543
2026-07-17T21:17:16.703+00:00,25.701593,1784323036659.52,755,0;2,2,0.20737007259308854,-0.21881923451059634,0.31052005312297026,0.4523565547637318,-0.45152357341177085,-0.43072508223622996,6.381018382438229,-4.138050592811593,0.21903252953880403,4.852417710724216
2026-07-17T21:17:16.736+00:00,25.734675,1784323036692.863,756,0;2,2,0.20737007259308854,-0.21881923451059634,0.31052005312297026,0.4523565547637318,-0.45152357341177085,-0.43072508223622996,6.381018382438229,-4.138050592811593,0.21903252953880403,4.852417710724216
2026-07-17T21:17:16.768+00:00,25.767323,1784323036726.206,757,0;2,2,0.2075060170198051,-0.21598507171425776,0.3056358242378797,0.462873675221969,-0.4587730805217296,-0.41882756638019825,6.803620259717136,-3.086338546987877,-0.5059181814570712,6.042169296327388
2026-07-17T21:17:16.804+00:00,25.801171,1784323036759.549,758,0;2,2,0.2092483291313358,-0.22066159779165584,0.31325072204176996,0.4529844113762226,-0.4538319078675348,-0.4277829586933704,6.564733395204193,-4.075264931562517,-0.011800916037590925,5.1466300650101715
2026-07-17T21:17:16.836+00:00,25.834712,1784323036792.892,759,0;2,2,0.20771119484552103,-0.2139510879706058,0.3085660037319977,0.45512347918264695,-0.4476150422701306,-0.43289326989488075,6.063895187554853,-3.86135815092008,0.6098856437028288,4.6355989448591375
2026-07-17T21:17:16.870+00:00,25.867725,1784323036826.235,760,0;2,2,0.21012290384601873,-0.2163006630789252,0.31191864012283294,0.4559429367362423,-0.4505769463276901,-0.4292693731064035,6.273934414761637,-3.779412395560544,0.3136952379468816,4.997988623706862
2026-07-17T21:17:16.904+00:00,25.901718,1784323036859.577,761,0;2,2,0.20771119484552103,-0.2139510879706058,0.3085660037319977,0.45512347918264695,-0.4476150422701306,-0.43289326989488075,6.063895187554853,-3.86135815092008,0.6098856437028288,4.6355989448591375
2026-07-17T21:17:16.936+00:00,25.934462,1784323036892.92,762,0;2,2,0.21184624629728366,-0.21717030428536557,0.31502621638709477,0.45690300443592524,-0.45193554690502535,-0.4260112003433714,6.476265252052929,-3.683405625592251,0.17783518021335376,5.32380590001007
2026-07-17T21:17:16.969+00:00,25.967868,1784323036926.262,763,0;2,2,0.20771119484552103,-0.2139510879706058,0.3085660037319977,0.45512347918264695,-0.4476150422701306,-0.43289326989488075,6.063895187554853,-3.86135815092008,0.6098856437028288,4.6355989448591375
2026-07-17T21:17:17.003+00:00,26.000967,1784323036959.605,764,0;2,2,0.2114080794529049,-0.21894053138311953,0.3164070237843712,0.45560046007253374,-0.4531509874207022,-0.4245764858199359,6.6662053228725,-3.813660061931401,0.0562911286456691,5.467277352353622
2026-07-17T21:17:17.037+00:00,26.034436,1784323036992.948,765,0;2,2,0.20912284521571667,-0.214497642081951,0.3051534639293844,0.45619973834262223,-0.449045679727999,-0.4361692199484432,5.733003254721121,-3.753732234922552,0.4668218979159866,4.308003939502891
2026-07-17T21:17:17.070+00:00,26.06808,1784323037026.292,766,0;2,2,0.20664078051834822,-0.21263939050081215,0.3014692496622859,0.4550882643364112,-0.4465016265131678,-0.4401036319299525,5.548086585051031,-3.864879635543655,0.7212272193991065,3.914562741351962
2026-07-17T21:17:17.102+00:00,26.100649,1784323037059.635,767,0;2,2,0.20779119120226347,-0.21938171361452324,0.3095877350048242,0.4524775237343418,-0.45229054857652173,-0.43159689431665565,6.304857816153466,-4.125953695750595,0.14233501306371577,4.765236502681647
2026-07-17T21:17:17.136+00:00,26.134379,1784323037092.978,768,0;2,2,0.20654510934421816,-0.21906121565460895,0.3093885036330672,0.45155970499857734,-0.4514172125471204,-0.431896936025057,6.345428767424689,-4.217735569327042,0.22966861600384747,4.735232331841511
2026-07-17T21:17:17.170+00:00,26.167813,1784323037126.321,769,0;2,2,0.2080452013435461,-0.21734736873305033,0.3101060124808606,0.45368405151440844,-0.4506083767400878,-0.4311652921625232,6.265744736832624,-4.005300917743932,0.310552196707109,4.808396718094893
2026-07-17T21:17:17.202+00:00,26.201213,1784323037159.664,770,0;2,2,0.21093021855410213,-0.22242434499242209,0.3183569238305212,0.4533979606650411,-0.4557908116608134,-0.4224913616427566,6.966358812029896,-4.033910002680663,-0.20769129536545305,5.675789770071554
2026-07-17T21:17:17.237+00:00,26.234619,1784323037193.007,771,2,1,0.16608591724574906,-0.15835603530604603,0.27454710647057823,0.43070304831237194,-0.4017889805497183,-0.4788137829421218,8.1668068925431,-6.303401237947581,5.19249181574406,0.043547640135033205
2026-07-17T21:17:17.269+00:00,26.268037,1784323037226.35,772,0;2,2,0.20963506636431914,-0.22226233049206542,0.3139155241760632,0.452507400951722,-0.45535979972067436,-0.427013621132007,6.656692671133249,-4.122965974012577,-0.16459010135154717,5.223563821146509
2026-07-17T21:17:17.304+00:00,26.301398,1784323037259.693,773,2,1,0.17201647586421195,-0.15371396258425524,0.27535741599583774,0.4388804585678713,-0.40958157779109877,-0.4488453849388635,7.6689661133933775,-5.485660212397647,4.413232091606012,3.0403874404608624
2026-07-17T21:17:17.336+00:00,26.334912,1784323037293.036,774,0;2,2,0.20872168554931186,-0.22063354149670678,0.313601369030135,0.45252832535876497,-0.4535223583453356,-0.4274710956359098,6.617533371573881,-4.120873533308278,0.01915403618232836,5.177816370756233
2026-07-17T21:17:17.368+00:00,26.36748,1784323037326.379,775,0;2,2,0.20976875194728323,-0.21791753847750867,0.3084529403975652,0.43208632258927215,-0.4548968938982263,-0.4599363975393171,6.461578458303239,-6.16507381025756,-0.11829951910674041,1.9312861804155035
2026-07-17T21:17:17.403+00:00,26.401004,1784323037359.722,776,0;2,2,0.20959071135293988,-0.22433935161953067,0.3211139041229673,0.451192601073392,-0.4565837324017753,-0.41973997362452914,7.320943980416706,-4.254445961845576,-0.2869833694616408,5.950928571894298
2026-07-17T21:17:17.437+00:00,26.434515,1784323037393.064,777,0;2,2,0.2163714407377118,-0.22573824006901635,0.32746583004631497,0.456173439130444,-0.46062818538707156,-0.41287587899242645,7.657844764896289,-3.7563621561403746,-0.6914286679912673,6.637338035104568
2026-07-17T21:17:17.471+00:00,26.468669,1784323037426.408,778,2,1,0.1710493536490934,-0.15891864716394752,0.2765637794752602,0.42327673696062174,-0.3910354901058272,-0.4988447252716598,9.631833890826515,-7.0460323731226016,6.267840860133167,-1.9595465928187672
2026-07-17T21:17:17.503+00:00,26.501022,1784323037459.748,779,0;2,2,0.21702761062333195,-0.22547260133990887,0.3228730080981598,0.4570351294806656,-0.4610749244451019,-0.4174204417057155,7.227737643985128,-3.670193121118215,-0.7361025737943006,6.182881763775661
2026-07-17T21:17:17.535+00:00,26.534849,1784323037493.088,780,0;2,2,0.21815024897798685,-0.22581854340527452,0.3255892333216893,0.44099321333544383,-0.48073044705725093,-0.41940384504713696,8.42216179552999,-5.274384735640392,-2.701654835009204,5.984541429633516
2026-07-17T21:17:17.570+00:00,26.568316,1784323037526.428,781,2,1,0.19142134923678167,-0.16458548781844046,0.29636515472461505,0.47290769931593796,-0.41567692736056516,-0.40454660968731493,8.637800269860607,-2.0829361375909796,3.803697134659373,7.470264965615719
2026-07-17T21:17:17.602+00:00,26.601011,1784323037559.769,782,2,1,0.1921426774508503,-0.16532849462661267,0.29559414505646453,0.44946254256935125,-0.418760753881611,-0.45577928577391535,6.10966034042048,-4.42745181224965,3.49531448255479,2.3469973569556766
2026-07-17T21:17:17.635+00:00,26.634777,1784323037593.109,783,0;2,2,0.22942875157200765,-0.23202559274989523,0.3452013108183677,0.45168386854014675,-0.483735005533096,-0.4032801775538744,9.187512837083169,-4.2053192151701,-3.0021106825937114,7.596908178959771
2026-07-17T21:17:17.669+00:00,26.667865,1784323037626.449,784,2,1,0.1951383730732321,-0.16328104152921494,0.2990853800779587,0.46985625786017166,-0.3954358098670019,-0.4511730232925719,6.895580768530299,-2.38808028316761,5.827808884015701,2.8076236050900203
2026-07-17T21:17:17.704+00:00,26.701457,1784323037659.79,785,2,1,0.19586148646354026,-0.16330371171441416,0.2986904960398318,0.45789632411499703,-0.4119502890686603,-0.4563939609733532,5.959129258537068,-3.584073657685072,4.176360963849857,2.2855298370118904
2026-07-17T21:17:17.735+00:00,26.734792,1784323037693.13,786,0;2,2,0.22836769410880134,-0.23601102784269962,0.34431645176849557,0.4615369320187032,-0.4717054655953506,-0.4006416769366542,8.683142736074313,-3.2200128673144537,-1.7991566888191701,7.860758240681792
2026-07-17T21:17:17.770+00:00,26.768738,1784323037726.47,787,2,1,0.1973090706099546,-0.16263466974553664,0.29829772446541813,0.48082369746666065,-0.4082497860837173,-0.4301978889404898,6.811591168613367,-1.2913363225187102,4.546411262344158,4.9051370402982295
2026-07-17T21:17:17.803+00:00,26.801782,1784323037759.81,788,0;2,2,0.23685176599294008,-0.22991652458630107,0.3454762020205374,0.47929257838514,-0.4813073331859154,-0.37564028654492554,10.818900101124969,-1.444448230670775,-2.7593434478756507,10.360897279854658
2026-07-17T21:17:17.837+00:00,26.836034,1784323037793.151,789,2,1,0.19802809089455445,-0.162662120965409,0.2979109511733096,0.4814545057957522,-0.40866263221483085,-0.4305124938396893,6.74962967807055,-1.2282554896095532,4.505126649232805,4.873676550378281
2026-07-17T21:17:17.869+00:00,26.868251,1784323037826.49,790,2,1,0.20464704472845102,-0.16505996608053658,0.3084262680715004,0.48544403850968765,-0.4129507419759574,-0.4192951927417539,7.297190737324577,-0.8293022182160104,4.076315673120151,5.99540666017182
2026-07-17T21:17:17.903+00:00,26.901259,1784323037859.83,791,0;2,2,0.2395026778054789,-0.23547575947326396,0.3569860624997682,0.4683088940181811,-0.48450783997959723,-0.35644491231224584,12.91346821316412,-2.5428166673666652,-3.079394127243834,12.280434703122628
2026-07-17T21:17:17.937+00:00,26.935175,1784323037893.17,792,2,1,0.20463662917919867,-0.1658018902059146,0.3080252695733702,0.4765964263855125,-0.4016405179638066,-0.44155195802000624,6.6532133992063045,-1.7140634306335278,5.207338074335227,3.769730132346588
2026-07-17T21:17:17.969+00:00,26.968511,1784323037926.511,793,0;2,2,0.24164384418875715,-0.23375160017663515,0.35631569822054887,0.4809690109621874,-0.4859172762709698,-0.3641901994423906,12.01610081754356,-1.2768049729660336,-3.2203377563810918,11.50590599010815
2026-07-17T21:17:18.004+00:00,27.002441,1784323037959.851,794,2,1,0.2016436533287629,-0.16551626833065947,0.30459372817653824,0.47424146234238584,-0.40017113821763095,-0.4451727353084067,6.639363709087558,-1.9495598349461907,5.354276048952794,3.4076524035065447
2026-07-17T21:17:18.038+00:00,27.035531,1784323037993.191,795,2,1,0.20464704472845102,-0.16505996608053658,0.3084262680715004,0.46448360954280155,-0.4169909979789187,-0.44608597160335667,5.748164485955067,-2.9253451149046206,3.672290072824019,3.3163287740115455
2026-07-17T21:17:18.069+00:00,27.067968,1784323038026.531,796,2,1,0.20043355071720567,-0.16441155602714608,0.2962143917132348,0.47399627057445287,-0.3992131148523183,-0.4536533065979915,6.3365503487307375,-1.974079011739488,5.450078385484058,2.5595952745480597
2026-07-17T21:17:18.103+00:00,27.100698,1784323038059.872,797,2,1,0.19402178251389454,-0.1619835957315932,0.2861609200081145,0.4789464927455283,-0.4072622178110421,-0.4426088918884679,6.09839002154428,-1.4790567946319444,4.645168089611679,3.664036745500421
2026-07-17T21:17:18.137+00:00,27.134593,1784323038093.212,798,2,1,0.19802809089455445,-0.162662120965409,0.2979109511733096,0.4558683936433,-0.41920074711255895,-0.4533530317759475,5.74091297552456,-3.7868667048547744,3.4513151594599947,2.5896227567524632
2026-07-17T21:17:18.170+00:00,27.168753,1784323038126.552,799,0;2,2,0.24024277040183273,-0.23231053382535718,0.3546998222077339,0.45651236875843704,-0.49447972226109477,-0.3886180516661669,10.61204309481204,-3.7224691933410714,-4.076582355393588,9.06312076773052
2026-07-17T21:17:18.202+00:00,27.201561,1784323038159.893,800,2,1,0.19548792279092608,-0.1676544546951572,0.2963739629746045,0.4669296521836992,-0.409906164835383,-0.4245884549797901,7.500372145159077,-2.6807408508148556,4.380773387177589,5.466080436368204
2026-07-17T21:17:18.236+00:00,27.234869,1784323038193.233,801,2,1,0.1980189358954669,-0.16337776238312127,0.2975153857231478,0.47236379567287967,-0.39704073929549555,-0.45255444828798574,6.61912108407073,-2.137326501896808,5.6673159411663345,2.6694811055486376
2026-07-17T21:17:18.269+00:00,27.26839,1784323038226.573,802,0;2,2,0.24092336316839583,-0.23838792049961163,0.36054811587487157,0.47077811784283097,-0.47876388601469644,-0.3835671183875596,10.15366289511294,-2.2958942849016784,-2.504998730753755,9.568214095591255
2026-07-17T21:17:18.303+00:00,27.301777,1784323038259.913,803,2,1,0.19885690149469032,-0.1660525616116612,0.30105148801312365,0.4716647798151243,-0.39952494232041225,-0.44885297981922184,6.593604770004083,-2.2072280876723473,5.418895638674664,3.039627952425028
2026-07-17T21:17:18.337+00:00,27.334565,1784323038293.253,804,2,1,0.19885690149469032,-0.1660525616116612,0.30105148801312365,0.47042221041727605,-0.4097388053095425,-0.4197336277719971,7.7585446341477855,-2.3314850274571697,4.3975093397616405,5.951563157147505
2026-07-17T21:17:18.369+00:00,27.368208,1784323038326.593,805,2,1,0.205492490598944,-0.1667938252397647,0.30788876727849573,0.46434545153914303,-0.41895528270740257,-0.44644991016674834,5.610548441302796,-2.939160915270472,3.475861599975633,3.279934917672378
2026-07-17T21:17:18.404+00:00,27.401408,1784323038359.933,806,2,1,0.205492490598944,-0.1667938252397647,0.30788876727849573,0.4853481910485911,-0.41491955565406063,-0.41964809410413223,7.160777251597848,-0.8388869643256636,3.8794343053098257,5.960116523933989
2026-07-17T21:17:18.437+00:00,27.434827,1784323038393.274,807,2,1,0.2000233427971512,-0.16351399199490552,0.3009233314847138,0.48260172406039215,-0.4100824996802501,-0.42728000003765854,6.87640794000477,-1.1135336631455606,4.363139902690877,5.196925930581359
2026-07-17T21:17:18.469+00:00,27.468027,1784323038426.614,808,0;2,2,0.2372432638450894,-0.2356484581645199,0.352533117525412,0.4764167724252575,-0.4857803814870746,-0.3682558455685963,11.68237544547906,-1.7320288266590267,-3.2066482779915697,11.099341377487582
2026-07-17T21:17:18.503+00:00,27.501674,1784323038459.953,809,0;2,2,0.2410755391691099,-0.23499408490468124,0.35643108841857785,0.4798550776289605,-0.4867055973534852,-0.3640569470781601,12.062516502934804,-1.3881983062887238,-3.2991698646326286,11.5192312265312
2026-07-17T21:17:18.536+00:00,27.53521,1784323038493.293,810,2,1,0.19040098907422698,-0.16522645000288275,0.2900335013535155,0.46477053415536373,-0.39826225253740705,-0.4549935796051455,6.70990515737179,-2.8966526536484016,5.5451646169751845,2.42556797383266
2026-07-17T21:17:18.570+00:00,27.567626,1784323038526.632,811,2,1,0.19606361935042055,-0.16653685462593462,0.30228827159627336,0.47759823102860177,-0.4106354659663905,-0.42612265154389284,7.027552665466474,-1.613882966324598,4.3078432740768395,5.312660779957929
2026-07-17T21:17:18.604+00:00,27.602192,1784323038559.972,812,2,1,0.1965880999455046,-0.16260822095085517,0.29868610174150956,0.4711374462757973,-0.39834946194876664,-0.44607967011794947,6.838263726062399,-2.2599614416050464,5.536443675839226,3.3169589225522653
2026-07-17T21:17:18.635+00:00,27.634691,1784323038593.311,813,0;2,2,0.22968113782042243,-0.23187287235578669,0.34220010044551186,0.44773100315391146,-0.4900513014751947,-0.40170466245514824,9.721177231530662,-4.60060575379363,-3.6337402768035822,7.754459688832388
2026-07-17T21:17:18.669+00:00,27.668368,1784323038626.651,814,0;2,2,0.22963188380848765,-0.23434807850524392,0.3426228388652698,0.44643108623980055,-0.49210792596222763,-0.40108153249495765,9.910676096202858,-4.730597445204721,-3.839402725506874,7.816772684851447
2026-07-17T21:17:18.703+00:00,27.701635,1784323038659.99,815,0;2,2,0.22323227580576954,-0.2327927688824758,0.33807375701341835,0.4582844602169296,-0.4692929389236099,-0.40148153016180516,8.687584863800216,-3.545260047491816,-1.5579040216451012,7.776772918166697
2026-07-17T21:17:18.735+00:00,27.734477,1784323038693.33,816,0;2,2,0.22259156657783197,-0.23245791312508912,0.33434561446136907,0.45802304305679087,-0.468977197475701,-0.40525693106606386,8.35662850008703,-3.5714017635056883,-1.52632987685421,7.399232827740826
2026-07-17T21:17:18.770+00:00,27.768322,1784323038726.668,817,0;2,2,0.21944202556054815,-0.22870392426303235,0.32982365308759665,0.45729621010427424,-0.4645249578632289,-0.4101670687376735,7.884899270452219,-3.6440850587573514,-1.0811059156070002,6.908219060579862
2026-07-17T21:17:18.804+00:00,27.800997,1784323038760.008,818,0;2,2,0.21771204256217186,-0.23124028602791738,0.3294808559090139,0.4545531109452273,-0.46590632853176095,-0.41049979108805273,8.006576452002715,-3.918394974662043,-1.2192429824602058,6.874946825541938
2026-07-17T21:17:18.836+00:00,27.834452,1784323038793.347,819,0;2,2,0.21050179950157905,-0.22080191703765778,0.31246088756987617,0.4598680918886575,-0.45474847576343924,-0.39920895781792215,8.691735882881975,-3.3868968803190236,-0.10345770562803502,8.004030152554996
2026-07-17T21:17:18.870+00:00,27.868444,1784323038826.687,820,2,1,0.17274262222551837,-0.15613109503449704,0.2775341178734535,0.462193343443548,-0.38285764504196884,-0.43988144965134424,8.697953334700088,-3.154371724829974,7.085625366519005,3.936780969212789
2026-07-17T21:17:18.903+00:00,27.901248,1784323038860.026,821,0;2,2,0.20510392907451386,-0.2158181011591539,0.3021187546990429,0.45844747487953774,-0.4485792032685044,-0.4102024587331367,7.771216531905121,-3.528958581231001,0.5134695438654469,6.904680061033542
2026-07-17T21:17:18.937+00:00,27.934744,1784323038893.365,822,0;2,2,0.19816289740117465,-0.21795875747190077,0.3008582714365071,0.4514783328362183,-0.4470886987888454,-0.4120888849232878,7.962543090114564,-4.225872785562945,0.6625199918313507,6.71603744201843
2026-07-17T21:17:18.969+00:00,27.968073,1784323038926.705,823,0;2,2,0.19188521489785443,-0.21503334834513615,0.29364400895578724,0.4480443657755928,-0.44201623492159675,-0.4199940022439965,7.573534974287076,-4.569269491625494,1.169766378556214,5.92552570994756
2026-07-17T21:17:19.003+00:00,28.00159,1784323038960.044,824,0;2,2,0.18987689685758813,-0.21448176220911871,0.2931657119024983,0.43990010135564134,-0.4405318878652249,-0.44943384060801084,6.293761033576112,-5.383695933620642,1.3182010841933989,2.9815418735461288
2026-07-17T21:17:19.037+00:00,28.034675,1784323038993.384,825,0;2,2,0.18585234137810483,-0.21147081345347668,0.2892245230285177,0.4449412562555739,-0.4362933132852204,-0.4251163018127044,7.493253244121703,-4.879580443627384,1.7420585421938473,5.413295753076774
2026-07-17T21:17:19.069+00:00,28.068027,1784323039026.723,826,0;2,2,0.18466887702793486,-0.20930772919279764,0.2882363659646565,0.4450747381498472,-0.4339139211073502,-0.4262896096229446,7.459748820607561,-4.866232254200053,1.9799977599808671,5.295964972052753
2026-07-17T21:17:19.104+00:00,28.102064,1784323039060.062,827,0;2,2,0.18463590003118857,-0.20344505040458802,0.281972511288517,0.44843056029328054,-0.4293222834922251,-0.432713260237108,6.937743930116103,-4.53065003985672,2.439161521493377,4.653599910636413
2026-07-17T21:17:19.136+00:00,28.134202,1784323039093.402,828,0;2,2,0.18087126011012594,-0.19747587188630436,0.2750374182730354,0.4366291867322354,-0.4373342469742055,-0.4446652929345449,6.874338507561018,-5.710787395961237,1.6379651732953415,3.4583966408927247
2026-07-17T21:17:19.169+00:00,28.168271,1784323039126.741,829,0;2,2,0.17840221222347785,-0.19754350243979574,0.2736374955001588,0.44660556119587524,-0.42178633173803115,-0.4418258026765075,6.812681473701212,-4.71314994959725,3.192756696912774,3.742345666696462
2026-07-17T21:17:19.203+00:00,28.202117,1784323039160.079,830,0;2,2,0.17698405431804215,-0.19566716350217217,0.2712188961925911,0.4464950644014724,-0.4196515897632161,-0.4444358044817844,6.785295677786793,-4.7241996290375345,3.40623089439428,3.4813454861687743
2026-07-17T21:17:19.237+00:00,28.235279,1784323039193.419,831,0;2,2,0.17486680215261408,-0.19381607505559084,0.26744156785899453,0.44586593033666055,-0.4172994299047886,-0.44846681289628365,6.756639452358067,-4.78711303551872,3.6414468802370314,3.078244644718847
2026-07-17T21:17:19.269+00:00,28.268037,1784323039226.758,832,0;2,2,0.17470850232833252,-0.19620289862768533,0.2712250868437852,0.44426355297345,-0.41898618781529967,-0.4446426481451068,6.9650982824262755,-4.947350771839776,3.472771089185922,3.4606611198365336
2026-07-17T21:17:19.303+00:00,28.301522,1784323039260.097,833,0;2,2,0.17363375939293008,-0.1943009566065106,0.2675929922247118,0.44454869678898756,-0.41709545525801556,-0.448425291473825,6.8633246603285105,-4.918836390286019,3.6618443449143334,3.082396786964714
2026-07-17T21:17:19.336+00:00,28.334493,1784323039293.437,834,0;2,2,0.1746858663243204,-0.1953682985481517,0.2672430109896127,0.4449463921317825,-0.41856782076681653,-0.4486317204039673,6.747747641871955,-4.879066856006525,3.5146077940342355,3.0617538939504807
2026-07-17T21:17:19.368+00:00,28.367937,1784323039326.776,835,0;2,2,0.17868715786658207,-0.20183105180824218,0.28109086402534794,0.44417128611836987,-0.4250466867096362,-0.43424547509223804,7.282798672015698,-4.956577457347788,2.86672119975227,4.500378425123408
2026-07-17T21:17:19.402+00:00,28.4012,1784323039360.115,836,0;2,2,0.18347920763006026,-0.20610262871640964,0.2870518458764044,0.44573892713456764,-0.43064580013346687,-0.4276929301394675,7.412161005927873,-4.799813355728011,2.3068098573692017,5.1556329204004605
2026-07-17T21:17:19.436+00:00,28.434899,1784323039393.455,837,0;2,2,0.18495044144770129,-0.20498074341217437,0.285756662885992,0.4476623751798541,-0.43050734500538745,-0.4288684437953965,7.210858031490801,-4.607468551199368,2.3206553701771435,5.038081554807561
2026-07-17T21:17:19.469+00:00,28.467454,1784323039426.794,838,0;2,2,0.18861934893552806,-0.20778478972689166,0.29269374321539465,0.4421283853739362,-0.4341372810572803,-0.45032679959429794,6.231539139427558,-5.160867531791158,1.9576617649878614,2.892245974917418
2026-07-17T21:17:19.505+00:00,28.502076,1784323039460.134,839,0;2,2,0.1899276578121279,-0.2100550221193536,0.29423151777512047,0.442091430947543,-0.43663035561537467,-0.4485908297077314,6.244243608303836,-5.164562974430476,1.7083543091784226,3.0658429635740725
2026-07-17T21:17:19.536+00:00,28.534789,1784323039493.474,840,0;2,2,0.19894018828731186,-0.21855836722131824,0.31078353173556805,0.44514995314641204,-0.44714665732707376,-0.43105359532189913,6.875069242892311,-4.858710754543571,0.6567241380085131,4.8195664021572995
2026-07-17T21:17:19.569+00:00,28.567567,1784323039526.814,841,0;2,2,0.20581098309792126,-0.22177739207733052,0.320429985368173,0.449195872407834,-0.45256037455334397,-0.42080926942103297,7.348796155738836,-4.454118828401377,0.11535241538149221,5.843998992243915
2026-07-17T21:17:19.603+00:00,28.601136,1784323039560.154,842,2,1,0.17659633656304827,-0.15728825640912486,0.2849224761138547,0.41487437787312337,-0.40960497753493863,-0.49289811269531547,9.138495973716896,-7.886268281872439,4.410892117222026,-1.3648853351843349
2026-07-17T21:17:19.636+00:00,28.634319,1784323039593.492,843,0;2,2,0.21535429476630558,-0.22762276897809183,0.33304634773878317,0.45176222778708974,-0.47003852844585636,-0.3775951585904239,11.118424498731283,-4.197483290475801,-1.6324629738697471,10.16541007530482
2026-07-17T21:17:19.669+00:00,28.66786,1784323039626.832,844,0;2,2,0.2179812220723327,-0.23370013807546489,0.3411717778927035,0.4410017667331728,-0.4797987129490185,-0.4078062653756369,9.255014937874664,-5.273529395867493,-2.60848142418596,7.144299396783521
2026-07-17T21:17:19.703+00:00,28.702275,1784323039660.172,845,0;2,2,0.22273754931877351,-0.22985997916148287,0.3384371632806156,0.4427953277028652,-0.4852092522491936,-0.4060195811720866,9.460234257006137,-5.094173298898252,-3.14953535420347,7.3229678171385535
2026-07-17T21:17:19.737+00:00,28.735559,1784323039693.512,846,0;2,2,0.22663306721867565,-0.23317490322344808,0.34678324180571685,0.46134649191742816,-0.4682165104586504,-0.39842165193374857,8.827557313733683,-3.2390568774419592,-1.4502611751491534,8.082760740972356
2026-07-17T21:17:19.769+00:00,28.768476,1784323039726.852,847,0;2,2,0.2301473536921842,-0.22999644778580053,0.3437504085609107,0.46606354553930884,-0.4673884432813973,-0.4013736979625321,8.377004041187513,-2.767351515253891,-1.367454457423839,7.787556138094004
2026-07-17T21:17:19.803+00:00,28.801837,1784323039760.192,848,2,1,0.19943273183949217,-0.1629888090007703,0.3021240265217692,0.4736400857118548,-0.39706756063296955,-0.4478896826917343,6.779468318635346,-2.0096974979992965,5.664633807418934,3.135957665173783
2026-07-17T21:17:19.837+00:00,28.835392,1784323039793.531,849,0;2,2,0.24149560190859387,-0.23508198003899994,0.36163626491799006,0.4728690265546921,-0.47609312553220284,-0.3825996954972233,10.137772355752714,-2.0868034137155655,-2.2379226825043954,9.664956384624885
2026-07-17T21:17:19.870+00:00,28.86824,1784323039826.871,850,2,1,0.21196447706298682,-0.16933502363692182,0.31957377407411147,0.47924862407174984,-0.4172843834222356,-0.39996453957612144,8.844824005132256,-1.448843662009791,3.6429515284923273,7.928471976735069
2026-07-17T21:17:19.904+00:00,28.902446,1784323039860.211,851,2,1,0.20408632597510248,-0.1679049869743392,0.30888286616558425,0.4835253601898485,-0.4150989434784103,-0.4187286814568799,7.251299154074299,-1.0211700501999266,3.861495522874858,6.052057788659221
2026-07-17T21:17:19.938+00:00,28.935037,1784323039893.551,852,0;2,2,0.24265937452251113,-0.2437663345993759,0.37397190262589025,0.46921831289083626,-0.48333622928434,-0.3698266740743919,11.598255743654963,-2.4518747801011487,-2.962233057718111,10.942258526908022
2026-07-17T21:17:19.970+00:00,28.969391,1784323039926.891,853,2,1,0.21408255566086573,-0.1737713278759746,0.3231811930131591,0.4804133908994284,-0.4121147406289033,-0.4254845711556697,6.9272302008008575,-1.3323669792419335,4.159915807825559,5.3764688187802445
2026-07-17T21:17:20.004+00:00,29.002583,1784323039960.231,854,2,1,0.20543068894146882,-0.1729830929192994,0.31083467886748267,0.4736637815658917,-0.4080718293724327,-0.4383690643953535,6.447732444061773,-2.007327912595608,4.56420693347262,4.088019494811862
2026-07-17T21:17:20.037+00:00,29.03531,1784323039993.571,855,2,1,0.20924354825244884,-0.1796540395623943,0.3231568585653629,0.4733089949322654,-0.41486203244750436,-0.4255377430919535,6.9366420987197035,-2.0428065759582337,3.8851866259654533,5.37115162515186
2026-07-17T21:17:20.069+00:00,29.068387,1784323040026.91,856,2,1,0.20926443927905022,-0.17648250288046252,0.31851198968872174,0.4750345234628714,-0.4124449500186312,-0.4303141593283297,6.668999203890768,-1.8702537228976357,4.126894868852771,4.893510001514239
2026-07-17T21:17:20.103+00:00,29.101793,1784323040060.249,857,2,1,0.21888511240304862,-0.1773187497309891,0.3310489815445854,0.4825972525525406,-0.41699013464011236,-0.41717721712625117,7.2977178608446716,-1.113980813930715,3.672376406704653,6.207204221722096
2026-07-17T21:17:20.136+00:00,29.135022,1784323040093.589,858,2,1,0.2164445678801488,-0.17686241546500026,0.3298491620952865,0.48073665197284965,-0.41548438848792746,-0.4185465086399624,7.290630988766179,-1.3000408718998102,3.822951021923143,6.070275070350972
2026-07-17T21:17:20.170+00:00,29.168382,1784323040126.929,859,2,1,0.21805179892102672,-0.17806773121167055,0.33094801022229847,0.48150685507694635,-0.41724057267278924,-0.4172950897806464,7.29259937718476,-1.2230205614901402,3.647332603436965,6.195416956282573
2026-07-17T21:17:20.203+00:00,29.201948,1784323040160.269,860,2,1,0.221151113205612,-0.17590238529864344,0.33418436355078507,0.48516696461153125,-0.4166454033740983,-0.4139757786284282,7.555228108892677,-0.8570096080316503,3.7068495333060616,6.527348071504391
2026-07-17T21:17:20.236+00:00,29.235119,1784323040193.608,861,2,1,0.20921461351596585,-0.18042670523783183,0.32269784044751765,0.4729179192101708,-0.4155520469540831,-0.42596140198514937,6.877033752351931,-2.081914148167696,3.816185175307579,5.328785735832275
2026-07-17T21:17:20.270+00:00,29.268361,1784323040226.948,862,2,1,0.22436871555698376,-0.18346649418561028,0.35043164563656587,0.48373120824073446,-0.4236422903076861,-0.3972268962716056,8.793228507719894,-1.0005852451113295,3.0071608399472813,8.20223630718665
2026-07-17T21:17:20.302+00:00,29.301953,1784323040260.288,863,2,1,0.225453276678908,-0.17912250778950933,0.3426527336948062,0.48705776088157393,-0.42094885483441646,-0.4051159655775129,8.132592692695406,-0.667929981027382,3.276504387274243,7.413329376595923
2026-07-17T21:17:20.338+00:00,29.335731,1784323040293.628,864,2,1,0.221165879115962,-0.17921033994415958,0.33571801473818075,0.457331960671319,-0.4293995524132464,-0.43727295469791727,6.0650877115680935,-3.640510002052877,2.431434629391249,4.197630464555485
2026-07-17T21:17:20.370+00:00,29.368445,1784323040326.968,865,2,1,0.221165879115962,-0.17921033994415958,0.33571801473818075,0.4835031947558315,-0.4194191841412761,-0.4122926630482022,7.592130956852284,-1.0233865936016273,3.4294714565882787,6.69565962952699
2026-07-17T21:17:20.403+00:00,29.401836,1784323040360.307,866,2,1,0.2096432017214271,-0.19010317818224035,0.3314903657976435,0.46825078959387195,-0.4235490895392914,-0.41672064825174804,7.395466808575007,-2.5486271097975797,3.016480916786751,6.252861109172408
2026-07-17T21:17:20.437+00:00,29.435313,1784323040393.647,867,2,1,0.20183482515666695,-0.17748891836173808,0.3106699265850523,0.4683229716709827,-0.41024055388393477,-0.4385485811098838,6.474838098017193,-2.541408902086506,4.347334482322412,4.070067823358831
2026-07-17T21:17:20.470+00:00,29.468377,1784323040426.987,868,2,1,0.2084388842190072,-0.1779648570202699,0.3179596721917983,0.47360406978379666,-0.4133686586725206,-0.43084757676817004,6.6149819292848795,-2.0132990908051096,4.0345240034638294,4.840168257530209
2026-07-17T21:17:20.504+00:00,29.502615,1784323040460.327,869,2,1,0.2154558798383459,-0.18317862695482257,0.3361391602118654,0.47656950756940264,-0.42004463677888215,-0.4120445742370021,7.710261849812026,-1.7167553122445112,3.366926192827674,6.720468510647004
2026-07-17T21:17:20.537+00:00,29.53512,1784323040493.666,870,2,1,0.2215225994646577,-0.18702512979669386,0.3450895441273063,0.47967175384288646,-0.4257217836529513,-0.40256532770579045,8.28360835226779,-1.406530684896129,2.7992115054207565,7.668393163768167
2026-07-17T21:17:20.570+00:00,29.568457,1784323040527.006,871,0;2,2,0.25087528691834926,-0.2505491082019723,0.38818146269166764,0.47257922923290907,-0.492244242291362,-0.35483433012451476,13.19519451213955,-2.115783145893868,-3.8530343584203095,12.441492921895737
2026-07-17T21:17:20.604+00:00,29.602115,1784323040560.345,872,2,1,0.20841026400333995,-0.1787235060946913,0.3175075661301946,0.4732199499183688,-0.4140461533293185,-0.4312649738750097,6.555130440938058,-2.0517110773478953,3.9667745377840404,4.79842854684624
2026-07-17T21:17:20.636+00:00,29.635128,1784323040593.686,873,2,1,0.20407202122294393,-0.17325982867587755,0.30959036642148646,0.4723848284056077,-0.40773581480503734,-0.43968140853310445,6.430798426842187,-2.135223228624006,4.597808390212155,3.9567850810367675
2026-07-17T21:17:20.669+00:00,29.66862,1784323040627.025,874,2,1,0.2123633890082693,-0.18553353459873054,0.3303453603467518,0.47290249038353005,-0.42098931118642563,-0.41790441908517684,7.258214225723935,-2.08345703083177,3.272458752073326,6.134484025829528
2026-07-17T21:17:20.704+00:00,29.701624,1784323040660.365,875,2,1,0.2123633890082693,-0.18553353459873054,0.3303453603467518,0.47290249038353005,-0.42098931118642563,-0.41790441908517684,7.258214225723935,-2.08345703083177,3.272458752073326,6.134484025829528
2026-07-17T21:17:20.738+00:00,29.735908,1784323040693.705,876,2,1,0.2113953571826199,-0.17663960506437532,0.3205972149539499,0.467688094187954,-0.42428799351168606,-0.42799801204713644,6.458423106242025,-2.6048966503893767,2.9425905195472835,5.125124729633567
2026-07-17T21:17:20.770+00:00,29.768488,1784323040727.045,877,2,1,0.20750217675809293,-0.18957412236971868,0.330647929128973,0.4752853785987767,-0.42380521373283575,-0.380159363003414,10.513706085696196,-1.8451682093071076,2.990868497432314,9.90898963400581
2026-07-17T21:17:20.804+00:00,29.801951,1784323040760.385,878,2,1,0.21234550737544566,-0.1852998610499746,0.32974651968372587,0.46417483446931923,-0.4313928458239657,-0.4181597868040629,7.144283222402016,-2.9562226222528523,2.2321052883193193,6.108947253940922
2026-07-17T21:17:20.838+00:00,29.835582,1784323040793.725,879,2,1,0.2074759397045699,-0.1903612458085354,0.33017793399538287,0.46627978769231215,-0.42280602313255783,-0.4181521176381724,7.3770314745590735,-2.74572729995356,3.0907875574601062,6.109714170529973
2026-07-17T21:17:20.871+00:00,29.86811,1784323040827.065,880,2,1,0.2074759397045699,-0.1903612458085354,0.33017793399538287,0.46627978769231215,-0.42280602313255783,-0.4181521176381724,7.3770314745590735,-2.74572729995356,3.0907875574601062,6.109714170529973
2026-07-17T21:17:20.904+00:00,29.902163,1784323040860.405,881,2,1,0.2161703486333494,-0.18561195456566457,0.3343632388559933,0.4760490715004363,-0.42263529313363724,-0.4136579841454408,7.470582352222549,-1.7687989191411457,3.107860557352166,6.559127519803132
2026-07-17T21:17:20.936+00:00,29.935314,1784323040893.744,882,2,1,0.21312760990497473,-0.18533202456807493,0.32935846412586156,0.4736975192331993,-0.42125809820318144,-0.41885008641042426,7.143544147846428,-2.003954145864845,3.245580050397745,6.039917293304786
2026-07-17T21:17:20.970+00:00,29.968554,1784323040927.083,883,2,1,0.2253375158326437,-0.18236691801797106,0.34061695960976324,0.48542403946708784,-0.42385670685509297,-0.4070025830255148,7.861386942624106,-0.8313021224759909,2.9857191852065923,7.224667631795734
2026-07-17T21:17:21.002+00:00,30.001342,1784323040960.423,884,2,1,0.21198245893636508,-0.1843539523638813,0.32964519915652585,0.4731738123037201,-0.4198272634005388,-0.41868080624355297,7.238569435733012,-2.0563248388127677,3.3886635306620114,6.056845309991915
2026-07-17T21:17:21.037+00:00,30.035569,1784323040993.763,885,2,1,0.2259491063577731,-0.18606172293641132,0.3482702448379101,0.4838964544260749,-0.42682472360433193,-0.3991632104959153,8.505081122130296,-0.9840606265772878,2.6889175102826957,8.008604884755682
2026-07-17T21:17:21.069+00:00,30.068457,1784323041027.103,886,2,1,0.21385401002534773,-0.18996044414649954,0.3340629585489157,0.47190301125363027,-0.42530296118365807,-0.41390023618180105,7.452785998550754,-2.183404943821748,2.8410937523500825,6.534902316167107
2026-07-17T21:17:21.103+00:00,30.101804,1784323041060.443,887,2,1,0.21791312639582217,-0.1931597629438343,0.34333103257468245,0.4735674634462659,-0.42941268150049655,-0.40425922687577287,8.136870885224218,-2.016959724558187,2.430121720666234,7.4990032467699255
2026-07-17T21:17:21.136+00:00,30.13542,1784323041093.782,888,2,1,0.21385401002534773,-0.18996044414649954,0.3340629585489157,0.48030870876803267,-0.4270257731715096,-0.37609099635057835,10.739741106613065,-1.3428351923815085,2.6688125535649307,10.315826299289377
2026-07-17T21:17:21.171+00:00,30.168745,1784323041127.122,889,2,1,0.22961959607522714,-0.1893963476871321,0.35776537607302883,0.48514909791507915,-0.4308457889490536,-0.3893137611737899,9.31938698605913,-0.8587962776768598,2.286810975810527,8.99354981696822
2026-07-17T21:17:21.204+00:00,30.202107,1784323041160.462,890,2,1,0.23062166109125923,-0.18568479634076612,0.3547458282491913,0.4879428167210637,-0.4283241367749544,-0.39243366859220097,9.063752022015597,-0.5794243970784041,2.5389761932204493,8.681559075127115
2026-07-17T21:17:21.238+00:00,30.235195,1784323041193.802,891,2,1,0.2136897011883871,-0.17675762651333718,0.3194869338803533,0.4787178714463725,-0.4147802852163163,-0.4290538778902052,6.527617194876465,-1.501918924547524,3.8933613490842567,5.019538145326691
2026-07-17T21:17:21.272+00:00,30.270839,1784323041227.142,892,2,1,0.2098694395532701,-0.1810683119961588,0.32148117595601133,0.47320998829045613,-0.41651645525510544,-0.4271039172531502,6.72617811424689,-2.052707240139162,3.7197443452053447,5.21453420903219
2026-07-17T21:17:21.303+00:00,30.30178,1784323041260.481,893,0;2,2,0.25355105192535293,-0.2520161227172184,0.3906314336187531,0.4741075953292786,-0.4946549157618243,-0.35215721264511857,13.495877563858967,-1.9629465362569154,-4.0941017054665405,12.709204669835355
2026-07-17T21:17:21.337+00:00,30.335227,1784323041293.821,894,2,1,0.20990236772018583,-0.18030474678799893,0.32194897837764397,0.45697051022928586,-0.4378885620952891,-0.4272831572437198,6.559494095764536,-3.6766550462561884,1.58253366118698,5.196610209975233
2026-07-17T21:17:21.371+00:00,30.36887,1784323041327.161,895,2,1,0.20995775910697445,-0.17804421816695992,0.3172333424471211,0.45820212968478813,-0.4364530712571992,-0.4321588889479968,6.146682414048108,-3.5534931007059622,1.7260827449959715,4.709037039547531
2026-07-17T21:17:21.403+00:00,30.402617,1784323041360.501,896,2,1,0.21715109339166694,-0.17620684899643643,0.3253124973809873,0.46526837781084507,-0.43768049256567965,-0.4238550162130605,6.431219316325541,-2.8468682881002683,1.6033406141479245,5.539424313041163
2026-07-17T21:17:21.438+00:00,30.435591,1784323041393.84,897,2,1,0.21144381191398837,-0.18761893209752653,0.33684693574411506,0.47037388660301843,-0.4243874630609573,-0.4057818218300464,8.248237451725586,-2.336317408882932,2.9326435646201574,7.346743751342571
2026-07-17T21:17:21.470+00:00,30.468725,1784323041427.179,898,0;2,2,0.2489370290812375,-0.24544683808803552,0.379683533377446,0.457148142266785,-0.5076042064646896,-0.3621665459639703,13.398237195252161,-3.6588918425062733,-5.389030775753073,11.708271337950183
2026-07-17T21:17:21.504+00:00,30.501974,1784323041460.519,899,2,1,0.2077150924217089,-0.1787920825909034,0.32432978592798956,0.47192611270798956,-0.415866224908741,-0.41895280339013774,7.445687654232086,-2.1810947983858187,3.7847673798417913,6.029645595333438
2026-07-17T21:17:21.539+00:00,30.536016,1784323041493.859,900,2,1,0.20323923729340154,-0.17136533123779157,0.31279393183572746,0.4721038728622331,-0.40811862877833893,-0.43112691526559904,6.973294382931605,-2.1633187829614653,4.559526992881996,4.812234407787308
2026-07-17T21:17:21.569+00:00,30.568547,1784323041527.198,901,2,1,0.1992911704045528,-0.17238144332992555,0.30970991485950317,0.46827900217900764,-0.407305689999669,-0.43441938720184714,6.936535168883365,-2.545805851284011,4.640820870748991,4.482987214162498
2026-07-17T21:17:21.606+00:00,30.603176,1784323041560.538,902,0;2,2,0.23268840841418506,-0.2366409984630613,0.3555310722403716,0.4639940154583046,-0.4759143063919181,-0.3832457510026531,10.292803532021688,-2.9743045233543155,-2.220040768475923,9.6003508340819
2026-07-17T21:17:21.638+00:00,30.635972,1784323041593.877,903,0;2,2,0.22435409278034785,-0.23189163765094387,0.34163852928275773,0.464177209211626,-0.4689017913043939,-0.36843042836341255,11.569472849211811,-2.9559851480221777,-1.518789259723502,11.081883098005957
2026-07-17T21:17:21.670+00:00,30.668864,1784323041627.217,904,0;2,2,0.21993159296695272,-0.23010489637439696,0.3335848341098833,0.4618327950279807,-0.465800221917095,-0.37694494211333796,10.784310223750786,-3.190426566386706,-1.2086323209936134,10.230431723013417
2026-07-17T21:17:21.704+00:00,30.702009,1784323041660.557,905,0;2,2,0.21843019775444034,-0.23008025248237002,0.33375605888599263,0.460537962130443,-0.4650209784846157,-0.3769276138152387,10.816537959064854,-3.319909856140474,-1.1307079777456819,10.232164552823342
2026-07-17T21:17:21.737+00:00,30.735125,1784323041693.896,906,2,1,0.1720257832188421,-0.16814919749911822,0.290048541954817,0.45466082312243017,-0.39190703112026093,-0.4271170771905535,8.98042629250471,-3.9076237569417582,6.180686758689796,5.213218215291865
2026-07-17T21:17:21.769+00:00,30.768565,1784323041727.236,907,0;2,2,0.2067406866315978,-0.22079984691153146,0.31506644584846577,0.45643917821941854,-0.45267602338029717,-0.39699934237223866,9.031754017850602,-3.7297882472429214,0.10378753268617258,8.224991697123347
2026-07-17T21:17:21.804+00:00,30.802312,1784323041760.575,908,0;2,2,0.2003833689325578,-0.21717716198763842,0.30789566467440377,0.45328275229440146,-0.446957614466949,-0.4048921373087761,8.491866721712535,-4.045430839744629,0.6756284240209909,7.435712203469603
2026-07-17T21:17:21.837+00:00,30.835905,1784323041793.915,909,0;2,2,0.19792690759278897,-0.21036625045878982,0.29768095629319835,0.4553053757663952,-0.44065651386532795,-0.41552078308231855,7.555665683237547,-3.843168492545257,1.3057384841830944,6.372847626115358
2026-07-17T21:17:21.871+00:00,30.868732,1784323041827.254,910,0;2,2,0.20112493000780096,-0.207333211325419,0.2914230682578938,0.46002988822646784,-0.4401135149591724,-0.4215184468455198,6.822016289468303,-3.370717246537991,1.36003837479865,5.773081249795231
2026-07-17T21:17:21.904+00:00,30.901937,1784323041860.593,911,0;2,2,0.20070255248537738,-0.20949401243566484,0.29383556849991765,0.4584108398224823,-0.44158220139454457,-0.41909166625235544,7.080999906166114,-3.5326220869365432,1.213169731261432,6.015759309111668
2026-07-17T21:17:21.937+00:00,30.935287,1784323041893.933,912,0;2,2,0.19811522460320224,-0.21071956977818704,0.2880931284439237,0.44909335678950824,-0.44169435903157095,-0.45411229699776284,5.262505589643021,-4.4643703902339515,1.2019539675587942,2.513696234570928
2026-07-17T21:17:21.972+00:00,30.969155,1784323041927.272,913,0;2,2,0.19657778539272242,-0.2066229019736831,0.2746989952572523,0.45024640709739144,-0.4384219275460022,-0.46776919552592144,4.750866444472713,-4.349065359445631,1.5291971161156714,1.1480063817550679
2026-07-17T21:17:22.004+00:00,31.002539,1784323041960.612,914,0;2,2,0.19564235494387364,-0.20996661118644883,0.2716959259582431,0.44788831205296564,-0.4410997591698982,-0.4706575258730833,4.832227387078424,-4.584874863888211,1.2614139537260705,0.8591733470388829
2026-07-17T21:17:22.037+00:00,31.035832,1784323041993.951,915,0;2,2,0.19794577108339934,-0.20974030360131155,0.2680871924069343,0.45774759405624654,-0.4424628819651874,-0.44496489336549977,5.096317137850355,-3.598946663560121,1.1251016741971487,3.4284365977972353
2026-07-17T21:17:22.072+00:00,31.069511,1784323042027.291,916,0;2,2,0.20211216337929439,-0.2083744339166249,0.2569412053624611,0.45481182685395827,-0.44403037851903937,-0.4849952956627002,4.052112197299062,-3.8925233837889484,0.9683520188119521,-0.5746036319228098
2026-07-17T21:17:22.104+00:00,31.102137,1784323042060.63,917,0;2,2,0.2041398447358426,-0.20947459073719535,0.253232953584926,0.4561606006808711,-0.4462664409837959,-0.48849583873152197,3.940753993688662,-3.7576460010976644,0.7447457723362971,-0.9246579388049847
2026-07-17T21:17:22.137+00:00,31.135741,1784323042093.97,918,0;2,2,0.20766336986554507,-0.20788247792239278,0.2453801536679628,0.4602825955915007,-0.4472187971089885,-0.49615865119550095,3.8043594897516635,-3.345446510034705,0.6495101598170405,-1.6909391852028832
2026-07-17T21:17:22.171+00:00,31.169026,1784323042127.309,919,0;2,2,0.21464011744121336,-0.20701991601554537,0.2424901036128432,0.4668723972201323,-0.4501118483311808,-0.4986032735016845,3.3305596742828243,-2.6864663471715455,0.36020503759781053,-1.9354014158212363
2026-07-17T21:17:22.203+00:00,31.201603,1784323042160.649,920,2,1,0.1823388600405125,-0.13929951547570937,0.20811691605864244,0.4602484635280769,-0.4081986229127211,-0.5138451810912079,6.625710733360245,-3.348859716377084,4.551527579443782,-3.4595921747735794
2026-07-17T21:17:22.238+00:00,31.235846,1784323042193.988,921,2,1,0.18255799212618615,-0.14262470522008194,0.20263389197299195,0.4589146640216177,-0.41180474150675295,-0.5189818479475674,6.74363059804544,-3.4822396670230074,4.190915720040595,-3.973258860409529
2026-07-17T21:17:22.270+00:00,31.268941,1784323042227.328,922,0;2,2,0.21729316014075023,-0.21395343558922789,0.2302157699587946,0.4513429626098785,-0.4870403788688752,-0.48241208072456293,5.401774959438411,-4.239409808196926,-3.33264801617163,-0.3162821381090808
2026-07-17T21:17:22.303+00:00,31.302213,1784323042260.666,923,0;2,2,0.2176349276971895,-0.21708541276737717,0.22898057911685582,0.4500744116533722,-0.4900375878382197,-0.48333906475242916,5.6943514305232075,-4.366264903847555,-3.632368913106082,-0.4089805408957037
2026-07-17T21:17:22.338+00:00,31.335459,1784323042294.006,924,0;2,2,0.2177574482479704,-0.2190642800654182,0.22763558840325615,0.44921116002967215,-0.49195134174102906,-0.48449330464168555,5.8925019224741115,-4.45259006621756,-3.8237443033870164,-0.5244045298213429
2026-07-17T21:17:22.370+00:00,31.36888,1784323042327.345,925,0;2,2,0.21924372507818968,-0.21683533642914612,0.22097528330607458,0.45184541136232914,-0.4915889972264422,-0.49116161019155435,5.771773968305222,-4.189164932951861,-3.7875098519283332,-1.1912350848082232
2026-07-17T21:17:22.404+00:00,31.403124,1784323042360.685,926,0;2,2,0.21973457523883067,-0.22535463172875678,0.2262069501787366,0.4614513701173394,-0.4822472870737771,-0.48328923653380784,4.327633860727587,-3.2285690574508363,-2.853338836661823,-0.40399771903357196
2026-07-17T21:17:22.437+00:00,31.435442,1784323042394.024,927,0;2,2,0.22032432096818763,-0.22340878018049948,0.2205088093273626,0.4632242897014778,-0.4814290498664709,-0.4890155085720545,4.236199265012285,-3.0512770990369975,-2.7715151159312,-0.976624922858238
2026-07-17T21:17:22.471+00:00,31.468581,1784323042427.363,928,0;2,2,0.21886119358740497,-0.22778011055914846,0.2196709791530046,0.4459600721408199,-0.500908116099378,-0.4915520280469152,6.827366189124108,-4.777698855102786,-4.719421739221913,-1.23027687034431
2026-07-17T21:17:22.503+00:00,31.502758,1784323042460.703,929,0;2,2,0.21997926513029875,-0.2275694052498974,0.21792862036457228,0.46097814452561675,-0.4851123828389583,-0.49135540806686456,4.696349892282203,-3.2758916166231,-3.1398484131799407,-1.210614872339244
2026-07-17T21:17:22.537+00:00,31.535735,1784323042494.043,930,0;2,2,0.21884874408724547,-0.2270515941466007,0.21638593096460834,0.4603380687070169,-0.4842619933478296,-0.4930267061887048,4.7312755080965045,-3.3398991984830873,-3.0548094640670707,-1.3777446845232688
2026-07-17T21:17:22.570+00:00,31.568984,1784323042527.383,931,0;2,2,0.22117627974695003,-0.22776326539669964,0.21892012984740084,0.4479809522823103,-0.5021519876735814,-0.4920928693600185,6.785888473708905,-4.575610840953748,-4.843808896642249,-1.284361001654638
2026-07-17T21:17:22.604+00:00,31.602239,1784323042560.723,932,0;2,2,0.2202873375170501,-0.22878999112451462,0.22077311040800152,0.46048948770305737,-0.4860334528115511,-0.4884247585321513,4.726673748539379,-3.324757298879039,-3.2319554104392187,-0.9175499188679159
2026-07-17T21:17:22.637+00:00,31.635667,1784323042594.063,933,2,1,0.1782970389857899,-0.15889747390288503,0.19085825369140666,0.4473158417667744,-0.42496715478322183,-0.5296515517038765,7.430811481865001,-4.642121892507333,2.8746743923937057,-5.0402292360404335
2026-07-17T21:17:22.671+00:00,31.668567,1784323042627.403,934,0;2,2,0.21100292078734698,-0.2271716635706684,0.22699321999325217,0.4392849046811981,-0.4955486576415036,-0.48503618470281645,6.8910614961829255,-5.445215601064968,-4.183475893434468,-0.578692535934433
2026-07-17T21:17:22.705+00:00,31.702627,1784323042660.743,935,0;2,2,0.2017178313375465,-0.22857194479973234,0.22616355394575355,0.4455769927755026,-0.46376013639481306,-0.5146737940085987,6.062356546446748,-4.816006791634514,-1.004623768765417,-3.542453466512657
2026-07-17T21:17:22.736+00:00,31.735575,1784323042694.083,936,0;2,2,0.20305217810501153,-0.22511013390350149,0.2317247421373999,0.433358479225311,-0.48920861800535953,-0.48122398136382505,7.006673765080645,-6.037858146653674,-3.549471929820064,-0.1974722020352926
2026-07-17T21:17:22.770+00:00,31.769483,1784323042727.422,937,0;2,2,0.2037978781664458,-0.22684988253272642,0.23965341786126246,0.43284938945840556,-0.4901286863588619,-0.4731406037008183,7.120857351268099,-6.088767123344219,-3.641478765170303,0.6108655642653837
2026-07-17T21:17:22.803+00:00,31.802647,1784323042760.761,938,0;2,2,0.20402815383231881,-0.21920275428059952,0.23646410641596663,0.45409902399028,-0.4646860731088543,-0.4731176834319328,4.158315509692621,-3.9638036701567736,-1.09721744016954,0.6131575911539344
2026-07-17T21:17:22.837+00:00,31.835731,1784323042794.101,939,0;2,2,0.20345740700900233,-0.21916536074995047,0.23858690879678984,0.43240951095561597,-0.47641753203350806,-0.5073655852229606,7.11832220669231,-6.132754973623178,-2.270363332634917,-2.811632587948848
2026-07-17T21:17:22.871+00:00,31.869168,1784323042827.441,940,0;2,2,0.20429502565086816,-0.21879985861287216,0.24457758987052758,0.4519959927295668,-0.45511049489609134,-0.4966407005539464,4.5240794234010515,-4.174106796228094,-0.1396596188932453,-1.7391441210474257
2026-07-17T21:17:22.904+00:00,31.902584,1784323042860.781,941,0;2,2,0.2028642242125543,-0.21795589925199915,0.25069415897659486,0.4509554403418138,-0.4532026819519242,-0.490686762505361,4.428707329372184,-4.278162035003397,0.05112167552346891,-1.1437503161888851
2026-07-17T21:17:22.938+00:00,31.935536,1784323042894.121,942,0;2,2,0.20151423857043055,-0.21532926415783327,0.2498436706991146,0.45110805020248657,-0.450326457239177,-0.4917586977152423,4.455550856379248,-4.2629010489361185,0.33874414679818665,-1.2509438371770154
2026-07-17T21:17:22.970+00:00,31.968804,1784323042927.461,943,0;2,2,0.20275438483551667,-0.2157200135655148,0.2554808021269792,0.4371301780002594,-0.4782025483028701,-0.45848075940481675,6.5079672070337775,-5.660688269158837,-2.4488649595711234,2.076849993865537
2026-07-17T21:17:23.004+00:00,32.001914,1784323042960.801,944,0;2,2,0.20204590073084877,-0.21127143266917026,0.2514232615783796,0.45351733457857096,-0.44694104151923963,-0.49035225625274953,4.227025554077444,-4.021972611327679,0.6772857187919257,-1.1102996909277407
2026-07-17T21:17:23.036+00:00,32.035771,1784323042994.141,945,0;2,2,0.2038486996891254,-0.2121609097536868,0.2579930729997376,0.43980850314285724,-0.4754132406735606,-0.45619546133674965,6.253501709941707,-5.392855754899051,-2.169934196640172,2.305379800672247
2026-07-17T21:17:23.070+00:00,32.068798,1784323043027.48,946,0;2,2,0.20338566049389106,-0.20665999962757664,0.25824842749162125,0.4385220427327697,-0.46366287660379657,-0.48884747943718343,5.691929548383766,-5.521501795907807,-0.9948977896637679,-0.9598220093711307
2026-07-17T21:17:23.104+00:00,32.102485,1784323043060.82,947,0;2,2,0.20337849527073645,-0.20524028347648599,0.2598811453940001,0.4392217459049696,-0.462275926374832,-0.4873414257953674,5.57737485021367,-5.451531478687816,-0.8562027667673111,-0.8092166451895255
2026-07-17T21:17:23.137+00:00,32.135673,1784323043094.16,948,0;2,2,0.20354199959480568,-0.20160991684625465,0.25987391449342234,0.44120198518644094,-0.4592435004814325,-0.4876404131010641,5.348758842502058,-5.253507550540681,-0.5529601774273585,-0.8391153757591974
2026-07-17T21:17:23.171+00:00,32.169327,1784323043127.5,949,0;2,2,0.20179099848905369,-0.2029127289976157,0.26246864442060275,0.43901110444891256,-0.45921798822282484,-0.4850528778862946,5.5307388984571615,-5.472595624293519,-0.5504089515665944,-0.5803618542822464
2026-07-17T21:17:23.203+00:00,32.202446,1784323043160.839,950,0;2,2,0.20106279745504027,-0.20218500083737315,0.2650754664411179,0.45667010812574155,-0.43751152024546935,-0.4772733961874856,4.050160583933646,-3.7066952566106206,1.6202378461689537,0.19758631559865236
2026-07-17T21:17:23.242+00:00,32.239429,1784323043194.178,951,0;2,2,0.20083950543723245,-0.20467164377191285,0.2723523883122857,0.4372187145902836,-0.45924971727474606,-0.47512947900339003,5.693804811652715,-5.651834610156414,-0.553581856758717,0.4119780340082091
2026-07-17T21:17:23.270+00:00,32.268843,1784323043227.518,952,0;2,2,0.20227719649178444,-0.19924485000951683,0.26757058989710003,0.4447541549058791,-0.4624374031636349,-0.4479376637436618,5.878639815676156,-4.898290578596864,-0.8723504456476017,3.131159559981034
2026-07-17T21:17:23.304+00:00,32.302453,1784323043260.858,953,0;2,2,0.2028242438323768,-0.197139155231916,0.26228682581292107,0.44647392620370974,-0.4615423493605907,-0.45331285114126374,5.447738789358958,-4.726313448813801,-0.7828450653431795,2.5936408202208385
2026-07-17T21:17:23.338+00:00,32.336425,1784323043294.198,954,0;2,2,0.20883351250597748,-0.19666752189558082,0.266896650138595,0.45172398960874827,-0.46362450068224703,-0.44824474415483995,5.314694850529346,-4.2013071083099485,-0.991060197508814,3.100451518863218
2026-07-17T21:17:23.370+00:00,32.368689,1784323043327.538,955,0;2,2,0.2108481668151977,-0.1986765900610657,0.269756893682959,0.4667420653303025,-0.4388963860728869,-0.4721143279169339,3.1610056970813307,-2.699499536154526,1.4817512634272,0.7134931426538205
2026-07-17T21:17:23.404+00:00,32.403144,1784323043360.877,956,0;2,2,0.20880274117572312,-0.19708207689366913,0.26458467830414684,0.45156107276689195,-0.46423858731139295,-0.45050624193264804,5.211280147469572,-4.217598792495581,-1.0524688604234056,2.874301741082408
2026-07-17T21:17:23.438+00:00,32.435953,1784323043394.217,957,0;2,2,0.2097601281722087,-0.20143824294922583,0.2664223609279224,0.4500942916916004,-0.46822743570977354,-0.4482242490049085,5.5478692385844806,-4.364276900024732,-1.4513537002614652,3.102501033856364
2026-07-17T21:17:23.470+00:00,32.468568,1784323043427.557,958,0;2,2,0.2134433450249362,-0.19912298784683868,0.26301569494858684,0.4509724234643496,-0.4617754584002033,-0.4841447062256945,4.3792332000713285,-4.276463722749813,-0.8061559693044396,-0.4895446882222376
2026-07-17T21:17:23.504+00:00,32.502233,1784323043460.897,959,2,1,0.19412594870035219,-0.11740402434015178,0.21056729541149752,0.4761485158558908,-0.38722422504967036,-0.544230173596577,9.461898768056631,-1.7588544835956954,6.648967365748853,-6.498091425310487
2026-07-17T21:17:23.536+00:00,32.535849,1784323043494.236,960,2,1,0.2079913518026991,-0.12105820743721539,0.219133453851013,0.5074558185779674,-0.383416873211889,-0.4954062489085892,7.342291483745315,1.3718757886119648,7.02970254952699,-1.6156989565117075
2026-07-17T21:17:23.570+00:00,32.568599,1784323043527.576,961,2,1,0.22465344312786112,-0.13064003198435054,0.23661211714234584,0.5000779660146413,-0.4187681983261877,-0.48255010339126053,3.5669379401064156,0.6340905322793522,3.494570038097117,-0.33008440477884093
2026-07-17T21:17:23.605+00:00,32.602497,1784323043560.916,962,2,1,0.2237193297273805,-0.14134261103365367,0.2402936283573278,0.49367992858104315,-0.42700826984788054,-0.4780626063948001,2.6732041113020117,-0.005713211080460301,2.6705628859278354,0.11866529486720401
2026-07-17T21:17:23.638+00:00,32.635767,1784323043594.255,963,2,1,0.22853494410679195,-0.13960092003069452,0.23626679287784436,0.5082731770453786,-0.4027897653408564,-0.5100103714771718,6.124387363201636,1.4536116353530804,5.092413336630247,-3.0761112133699644
2026-07-17T21:17:23.670+00:00,32.668832,1784323043627.594,964,2,1,0.22633380404982556,-0.14105937083536776,0.22627974641215776,0.49180286921978567,-0.4221477800454499,-0.5247599653880204,5.54200803742558,-0.19341914720620856,3.1566118661708997,-4.551070604454827
2026-07-17T21:17:23.737+00:00,32.735981,1784323043694.273,966,2,1,0.2408692421333142,-0.13540737513557147,0.21491610696626817,0.5122710511255193,-0.4336139575013474,-0.5022307706985257,3.5716471018774585,1.8533990433671543,2.009994120581149,-2.2981511355053605
2026-07-17T21:17:23.771+00:00,32.768972,1784323043727.613,967,2,1,0.25072139332725074,-0.13284404262726712,0.2137929724113352,0.5315175390280771,-0.40965808364061945,-0.5313526386334101,7.799385564211166,3.778047833622933,4.405581506653943,-5.2103379289937966
2026-07-17T21:17:23.803+00:00,32.802132,1784323043760.953,968,2,1,0.26037565809931795,-0.13180191037198608,0.2124889746829171,0.5309430556973754,-0.44066931377446455,-0.5032150492409487,4.6138989432232025,3.720599500552768,1.3044584932694336,-2.3965789897476606
2026-07-17T21:17:23.837+00:00,32.835107,1784323043794.292,969,2,1,0.25969482861833487,-0.13337349042709992,0.2126522097945518,0.5426635112691224,-0.4238575118020178,-0.498661466868034,6.051475197087594,4.892645057727463,2.985638690514109,-1.9412207524561853
2026-07-17T21:17:23.871+00:00,32.868587,1784323043827.632,970,2,1,0.2574423392047568,-0.12972191982499193,0.20474984953733882,0.5429437117794609,-0.42038432799994874,-0.5069508248652671,6.557081307367874,4.9206651087613125,3.332957070721015,-2.7701565521794977
2026-07-17T21:17:23.905+00:00,32.903318,1784323043860.971,971,2,1,0.261483660747747,-0.13482474439316072,0.2073614133149008,0.5254202099647766,-0.43640119671555844,-0.5420516059811074,7.244091620965564,3.1683149272928812,1.7312701991600454,-6.280234663763523
2026-07-17T21:17:23.937+00:00,32.936828,1784323043894.311,972,2,1,0.2565110439277529,-0.13345354323332817,0.1998562925917487,0.527192994589121,-0.441633831233196,-0.5159529665894171,5.111154144330071,3.3455933897273193,1.2080067473962897,-3.670370724594502
2026-07-17T21:17:23.972+00:00,32.969445,1784323043927.651,973,2,1,0.26277265179508486,-0.1339580871971428,0.20184763526368638,0.5322459029946461,-0.4449896453834634,-0.5133772392422449,5.218967851528541,3.8508842302798385,0.8724253323695474,-3.4127979898772756
2026-07-17T21:17:24.004+00:00,33.002927,1784323043960.99,974,2,1,0.2708745589808683,-0.13068388792668326,0.20621695114839297,0.5407343944435842,-0.4457610122070432,-0.5086020210948861,5.597841017652337,4.6997333751736425,0.7952886500115719,-2.935276175141394
2026-07-17T21:17:24.037+00:00,33.035812,1784323043994.33,975,2,1,0.27295609619641653,-0.12836230983963212,0.20257339388413226,0.5452464172272463,-0.42256477976407797,-0.5295166991401048,7.842382881069439,5.1509356535398565,3.1149118943080922,-5.026743979663268
2026-07-17T21:17:24.071+00:00,33.06909,1784323044027.669,976,0;2,2,0.32061097429909147,-0.1998167035494514,0.24280741405961173,0.536686050665241,-0.513452952642627,-0.4884068313606063,7.414331682686177,4.294898997339325,-5.973905393546813,-0.9157572017134186
2026-07-17T21:17:24.104+00:00,33.102834,1784323044061.008,977,0;2,2,0.3179475291197381,-0.20017037890145145,0.2377924049799513,0.5445677514327916,-0.5251756841373308,-0.4671308083473859,8.852910681021216,5.083069074094382,-7.146178543017196,1.2118450996086216
2026-07-17T21:17:24.139+00:00,33.13642,1784323044094.347,978,0;2,2,0.3195530014204393,-0.20230169443581975,0.24009337233123978,0.5585732897991706,-0.5101917887534342,-0.4615079053854498,8.779660761783601,6.48362291073229,-5.647789004627529,1.7741353958022343
2026-07-17T21:17:24.171+00:00,33.169783,1784323044127.687,979,2,1,0.2765743730958575,-0.13279052309424139,0.2048155838294052,0.5445962278579606,-0.45060670361905153,-0.5093056832698987,5.915824680795767,5.085916716611283,0.3107195088107362,-3.0056423926426543
2026-07-17T21:17:24.203+00:00,33.202435,1784323044161.027,980,0;2,2,0.32040879054844185,-0.2024560547255811,0.23606302091995193,0.5417227919655807,-0.521198374230338,-0.5044535761915391,8.65565851353392,4.798573127373295,-6.74844755231791,-2.520431684806695
2026-07-17T21:17:24.238+00:00,33.235458,1784323044194.366,981,2,1,0.2677497290747492,-0.1301100634356832,0.19071071559690245,0.5523778866080861,-0.4272148864008311,-0.5199057482701788,7.6117634022589655,5.8640825916238315,2.6499012306327785,-4.065648892670665
2026-07-17T21:17:24.269+00:00,33.268905,1784323044227.706,982,2,1,0.2760068844881098,-0.1318178118644169,0.19594423685712586,0.5583971984806672,-0.4322395257640647,-0.5138223570409801,7.640275647232657,6.4660137788819405,2.1474372943094178,-3.4573097697507995
2026-07-17T21:17:24.304+00:00,33.302051,1784323044261.045,983,2,1,0.2774370112294588,-0.13163892698326238,0.19521250021057018,0.5597604777536169,-0.4328641099721403,-0.5144257350385139,7.766073482224515,6.602341706176917,2.084978873501858,-3.517647569504173
2026-07-17T21:17:24.338+00:00,33.335623,1784323044294.385,984,0;2,2,0.32666037556267247,-0.2067253444284663,0.2376260350842047,0.5626337456070993,-0.5177684238000808,-0.46301737534126775,9.546313128874539,6.889668491525159,-6.405452509292192,1.6231884002204378
2026-07-17T21:17:24.370+00:00,33.369565,1784323044327.724,985,2,1,0.27407557951963496,-0.13286325707075464,0.1902984453416417,0.5564926518299436,-0.4327564043235045,-0.519549781855592,7.747007747951873,6.275559113809582,2.0957494383654405,-4.030052251211985
2026-07-17T21:17:24.405+00:00,33.403144,1784323044361.064,986,2,1,0.2783622892374581,-0.13227260050894812,0.19140192813827955,0.5351990148901191,-0.438974244612965,-0.5470616862545311,8.083858170653265,4.146195419827137,1.4739654094193866,-6.7812426911058985
2026-07-17T21:17:24.437+00:00,33.436125,1784323044394.403,987,0;2,2,0.3274453165840498,-0.2040014400959694,0.2315227148010578,0.5649849451633641,-0.5164149611078874,-0.4691758089964896,9.544191254234017,7.124788447151631,-6.270106240072853,1.0073450346982538
2026-07-17T21:17:24.471+00:00,33.469454,1784323044427.743,988,2,1,0.2840221334080967,-0.1275629871752761,0.18935191551121705,0.563741452804063,-0.42342583623340885,-0.5538529157098251,10.669436342489439,7.00043921122152,3.0288062473750044,-7.460365636635297
2026-07-17T21:17:24.505+00:00,33.502745,1784323044461.083,989,0;2,2,0.33116015403732524,-0.20609801708940237,0.23298195508029323,0.5491720180321997,-0.530046616598892,-0.5065904691307446,9.822046664874481,5.543495734035197,-7.633271789173307,-2.734120978727245
2026-07-17T21:17:24.537+00:00,33.535798,1784323044494.422,990,2,1,0.2969425803227155,-0.132184462712351,0.20150213023018104,0.5760328135298487,-0.44232914354898684,-0.5063048663385628,8.737396325598183,8.229575283800095,1.1384755158172055,-2.7055606995090633
2026-07-17T21:17:24.570+00:00,33.568434,1784323044527.761,991,2,1,0.29485784988451297,-0.12971351689683663,0.19747035308773137,0.5869725838401668,-0.4313664278375957,-0.5028436674930076,9.873686407281518,9.323552314831907,2.234747086956318,-2.359440814953545
2026-07-17T21:17:24.603+00:00,33.602346,1784323044561.101,992,0;2,2,0.33868754078179186,-0.20076341624202065,0.23310749830062744,0.551852863920678,-0.5243226043907633,-0.49698385491228714,9.315337773390409,5.811580322883025,-7.060870568360439,-1.7734595568815015
2026-07-17T21:17:24.637+00:00,33.635611,1784323044594.441,993,2,1,0.30234203432376056,-0.1300459565553054,0.2012573306908346,0.5568775692314452,-0.4482798275981609,-0.5360816368853771,8.512445056810792,6.31405085395974,0.5434071108998018,-5.683237754190501
2026-07-17T21:17:24.671+00:00,33.668902,1784323044627.781,994,2,1,0.2947073132020256,-0.13281159705158124,0.197075712724041,0.5489382065217813,-0.4471781601202536,-0.5404607362578551,8.268450450872876,5.520114582993352,0.6535738586905315,-6.121147691438295
2026-07-17T21:17:24.704+00:00,33.70337,1784323044661.121,995,0;2,2,0.3375403551215595,-0.201164814339181,0.22995084601275187,0.5752114965076085,-0.5191033511600108,-0.4699614468117126,10.48814933398901,8.147443581576075,-6.538945245285194,0.9287812531759532
2026-07-17T21:17:24.736+00:00,33.735805,1784323044694.461,996,0;2,2,0.34017953331544093,-0.20222756327670877,0.2325313313280729,0.5768307916531629,-0.5210648314525939,-0.46708323910564714,10.765095594177827,8.309373096131512,-6.735093274543496,1.2166020237824982
2026-07-17T21:17:24.771+00:00,33.769583,1784323044727.801,997,2,1,0.29779923008340126,-0.1315423803372437,0.19595959247563027,0.5637478311491618,-0.46131031530151334,-0.5163149475443558,7.958064316721016,7.0010770457314075,-0.7596416594354449,-3.7065688200883686
2026-07-17T21:17:24.805+00:00,33.803017,1784323044761.141,998,0;2,2,0.3411001022547592,-0.20228104338885092,0.2383925445667363,0.5773012077082655,-0.5209770197352221,-0.46116926195309493,10.878501929334487,8.356414701641778,-6.726312102806325,1.807999739037719
2026-07-17T21:17:24.837+00:00,33.83596,1784323044794.48,999,0;2,2,0.3372501259406173,-0.2017234220518204,0.23479436308519636,0.5604442380931033,-0.536606246524266,-0.46825768771198356,10.69663661643462,6.6707177401255535,-8.289234781710714,1.0991571631488561
2026-07-17T21:17:24.870+00:00,33.869213,1784323044827.821,1000,0;2,2,0.3345681833759057,-0.20510255385558515,0.23617069668256668,0.57035651428533,-0.5204145456346094,-0.46381847876599963,10.27503088011627,7.661945359348222,-6.670064692745053,1.5430780577472492
2026-07-17T21:17:24.905+00:00,33.903146,1784323044861.16,1001,0;2,2,0.3268711176056098,-0.20556707376734684,0.2316537873877074,0.5496691297756096,-0.5350257403911006,-0.471967098628745,9.895979898271936,5.59320690837618,-8.131184168394173,0.7282160714727148
2026-07-17T21:17:24.938+00:00,33.93573,1784323044894.5,1002,2,1,0.29285575954890997,-0.13073125199489583,0.20450881853101724,0.5596388600038755,-0.45710321659655906,-0.5083398755777071,7.211656246109993,6.590179931202778,-0.33893178894001674,-2.909061623423498
2026-07-17T21:17:24.972+00:00,33.969766,1784323044927.84,1003,0;2,2,0.31839645152678103,-0.20991803667124745,0.23310601961828153,0.5362317273386757,-0.5268879325051968,-0.5068931817936329,8.901922468844544,4.249466664682799,-7.317403379803794,-2.764392245016073
2026-07-17T21:17:25.004+00:00,34.003492,1784323044961.179,1004,2,1,0.27158284600441923,-0.1344669383914763,0.19361947766826837,0.5398189577669265,-0.45085242170402373,-0.5207160214430134,6.20582117668369,4.60818970750787,0.286147700313516,-4.146676209954131
2026-07-17T21:17:25.039+00:00,34.036501,1784323044994.519,1005,2,1,0.26227361338419386,-0.13943604366886522,0.19428478070727645,0.5292621004120965,-0.45032119425018546,-0.5204571632752529,5.4512661255056125,3.5525039720248786,0.33927044569734277,-4.120790393178081
2026-07-17T21:17:25.071+00:00,34.069457,1784323045027.859,1006,0;2,2,0.3115800604399258,-0.21087959732842793,0.23343090855655493,0.5452325926304831,-0.5056276996158492,-0.5034115611569948,7.701070940692539,5.149553193863532,-5.19138009086903,-2.416230181352269
2026-07-17T21:17:25.104+00:00,34.102737,1784323045061.198,1007,0;2,2,0.3085779132132765,-0.20899276412109535,0.23027526952777005,0.5322551904446509,-0.5288822543731031,-0.4746669670244211,8.458679220819818,3.851812975280311,-7.516835566594421,0.45822923190509957
2026-07-17T21:17:25.137+00:00,34.136127,1784323045094.539,1008,0;2,2,0.3042832650890105,-0.20770451019349223,0.22529283048844753,0.5293898583909784,-0.5262055973040498,-0.48010329654264355,8.078921789926662,3.5652797699130656,-7.249169859689092,-0.08540371991714313
2026-07-17T21:17:25.171+00:00,34.169463,1784323045127.878,1009,0;2,2,0.3025964020092146,-0.21002065580957469,0.22828458909379215,0.5266587261177366,-0.5269779062796772,-0.47708582865221755,8.035005471283794,3.2921665425888813,-7.326400757251833,0.21634306912545753
2026-07-17T21:17:25.205+00:00,34.20288,1784323045161.218,1010,0;2,2,0.3039608618850061,-0.21064274055739066,0.22825301762142142,0.5275130003225017,-0.528202422870798,-0.4769426097808328,8.182099340765456,3.377593963065395,-7.44885241636391,0.2306649562639318
2026-07-17T21:17:25.238+00:00,34.236725,1784323045194.558,1011,0;2,2,0.30195640907320526,-0.211011678125403,0.22543811854812448,0.525695283250101,-0.5278408579703091,-0.47988247002650974,8.072505828088753,3.19582225582532,-7.412695926315021,-0.06332106830376216
2026-07-17T21:17:25.271+00:00,34.269678,1784323045227.898,1012,0;2,2,0.30193423064724,-0.20696339127288493,0.2241646532015659,0.5277890597449113,-0.5245202520155547,-0.48149507921498813,7.860103062453136,3.4051999053063553,-7.080635330839585,-0.22458198715160083
2026-07-17T21:17:25.304+00:00,34.302827,1784323045261.238,1013,0;2,2,0.2969632106470568,-0.2090724939916451,0.221784166356305,0.5365905154415933,-0.5067322750801015,-0.48141164357531785,6.820588481045919,4.285345474974555,-5.301837637294265,-0.21623842318457265
2026-07-17T21:17:25.338+00:00,34.336019,1784323045294.578,1014,0;2,2,0.3007117163938182,-0.2072437092513959,0.2246906388073698,0.5224089975467701,-0.5165420724821198,-0.5165168941515091,7.847506602160046,2.867193685492231,-6.282817377496092,-3.726763480803702
2026-07-17T21:17:25.372+00:00,34.369883,1784323045327.917,1015,0;2,2,0.30092052222536897,-0.20555893181230372,0.2231665992855374,0.5276698815889245,-0.5229265191000637,-0.48269592671634043,7.716024022555027,3.393282089707672,-6.9212620392904824,-0.3446667372868306
2026-07-17T21:17:25.405+00:00,34.40374,1784323045361.257,1016,0;2,2,0.30046692007287423,-0.20364768567788252,0.22234302986421892,0.5282851813890082,-0.5211615493109232,-0.4837172841906153,7.591259093001448,3.45481206971604,-6.744765060376428,-0.4468024847143204
2026-07-17T21:17:25.437+00:00,34.436076,1784323045394.596,1017,0;2,2,0.2965725596242832,-0.2024233480560747,0.21949552441320874,0.5256610233343656,-0.518487508432995,-0.4869939643850622,7.262740780102942,3.1923962642517845,-6.4773609725836065,-0.7744705041590083
2026-07-17T21:17:25.472+00:00,34.469848,1784323045427.936,1018,0;2,2,0.2957998400162556,-0.19809082755173196,0.21428726682137006,0.5273844720351885,-0.5150133347552759,-0.4926023169496574,7.11904017221371,3.3647411343340705,-6.129943604811699,-1.335305760618527
2026-07-17T21:17:25.504+00:00,34.502565,1784323045461.277,1019,0;2,2,0.2930533091151444,-0.19617616551690606,0.20925290412133052,0.5402938449266967,-0.4949186820422372,-0.49502632394541113,6.414268543984409,4.655678423484899,-4.120478333507832,-1.5777064601939006
2026-07-17T21:17:25.538+00:00,34.536418,1784323045494.618,1020,0;2,2,0.2925700309776297,-0.19818852184176594,0.21296182396288285,0.5425020476934497,-0.49237256234362337,-0.48899165482862594,6.29875424287442,4.876498700160193,-3.8658663636464476,-0.9742395485153821
2026-07-17T21:17:25.572+00:00,34.570993,1784323045527.96,1021,0;2,2,0.29445235405888937,-0.20066840458922547,0.21485656848099316,0.5248901823060881,-0.516468861546448,-0.49193621885129113,7.1201553977601115,3.115312161424033,-6.275496283928911,-1.2686959507819007
2026-07-17T21:17:25.604+00:00,34.603208,1784323045561.301,1022,0;2,2,0.2904815414835015,-0.20042096938478002,0.21340577811835648,0.5216549118050171,-0.5144251420059454,-0.49374994556451013,6.83778573409736,2.7917851113169356,-6.071124329878646,-1.4500686221038006
2026-07-17T21:17:25.638+00:00,34.637154,1784323045594.642,1023,0;2,2,0.2908277327738632,-0.20290460786192327,0.21904828741435606,0.5204969731995296,-0.5160516062387519,-0.48790700007995935,6.838888193539536,2.675991250768184,-6.233770753159301,-0.8657740736487229
2026-07-17T21:17:25.672+00:00,34.66948,1784323045627.983,1024,0;2,2,0.2870187451635863,-0.20347258191062623,0.21812855054849445,0.5169661010658091,-0.5147234948321349,-0.48910948047672176,6.602259535056458,2.322904037396134,-6.100959612497597,-0.9860221133249636
2026-07-17T21:17:25.704+00:00,34.702875,1784323045661.324,1025,2,1,0.25114314329600884,-0.13023774017618525,0.1973558272211669,0.5243111923957855,-0.43647192380048444,-0.519186849911167,5.317023949997739,3.0574131703937746,1.724197490667445,-3.993759056769491
2026-07-17T21:17:25.736+00:00,34.735822,1784323045694.666,1026,0;2,2,0.2819867954552347,-0.20294010399664586,0.2201089823650944,0.5128533871261498,-0.5114918729246966,-0.4876369436607628,6.143355344786566,1.9116326434302056,-5.777797421753767,-0.83876843172907
2026-07-17T21:17:25.771+00:00,34.769075,1784323045728.007,1027,2,1,0.23337545670874005,-0.12737118658565333,0.18726898208483522,0.5280833283170293,-0.4044581354161977,-0.5242389070476072,7.503242444235682,3.434626762518156,4.9255763290961205,-4.498964770413511
2026-07-17T21:17:25.805+00:00,34.803069,1784323045761.348,1028,2,1,0.2291470030401704,-0.12188342651431486,0.1884139842466751,0.5042533699861695,-0.4109341234510445,-0.5638583772481627,9.539080021022635,1.051630929432179,4.277977525611437,-8.460911790469055
2026-07-17T21:17:25.837+00:00,34.836172,1784323045794.689,1029,2,1,0.22588799243158283,-0.12041753686883988,0.18857094024254695,0.5079388131245641,-0.41637065935528866,-0.5309901393727208,6.537068122371325,1.4201752432716375,3.7343239351870228,-5.174088002924865
2026-07-17T21:17:25.905+00:00,34.902704,1784323045861.371,1031,2,1,0.2022685725096214,-0.11902778915289691,0.18727259150499675,0.5014692850946962,-0.37192500212239127,-0.5588902172499368,11.441981067555172,0.7732224402848487,8.178889658476763,-7.9640957906464696
2026-07-17T21:17:25.939+00:00,34.936937,1784323045894.712,1032,0;2,2,0.23490215161036337,-0.18909321028449666,0.21124114921520348,0.4972573099691602,-0.4562809848239683,-0.49683904070110996,1.812132705722839,0.3520249277312426,-0.25670861168093917,-1.7589781357637835
2026-07-17T21:17:25.971+00:00,34.969413,1784323045928.054,1033,0;2,2,0.22297045136331806,-0.18238742564720575,0.20109899991462593,0.468171886701403,-0.45846581312285234,-0.5465766422339946,7.217433961362452,-2.556517399044478,-0.4751914415693448,-6.732738289052248
2026-07-17T21:17:26.005+00:00,35.003014,1784323045961.395,1034,0;2,2,0.2248078499869056,-0.18444947123529484,0.20512672531256176,0.49119132821514966,-0.44788621936707224,-0.504158685198443,2.5708405177258253,-0.25457324766980927,0.5827679340086656,-2.490942585497086
2026-07-17T21:17:26.037+00:00,35.036445,1784323045994.736,1035,0;2,2,0.22719289743188315,-0.18901596259519376,0.21014043590874243,0.49069078365593854,-0.45252534462386634,-0.49868999608741293,1.971382027247965,-0.3046277035909206,0.11885540832925479,-1.9440736743940812
2026-07-17T21:17:26.071+00:00,35.069469,1784323046028.078,1036,0;2,2,0.22258865016782964,-0.18838675594229168,0.212013832155633,0.46956517636327266,-0.4700230913264669,-0.5021951723234697,3.7105049230169804,-2.417188432857509,-1.6309192619308022,-2.2945912979997543
2026-07-17T21:17:26.104+00:00,35.10285,1784323046061.419,1037,0;2,2,0.21983823126660848,-0.18498285325273367,0.20864164378209862,0.4834461240468089,-0.43614652203798343,-0.5330801062458133,5.755237769451566,-1.0290936645038828,1.756737666917546,-5.383084690234114
2026-07-17T21:17:26.139+00:00,35.136556,1784323046094.76,1038,0;2,2,0.21685759353117678,-0.18321962374029585,0.20598546027864073,0.48487916378714896,-0.4428252869871067,-0.5041502002659878,2.8584629813781826,-0.8857896904698792,1.0888611720052177,-2.4900940922515655
2026-07-17T21:17:26.171+00:00,35.169838,1784323046128.102,1039,0;2,2,0.21682997367845663,-0.18667168677760815,0.20544160131335093,0.4831649962872755,-0.4458504377904133,-0.5045014509508262,2.848290266700593,-1.0572064404572257,0.7863460916745613,-2.525219160735409
2026-07-17T21:17:26.204+00:00,35.202633,1784323046161.443,1040,0;2,2,0.2169128535643466,-0.19068783702904693,0.21346687689815053,0.47792011886678976,-0.43929310373466457,-0.5281862489134377,5.341314374296746,-1.5816941825057995,1.4420794972494322,-4.893698956996556
2026-07-17T21:17:26.239+00:00,35.236719,1784323046194.785,1041,0;2,2,0.2091069039244614,-0.1864070696168112,0.20400919862165645,0.47669889703769375,-0.44195801479959934,-0.5066937579305121,3.437586842318009,-1.7038163654154004,1.175588390755955,-2.7444498587039954
2026-07-17T21:17:26.273+00:00,35.270905,1784323046228.126,1042,0;2,2,0.21125647550014431,-0.1957206977271762,0.21162030732828313,0.45123180500588844,-0.46294874106117306,-0.5356849814871971,7.125285824523815,-4.250525568595931,-0.9234842354014172,-5.6435722143725
2026-07-17T21:17:26.304+00:00,35.302308,1784323046261.468,1043,0;2,2,0.21467946004695465,-0.1969832073479555,0.212399343373739,0.45353686777996527,-0.46567634815031367,-0.5346058632892146,6.945148887704559,-4.020019291188248,-1.1962449443154777,-5.5356603945742435
2026-07-17T21:17:26.337+00:00,35.336291,1784323046294.808,1044,0;2,2,0.214634499301084,-0.19742777503443026,0.21315337693539346,0.47262512229051956,-0.44405357393724215,-0.528316169657138,5.428257091784687,-2.111193840132819,0.9660324769916739,-4.906691031366589
2026-07-17T21:17:26.371+00:00,35.36958,1784323046328.15,1045,0;2,2,0.20929444588203783,-0.18880175043251665,0.20304577296120147,0.47259376635398553,-0.4347305575814533,-0.5391867037693665,6.633176750290588,-2.1143294337862217,1.89833411257056,-5.993744442589438
2026-07-17T21:17:26.405+00:00,35.403434,1784323046361.491,1046,0;2,2,0.21522002646470112,-0.1883813859792175,0.21031562041209956,0.4806415812325685,-0.4460651140620387,-0.4997205144185024,2.547680853566208,-1.3095479459279247,0.7648784645120199,-2.0471255075030284
2026-07-17T21:17:26.440+00:00,35.438051,1784323046394.833,1047,0;2,2,0.21889652107445184,-0.19060497228657383,0.2144093174901825,0.4796520444264671,-0.4401199572268339,-0.5271153872118508,5.1714109537712405,-1.4085016265380668,1.3593941480325,-4.7866127868378685
2026-07-17T21:17:26.471+00:00,35.469581,1784323046428.174,1048,0;2,2,0.22095240442745895,-0.18321254447681046,0.210908873477406,0.46593367381042694,-0.45716682768490824,-0.5368663387514713,6.406776787208232,-2.780338688142081,-0.34529289777493477,-5.761707940799915
2026-07-17T21:17:26.504+00:00,35.502911,1784323046461.515,1049,0;2,2,0.21497235534937376,-0.1835930864641771,0.2072866081588174,0.4799504598574628,-0.43266087856711366,-0.534833657835635,6.101577972393182,-1.3786600834384932,2.105302014004523,-5.558439849216285
2026-07-17T21:17:26.538+00:00,35.536436,1784323046494.855,1050,0;2,2,0.21494963494367217,-0.18589838310924062,0.20644424894336671,0.47882254886672065,-0.43471675080427946,-0.5355586985433506,6.127060661059707,-1.4914511825127097,1.899714790287943,-5.630943919987846
2026-07-17T21:17:26.571+00:00,35.569465,1784323046528.196,1051,0;2,2,0.21893928560710935,-0.188465277788705,0.21193553264260317,0.48372409560004304,-0.44781194726915163,-0.49774296013114094,2.184283565680331,-1.0012965091804715,0.5901951438007258,-1.849370078766882
2026-07-17T21:17:26.606+00:00,35.60333,1784323046561.536,1052,0;2,2,0.21825913079611126,-0.1901245440070763,0.213631364677836,0.48221156714059726,-0.4487482992448181,-0.4960320761844321,2.095607598615557,-1.1525493551250487,0.4965599462340764,-1.6782816840960002
2026-07-17T21:17:26.637+00:00,35.636181,1784323046594.877,1053,0;2,2,0.21585485066610094,-0.19082091304129437,0.2088214744087107,0.477097164339376,-0.43925031732351894,-0.5328806880509126,5.798630426457138,-1.6639896352471761,1.4463581383639956,-5.363142870744047
2026-07-17T21:17:26.671+00:00,35.67028,1784323046628.218,1054,0;2,2,0.2180984589167208,-0.19174821369813214,0.21245043168077635,0.4813304234137433,-0.45018799282893096,-0.49713097999210354,2.204796122475418,-1.2406637278104427,0.35259058782279307,-1.7881720648631416
2026-07-17T21:17:26.705+00:00,35.703972,1784323046661.558,1055,0;2,2,0.22074548063337746,-0.19224369414971948,0.21515504785058587,0.4832183400019888,-0.4516580201359703,-0.49415743595430317,1.8360932751646053,-1.051872068985893,0.20558785711886074,-1.4908176610831048
2026-07-17T21:17:26.737+00:00,35.736446,1784323046694.899,1056,0;2,2,0.22074548063337746,-0.19224369414971948,0.21515504785058587,0.46114512478584313,-0.46438379820085685,-0.5319045232077839,6.283834700186685,-3.259193590600462,-1.0669899493697954,-5.26552638643118
2026-07-17T21:17:26.771+00:00,35.770429,1784323046728.238,1057,0;2,2,0.2201586931991143,-0.19064677002936561,0.2136720479789721,0.48075407126346525,-0.44083175169027433,-0.5277613572948185,5.18452637557487,-1.2982989428382496,1.288214701688456,-4.8512097951346425
2026-07-17T21:17:26.805+00:00,35.803292,1784323046761.579,1058,0;2,2,0.21848936005868433,-0.19437210064156712,0.2138815671240245,0.45813219421323564,-0.4652034396453779,-0.533126155177768,6.559295673066104,-3.560486647861211,-1.1489540938219023,-5.387689583429584
2026-07-17T21:17:26.839+00:00,35.836553,1784323046794.919,1059,0;2,2,0.22064708305596392,-0.18980001892231196,0.21410039576541262,0.481581398487017,-0.44030258238767306,-0.5273436212177636,5.138765584412814,-1.2155662204830775,1.3411316319485833,-4.809436187429145
2026-07-17T21:17:26.871+00:00,35.869751,1784323046828.26,1060,0;2,2,0.2224934399175767,-0.19242219840860827,0.21813230292301422,0.4625372670643203,-0.4651159200634564,-0.5288260153467026,5.967652762362784,-3.119979362752745,-1.1402021356297531,-4.957675600323047
2026-07-17T21:17:26.904+00:00,35.903329,1784323046861.6,1061,0;2,2,0.2183271656640606,-0.19544208276545483,0.2148529189085155,0.4767548206740322,-0.4440067766216997,-0.5264693879033289,5.111130243316154,-1.6982240017815564,0.9707122085459208,-4.722012855985675
2026-07-17T21:17:26.939+00:00,35.936616,1784323046894.941,1062,0;2,2,0.22127333727342174,-0.19529840549651417,0.21661332730440014,0.4793246767046251,-0.4451889879969179,-0.5245205871756897,4.826887235584496,-1.4412383987222666,0.8524910710240974,-4.52713278322176
2026-07-17T21:17:26.972+00:00,35.97035,1784323046928.281,1063,0;2,2,0.22189665308966997,-0.192771058159538,0.21472062676380663,0.4811796097027551,-0.4434465066752732,-0.5264906899448459,4.994859036794044,-1.2557450989092667,1.0267392031885703,-4.724143060137381
2026-07-17T21:17:27.004+00:00,36.002903,1784323046961.622,1064,0;2,2,0.21939132004739256,-0.19151804201668665,0.2139376539663552,0.4796479603611771,-0.4411917542492473,-0.5275055452548759,5.180710356616802,-1.4089100330670679,1.252214445791161,-4.825628591140379
2026-07-17T21:17:27.038+00:00,36.036258,1784323046994.963,1065,0;2,2,0.22019537876717377,-0.1905919313290968,0.21523561012325998,0.48075842447379796,-0.4406809376408496,-0.5262036937030706,5.042838464859104,-1.2978636218049788,1.30329610663093,-4.6954434359598505
2026-07-17T21:17:27.072+00:00,36.070056,1784323047028.303,1066,0;2,2,0.21993632703554822,-0.19263374645944406,0.2124234418798816,0.47962391721208997,-0.44254489340662084,-0.5289208556841861,5.283176110370077,-1.4113143479757784,1.1169005300538049,-4.9671596340713995
2026-07-17T21:17:27.106+00:00,36.10383,1784323047061.644,1067,0;2,2,0.22046203455318006,-0.19119054553456688,0.2141255457830214,0.46623576494976393,-0.47109502574523054,-0.5000483046666759,3.8613794568312367,-2.750129574208382,-1.7381127038071653,-2.0799045323203815
2026-07-17T21:17:27.138+00:00,36.137072,1784323047094.984,1068,0;2,2,0.21863868854012397,-0.19374582332075646,0.21420822558161695,0.4778851023175228,-0.44273647181775944,-0.5271756181796985,5.165969760569815,-1.585195837432496,1.0977426889399455,-4.792635883622637
2026-07-17T21:17:27.172+00:00,36.170163,1784323047128.325,1069,0;2,2,0.22018667138788445,-0.18927486533824742,0.21386685453442117,0.4814485670178417,-0.4396391164665179,-0.5276342678585406,5.186728854394454,-1.228849367400603,1.4074782240641015,-4.83850085150685
2026-07-17T21:17:27.204+00:00,36.203714,1784323047161.664,1070,0;2,2,0.22109271756665463,-0.19326899950572674,0.21520694301083731,0.4830044488963291,-0.45271086019271284,-0.4940149716486525,1.828172043583763,-1.0732611795518654,0.1003038514446053,-1.4765712305180367
2026-07-17T21:17:27.237+00:00,36.236065,1784323047195.005,1071,0;2,2,0.21965766938567743,-0.19447341965269016,0.21386727507066042,0.4812391890665081,-0.45317586657112485,-0.49541936766236505,2.044403768309005,-1.2497871625339663,0.0538032136034039,-1.6170108318892928
2026-07-17T21:17:27.271+00:00,36.269663,1784323047228.345,1072,0;2,2,0.22157081852458604,-0.1939314599496324,0.2151196086106554,0.48030989412226527,-0.44426354821916025,-0.5260571868687456,4.96042337471771,-1.3427166569582483,0.9450350487998638,-4.6807927525273465
2026-07-17T21:17:27.305+00:00,36.303683,1784323047261.686,1073,0;2,2,0.22379234548087135,-0.19587504621660295,0.21986104153819552,0.48111592265544034,-0.44667212553436475,-0.5210829563632894,4.425989043250108,-1.2621138036407409,0.7041773172794141,-4.183369701981726
2026-07-17T21:17:27.339+00:00,36.336503,1784323047295.027,1074,0;2,2,0.22199392143165875,-0.19296814983229071,0.21473446775935676,0.4811664019556807,-0.4436642255996364,-0.5264603278571235,4.987887710073188,-1.2570658736167029,1.0049673107522472,-4.721106851365136
2026-07-17T21:17:27.372+00:00,36.370085,1784323047328.367,1075,0;2,2,0.2255510339265246,-0.1933158957492191,0.21341609429105593,0.48413219956648795,-0.44581105362351336,-0.5275125916517193,4.984032065657122,-0.9604861125359798,0.7902845083645527,-4.826333230824714
2026-07-17T21:17:27.405+00:00,36.40379,1784323047361.708,1076,0;2,2,0.2276054157454903,-0.19215396860879316,0.21391164173323712,0.4671149263453828,-0.46788526114362833,-0.532749535508209,6.141534906006902,-2.6622134346464934,-1.4171362436469437,-5.350027616473691
2026-07-17T21:17:27.437+00:00,36.435951,1784323047395.048,1077,0;2,2,0.22812358746127162,-0.1923398038819758,0.2123905011242923,0.4868853909503673,-0.4463033272376947,-0.5284071486698368,5.018326444915155,-0.6851669741480437,0.7410571469464167,-4.915788932636472
2026-07-17T21:17:27.472+00:00,36.470177,1784323047428.389,1078,0;2,2,0.2320334489200973,-0.1925675496502111,0.2159773178797138,0.49004570788101864,-0.44813864398405734,-0.5245538191306603,4.5795334787643975,-0.3691352810829107,0.5575254723101553,-4.530455978718822
2026-07-17T21:17:27.506+00:00,36.503831,1784323047461.729,1079,0;2,2,0.23133289693238698,-0.1949031361337187,0.21339847183887914,0.46893992051102007,-0.4721725111258546,-0.5328148448072367,6.184569895835213,-2.479714018082768,-1.845861241869573,-5.356558546376461
2026-07-17T21:17:27.539+00:00,36.537084,1784323047495.069,1080,0;2,2,0.23265317043343345,-0.194901415800747,0.21681702840864425,0.4894032964030598,-0.4504037160426101,-0.5235573976346778,4.46424679091116,-0.43337642887879557,0.33101826645488,-4.4308138291205665
2026-07-17T21:17:27.572+00:00,36.570006,1784323047528.41,1081,0;2,2,0.23329481330698848,-0.195189773314497,0.2128581966552381,0.48995685098566705,-0.45127524961709115,-0.5274434253027886,4.840366336674669,-0.3780209706180704,0.2438649090067746,-4.819416595931653
2026-07-17T21:17:27.606+00:00,36.603088,1784323047561.75,1082,0;2,2,0.2310360318390427,-0.19776871542605096,0.21171655147538104,0.4720277519680285,-0.48234449578208693,-0.5009356048227828,4.196787764923299,-2.1709308723819265,-2.8630597074928046,-2.168634547931064
2026-07-17T21:17:27.639+00:00,36.636931,1784323047595.089,1083,0;2,2,0.23696061897181223,-0.19508060381803372,0.21548268550635324,0.4931049203821201,-0.4527730261035431,-0.5245826010242656,4.5347510522353724,-0.06321403097276357,0.09408726036158055,-4.533334168079345
2026-07-17T21:17:27.673+00:00,36.670275,1784323047628.43,1084,0;2,2,0.2374515872888493,-0.19360248401147143,0.2102713818484289,0.49726925772134295,-0.46153057211095494,-0.497303057011931,1.9987906573987146,0.3532197029495199,-0.7816673403796048,-1.8053797668458882
2026-07-17T21:17:27.705+00:00,36.703835,1784323047661.77,1085,0;2,2,0.23945202577670766,-0.19661166418772968,0.2096374876623258,0.4751049053340883,-0.4781053742105237,-0.535941891501518,6.446825444755297,-1.8632155357759472,-2.439147550336479,-5.669263215804593
2026-07-17T21:17:27.737+00:00,36.736548,1784323047695.111,1086,0;2,2,0.2397226159356091,-0.19853194244732664,0.20849081047748683,0.47920096322538996,-0.4877668656969333,-0.5032994171042577,4.415102239676565,-1.4536097466457787,-3.4052966989774394,-2.405015776078562
2026-07-17T21:17:27.771+00:00,36.770545,1784323047728.451,1087,0;2,2,0.24335616960389697,-0.20102339589597917,0.2154109919814441,0.4983823175128761,-0.4703593563029904,-0.4912068872781446,2.1015102553449396,0.4645256821028343,-1.6645457595831525,-1.1957627934672477
2026-07-17T21:17:27.806+00:00,36.804086,1784323047761.791,1088,0;2,2,0.24557166267804298,-0.1988467587056839,0.21330358922435738,0.483904463188763,-0.4904163198035137,-0.4979767507264255,4.236114518624834,-0.9832597503084739,-3.67024210963548,-1.8727491382953376
2026-07-17T21:17:27.838+00:00,36.837244,1784323047795.132,1089,0;2,2,0.2460183203141007,-0.2005535053444381,0.2137962929739396,0.4983348773253885,-0.4620934817084153,-0.5253669365305123,4.7097743875887,0.4597816633540752,-0.8379583001256408,-4.611767718704013
2026-07-17T21:17:27.871+00:00,36.870026,1784323047828.472,1090,0;2,2,0.24397386864706966,-0.19821026578531512,0.21144247435082536,0.49779659203910076,-0.45923960181746704,-0.5279701335801786,4.9200983486222825,0.4059531347253009,-0.5525703110308144,-4.872087423670651
2026-07-17T21:17:27.905+00:00,36.903752,1784323047861.812,1091,0;2,2,0.2420374043666189,-0.19585421570088526,0.2079883948735307,0.48257482085827424,-0.48670615045773896,-0.503821772636833,4.262502414343325,-1.1162239833573506,-3.299225175058007,-2.457251329336091
2026-07-17T21:17:27.939+00:00,36.937592,1784323047895.153,1092,0;2,2,0.2405149035679442,-0.20183642036373517,0.20940321529112707,0.49586259621036577,-0.47024523933654205,-0.49740891630972695,2.4649062160196347,0.2125535518518018,-1.6531340629383162,-1.8159656966254822
2026-07-17T21:17:27.972+00:00,36.970448,1784323047928.493,1093,0;2,2,0.24248053590903323,-0.19964847298081256,0.2111416271419601,0.47616504280269784,-0.48208379696672143,-0.5340171115758756,6.41338021491391,-1.7572017889149916,-2.8369898259562545,-5.476785223240349
2026-07-17T21:17:28.004+00:00,37.003635,1784323047961.833,1094,0;2,2,0.24008016567256724,-0.2013572638723683,0.20922817352062517,0.4957355070179562,-0.4696336708352929,-0.49765193875265934,2.441498600792906,0.19984463261084606,-1.5919772128134002,-1.8402679409187217
2026-07-17T21:17:28.038+00:00,37.037483,1784323047995.174,1095,0;2,2,0.240683484937942,-0.20169233322531113,0.20956152801681577,0.4932844338917224,-0.4607968694287411,-0.5298948995818841,5.114053402558125,-0.04526268001253664,-0.7082970721582205,-5.064564023841195
2026-07-17T21:17:28.071+00:00,37.069892,1784323048028.514,1096,0;2,2,0.23693315565600404,-0.20007617880414558,0.20632201251811894,0.49093576180060916,-0.4578072202299603,-0.5334610070646959,5.443818648298909,-0.28012988912385905,-0.40933215228013964,-5.421174772122378
2026-07-17T21:17:28.105+00:00,37.103783,1784323048061.853,1097,0;2,2,0.24209681430045496,-0.2040192873963515,0.21232678508379071,0.49597536423787103,-0.4726293449101221,-0.4942280462453753,2.4231553084232176,0.22383035460232792,-1.8915446202963204,-1.4978786901903185
2026-07-17T21:17:28.139+00:00,37.136621,1784323048095.194,1098,0;2,2,0.24041356915961282,-0.20257934865464816,0.20888230129954538,0.49263586540692755,-0.4614874781414336,-0.5305456056285833,5.1893702030964715,-0.11011952849201978,-0.7773579434274702,-5.129634628511121
2026-07-17T21:17:28.171+00:00,37.17043,1784323048128.534,1099,0;2,2,0.24040523884803736,-0.20289122208800586,0.2090259801015562,0.492469711889131,-0.4617430668313464,-0.530387348051245,5.178009106247558,-0.1267348802716728,-0.8029168124187525,-5.113808870777286
2026-07-17T21:17:28.205+00:00,37.203418,1784323048161.875,1100,0;2,2,0.24539584830308897,-0.20522111438685894,0.2129181501751542,0.49819571722945444,-0.47523587207770157,-0.49325143227129553,2.606023412372502,0.44586565376066867,-2.152197337054268,-1.4002172927823409
2026-07-17T21:17:28.238+00:00,37.237172,1784323048195.215,1101,0;2,2,0.24125432330120566,-0.20468029098841403,0.20893336559191428,0.4773559922556807,-0.49374394913981673,-0.5021972701523683,4.896279751849083,-1.6381068436167046,-4.003005043265784,-2.2948010808896138
2026-07-17T21:17:28.271+00:00,37.270122,1784323048228.555,1102,0;2,2,0.240870220521596,-0.20506266185952865,0.2071402565322083,0.4918681274325172,-0.464002501483752,-0.5321252672700696,5.390009715089528,-0.1868933259330574,-1.0288602776593103,-5.287600792659747
2026-07-17T21:17:28.306+00:00,37.303519,1784323048261.896,1103,0;2,2,0.24415845325066707,-0.20812076432308618,0.21507089675063784,0.49293987623859137,-0.46765428145696,-0.5238442421550081,4.672988622096845,-0.07971844532563832,-1.3940382749801083,-4.459498281153601
2026-07-17T21:17:28.339+00:00,37.337239,1784323048295.236,1104,0;2,2,0.24804409245675427,-0.20698597983618916,0.21507854767374535,0.496876460784219,-0.4685719966238608,-0.5236272458514125,4.690441976126793,0.3139400092371236,-1.4858097916701896,-4.437798650794039
2026-07-17T21:17:28.372+00:00,37.370106,1784323048328.576,1105,0;2,2,0.24973599401124105,-0.20544854755996714,0.21527052953540043,0.49909879682567404,-0.46805104221585614,-0.5233972133909229,4.67262639736325,0.5361736133826289,-1.4337143508697248,-4.414795404745081
2026-07-17T21:17:28.406+00:00,37.403558,1784323048361.917,1106,2,1,0.191208375873486,-0.13079923107807426,0.17872744007799363,0.4863468266616604,-0.3773899091073435,-0.5675712569414219,11.696470496327473,-0.7390234030187348,7.63239895998154,-8.832199759794973
2026-07-17T21:17:28.440+00:00,37.437365,1784323048395.257,1107,0;2,2,0.24628707807147643,-0.2032029748070739,0.21171000000531598,0.4973338745585769,-0.4646874057689318,-0.527294133704033,4.941320551784466,0.3596813866729165,-1.0973507061772914,-4.804487436056087
2026-07-17T21:17:28.473+00:00,37.471245,1784323048428.597,1108,0;2,2,0.2438862969863182,-0.2023265115819245,0.20946478677350233,0.4957583256897784,-0.46292416000571035,-0.5297398504089506,5.136354944433674,0.20212649979306496,-0.9210261298551459,-5.049059106547843
2026-07-17T21:17:28.505+00:00,37.503668,1784323048461.937,1109,0;2,2,0.24863230053947089,-0.20601252894445865,0.2148851046281272,0.4978747672029633,-0.46802990139540346,-0.5238285730891619,4.700408239907036,0.41377065111155575,-1.4316002688244567,-4.457931374568974
2026-07-17T21:17:28.539+00:00,37.537008,1784323048495.277,1110,0;2,2,0.24613663855989726,-0.19863372675953178,0.2072063231936963,0.4798634123481483,-0.48345088272104847,-0.5378034756495061,6.712199776392818,-1.3873648343699474,-2.973698401388958,-5.855421630603402
2026-07-17T21:17:28.571+00:00,37.570554,1784323048528.617,1111,0;2,2,0.24715703923953183,-0.19873301744347596,0.20919524318383162,0.48545817947638026,-0.49160858279507547,-0.5019225507418464,4.492911193356055,-0.8278881215467493,-3.7894684087916577,-2.2673291398374316
2026-07-17T21:17:28.606+00:00,37.603801,1784323048561.957,1112,0;2,2,0.24661549050999512,-0.2037564029429719,0.21223188844254237,0.49732797022991754,-0.4652884078777114,-0.5267238122364084,4.899690874161359,0.35909095380697864,-1.1574509170552527,-4.747455289293629
2026-07-17T21:17:28.639+00:00,37.637704,1784323048595.297,1113,0;2,2,0.24661549050999512,-0.2037564029429719,0.21223188844254237,0.500020181118334,-0.47463571220549416,-0.4938956384016099,2.6300500030750547,0.6283120426486266,-2.0921813498335275,-1.464637905813776
2026-07-17T21:17:28.671+00:00,37.670711,1784323048628.637,1114,0;2,2,0.24721796799125054,-0.20395912900984411,0.21185668225996018,0.4977646255833639,-0.4657886817130607,-0.5270461704921252,4.946277771160073,0.4027564891516122,-1.2074783005901812,-4.779691114865309
2026-07-17T21:17:28.706+00:00,37.703892,1784323048661.977,1115,0;2,2,0.2487876401962122,-0.20303590149211936,0.2120236207066316,0.47987922156910445,-0.48807619437410416,-0.5324912680518356,6.486538799664924,-1.3857839122743298,-3.4362295666945264,-5.324200870836343
2026-07-17T21:17:28.738+00:00,37.736625,1784323048695.317,1116,2,1,0.19922414222514054,-0.13758568704270321,0.19033623494170387,0.4932764579210365,-0.3961841024025797,-0.5239587435973265,7.286170187419802,-0.04606027708112248,5.752979630457922,-4.470948425385441
2026-07-17T21:17:28.771+00:00,37.770507,1784323048728.657,1117,2,1,0.19624760591413273,-0.13225935755103058,0.1836745449565469,0.48983301479501073,-0.38074320585221977,-0.5622232153710263,11.056509833105999,-0.3904045896837016,7.2970692854939125,-8.297395602755413
2026-07-17T21:17:28.806+00:00,37.804053,1784323048761.998,1118,2,1,0.19624760591413273,-0.13225935755103058,0.1836745449565469,0.48983301479501073,-0.38074320585221977,-0.5622232153710263,11.056509833105999,-0.3904045896837016,7.2970692854939125,-8.297395602755413
2026-07-17T21:17:28.839+00:00,37.837451,1784323048795.338,1119,0;2,2,0.2496269139234903,-0.20233169584117106,0.21358099686917348,0.5032581906811145,-0.4747553025875813,-0.4923401490702645,2.6547391347750344,0.9521129989266797,-2.1041403880422416,-1.3090889726792398
2026-07-17T21:17:28.870+00:00,37.869417,1784323048828.678,1120,0;2,2,0.2487876401962122,-0.20303590149211936,0.2120236207066316,0.5022700939596358,-0.475101984279028,-0.4939304896544159,2.7309364412628643,0.8533033267788093,-2.138808557186911,-1.468123031094376
2026-07-17T21:17:28.905+00:00,37.904296,1784323048862.018,1121,0;2,2,0.2487876401962122,-0.20303590149211936,0.2120236207066316,0.4995785240868746,-0.46574310855970386,-0.5268186103195441,4.941323442719295,0.5841463395026836,-1.2029209852544964,-4.756935097607201
2026-07-17T21:17:28.938+00:00,37.936796,1784323048895.358,1122,0;2,2,0.2487876401962122,-0.20303590149211936,0.2120236207066316,0.4995785240868746,-0.46574310855970386,-0.5268186103195441,4.941323442719295,0.5841463395026836,-1.2029209852544964,-4.756935097607201
2026-07-17T21:17:28.972+00:00,37.970609,1784323048928.698,1123,0;2,2,0.24902356449430113,-0.20095495766134133,0.21383324392159098,0.5007472431638745,-0.4639115393615686,-0.5251039168562975,4.749509605028815,0.7010182472026782,-1.01976406544097,-4.585465751282541
2026-07-17T21:17:29.005+00:00,38.003226,1784323048962.037,1124,0;2,2,0.2482611914671644,-0.2021808798085033,0.21336439919892852,0.4994961138830726,-0.4646388566924271,-0.525561735750981,4.793085511062052,0.5759053191224828,-1.0924957985268213,-4.631247640750885
2026-07-17T21:17:29.039+00:00,38.037333,1784323048995.377,1125,0;2,2,0.24845758433172982,-0.2007099198832306,0.212913258033673,0.5030936366693075,-0.472841373004862,-0.49320799677231014,2.546079609200219,0.9356575977459758,-1.9127474297703118,-1.395873742883802
2026-07-17T21:17:29.072+00:00,38.070614,1784323049028.718,1126,0;2,2,0.2508835465254382,-0.1981625702928588,0.2141600710060832,0.506390906721381,-0.47171152163656127,-0.49187372874140756,2.5365556923266883,1.2653846029533233,-1.799762292940238,-1.2624469397935434
2026-07-17T21:17:29.105+00:00,38.102947,1784323049062.058,1127,0;2,2,0.2489870947503227,-0.20244293858674361,0.2140029198010137,0.4999753630794114,-0.46517255920573525,-0.5248625928656299,4.744252851718503,0.6238302387563621,-1.1458660498576356,-4.561333352215774
2026-07-17T21:17:29.139+00:00,38.137501,1784323049095.398,1128,0;2,2,0.2482014800048576,-0.19818507505514946,0.20883698947780963,0.5015740655596802,-0.4614908411891909,-0.5302776211492501,5.220912935731308,0.7837004867832453,-0.7776942482032034,-5.102836180577802
2026-07-17T21:17:29.171+00:00,38.170493,1784323049128.738,1129,0;2,2,0.25106519922998094,-0.20012058746861747,0.2125810557176641,0.487993071318605,-0.4943650651618269,-0.4980964665935446,4.517441719792559,-0.5743989373242775,-4.065116645466799,-1.8847207250072495
2026-07-17T21:17:29.206+00:00,38.204509,1784323049162.078,1130,0;2,2,0.24721796799125054,-0.20395912900984411,0.21185668225996018,0.47805960142567827,-0.4880952826664117,-0.5326721174262468,6.543595386122411,-1.567745926616948,-3.438138395925283,-5.342285808277464
2026-07-17T21:17:29.238+00:00,38.236892,1784323049195.418,1131,0;2,2,0.24721796799125054,-0.20395912900984411,0.21185668225996018,0.4977646255833639,-0.4657886817130607,-0.5270461704921252,4.946277771160073,0.4027564891516122,-1.2074783005901812,-4.779691114865309
2026-07-17T21:17:29.271+00:00,38.270182,1784323049228.758,1132,0;2,2,0.24818516271495678,-0.20283317542524715,0.2123988268892138,0.5018286526417797,-0.4745937070787461,-0.4936277678289387,2.661168473030297,0.809159194993192,-2.0879808371587205,-1.4378508485466568
2026-07-17T21:17:29.305+00:00,38.303813,1784323049262.098,1133,0;2,2,0.24773225843453126,-0.2017733275975008,0.21229824944231468,0.47960674077397336,-0.4864337401171022,-0.5323842976135592,6.398113983696241,-1.413031991787439,-3.271984140994333,-5.3135038270087085
2026-07-17T21:17:29.338+00:00,38.337137,1784323049295.438,1134,0;2,2,0.2443166701020646,-0.20010167584868077,0.2080052795600294,0.4972811763878242,-0.461316256535291,-0.5312763557119449,5.269891229568006,0.35441156959764575,-0.7602357828132122,-5.202709636847275
2026-07-17T21:17:29.372+00:00,38.370009,1784323049328.779,1135,0;2,2,0.2453445080715368,-0.1978291250723008,0.20805886518168407,0.5021148322353786,-0.4692865837423752,-0.4984957909896874,2.613665157686443,0.837777154353081,-1.5572685035216305,-1.924653164621526
2026-07-17T21:17:29.405+00:00,38.403867,1784323049362.119,1136,0;2,2,0.2495527523953028,-0.19918811226830074,0.21285009586898807,0.5021133383728261,-0.46271281140148757,-0.5261360010237044,4.84717340607682,0.8376277680978372,-0.8998912694328676,-4.688674168023227
2026-07-17T21:17:29.438+00:00,38.437781,1784323049395.458,1137,0;2,2,0.24491782635528175,-0.19955356935206414,0.20718007401396826,0.49810290169117405,-0.4611987969463365,-0.5320849004147677,5.354147211925558,0.4365840999326298,-0.7484898239177584,-5.283564107129562
2026-07-17T21:17:29.473+00:00,38.471014,1784323049428.798,1138,0;2,2,0.24156861477137104,-0.1988889679973923,0.20290060529887569,0.4956695813341817,-0.45931250413615216,-0.5366118880613582,5.766758354750653,0.1932520642333957,-0.5598605428993264,-5.736262871788606
2026-07-17T21:17:29.506+00:00,38.504372,1784323049462.138,1139,0;2,2,0.2435596877298781,-0.20319321431249618,0.2072785144471207,0.4951231269149107,-0.46368614555674587,-0.5318970556497876,5.360184085192505,0.1386066223062976,-0.9972246849586974,-5.2647796306315495
2026-07-17T21:17:29.539+00:00,38.537894,1784323049495.478,1140,0;2,2,0.24509531272379742,-0.20257282032544424,0.21141042508773505,0.49934244927207627,-0.4729429808309723,-0.4949261481762998,2.5435070747622355,0.5605388580228521,-1.9229082123813412,-1.5676888832827696
2026-07-17T21:17:29.573+00:00,38.570497,1784323049528.818,1141,0;2,2,0.24555697487955483,-0.20107471093131077,0.21119881276756797,0.5005008596077702,-0.47189483815204913,-0.495174595143827,2.5098044848710126,0.6763798915922492,-1.8180939444890243,-1.5925335800354878
2026-07-17T21:17:29.605+00:00,38.603242,1784323049562.158,1142,0;2,2,0.24555697487955483,-0.20107471093131077,0.21119881276756797,0.4977674302126084,-0.4625213236635234,-0.5279604579458669,4.966483144155242,0.4030369520760635,-0.8807424956364496,-4.871119860239475
2026-07-17T21:17:29.638+00:00,38.637188,1784323049595.498,1143,0;2,2,0.24499186403259388,-0.19916049899925753,0.20846986569055165,0.5011224664844286,-0.47022487181205397,-0.4980478384425223,2.608721962446175,0.7385405792580846,-1.6510973104895077,-1.8798579099050194
2026-07-17T21:17:29.672+00:00,38.669873,1784323049628.838,1144,0;2,2,0.24413853875799352,-0.1999277731689181,0.2069366125282452,0.49724949383487327,-0.4611608012417711,-0.5323621052273244,5.374725985411799,0.35124331430255173,-0.7446902534612221,-5.311284588385229
2026-07-17T21:17:29.706+00:00,38.703874,1784323049662.178,1145,0;2,2,0.24555963987081275,-0.20253169109782332,0.21013946126107547,0.47736714487354714,-0.4862091519478371,-0.5345955242845528,3.205800733045042,-1.9882348961326124,-2.504835070606598,-0.2233419057228403
2026-07-17T21:17:29.739+00:00,38.737101,1784323049695.518,1146,0;2,2,0.24752869579227246,-0.20144405205979418,0.21315381311927295,0.4992304749208863,-0.46365651212114556,-0.5258587990893286,0.7241950675133236,0.19809810860130228,-0.24957108793744465,0.6503306137995768
2026-07-17T21:17:29.772+00:00,38.769732,1784323049728.858,1147,0;2,2,0.2480242215382178,-0.20015428914431654,0.21276997666732694,0.5003109693970881,-0.4628091060232813,-0.5262720776359272,0.7012701143979193,0.30614755622148104,-0.16483047815101792,0.6090027591397207
2026-07-17T21:17:29.806+00:00,38.803548,1784323049762.198,1148,0;2,2,0.24775270919080877,-0.20026310319179152,0.2096611865747116,0.500129850991302,-0.4630114899704713,-0.5293827644013653,0.45384995181617943,0.2880357156428759,-0.18506887287002005,0.2979340825959076
2026-07-17T21:17:29.841+00:00,38.838237,1784323049795.538,1149,0;2,2,0.246297029758899,-0.1989458134561538,0.20788831647790862,0.5023916050216037,-0.47073798565152436,-0.49851016787427616,3.555442913660439,0.5142111186730469,-0.9577184409753248,3.3851937353048256
2026-07-17T21:17:29.873+00:00,38.871336,1784323049828.877,1150,0;2,2,0.246297029758899,-0.1989458134561538,0.20788831647790862,0.4995766980593622,-0.4612918888935832,-0.53131520255212,0.2555204235728938,0.23272042244889546,-0.013108765181207849,0.10469026752044641
2026-07-17T21:17:29.907+00:00,38.904715,1784323049862.217,1151,0;2,2,0.24713836928175337,-0.19698614485918978,0.2092946637470777,0.5012257984620392,-0.4598934830980955,-0.529954726555573,0.48179420746325063,0.39763046271659164,0.12673181436755887,0.24073786717514478
2026-07-17T21:17:29.939+00:00,38.937038,1784323049895.557,1152,0;2,2,0.24775270919080877,-0.20026310319179152,0.2096611865747116,0.500129850991302,-0.4630114899704713,-0.5293827644013653,0.45384995181617943,0.2880357156428759,-0.18506887287002005,0.2979340825959076
2026-07-17T21:17:29.972+00:00,38.971079,1784323049928.897,1153,0;2,2,0.24752263326623258,-0.19878612583787714,0.21271119632173383,0.5032558015658248,-0.4707365130928256,-0.4936070121307654,4.036988024426464,0.6006307730951566,-0.9575711851054491,3.8755093096559
2026-07-17T21:17:30.006+00:00,39.004142,1784323049962.237,1154,0;2,2,0.24381508183007938,-0.19873351254224136,0.2079464992144363,0.49752245107232307,-0.4598870759303686,-0.5314380532129832,0.15971079949683128,0.027295723744980016,0.12737253114025182,0.09240520143412034
2026-07-17T21:17:30.039+00:00,39.03693,1784323049995.577,1155,0;2,2,0.24947847481611038,-0.1989846377791901,0.21311452786618817,0.5021399607504191,-0.46247924880587743,-0.525887841658425,0.822016176184661,0.48904669155458436,-0.13184475641063176,0.6474263568899463
2026-07-17T21:17:30.072+00:00,39.07043,1784323050028.917,1156,0;2,2,0.2452449799038151,-0.19893427266891903,0.2084784320584849,0.5014537091031079,-0.4701529628056307,-0.49802717925987383,3.574103435552087,0.4204215268234668,-0.8992161563859569,3.433492596745058
2026-07-17T21:17:30.105+00:00,39.103936,1784323050062.257,1157,0;2,2,0.24381508183007938,-0.19873351254224136,0.2079464992144363,0.4778053103212453,-0.48229320839810913,-0.537194008995179,2.9120477309870725,-1.9444183513627977,-2.113240715633802,-0.4831903767854584
2026-07-17T21:17:30.139+00:00,39.137388,1784323050095.597,1158,0;2,2,0.24752263326623258,-0.19878612583787714,0.21271119632173383,0.5005522440815868,-0.4613799254183589,-0.5264337751369654,0.6789791768323051,0.33027502467135594,-0.02191241765878149,0.592833009035898
2026-07-17T21:17:30.173+00:00,39.170841,1784323050128.937,1159,0;2,2,0.2461141072089068,-0.19735354775249192,0.20962408978843095,0.5029282137321585,-0.4691026101853371,-0.4968917495438606,3.6789486559061406,0.5678719897285189,-0.7941808943565998,3.5470355683463795
2026-07-17T21:17:30.206+00:00,39.204664,1784323050162.277,1160,0;2,2,0.2472677624425786,-0.1997085763306945,0.21030508514846719,0.49995955679418425,-0.462242500437708,-0.5288023044574328,0.4602900815272978,0.2710062959310977,-0.10816991959368694,0.3559800769891597
2026-07-17T21:17:30.240+00:00,39.237495,1784323050195.616,1161,0;2,2,0.246297029758899,-0.1989458134561538,0.20788831647790862,0.4995766980593622,-0.4612918888935832,-0.53131520255212,0.2555204235728938,0.23272042244889546,-0.013108765181207849,0.10469026752044641
2026-07-17T21:17:30.273+00:00,39.27078,1784323050228.957,1162,0;2,2,0.246297029758899,-0.1989458134561538,0.20788831647790862,0.4995766980593622,-0.4612918888935832,-0.53131520255212,0.2555204235728938,0.23272042244889546,-0.013108765181207849,0.10469026752044641
2026-07-17T21:17:30.305+00:00,39.304221,1784323050262.295,1163,0;2,2,0.2500139241971159,-0.19893611470228098,0.2126114453680807,0.5053414857158871,-0.4721023953523276,-0.49345448444849666,4.121894914904585,0.8091991881013838,-1.0941594110556507,3.8907620778827754
2026-07-17T21:17:30.340+00:00,39.337193,1784323050295.635,1164,0;2,2,0.2500139241971159,-0.19893611470228098,0.2126114453680807,0.5053414857158871,-0.4721023953523276,-0.49345448444849666,4.121894914904585,0.8091991881013838,-1.0941594110556507,3.8907620778827754
2026-07-17T21:17:30.374+00:00,39.372422,1784323050328.975,1165,0;2,2,0.2500876287191666,-0.19913950081310375,0.21234679526599615,0.502619741487443,-0.46297165259988743,-0.5266032529599184,0.8079797146521089,0.5370247652569771,-0.18108513581163166,0.5758852267406023
2026-07-17T21:17:30.405+00:00,39.403768,1784323050362.315,1166,0;2,2,0.2500876287191666,-0.19913950081310375,0.21234679526599615,0.5053189345371505,-0.47234022513944196,-0.4936989560825945,4.104795358746903,0.806944070227722,-1.1179423897670848,3.8663149144729902
2026-07-17T21:17:30.440+00:00,39.438073,1784323050395.655,1167,0;2,2,0.2500876287191666,-0.19913950081310375,0.21234679526599615,0.5053189345371505,-0.47234022513944196,-0.4936989560825945,4.104795358746903,0.806944070227722,-1.1179423897670848,3.8663149144729902
2026-07-17T21:17:30.472+00:00,39.47123,1784323050428.995,1168,0;2,2,0.2449433920497572,-0.1989660802403025,0.20708598209019663,0.5012565350818162,-0.47016675138485214,-0.49943849642830523,3.4367536046176146,0.4007041246942955,-0.9005950143081032,3.292360879901918
2026-07-17T21:17:30.507+00:00,39.504537,1784323050462.335,1169,0;2,2,0.24734453617145194,-0.19949905381457628,0.20849151521532577,0.500192988074841,-0.4622387264089932,-0.5306145752392197,0.35888636176621863,0.2943494239967759,-0.10779251672221046,0.1747529988104679
2026-07-17T21:17:30.540+00:00,39.538007,1784323050495.676,1170,0;2,2,0.25010424152132893,-0.20124995519276184,0.21422031494943067,0.5015273393909953,-0.4646671407570704,-0.5246293362325565,0.9507370599962224,0.4277845556121984,-0.35063395152992727,0.7732768994767936
2026-07-17T21:17:30.573+00:00,39.571646,1784323050529.016,1171,0;2,2,0.2468210090839389,-0.19889803322794403,0.2073961350281327,0.5028967460390612,-0.4710022432581232,-0.49895071336865465,3.528550048323687,0.5647252204187936,-0.9841442016352064,3.341139185866976
2026-07-17T21:17:30.606+00:00,39.604486,1784323050562.357,1172,0;2,2,0.2468210090839389,-0.19889803322794403,0.2073961350281327,0.5000728325669854,-0.4615452514936902,-0.5317720808794599,0.2909840601049864,0.2823338732112157,-0.038445025191907733,0.05900243478644818
2026-07-17T21:17:30.640+00:00,39.63806,1784323050595.697,1173,0;2,2,0.24795351423792816,-0.20229295952040216,0.2115584712325035,0.4992364665347081,-0.46472539169104565,-0.5273765905406619,0.6442803913815472,0.19869726998348325,-0.35645904492745406,0.4985514686662529
2026-07-17T21:17:30.672+00:00,39.67061,1784323050629.038,1174,0;2,2,0.2501366214619343,-0.20211545754344734,0.21486506710639972,0.5011058768483425,-0.46538456746360635,-0.5239412109754981,1.0179555542543717,0.38563830134692445,-0.42237662218352345,0.842089425182635
2026-07-17T21:17:30.706+00:00,39.703859,1784323050662.378,1175,0;2,2,0.24659859483408647,-0.19931008657339006,0.20875957996471128,0.4996286043357844,-0.4616884165599532,-0.5304081148991224,0.3123559332273483,0.2379110500911108,-0.05276153181820731,0.19539903282019822
2026-07-17T21:17:30.739+00:00,39.73712,1784323050695.719,1176,0;2,2,0.24648236639104767,-0.20038983049503856,0.2091701754674981,0.4989804465113802,-0.46253721221326694,-0.5299527227298921,0.32704477292403744,0.1730952676506914,-0.13764109714958228,0.24093824974322775
2026-07-17T21:17:30.772+00:00,39.77022,1784323050729.058,1177,0;2,2,0.24964161808536822,-0.19924329786132372,0.21121925873452216,0.5049458168922161,-0.47231954979188645,-0.4948571416012101,3.9879485382886357,0.7696323057342802,-1.1158748550115338,3.750496362611433
2026-07-17T21:17:30.805+00:00,39.80443,1784323050762.398,1178,0;2,2,0.24828153017658133,-0.2002139680098144,0.20916416326028076,0.5006310308895612,-0.46326642330314605,-0.5298442032181779,0.47125648690750227,0.3381537054687911,-0.21056220613749344,0.25179020091464777
2026-07-17T21:17:30.838+00:00,39.837091,1784323050795.739,1179,0;2,2,0.2458725059514706,-0.19851090951651434,0.20668426599553297,0.4845510304837922,-0.4910690282604629,-0.5045474937410253,4.2771551608681655,-1.2698463351081046,-2.990822701869178,2.7814611486299157
2026-07-17T21:17:30.872+00:00,39.871007,1784323050829.079,1180,0;2,2,0.24480256065810518,-0.19786175551260426,0.20596479251029143,0.49888000328060544,-0.4597674776893874,-0.5333886901546807,0.2377769582470957,0.16305094457321756,0.13933235523836962,-0.10265849273562999
2026-07-17T21:17:30.906+00:00,39.904286,1784323050862.419,1181,0;2,2,0.24577404787611268,-0.19862172787331528,0.2083228662039171,0.49926694402779337,-0.46072058447733955,-0.5309343631069361,0.25104469010379177,0.20174501929201005,0.04402167644315669,0.142774212038832
2026-07-17T21:17:30.940+00:00,39.937902,1784323050895.76,1182,0;2,2,0.24675327805114539,-0.19776162412693216,0.20764853849919596,0.48565907125929453,-0.49075836421541896,-0.5035765441857607,4.288312201714244,-1.159042257557874,-2.959756297364785,2.878556104156371
2026-07-17T21:17:30.972+00:00,39.970838,1784323050929.1,1183,0;2,2,0.24577404787611268,-0.19862172787331528,0.2083228662039171,0.49926694402779337,-0.46072058447733955,-0.5309343631069361,0.25104469010379177,0.20174501929201005,0.04402167644315669,0.142774212038832
2026-07-17T21:17:31.006+00:00,40.004978,1784323050962.441,1184,0;2,2,0.24577404787611268,-0.19862172787331528,0.2083228662039171,0.5020760465868969,-0.4701581231927536,-0.4981474594758427,3.5705593366545276,0.4826552752023594,-0.8997321950982462,3.42146457514817
2026-07-17T21:17:31.040+00:00,40.038011,1784323050995.781,1185,0;2,2,0.24963773826354382,-0.20149337397766873,0.21444804774121246,0.5009938481868899,-0.4646323065611274,-0.5244221794495212,0.9440019070574425,0.3744354352016588,-0.3471505319356305,0.7939925777803225
2026-07-17T21:17:31.074+00:00,40.071468,1784323051029.122,1186,0;2,2,0.2501896000561189,-0.19805204085359027,0.21191738454804915,0.5059739133081054,-0.4714913017052038,-0.49417612763894747,4.050930287415374,0.8724419473232103,-1.0330500463432701,3.818597758837694
2026-07-17T21:17:31.107+00:00,40.104764,1784323051062.462,1187,0;2,2,0.24821651669034472,-0.1987401083436241,0.21022044885989533,0.5040211763594228,-0.471279343977058,-0.4960167736938953,3.8330454152983804,0.6771682524549516,-1.0118542735286895,3.6345331533429115
2026-07-17T21:17:31.140+00:00,40.137603,1784323051095.802,1188,0;2,2,0.24587008757527679,-0.19778204687567985,0.20756790934864788,0.5026209372156288,-0.4695521178018589,-0.4989349233314261,3.4880411223288914,0.537144338075557,-0.8391316560087791,3.342718189589833
2026-07-17T21:17:31.172+00:00,40.170801,1784323051129.143,1189,0;2,2,0.24587008757527679,-0.19778204687567985,0.20756790934864788,0.4997911175963422,-0.4600970348242435,-0.5317221927554528,0.2828592990795912,0.25416237614689363,0.10637664175275896,0.06399124718715621
2026-07-17T21:17:31.206+00:00,40.204409,1784323051162.482,1190,0;2,2,0.2501896000561189,-0.19805204085359027,0.21191738454804915,0.5032599734152543,-0.4621106302337694,-0.5270787573715155,0.8058647806282265,0.6010479580381034,-0.09498289919983027,0.5283347855808862
2026-07-17T21:17:31.240+00:00,40.237845,1784323051195.823,1191,0;2,2,0.24881913473296988,-0.19901980107540734,0.20984679516912458,0.5016636873226373,-0.4624399929181945,-0.5291871848323562,0.5585835211213704,0.4414193487764062,-0.12791916764233746,0.31749203949682503
2026-07-17T21:17:31.273+00:00,40.271616,1784323051229.163,1192,0;2,2,0.2439353318379687,-0.1997465345623165,0.20600448840723096,0.4971948717134581,-0.4609761094544102,-0.533313893664625,0.09710797402096119,-0.0054622121415159874,0.01846917873609133,-0.09517884373005936
2026-07-17T21:17:31.306+00:00,40.3046,1784323051262.503,1193,0;2,2,0.24364601104435685,-0.19803346434763178,0.20385779393547054,0.4978637161414973,-0.4595132404004978,-0.5355587265090321,0.3648302809022102,0.06142223066240571,0.16475608412733211,-0.31966212817077233
2026-07-17T21:17:31.340+00:00,40.337796,1784323051295.844,1194,0;2,2,0.24508877518875807,-0.1960520136704399,0.20549318410724302,0.5000382464516713,-0.4583728219052102,-0.5339298987826643,0.4243577096148182,0.2788752616798007,0.2787979336560886,-0.15677935553398692
2026-07-17T21:17:31.372+00:00,40.371109,1784323051329.184,1195,0;2,2,0.24796745430077566,-0.19888794734196358,0.2095132270018541,0.5010002311971445,-0.4619340958754194,-0.5295845597680017,0.47308322872166225,0.37507373622712725,-0.07732946336482804,0.2777545459322739
2026-07-17T21:17:31.406+00:00,40.404494,1784323051362.525,1196,0;2,2,0.2459329853631049,-0.1996947283030482,0.2081832448708445,0.4791423078358751,-0.48416017010957235,-0.5367553847440737,2.9599696924661063,-1.8107185998998188,-2.2999368867801238,-0.4393279516749282
2026-07-17T21:17:31.438+00:00,40.437238,1784323051395.865,1197,0;2,2,0.24146315744492292,-0.19782777513849897,0.20144213029618593,0.49615251061098353,-0.45845241448226604,-0.5381256337354476,0.646196501820515,-0.10969832238897359,0.2708386759505077,-0.5763528508123228
2026-07-17T21:17:31.472+00:00,40.47075,1784323051429.206,1198,0;2,2,0.24500732658298474,-0.1989750670743748,0.2065025213972764,0.501340679807704,-0.4702624628146345,-0.5000115180293142,3.3854667892438224,0.40911859728307576,-0.9101661572863406,3.2350587198010206
2026-07-17T21:17:31.507+00:00,40.504161,1784323051462.548,1199,0;2,2,0.24500732658298474,-0.1989750670743748,0.2065025213972764,0.49848980788706754,-0.4607928303815916,-0.5327829315518419,0.1360469146073774,0.1240314052194269,0.036797086017953395,-0.04208263245174537
2026-07-17T21:17:31.540+00:00,40.538003,1784323051495.89,1200,0;2,2,0.2440485338565305,-0.19818118785140199,0.2041320297797567,0.49813106478817093,-0.459817463397184,-0.5352504649065145,0.330519977410886,0.08815709532976612,0.13433378445871225,-0.28883596791901
2026-07-17T21:17:31.572+00:00,40.571083,1784323051529.232,1201,0;2,2,0.24740976372468926,-0.2029080783491099,0.21180333534801915,0.5011546564019959,-0.4743343902189774,-0.49429105362913534,4.047466752189573,0.39051625671225887,-1.3173588977206274,3.8071051598189074
2026-07-17T21:17:31.606+00:00,40.604467,1784323051562.574,1202,0;2,2,0.2493279276086423,-0.19963278221959832,0.2094882969137771,0.5018158960594541,-0.46324930453704344,-0.5294787054604231,0.579032550957083,0.45664022245808233,-0.2088503295272326,0.2883399766901329
2026-07-17T21:17:31.640+00:00,40.637806,1784323051595.915,1203,0;2,2,0.2477230583712084,-0.20392333459439924,0.20953107653263514,0.4785322428042533,-0.4885538047506777,-0.534959300662581,3.327848481393242,-1.8717251030619941,-2.739300350890661,-0.2597195435256605
2026-07-17T21:17:31.675+00:00,40.672139,1784323051629.258,1204,0;2,2,0.24698298669865032,-0.20511795411477027,0.20952561815080256,0.49706996165791356,-0.46686043284961376,-0.5293266843036724,0.6460016443588016,-0.01795321769597069,-0.5699631607842648,0.30354209236520546
2026-07-17T21:17:31.705+00:00,40.704136,1784323051662.6,1205,0;2,2,0.2499296057367491,-0.2011405283261593,0.2080763632923153,0.48185631899602094,-0.48742332446920605,-0.5365090052857333,3.0722414260364825,-1.539317483885233,-2.626252322743494,-0.4146900058408898
2026-07-17T21:17:31.739+00:00,40.737245,1784323051695.942,1206,0;2,2,0.25328679266133813,-0.20403899782170154,0.21173053279534254,0.5030038303408334,-0.4688410574706008,-0.5267517875189679,1.111640180782438,0.5754336505960134,-0.7680256228829674,0.5610317708356516
2026-07-17T21:17:31.773+00:00,40.77112,1784323051729.284,1207,0;2,2,0.25109867689757054,-0.20395059205598737,0.20881451814295554,0.5012476458837345,-0.46791826770119094,-0.5298117030116102,0.825549054980485,0.39981520488612254,-0.6757466459419825,0.25504022157142314
2026-07-17T21:17:31.806+00:00,40.805041,1784323051762.626,1208,0;2,2,0.25631658069365987,-0.20259431580360354,0.21125600022443866,0.5063663805992933,-0.4691077512282601,-0.527089475265298,1.3193644874691466,0.9116886764420018,-0.7946949986488983,0.5272629962026376
2026-07-17T21:17:31.840+00:00,40.838011,1784323051795.969,1209,0;2,2,0.2574715690548486,-0.20047210760828899,0.21234005500633674,0.5083795222005576,-0.46774684956606033,-0.5260367891449477,1.4396638062158278,1.113002836568433,-0.6586048324289218,0.6325316082376742
2026-07-17T21:17:31.872+00:00,40.871228,1784323051829.311,1210,0;2,2,0.25884886800761703,-0.20272739361034556,0.2145576737135131,0.508386164318926,-0.47020806046731844,-0.5236194565512445,1.680214970883144,1.1136670484052758,-0.9047259225547333,0.8742648676079878
2026-07-17T21:17:31.906+00:00,40.90479,1784323051862.653,1211,0;2,2,0.2569490560371387,-0.20128317556034014,0.2093661002997415,0.5076290245711974,-0.4684255913517974,-0.5289950522451502,1.3109114364967662,1.0379530736324138,-0.7264790110026287,0.33670529821742123
2026-07-17T21:17:31.940+00:00,40.938268,1784323051895.996,1212,0;2,2,0.25701601597742363,-0.20147279411181362,0.20909116579813264,0.5076032467328868,-0.46864435145972216,-0.5292548739668625,1.314757046163703,1.0353752898013546,-0.7483550217951052,0.31072312604618624
2026-07-17T21:17:31.974+00:00,40.971822,1784323051929.338,1213,0;2,2,0.25701601597742363,-0.20147279411181362,0.20909116579813264,0.5076032467328868,-0.46864435145972216,-0.5292548739668625,1.314757046163703,1.0353752898013546,-0.7483550217951052,0.31072312604618624
2026-07-17T21:17:32.007+00:00,41.00487,1784323051962.68,1214,0;2,2,0.2569490560371387,-0.20128317556034014,0.2093661002997415,0.4925552149587163,-0.4987124700061869,-0.500664391215415,4.9365060060130945,-0.46942788761569765,-3.755166876441579,3.169771401190946
2026-07-17T21:17:32.040+00:00,41.037985,1784323051996.022,1215,0;2,2,0.26018423097223187,-0.2015021065127036,0.21175205542492415,0.5102492703318526,-0.47001577253491744,-0.526384936262945,1.6826504521218981,1.2999776496979365,-0.885497129314633,0.5977168964379387
2026-07-17T21:17:32.072+00:00,41.07095,1784323052029.365,1216,0;2,2,0.25855882874747993,-0.19885497621194503,0.21044734583760866,0.5101884970057252,-0.4670220193267098,-0.5279293606410982,1.4880218582441815,1.2939003170851948,-0.5861218084938669,0.44327445862262227
2026-07-17T21:17:32.107+00:00,41.104716,1784323052062.706,1217,0;2,2,0.25559252559846873,-0.20265098049927627,0.20993430432244148,0.5057553120055556,-0.4689046499599564,-0.5284531804293731,1.214890237012744,0.85058181706823,-0.7743848718185287,0.3908924797951352
2026-07-17T21:17:32.140+00:00,41.138512,1784323052096.048,1218,0;2,2,0.25640734765179274,-0.1978222101780564,0.20557103202443183,0.5089985973827694,-0.46544909072024443,-0.5329874183193661,1.2522854199161217,1.1749103547896156,-0.4288289478473317,-0.06253130920417238
2026-07-17T21:17:32.173+00:00,41.171818,1784323052129.391,1219,0;2,2,0.25605648483119964,-0.2001614767603575,0.2076953089787444,0.5102376349001152,-0.4766129102605155,-0.4976812357562159,4.012757392030884,1.2988141065241932,-1.5452109018744387,3.468086947110849
2026-07-17T21:17:32.206+00:00,41.205097,1784323052162.733,1220,0;2,2,0.25807680507189473,-0.20370022944259658,0.21223171261697904,0.5073163410924487,-0.4708547909340638,-0.5259410516329267,1.538001232521479,1.006684725757545,-0.9693989692292682,0.6421053594397708
2026-07-17T21:17:32.240+00:00,41.237914,1784323052196.075,1221,0;2,2,0.2589854029302926,-0.20107879162195735,0.2131654266952303,0.5120010598386242,-0.47831899454790955,-0.49190872984376577,4.635178396800864,1.4751566003750938,-1.7158193306138436,4.045337538355865
2026-07-17T21:17:32.273+00:00,41.271475,1784323052229.418,1222,0;2,2,0.25855882874747993,-0.19885497621194503,0.21044734583760866,0.5101884970057252,-0.4670220193267098,-0.5279293606410982,1.4880218582441815,1.2939003170851948,-0.5861218084938669,0.44327445862262227
2026-07-17T21:17:32.306+00:00,41.304931,1784323052262.76,1223,0;2,2,0.2565415828599505,-0.2029411153060707,0.20866250801848057,0.5064813387049116,-0.46972010121038316,-0.529640731784243,1.2880001905040412,0.9231844870038364,-0.8559299968612044,0.2721373443081432
2026-07-17T21:17:32.339+00:00,41.337869,1784323052296.103,1224,0;2,2,0.25729273807505704,-0.20132494246546145,0.21049828750604593,0.5105666400759151,-0.4779567082680914,-0.49471060860634564,4.332532832699212,1.3317146241041855,-1.6795907026320278,3.7651496620978775
2026-07-17T21:17:32.373+00:00,41.370865,1784323052329.445,1225,0;2,2,0.25485112866459536,-0.20014277048429135,0.20815493400007212,0.5064108184701661,-0.46650140095142145,-0.5304029627543484,1.0783789387843192,0.9161324635292845,-0.534059970965034,0.19591424729760165
2026-07-17T21:17:32.407+00:00,41.404565,1784323052362.788,1226,0;2,2,0.25485112866459536,-0.20014277048429135,0.20815493400007212,0.48660415365121096,-0.4890362936205279,-0.536227085793141,3.008827708191621,-1.064534018366231,-2.7875492378756803,-0.38649805658166336
2026-07-17T21:17:32.438+00:00,41.437526,1784323052396.13,1227,0;2,2,0.2549163521501672,-0.20034306948075803,0.20788198784239575,0.5091502939646144,-0.4761906295760823,-0.49759699705885096,3.970059860320207,1.1900800129741151,-1.5029828334311213,3.4765108168473446
2026-07-17T21:17:32.473+00:00,41.470996,1784323052429.472,1228,0;2,2,0.256596904272758,-0.2043565182766044,0.21163798555936852,0.5057270846843551,-0.4707456325539925,-0.52660111355825,1.4033088145739785,0.8477590849481853,-0.9584831312221376,0.57609916690744
2026-07-17T21:17:32.505+00:00,41.503752,1784323052462.815,1229,0;2,2,0.25542824795142877,-0.2051283735954537,0.21245315764273376,0.5043021029032504,-0.4707801236364652,-0.525830230269505,1.3599119400498196,0.7052609068377125,-0.9619322394694096,0.6531874957819372
2026-07-17T21:17:32.540+00:00,41.537935,1784323052496.156,1230,2,1,0.2018905579739258,-0.13588511409796375,0.1850403094053778,0.492900260234445,-0.38655026803743003,-0.5602933539231982,7.978597716176653,-0.43492336004282706,7.461053320434107,-2.7931248695873823
2026-07-17T21:17:32.572+00:00,41.571074,1784323052529.499,1231,0;2,2,0.2604909392631479,-0.20572701356664067,0.21919310886900373,0.5081711959924047,-0.4732579343542151,-0.518737506647382,2.1242737441831316,1.092170215753141,-1.209713311244398,1.362459857994236
2026-07-17T21:17:32.606+00:00,41.604517,1784323052562.841,1232,0;2,2,0.25374402166636156,-0.20031116900309712,0.2083511043882302,0.5053587215556892,-0.46609002586447124,-0.5302749416301191,0.9716639413427937,0.8109227720815904,-0.49292246227001235,0.20871635972052882
2026-07-17T21:17:32.640+00:00,41.638326,1784323052596.183,1233,0;2,2,0.2557275339147208,-0.20468905226968687,0.2151130037487789,0.5046861253846467,-0.47033915347872385,-0.5231815648174888,1.4960881017148904,0.7436631549773476,-0.9178352236952736,0.9180540409835625
2026-07-17T21:17:32.673+00:00,41.671971,1784323052629.526,1234,0;2,2,0.25518038826551903,-0.20428122108154148,0.21213038733587125,0.5071722673882171,-0.4793160923070968,-0.49313084156030057,4.435276854458107,0.9922773553343811,-1.8155291065325707,3.923126366702384
2026-07-17T21:17:32.705+00:00,41.70433,1784323052662.868,1235,0;2,2,0.2541892993553153,-0.20569939965056933,0.2137021035303168,0.502899989323747,-0.47057217818486485,-0.5246420525012928,1.3420183654759985,0.5650495488873752,-0.9411376943093741,0.7720052726031601
2026-07-17T21:17:32.738+00:00,41.73774,1784323052696.21,1236,0;2,2,0.255169075635457,-0.20649378655634423,0.21495693711703856,0.48360498242181055,-0.49395917319777055,-0.5289144959351167,3.5690221412832477,-1.364451141306272,-3.279837195599944,0.3447609292207665
2026-07-17T21:17:32.773+00:00,41.771115,1784323052729.553,1237,0;2,2,0.25107692330153947,-0.20413060371357242,0.21030996171529942,0.5010877002130207,-0.46794802608080927,-0.5283141180507036,0.8785468080813614,0.38382063781474685,-0.6787224839038153,0.4047987176620804
2026-07-17T21:17:32.806+00:00,41.804919,1784323052762.896,1238,0;2,2,0.2556658821673807,-0.20795887272578806,0.21704123204176567,0.5029516934772131,-0.47299875355806714,-0.521100251655229,1.7305535001360626,0.5702199642339867,-1.183795231629603,1.1261853572095415
2026-07-17T21:17:32.840+00:00,41.839321,1784323052796.238,1239,0;2,2,0.25145136200267804,-0.2078943432863093,0.212514359732914,0.4797102901395084,-0.49353667823917585,-0.5314447149222354,3.6832902174420816,-1.753920369536488,-3.237587699740474,0.0917390305088972
2026-07-17T21:17:32.874+00:00,41.871735,1784323052829.581,1240,0;2,2,0.25217793253492266,-0.20713722902560983,0.21442690689616625,0.5004171585179262,-0.4707790857494322,-0.5239855236242091,1.3142017187944324,0.3167664683052962,-0.9618284507661112,0.8376581603115274
2026-07-17T21:17:32.907+00:00,41.904648,1784323052862.923,1241,0;2,2,0.25024437225472174,-0.20515753811754064,0.21039577634557952,0.4998544091443687,-0.4684251937260367,-0.5282340940248605,0.8751997396181344,0.26049153094954147,-0.726439248426558,0.4128011202463866
2026-07-17T21:17:32.940+00:00,41.938057,1784323052896.266,1242,0;2,2,0.2541863101201677,-0.20729867761773615,0.2169524754980944,0.4868574453013448,-0.5015573224462765,-0.4928660353515094,5.744399998071622,-1.0392048533528486,-4.039652120450538,3.9496069875815
2026-07-17T21:17:32.972+00:00,41.971369,1784323052929.607,1243,0;2,2,0.25157712704681884,-0.20492458256716534,0.21189185862547522,0.5010753825787287,-0.46875991986586985,-0.5266637602716648,1.0239881043116428,0.3825888743855477,-0.7599118624098733,0.5698344955659573
2026-07-17T21:17:33.006+00:00,42.004605,1784323052962.95,1244,0;2,2,0.2510735357595212,-0.20835332072697907,0.21445330348965308,0.4988563480607136,-0.471291923102246,-0.5239738355953465,1.325083688201073,0.16068542258403373,-1.0131121860474879,0.8388269631977918
2026-07-17T21:17:33.041+00:00,42.038702,1784323052996.292,1245,0;2,2,0.2496281050129799,-0.2056585189787606,0.2112300329876632,0.4990424900695827,-0.4684936287886272,-0.5274199347409239,0.9022762572863285,0.17929962347094097,-0.7332827546856102,0.49421704864005545
2026-07-17T21:17:33.075+00:00,42.072135,1784323053029.635,1246,0;2,2,0.2546052792531906,-0.20491714184539964,0.21782005214588912,0.4838942197057887,-0.4920330463255455,-0.5262298209754082,3.4191574601382833,-1.335527412908455,-3.0872245083774397,0.6132284251916253
2026-07-17T21:17:33.107+00:00,42.104779,1784323053062.978,1247,0;2,2,0.24992781306328424,-0.2056649706215426,0.2100245214355249,0.499341861578657,-0.46873948663555387,-0.5286002123608549,0.8715865591664277,0.20923677437837407,-0.7578685393782758,0.37618928664695517
2026-07-17T21:17:33.139+00:00,42.137524,1784323053096.321,1248,0;2,2,0.2517724088010046,-0.20356592642569965,0.21205577016449306,0.504585562598189,-0.4770267864207195,-0.49357757983416606,4.254158906965337,0.7336068763315717,-1.5865985178948383,3.8784525393158353
2026-07-17T21:17:33.172+00:00,42.171516,1784323053129.663,1249,0;2,2,0.2517724088010046,-0.20356592642569965,0.21205577016449306,0.48685475104135395,-0.49773018459884755,-0.4982596503546559,5.107198748044404,-1.0394742793519318,-3.6569383357076433,3.4102454872668497
2026-07-17T21:17:33.206+00:00,42.204864,1784323053163.006,1250,0;2,2,0.2549188493417818,-0.20227393336049557,0.2142916178613934,0.5052037707196417,-0.4679095312459566,-0.524176765286359,1.3259550044330994,0.7954276884768463,-0.6748730004185466,0.8185339940965375
2026-07-17T21:17:33.241+00:00,42.238426,1784323053196.349,1251,0;2,2,0.2587638652714047,-0.20714135517132978,0.22093976198501114,0.5059113483071019,-0.47350453905466244,-0.517044515679799,2.1494746698622196,0.8661854472228669,-1.234373781289133,1.5317589547525379
2026-07-17T21:17:33.273+00:00,42.272275,1784323053229.692,1252,0;2,2,0.2587638652714047,-0.20714135517132978,0.22093976198501114,0.5059113483071019,-0.47350453905466244,-0.517044515679799,2.1494746698622196,0.8661854472228669,-1.234373781289133,1.5317589547525379
2026-07-17T21:17:33.307+00:00,42.304971,1784323053263.034,1253,0;2,2,0.2524562630870367,-0.20845635538850335,0.21386988775674887,0.5000275557174648,-0.4721040300548252,-0.5244551669193571,1.3783742528223826,0.2778061882591554,-1.0943228813054096,0.7906938307967293
2026-07-17T21:17:33.340+00:00,42.338029,1784323053296.377,1254,0;2,2,0.25234767610721376,-0.2100486618626362,0.21506743207528872,0.5016785335987849,-0.48262627833694793,-0.49016850791345823,4.7546637677532635,0.4429039763911624,-2.146547709517682,4.219359731386618
2026-07-17T21:17:33.372+00:00,42.371443,1784323053329.72,1255,0;2,2,0.25562168731172313,-0.20676005901660005,0.2180132176679779,0.5059818757906345,-0.4811083159256103,-0.48710440169762315,5.022367534804297,0.8732381955761204,-1.9947514683839207,4.5257703529701265
2026-07-17T21:17:33.407+00:00,42.405223,1784323053363.063,1256,0;2,2,0.25562168731172313,-0.20676005901660005,0.2180132176679779,0.5034709180827095,-0.4718608284423706,-0.5201950468207959,1.7356094377278841,0.6221424247836227,-1.0700027200599482,1.2167058406528541
2026-07-17T21:17:33.441+00:00,42.438301,1784323053396.405,1257,0;2,2,0.25491542165614245,-0.20651241674454027,0.21713901126439397,0.5030098499696499,-0.47136752960720185,-0.5211269519455655,1.6235383456813282,0.5760356134776656,-1.020672836543074,1.1235153281758947
2026-07-17T21:17:33.474+00:00,42.471451,1784323053429.748,1258,0;2,2,0.2547910774847298,-0.20755709669293435,0.21758525715159638,0.5023706970732387,-0.47217913984839843,-0.5206383565600161,1.688421721825301,0.5121203238365402,-1.101833860662732,1.1723748667308298
2026-07-17T21:17:33.508+00:00,42.505801,1784323053463.089,1259,0;2,2,0.2563222981806465,-0.21035697735643227,0.2209904605217165,0.5022009078777832,-0.475096607053927,-0.5169998217896611,2.1324233563660555,0.4951414042909885,-1.3935805812155866,1.5362283437663327
2026-07-17T21:17:33.541+00:00,42.539235,1784323053496.429,1260,0;2,2,0.25491542165614245,-0.20651241674454027,0.21713901126439397,0.5030098499696499,-0.47136752960720185,-0.5211269519455655,1.6235383456813282,0.5760356134776656,-1.020672836543074,1.1235153281758947
2026-07-17T21:17:33.575+00:00,42.572385,1784323053529.77,1261,0;2,2,0.25644664235205916,-0.2093122974080382,0.2205442146345141,0.5028400607741944,-0.4742849968127304,-0.5174884171752103,2.0608870526048224,0.559056693932114,-1.3124195570959285,1.4873688052114087
2026-07-17T21:17:33.607+00:00,42.604704,1784323053563.11,1262,0;2,2,0.2558730033361425,-0.2091644430852717,0.22101373300122276,0.5023980980787894,-0.4738391887129495,-0.5170673539589832,2.0522647268084846,0.5148604243916166,-1.2678387471178387,1.5294751268341233
2026-07-17T21:17:33.639+00:00,42.638324,1784323053596.45,1263,0;2,2,0.2530043904562015,-0.20859550072119598,0.21661551782515204,0.500339391829911,-0.4722806161223052,-0.521674903423085,1.5729400338271786,0.30898979950377825,-1.1119814880534096,1.0687201804239432
2026-07-17T21:17:33.673+00:00,42.671346,1784323053629.791,1264,0;2,2,0.2522642546291609,-0.20800390462020557,0.2131720951162232,0.5001083172039391,-0.47167116725539576,-0.5251863309871103,1.304348115889287,0.2858823369065844,-1.051036601362465,0.7175774240214094
2026-07-17T21:17:33.707+00:00,42.705101,1784323053663.131,1265,0;2,2,0.2516907732020602,-0.20786003729201052,0.21361537463305963,0.4996654401310785,-0.47123093173571456,-0.5247912005391017,1.2828208077099106,0.24159462962052292,-1.0070130493943452,0.7570904688222746
2026-07-17T21:17:33.741+00:00,42.738728,1784323053696.472,1266,0;2,2,0.2517871022972288,-0.20680063373362606,0.21315646132651095,0.5002879538642617,-0.4703937932441535,-0.5252950779199853,1.2017622711207263,0.30384600293884567,-0.9232992002382368,0.7067027307339102
2026-07-17T21:17:33.773+00:00,42.771278,1784323053729.812,1267,0;2,2,0.2528940364409559,-0.2077925082559831,0.2151385807477069,0.5006912981614798,-0.47164375752255444,-0.5231944069921255,1.434521105941393,0.3441804326606568,-1.0482956280783329,0.9167698235198918
2026-07-17T21:17:33.807+00:00,42.804902,1784323053763.153,1268,0;2,2,0.2514966888547471,-0.20806942223982622,0.21498463035416454,0.49934563866432896,-0.4712115458831245,-0.5234296854893845,1.360879911551664,0.20961448294556928,-1.0050744641353415,0.8932419737939901
2026-07-17T21:17:33.839+00:00,42.838071,1784323053796.493,1269,0;2,2,0.254885461476027,-0.21011596548541314,0.21812697974721545,0.5011711060285584,-0.4744053037764452,-0.5199635553325976,1.8561248047496086,0.3921612193685142,-1.3244502534674074,1.2398549894726774
2026-07-17T21:17:33.873+00:00,42.871428,1784323053829.833,1270,0;2,2,0.2541469406265749,-0.20599796867645226,0.21447035045234536,0.4829789469476781,-0.4930683802264546,-0.5294992432275791,3.507047310706025,-1.4270546887195146,-3.190757898468349,0.2862861999745281
2026-07-17T21:17:33.905+00:00,42.904764,1784323053863.173,1271,0;2,2,0.2535305389552086,-0.2079430880188726,0.21547116670911473,0.5011585440695145,-0.4720605704643184,-0.5228118218769284,1.5009781974252268,0.3909050234641276,-1.0899769222547262,0.9550283350395983
2026-07-17T21:17:33.939+00:00,42.938127,1784323053896.514,1272,0;2,2,0.25333965501354416,-0.20830593091024166,0.2163808277245884,0.5033304973027325,-0.48148003535772144,-0.4888634085271847,4.839407497665043,0.6081003467859225,-2.0319234115950326,4.349869670013973
2026-07-17T21:17:33.974+00:00,42.971991,1784323053929.854,1273,0;2,2,0.2554349425562701,-0.20946960994919625,0.21785010287824264,0.5019772600961916,-0.47413472298990167,-0.5202342348377464,1.8378238749528664,0.47277662613183224,-1.2973921748130557,1.2127870389577966
2026-07-17T21:17:34.007+00:00,43.005172,1784323053963.195,1274,0;2,2,0.2556371842955689,-0.20483796844788765,0.21559376528796045,0.5070919144638399,-0.4796874228074621,-0.48961384367160865,4.761851337990008,0.9842420628966675,-1.8526621565691015,4.274826155571576
2026-07-17T21:17:34.039+00:00,43.038089,1784323053996.535,1275,2,1,0.20922478813728446,-0.14423733132901337,0.19854557052320132,0.4946811770462665,-0.3963492187235875,-0.5459144998873587,6.6263148737886635,-0.25683167886067504,6.481158251818359,-1.3552394660034328
2026-07-17T21:17:34.073+00:00,43.071712,1784323054029.876,1276,0;2,2,0.25858338472487163,-0.20865991703583744,0.21938993759612815,0.5050592568941087,-0.47485481319738343,-0.5185248058418257,2.0975919926567568,0.780976305923542,-1.3694011955612317,1.3837299385498714
2026-07-17T21:17:34.106+00:00,43.104931,1784323054063.216,1277,0;2,2,0.25912902280864075,-0.20860069962614436,0.2188745109876946,0.5055806696896307,-0.47511065722076395,-0.5190039349905086,2.1034440449731195,0.83311758547574,-1.3949855978992842,1.3358170236815847
2026-07-17T21:17:34.140+00:00,43.138736,1784323054096.557,1278,0;2,2,0.2657156111273312,-0.21074460185830154,0.22695438117468492,0.49044562573775563,-0.501703067284144,-0.5160119687046817,4.424132594354035,-0.6803868097117638,-4.054226604237293,1.6350136522642722
2026-07-17T21:17:34.172+00:00,43.171416,1784323054129.897,1279,0;2,2,0.2747625487924238,-0.20990688516545863,0.23537838909603537,0.49860065167755635,-0.5046864804545551,-0.5071741206856044,5.030650995372216,0.13511578426830817,-4.3525679212784,2.518798454172
2026-07-17T21:17:34.206+00:00,43.204614,1784323054163.238,1280,0;2,2,0.2751181158708178,-0.2137313177547749,0.2372570915197386,0.49695426896276773,-0.5079575908519008,-0.5049669740889524,5.4226560702560285,-0.029522487210553727,-4.679678961012973,2.7395131138371998
2026-07-17T21:17:34.240+00:00,43.238835,1784323054196.578,1281,2,1,0.23161720064507088,-0.15490423218491486,0.2192622585618117,0.5110059716153217,-0.4243132648225828,-0.4910897361918068,5.701219226526317,1.3756477780448417,3.6847536419188307,4.127236903551762
2026-07-17T21:17:34.275+00:00,43.272163,1784323054229.919,1282,0;2,2,0.29072732417985614,-0.2194080220315675,0.2553380154934232,0.5073873697354744,-0.5188585657223399,-0.48559918324012624,7.495718395598887,1.0137875900601112,-5.769776448056879,4.676292198719817
2026-07-17T21:17:34.307+00:00,43.305803,1784323054263.258,1283,2,1,0.23807885571903592,-0.16217414912654768,0.22490159745556088,0.4912427460280513,-0.4463186457190548,-0.5236946437730581,1.8207017543695958,-0.6006747806821977,1.4842155522716338,0.8667461454266334
2026-07-17T21:17:34.339+00:00,43.338113,1784323054296.599,1284,2,1,0.24750297148281247,-0.16957645593965823,0.23695729410435978,0.4955186299928266,-0.45619620508747677,-0.5105379510649561,2.2448536912630965,-0.17308638420466815,0.4964596154294343,2.182415416236827
2026-07-17T21:17:34.372+00:00,43.371126,1784323054329.939,1285,2,1,0.26393139155321577,-0.18477082211058982,0.2609445061851359,0.5017877660345,-0.47508038127987845,-0.48445665670329857,5.009274020537577,0.45382721996267694,-1.3919580038107338,4.790544852402584
2026-07-17T21:17:34.406+00:00,43.404971,1784323054363.28,1286,2,1,0.2703980127865495,-0.17995142807788156,0.26176857680873933,0.5097976879612705,-0.4741161146298378,-0.4836603012768367,5.193421828475434,1.2548194126397183,-1.2955313388066714,4.870180395048774
2026-07-17T21:17:34.439+00:00,43.438253,1784323054396.62,1287,2,1,0.2804957719105082,-0.18027415882492515,0.2678299743132063,0.5216091400284502,-0.4856807609598923,-0.442355771143873,9.641452671872845,2.435964619357689,-2.4519959718121207,9.000633408345143
2026-07-17T21:17:34.473+00:00,43.471923,1784323054429.96,1288,2,1,0.28352202254778985,-0.1764687201267945,0.26226209989526145,0.5263364416135115,-0.48461812485163147,-0.44793826219753174,9.232378801768268,2.9086947778638184,-2.3457323609860357,8.442384302979267
2026-07-17T21:17:34.507+00:00,43.504082,1784323054463.301,1289,2,1,0.29770920401317863,-0.18725531803913642,0.28824125712429327,0.5294263037846321,-0.49145541830001194,-0.4551275697748319,8.898474244391945,3.21768099497588,-3.0294617058240823,7.723453545249254
2026-07-17T21:17:34.539+00:00,43.537591,1784323054496.641,1290,2,1,0.30556827557196325,-0.1971501596605293,0.3062870568654655,0.5490183829567721,-0.4783995984770102,-0.43554892629185066,11.113048918557498,5.176888912189881,-1.7238797235239078,9.681317893547375
2026-07-17T21:17:34.572+00:00,43.570679,1784323054529.981,1291,2,1,0.28957784974953654,-0.21448140066016458,0.2992983518086211,0.536088859720103,-0.4883101907963707,-0.4021054155997731,13.860876916083768,3.8839365885229737,-2.714938955459961,13.025668962755132
2026-07-17T21:17:34.605+00:00,43.604113,1784323054563.322,1292,2,1,0.2874952531663931,-0.22293161201123793,0.3095936744918976,0.520501886476118,-0.491731390074556,-0.4321838251670725,10.72889670980016,2.325239264124468,-3.057058883278491,10.017828006025193
2026-07-17T21:17:34.639+00:00,43.638023,1784323054596.662,1293,2,1,0.28822998723311755,-0.2189196300131263,0.3110591708329178,0.5317986062894992,-0.49060701795890416,-0.390437091480108,14.90081554060123,3.4549112454625885,-2.9446216717133042,14.192501374721639
2026-07-17T21:17:34.673+00:00,43.671679,1784323054630.002,1294,2,1,0.29243119194141665,-0.23612983361610507,0.33756314960877093,0.5174186213284975,-0.5036349210541318,-0.4033802227937041,13.72849975554834,2.0169127493624206,-4.247411981236065,12.89818824336203
2026-07-17T21:17:34.705+00:00,43.704859,1784323054663.342,1295,2,1,0.28540035852979273,-0.23700528947275254,0.3325839412206505,0.5110283481257853,-0.501308763629324,-0.40874165521619954,13.070474884408588,1.377885429091208,-4.014796238755286,12.362045001112488
2026-07-17T21:17:34.739+00:00,43.738272,1784323054696.682,1296,2,1,0.27357995947026986,-0.23947687978316673,0.3279287124884898,0.4996758184787444,-0.49800341330629094,-0.4140043994616212,12.39831102575465,0.24263246438711583,-3.684261206451983,11.83577057657032
2026-07-17T21:17:34.772+00:00,43.771468,1784323054730.021,1297,2,1,0.28239934938009253,-0.24949015443986355,0.35388466404613894,0.501601859742363,-0.5091815740509067,-0.3871139212878637,15.30423884023335,0.43523659074897747,-4.802077280913558,14.52481839394607
2026-07-17T21:17:34.806+00:00,43.804992,1784323054763.361,1298,2,1,0.2731010004200334,-0.2550828635378628,0.3524416521928412,0.49747763462074446,-0.5113434404440313,-0.34992478284815814,18.92134401209445,0.022814078587118924,-5.0182639202260235,18.24373223791663
2026-07-17T21:17:34.841+00:00,43.838721,1784323054796.701,1299,2,1,0.2750734826590304,-0.2614177496656844,0.37008396457763637,0.49464967417565364,-0.5164848565562271,-0.3320127440250487,20.7863841715815,-0.25998196592196265,-5.5324055314456,20.03493612022757
2026-07-17T21:17:34.873+00:00,43.871693,1784323054830.042,1300,2,1,0.27017438400888827,-0.25106978017619547,0.3564023172721704,0.49006756281142294,-0.513943483207461,-0.3458454567670969,19.39743586187434,-0.7181931023450328,-5.278268196568986,18.651664846022754
2026-07-17T21:17:34.905+00:00,43.904889,1784323054863.382,1301,2,1,0.27239450734803516,-0.2592212467663318,0.369525298682837,0.4798035370500705,-0.5210369542718848,-0.3694537050604576,17.443813216940498,-1.7445956784802763,-5.987615303011368,16.29084001668668
2026-07-17T21:17:34.940+00:00,43.938365,1784323054896.722,1302,2,1,0.26369762274525577,-0.25286723429061875,0.3516684311108784,0.49053057792288834,-0.5048320477300534,-0.3517332528253673,18.595457488569792,-0.6718915911984924,-4.36712464882823,18.06288524019571
2026-07-17T21:17:34.973+00:00,43.971544,1784323054930.062,1303,2,1,0.2517099265366906,-0.26708562402562097,0.3543571106755921,0.4580709856884039,-0.5192139628408615,-0.3850789139869179,16.308728796013266,-3.9178508146469393,-5.805316159909041,14.72831912404065
2026-07-17T21:17:35.007+00:00,44.004848,1784323054963.402,1304,2,1,0.2557627110633435,-0.2768114402295526,0.369657113885576,0.46401351888932457,-0.5278393935470661,-0.33265040148893577,21.31558803141185,-3.3235974945548694,-6.6678592305294995,19.971170373838866
2026-07-17T21:17:35.040+00:00,44.038133,1784323054996.742,1305,2,1,0.2639806687695762,-0.2837374468685097,0.3910067906419845,0.4675533281655678,-0.527304412286395,-0.3496647911393849,19.655825628151195,-2.969616566930544,-6.6143611044623905,18.269731408793948
2026-07-17T21:17:35.072+00:00,44.07142,1784323055030.082,1306,2,1,0.25856962572734893,-0.2780828828360953,0.37625797254116866,0.4654322339697763,-0.5296854581881146,-0.32574779588775715,21.999418051122074,-3.181725986509698,-6.852465694634352,20.661430933956726
2026-07-17T21:17:35.107+00:00,44.105965,1784323055063.422,1307,2,1,0.25644073340469875,-0.277462415326301,0.3740830967519885,0.4702485123946273,-0.5208636463694263,-0.3295605607954127,21.312425750965552,-2.7000981440245986,-5.970284512765517,20.280154443191172
2026-07-17T21:17:35.140+00:00,44.138541,1784323055096.762,1308,2,1,0.2647597544824825,-0.27856055168494287,0.3860843911554047,0.4634966053181594,-0.5325114233717738,-0.35187752100547526,19.698947663084418,-3.3752888516713875,-7.13506221300027,18.048458422184915
2026-07-17T21:17:35.174+00:00,44.172412,1784323055130.102,1309,2,1,0.26341876688074384,-0.29018036442950634,0.3951716678397162,0.4625195216540734,-0.5407162204302219,-0.3058121621632221,24.26110310605791,-3.4729972180799873,-7.955541918845083,22.65499430641023
2026-07-17T21:17:35.207+00:00,44.205071,1784323055163.441,1310,2,1,0.25467561543905554,-0.2892097771337895,0.38352600285263816,0.4621266538467294,-0.5294565265962219,-0.3200483344718727,22.577656486651097,-3.512283998814386,-6.829572535445077,21.231377075545172
2026-07-17T21:17:35.241+00:00,44.238705,1784323055196.781,1311,2,1,0.26560298349988437,-0.31329394143388595,0.4245076198073584,0.45121658563012573,-0.5589606593424785,-0.27516921178242476,27.89839158820177,-4.603290820474753,-9.779985810070741,25.719289344489965
2026-07-17T21:17:35.275+00:00,44.272437,1784323055230.121,1312,2,1,0.2561503896684955,-0.31570851071353934,0.4145661065075452,0.44776016635665794,-0.550809762612832,-0.2883388843965036,26.46383610019597,-4.948932747821533,-8.964896137106088,24.40232208308208
2026-07-17T21:17:35.307+00:00,44.304853,1784323055263.461,1313,2,1,0.2729747541093928,-0.31001367551151954,0.43005061870327776,0.46392304168557996,-0.5530413157321081,-0.27133764513180125,27.872289128097737,-3.3326452149293306,-9.188051449033702,26.102446009552317
2026-07-17T21:17:35.340+00:00,44.339269,1784323055296.802,1314,2,1,0.2669064184715136,-0.2879305410180583,0.39416325482930303,0.4667153071690424,-0.5405842336286109,-0.30659974022122327,24.126554586305677,-3.0534186665830854,-7.942343238683974,22.576236500610115
2026-07-17T21:17:35.374+00:00,44.372119,1784323055330.142,1315,2,1,0.27927170804837065,-0.2980191032453273,0.42063927658634814,0.4728921252257271,-0.5450986287432125,-0.31850826821123396,23.10244660154593,-2.435736860914617,-8.393782750144135,21.385383701609044
2026-07-17T21:17:35.406+00:00,44.405573,1784323055363.481,1316,2,1,0.2788769499277166,-0.2896371486071472,0.4077332117048342,0.47708088110962443,-0.5385351258883087,-0.3317881124375404,21.592472215428497,-2.0168612725248836,-7.737432464653754,20.057399278978398
2026-07-17T21:17:35.440+00:00,44.438898,1784323055396.822,1317,2,1,0.2761824753959249,-0.28655989397342974,0.40034565974788244,0.4603142940058026,-0.5449806367179716,-0.3246956877552075,22.696985427887608,-3.6935199829070675,-8.381983547620047,20.76664174721169
2026-07-17T21:17:35.475+00:00,44.472084,1784323055430.162,1318,2,1,0.2905309685888931,-0.2988885069589551,0.43558984926308747,0.47898684029547023,-0.5556223795364654,-0.2681372302250641,28.119619282306267,-1.826265353940304,-9.446157829469431,26.422487500226033
2026-07-17T21:17:35.506+00:00,44.505598,1784323055463.502,1319,2,1,0.2802891725938216,-0.32174515734715436,0.4434724557993796,0.4613794804675845,-0.5646000897296002,-0.29458198600133567,26.177419536876286,-3.587001336728879,-10.343928848782907,23.778011922598875
2026-07-17T21:17:35.540+00:00,44.537996,1784323055496.841,1320,2,1,0.2842089198090024,-0.30961598911581767,0.43725402444469247,0.4684193271918707,-0.5637118070354078,-0.26089786605991555,29.16174213669169,-2.883016664300259,-10.255100579363669,27.146423916740886
2026-07-17T21:17:35.607+00:00,44.605816,1784323055563.52,1322,2,1,0.31297607900640173,-0.2918721745283499,0.4523656956242289,0.5012900952248589,-0.5610701533910587,-0.24406666630511026,30.514335190175,0.4040601389985632,-9.99093521492876,28.829543892221416
2026-07-17T21:17:35.640+00:00,44.638095,1784323055596.859,1323,2,1,0.3157122736789808,-0.2940267466760347,0.4586607275331904,0.5065699565864683,-0.5581951520536929,-0.23885234968266117,30.927417102513257,0.9320462751595038,-9.703435081192174,29.350975554466324
2026-07-17T21:17:35.673+00:00,44.671285,1784323055630.197,1324,2,1,0.29736934608101095,-0.29912486884300177,0.437978916486432,0.4897971481871187,-0.5550845882894487,-0.2611948751024695,28.7069472293062,-0.7452345647754544,-9.392378704767761,27.116723012485487
2026-07-17T21:17:35.707+00:00,44.704809,1784323055663.537,1325,2,1,0.3201961506005222,-0.3027204880976024,0.4775056459977862,0.5006970923750669,-0.5715879353324592,-0.2177825065019271,33.34161990866808,0.3447598540193608,-11.04271340906881,31.457959872539732
2026-07-17T21:17:35.739+00:00,44.737533,1784323055696.876,1326,2,1,0.26266844771178116,-0.2507361818115385,0.34521590818338743,0.49573495411180074,-0.4973144232304332,-0.35368367613124674,18.23056752756586,-0.15145397230725277,-3.6153621988662064,17.867842909607766
2026-07-17T21:17:35.773+00:00,44.771745,1784323055730.215,1327,2,1,0.299587502921407,-0.26062642967245,0.39780751195617,0.5096896097293062,-0.5241564590448241,-0.3417376396386244,20.114894050549644,1.2440115894432946,-6.2995657803053,19.06244655887
2026-07-17T21:17:35.807+00:00,44.805295,1784323055763.554,1328,2,1,0.33354886065188244,-0.27965178877656593,0.46829827760958925,0.5283946058632647,-0.5538484516931113,-0.22778634313790325,31.988656333425844,3.114511202839143,-9.268765045134014,30.457576208942115
2026-07-17T21:17:35.841+00:00,44.838401,1784323055796.894,1329,2,1,0.29766438757014513,-0.22608834759489255,0.3577162217548101,0.5372450659227568,-0.49164378978468565,-0.33841135111862075,20.036405215626722,3.9995572087883513,-3.0482988542914535,19.395075410870366
2026-07-17T21:17:35.907+00:00,44.905101,1784323055863.572,1331,2,1,0.35113571399461446,-0.22390564805203167,0.4212562389298063,0.5699538934522462,-0.5240590915200114,-0.2750322741899555,27.47012314959095,7.270439961737296,-6.2898290278240285,25.73298310373689
2026-07-17T21:17:35.941+00:00,44.939483,1784323055896.912,1332,2,1,0.36046881098286104,-0.24299396273809404,0.4683610857336925,0.563533403411586,-0.5405066490013408,-0.26747742852576945,28.434699255794133,6.628390957671271,-7.934584775956971,26.488467670155497
2026-07-17T21:17:35.974+00:00,44.972165,1784323055930.251,1333,2,1,0.3560889175587161,-0.2521875196216663,0.4750715120006572,0.5570776334281378,-0.5457799495007178,-0.21950851029473206,32.95712038414572,5.9828139593264495,-8.461914825894674,31.285359493259236
2026-07-17T21:17:36.008+00:00,45.005441,1784323055963.59,1334,2,1,0.3156584352878744,-0.23391505255947753,0.38944430185303636,0.5297227883142492,-0.5182914738384062,-0.3492183818921407,19.45765967498725,3.247329447937597,-5.713067259663513,18.31437233351837
2026-07-17T21:17:36.041+00:00,45.038974,1784323055996.929,1335,2,1,0.3429147056012958,-0.26400704885336823,0.46431705455071914,0.5379639514086213,-0.5505583944808305,-0.2708264775142929,27.93751622741547,4.0714457573748035,-8.939759323905944,26.15356277130315
2026-07-17T21:17:36.074+00:00,45.072491,1784323056030.269,1336,2,1,0.3329414937632522,-0.2594441418004122,0.4382213467049355,0.5317699992567884,-0.5442221405956609,-0.297710634308888,25.130094348018734,3.4520505421915093,-8.306133935388976,23.46514709184364
2026-07-17T21:17:36.108+00:00,45.105836,1784323056063.607,1337,2,1,0.35400070305695386,-0.25817684696477305,0.47887860681724526,0.5520686596237061,-0.5495662646344261,-0.21559690552104693,33.34079462766469,5.4819165788832835,-8.840546339265504,31.676519970627748
2026-07-17T21:17:36.141+00:00,45.138868,1784323056096.946,1338,2,1,0.35119488584592273,-0.23366911858156175,0.43575353381949883,0.5666578583168026,-0.5232854454803229,-0.30194091669483897,24.853755572658667,6.9408364481929326,-6.212464423855174,23.042118853248546
2026-07-17T21:17:36.175+00:00,45.172875,1784323056130.285,1339,2,1,0.3552052156675391,-0.23868139990004944,0.450882431311994,0.5612354297837445,-0.5358637458467457,-0.2855043462260175,26.573197607938393,6.398593594887125,-7.470294460497456,24.68577590013069
2026-07-17T21:17:36.206+00:00,45.205077,1784323056163.625,1340,2,1,0.3196020794399785,-0.2384276759367144,0.3983033463327986,0.5387210596890597,-0.5174988501489639,-0.33470277129912396,20.967374374968177,4.147156585418643,-5.633804890719279,19.765933392820045
2026-07-17T21:17:36.241+00:00,45.238418,1784323056196.964,1341,2,1,0.3536158368020721,-0.25481551455034335,0.4707604202566234,0.5517361634295996,-0.5471906013646802,-0.2645416052788399,28.65270386287632,5.448666959472637,-8.602980012290912,26.78204999484845
2026-07-17T21:17:36.275+00:00,45.272899,1784323056230.303,1342,2,1,0.34725085183290516,-0.23853013244308408,0.437077786610814,0.5631745280895992,-0.5273526525214076,-0.25847484059739595,28.93815907133292,6.592503425472596,-6.61918512796365,27.388726462992846
2026-07-17T21:17:36.308+00:00,45.306284,1784323056263.642,1343,2,1,0.34524330407948867,-0.23667245211757673,0.43198945729717275,0.5578814257083975,-0.53116825797924,-0.26423278197938516,28.36734198809648,6.0631931873524225,-7.000745673746894,26.812932324793927
2026-07-17T21:17:36.341+00:00,45.338848,1784323056296.981,1344,2,1,0.3348810069567294,-0.25674174427853796,0.4370780545004459,0.5347974809870187,-0.5429329073434996,-0.29895321744630526,25.015242867232452,3.754798715214547,-8.177210610172853,23.340888778101913
2026-07-17T21:17:36.373+00:00,45.3723,1784323056330.321,1345,2,1,0.3472237062486912,-0.22530859736989833,0.4200302351530537,0.5659403242010745,-0.5234647647979818,-0.2765531930789197,27.210000658905198,6.869083036620127,-6.230396355621065,25.580891214840474
2026-07-17T21:17:36.407+00:00,45.405449,1784323056363.66,1346,2,1,0.3619983798049659,-0.247012206420178,0.4767409839774646,0.5628115191136018,-0.5439400473411601,-0.25873676398887135,29.329440859193298,6.556202527872856,-8.277924609938896,27.362534123845307
2026-07-17T21:17:36.441+00:00,45.438962,1784323056396.999,1347,2,1,0.3497285090835145,-0.23449477281104913,0.4349322806485544,0.5626794939222239,-0.531209251190755,-0.2609929638765078,28.780041891763382,6.543000008735067,-7.004844994898391,27.136914135081664
2026-07-17T21:17:36.475+00:00,45.47292,1784323056430.338,1348,2,1,0.32497922553792546,-0.2463828795717543,0.4092758847241448,0.5368031190725534,-0.5317791669073112,-0.2882361867203513,25.719429800364562,3.9553625237680134,-7.061836566554009,24.412591850697314
2026-07-17T21:17:36.511+00:00,45.50855,1784323056463.677,1349,2,1,0.3467547760178282,-0.23600268571526592,0.4330598081610083,0.5594619026518199,-0.5312299398108815,-0.26305929426802177,28.513868902905124,6.221240881694667,-7.00691385691104,26.930281095930265
2026-07-17T21:17:36.542+00:00,45.539174,1784323056497.017,1350,2,1,0.35797665080307667,-0.25101153982640845,0.4767534236031804,0.5573444007216364,-0.5454463783230659,-0.2586332745483506,29.264813186236797,6.009490688676311,-8.428557708129475,27.37288306789738
2026-07-17T21:17:36.574+00:00,45.572033,1784323056530.358,1351,2,1,0.3480746198335324,-0.2448223744699877,0.4442249664261627,0.5555712711165377,-0.5384339104802798,-0.25134795577214164,29.722300602527117,5.832177728166443,-7.727310923850866,28.10141494551828
2026-07-17T21:17:36.606+00:00,45.605434,1784323056563.699,1352,2,1,0.3472237062486912,-0.22530859736989833,0.4200302351530537,0.5710749285758004,-0.5171656533668949,-0.2757733219660825,27.280861784725285,7.382543474092717,-5.600485212512379,25.65887832612419
2026-07-17T21:17:36.641+00:00,45.638848,1784323056597.04,1353,2,1,0.3467195094898795,-0.25399721677579923,0.45471291073184794,0.5492283227000246,-0.5446933462785646,-0.24054992354345556,30.79510255050564,5.197882886515137,-8.353254503679347,29.181218168386884
2026-07-17T21:17:36.674+00:00,45.671703,1784323056630.381,1354,2,1,0.3472237062486912,-0.22530859736989833,0.4200302351530537,0.5684456662670526,-0.5179647295633621,-0.31182586355431285,23.860388750607985,7.1196172432179345,-5.680392832159104,22.053624167301155
2026-07-17T21:17:36.706+00:00,45.705534,1784323056663.721,1355,2,1,0.35110448477972184,-0.25220806532304724,0.4636173075615573,0.5508981077084918,-0.5443842115686042,-0.2719948983998907,27.85594948805527,5.364861387361852,-8.322341032683306,26.03672068274337
2026-07-17T21:17:36.741+00:00,45.738912,1784323056697.062,1356,2,1,0.34451133499680864,-0.25674625947582513,0.4555822155977238,0.5430046007514884,-0.5458709677769692,-0.28000174777977305,27.01020032032857,4.575510691661511,-8.471016653519808,25.236035744755135
2026-07-17T21:17:36.773+00:00,45.772135,1784323056730.403,1357,2,1,0.3441079686632036,-0.2539611311063955,0.44992200585489306,0.5440756710230854,-0.543797581725177,-0.28587639649434815,26.41528590954905,4.682617718821214,-8.263678048340589,24.648570873297626
2026-07-17T21:17:36.807+00:00,45.805803,1784323056763.744,1358,2,1,0.3540275841390904,-0.2320533934295164,0.4428438555704367,0.5671656283552743,-0.5304519219521358,-0.25284824487364843,29.63402156397059,6.991613452040102,-6.929112071036464,27.951386035367598
2026-07-17T21:17:36.841+00:00,45.8389,1784323056797.085,1359,2,1,0.3472237062486912,-0.22530859736989833,0.4200302351530537,0.5611482185246044,-0.5233092934694725,-0.3177032975699101,23.243038916642014,6.389872468973112,-6.214849222770141,21.46588076574143
2026-07-17T21:17:36.876+00:00,45.874708,1784323056830.426,1360,2,1,0.35371234273223495,-0.23981611386144827,0.450371768436826,0.5625944747101066,-0.5362868582785265,-0.24496873028250038,30.41526638608491,6.534498087523333,-7.51260570367554,28.739337494482402
2026-07-17T21:17:36.906+00:00,45.905288,1784323056863.767,1361,2,1,0.3508910557786854,-0.22660021178825163,0.4263206791101864,0.5681108660611671,-0.525781804146277,-0.2698743097702586,27.945849576294496,7.086137222629385,-6.462100290450584,26.24877954570658
2026-07-17T21:17:36.941+00:00,45.938974,1784323056897.108,1362,2,1,0.3196020794399785,-0.2384276759367144,0.3983033463327986,0.5308564493893891,-0.5232860864970835,-0.33982863083079157,20.508075797816215,3.360695555451587,-6.2125285255312415,19.253347439653286
2026-07-17T21:17:36.975+00:00,45.972804,1784323056930.448,1363,2,1,0.34587136247500166,-0.22613106871754513,0.41946329603934807,0.5595718599526942,-0.5234170870798349,-0.31827791652967086,23.149937860652447,6.232236611782094,-6.2256285838063805,21.408418869765356
2026-07-17T21:17:37.007+00:00,46.00613,1784323056963.788,1364,2,1,0.34762506731632725,-0.24472362131326392,0.446276980551469,0.5551150300151244,-0.5379295096762853,-0.24935797197611315,29.888659104985077,5.786553618025114,-7.676870843451416,28.300413325121127
2026-07-17T21:17:37.041+00:00,46.038951,1784323056997.129,1365,2,1,0.34531195093757594,-0.25258006842029157,0.44967673614284953,0.5490037074332281,-0.5432594947634908,-0.24576971308377193,30.257873907087582,5.175421359835486,-8.209869352171967,28.659239214355246
2026-07-17T21:17:37.074+00:00,46.072289,1784323057030.47,1366,2,1,0.3472237062486912,-0.22530859736989833,0.4200302351530537,0.5710749285758004,-0.5171656533668949,-0.2757733219660825,27.280861784725285,7.382543474092717,-5.600485212512379,25.65887832612419
2026-07-17T21:17:37.107+00:00,46.105821,1784323057063.811,1367,2,1,0.3497285090835145,-0.23449477281104913,0.4349322806485544,0.5626794939222239,-0.531209251190755,-0.2609929638765078,28.780041891763382,6.543000008735067,-7.004844994898391,27.136914135081664
2026-07-17T21:17:37.142+00:00,46.139682,1784323057097.152,1368,2,1,0.34531195093757594,-0.25258006842029157,0.44967673614284953,0.5458049409760419,-0.5432102146189948,-0.2861622111265382,26.40153888277418,4.855544714116866,-8.204941337722365,24.61998941007862
2026-07-17T21:17:37.175+00:00,46.172834,1784323057130.493,1369,2,1,0.34561639926457294,-0.2553736997565643,0.4551505018725774,0.5475629721483977,-0.5452988297263661,-0.2401461403013676,30.822203700398845,5.03134783135244,-8.4138028484595,29.22159649259568
2026-07-17T21:17:37.207+00:00,46.205925,1784323057163.834,1370,2,1,0.31808969337150417,-0.23029060426217696,0.3891148976612214,0.5336234421755244,-0.5163645522548972,-0.3496958974585157,19.42613232335381,3.6373948340651108,-5.520375101312608,18.26662077688087
2026-07-17T21:17:37.242+00:00,46.239447,1784323057197.175,1371,2,1,0.3540275841390904,-0.2320533934295164,0.4428438555704367,0.5635419312509526,-0.5303051946415609,-0.29409029668150477,25.680554734056162,6.6292437416079375,-6.914439339978978,23.827180854581965
2026-07-17T21:17:37.274+00:00,46.272964,1784323057230.515,1372,2,1,0.34531195093757594,-0.25258006842029157,0.44967673614284953,0.5458049409760419,-0.5432102146189948,-0.2861622111265382,26.40153888277418,4.855544714116866,-8.204941337722365,24.61998941007862
2026-07-17T21:17:37.308+00:00,46.306751,1784323057263.856,1373,2,1,0.3472237062486912,-0.22530859736989833,0.4200302351530537,0.5611482185246044,-0.5233092934694725,-0.3177032975699101,23.243038916642014,6.389872468973112,-6.214849222770141,21.46588076574143
2026-07-17T21:17:37.339+00:00,46.339475,1784323057297.197,1374,2,1,0.3508910557786854,-0.22660021178825163,0.4263206791101864,0.5636476191019517,-0.5256194346999975,-0.31113796057873766,23.97993924966939,6.6398125267078445,-6.445863345822639,22.122414464858675
2026-07-17T21:17:37.374+00:00,46.37258,1784323057330.538,1375,2,1,0.34531195093757594,-0.25258006842029157,0.44967673614284953,0.5490037074332281,-0.5432594947634908,-0.24576971308377193,30.257873907087582,5.175421359835486,-8.209869352171967,28.659239214355246
2026-07-17T21:17:37.407+00:00,46.405585,1784323057363.879,1376,2,1,0.3540275841390904,-0.2320533934295164,0.4428438555704367,0.5635419312509526,-0.5303051946415609,-0.29409029668150477,25.680554734056162,6.6292437416079375,-6.914439339978978,23.827180854581965
2026-07-17T21:17:37.441+00:00,46.439289,1784323057397.219,1377,2,1,0.34561639926457294,-0.2553736997565643,0.4551505018725774,0.5446453384051343,-0.5452604946161153,-0.28047794777041973,26.974942685010806,4.739584457026103,-8.409969337434415,25.188415745690467
2026-07-17T21:17:37.475+00:00,46.472907,1784323057430.56,1378,2,1,0.34531195093757594,-0.25258006842029157,0.44967673614284953,0.5490037074332281,-0.5432594947634908,-0.24576971308377193,30.257873907087582,5.175421359835486,-8.209869352171967,28.659239214355246
2026-07-17T21:17:37.507+00:00,46.505986,1784323057463.901,1379,2,1,0.3508910557786854,-0.22660021178825163,0.4263206791101864,0.5636476191019517,-0.5256194346999975,-0.31113796057873766,23.97993924966939,6.6398125267078445,-6.445863345822639,22.122414464858675
2026-07-17T21:17:37.540+00:00,46.539262,1784323057497.241,1380,2,1,0.3508910557786854,-0.22660021178825163,0.4263206791101864,0.5636476191019517,-0.5256194346999975,-0.31113796057873766,23.97993924966939,6.6398125267078445,-6.445863345822639,22.122414464858675
2026-07-17T21:17:37.575+00:00,46.573139,1784323057530.581,1381,2,1,0.34531195093757594,-0.25258006842029157,0.44967673614284953,0.5458049409760419,-0.5432102146189948,-0.2861622111265382,26.40153888277418,4.855544714116866,-8.204941337722365,24.61998941007862
2026-07-17T21:17:37.606+00:00,46.604694,1784323057563.921,1382,2,1,0.34531195093757594,-0.25258006842029157,0.44967673614284953,0.5458049409760419,-0.5432102146189948,-0.2861622111265382,26.40153888277418,4.855544714116866,-8.204941337722365,24.61998941007862
2026-07-17T21:17:37.640+00:00,46.639164,1784323057597.261,1383,2,1,0.3381785003208351,-0.25643094779326925,0.4415480590060669,0.5413754991299438,-0.5438615535183133,-0.2543276769174303,29.34103987523555,4.412600529507049,-8.270075227654223,27.80344283098941
2026-07-17T21:17:37.675+00:00,46.673185,1784323057630.601,1384,2,1,0.34531195093757594,-0.25258006842029157,0.44967673614284953,0.5458049409760419,-0.5432102146189948,-0.2861622111265382,26.40153888277418,4.855544714116866,-8.204941337722365,24.61998941007862
2026-07-17T21:17:37.707+00:00,46.705895,1784323057663.941,1385,2,1,0.349545571507008,-0.2436972644388787,0.4447191935329714,0.5539023974241664,-0.5380419077021323,-0.29155894913303054,25.904906099161987,5.665290358929309,-7.688110646036122,24.080315609429388
2026-07-17T21:17:37.739+00:00,46.738946,1784323057697.281,1386,2,1,0.3508910557786854,-0.22660021178825163,0.4263206791101864,0.5636476191019517,-0.5256194346999975,-0.31113796057873766,23.97993924966939,6.6398125267078445,-6.445863345822639,22.122414464858675
2026-07-17T21:17:37.774+00:00,46.771856,1784323057730.621,1387,2,1,0.34531195093757594,-0.25258006842029157,0.44967673614284953,0.5458049409760419,-0.5432102146189948,-0.2861622111265382,26.40153888277418,4.855544714116866,-8.204941337722365,24.61998941007862
2026-07-17T21:17:37.808+00:00,46.806205,1784323057763.961,1388,2,1,0.34531195093757594,-0.25258006842029157,0.44967673614284953,0.5490037074332281,-0.5432594947634908,-0.24576971308377193,30.257873907087582,5.175421359835486,-8.209869352171967,28.659239214355246
2026-07-17T21:17:37.840+00:00,46.83889,1784323057797.301,1389,2,1,0.34531195093757594,-0.25258006842029157,0.44967673614284953,0.5490037074332281,-0.5432594947634908,-0.24576971308377193,30.257873907087582,5.175421359835486,-8.209869352171967,28.659239214355246
2026-07-17T21:17:37.874+00:00,46.871687,1784323057830.639,1390,2,1,0.34531195093757594,-0.25258006842029157,0.44967673614284953,0.5490037074332281,-0.5432594947634908,-0.24576971308377193,30.257873907087582,5.175421359835486,-8.209869352171967,28.659239214355246
2026-07-17T21:17:37.906+00:00,46.905729,1784323057863.979,1391,2,1,0.3508910557786854,-0.22660021178825163,0.4263206791101864,0.5681108660611671,-0.525781804146277,-0.2698743097702586,27.945849576294496,7.086137222629385,-6.462100290450584,26.24877954570658
2026-07-17T21:17:37.940+00:00,46.939216,1784323057897.319,1392,2,1,0.34531195093757594,-0.25258006842029157,0.44967673614284953,0.5490037074332281,-0.5432594947634908,-0.24576971308377193,30.257873907087582,5.175421359835486,-8.209869352171967,28.659239214355246
2026-07-17T21:17:37.974+00:00,46.97311,1784323057930.659,1393,2,1,0.34531195093757594,-0.25258006842029157,0.44967673614284953,0.5458049409760419,-0.5432102146189948,-0.2861622111265382,26.40153888277418,4.855544714116866,-8.204941337722365,24.61998941007862
2026-07-17T21:17:38.008+00:00,47.006388,1784323057963.999,1394,2,1,0.34561639926457294,-0.2553736997565643,0.4551505018725774,0.5446453384051343,-0.5452604946161153,-0.28047794777041973,26.974942685010806,4.739584457026103,-8.409969337434415,25.188415745690467
2026-07-17T21:17:38.040+00:00,47.039015,1784323057997.339,1395,2,1,0.34531195093757594,-0.25258006842029157,0.44967673614284953,0.5490037074332281,-0.5432594947634908,-0.24576971308377193,30.257873907087582,5.175421359835486,-8.209869352171967,28.659239214355246
2026-07-17T21:17:38.075+00:00,47.072743,1784323058030.679,1396,2,1,0.3551433233138136,-0.2522692685511808,0.4695015676695752,0.5565355673650854,-0.545921583929823,-0.22513089549023424,32.417625612163015,5.928607353021209,-8.476078268805193,30.723120973709015
2026-07-17T21:17:38.107+00:00,47.105698,1784323058064.019,1397,2,1,0.34531195093757594,-0.25258006842029157,0.44967673614284953,0.5490037074332281,-0.5432594947634908,-0.24576971308377193,30.257873907087582,5.175421359835486,-8.209869352171967,28.659239214355246
2026-07-17T21:17:38.141+00:00,47.139747,1784323058097.359,1398,2,1,0.34531195093757594,-0.25258006842029157,0.44967673614284953,0.5490037074332281,-0.5432594947634908,-0.24576971308377193,30.257873907087582,5.175421359835486,-8.209869352171967,28.659239214355246
2026-07-17T21:17:38.174+00:00,47.172776,1784323058130.699,1399,2,1,0.34531195093757594,-0.25258006842029157,0.44967673614284953,0.5490037074332281,-0.5432594947634908,-0.24576971308377193,30.257873907087582,5.175421359835486,-8.209869352171967,28.659239214355246
2026-07-17T21:17:38.208+00:00,47.206086,1784323058164.039,1400,2,1,0.3551433233138136,-0.2522692685511808,0.4695015676695752,0.5543291776947381,-0.5458468206797901,-0.26590975149157653,28.53535859405288,5.707968385986484,-8.468601943801895,26.64523537357479
2026-07-17T21:17:38.240+00:00,47.239024,1784323058197.379,1401,2,1,0.34531195093757594,-0.25258006842029157,0.44967673614284953,0.5522979595844213,-0.5384235099781638,-0.28105261485693606,26.86192839185008,5.504846574954803,-7.726270873639268,25.130949037038835
2026-07-17T21:17:38.274+00:00,47.27275,1784323058230.719,1402,2,1,0.34531195093757594,-0.25258006842029157,0.44967673614284953,0.5490037074332281,-0.5432594947634908,-0.24576971308377193,30.257873907087582,5.175421359835486,-8.209869352171967,28.659239214355246
2026-07-17T21:17:38.308+00:00,47.306748,1784323058264.058,1403,2,1,0.34531195093757594,-0.25258006842029157,0.44967673614284953,0.5458049409760419,-0.5432102146189948,-0.2861622111265382,26.40153888277418,4.855544714116866,-8.204941337722365,24.61998941007862
2026-07-17T21:17:38.340+00:00,47.339813,1784323058297.397,1404,2,1,0.3508910557786854,-0.22660021178825163,0.4263206791101864,0.5681108660611671,-0.525781804146277,-0.2698743097702586,27.945849576294496,7.086137222629385,-6.462100290450584,26.24877954570658
2026-07-17T21:17:38.375+00:00,47.372619,1784323058330.737,1405,2,1,0.34531195093757594,-0.25258006842029157,0.44967673614284953,0.5458049409760419,-0.5432102146189948,-0.2861622111265382,26.40153888277418,4.855544714116866,-8.204941337722365,24.61998941007862
2026-07-17T21:17:38.407+00:00,47.405536,1784323058364.077,1406,2,1,0.34531195093757594,-0.25258006842029157,0.44967673614284953,0.5490037074332281,-0.5432594947634908,-0.24576971308377193,30.257873907087582,5.175421359835486,-8.209869352171967,28.659239214355246
2026-07-17T21:17:38.441+00:00,47.439601,1784323058397.417,1407,2,1,0.34531195093757594,-0.25258006842029157,0.44967673614284953,0.5458049409760419,-0.5432102146189948,-0.2861622111265382,26.40153888277418,4.855544714116866,-8.204941337722365,24.61998941007862
2026-07-17T21:17:38.474+00:00,47.472847,1784323058430.757,1408,2,1,0.34531195093757594,-0.25258006842029157,0.44967673614284953,0.5458049409760419,-0.5432102146189948,-0.2861622111265382,26.40153888277418,4.855544714116866,-8.204941337722365,24.61998941007862
2026-07-17T21:17:38.508+00:00,47.506161,1784323058464.097,1409,2,1,0.34531195093757594,-0.25258006842029157,0.44967673614284953,0.5458049409760419,-0.5432102146189948,-0.2861622111265382,26.40153888277418,4.855544714116866,-8.204941337722365,24.61998941007862
2026-07-17T21:17:38.542+00:00,47.53999,1784323058497.438,1410,2,1,0.34531195093757594,-0.25258006842029157,0.44967673614284953,0.5490037074332281,-0.5432594947634908,-0.24576971308377193,30.257873907087582,5.175421359835486,-8.209869352171967,28.659239214355246
2026-07-17T21:17:38.574+00:00,47.572986,1784323058530.779,1411,2,1,0.34531195093757594,-0.25258006842029157,0.44967673614284953,0.5458049409760419,-0.5432102146189948,-0.2861622111265382,26.40153888277418,4.855544714116866,-8.204941337722365,24.61998941007862
2026-07-17T21:17:38.607+00:00,47.60528,1784323058564.12,1412,2,1,0.34531195093757594,-0.25258006842029157,0.44967673614284953,0.5458049409760419,-0.5432102146189948,-0.2861622111265382,26.40153888277418,4.855544714116866,-8.204941337722365,24.61998941007862
2026-07-17T21:17:38.640+00:00,47.638904,1784323058597.461,1413,2,1,0.34531195093757594,-0.25258006842029157,0.44967673614284953,0.5490037074332281,-0.5432594947634908,-0.24576971308377193,30.257873907087582,5.175421359835486,-8.209869352171967,28.659239214355246
2026-07-17T21:17:38.675+00:00,47.673389,1784323058630.802,1414,2,1,0.34531195093757594,-0.25258006842029157,0.44967673614284953,0.5490037074332281,-0.5432594947634908,-0.24576971308377193,30.257873907087582,5.175421359835486,-8.209869352171967,28.659239214355246
2026-07-17T21:17:38.708+00:00,47.706128,1784323058664.143,1415,2,1,0.34531195093757594,-0.25258006842029157,0.44967673614284953,0.5517932920974762,-0.5358570359204385,-0.28755035399586804,26.170087303082227,5.454379826260292,-7.469623467866743,24.481175123145636
2026-07-17T21:17:38.740+00:00,47.739131,1784323058697.484,1416,2,1,0.34531195093757594,-0.25258006842029157,0.44967673614284953,0.5458049409760419,-0.5432102146189948,-0.2861622111265382,26.40153888277418,4.855544714116866,-8.204941337722365,24.61998941007862
2026-07-17T21:17:38.775+00:00,47.772467,1784323058730.824,1417,2,1,0.34531195093757594,-0.25258006842029157,0.44967673614284953,0.5458049409760419,-0.5432102146189948,-0.2861622111265382,26.40153888277418,4.855544714116866,-8.204941337722365,24.61998941007862
2026-07-17T21:17:38.808+00:00,47.806243,1784323058764.165,1418,2,1,0.34531195093757594,-0.25258006842029157,0.44967673614284953,0.5490037074332281,-0.5432594947634908,-0.24576971308377193,30.257873907087582,5.175421359835486,-8.209869352171967,28.659239214355246
2026-07-17T21:17:38.840+00:00,47.839309,1784323058797.506,1419,2,1,0.34531195093757594,-0.25258006842029157,0.44967673614284953,0.5458049409760419,-0.5432102146189948,-0.2861622111265382,26.40153888277418,4.855544714116866,-8.204941337722365,24.61998941007862
2026-07-17T21:17:38.874+00:00,47.872541,1784323058830.847,1420,2,1,0.3508910557786854,-0.22660021178825163,0.4263206791101864,0.5681108660611671,-0.525781804146277,-0.2698743097702586,27.945849576294496,7.086137222629385,-6.462100290450584,26.24877954570658
2026-07-17T21:17:38.908+00:00,47.905661,1784323058864.188,1421,2,1,0.34531195093757594,-0.25258006842029157,0.44967673614284953,0.5490037074332281,-0.5432594947634908,-0.24576971308377193,30.257873907087582,5.175421359835486,-8.209869352171967,28.659239214355246
2026-07-17T21:17:38.942+00:00,47.939987,1784323058897.529,1422,2,1,0.34531195093757594,-0.25258006842029157,0.44967673614284953,0.5458049409760419,-0.5432102146189948,-0.2861622111265382,26.40153888277418,4.855544714116866,-8.204941337722365,24.61998941007862
2026-07-17T21:17:38.974+00:00,47.97336,1784323058930.87,1423,2,1,0.34531195093757594,-0.25258006842029157,0.44967673614284953,0.5490037074332281,-0.5432594947634908,-0.24576971308377193,30.257873907087582,5.175421359835486,-8.209869352171967,28.659239214355246
2026-07-17T21:17:39.007+00:00,48.005808,1784323058964.211,1424,2,1,0.3551433233138136,-0.2522692685511808,0.4695015676695752,0.5565355673650854,-0.545921583929823,-0.22513089549023424,32.417625612163015,5.928607353021209,-8.476078268805193,30.723120973709015
2026-07-17T21:17:39.042+00:00,48.039944,1784323058997.552,1425,2,1,0.34531195093757594,-0.25258006842029157,0.44967673614284953,0.5458049409760419,-0.5432102146189948,-0.2861622111265382,26.40153888277418,4.855544714116866,-8.204941337722365,24.61998941007862
2026-07-17T21:17:39.074+00:00,48.073009,1784323059030.893,1426,2,1,0.34531195093757594,-0.25258006842029157,0.44967673614284953,0.5490037074332281,-0.5432594947634908,-0.24576971308377193,30.257873907087582,5.175421359835486,-8.209869352171967,28.659239214355246
2026-07-17T21:17:39.108+00:00,48.106004,1784323059064.234,1427,2,1,0.34531195093757594,-0.25258006842029157,0.44967673614284953,0.5490037074332281,-0.5432594947634908,-0.24576971308377193,30.257873907087582,5.175421359835486,-8.209869352171967,28.659239214355246
2026-07-17T21:17:39.140+00:00,48.139192,1784323059097.575,1428,2,1,0.34531195093757594,-0.25258006842029157,0.44967673614284953,0.5458049409760419,-0.5432102146189948,-0.2861622111265382,26.40153888277418,4.855544714116866,-8.204941337722365,24.61998941007862
2026-07-17T21:17:39.174+00:00,48.172916,1784323059130.916,1429,2,1,0.34531195093757594,-0.25258006842029157,0.44967673614284953,0.5490037074332281,-0.5432594947634908,-0.24576971308377193,30.257873907087582,5.175421359835486,-8.209869352171967,28.659239214355246
2026-07-17T21:17:39.208+00:00,48.206559,1784323059164.256,1430,2,1,0.34531195093757594,-0.25258006842029157,0.44967673614284953,0.5458049409760419,-0.5432102146189948,-0.2861622111265382,26.40153888277418,4.855544714116866,-8.204941337722365,24.61998941007862
2026-07-17T21:17:39.241+00:00,48.239727,1784323059197.597,1431,2,1,0.34531195093757594,-0.25258006842029157,0.44967673614284953,0.5458049409760419,-0.5432102146189948,-0.2861622111265382,26.40153888277418,4.855544714116866,-8.204941337722365,24.61998941007862
2026-07-17T21:17:39.275+00:00,48.272448,1784323059230.938,1432,2,1,0.34531195093757594,-0.25258006842029157,0.44967673614284953,0.5458049409760419,-0.5432102146189948,-0.2861622111265382,26.40153888277418,4.855544714116866,-8.204941337722365,24.61998941007862
2026-07-17T21:17:39.309+00:00,48.306272,1784323059264.279,1433,2,1,0.34531195093757594,-0.25258006842029157,0.44967673614284953,0.5458049409760419,-0.5432102146189948,-0.2861622111265382,26.40153888277418,4.855544714116866,-8.204941337722365,24.61998941007862
2026-07-17T21:17:39.341+00:00,48.338972,1784323059297.62,1434,2,1,0.3551433233138136,-0.2522692685511808,0.4695015676695752,0.5543291776947381,-0.5458468206797901,-0.26590975149157653,28.53535859405288,5.707968385986484,-8.468601943801895,26.64523537357479
2026-07-17T21:17:39.375+00:00,48.373295,1784323059330.961,1435,2,1,0.34531195093757594,-0.25258006842029157,0.44967673614284953,0.5490037074332281,-0.5432594947634908,-0.24576971308377193,30.257873907087582,5.175421359835486,-8.209869352171967,28.659239214355246
2026-07-17T21:17:39.408+00:00,48.406252,1784323059364.302,1436,2,1,0.3551433233138136,-0.2522692685511808,0.4695015676695752,0.5543291776947381,-0.5458468206797901,-0.26590975149157653,28.53535859405288,5.707968385986484,-8.468601943801895,26.64523537357479
2026-07-17T21:17:39.442+00:00,48.439712,1784323059397.643,1437,2,1,0.34531195093757594,-0.25258006842029157,0.44967673614284953,0.5490037074332281,-0.5432594947634908,-0.24576971308377193,30.257873907087582,5.175421359835486,-8.209869352171967,28.659239214355246
2026-07-17T21:17:39.475+00:00,48.472815,1784323059430.984,1438,2,1,0.34531195093757594,-0.25258006842029157,0.44967673614284953,0.5458049409760419,-0.5432102146189948,-0.2861622111265382,26.40153888277418,4.855544714116866,-8.204941337722365,24.61998941007862
2026-07-17T21:17:39.508+00:00,48.505914,1784323059464.325,1439,2,1,0.34531195093757594,-0.25258006842029157,0.44967673614284953,0.5458049409760419,-0.5432102146189948,-0.2861622111265382,26.40153888277418,4.855544714116866,-8.204941337722365,24.61998941007862
2026-07-17T21:17:39.539+00:00,48.53861,1784323059497.666,1440,2,1,0.34531195093757594,-0.25258006842029157,0.44967673614284953,0.5490037074332281,-0.5432594947634908,-0.24576971308377193,30.257873907087582,5.175421359835486,-8.209869352171967,28.659239214355246
2026-07-17T21:17:39.574+00:00,48.572331,1784323059531.006,1441,2,1,0.34531195093757594,-0.25258006842029157,0.44967673614284953,0.5490037074332281,-0.5432594947634908,-0.24576971308377193,30.257873907087582,5.175421359835486,-8.209869352171967,28.659239214355246
2026-07-17T21:17:39.608+00:00,48.606298,1784323059564.346,1442,2,1,0.34531195093757594,-0.25258006842029157,0.44967673614284953,0.5458049409760419,-0.5432102146189948,-0.2861622111265382,26.40153888277418,4.855544714116866,-8.204941337722365,24.61998941007862
2026-07-17T21:17:39.642+00:00,48.639305,1784323059597.686,1443,2,1,0.34531195093757594,-0.25258006842029157,0.44967673614284953,0.5490037074332281,-0.5432594947634908,-0.24576971308377193,30.257873907087582,5.175421359835486,-8.209869352171967,28.659239214355246
2026-07-17T21:17:39.673+00:00,48.672269,1784323059631.026,1444,2,1,0.3551433233138136,-0.2522692685511808,0.4695015676695752,0.5543291776947381,-0.5458468206797901,-0.26590975149157653,28.53535859405288,5.707968385986484,-8.468601943801895,26.64523537357479
2026-07-17T21:17:39.709+00:00,48.707001,1784323059664.367,1445,2,1,0.34531195093757594,-0.25258006842029157,0.44967673614284953,0.5490037074332281,-0.5432594947634908,-0.24576971308377193,30.257873907087582,5.175421359835486,-8.209869352171967,28.659239214355246
2026-07-17T21:17:39.742+00:00,48.739549,1784323059697.707,1446,2,1,0.34531195093757594,-0.25258006842029157,0.44967673614284953,0.5490037074332281,-0.5432594947634908,-0.24576971308377193,30.257873907087582,5.175421359835486,-8.209869352171967,28.659239214355246
2026-07-17T21:17:39.774+00:00,48.773022,1784323059731.048,1447,2,1,0.34531195093757594,-0.25258006842029157,0.44967673614284953,0.5490037074332281,-0.5432594947634908,-0.24576971308377193,30.257873907087582,5.175421359835486,-8.209869352171967,28.659239214355246
2026-07-17T21:17:39.808+00:00,48.805924,1784323059764.388,1448,2,1,0.3551433233138136,-0.2522692685511808,0.4695015676695752,0.5565355673650854,-0.545921583929823,-0.22513089549023424,32.417625612163015,5.928607353021209,-8.476078268805193,30.723120973709015
2026-07-17T21:17:39.842+00:00,48.839933,1784323059797.729,1449,2,1,0.34531195093757594,-0.25258006842029157,0.44967673614284953,0.5458049409760419,-0.5432102146189948,-0.2861622111265382,26.40153888277418,4.855544714116866,-8.204941337722365,24.61998941007862
2026-07-17T21:17:39.874+00:00,48.872527,1784323059831.069,1450,2,1,0.34531195093757594,-0.25258006842029157,0.44967673614284953,0.5458049409760419,-0.5432102146189948,-0.2861622111265382,26.40153888277418,4.855544714116866,-8.204941337722365,24.61998941007862
2026-07-17T21:17:39.909+00:00,48.907191,1784323059864.41,1451,2,1,0.3551433233138136,-0.2522692685511808,0.4695015676695752,0.5543291776947381,-0.5458468206797901,-0.26590975149157653,28.53535859405288,5.707968385986484,-8.468601943801895,26.64523537357479
2026-07-17T21:17:39.941+00:00,48.939564,1784323059897.75,1452,2,1,0.34531195093757594,-0.25258006842029157,0.44967673614284953,0.5458049409760419,-0.5432102146189948,-0.2861622111265382,26.40153888277418,4.855544714116866,-8.204941337722365,24.61998941007862
2026-07-17T21:17:39.974+00:00,48.972854,1784323059931.091,1453,2,1,0.34531195093757594,-0.25258006842029157,0.44967673614284953,0.5490037074332281,-0.5432594947634908,-0.24576971308377193,30.257873907087582,5.175421359835486,-8.209869352171967,28.659239214355246
2026-07-17T21:17:40.007+00:00,49.006285,1784323059964.431,1454,2,1,0.34531195093757594,-0.25258006842029157,0.44967673614284953,0.5490037074332281,-0.5432594947634908,-0.24576971308377193,30.257873907087582,5.175421359835486,-8.209869352171967,28.659239214355246
2026-07-17T21:17:40.042+00:00,49.040048,1784323059997.771,1455,2,1,0.34531195093757594,-0.25258006842029157,0.44967673614284953,0.5490037074332281,-0.5432594947634908,-0.24576971308377193,30.257873907087582,5.175421359835486,-8.209869352171967,28.659239214355246
2026-07-17T21:17:40.074+00:00,49.073455,1784323060031.112,1456,2,1,0.34531195093757594,-0.25258006842029157,0.44967673614284953,0.5490037074332281,-0.5432594947634908,-0.24576971308377193,30.257873907087582,5.175421359835486,-8.209869352171967,28.659239214355246
2026-07-17T21:17:40.107+00:00,49.106508,1784323060064.451,1457,2,1,0.34531195093757594,-0.25258006842029157,0.44967673614284953,0.5490037074332281,-0.5432594947634908,-0.24576971308377193,30.257873907087582,5.175421359835486,-8.209869352171967,28.659239214355246
2026-07-17T21:17:40.141+00:00,49.139778,1784323060097.792,1458,2,1,0.34531195093757594,-0.25258006842029157,0.44967673614284953,0.5458049409760419,-0.5432102146189948,-0.2861622111265382,26.40153888277418,4.855544714116866,-8.204941337722365,24.61998941007862
2026-07-17T21:17:40.174+00:00,49.172964,1784323060131.132,1459,2,1,0.34531195093757594,-0.25258006842029157,0.44967673614284953,0.5458049409760419,-0.5432102146189948,-0.2861622111265382,26.40153888277418,4.855544714116866,-8.204941337722365,24.61998941007862
2026-07-17T21:17:40.208+00:00,49.206708,1784323060164.473,1460,2,1,0.34531195093757594,-0.25258006842029157,0.44967673614284953,0.5490037074332281,-0.5432594947634908,-0.24576971308377193,30.257873907087582,5.175421359835486,-8.209869352171967,28.659239214355246
2026-07-17T21:17:40.240+00:00,49.239769,1784323060197.813,1461,2,1,0.34531195093757594,-0.25258006842029157,0.44967673614284953,0.5458049409760419,-0.5432102146189948,-0.2861622111265382,26.40153888277418,4.855544714116866,-8.204941337722365,24.61998941007862
2026-07-17T21:17:40.275+00:00,49.272938,1784323060231.154,1462,2,1,0.34531195093757594,-0.25258006842029157,0.44967673614284953,0.5458049409760419,-0.5432102146189948,-0.2861622111265382,26.40153888277418,4.855544714116866,-8.204941337722365,24.61998941007862
2026-07-17T21:17:40.307+00:00,49.30585,1784323060264.494,1463,2,1,0.34531195093757594,-0.25258006842029157,0.44967673614284953,0.5490037074332281,-0.5432594947634908,-0.24576971308377193,30.257873907087582,5.175421359835486,-8.209869352171967,28.659239214355246
2026-07-17T21:17:40.342+00:00,49.340127,1784323060297.834,1464,2,1,0.3508910557786854,-0.22660021178825163,0.4263206791101864,0.5636476191019517,-0.5256194346999975,-0.31113796057873766,23.97993924966939,6.6398125267078445,-6.445863345822639,22.122414464858675
2026-07-17T21:17:40.374+00:00,49.372987,1784323060331.175,1465,2,1,0.34531195093757594,-0.25258006842029157,0.44967673614284953,0.5458049409760419,-0.5432102146189948,-0.2861622111265382,26.40153888277418,4.855544714116866,-8.204941337722365,24.61998941007862
2026-07-17T21:17:40.408+00:00,49.407095,1784323060364.515,1466,2,1,0.3551433233138136,-0.2522692685511808,0.4695015676695752,0.5543291776947381,-0.5458468206797901,-0.26590975149157653,28.53535859405288,5.707968385986484,-8.468601943801895,26.64523537357479
2026-07-17T21:17:40.441+00:00,49.439706,1784323060397.856,1467,2,1,0.3551433233138136,-0.2522692685511808,0.4695015676695752,0.5565355673650854,-0.545921583929823,-0.22513089549023424,32.417625612163015,5.928607353021209,-8.476078268805193,30.723120973709015
2026-07-17T21:17:40.475+00:00,49.473561,1784323060431.196,1468,2,1,0.34531195093757594,-0.25258006842029157,0.44967673614284953,0.5458049409760419,-0.5432102146189948,-0.2861622111265382,26.40153888277418,4.855544714116866,-8.204941337722365,24.61998941007862
2026-07-17T21:17:40.509+00:00,49.506592,1784323060464.537,1469,2,1,0.34531195093757594,-0.25258006842029157,0.44967673614284953,0.5458049409760419,-0.5432102146189948,-0.2861622111265382,26.40153888277418,4.855544714116866,-8.204941337722365,24.61998941007862
2026-07-17T21:17:40.542+00:00,49.53996,1784323060497.875,1470,2,1,0.34519142396220404,-0.24713558056717977,0.4414083981473439,0.5484534421627298,-0.5392162717202612,-0.2948257121237197,25.522154855076494,5.120394832785657,-7.80554704784901,23.75363931036047
2026-07-17T21:17:40.574+00:00,49.573287,1784323060531.214,1471,2,1,0.34531195093757594,-0.25258006842029157,0.44967673614284953,0.5458049409760419,-0.5432102146189948,-0.2861622111265382,26.40153888277418,4.855544714116866,-8.204941337722365,24.61998941007862
2026-07-17T21:17:40.609+00:00,49.606893,1784323060564.554,1472,2,1,0.34531195093757594,-0.25258006842029157,0.44967673614284953,0.5458049409760419,-0.5432102146189948,-0.2861622111265382,26.40153888277418,4.855544714116866,-8.204941337722365,24.61998941007862
2026-07-17T21:17:40.642+00:00,49.639856,1784323060597.893,1473,2,1,0.3551433233138136,-0.2522692685511808,0.4695015676695752,0.5565355673650854,-0.545921583929823,-0.22513089549023424,32.417625612163015,5.928607353021209,-8.476078268805193,30.723120973709015
2026-07-17T21:17:40.676+00:00,49.673529,1784323060631.233,1474,2,1,0.34531195093757594,-0.25258006842029157,0.44967673614284953,0.5458049409760419,-0.5432102146189948,-0.2861622111265382,26.40153888277418,4.855544714116866,-8.204941337722365,24.61998941007862
2026-07-17T21:17:40.709+00:00,49.706163,1784323060664.572,1475,2,1,0.34531195093757594,-0.25258006842029157,0.44967673614284953,0.5458049409760419,-0.5432102146189948,-0.2861622111265382,26.40153888277418,4.855544714116866,-8.204941337722365,24.61998941007862
2026-07-17T21:17:40.741+00:00,49.739914,1784323060697.911,1476,2,1,0.34531195093757594,-0.25258006842029157,0.44967673614284953,0.5458049409760419,-0.5432102146189948,-0.2861622111265382,26.40153888277418,4.855544714116866,-8.204941337722365,24.61998941007862
2026-07-17T21:17:40.775+00:00,49.772842,1784323060731.251,1477,2,1,0.34531195093757594,-0.25258006842029157,0.44967673614284953,0.5490037074332281,-0.5432594947634908,-0.24576971308377193,30.257873907087582,5.175421359835486,-8.209869352171967,28.659239214355246
2026-07-17T21:17:40.807+00:00,49.806148,1784323060764.59,1478,2,1,0.3508910557786854,-0.22660021178825163,0.4263206791101864,0.5636476191019517,-0.5256194346999975,-0.31113796057873766,23.97993924966939,6.6398125267078445,-6.445863345822639,22.122414464858675
2026-07-17T21:17:40.842+00:00,49.84,1784323060797.929,1479,2,1,0.3551433233138136,-0.2522692685511808,0.4695015676695752,0.5543291776947381,-0.5458468206797901,-0.26590975149157653,28.53535859405288,5.707968385986484,-8.468601943801895,26.64523537357479
2026-07-17T21:17:40.877+00:00,49.874831,1784323060831.269,1480,2,1,0.3551433233138136,-0.2522692685511808,0.4695015676695752,0.5543291776947381,-0.5458468206797901,-0.26590975149157653,28.53535859405288,5.707968385986484,-8.468601943801895,26.64523537357479
2026-07-17T21:17:40.909+00:00,49.906848,1784323060864.608,1481,2,1,0.34531195093757594,-0.25258006842029157,0.44967673614284953,0.5458049409760419,-0.5432102146189948,-0.2861622111265382,26.40153888277418,4.855544714116866,-8.204941337722365,24.61998941007862
2026-07-17T21:17:40.942+00:00,49.940228,1784323060897.948,1482,2,1,0.34531195093757594,-0.25258006842029157,0.44967673614284953,0.5517932920974762,-0.5358570359204385,-0.28755035399586804,26.170087303082227,5.454379826260292,-7.469623467866743,24.481175123145636
2026-07-17T21:17:40.974+00:00,49.973338,1784323060931.287,1483,2,1,0.34531195093757594,-0.25258006842029157,0.44967673614284953,0.5490037074332281,-0.5432594947634908,-0.24576971308377193,30.257873907087582,5.175421359835486,-8.209869352171967,28.659239214355246
2026-07-17T21:17:41.008+00:00,50.00673,1784323060964.625,1484,2,1,0.34531195093757594,-0.25258006842029157,0.44967673614284953,0.5458049409760419,-0.5432102146189948,-0.2861622111265382,26.40153888277418,4.855544714116866,-8.204941337722365,24.61998941007862
2026-07-17T21:17:41.042+00:00,50.039928,1784323060997.964,1485,2,1,0.34531195093757594,-0.25258006842029157,0.44967673614284953,0.5490037074332281,-0.5432594947634908,-0.24576971308377193,30.257873907087582,5.175421359835486,-8.209869352171967,28.659239214355246
2026-07-17T21:17:41.074+00:00,50.073619,1784323061031.304,1486,2,1,0.34531195093757594,-0.25258006842029157,0.44967673614284953,0.5458049409760419,-0.5432102146189948,-0.2861622111265382,26.40153888277418,4.855544714116866,-8.204941337722365,24.61998941007862
2026-07-17T21:17:41.109+00:00,50.10673,1784323061064.643,1487,2,1,0.3551433233138136,-0.2522692685511808,0.4695015676695752,0.5565355673650854,-0.545921583929823,-0.22513089549023424,32.417625612163015,5.928607353021209,-8.476078268805193,30.723120973709015
2026-07-17T21:17:41.141+00:00,50.139533,1784323061097.982,1488,2,1,0.34531195093757594,-0.25258006842029157,0.44967673614284953,0.5458049409760419,-0.5432102146189948,-0.2861622111265382,26.40153888277418,4.855544714116866,-8.204941337722365,24.61998941007862
2026-07-17T21:17:41.174+00:00,50.173012,1784323061131.322,1489,2,1,0.34519142396220404,-0.24713558056717977,0.4414083981473439,0.5484534421627298,-0.5392162717202612,-0.2948257121237197,25.522154855076494,5.120394832785657,-7.80554704784901,23.75363931036047
2026-07-17T21:17:41.208+00:00,50.207153,1784323061164.661,1490,2,1,0.34531195093757594,-0.25258006842029157,0.44967673614284953,0.5458049409760419,-0.5432102146189948,-0.2861622111265382,26.40153888277418,4.855544714116866,-8.204941337722365,24.61998941007862
2026-07-17T21:17:41.242+00:00,50.240874,1784323061198.0,1491,2,1,0.3551433233138136,-0.2522692685511808,0.4695015676695752,0.5543291776947381,-0.5458468206797901,-0.26590975149157653,28.53535859405288,5.707968385986484,-8.468601943801895,26.64523537357479
2026-07-17T21:17:41.275+00:00,50.273235,1784323061231.339,1492,2,1,0.34531195093757594,-0.25258006842029157,0.44967673614284953,0.5490037074332281,-0.5432594947634908,-0.24576971308377193,30.257873907087582,5.175421359835486,-8.209869352171967,28.659239214355246
2026-07-17T21:17:41.309+00:00,50.307491,1784323061264.678,1493,2,1,0.34531195093757594,-0.25258006842029157,0.44967673614284953,0.5458049409760419,-0.5432102146189948,-0.2861622111265382,26.40153888277418,4.855544714116866,-8.204941337722365,24.61998941007862
2026-07-17T21:17:41.342+00:00,50.340128,1784323061298.018,1494,2,1,0.34531195093757594,-0.25258006842029157,0.44967673614284953,0.5490037074332281,-0.5432594947634908,-0.24576971308377193,30.257873907087582,5.175421359835486,-8.209869352171967,28.659239214355246
2026-07-17T21:17:41.375+00:00,50.372991,1784323061331.357,1495,2,1,0.34531195093757594,-0.25258006842029157,0.44967673614284953,0.5490037074332281,-0.5432594947634908,-0.24576971308377193,30.257873907087582,5.175421359835486,-8.209869352171967,28.659239214355246
2026-07-17T21:17:41.409+00:00,50.407195,1784323061364.696,1496,2,1,0.34531195093757594,-0.25258006842029157,0.44967673614284953,0.5490037074332281,-0.5432594947634908,-0.24576971308377193,30.257873907087582,5.175421359835486,-8.209869352171967,28.659239214355246
2026-07-17T21:17:41.442+00:00,50.440167,1784323061398.034,1497,2,1,0.34531195093757594,-0.25258006842029157,0.44967673614284953,0.5458049409760419,-0.5432102146189948,-0.2861622111265382,26.40153888277418,4.855544714116866,-8.204941337722365,24.61998941007862
2026-07-17T21:17:41.476+00:00,50.473513,1784323061431.374,1498,2,1,0.34531195093757594,-0.25258006842029157,0.44967673614284953,0.5469421046092322,-0.5426906894235156,-0.25392030615140254,29.435745906148828,4.969261077435894,-8.15298881817445,27.84417990759219
2026-07-17T21:17:41.511+00:00,50.508708,1784323061464.713,1499,2,1,0.34531195093757594,-0.25258006842029157,0.44967673614284953,0.5490037074332281,-0.5432594947634908,-0.24576971308377193,30.257873907087582,5.175421359835486,-8.209869352171967,28.659239214355246
2026-07-17T21:17:41.541+00:00,50.53976,1784323061498.054,1500,2,1,0.3551433233138136,-0.2522692685511808,0.4695015676695752,0.5543291776947381,-0.5458468206797901,-0.26590975149157653,28.53535859405288,5.707968385986484,-8.468601943801895,26.64523537357479
2026-07-17T21:17:41.575+00:00,50.573808,1784323061531.395,1501,2,1,0.34531195093757594,-0.25258006842029157,0.44967673614284953,0.5458049409760419,-0.5432102146189948,-0.2861622111265382,26.40153888277418,4.855544714116866,-8.204941337722365,24.61998941007862
2026-07-17T21:17:41.609+00:00,50.607341,1784323061564.736,1502,2,1,0.34531195093757594,-0.25258006842029157,0.44967673614284953,0.5535082758510858,-0.5376173469061732,-0.2457825916317828,30.189148968054358,5.625878201621248,-7.645654566440213,28.65795135955416
2026-07-17T21:17:41.641+00:00,50.639859,1784323061598.077,1503,2,1,0.34531195093757594,-0.25258006842029157,0.44967673614284953,0.5490037074332281,-0.5432594947634908,-0.24576971308377193,30.257873907087582,5.175421359835486,-8.209869352171967,28.659239214355246
2026-07-17T21:17:41.674+00:00,50.672848,1784323061631.418,1504,2,1,0.34531195093757594,-0.25258006842029157,0.44967673614284953,0.5490037074332281,-0.5432594947634908,-0.24576971308377193,30.257873907087582,5.175421359835486,-8.209869352171967,28.659239214355246
2026-07-17T21:17:41.707+00:00,50.706014,1784323061664.759,1505,2,1,0.34531195093757594,-0.25258006842029157,0.44967673614284953,0.5458049409760419,-0.5432102146189948,-0.2861622111265382,26.40153888277418,4.855544714116866,-8.204941337722365,24.61998941007862
2026-07-17T21:17:41.743+00:00,50.740132,1784323061698.1,1506,2,1,0.34531195093757594,-0.25258006842029157,0.44967673614284953,0.5490037074332281,-0.5432594947634908,-0.24576971308377193,30.257873907087582,5.175421359835486,-8.209869352171967,28.659239214355246
2026-07-17T21:17:41.775+00:00,50.773491,1784323061731.441,1507,2,1,0.34531195093757594,-0.25258006842029157,0.44967673614284953,0.5458049409760419,-0.5432102146189948,-0.2861622111265382,26.40153888277418,4.855544714116866,-8.204941337722365,24.61998941007862
2026-07-17T21:17:41.807+00:00,50.806757,1784323061764.782,1508,2,1,0.34531195093757594,-0.25258006842029157,0.44967673614284953,0.5458049409760419,-0.5432102146189948,-0.2861622111265382,26.40153888277418,4.855544714116866,-8.204941337722365,24.61998941007862
2026-07-17T21:17:41.842+00:00,50.839996,1784323061798.123,1509,2,1,0.34531195093757594,-0.25258006842029157,0.44967673614284953,0.5458049409760419,-0.5432102146189948,-0.2861622111265382,26.40153888277418,4.855544714116866,-8.204941337722365,24.61998941007862
2026-07-17T21:17:41.874+00:00,50.873296,1784323061831.463,1510,2,1,0.34519142396220404,-0.24713558056717977,0.4414083981473439,0.5520841231041201,-0.5392867298734187,-0.2542991073392352,29.398899313777807,5.4834629269246875,-7.812592863164763,27.806299788808918
2026-07-17T21:17:41.907+00:00,50.906321,1784323061864.804,1511,2,1,0.3508910557786854,-0.22660021178825163,0.4263206791101864,0.5681108660611671,-0.525781804146277,-0.2698743097702586,27.945849576294496,7.086137222629385,-6.462100290450584,26.24877954570658
2026-07-17T21:17:41.941+00:00,50.940412,1784323061898.145,1512,2,1,0.3551433233138136,-0.2522692685511808,0.4695015676695752,0.5543291776947381,-0.5458468206797901,-0.26590975149157653,28.53535859405288,5.707968385986484,-8.468601943801895,26.64523537357479
2026-07-17T21:17:41.976+00:00,50.97333,1784323061931.486,1513,2,1,0.3508910557786854,-0.22660021178825163,0.4263206791101864,0.5681108660611671,-0.525781804146277,-0.2698743097702586,27.945849576294496,7.086137222629385,-6.462100290450584,26.24877954570658
2026-07-17T21:17:42.008+00:00,51.006837,1784323061964.827,1514,2,1,0.35122530145938413,-0.23543686461428132,0.4380374241453845,0.563327922014538,-0.5324620731900842,-0.2577097004747717,29.134888619746334,6.607842817966469,-7.130127194831309,27.46524047525527
2026-07-17T21:17:42.041+00:00,51.039719,1784323061998.168,1515,2,1,0.34531195093757594,-0.25258006842029157,0.44967673614284953,0.5490037074332281,-0.5432594947634908,-0.24576971308377193,30.257873907087582,5.175421359835486,-8.209869352171967,28.659239214355246
2026-07-17T21:17:42.075+00:00,51.073541,1784323062031.509,1516,2,1,0.34531195093757594,-0.25258006842029157,0.44967673614284953,0.5458049409760419,-0.5432102146189948,-0.2861622111265382,26.40153888277418,4.855544714116866,-8.204941337722365,24.61998941007862
2026-07-17T21:17:42.107+00:00,51.10654,1784323062064.85,1517,2,1,0.34531195093757594,-0.25258006842029157,0.44967673614284953,0.5490037074332281,-0.5432594947634908,-0.24576971308377193,30.257873907087582,5.175421359835486,-8.209869352171967,28.659239214355246
2026-07-17T21:17:42.141+00:00,51.139692,1784323062098.191,1518,2,1,0.34531195093757594,-0.25258006842029157,0.44967673614284953,0.5458049409760419,-0.5432102146189948,-0.2861622111265382,26.40153888277418,4.855544714116866,-8.204941337722365,24.61998941007862
2026-07-17T21:17:42.176+00:00,51.174756,1784323062131.532,1519,2,1,0.34531195093757594,-0.25258006842029157,0.44967673614284953,0.5490037074332281,-0.5432594947634908,-0.24576971308377193,30.257873907087582,5.175421359835486,-8.209869352171967,28.659239214355246
2026-07-17T21:17:42.208+00:00,51.206541,1784323062164.873,1520,2,1,0.3551433233138136,-0.2522692685511808,0.4695015676695752,0.5543291776947381,-0.5458468206797901,-0.26590975149157653,28.53535859405288,5.707968385986484,-8.468601943801895,26.64523537357479
2026-07-17T21:17:42.241+00:00,51.240085,1784323062198.214,1521,2,1,0.34531195093757594,-0.25258006842029157,0.44967673614284953,0.5490037074332281,-0.5432594947634908,-0.24576971308377193,30.257873907087582,5.175421359835486,-8.209869352171967,28.659239214355246
2026-07-17T21:17:42.274+00:00,51.273318,1784323062231.555,1522,2,1,0.34531195093757594,-0.25258006842029157,0.44967673614284953,0.5458049409760419,-0.5432102146189948,-0.2861622111265382,26.40153888277418,4.855544714116866,-8.204941337722365,24.61998941007862
2026-07-17T21:17:42.309+00:00,51.307025,1784323062264.896,1523,2,1,0.34531195093757594,-0.25258006842029157,0.44967673614284953,0.5458049409760419,-0.5432102146189948,-0.2861622111265382,26.40153888277418,4.855544714116866,-8.204941337722365,24.61998941007862
2026-07-17T21:17:42.341+00:00,51.340045,1784323062298.236,1524,2,1,0.3508910557786854,-0.22660021178825163,0.4263206791101864,0.5636476191019517,-0.5256194346999975,-0.31113796057873766,23.97993924966939,6.6398125267078445,-6.445863345822639,22.122414464858675
2026-07-17T21:17:42.375+00:00,51.37389,1784323062331.577,1525,2,1,0.34531195093757594,-0.25258006842029157,0.44967673614284953,0.5490037074332281,-0.5432594947634908,-0.24576971308377193,30.257873907087582,5.175421359835486,-8.209869352171967,28.659239214355246
2026-07-17T21:17:42.408+00:00,51.406118,1784323062364.918,1526,2,1,0.34531195093757594,-0.25258006842029157,0.44967673614284953,0.5458049409760419,-0.5432102146189948,-0.2861622111265382,26.40153888277418,4.855544714116866,-8.204941337722365,24.61998941007862
2026-07-17T21:17:42.442+00:00,51.439717,1784323062398.259,1527,2,1,0.34531195093757594,-0.25258006842029157,0.44967673614284953,0.5458049409760419,-0.5432102146189948,-0.2861622111265382,26.40153888277418,4.855544714116866,-8.204941337722365,24.61998941007862
2026-07-17T21:17:42.476+00:00,51.474537,1784323062431.6,1528,2,1,0.3508910557786854,-0.22660021178825163,0.4263206791101864,0.5636476191019517,-0.5256194346999975,-0.31113796057873766,23.97993924966939,6.6398125267078445,-6.445863345822639,22.122414464858675
2026-07-17T21:17:42.509+00:00,51.506607,1784323062464.941,1529,2,1,0.34519142396220404,-0.24713558056717977,0.4414083981473439,0.5484534421627298,-0.5392162717202612,-0.2948257121237197,25.522154855076494,5.120394832785657,-7.80554704784901,23.75363931036047
2026-07-17T21:17:42.543+00:00,51.540738,1784323062498.282,1530,2,1,0.34531195093757594,-0.25258006842029157,0.44967673614284953,0.5458049409760419,-0.5432102146189948,-0.2861622111265382,26.40153888277418,4.855544714116866,-8.204941337722365,24.61998941007862
2026-07-17T21:17:42.576+00:00,51.573822,1784323062531.623,1531,2,1,0.34531195093757594,-0.25258006842029157,0.44967673614284953,0.5458049409760419,-0.5432102146189948,-0.2861622111265382,26.40153888277418,4.855544714116866,-8.204941337722365,24.61998941007862
2026-07-17T21:17:42.610+00:00,51.607177,1784323062564.963,1532,2,1,0.3508910557786854,-0.22660021178825163,0.4263206791101864,0.5636476191019517,-0.5256194346999975,-0.31113796057873766,23.97993924966939,6.6398125267078445,-6.445863345822639,22.122414464858675
2026-07-17T21:17:42.641+00:00,51.640131,1784323062598.303,1533,2,1,0.3257417781069287,-0.24518202556717528,0.40864596665511344,0.5397023028982215,-0.522760804587374,-0.3300185003232985,21.573070216152345,4.245280906334825,-6.160000334560284,20.234360490402594
2026-07-17T21:17:42.674+00:00,51.673203,1784323062631.644,1534,2,1,0.34531195093757594,-0.25258006842029157,0.44967673614284953,0.5458049409760419,-0.5432102146189948,-0.2861622111265382,26.40153888277418,4.855544714116866,-8.204941337722365,24.61998941007862
2026-07-17T21:17:42.709+00:00,51.706835,1784323062664.985,1535,2,1,0.34531195093757594,-0.25258006842029157,0.44967673614284953,0.5458049409760419,-0.5432102146189948,-0.2861622111265382,26.40153888277418,4.855544714116866,-8.204941337722365,24.61998941007862
2026-07-17T21:17:42.741+00:00,51.73937,1784323062698.325,1536,2,1,0.3551433233138136,-0.2522692685511808,0.4695015676695752,0.5565355673650854,-0.545921583929823,-0.22513089549023424,32.417625612163015,5.928607353021209,-8.476078268805193,30.723120973709015
2026-07-17T21:17:42.776+00:00,51.774049,1784323062731.665,1537,2,1,0.35626927701780553,-0.25217732072445753,0.4707569946873814,0.5574839590631824,-0.5462754797887182,-0.22377899532696488,32.572417015209034,6.023446522830911,-8.511467854694704,30.858310990035953
2026-07-17T21:17:42.808+00:00,51.80676,1784323062765.005,1538,2,1,0.34531195093757594,-0.25258006842029157,0.44967673614284953,0.5458049409760419,-0.5432102146189948,-0.2861622111265382,26.40153888277418,4.855544714116866,-8.204941337722365,24.61998941007862
2026-07-17T21:17:42.842+00:00,51.839857,1784323062798.346,1539,2,1,0.34519142396220404,-0.24713558056717977,0.4414083981473439,0.5484534421627298,-0.5392162717202612,-0.2948257121237197,25.522154855076494,5.120394832785657,-7.80554704784901,23.75363931036047
2026-07-17T21:17:42.877+00:00,51.874936,1784323062831.687,1540,2,1,0.3508910557786854,-0.22660021178825163,0.4263206791101864,0.5636476191019517,-0.5256194346999975,-0.31113796057873766,23.97993924966939,6.6398125267078445,-6.445863345822639,22.122414464858675
2026-07-17T21:17:42.909+00:00,51.90682,1784323062865.027,1541,2,1,0.34531195093757594,-0.25258006842029157,0.44967673614284953,0.5458049409760419,-0.5432102146189948,-0.2861622111265382,26.40153888277418,4.855544714116866,-8.204941337722365,24.61998941007862
2026-07-17T21:17:42.942+00:00,51.940435,1784323062898.368,1542,2,1,0.34531195093757594,-0.25258006842029157,0.44967673614284953,0.5490037074332281,-0.5432594947634908,-0.24576971308377193,30.257873907087582,5.175421359835486,-8.209869352171967,28.659239214355246
2026-07-17T21:17:42.974+00:00,51.973445,1784323062931.708,1543,2,1,0.349545571507008,-0.2436972644388787,0.4447191935329714,0.5539023974241664,-0.5380419077021323,-0.29155894913303054,25.904906099161987,5.665290358929309,-7.688110646036122,24.080315609429388
2026-07-17T21:17:43.010+00:00,52.00762,1784323062965.049,1544,2,1,0.349545571507008,-0.2436972644388787,0.4447191935329714,0.5573764869839518,-0.5381372338832151,-0.25077610744461293,29.804580291397713,6.012699314907854,-7.697643264144399,28.15859977827115
2026-07-17T21:17:43.042+00:00,52.040968,1784323062998.389,1545,2,1,0.34531195093757594,-0.25258006842029157,0.44967673614284953,0.5458049409760419,-0.5432102146189948,-0.2861622111265382,26.40153888277418,4.855544714116866,-8.204941337722365,24.61998941007862
2026-07-17T21:17:43.074+00:00,52.073496,1784323063031.73,1546,2,1,0.34531195093757594,-0.25258006842029157,0.44967673614284953,0.5490037074332281,-0.5432594947634908,-0.24576971308377193,30.257873907087582,5.175421359835486,-8.209869352171967,28.659239214355246
2026-07-17T21:17:43.110+00:00,52.108216,1784323063065.071,1547,2,1,0.3508910557786854,-0.22660021178825163,0.4263206791101864,0.5681108660611671,-0.525781804146277,-0.2698743097702586,27.945849576294496,7.086137222629385,-6.462100290450584,26.24877954570658
2026-07-17T21:17:43.142+00:00,52.139927,1784323063098.411,1548,2,1,0.35122530145938413,-0.23543686461428132,0.4380374241453845,0.563327922014538,-0.5324620731900842,-0.2577097004747717,29.134888619746334,6.607842817966469,-7.130127194831309,27.46524047525527
2026-07-17T21:17:43.174+00:00,52.172874,1784323063131.752,1549,2,1,0.3257417781069287,-0.24518202556717528,0.40864596665511344,0.5327880547376931,-0.5311557784237524,-0.32866512853353985,21.82996666418383,3.5538560902819816,-6.9994977181981275,20.369697669378457
2026-07-17T21:17:43.209+00:00,52.206844,1784323063165.091,1550,2,1,0.34531195093757594,-0.25258006842029157,0.44967673614284953,0.5458049409760419,-0.5432102146189948,-0.2861622111265382,26.40153888277418,4.855544714116866,-8.204941337722365,24.61998941007862
2026-07-17T21:17:43.242+00:00,52.239544,1784323063198.432,1551,2,1,0.34531195093757594,-0.25258006842029157,0.44967673614284953,0.5490037074332281,-0.5432594947634908,-0.24576971308377193,30.257873907087582,5.175421359835486,-8.209869352171967,28.659239214355246
2026-07-17T21:17:43.275+00:00,52.2732,1784323063231.772,1552,2,1,0.34531195093757594,-0.25258006842029157,0.44967673614284953,0.5490037074332281,-0.5432594947634908,-0.24576971308377193,30.257873907087582,5.175421359835486,-8.209869352171967,28.659239214355246
2026-07-17T21:17:43.309+00:00,52.306973,1784323063265.113,1553,2,1,0.34519142396220404,-0.24713558056717977,0.4414083981473439,0.5520841231041201,-0.5392867298734187,-0.2542991073392352,29.398899313777807,5.4834629269246875,-7.812592863164763,27.806299788808918
2026-07-17T21:17:43.342+00:00,52.340232,1784323063298.453,1554,2,1,0.3257417781069287,-0.24518202556717528,0.40864596665511344,0.5380972621350679,-0.5311764661719718,-0.2888544739447592,25.664508567975783,4.084776830019465,-7.001566493020067,24.35076312825652
2026-07-17T21:17:43.376+00:00,52.373936,1784323063331.794,1555,2,1,0.3257417781069287,-0.24518202556717528,0.40864596665511344,0.5380972621350679,-0.5311764661719718,-0.2888544739447592,25.664508567975783,4.084776830019465,-7.001566493020067,24.35076312825652
2026-07-17T21:17:43.409+00:00,52.407019,1784323063365.135,1556,2,1,0.34531195093757594,-0.25258006842029157,0.44967673614284953,0.5490037074332281,-0.5432594947634908,-0.24576971308377193,30.257873907087582,5.175421359835486,-8.209869352171967,28.659239214355246
2026-07-17T21:17:43.443+00:00,52.440789,1784323063398.475,1557,2,1,0.34531195093757594,-0.25258006842029157,0.44967673614284953,0.5458049409760419,-0.5432102146189948,-0.2861622111265382,26.40153888277418,4.855544714116866,-8.204941337722365,24.61998941007862
2026-07-17T21:17:43.476+00:00,52.474339,1784323063431.816,1558,2,1,0.34531195093757594,-0.25258006842029157,0.44967673614284953,0.5458049409760419,-0.5432102146189948,-0.2861622111265382,26.40153888277418,4.855544714116866,-8.204941337722365,24.61998941007862
2026-07-17T21:17:43.511+00:00,52.508321,1784323063465.156,1559,2,1,0.3257417781069287,-0.24518202556717528,0.40864596665511344,0.5327880547376931,-0.5311557784237524,-0.32866512853353985,21.82996666418383,3.5538560902819816,-6.9994977181981275,20.369697669378457
2026-07-17T21:17:43.541+00:00,52.540278,1784323063498.497,1560,2,1,0.3508910557786854,-0.22660021178825163,0.4263206791101864,0.5701700721789988,-0.5176614109456675,-0.31169156248209123,23.917612355423266,7.2920578344125575,-5.650060970389642,22.06705427452332
2026-07-17T21:17:43.576+00:00,52.574199,1784323063531.838,1561,2,1,0.34531195093757594,-0.25258006842029157,0.44967673614284953,0.5490037074332281,-0.5432594947634908,-0.24576971308377193,30.257873907087582,5.175421359835486,-8.209869352171967,28.659239214355246
2026-07-17T21:17:43.608+00:00,52.606985,1784323063565.179,1562,2,1,0.34531195093757594,-0.25258006842029157,0.44967673614284953,0.5458049409760419,-0.5432102146189948,-0.2861622111265382,26.40153888277418,4.855544714116866,-8.204941337722365,24.61998941007862
2026-07-17T21:17:43.642+00:00,52.640289,1784323063598.52,1563,2,1,0.34531195093757594,-0.25258006842029157,0.44967673614284953,0.5490037074332281,-0.5432594947634908,-0.24576971308377193,30.257873907087582,5.175421359835486,-8.209869352171967,28.659239214355246
2026-07-17T21:17:43.674+00:00,52.673338,1784323063631.86,1564,2,1,0.34519142396220404,-0.24713558056717977,0.4414083981473439,0.5520841231041201,-0.5392867298734187,-0.2542991073392352,29.398899313777807,5.4834629269246875,-7.812592863164763,27.806299788808918
2026-07-17T21:17:43.708+00:00,52.707198,1784323063665.2,1565,2,1,0.3508910557786854,-0.22660021178825163,0.4263206791101864,0.5636476191019517,-0.5256194346999975,-0.31113796057873766,23.97993924966939,6.6398125267078445,-6.445863345822639,22.122414464858675
2026-07-17T21:17:43.742+00:00,52.741258,1784323063698.541,1566,2,1,0.3551433233138136,-0.2522692685511808,0.4695015676695752,0.5543291776947381,-0.5458468206797901,-0.26590975149157653,28.53535859405288,5.707968385986484,-8.468601943801895,26.64523537357479
2026-07-17T21:17:43.774+00:00,52.773748,1784323063731.882,1567,2,1,0.3508910557786854,-0.22660021178825163,0.4263206791101864,0.5731072036203141,-0.5196273630909339,-0.26910269613811905,28.01396927647914,7.5857709785440814,-5.846656184916283,26.325940908920536
2026-07-17T21:17:43.808+00:00,52.806584,1784323063765.223,1568,2,1,0.34531195093757594,-0.25258006842029157,0.44967673614284953,0.5458049409760419,-0.5432102146189948,-0.2861622111265382,26.40153888277418,4.855544714116866,-8.204941337722365,24.61998941007862
2026-07-17T21:17:43.842+00:00,52.839827,1784323063798.564,1569,2,1,0.34519142396220404,-0.24713558056717977,0.4414083981473439,0.5484534421627298,-0.5392162717202612,-0.2948257121237197,25.522154855076494,5.120394832785657,-7.80554704784901,23.75363931036047
2026-07-17T21:17:43.875+00:00,52.873498,1784323063831.905,1570,2,1,0.34531195093757594,-0.25258006842029157,0.44967673614284953,0.5458049409760419,-0.5432102146189948,-0.2861622111265382,26.40153888277418,4.855544714116866,-8.204941337722365,24.61998941007862
2026-07-17T21:17:43.909+00:00,52.906517,1784323063865.245,1571,2,1,0.3508910557786854,-0.22660021178825163,0.4263206791101864,0.5636476191019517,-0.5256194346999975,-0.31113796057873766,23.97993924966939,6.6398125267078445,-6.445863345822639,22.122414464858675
2026-07-17T21:17:43.941+00:00,52.939959,1784323063898.586,1572,2,1,0.34531195093757594,-0.25258006842029157,0.44967673614284953,0.5490037074332281,-0.5432594947634908,-0.24576971308377193,30.257873907087582,5.175421359835486,-8.209869352171967,28.659239214355246
2026-07-17T21:17:43.974+00:00,52.973589,1784323063931.927,1573,2,1,0.3257417781069287,-0.24518202556717528,0.40864596665511344,0.5327880547376931,-0.5311557784237524,-0.32866512853353985,21.82996666418383,3.5538560902819816,-6.9994977181981275,20.369697669378457
2026-07-17T21:17:44.008+00:00,53.007353,1784323063965.268,1574,2,1,0.3508910557786854,-0.22660021178825163,0.4263206791101864,0.5636476191019517,-0.5256194346999975,-0.31113796057873766,23.97993924966939,6.6398125267078445,-6.445863345822639,22.122414464858675
2026-07-17T21:17:44.042+00:00,53.040147,1784323063998.609,1575,2,1,0.34531195093757594,-0.25258006842029157,0.44967673614284953,0.5490037074332281,-0.5432594947634908,-0.24576971308377193,30.257873907087582,5.175421359835486,-8.209869352171967,28.659239214355246
2026-07-17T21:17:44.076+00:00,53.074097,1784323064031.95,1576,2,1,0.3508910557786854,-0.22660021178825163,0.4263206791101864,0.5681108660611671,-0.525781804146277,-0.2698743097702586,27.945849576294496,7.086137222629385,-6.462100290450584,26.24877954570658
2026-07-17T21:17:44.109+00:00,53.107454,1784323064065.29,1577,2,1,0.3508910557786854,-0.22660021178825163,0.4263206791101864,0.5636476191019517,-0.5256194346999975,-0.31113796057873766,23.97993924966939,6.6398125267078445,-6.445863345822639,22.122414464858675
2026-07-17T21:17:44.143+00:00,53.140842,1784323064098.63,1578,2,1,0.34531195093757594,-0.25258006842029157,0.44967673614284953,0.5458049409760419,-0.5432102146189948,-0.2861622111265382,26.40153888277418,4.855544714116866,-8.204941337722365,24.61998941007862
2026-07-17T21:17:44.176+00:00,53.174093,1784323064131.971,1579,2,1,0.3551433233138136,-0.2522692685511808,0.4695015676695752,0.5543291776947381,-0.5458468206797901,-0.26590975149157653,28.53535859405288,5.707968385986484,-8.468601943801895,26.64523537357479
2026-07-17T21:17:44.208+00:00,53.206466,1784323064165.312,1580,2,1,0.3508910557786854,-0.22660021178825163,0.4263206791101864,0.5681108660611671,-0.525781804146277,-0.2698743097702586,27.945849576294496,7.086137222629385,-6.462100290450584,26.24877954570658
2026-07-17T21:17:44.243+00:00,53.241083,1784323064198.653,1581,2,1,0.34531195093757594,-0.25258006842029157,0.44967673614284953,0.5517932920974762,-0.5358570359204385,-0.28755035399586804,26.170087303082227,5.454379826260292,-7.469623467866743,24.481175123145636
2026-07-17T21:17:44.274+00:00,53.272947,1784323064231.994,1582,2,1,0.3508910557786854,-0.22660021178825163,0.4263206791101864,0.5636476191019517,-0.5256194346999975,-0.31113796057873766,23.97993924966939,6.6398125267078445,-6.445863345822639,22.122414464858675
2026-07-17T21:17:44.308+00:00,53.306934,1784323064265.335,1583,2,1,0.3508910557786854,-0.22660021178825163,0.4263206791101864,0.5636476191019517,-0.5256194346999975,-0.31113796057873766,23.97993924966939,6.6398125267078445,-6.445863345822639,22.122414464858675
2026-07-17T21:17:44.342+00:00,53.34014,1784323064298.676,1584,2,1,0.3508910557786854,-0.22660021178825163,0.4263206791101864,0.5636476191019517,-0.5256194346999975,-0.31113796057873766,23.97993924966939,6.6398125267078445,-6.445863345822639,22.122414464858675
2026-07-17T21:17:44.374+00:00,53.373229,1784323064332.016,1585,2,1,0.3508910557786854,-0.22660021178825163,0.4263206791101864,0.5636476191019517,-0.5256194346999975,-0.31113796057873766,23.97993924966939,6.6398125267078445,-6.445863345822639,22.122414464858675
2026-07-17T21:17:44.408+00:00,53.407018,1784323064365.357,1586,2,1,0.35122530145938413,-0.23543686461428132,0.4380374241453845,0.5594862850184248,-0.5323318917684992,-0.29876433999656826,25.200527419955357,6.223679118355152,-7.117109052672804,23.359776523075617
2026-07-17T21:17:44.442+00:00,53.440765,1784323064398.698,1587,2,1,0.349545571507008,-0.2436972644388787,0.4447191935329714,0.5573764869839518,-0.5381372338832151,-0.25077610744461293,29.804580291397713,6.012699314907854,-7.697643264144399,28.15859977827115
2026-07-17T21:17:44.475+00:00,53.474478,1784323064432.039,1588,2,1,0.3508910557786854,-0.22660021178825163,0.4263206791101864,0.5636476191019517,-0.5256194346999975,-0.31113796057873766,23.97993924966939,6.6398125267078445,-6.445863345822639,22.122414464858675
2026-07-17T21:17:44.511+00:00,53.508117,1784323064465.38,1589,2,1,0.34531195093757594,-0.25258006842029157,0.44967673614284953,0.5490037074332281,-0.5432594947634908,-0.24576971308377193,30.257873907087582,5.175421359835486,-8.209869352171967,28.659239214355246
2026-07-17T21:17:44.540+00:00,53.539478,1784323064498.719,1590,2,1,0.3551433233138136,-0.2522692685511808,0.4695015676695752,0.5606119626081564,-0.5407277806080415,-0.2250548502915971,32.37027271906276,6.3362468773283105,-7.956697936627038,30.73072549357273
2026-07-17T21:17:44.575+00:00,53.573067,1784323064532.06,1591,2,1,0.35626927701780553,-0.25217732072445753,0.4707569946873814,0.5553429594811021,-0.5461967122872711,-0.26460508850978354,28.687937695067106,5.809346564622886,-8.503591104549995,26.77570167175409
2026-07-17T21:17:44.608+00:00,53.60631,1784323064565.4,1592,2,1,0.3508910557786854,-0.22660021178825163,0.4263206791101864,0.5681108660611671,-0.525781804146277,-0.2698743097702586,27.945849576294496,7.086137222629385,-6.462100290450584,26.24877954570658
2026-07-17T21:17:44.641+00:00,53.640258,1784323064598.74,1593,2,1,0.34519142396220404,-0.24713558056717977,0.4414083981473439,0.5484534421627298,-0.5392162717202612,-0.2948257121237197,25.522154855076494,5.120394832785657,-7.80554704784901,23.75363931036047
2026-07-17T21:17:44.676+00:00,53.673683,1784323064632.08,1594,2,1,0.34531195093757594,-0.25258006842029157,0.44967673614284953,0.5458049409760419,-0.5432102146189948,-0.2861622111265382,26.40153888277418,4.855544714116866,-8.204941337722365,24.61998941007862
2026-07-17T21:17:44.709+00:00,53.707013,1784323064665.421,1595,2,1,0.349545571507008,-0.2436972644388787,0.4447191935329714,0.5539023974241664,-0.5380419077021323,-0.29155894913303054,25.904906099161987,5.665290358929309,-7.688110646036122,24.080315609429388
2026-07-17T21:17:44.743+00:00,53.741392,1784323064698.761,1596,2,1,0.34531195093757594,-0.25258006842029157,0.44967673614284953,0.5490037074332281,-0.5432594947634908,-0.24576971308377193,30.257873907087582,5.175421359835486,-8.209869352171967,28.659239214355246
2026-07-17T21:17:44.776+00:00,53.773259,1784323064732.101,1597,2,1,0.34531195093757594,-0.25258006842029157,0.44967673614284953,0.5490037074332281,-0.5432594947634908,-0.24576971308377193,30.257873907087582,5.175421359835486,-8.209869352171967,28.659239214355246
2026-07-17T21:17:44.809+00:00,53.807435,1784323064765.441,1598,2,1,0.3508910557786854,-0.22660021178825163,0.4263206791101864,0.5636476191019517,-0.5256194346999975,-0.31113796057873766,23.97993924966939,6.6398125267078445,-6.445863345822639,22.122414464858675
2026-07-17T21:17:44.843+00:00,53.841047,1784323064798.782,1599,2,1,0.3257417781069287,-0.24518202556717528,0.40864596665511344,0.5380972621350679,-0.5311764661719718,-0.2888544739447592,25.664508567975783,4.084776830019465,-7.001566493020067,24.35076312825652
2026-07-17T21:17:44.877+00:00,53.874824,1784323064832.122,1600,2,1,0.34531195093757594,-0.25258006842029157,0.44967673614284953,0.5458049409760419,-0.5432102146189948,-0.2861622111265382,26.40153888277418,4.855544714116866,-8.204941337722365,24.61998941007862
2026-07-17T21:17:44.909+00:00,53.907393,1784323064865.462,1601,2,1,0.34531195093757594,-0.25258006842029157,0.44967673614284953,0.5458049409760419,-0.5432102146189948,-0.2861622111265382,26.40153888277418,4.855544714116866,-8.204941337722365,24.61998941007862
2026-07-17T21:17:44.941+00:00,53.940522,1784323064898.802,1602,2,1,0.3257417781069287,-0.24518202556717528,0.40864596665511344,0.5327880547376931,-0.5311557784237524,-0.32866512853353985,21.82996666418383,3.5538560902819816,-6.9994977181981275,20.369697669378457
2026-07-17T21:17:44.976+00:00,53.974348,1784323064932.143,1603,2,1,0.34519142396220404,-0.24713558056717977,0.4414083981473439,0.5484534421627298,-0.5392162717202612,-0.2948257121237197,25.522154855076494,5.120394832785657,-7.80554704784901,23.75363931036047
2026-07-17T21:17:45.008+00:00,54.006849,1784323064965.482,1604,2,1,0.34531195093757594,-0.25258006842029157,0.44967673614284953,0.5458049409760419,-0.5432102146189948,-0.2861622111265382,26.40153888277418,4.855544714116866,-8.204941337722365,24.61998941007862
2026-07-17T21:17:45.043+00:00,54.041255,1784323064998.822,1605,2,1,0.3508910557786854,-0.22660021178825163,0.4263206791101864,0.5636476191019517,-0.5256194346999975,-0.31113796057873766,23.97993924966939,6.6398125267078445,-6.445863345822639,22.122414464858675
2026-07-17T21:17:45.076+00:00,54.073774,1784323065032.162,1606,2,1,0.3508910557786854,-0.22660021178825163,0.4263206791101864,0.5681108660611671,-0.525781804146277,-0.2698743097702586,27.945849576294496,7.086137222629385,-6.462100290450584,26.24877954570658
2026-07-17T21:17:45.108+00:00,54.107526,1784323065065.503,1607,2,1,0.35122530145938413,-0.23543686461428132,0.4380374241453845,0.5594862850184248,-0.5323318917684992,-0.29876433999656826,25.200527419955357,6.223679118355152,-7.117109052672804,23.359776523075617
2026-07-17T21:17:45.143+00:00,54.141071,1784323065098.843,1608,2,1,0.34531195093757594,-0.25258006842029157,0.44967673614284953,0.5490037074332281,-0.5432594947634908,-0.24576971308377193,30.257873907087582,5.175421359835486,-8.209869352171967,28.659239214355246
2026-07-17T21:17:45.176+00:00,54.173742,1784323065132.183,1609,2,1,0.34519142396220404,-0.24713558056717977,0.4414083981473439,0.5484534421627298,-0.5392162717202612,-0.2948257121237197,25.522154855076494,5.120394832785657,-7.80554704784901,23.75363931036047
2026-07-17T21:17:45.208+00:00,54.207228,1784323065165.523,1610,2,1,0.3257417781069287,-0.24518202556717528,0.40864596665511344,0.5380972621350679,-0.5311764661719718,-0.2888544739447592,25.664508567975783,4.084776830019465,-7.001566493020067,24.35076312825652
2026-07-17T21:17:45.243+00:00,54.241382,1784323065198.864,1611,2,1,0.349545571507008,-0.2436972644388787,0.4447191935329714,0.5573764869839518,-0.5381372338832151,-0.25077610744461293,29.804580291397713,6.012699314907854,-7.697643264144399,28.15859977827115
2026-07-17T21:17:45.275+00:00,54.273709,1784323065232.204,1612,2,1,0.35626927701780553,-0.25217732072445753,0.4707569946873814,0.5574839590631824,-0.5462754797887182,-0.22377899532696488,32.572417015209034,6.023446522830911,-8.511467854694704,30.858310990035953
2026-07-17T21:17:45.309+00:00,54.307064,1784323065265.544,1613,2,1,0.3508910557786854,-0.22660021178825163,0.4263206791101864,0.5636476191019517,-0.5256194346999975,-0.31113796057873766,23.97993924966939,6.6398125267078445,-6.445863345822639,22.122414464858675
2026-07-17T21:17:45.341+00:00,54.340646,1784323065298.884,1614,2,1,0.35122530145938413,-0.23543686461428132,0.4380374241453845,0.5594862850184248,-0.5323318917684992,-0.29876433999656826,25.200527419955357,6.223679118355152,-7.117109052672804,23.359776523075617
2026-07-17T21:17:45.376+00:00,54.374099,1784323065332.225,1615,2,1,0.34531195093757594,-0.25258006842029157,0.44967673614284953,0.5458049409760419,-0.5432102146189948,-0.2861622111265382,26.40153888277418,4.855544714116866,-8.204941337722365,24.61998941007862
2026-07-17T21:17:45.408+00:00,54.407433,1784323065365.565,1616,2,1,0.3257417781069287,-0.24518202556717528,0.40864596665511344,0.5380972621350679,-0.5311764661719718,-0.2888544739447592,25.664508567975783,4.084776830019465,-7.001566493020067,24.35076312825652
2026-07-17T21:17:45.442+00:00,54.440877,1784323065398.904,1617,2,1,0.3508910557786854,-0.22660021178825163,0.4263206791101864,0.5681108660611671,-0.525781804146277,-0.2698743097702586,27.945849576294496,7.086137222629385,-6.462100290450584,26.24877954570658
2026-07-17T21:17:45.474+00:00,54.473424,1784323065432.244,1618,2,1,0.3257417781069287,-0.24518202556717528,0.40864596665511344,0.5380972621350679,-0.5311764661719718,-0.2888544739447592,25.664508567975783,4.084776830019465,-7.001566493020067,24.35076312825652
2026-07-17T21:17:45.510+00:00,54.507898,1784323065465.584,1619,2,1,0.3551433233138136,-0.2522692685511808,0.4695015676695752,0.5565355673650854,-0.545921583929823,-0.22513089549023424,32.417625612163015,5.928607353021209,-8.476078268805193,30.723120973709015
2026-07-17T21:17:45.542+00:00,54.541314,1784323065498.924,1620,2,1,0.3257417781069287,-0.24518202556717528,0.40864596665511344,0.5327880547376931,-0.5311557784237524,-0.32866512853353985,21.82996666418383,3.5538560902819816,-6.9994977181981275,20.369697669378457
2026-07-17T21:17:45.577+00:00,54.574707,1784323065532.264,1621,2,1,0.3257417781069287,-0.24518202556717528,0.40864596665511344,0.5327880547376931,-0.5311557784237524,-0.32866512853353985,21.82996666418383,3.5538560902819816,-6.9994977181981275,20.369697669378457
2026-07-17T21:17:45.609+00:00,54.607928,1784323065565.604,1622,2,1,0.3257417781069287,-0.24518202556717528,0.40864596665511344,0.5327880547376931,-0.5311557784237524,-0.32866512853353985,21.82996666418383,3.5538560902819816,-6.9994977181981275,20.369697669378457
2026-07-17T21:17:45.643+00:00,54.640718,1784323065598.944,1623,2,1,0.3257417781069287,-0.24518202556717528,0.40864596665511344,0.5380972621350679,-0.5311764661719718,-0.2888544739447592,25.664508567975783,4.084776830019465,-7.001566493020067,24.35076312825652
2026-07-17T21:17:45.676+00:00,54.675309,1784323065632.284,1624,2,1,0.3508910557786854,-0.22660021178825163,0.4263206791101864,0.5731072036203141,-0.5196273630909339,-0.26910269613811905,28.01396927647914,7.5857709785440814,-5.846656184916283,26.325940908920536
2026-07-17T21:17:45.708+00:00,54.707599,1784323065665.624,1625,2,1,0.34531195093757594,-0.25258006842029157,0.44967673614284953,0.5458049409760419,-0.5432102146189948,-0.2861622111265382,26.40153888277418,4.855544714116866,-8.204941337722365,24.61998941007862
2026-07-17T21:17:45.745+00:00,54.742279,1784323065698.964,1626,2,1,0.34531195093757594,-0.25258006842029157,0.44967673614284953,0.5458049409760419,-0.5432102146189948,-0.2861622111265382,26.40153888277418,4.855544714116866,-8.204941337722365,24.61998941007862
2026-07-17T21:17:45.774+00:00,54.773719,1784323065732.304,1627,2,1,0.3508910557786854,-0.22660021178825163,0.4263206791101864,0.5701700721789988,-0.5176614109456675,-0.31169156248209123,23.917612355423266,7.2920578344125575,-5.650060970389642,22.06705427452332
2026-07-17T21:17:45.809+00:00,54.806555,1784323065765.644,1628,2,1,0.3508910557786854,-0.22660021178825163,0.4263206791101864,0.5636476191019517,-0.5256194346999975,-0.31113796057873766,23.97993924966939,6.6398125267078445,-6.445863345822639,22.122414464858675
2026-07-17T21:17:45.843+00:00,54.840952,1784323065798.984,1629,2,1,0.3508910557786854,-0.22660021178825163,0.4263206791101864,0.5636476191019517,-0.5256194346999975,-0.31113796057873766,23.97993924966939,6.6398125267078445,-6.445863345822639,22.122414464858675
2026-07-17T21:17:45.877+00:00,54.875226,1784323065832.323,1630,2,1,0.34531195093757594,-0.25258006842029157,0.44967673614284953,0.5458049409760419,-0.5432102146189948,-0.2861622111265382,26.40153888277418,4.855544714116866,-8.204941337722365,24.61998941007862
2026-07-17T21:17:45.909+00:00,54.907618,1784323065865.663,1631,2,1,0.34531195093757594,-0.25258006842029157,0.44967673614284953,0.5517932920974762,-0.5358570359204385,-0.28755035399586804,26.170087303082227,5.454379826260292,-7.469623467866743,24.481175123145636
2026-07-17T21:17:45.943+00:00,54.941346,1784323065899.003,1632,2,1,0.34531195093757594,-0.25258006842029157,0.44967673614284953,0.5458049409760419,-0.5432102146189948,-0.2861622111265382,26.40153888277418,4.855544714116866,-8.204941337722365,24.61998941007862
2026-07-17T21:17:45.976+00:00,54.974301,1784323065932.343,1633,2,1,0.3508910557786854,-0.22660021178825163,0.4263206791101864,0.5636476191019517,-0.5256194346999975,-0.31113796057873766,23.97993924966939,6.6398125267078445,-6.445863345822639,22.122414464858675
2026-07-17T21:17:46.010+00:00,55.009372,1784323065965.683,1634,2,1,0.35122530145938413,-0.23543686461428132,0.4380374241453845,0.563327922014538,-0.5324620731900842,-0.2577097004747717,29.134888619746334,6.607842817966469,-7.130127194831309,27.46524047525527
2026-07-17T21:17:46.044+00:00,55.041641,1784323065999.022,1635,2,1,0.3508910557786854,-0.22660021178825163,0.4263206791101864,0.5681108660611671,-0.525781804146277,-0.2698743097702586,27.945849576294496,7.086137222629385,-6.462100290450584,26.24877954570658
2026-07-17T21:17:46.076+00:00,55.073956,1784323066032.362,1636,2,1,0.34531195093757594,-0.25258006842029157,0.44967673614284953,0.5458049409760419,-0.5432102146189948,-0.2861622111265382,26.40153888277418,4.855544714116866,-8.204941337722365,24.61998941007862
2026-07-17T21:17:46.110+00:00,55.108239,1784323066065.702,1637,2,1,0.3551433233138136,-0.2522692685511808,0.4695015676695752,0.5606119626081564,-0.5407277806080415,-0.2250548502915971,32.37027271906276,6.3362468773283105,-7.956697936627038,30.73072549357273
2026-07-17T21:17:46.143+00:00,55.141122,1784323066099.042,1638,2,1,0.3508910557786854,-0.22660021178825163,0.4263206791101864,0.5701700721789988,-0.5176614109456675,-0.31169156248209123,23.917612355423266,7.2920578344125575,-5.650060970389642,22.06705427452332
2026-07-17T21:17:46.175+00:00,55.173529,1784323066132.382,1639,2,1,0.3257417781069287,-0.24518202556717528,0.40864596665511344,0.5327880547376931,-0.5311557784237524,-0.32866512853353985,21.82996666418383,3.5538560902819816,-6.9994977181981275,20.369697669378457
2026-07-17T21:17:46.209+00:00,55.207164,1784323066165.722,1640,2,1,0.3257417781069287,-0.24518202556717528,0.40864596665511344,0.5327880547376931,-0.5311557784237524,-0.32866512853353985,21.82996666418383,3.5538560902819816,-6.9994977181981275,20.369697669378457
2026-07-17T21:17:46.244+00:00,55.241501,1784323066199.062,1641,2,1,0.3508910557786854,-0.22660021178825163,0.4263206791101864,0.5681108660611671,-0.525781804146277,-0.2698743097702586,27.945849576294496,7.086137222629385,-6.462100290450584,26.24877954570658
2026-07-17T21:17:46.276+00:00,55.27406,1784323066232.402,1642,2,1,0.3508910557786854,-0.22660021178825163,0.4263206791101864,0.5731072036203141,-0.5196273630909339,-0.26910269613811905,28.01396927647914,7.5857709785440814,-5.846656184916283,26.325940908920536
2026-07-17T21:17:46.309+00:00,55.308053,1784323066265.74,1643,2,1,0.34531195093757594,-0.25258006842029157,0.44967673614284953,0.5458049409760419,-0.5432102146189948,-0.2861622111265382,26.40153888277418,4.855544714116866,-8.204941337722365,24.61998941007862
2026-07-17T21:17:46.343+00:00,55.340744,1784323066299.081,1644,2,1,0.34531195093757594,-0.25258006842029157,0.44967673614284953,0.5490037074332281,-0.5432594947634908,-0.24576971308377193,30.257873907087582,5.175421359835486,-8.209869352171967,28.659239214355246
2026-07-17T21:17:46.375+00:00,55.373997,1784323066332.42,1645,2,1,0.35122530145938413,-0.23543686461428132,0.4380374241453845,0.563327922014538,-0.5324620731900842,-0.2577097004747717,29.134888619746334,6.607842817966469,-7.130127194831309,27.46524047525527
2026-07-17T21:17:46.408+00:00,55.406964,1784323066365.76,1646,2,1,0.3257417781069287,-0.24518202556717528,0.40864596665511344,0.5380972621350679,-0.5311764661719718,-0.2888544739447592,25.664508567975783,4.084776830019465,-7.001566493020067,24.35076312825652
2026-07-17T21:17:46.442+00:00,55.441229,1784323066399.1,1647,2,1,0.3257417781069287,-0.24518202556717528,0.40864596665511344,0.5434935772596328,-0.5246012781762949,-0.2888120526367165,25.58902840718339,4.62440834247595,-6.344047693452376,24.355005259060793
2026-07-17T21:17:46.475+00:00,55.473708,1784323066432.44,1648,2,1,0.3257417781069287,-0.24518202556717528,0.40864596665511344,0.5327880547376931,-0.5311557784237524,-0.32866512853353985,21.82996666418383,3.5538560902819816,-6.9994977181981275,20.369697669378457
2026-07-17T21:17:46.510+00:00,55.507371,1784323066465.78,1649,2,1,0.34519142396220404,-0.24713558056717977,0.4414083981473439,0.5484534421627298,-0.5392162717202612,-0.2948257121237197,25.522154855076494,5.120394832785657,-7.80554704784901,23.75363931036047
2026-07-17T21:17:46.542+00:00,55.540738,1784323066499.12,1650,2,1,0.34531195093757594,-0.25258006842029157,0.44967673614284953,0.5458049409760419,-0.5432102146189948,-0.2861622111265382,26.40153888277418,4.855544714116866,-8.204941337722365,24.61998941007862
2026-07-17T21:17:46.576+00:00,55.574533,1784323066532.46,1651,2,1,0.3508910557786854,-0.22660021178825163,0.4263206791101864,0.5681108660611671,-0.525781804146277,-0.2698743097702586,27.945849576294496,7.086137222629385,-6.462100290450584,26.24877954570658
2026-07-17T21:17:46.609+00:00,55.608102,1784323066565.801,1652,2,1,0.35122530145938413,-0.23543686461428132,0.4380374241453845,0.565742271695076,-0.5246748928651113,-0.29958016612151867,25.082410495724723,6.849277786020269,-6.351409162334015,23.278193910580576
2026-07-17T21:17:46.641+00:00,55.640726,1784323066599.141,1653,2,1,0.3257417781069287,-0.24518202556717528,0.40864596665511344,0.5327880547376931,-0.5311557784237524,-0.32866512853353985,21.82996666418383,3.5538560902819816,-6.9994977181981275,20.369697669378457
2026-07-17T21:17:46.676+00:00,55.673914,1784323066632.481,1654,2,1,0.34531195093757594,-0.25258006842029157,0.44967673614284953,0.5490037074332281,-0.5432594947634908,-0.24576971308377193,30.257873907087582,5.175421359835486,-8.209869352171967,28.659239214355246
2026-07-17T21:17:46.710+00:00,55.707732,1784323066665.821,1655,2,1,0.34531195093757594,-0.25258006842029157,0.44967673614284953,0.5458049409760419,-0.5432102146189948,-0.2861622111265382,26.40153888277418,4.855544714116866,-8.204941337722365,24.61998941007862
2026-07-17T21:17:46.742+00:00,55.740873,1784323066699.162,1656,2,1,0.34531195093757594,-0.25258006842029157,0.44967673614284953,0.5458049409760419,-0.5432102146189948,-0.2861622111265382,26.40153888277418,4.855544714116866,-8.204941337722365,24.61998941007862
2026-07-17T21:17:46.777+00:00,55.77456,1784323066732.501,1657,2,1,0.3257417781069287,-0.24518202556717528,0.40864596665511344,0.5327880547376931,-0.5311557784237524,-0.32866512853353985,21.82996666418383,3.5538560902819816,-6.9994977181981275,20.369697669378457
2026-07-17T21:17:46.809+00:00,55.808072,1784323066765.841,1658,2,1,0.3257417781069287,-0.24518202556717528,0.40864596665511344,0.5380972621350679,-0.5311764661719718,-0.2888544739447592,25.664508567975783,4.084776830019465,-7.001566493020067,24.35076312825652
2026-07-17T21:17:46.843+00:00,55.84091,1784323066799.181,1659,2,1,0.3508910557786854,-0.22660021178825163,0.4263206791101864,0.5681108660611671,-0.525781804146277,-0.2698743097702586,27.945849576294496,7.086137222629385,-6.462100290450584,26.24877954570658
2026-07-17T21:17:46.875+00:00,55.873813,1784323066832.521,1660,2,1,0.3551433233138136,-0.2522692685511808,0.4695015676695752,0.5543291776947381,-0.5458468206797901,-0.26590975149157653,28.53535859405288,5.707968385986484,-8.468601943801895,26.64523537357479
2026-07-17T21:17:46.908+00:00,55.90744,1784323066865.862,1661,2,1,0.34531195093757594,-0.25258006842029157,0.44967673614284953,0.5458049409760419,-0.5432102146189948,-0.2861622111265382,26.40153888277418,4.855544714116866,-8.204941337722365,24.61998941007862
2026-07-17T21:17:46.943+00:00,55.940571,1784323066899.202,1662,2,1,0.3257417781069287,-0.24518202556717528,0.40864596665511344,0.5380972621350679,-0.5311764661719718,-0.2888544739447592,25.664508567975783,4.084776830019465,-7.001566493020067,24.35076312825652
2026-07-17T21:17:46.977+00:00,55.974554,1784323066932.542,1663,2,1,0.3508910557786854,-0.22660021178825163,0.4263206791101864,0.5636476191019517,-0.5256194346999975,-0.31113796057873766,23.97993924966939,6.6398125267078445,-6.445863345822639,22.122414464858675
2026-07-17T21:17:47.009+00:00,56.007316,1784323066965.883,1664,2,1,0.3508910557786854,-0.22660021178825163,0.4263206791101864,0.5681108660611671,-0.525781804146277,-0.2698743097702586,27.945849576294496,7.086137222629385,-6.462100290450584,26.24877954570658
2026-07-17T21:17:47.043+00:00,56.04109,1784323066999.223,1665,2,1,0.34531195093757594,-0.25258006842029157,0.44967673614284953,0.5458049409760419,-0.5432102146189948,-0.2861622111265382,26.40153888277418,4.855544714116866,-8.204941337722365,24.61998941007862
2026-07-17T21:17:47.075+00:00,56.074811,1784323067032.563,1666,2,1,0.34519142396220404,-0.24713558056717977,0.4414083981473439,0.5567638505267045,-0.5334617375006718,-0.2541584218558724,29.354160433880455,5.951435669183125,-7.230093625890071,27.8203683371452
2026-07-17T21:17:47.109+00:00,56.108125,1784323067065.903,1667,2,1,0.3508910557786854,-0.22660021178825163,0.4263206791101864,0.5681108660611671,-0.525781804146277,-0.2698743097702586,27.945849576294496,7.086137222629385,-6.462100290450584,26.24877954570658
2026-07-17T21:17:47.142+00:00,56.140341,1784323067099.244,1668,2,1,0.3508910557786854,-0.22660021178825163,0.4263206791101864,0.5636476191019517,-0.5256194346999975,-0.31113796057873766,23.97993924966939,6.6398125267078445,-6.445863345822639,22.122414464858675
2026-07-17T21:17:47.175+00:00,56.173864,1784323067132.584,1669,2,1,0.3257417781069287,-0.24518202556717528,0.40864596665511344,0.5380972621350679,-0.5311764661719718,-0.2888544739447592,25.664508567975783,4.084776830019465,-7.001566493020067,24.35076312825652
2026-07-17T21:17:47.209+00:00,56.208279,1784323067165.923,1670,2,1,0.349545571507008,-0.2436972644388787,0.4447191935329714,0.5600046382532791,-0.5305591410448743,-0.2926406469760345,25.733385953761875,6.2755144418405795,-6.939833980310323,23.972145825128994
2026-07-17T21:17:47.243+00:00,56.24188,1784323067199.263,1671,2,1,0.34531195093757594,-0.25258006842029157,0.44967673614284953,0.5458049409760419,-0.5432102146189948,-0.2861622111265382,26.40153888277418,4.855544714116866,-8.204941337722365,24.61998941007862
2026-07-17T21:17:47.277+00:00,56.274509,1784323067232.604,1672,2,1,0.34531195093757594,-0.25258006842029157,0.44967673614284953,0.5490037074332281,-0.5432594947634908,-0.24576971308377193,30.257873907087582,5.175421359835486,-8.209869352171967,28.659239214355246
2026-07-17T21:17:47.308+00:00,56.306963,1784323067265.944,1673,2,1,0.35122530145938413,-0.23543686461428132,0.4380374241453845,0.5594862850184248,-0.5323318917684992,-0.29876433999656826,25.200527419955357,6.223679118355152,-7.117109052672804,23.359776523075617
2026-07-17T21:17:47.343+00:00,56.341046,1784323067299.284,1674,2,1,0.3257417781069287,-0.24518202556717528,0.40864596665511344,0.5327880547376931,-0.5311557784237524,-0.32866512853353985,21.82996666418383,3.5538560902819816,-6.9994977181981275,20.369697669378457
2026-07-17T21:17:47.377+00:00,56.374941,1784323067332.624,1675,2,1,0.3508910557786854,-0.22660021178825163,0.4263206791101864,0.5636476191019517,-0.5256194346999975,-0.31113796057873766,23.97993924966939,6.6398125267078445,-6.445863345822639,22.122414464858675
2026-07-17T21:17:47.410+00:00,56.408796,1784323067365.964,1676,2,1,0.3257417781069287,-0.24518202556717528,0.40864596665511344,0.5380972621350679,-0.5311764661719718,-0.2888544739447592,25.664508567975783,4.084776830019465,-7.001566493020067,24.35076312825652
2026-07-17T21:17:47.442+00:00,56.441374,1784323067399.304,1677,2,1,0.34531195093757594,-0.25258006842029157,0.44967673614284953,0.5458049409760419,-0.5432102146189948,-0.2861622111265382,26.40153888277418,4.855544714116866,-8.204941337722365,24.61998941007862
2026-07-17T21:17:47.477+00:00,56.474805,1784323067432.645,1678,2,1,0.3257417781069287,-0.24518202556717528,0.40864596665511344,0.5380972621350679,-0.5311764661719718,-0.2888544739447592,25.664508567975783,4.084776830019465,-7.001566493020067,24.35076312825652
2026-07-17T21:17:47.509+00:00,56.507602,1784323067465.985,1679,2,1,0.3257417781069287,-0.24518202556717528,0.40864596665511344,0.5327880547376931,-0.5311557784237524,-0.32866512853353985,21.82996666418383,3.5538560902819816,-6.9994977181981275,20.369697669378457
2026-07-17T21:17:47.544+00:00,56.541402,1784323067499.326,1680,2,1,0.3257417781069287,-0.24518202556717528,0.40864596665511344,0.5327880547376931,-0.5311557784237524,-0.32866512853353985,21.82996666418383,3.5538560902819816,-6.9994977181981275,20.369697669378457
2026-07-17T21:17:47.576+00:00,56.574823,1784323067532.667,1681,2,1,0.3508910557786854,-0.22660021178825163,0.4263206791101864,0.5681108660611671,-0.525781804146277,-0.2698743097702586,27.945849576294496,7.086137222629385,-6.462100290450584,26.24877954570658
2026-07-17T21:17:47.609+00:00,56.608029,1784323067566.008,1682,2,1,0.3257417781069287,-0.24518202556717528,0.40864596665511344,0.5327880547376931,-0.5311557784237524,-0.32866512853353985,21.82996666418383,3.5538560902819816,-6.9994977181981275,20.369697669378457
2026-07-17T21:17:47.643+00:00,56.641039,1784323067599.348,1683,2,1,0.34519142396220404,-0.24713558056717977,0.4414083981473439,0.5484534421627298,-0.5392162717202612,-0.2948257121237197,25.522154855076494,5.120394832785657,-7.80554704784901,23.75363931036047
2026-07-17T21:17:47.677+00:00,56.674403,1784323067632.689,1684,2,1,0.3508910557786854,-0.22660021178825163,0.4263206791101864,0.5636476191019517,-0.5256194346999975,-0.31113796057873766,23.97993924966939,6.6398125267078445,-6.445863345822639,22.122414464858675
2026-07-17T21:17:47.710+00:00,56.707532,1784323067666.03,1685,2,1,0.3257417781069287,-0.24518202556717528,0.40864596665511344,0.5397023028982215,-0.522760804587374,-0.3300185003232985,21.573070216152345,4.245280906334825,-6.160000334560284,20.234360490402594
2026-07-17T21:17:47.743+00:00,56.741426,1784323067699.371,1686,2,1,0.3257417781069287,-0.24518202556717528,0.40864596665511344,0.5327880547376931,-0.5311557784237524,-0.32866512853353985,21.82996666418383,3.5538560902819816,-6.9994977181981275,20.369697669378457
2026-07-17T21:17:47.776+00:00,56.774585,1784323067732.712,1687,2,1,0.3257417781069287,-0.24518202556717528,0.40864596665511344,0.5327880547376931,-0.5311557784237524,-0.32866512853353985,21.82996666418383,3.5538560902819816,-6.9994977181981275,20.369697669378457
2026-07-17T21:17:47.810+00:00,56.80784,1784323067766.053,1688,2,1,0.34531195093757594,-0.25258006842029157,0.44967673614284953,0.5490037074332281,-0.5432594947634908,-0.24576971308377193,30.257873907087582,5.175421359835486,-8.209869352171967,28.659239214355246
2026-07-17T21:17:47.842+00:00,56.840798,1784323067799.394,1689,2,1,0.34531195093757594,-0.25258006842029157,0.44967673614284953,0.5490037074332281,-0.5432594947634908,-0.24576971308377193,30.257873907087582,5.175421359835486,-8.209869352171967,28.659239214355246
2026-07-17T21:17:47.875+00:00,56.874414,1784323067832.735,1690,2,1,0.3508910557786854,-0.22660021178825163,0.4263206791101864,0.5731072036203141,-0.5196273630909339,-0.26910269613811905,28.01396927647914,7.5857709785440814,-5.846656184916283,26.325940908920536
2026-07-17T21:17:47.909+00:00,56.907852,1784323067866.076,1691,2,1,0.3508910557786854,-0.22660021178825163,0.4263206791101864,0.5681108660611671,-0.525781804146277,-0.2698743097702586,27.945849576294496,7.086137222629385,-6.462100290450584,26.24877954570658
2026-07-17T21:17:47.944+00:00,56.941985,1784323067899.417,1692,2,1,0.3257417781069287,-0.24518202556717528,0.40864596665511344,0.5380972621350679,-0.5311764661719718,-0.2888544739447592,25.664508567975783,4.084776830019465,-7.001566493020067,24.35076312825652
2026-07-17T21:17:47.976+00:00,56.974749,1784323067932.759,1693,2,1,0.3508910557786854,-0.22660021178825163,0.4263206791101864,0.5636476191019517,-0.5256194346999975,-0.31113796057873766,23.97993924966939,6.6398125267078445,-6.445863345822639,22.122414464858675
2026-07-17T21:17:48.010+00:00,57.008351,1784323067966.1,1694,2,1,0.3257417781069287,-0.24518202556717528,0.40864596665511344,0.5327880547376931,-0.5311557784237524,-0.32866512853353985,21.82996666418383,3.5538560902819816,-6.9994977181981275,20.369697669378457
2026-07-17T21:17:48.042+00:00,57.040285,1784323067999.441,1695,2,1,0.34519142396220404,-0.24713558056717977,0.4414083981473439,0.5520841231041201,-0.5392867298734187,-0.2542991073392352,29.398899313777807,5.4834629269246875,-7.812592863164763,27.806299788808918
2026-07-17T21:17:48.076+00:00,57.074064,1784323068032.782,1696,2,1,0.3257417781069287,-0.24518202556717528,0.40864596665511344,0.5380972621350679,-0.5311764661719718,-0.2888544739447592,25.664508567975783,4.084776830019465,-7.001566493020067,24.35076312825652
2026-07-17T21:17:48.110+00:00,57.107872,1784323068066.122,1697,2,1,0.3508910557786854,-0.22660021178825163,0.4263206791101864,0.5636476191019517,-0.5256194346999975,-0.31113796057873766,23.97993924966939,6.6398125267078445,-6.445863345822639,22.122414464858675
2026-07-17T21:17:48.144+00:00,57.14114,1784323068099.463,1698,2,1,0.3257417781069287,-0.24518202556717528,0.40864596665511344,0.5397023028982215,-0.522760804587374,-0.3300185003232985,21.573070216152345,4.245280906334825,-6.160000334560284,20.234360490402594
2026-07-17T21:17:48.176+00:00,57.174205,1784323068132.804,1699,2,1,0.34531195093757594,-0.25258006842029157,0.44967673614284953,0.5490037074332281,-0.5432594947634908,-0.24576971308377193,30.257873907087582,5.175421359835486,-8.209869352171967,28.659239214355246
2026-07-17T21:17:48.210+00:00,57.207768,1784323068166.146,1700,2,1,0.3551433233138136,-0.2522692685511808,0.4695015676695752,0.5565355673650854,-0.545921583929823,-0.22513089549023424,32.417625612163015,5.928607353021209,-8.476078268805193,30.723120973709015
2026-07-17T21:17:48.242+00:00,57.241039,1784323068199.487,1701,2,1,0.3508910557786854,-0.22660021178825163,0.4263206791101864,0.5681108660611671,-0.525781804146277,-0.2698743097702586,27.945849576294496,7.086137222629385,-6.462100290450584,26.24877954570658
2026-07-17T21:17:48.278+00:00,57.275227,1784323068232.828,1702,2,1,0.3508910557786854,-0.22660021178825163,0.4263206791101864,0.5681108660611671,-0.525781804146277,-0.2698743097702586,27.945849576294496,7.086137222629385,-6.462100290450584,26.24877954570658
2026-07-17T21:17:48.310+00:00,57.307934,1784323068266.169,1703,2,1,0.3508910557786854,-0.22660021178825163,0.4263206791101864,0.5701700721789988,-0.5176614109456675,-0.31169156248209123,23.917612355423266,7.2920578344125575,-5.650060970389642,22.06705427452332
2026-07-17T21:17:48.342+00:00,57.340958,1784323068299.51,1704,2,1,0.3257417781069287,-0.24518202556717528,0.40864596665511344,0.5327880547376931,-0.5311557784237524,-0.32866512853353985,21.82996666418383,3.5538560902819816,-6.9994977181981275,20.369697669378457
2026-07-17T21:17:48.376+00:00,57.374607,1784323068332.852,1705,2,1,0.3551433233138136,-0.2522692685511808,0.4695015676695752,0.5565355673650854,-0.545921583929823,-0.22513089549023424,32.417625612163015,5.928607353021209,-8.476078268805193,30.723120973709015
2026-07-17T21:17:48.412+00:00,57.410916,1784323068366.193,1706,2,1,0.3257417781069287,-0.24518202556717528,0.40864596665511344,0.5327880547376931,-0.5311557784237524,-0.32866512853353985,21.82996666418383,3.5538560902819816,-6.9994977181981275,20.369697669378457
2026-07-17T21:17:48.444+00:00,57.44191,1784323068399.534,1707,2,1,0.3508910557786854,-0.22660021178825163,0.4263206791101864,0.5681108660611671,-0.525781804146277,-0.2698743097702586,27.945849576294496,7.086137222629385,-6.462100290450584,26.24877954570658
2026-07-17T21:17:48.478+00:00,57.475835,1784323068432.875,1708,2,1,0.35122530145938413,-0.23543686461428132,0.4380374241453845,0.563327922014538,-0.5324620731900842,-0.2577097004747717,29.134888619746334,6.607842817966469,-7.130127194831309,27.46524047525527
2026-07-17T21:17:48.510+00:00,57.507578,1784323068466.217,1709,2,1,0.3257417781069287,-0.24518202556717528,0.40864596665511344,0.5327880547376931,-0.5311557784237524,-0.32866512853353985,21.82996666418383,3.5538560902819816,-6.9994977181981275,20.369697669378457
2026-07-17T21:17:48.544+00:00,57.541921,1784323068499.557,1710,2,1,0.3257417781069287,-0.24518202556717528,0.40864596665511344,0.5327880547376931,-0.5311557784237524,-0.32866512853353985,21.82996666418383,3.5538560902819816,-6.9994977181981275,20.369697669378457
2026-07-17T21:17:48.576+00:00,57.574824,1784323068532.898,1711,2,1,0.3257417781069287,-0.24518202556717528,0.40864596665511344,0.5397023028982215,-0.522760804587374,-0.3300185003232985,21.573070216152345,4.245280906334825,-6.160000334560284,20.234360490402594
2026-07-17T21:17:48.609+00:00,57.607595,1784323068566.239,1712,2,1,0.3508910557786854,-0.22660021178825163,0.4263206791101864,0.5681108660611671,-0.525781804146277,-0.2698743097702586,27.945849576294496,7.086137222629385,-6.462100290450584,26.24877954570658
2026-07-17T21:17:48.643+00:00,57.641055,1784323068599.58,1713,2,1,0.3508910557786854,-0.22660021178825163,0.4263206791101864,0.5681108660611671,-0.525781804146277,-0.2698743097702586,27.945849576294496,7.086137222629385,-6.462100290450584,26.24877954570658
2026-07-17T21:17:48.676+00:00,57.674686,1784323068632.921,1714,2,1,0.35122530145938413,-0.23543686461428132,0.4380374241453845,0.563327922014538,-0.5324620731900842,-0.2577097004747717,29.134888619746334,6.607842817966469,-7.130127194831309,27.46524047525527
2026-07-17T21:17:48.708+00:00,57.707756,1784323068666.262,1715,2,1,0.34519142396220404,-0.24713558056717977,0.4414083981473439,0.5520841231041201,-0.5392867298734187,-0.2542991073392352,29.398899313777807,5.4834629269246875,-7.812592863164763,27.806299788808918
2026-07-17T21:17:48.742+00:00,57.741224,1784323068699.604,1716,2,1,0.3257417781069287,-0.24518202556717528,0.40864596665511344,0.5327880547376931,-0.5311557784237524,-0.32866512853353985,21.82996666418383,3.5538560902819816,-6.9994977181981275,20.369697669378457
2026-07-17T21:17:48.776+00:00,57.774307,1784323068732.945,1717,2,1,0.35122530145938413,-0.23543686461428132,0.4380374241453845,0.563327922014538,-0.5324620731900842,-0.2577097004747717,29.134888619746334,6.607842817966469,-7.130127194831309,27.46524047525527
2026-07-17T21:17:48.808+00:00,57.807855,1784323068766.286,1718,2,1,0.349545571507008,-0.2436972644388787,0.4447191935329714,0.5573764869839518,-0.5381372338832151,-0.25077610744461293,29.804580291397713,6.012699314907854,-7.697643264144399,28.15859977827115
2026-07-17T21:17:48.842+00:00,57.841347,1784323068799.627,1719,2,1,0.349545571507008,-0.2436972644388787,0.4447191935329714,0.5573764869839518,-0.5381372338832151,-0.25077610744461293,29.804580291397713,6.012699314907854,-7.697643264144399,28.15859977827115
2026-07-17T21:17:48.876+00:00,57.874107,1784323068832.968,1720,2,1,0.34519142396220404,-0.24713558056717977,0.4414083981473439,0.5484534421627298,-0.5392162717202612,-0.2948257121237197,25.522154855076494,5.120394832785657,-7.80554704784901,23.75363931036047
2026-07-17T21:17:48.908+00:00,57.907576,1784323068866.309,1721,2,1,0.3508910557786854,-0.22660021178825163,0.4263206791101864,0.5681108660611671,-0.525781804146277,-0.2698743097702586,27.945849576294496,7.086137222629385,-6.462100290450584,26.24877954570658
2026-07-17T21:17:48.942+00:00,57.940373,1784323068899.65,1722,2,1,0.35122530145938413,-0.23543686461428132,0.4380374241453845,0.5594862850184248,-0.5323318917684992,-0.29876433999656826,25.200527419955357,6.223679118355152,-7.117109052672804,23.359776523075617
2026-07-17T21:17:48.976+00:00,57.974122,1784323068932.99,1723,2,1,0.349545571507008,-0.2436972644388787,0.4447191935329714,0.5539023974241664,-0.5380419077021323,-0.29155894913303054,25.904906099161987,5.665290358929309,-7.688110646036122,24.080315609429388
2026-07-17T21:17:49.009+00:00,58.007834,1784323068966.332,1724,2,1,0.349545571507008,-0.2436972644388787,0.4447191935329714,0.5573764869839518,-0.5381372338832151,-0.25077610744461293,29.804580291397713,6.012699314907854,-7.697643264144399,28.15859977827115
2026-07-17T21:17:49.043+00:00,58.041286,1784323068999.673,1725,2,1,0.34519142396220404,-0.24713558056717977,0.4414083981473439,0.5484534421627298,-0.5392162717202612,-0.2948257121237197,25.522154855076494,5.120394832785657,-7.80554704784901,23.75363931036047
2026-07-17T21:17:49.075+00:00,58.07449,1784323069033.014,1726,2,1,0.34519142396220404,-0.24713558056717977,0.4414083981473439,0.5520841231041201,-0.5392867298734187,-0.2542991073392352,29.398899313777807,5.4834629269246875,-7.812592863164763,27.806299788808918
2026-07-17T21:17:49.110+00:00,58.107508,1784323069066.355,1727,2,1,0.3257417781069287,-0.24518202556717528,0.40864596665511344,0.5380972621350679,-0.5311764661719718,-0.2888544739447592,25.664508567975783,4.084776830019465,-7.001566493020067,24.35076312825652
2026-07-17T21:17:49.143+00:00,58.141494,1784323069099.697,1728,2,1,0.3508910557786854,-0.22660021178825163,0.4263206791101864,0.5636476191019517,-0.5256194346999975,-0.31113796057873766,23.97993924966939,6.6398125267078445,-6.445863345822639,22.122414464858675
2026-07-17T21:17:49.176+00:00,58.173975,1784323069133.038,1729,2,1,0.3508910557786854,-0.22660021178825163,0.4263206791101864,0.5681108660611671,-0.525781804146277,-0.2698743097702586,27.945849576294496,7.086137222629385,-6.462100290450584,26.24877954570658
2026-07-17T21:17:49.210+00:00,58.208186,1784323069166.379,1730,2,1,0.3257417781069287,-0.24518202556717528,0.40864596665511344,0.5380972621350679,-0.5311764661719718,-0.2888544739447592,25.664508567975783,4.084776830019465,-7.001566493020067,24.35076312825652
2026-07-17T21:17:49.242+00:00,58.240952,1784323069199.72,1731,2,1,0.3257417781069287,-0.24518202556717528,0.40864596665511344,0.5327880547376931,-0.5311557784237524,-0.32866512853353985,21.82996666418383,3.5538560902819816,-6.9994977181981275,20.369697669378457
2026-07-17T21:17:49.277+00:00,58.274614,1784323069233.062,1732,2,1,0.3508910557786854,-0.22660021178825163,0.4263206791101864,0.5636476191019517,-0.5256194346999975,-0.31113796057873766,23.97993924966939,6.6398125267078445,-6.445863345822639,22.122414464858675
2026-07-17T21:17:49.309+00:00,58.30761,1784323069266.403,1733,2,1,0.3508910557786854,-0.22660021178825163,0.4263206791101864,0.5681108660611671,-0.525781804146277,-0.2698743097702586,27.945849576294496,7.086137222629385,-6.462100290450584,26.24877954570658
2026-07-17T21:17:49.342+00:00,58.341075,1784323069299.744,1734,2,1,0.3508910557786854,-0.22660021178825163,0.4263206791101864,0.5681108660611671,-0.525781804146277,-0.2698743097702586,27.945849576294496,7.086137222629385,-6.462100290450584,26.24877954570658
2026-07-17T21:17:49.376+00:00,58.374275,1784323069333.085,1735,2,1,0.349545571507008,-0.2436972644388787,0.4447191935329714,0.5539023974241664,-0.5380419077021323,-0.29155894913303054,25.904906099161987,5.665290358929309,-7.688110646036122,24.080315609429388
2026-07-17T21:17:49.409+00:00,58.407889,1784323069366.426,1736,2,1,0.35122530145938413,-0.23543686461428132,0.4380374241453845,0.5594862850184248,-0.5323318917684992,-0.29876433999656826,25.200527419955357,6.223679118355152,-7.117109052672804,23.359776523075617
2026-07-17T21:17:49.443+00:00,58.441277,1784323069399.767,1737,2,1,0.3508910557786854,-0.22660021178825163,0.4263206791101864,0.5681108660611671,-0.525781804146277,-0.2698743097702586,27.945849576294496,7.086137222629385,-6.462100290450584,26.24877954570658
2026-07-17T21:17:49.475+00:00,58.474255,1784323069433.108,1738,2,1,0.3257417781069287,-0.24518202556717528,0.40864596665511344,0.5327880547376931,-0.5311557784237524,-0.32866512853353985,21.82996666418383,3.5538560902819816,-6.9994977181981275,20.369697669378457
2026-07-17T21:17:49.510+00:00,58.507803,1784323069466.449,1739,2,1,0.35122530145938413,-0.23543686461428132,0.4380374241453845,0.563327922014538,-0.5324620731900842,-0.2577097004747717,29.134888619746334,6.607842817966469,-7.130127194831309,27.46524047525527
2026-07-17T21:17:49.543+00:00,58.54113,1784323069499.789,1740,2,1,0.3257417781069287,-0.24518202556717528,0.40864596665511344,0.5397023028982215,-0.522760804587374,-0.3300185003232985,21.573070216152345,4.245280906334825,-6.160000334560284,20.234360490402594
2026-07-17T21:17:49.576+00:00,58.574485,1784323069533.129,1741,2,1,0.3257417781069287,-0.24518202556717528,0.40864596665511344,0.5327880547376931,-0.5311557784237524,-0.32866512853353985,21.82996666418383,3.5538560902819816,-6.9994977181981275,20.369697669378457
2026-07-17T21:17:49.610+00:00,58.608225,1784323069566.469,1742,2,1,0.34519142396220404,-0.24713558056717977,0.4414083981473439,0.5484534421627298,-0.5392162717202612,-0.2948257121237197,25.522154855076494,5.120394832785657,-7.80554704784901,23.75363931036047
2026-07-17T21:17:49.644+00:00,58.641539,1784323069599.81,1743,2,1,0.3508910557786854,-0.22660021178825163,0.4263206791101864,0.5681108660611671,-0.525781804146277,-0.2698743097702586,27.945849576294496,7.086137222629385,-6.462100290450584,26.24877954570658
2026-07-17T21:17:49.676+00:00,58.67464,1784323069633.15,1744,2,1,0.3508910557786854,-0.22660021178825163,0.4263206791101864,0.5636476191019517,-0.5256194346999975,-0.31113796057873766,23.97993924966939,6.6398125267078445,-6.445863345822639,22.122414464858675
2026-07-17T21:17:49.709+00:00,58.70808,1784323069666.49,1745,2,1,0.3257417781069287,-0.24518202556717528,0.40864596665511344,0.5327880547376931,-0.5311557784237524,-0.32866512853353985,21.82996666418383,3.5538560902819816,-6.9994977181981275,20.369697669378457
2026-07-17T21:17:49.744+00:00,58.741614,1784323069699.83,1746,2,1,0.3257417781069287,-0.24518202556717528,0.40864596665511344,0.5380972621350679,-0.5311764661719718,-0.2888544739447592,25.664508567975783,4.084776830019465,-7.001566493020067,24.35076312825652
2026-07-17T21:17:49.776+00:00,58.77443,1784323069733.17,1747,2,1,0.35122530145938413,-0.23543686461428132,0.4380374241453845,0.563327922014538,-0.5324620731900842,-0.2577097004747717,29.134888619746334,6.607842817966469,-7.130127194831309,27.46524047525527
2026-07-17T21:17:49.810+00:00,58.807646,1784323069766.51,1748,2,1,0.3508910557786854,-0.22660021178825163,0.4263206791101864,0.5681108660611671,-0.525781804146277,-0.2698743097702586,27.945849576294496,7.086137222629385,-6.462100290450584,26.24877954570658
2026-07-17T21:17:49.843+00:00,58.841276,1784323069799.85,1749,2,1,0.3551433233138136,-0.2522692685511808,0.4695015676695752,0.5543291776947381,-0.5458468206797901,-0.26590975149157653,28.53535859405288,5.707968385986484,-8.468601943801895,26.64523537357479
2026-07-17T21:17:49.875+00:00,58.874024,1784323069833.189,1750,2,1,0.3257417781069287,-0.24518202556717528,0.40864596665511344,0.5327880547376931,-0.5311557784237524,-0.32866512853353985,21.82996666418383,3.5538560902819816,-6.9994977181981275,20.369697669378457
2026-07-17T21:17:49.909+00:00,58.907994,1784323069866.53,1751,2,1,0.3508910557786854,-0.22660021178825163,0.4263206791101864,0.5681108660611671,-0.525781804146277,-0.2698743097702586,27.945849576294496,7.086137222629385,-6.462100290450584,26.24877954570658
2026-07-17T21:17:49.943+00:00,58.941176,1784323069899.87,1752,2,1,0.35122530145938413,-0.23543686461428132,0.4380374241453845,0.563327922014538,-0.5324620731900842,-0.2577097004747717,29.134888619746334,6.607842817966469,-7.130127194831309,27.46524047525527
2026-07-17T21:17:49.976+00:00,58.974966,1784323069933.21,1753,2,1,0.3508910557786854,-0.22660021178825163,0.4263206791101864,0.5636476191019517,-0.5256194346999975,-0.31113796057873766,23.97993924966939,6.6398125267078445,-6.445863345822639,22.122414464858675
2026-07-17T21:17:50.010+00:00,59.008234,1784323069966.55,1754,2,1,0.3508910557786854,-0.22660021178825163,0.4263206791101864,0.5681108660611671,-0.525781804146277,-0.2698743097702586,27.945849576294496,7.086137222629385,-6.462100290450584,26.24877954570658
2026-07-17T21:17:50.043+00:00,59.041479,1784323069999.89,1755,2,1,0.3508910557786854,-0.22660021178825163,0.4263206791101864,0.5636476191019517,-0.5256194346999975,-0.31113796057873766,23.97993924966939,6.6398125267078445,-6.445863345822639,22.122414464858675
2026-07-17T21:17:50.076+00:00,59.074581,1784323070033.23,1756,2,1,0.3508910557786854,-0.22660021178825163,0.4263206791101864,0.5731072036203141,-0.5196273630909339,-0.26910269613811905,28.01396927647914,7.5857709785440814,-5.846656184916283,26.325940908920536
2026-07-17T21:17:50.109+00:00,59.108144,1784323070066.57,1757,2,1,0.3508910557786854,-0.22660021178825163,0.4263206791101864,0.5636476191019517,-0.5256194346999975,-0.31113796057873766,23.97993924966939,6.6398125267078445,-6.445863345822639,22.122414464858675
2026-07-17T21:17:50.143+00:00,59.141972,1784323070099.91,1758,2,1,0.349545571507008,-0.2436972644388787,0.4447191935329714,0.5573764869839518,-0.5381372338832151,-0.25077610744461293,29.804580291397713,6.012699314907854,-7.697643264144399,28.15859977827115
2026-07-17T21:17:50.176+00:00,59.175153,1784323070133.25,1759,2,1,0.3508910557786854,-0.22660021178825163,0.4263206791101864,0.5701700721789988,-0.5176614109456675,-0.31169156248209123,23.917612355423266,7.2920578344125575,-5.650060970389642,22.06705427452332
2026-07-17T21:17:50.210+00:00,59.20802,1784323070166.59,1760,2,1,0.34519142396220404,-0.24713558056717977,0.4414083981473439,0.5484534421627298,-0.5392162717202612,-0.2948257121237197,25.522154855076494,5.120394832785657,-7.80554704784901,23.75363931036047
2026-07-17T21:17:50.243+00:00,59.241425,1784323070199.93,1761,2,1,0.3551433233138136,-0.2522692685511808,0.4695015676695752,0.5565355673650854,-0.545921583929823,-0.22513089549023424,32.417625612163015,5.928607353021209,-8.476078268805193,30.723120973709015
2026-07-17T21:17:50.276+00:00,59.274733,1784323070233.27,1762,2,1,0.3257417781069287,-0.24518202556717528,0.40864596665511344,0.5327880547376931,-0.5311557784237524,-0.32866512853353985,21.82996666418383,3.5538560902819816,-6.9994977181981275,20.369697669378457
2026-07-17T21:17:50.310+00:00,59.307785,1784323070266.609,1763,2,1,0.3508910557786854,-0.22660021178825163,0.4263206791101864,0.5681108660611671,-0.525781804146277,-0.2698743097702586,27.945849576294496,7.086137222629385,-6.462100290450584,26.24877954570658
2026-07-17T21:17:50.342+00:00,59.341022,1784323070299.949,1764,2,1,0.3508910557786854,-0.22660021178825163,0.4263206791101864,0.5636476191019517,-0.5256194346999975,-0.31113796057873766,23.97993924966939,6.6398125267078445,-6.445863345822639,22.122414464858675
2026-07-17T21:17:50.376+00:00,59.37435,1784323070333.29,1765,2,1,0.3257417781069287,-0.24518202556717528,0.40864596665511344,0.5380972621350679,-0.5311764661719718,-0.2888544739447592,25.664508567975783,4.084776830019465,-7.001566493020067,24.35076312825652
2026-07-17T21:17:50.410+00:00,59.407534,1784323070366.63,1766,2,1,0.3508910557786854,-0.22660021178825163,0.4263206791101864,0.5636476191019517,-0.5256194346999975,-0.31113796057873766,23.97993924966939,6.6398125267078445,-6.445863345822639,22.122414464858675
2026-07-17T21:17:50.442+00:00,59.44093,1784323070399.969,1767,2,1,0.3551433233138136,-0.2522692685511808,0.4695015676695752,0.5543291776947381,-0.5458468206797901,-0.26590975149157653,28.53535859405288,5.707968385986484,-8.468601943801895,26.64523537357479
2026-07-17T21:17:50.476+00:00,59.474758,1784323070433.31,1768,2,1,0.3508910557786854,-0.22660021178825163,0.4263206791101864,0.5636476191019517,-0.5256194346999975,-0.31113796057873766,23.97993924966939,6.6398125267078445,-6.445863345822639,22.122414464858675
2026-07-17T21:17:50.510+00:00,59.508153,1784323070466.65,1769,2,1,0.3508910557786854,-0.22660021178825163,0.4263206791101864,0.5636476191019517,-0.5256194346999975,-0.31113796057873766,23.97993924966939,6.6398125267078445,-6.445863345822639,22.122414464858675
2026-07-17T21:17:50.543+00:00,59.541214,1784323070499.991,1770,2,1,0.3257417781069287,-0.24518202556717528,0.40864596665511344,0.5327880547376931,-0.5311557784237524,-0.32866512853353985,21.82996666418383,3.5538560902819816,-6.9994977181981275,20.369697669378457
2026-07-17T21:17:50.576+00:00,59.574241,1784323070533.332,1771,2,1,0.34531195093757594,-0.25258006842029157,0.44967673614284953,0.5535082758510858,-0.5376173469061732,-0.2457825916317828,30.189148968054358,5.625878201621248,-7.645654566440213,28.65795135955416
2026-07-17T21:17:50.609+00:00,59.607909,1784323070566.673,1772,2,1,0.3508910557786854,-0.22660021178825163,0.4263206791101864,0.5681108660611671,-0.525781804146277,-0.2698743097702586,27.945849576294496,7.086137222629385,-6.462100290450584,26.24877954570658
2026-07-17T21:17:50.643+00:00,59.641385,1784323070600.013,1773,2,1,0.349545571507008,-0.2436972644388787,0.4447191935329714,0.5573764869839518,-0.5381372338832151,-0.25077610744461293,29.804580291397713,6.012699314907854,-7.697643264144399,28.15859977827115
2026-07-17T21:17:50.676+00:00,59.674516,1784323070633.354,1774,2,1,0.3257417781069287,-0.24518202556717528,0.40864596665511344,0.5327880547376931,-0.5311557784237524,-0.32866512853353985,21.82996666418383,3.5538560902819816,-6.9994977181981275,20.369697669378457
2026-07-17T21:17:50.708+00:00,59.707832,1784323070666.695,1775,2,1,0.3257417781069287,-0.24518202556717528,0.40864596665511344,0.5327880547376931,-0.5311557784237524,-0.32866512853353985,21.82996666418383,3.5538560902819816,-6.9994977181981275,20.369697669378457
2026-07-17T21:17:50.743+00:00,59.741336,1784323070700.036,1776,2,1,0.3508910557786854,-0.22660021178825163,0.4263206791101864,0.5636476191019517,-0.5256194346999975,-0.31113796057873766,23.97993924966939,6.6398125267078445,-6.445863345822639,22.122414464858675
2026-07-17T21:17:50.776+00:00,59.77499,1784323070733.376,1777,2,1,0.34531195093757594,-0.25258006842029157,0.44967673614284953,0.5490037074332281,-0.5432594947634908,-0.24576971308377193,30.257873907087582,5.175421359835486,-8.209869352171967,28.659239214355246
2026-07-17T21:17:50.808+00:00,59.80755,1784323070766.717,1778,2,1,0.34519142396220404,-0.24713558056717977,0.4414083981473439,0.5520841231041201,-0.5392867298734187,-0.2542991073392352,29.398899313777807,5.4834629269246875,-7.812592863164763,27.806299788808918
2026-07-17T21:17:50.843+00:00,59.841377,1784323070800.058,1779,2,1,0.3508910557786854,-0.22660021178825163,0.4263206791101864,0.5636476191019517,-0.5256194346999975,-0.31113796057873766,23.97993924966939,6.6398125267078445,-6.445863345822639,22.122414464858675
2026-07-17T21:17:50.877+00:00,59.874951,1784323070833.399,1780,2,1,0.3508910557786854,-0.22660021178825163,0.4263206791101864,0.5681108660611671,-0.525781804146277,-0.2698743097702586,27.945849576294496,7.086137222629385,-6.462100290450584,26.24877954570658
2026-07-17T21:17:50.909+00:00,59.907857,1784323070866.74,1781,2,1,0.3508910557786854,-0.22660021178825163,0.4263206791101864,0.5681108660611671,-0.525781804146277,-0.2698743097702586,27.945849576294496,7.086137222629385,-6.462100290450584,26.24877954570658
2026-07-17T21:17:50.943+00:00,59.940818,1784323070900.081,1782,2,1,0.349545571507008,-0.2436972644388787,0.4447191935329714,0.5573764869839518,-0.5381372338832151,-0.25077610744461293,29.804580291397713,6.012699314907854,-7.697643264144399,28.15859977827115
2026-07-17T21:17:50.977+00:00,59.975031,1784323070933.422,1783,2,1,0.3508910557786854,-0.22660021178825163,0.4263206791101864,0.5636476191019517,-0.5256194346999975,-0.31113796057873766,23.97993924966939,6.6398125267078445,-6.445863345822639,22.122414464858675
2026-07-17T21:17:51.011+00:00,60.008663,1784323070966.763,1784,2,1,0.3257417781069287,-0.24518202556717528,0.40864596665511344,0.5380972621350679,-0.5311764661719718,-0.2888544739447592,25.664508567975783,4.084776830019465,-7.001566493020067,24.35076312825652
2026-07-17T21:17:51.043+00:00,60.041916,1784323071000.104,1785,2,1,0.3508910557786854,-0.22660021178825163,0.4263206791101864,0.5701700721789988,-0.5176614109456675,-0.31169156248209123,23.917612355423266,7.2920578344125575,-5.650060970389642,22.06705427452332
2026-07-17T21:17:51.077+00:00,60.074878,1784323071033.445,1786,2,1,0.3508910557786854,-0.22660021178825163,0.4263206791101864,0.5636476191019517,-0.5256194346999975,-0.31113796057873766,23.97993924966939,6.6398125267078445,-6.445863345822639,22.122414464858675
2026-07-17T21:17:51.110+00:00,60.108233,1784323071066.786,1787,2,1,0.3508910557786854,-0.22660021178825163,0.4263206791101864,0.5636476191019517,-0.5256194346999975,-0.31113796057873766,23.97993924966939,6.6398125267078445,-6.445863345822639,22.122414464858675
2026-07-17T21:17:51.142+00:00,60.141319,1784323071100.127,1788,2,1,0.3257417781069287,-0.24518202556717528,0.40864596665511344,0.5403650066452539,-0.5255746322350797,-0.3236408494097862,22.264916729731294,4.311551281038062,-6.441383099330861,20.87212558175382
2026-07-17T21:17:51.177+00:00,60.175154,1784323071133.468,1789,2,1,0.35122530145938413,-0.23543686461428132,0.4380374241453845,0.5594862850184248,-0.5323318917684992,-0.29876433999656826,25.200527419955357,6.223679118355152,-7.117109052672804,23.359776523075617
2026-07-17T21:17:51.209+00:00,60.208521,1784323071166.808,1790,2,1,0.3508910557786854,-0.22660021178825163,0.4263206791101864,0.5681108660611671,-0.525781804146277,-0.2698743097702586,27.945849576294496,7.086137222629385,-6.462100290450584,26.24877954570658
2026-07-17T21:17:51.243+00:00,60.241757,1784323071200.149,1791,2,1,0.3257417781069287,-0.24518202556717528,0.40864596665511344,0.5380972621350679,-0.5311764661719718,-0.2888544739447592,25.664508567975783,4.084776830019465,-7.001566493020067,24.35076312825652
2026-07-17T21:17:51.277+00:00,60.275095,1784323071233.49,1792,2,1,0.349545571507008,-0.2436972644388787,0.4447191935329714,0.5539023974241664,-0.5380419077021323,-0.29155894913303054,25.904906099161987,5.665290358929309,-7.688110646036122,24.080315609429388
2026-07-17T21:17:51.309+00:00,60.308008,1784323071266.831,1793,2,1,0.3257417781069287,-0.24518202556717528,0.40864596665511344,0.5327880547376931,-0.5311557784237524,-0.32866512853353985,21.82996666418383,3.5538560902819816,-6.9994977181981275,20.369697669378457
2026-07-17T21:17:51.343+00:00,60.341668,1784323071300.172,1794,2,1,0.35122530145938413,-0.23543686461428132,0.4380374241453845,0.563327922014538,-0.5324620731900842,-0.2577097004747717,29.134888619746334,6.607842817966469,-7.130127194831309,27.46524047525527
2026-07-17T21:17:51.377+00:00,60.374705,1784323071333.513,1795,2,1,0.3508910557786854,-0.22660021178825163,0.4263206791101864,0.5731072036203141,-0.5196273630909339,-0.26910269613811905,28.01396927647914,7.5857709785440814,-5.846656184916283,26.325940908920536
2026-07-17T21:17:51.410+00:00,60.407882,1784323071366.854,1796,2,1,0.35122530145938413,-0.23543686461428132,0.4380374241453845,0.5594862850184248,-0.5323318917684992,-0.29876433999656826,25.200527419955357,6.223679118355152,-7.117109052672804,23.359776523075617
2026-07-17T21:17:51.444+00:00,60.441911,1784323071400.195,1797,2,1,0.3257417781069287,-0.24518202556717528,0.40864596665511344,0.5327880547376931,-0.5311557784237524,-0.32866512853353985,21.82996666418383,3.5538560902819816,-6.9994977181981275,20.369697669378457
2026-07-17T21:17:51.476+00:00,60.475031,1784323071433.536,1798,2,1,0.3508910557786854,-0.22660021178825163,0.4263206791101864,0.5636476191019517,-0.5256194346999975,-0.31113796057873766,23.97993924966939,6.6398125267078445,-6.445863345822639,22.122414464858675
2026-07-17T21:17:51.510+00:00,60.508328,1784323071466.877,1799,2,1,0.3508910557786854,-0.22660021178825163,0.4263206791101864,0.5636476191019517,-0.5256194346999975,-0.31113796057873766,23.97993924966939,6.6398125267078445,-6.445863345822639,22.122414464858675
2026-07-17T21:17:51.543+00:00,60.541816,1784323071500.217,1800,2,1,0.3257417781069287,-0.24518202556717528,0.40864596665511344,0.5380972621350679,-0.5311764661719718,-0.2888544739447592,25.664508567975783,4.084776830019465,-7.001566493020067,24.35076312825652
2026-07-17T21:17:51.577+00:00,60.57488,1784323071533.557,1801,2,1,0.35122530145938413,-0.23543686461428132,0.4380374241453845,0.5594862850184248,-0.5323318917684992,-0.29876433999656826,25.200527419955357,6.223679118355152,-7.117109052672804,23.359776523075617
2026-07-17T21:17:51.611+00:00,60.608402,1784323071566.897,1802,2,1,0.3508910557786854,-0.22660021178825163,0.4263206791101864,0.5636476191019517,-0.5256194346999975,-0.31113796057873766,23.97993924966939,6.6398125267078445,-6.445863345822639,22.122414464858675
2026-07-17T21:17:51.643+00:00,60.641719,1784323071600.237,1803,2,1,0.3508910557786854,-0.22660021178825163,0.4263206791101864,0.5731072036203141,-0.5196273630909339,-0.26910269613811905,28.01396927647914,7.5857709785440814,-5.846656184916283,26.325940908920536
2026-07-17T21:17:51.677+00:00,60.675061,1784323071633.576,1804,2,1,0.3508910557786854,-0.22660021178825163,0.4263206791101864,0.5636476191019517,-0.5256194346999975,-0.31113796057873766,23.97993924966939,6.6398125267078445,-6.445863345822639,22.122414464858675
2026-07-17T21:17:51.711+00:00,60.708947,1784323071666.916,1805,2,1,0.34519142396220404,-0.24713558056717977,0.4414083981473439,0.549946295391134,-0.5387082720015756,-0.2624723572016338,28.571146145171255,5.2696801556260775,-7.754747075980445,26.98897480256906
2026-07-17T21:17:51.743+00:00,60.741654,1784323071700.256,1806,2,1,0.3508910557786854,-0.22660021178825163,0.4263206791101864,0.5636476191019517,-0.5256194346999975,-0.31113796057873766,23.97993924966939,6.6398125267078445,-6.445863345822639,22.122414464858675
2026-07-17T21:17:51.777+00:00,60.775584,1784323071733.596,1807,2,1,0.3508910557786854,-0.22660021178825163,0.4263206791101864,0.5636476191019517,-0.5256194346999975,-0.31113796057873766,23.97993924966939,6.6398125267078445,-6.445863345822639,22.122414464858675
2026-07-17T21:17:51.809+00:00,60.808397,1784323071766.936,1808,2,1,0.3257417781069287,-0.24518202556717528,0.40864596665511344,0.5327880547376931,-0.5311557784237524,-0.32866512853353985,21.82996666418383,3.5538560902819816,-6.9994977181981275,20.369697669378457
2026-07-17T21:17:51.843+00:00,60.841878,1784323071800.276,1809,2,1,0.3257417781069287,-0.24518202556717528,0.40864596665511344,0.5397023028982215,-0.522760804587374,-0.3300185003232985,21.573070216152345,4.245280906334825,-6.160000334560284,20.234360490402594
2026-07-17T21:17:51.877+00:00,60.875396,1784323071833.616,1810,2,1,0.34531195093757594,-0.25258006842029157,0.44967673614284953,0.5458049409760419,-0.5432102146189948,-0.2861622111265382,26.40153888277418,4.855544714116866,-8.204941337722365,24.61998941007862
2026-07-17T21:17:51.911+00:00,60.908794,1784323071866.956,1811,2,1,0.3257417781069287,-0.24518202556717528,0.40864596665511344,0.5327880547376931,-0.5311557784237524,-0.32866512853353985,21.82996666418383,3.5538560902819816,-6.9994977181981275,20.369697669378457
2026-07-17T21:17:51.945+00:00,60.942581,1784323071900.296,1812,2,1,0.3508910557786854,-0.22660021178825163,0.4263206791101864,0.5681108660611671,-0.525781804146277,-0.2698743097702586,27.945849576294496,7.086137222629385,-6.462100290450584,26.24877954570658
2026-07-17T21:17:51.977+00:00,60.975491,1784323071933.636,1813,2,1,0.35122530145938413,-0.23543686461428132,0.4380374241453845,0.563327922014538,-0.5324620731900842,-0.2577097004747717,29.134888619746334,6.607842817966469,-7.130127194831309,27.46524047525527
2026-07-17T21:17:52.010+00:00,61.008668,1784323071966.976,1814,2,1,0.35122530145938413,-0.23543686461428132,0.4380374241453845,0.5594862850184248,-0.5323318917684992,-0.29876433999656826,25.200527419955357,6.223679118355152,-7.117109052672804,23.359776523075617
2026-07-17T21:17:52.044+00:00,61.042004,1784323072000.316,1815,2,1,0.35122530145938413,-0.23543686461428132,0.4380374241453845,0.5594862850184248,-0.5323318917684992,-0.29876433999656826,25.200527419955357,6.223679118355152,-7.117109052672804,23.359776523075617
2026-07-17T21:17:52.077+00:00,61.075266,1784323072033.656,1816,2,1,0.34519142396220404,-0.24713558056717977,0.4414083981473439,0.5520841231041201,-0.5392867298734187,-0.2542991073392352,29.398899313777807,5.4834629269246875,-7.812592863164763,27.806299788808918
2026-07-17T21:17:52.110+00:00,61.108222,1784323072066.995,1817,2,1,0.3257417781069287,-0.24518202556717528,0.40864596665511344,0.5327880547376931,-0.5311557784237524,-0.32866512853353985,21.82996666418383,3.5538560902819816,-6.9994977181981275,20.369697669378457
2026-07-17T21:17:52.144+00:00,61.141821,1784323072100.335,1818,2,1,0.35122530145938413,-0.23543686461428132,0.4380374241453845,0.563327922014538,-0.5324620731900842,-0.2577097004747717,29.134888619746334,6.607842817966469,-7.130127194831309,27.46524047525527
2026-07-17T21:17:52.177+00:00,61.175711,1784323072133.675,1819,2,1,0.3257417781069287,-0.24518202556717528,0.40864596665511344,0.5327880547376931,-0.5311557784237524,-0.32866512853353985,21.82996666418383,3.5538560902819816,-6.9994977181981275,20.369697669378457
2026-07-17T21:17:52.210+00:00,61.208677,1784323072167.014,1820,2,1,0.3508910557786854,-0.22660021178825163,0.4263206791101864,0.5636476191019517,-0.5256194346999975,-0.31113796057873766,23.97993924966939,6.6398125267078445,-6.445863345822639,22.122414464858675
2026-07-17T21:17:52.244+00:00,61.241939,1784323072200.354,1821,2,1,0.3508910557786854,-0.22660021178825163,0.4263206791101864,0.5731072036203141,-0.5196273630909339,-0.26910269613811905,28.01396927647914,7.5857709785440814,-5.846656184916283,26.325940908920536
2026-07-17T21:17:52.277+00:00,61.275158,1784323072233.694,1822,2,1,0.3257417781069287,-0.24518202556717528,0.40864596665511344,0.5327880547376931,-0.5311557784237524,-0.32866512853353985,21.82996666418383,3.5538560902819816,-6.9994977181981275,20.369697669378457
2026-07-17T21:17:52.309+00:00,61.308371,1784323072267.034,1823,2,1,0.34531195093757594,-0.25258006842029157,0.44967673614284953,0.5458049409760419,-0.5432102146189948,-0.2861622111265382,26.40153888277418,4.855544714116866,-8.204941337722365,24.61998941007862
2026-07-17T21:17:52.344+00:00,61.342199,1784323072300.374,1824,2,1,0.35122530145938413,-0.23543686461428132,0.4380374241453845,0.563327922014538,-0.5324620731900842,-0.2577097004747717,29.134888619746334,6.607842817966469,-7.130127194831309,27.46524047525527
2026-07-17T21:17:52.377+00:00,61.374875,1784323072333.714,1825,2,1,0.35122530145938413,-0.23543686461428132,0.4380374241453845,0.563327922014538,-0.5324620731900842,-0.2577097004747717,29.134888619746334,6.607842817966469,-7.130127194831309,27.46524047525527
2026-07-17T21:17:52.410+00:00,61.408879,1784323072367.054,1826,2,1,0.349545571507008,-0.2436972644388787,0.4447191935329714,0.5573764869839518,-0.5381372338832151,-0.25077610744461293,29.804580291397713,6.012699314907854,-7.697643264144399,28.15859977827115
2026-07-17T21:17:52.444+00:00,61.442081,1784323072400.394,1827,2,1,0.3257417781069287,-0.24518202556717528,0.40864596665511344,0.5327880547376931,-0.5311557784237524,-0.32866512853353985,21.82996666418383,3.5538560902819816,-6.9994977181981275,20.369697669378457
2026-07-17T21:17:52.477+00:00,61.475489,1784323072433.734,1828,2,1,0.3508910557786854,-0.22660021178825163,0.4263206791101864,0.5681108660611671,-0.525781804146277,-0.2698743097702586,27.945849576294496,7.086137222629385,-6.462100290450584,26.24877954570658
2026-07-17T21:17:52.510+00:00,61.508274,1784323072467.074,1829,2,1,0.35626927701780553,-0.25217732072445753,0.4707569946873814,0.5574839590631824,-0.5462754797887182,-0.22377899532696488,32.572417015209034,6.023446522830911,-8.511467854694704,30.858310990035953
2026-07-17T21:17:52.543+00:00,61.541413,1784323072500.413,1830,2,1,0.35122530145938413,-0.23543686461428132,0.4380374241453845,0.5594862850184248,-0.5323318917684992,-0.29876433999656826,25.200527419955357,6.223679118355152,-7.117109052672804,23.359776523075617
2026-07-17T21:17:52.577+00:00,61.575241,1784323072533.752,1831,2,1,0.3508910557786854,-0.22660021178825163,0.4263206791101864,0.5636476191019517,-0.5256194346999975,-0.31113796057873766,23.97993924966939,6.6398125267078445,-6.445863345822639,22.122414464858675
2026-07-17T21:17:52.609+00:00,61.608238,1784323072567.092,1832,2,1,0.35122530145938413,-0.23543686461428132,0.4380374241453845,0.5594862850184248,-0.5323318917684992,-0.29876433999656826,25.200527419955357,6.223679118355152,-7.117109052672804,23.359776523075617
2026-07-17T21:17:52.643+00:00,61.64191,1784323072600.432,1833,2,1,0.34519142396220404,-0.24713558056717977,0.4414083981473439,0.5484534421627298,-0.5392162717202612,-0.2948257121237197,25.522154855076494,5.120394832785657,-7.80554704784901,23.75363931036047
2026-07-17T21:17:52.677+00:00,61.675407,1784323072633.772,1834,2,1,0.34531195093757594,-0.25258006842029157,0.44967673614284953,0.5490037074332281,-0.5432594947634908,-0.24576971308377193,30.257873907087582,5.175421359835486,-8.209869352171967,28.659239214355246
2026-07-17T21:17:52.711+00:00,61.70835,1784323072667.112,1835,2,1,0.3508910557786854,-0.22660021178825163,0.4263206791101864,0.5681108660611671,-0.525781804146277,-0.2698743097702586,27.945849576294496,7.086137222629385,-6.462100290450584,26.24877954570658
2026-07-17T21:17:52.743+00:00,61.741282,1784323072700.452,1836,2,1,0.35122530145938413,-0.23543686461428132,0.4380374241453845,0.563327922014538,-0.5324620731900842,-0.2577097004747717,29.134888619746334,6.607842817966469,-7.130127194831309,27.46524047525527
2026-07-17T21:17:52.778+00:00,61.775465,1784323072733.792,1837,2,1,0.3508910557786854,-0.22660021178825163,0.4263206791101864,0.5681108660611671,-0.525781804146277,-0.2698743097702586,27.945849576294496,7.086137222629385,-6.462100290450584,26.24877954570658
2026-07-17T21:17:52.810+00:00,61.808947,1784323072767.131,1838,2,1,0.3508910557786854,-0.22660021178825163,0.4263206791101864,0.5636476191019517,-0.5256194346999975,-0.31113796057873766,23.97993924966939,6.6398125267078445,-6.445863345822639,22.122414464858675
2026-07-17T21:17:52.844+00:00,61.842867,1784323072800.471,1839,2,1,0.3257417781069287,-0.24518202556717528,0.40864596665511344,0.5327880547376931,-0.5311557784237524,-0.32866512853353985,21.82996666418383,3.5538560902819816,-6.9994977181981275,20.369697669378457
2026-07-17T21:17:52.877+00:00,61.875306,1784323072833.811,1840,2,1,0.3551433233138136,-0.2522692685511808,0.4695015676695752,0.5543291776947381,-0.5458468206797901,-0.26590975149157653,28.53535859405288,5.707968385986484,-8.468601943801895,26.64523537357479
2026-07-17T21:17:52.911+00:00,61.908889,1784323072867.151,1841,2,1,0.349545571507008,-0.2436972644388787,0.4447191935329714,0.5539023974241664,-0.5380419077021323,-0.29155894913303054,25.904906099161987,5.665290358929309,-7.688110646036122,24.080315609429388
2026-07-17T21:17:52.945+00:00,61.942124,1784323072900.49,1842,2,1,0.35122530145938413,-0.23543686461428132,0.4380374241453845,0.563327922014538,-0.5324620731900842,-0.2577097004747717,29.134888619746334,6.607842817966469,-7.130127194831309,27.46524047525527
2026-07-17T21:17:52.976+00:00,61.975056,1784323072933.829,1843,2,1,0.3508910557786854,-0.22660021178825163,0.4263206791101864,0.5636476191019517,-0.5256194346999975,-0.31113796057873766,23.97993924966939,6.6398125267078445,-6.445863345822639,22.122414464858675
2026-07-17T21:17:53.010+00:00,62.008973,1784323072967.169,1844,2,1,0.349545571507008,-0.2436972644388787,0.4447191935329714,0.5573764869839518,-0.5381372338832151,-0.25077610744461293,29.804580291397713,6.012699314907854,-7.697643264144399,28.15859977827115
2026-07-17T21:17:53.044+00:00,62.042694,1784323073000.509,1845,2,1,0.3257417781069287,-0.24518202556717528,0.40864596665511344,0.5327880547376931,-0.5311557784237524,-0.32866512853353985,21.82996666418383,3.5538560902819816,-6.9994977181981275,20.369697669378457
2026-07-17T21:17:53.077+00:00,62.075659,1784323073033.849,1846,2,1,0.3508910557786854,-0.22660021178825163,0.4263206791101864,0.5681108660611671,-0.525781804146277,-0.2698743097702586,27.945849576294496,7.086137222629385,-6.462100290450584,26.24877954570658
2026-07-17T21:17:53.110+00:00,62.109107,1784323073067.188,1847,2,1,0.35122530145938413,-0.23543686461428132,0.4380374241453845,0.5594862850184248,-0.5323318917684992,-0.29876433999656826,25.200527419955357,6.223679118355152,-7.117109052672804,23.359776523075617
2026-07-17T21:17:53.144+00:00,62.142483,1784323073100.528,1848,2,1,0.35122530145938413,-0.23543686461428132,0.4380374241453845,0.5594862850184248,-0.5323318917684992,-0.29876433999656826,25.200527419955357,6.223679118355152,-7.117109052672804,23.359776523075617
2026-07-17T21:17:53.177+00:00,62.175045,1784323073133.868,1849,2,1,0.3508910557786854,-0.22660021178825163,0.4263206791101864,0.5636476191019517,-0.5256194346999975,-0.31113796057873766,23.97993924966939,6.6398125267078445,-6.445863345822639,22.122414464858675
2026-07-17T21:17:53.210+00:00,62.208833,1784323073167.208,1850,2,1,0.349545571507008,-0.2436972644388787,0.4447191935329714,0.5573764869839518,-0.5381372338832151,-0.25077610744461293,29.804580291397713,6.012699314907854,-7.697643264144399,28.15859977827115
2026-07-17T21:17:53.242+00:00,62.24164,1784323073200.548,1851,2,1,0.3257417781069287,-0.24518202556717528,0.40864596665511344,0.5327880547376931,-0.5311557784237524,-0.32866512853353985,21.82996666418383,3.5538560902819816,-6.9994977181981275,20.369697669378457
2026-07-17T21:17:53.276+00:00,62.275175,1784323073233.887,1852,2,1,0.35122530145938413,-0.23543686461428132,0.4380374241453845,0.563327922014538,-0.5324620731900842,-0.2577097004747717,29.134888619746334,6.607842817966469,-7.130127194831309,27.46524047525527
2026-07-17T21:17:53.310+00:00,62.308802,1784323073267.227,1853,2,1,0.3508910557786854,-0.22660021178825163,0.4263206791101864,0.5681108660611671,-0.525781804146277,-0.2698743097702586,27.945849576294496,7.086137222629385,-6.462100290450584,26.24877954570658
2026-07-17T21:17:53.342+00:00,62.341401,1784323073300.567,1854,2,1,0.3508910557786854,-0.22660021178825163,0.4263206791101864,0.5681108660611671,-0.525781804146277,-0.2698743097702586,27.945849576294496,7.086137222629385,-6.462100290450584,26.24877954570658
2026-07-17T21:17:53.378+00:00,62.375752,1784323073333.907,1855,2,1,0.3257417781069287,-0.24518202556717528,0.40864596665511344,0.5380972621350679,-0.5311764661719718,-0.2888544739447592,25.664508567975783,4.084776830019465,-7.001566493020067,24.35076312825652
2026-07-17T21:17:53.410+00:00,62.409302,1784323073367.247,1856,2,1,0.349545571507008,-0.2436972644388787,0.4447191935329714,0.5539023974241664,-0.5380419077021323,-0.29155894913303054,25.904906099161987,5.665290358929309,-7.688110646036122,24.080315609429388
2026-07-17T21:17:53.444+00:00,62.442345,1784323073400.585,1857,2,1,0.349545571507008,-0.2436972644388787,0.4447191935329714,0.5573764869839518,-0.5381372338832151,-0.25077610744461293,29.804580291397713,6.012699314907854,-7.697643264144399,28.15859977827115
2026-07-17T21:17:53.477+00:00,62.475584,1784323073433.925,1858,2,1,0.349545571507008,-0.2436972644388787,0.4447191935329714,0.5600046382532791,-0.5305591410448743,-0.2926406469760345,25.733385953761875,6.2755144418405795,-6.939833980310323,23.972145825128994
2026-07-17T21:17:53.511+00:00,62.508567,1784323073467.265,1859,2,1,0.35122530145938413,-0.23543686461428132,0.4380374241453845,0.5680746961155629,-0.5265680556195592,-0.2571871213303143,29.157433008764862,7.082520228068967,-6.540725437778811,27.51749838970101
2026-07-17T21:17:53.544+00:00,62.542167,1784323073500.605,1860,2,1,0.3257417781069287,-0.24518202556717528,0.40864596665511344,0.5327880547376931,-0.5311557784237524,-0.32866512853353985,21.82996666418383,3.5538560902819816,-6.9994977181981275,20.369697669378457
2026-07-17T21:17:53.577+00:00,62.575609,1784323073533.945,1861,2,1,0.3257417781069287,-0.24518202556717528,0.40864596665511344,0.5327880547376931,-0.5311557784237524,-0.32866512853353985,21.82996666418383,3.5538560902819816,-6.9994977181981275,20.369697669378457
2026-07-17T21:17:53.610+00:00,62.608847,1784323073567.284,1862,2,1,0.349545571507008,-0.2436972644388787,0.4447191935329714,0.5539023974241664,-0.5380419077021323,-0.29155894913303054,25.904906099161987,5.665290358929309,-7.688110646036122,24.080315609429388
2026-07-17T21:17:53.645+00:00,62.642203,1784323073600.624,1863,2,1,0.3508910557786854,-0.22660021178825163,0.4263206791101864,0.5701700721789988,-0.5176614109456675,-0.31169156248209123,23.917612355423266,7.2920578344125575,-5.650060970389642,22.06705427452332
2026-07-17T21:17:53.678+00:00,62.676254,1784323073633.964,1864,2,1,0.3257417781069287,-0.24518202556717528,0.40864596665511344,0.5380972621350679,-0.5311764661719718,-0.2888544739447592,25.664508567975783,4.084776830019465,-7.001566493020067,24.35076312825652
2026-07-17T21:17:53.711+00:00,62.709363,1784323073667.303,1865,2,1,0.34531195093757594,-0.25258006842029157,0.44967673614284953,0.5469421046092322,-0.5426906894235156,-0.25392030615140254,29.435745906148828,4.969261077435894,-8.15298881817445,27.84417990759219
2026-07-17T21:17:53.744+00:00,62.743079,1784323073700.643,1866,2,1,0.3257417781069287,-0.24518202556717528,0.40864596665511344,0.5434935772596328,-0.5246012781762949,-0.2888120526367165,25.58902840718339,4.62440834247595,-6.344047693452376,24.355005259060793
2026-07-17T21:17:53.778+00:00,62.775866,1784323073733.983,1867,2,1,0.349545571507008,-0.2436972644388787,0.4447191935329714,0.5539023974241664,-0.5380419077021323,-0.29155894913303054,25.904906099161987,5.665290358929309,-7.688110646036122,24.080315609429388
2026-07-17T21:17:53.810+00:00,62.808831,1784323073767.323,1868,2,1,0.3508910557786854,-0.22660021178825163,0.4263206791101864,0.5681108660611671,-0.525781804146277,-0.2698743097702586,27.945849576294496,7.086137222629385,-6.462100290450584,26.24877954570658
2026-07-17T21:17:53.844+00:00,62.842341,1784323073800.663,1869,2,1,0.35122530145938413,-0.23543686461428132,0.4380374241453845,0.5594862850184248,-0.5323318917684992,-0.29876433999656826,25.200527419955357,6.223679118355152,-7.117109052672804,23.359776523075617
2026-07-17T21:17:53.877+00:00,62.875455,1784323073834.001,1870,2,1,0.3508910557786854,-0.22660021178825163,0.4263206791101864,0.5701700721789988,-0.5176614109456675,-0.31169156248209123,23.917612355423266,7.2920578344125575,-5.650060970389642,22.06705427452332
2026-07-17T21:17:53.911+00:00,62.909073,1784323073867.341,1871,2,1,0.3257417781069287,-0.24518202556717528,0.40864596665511344,0.5380972621350679,-0.5311764661719718,-0.2888544739447592,25.664508567975783,4.084776830019465,-7.001566493020067,24.35076312825652
2026-07-17T21:17:53.944+00:00,62.942603,1784323073900.681,1872,2,1,0.3257417781069287,-0.24518202556717528,0.40864596665511344,0.5380972621350679,-0.5311764661719718,-0.2888544739447592,25.664508567975783,4.084776830019465,-7.001566493020067,24.35076312825652
2026-07-17T21:17:53.977+00:00,62.975642,1784323073934.02,1873,2,1,0.3257417781069287,-0.24518202556717528,0.40864596665511344,0.5327880547376931,-0.5311557784237524,-0.32866512853353985,21.82996666418383,3.5538560902819816,-6.9994977181981275,20.369697669378457
2026-07-17T21:17:54.010+00:00,63.00883,1784323073967.36,1874,2,1,0.35122530145938413,-0.23543686461428132,0.4380374241453845,0.5594862850184248,-0.5323318917684992,-0.29876433999656826,25.200527419955357,6.223679118355152,-7.117109052672804,23.359776523075617
2026-07-17T21:17:54.044+00:00,63.042449,1784323074000.7,1875,2,1,0.3257417781069287,-0.24518202556717528,0.40864596665511344,0.5327880547376931,-0.5311557784237524,-0.32866512853353985,21.82996666418383,3.5538560902819816,-6.9994977181981275,20.369697669378457
2026-07-17T21:17:54.078+00:00,63.075825,1784323074034.04,1876,2,1,0.35122530145938413,-0.23543686461428132,0.4380374241453845,0.5594862850184248,-0.5323318917684992,-0.29876433999656826,25.200527419955357,6.223679118355152,-7.117109052672804,23.359776523075617
2026-07-17T21:17:54.112+00:00,63.109769,1784323074067.379,1877,2,1,0.3508910557786854,-0.22660021178825163,0.4263206791101864,0.5701700721789988,-0.5176614109456675,-0.31169156248209123,23.917612355423266,7.2920578344125575,-5.650060970389642,22.06705427452332
2026-07-17T21:17:54.144+00:00,63.142473,1784323074100.719,1878,2,1,0.349545571507008,-0.2436972644388787,0.4447191935329714,0.5539023974241664,-0.5380419077021323,-0.29155894913303054,25.904906099161987,5.665290358929309,-7.688110646036122,24.080315609429388
2026-07-17T21:17:54.177+00:00,63.176398,1784323074134.058,1879,2,1,0.349545571507008,-0.2436972644388787,0.4447191935329714,0.5539023974241664,-0.5380419077021323,-0.29155894913303054,25.904906099161987,5.665290358929309,-7.688110646036122,24.080315609429388
2026-07-17T21:17:54.211+00:00,63.210007,1784323074167.398,1880,2,1,0.3257417781069287,-0.24518202556717528,0.40864596665511344,0.5434935772596328,-0.5246012781762949,-0.2888120526367165,25.58902840718339,4.62440834247595,-6.344047693452376,24.355005259060793
2026-07-17T21:17:54.243+00:00,63.24298,1784323074200.738,1881,2,1,0.35122530145938413,-0.23543686461428132,0.4380374241453845,0.5594862850184248,-0.5323318917684992,-0.29876433999656826,25.200527419955357,6.223679118355152,-7.117109052672804,23.359776523075617
2026-07-17T21:17:54.277+00:00,63.275446,1784323074234.077,1882,2,1,0.3257417781069287,-0.24518202556717528,0.40864596665511344,0.5327880547376931,-0.5311557784237524,-0.32866512853353985,21.82996666418383,3.5538560902819816,-6.9994977181981275,20.369697669378457
2026-07-17T21:17:54.312+00:00,63.309588,1784323074267.417,1883,2,1,0.3508910557786854,-0.22660021178825163,0.4263206791101864,0.5636476191019517,-0.5256194346999975,-0.31113796057873766,23.97993924966939,6.6398125267078445,-6.445863345822639,22.122414464858675
2026-07-17T21:17:54.344+00:00,63.342469,1784323074300.756,1884,2,1,0.3257417781069287,-0.24518202556717528,0.40864596665511344,0.5434935772596328,-0.5246012781762949,-0.2888120526367165,25.58902840718339,4.62440834247595,-6.344047693452376,24.355005259060793
2026-07-17T21:17:54.377+00:00,63.37558,1784323074334.095,1885,2,1,0.3508910557786854,-0.22660021178825163,0.4263206791101864,0.5636476191019517,-0.5256194346999975,-0.31113796057873766,23.97993924966939,6.6398125267078445,-6.445863345822639,22.122414464858675
2026-07-17T21:17:54.410+00:00,63.408797,1784323074367.435,1886,2,1,0.3508910557786854,-0.22660021178825163,0.4263206791101864,0.5636476191019517,-0.5256194346999975,-0.31113796057873766,23.97993924966939,6.6398125267078445,-6.445863345822639,22.122414464858675
2026-07-17T21:17:54.444+00:00,63.443123,1784323074400.775,1887,2,1,0.3257417781069287,-0.24518202556717528,0.40864596665511344,0.5327880547376931,-0.5311557784237524,-0.32866512853353985,21.82996666418383,3.5538560902819816,-6.9994977181981275,20.369697669378457
2026-07-17T21:17:54.478+00:00,63.476131,1784323074434.114,1888,2,1,0.3508910557786854,-0.22660021178825163,0.4263206791101864,0.5681108660611671,-0.525781804146277,-0.2698743097702586,27.945849576294496,7.086137222629385,-6.462100290450584,26.24877954570658
2026-07-17T21:17:54.511+00:00,63.508777,1784323074467.454,1889,2,1,0.3508910557786854,-0.22660021178825163,0.4263206791101864,0.5636476191019517,-0.5256194346999975,-0.31113796057873766,23.97993924966939,6.6398125267078445,-6.445863345822639,22.122414464858675
2026-07-17T21:17:54.544+00:00,63.541682,1784323074500.794,1890,2,1,0.349545571507008,-0.2436972644388787,0.4447191935329714,0.5539023974241664,-0.5380419077021323,-0.29155894913303054,25.904906099161987,5.665290358929309,-7.688110646036122,24.080315609429388
2026-07-17T21:17:54.577+00:00,63.575726,1784323074534.135,1891,2,1,0.35122530145938413,-0.23543686461428132,0.4380374241453845,0.563327922014538,-0.5324620731900842,-0.2577097004747717,29.134888619746334,6.607842817966469,-7.130127194831309,27.46524047525527
2026-07-17T21:17:54.611+00:00,63.609127,1784323074567.475,1892,2,1,0.3508910557786854,-0.22660021178825163,0.4263206791101864,0.5681108660611671,-0.525781804146277,-0.2698743097702586,27.945849576294496,7.086137222629385,-6.462100290450584,26.24877954570658
2026-07-17T21:17:54.643+00:00,63.642271,1784323074600.815,1893,2,1,0.3508910557786854,-0.22660021178825163,0.4263206791101864,0.5681108660611671,-0.525781804146277,-0.2698743097702586,27.945849576294496,7.086137222629385,-6.462100290450584,26.24877954570658
2026-07-17T21:17:54.677+00:00,63.676148,1784323074634.156,1894,2,1,0.3257417781069287,-0.24518202556717528,0.40864596665511344,0.5380972621350679,-0.5311764661719718,-0.2888544739447592,25.664508567975783,4.084776830019465,-7.001566493020067,24.35076312825652
2026-07-17T21:17:54.711+00:00,63.709173,1784323074667.496,1895,2,1,0.349545571507008,-0.2436972644388787,0.4447191935329714,0.5539023974241664,-0.5380419077021323,-0.29155894913303054,25.904906099161987,5.665290358929309,-7.688110646036122,24.080315609429388
2026-07-17T21:17:54.743+00:00,63.741911,1784323074700.836,1896,2,1,0.3508910557786854,-0.22660021178825163,0.4263206791101864,0.5636476191019517,-0.5256194346999975,-0.31113796057873766,23.97993924966939,6.6398125267078445,-6.445863345822639,22.122414464858675
2026-07-17T21:17:54.776+00:00,63.775922,1784323074734.176,1897,2,1,0.3508910557786854,-0.22660021178825163,0.4263206791101864,0.5636476191019517,-0.5256194346999975,-0.31113796057873766,23.97993924966939,6.6398125267078445,-6.445863345822639,22.122414464858675
2026-07-17T21:17:54.810+00:00,63.809103,1784323074767.516,1898,2,1,0.3508910557786854,-0.22660021178825163,0.4263206791101864,0.5681108660611671,-0.525781804146277,-0.2698743097702586,27.945849576294496,7.086137222629385,-6.462100290450584,26.24877954570658
2026-07-17T21:17:54.844+00:00,63.842675,1784323074800.856,1899,2,1,0.3257417781069287,-0.24518202556717528,0.40864596665511344,0.5327880547376931,-0.5311557784237524,-0.32866512853353985,21.82996666418383,3.5538560902819816,-6.9994977181981275,20.369697669378457
2026-07-17T21:17:54.878+00:00,63.875952,1784323074834.197,1900,2,1,0.3257417781069287,-0.24518202556717528,0.40864596665511344,0.5434935772596328,-0.5246012781762949,-0.2888120526367165,25.58902840718339,4.62440834247595,-6.344047693452376,24.355005259060793
2026-07-17T21:17:54.911+00:00,63.90892,1784323074867.537,1901,2,1,0.3257417781069287,-0.24518202556717528,0.40864596665511344,0.5380972621350679,-0.5311764661719718,-0.2888544739447592,25.664508567975783,4.084776830019465,-7.001566493020067,24.35076312825652
2026-07-17T21:17:54.944+00:00,63.942417,1784323074900.877,1902,2,1,0.349545571507008,-0.2436972644388787,0.4447191935329714,0.5539023974241664,-0.5380419077021323,-0.29155894913303054,25.904906099161987,5.665290358929309,-7.688110646036122,24.080315609429388
2026-07-17T21:17:54.976+00:00,63.975749,1784323074934.218,1903,2,1,0.35122530145938413,-0.23543686461428132,0.4380374241453845,0.565742271695076,-0.5246748928651113,-0.29958016612151867,25.082410495724723,6.849277786020269,-6.351409162334015,23.278193910580576
2026-07-17T21:17:55.011+00:00,64.008891,1784323074967.558,1904,2,1,0.3257417781069287,-0.24518202556717528,0.40864596665511344,0.5327880547376931,-0.5311557784237524,-0.32866512853353985,21.82996666418383,3.5538560902819816,-6.9994977181981275,20.369697669378457
2026-07-17T21:17:55.044+00:00,64.042038,1784323075000.898,1905,2,1,0.3508910557786854,-0.22660021178825163,0.4263206791101864,0.5658390709444652,-0.5251950446133299,-0.278177095666162,27.095190255439967,6.85895771095919,-6.403424337155878,25.41850095611624
2026-07-17T21:17:55.078+00:00,64.076087,1784323075034.239,1906,2,1,0.3508910557786854,-0.22660021178825163,0.4263206791101864,0.5681108660611671,-0.525781804146277,-0.2698743097702586,27.945849576294496,7.086137222629385,-6.462100290450584,26.24877954570658
2026-07-17T21:17:55.111+00:00,64.108645,1784323075067.579,1907,2,1,0.3257417781069287,-0.24518202556717528,0.40864596665511344,0.5434935772596328,-0.5246012781762949,-0.2888120526367165,25.58902840718339,4.62440834247595,-6.344047693452376,24.355005259060793
2026-07-17T21:17:55.144+00:00,64.142665,1784323075100.919,1908,2,1,0.3508910557786854,-0.22660021178825163,0.4263206791101864,0.5636476191019517,-0.5256194346999975,-0.31113796057873766,23.97993924966939,6.6398125267078445,-6.445863345822639,22.122414464858675
2026-07-17T21:17:55.178+00:00,64.175739,1784323075134.26,1909,2,1,0.35122530145938413,-0.23543686461428132,0.4380374241453845,0.5594862850184248,-0.5323318917684992,-0.29876433999656826,25.200527419955357,6.223679118355152,-7.117109052672804,23.359776523075617
2026-07-17T21:17:55.210+00:00,64.209423,1784323075167.599,1910,2,1,0.3508910557786854,-0.22660021178825163,0.4263206791101864,0.5681108660611671,-0.525781804146277,-0.2698743097702586,27.945849576294496,7.086137222629385,-6.462100290450584,26.24877954570658
2026-07-17T21:17:55.244+00:00,64.243272,1784323075200.939,1911,2,1,0.3508910557786854,-0.22660021178825163,0.4263206791101864,0.5681108660611671,-0.525781804146277,-0.2698743097702586,27.945849576294496,7.086137222629385,-6.462100290450584,26.24877954570658
2026-07-17T21:17:55.279+00:00,64.277153,1784323075234.28,1912,2,1,0.3257417781069287,-0.24518202556717528,0.40864596665511344,0.5327880547376931,-0.5311557784237524,-0.32866512853353985,21.82996666418383,3.5538560902819816,-6.9994977181981275,20.369697669378457
2026-07-17T21:17:55.311+00:00,64.309326,1784323075267.62,1913,2,1,0.3508910557786854,-0.22660021178825163,0.4263206791101864,0.5701700721789988,-0.5176614109456675,-0.31169156248209123,23.917612355423266,7.2920578344125575,-5.650060970389642,22.06705427452332
2026-07-17T21:17:55.345+00:00,64.344279,1784323075300.96,1914,2,1,0.3508910557786854,-0.22660021178825163,0.4263206791101864,0.5731072036203141,-0.5196273630909339,-0.26910269613811905,28.01396927647914,7.5857709785440814,-5.846656184916283,26.325940908920536
2026-07-17T21:17:55.378+00:00,64.376456,1784323075334.301,1915,2,1,0.35122530145938413,-0.23543686461428132,0.4380374241453845,0.5594862850184248,-0.5323318917684992,-0.29876433999656826,25.200527419955357,6.223679118355152,-7.117109052672804,23.359776523075617
2026-07-17T21:17:55.410+00:00,64.409111,1784323075367.641,1916,2,1,0.3508910557786854,-0.22660021178825163,0.4263206791101864,0.5681108660611671,-0.525781804146277,-0.2698743097702586,27.945849576294496,7.086137222629385,-6.462100290450584,26.24877954570658
2026-07-17T21:17:55.444+00:00,64.44282,1784323075400.981,1917,2,1,0.3257417781069287,-0.24518202556717528,0.40864596665511344,0.5327880547376931,-0.5311557784237524,-0.32866512853353985,21.82996666418383,3.5538560902819816,-6.9994977181981275,20.369697669378457
2026-07-17T21:17:55.478+00:00,64.475678,1784323075434.322,1918,2,1,0.349545571507008,-0.2436972644388787,0.4447191935329714,0.5573764869839518,-0.5381372338832151,-0.25077610744461293,29.804580291397713,6.012699314907854,-7.697643264144399,28.15859977827115
2026-07-17T21:17:55.510+00:00,64.508979,1784323075467.662,1919,2,1,0.349545571507008,-0.2436972644388787,0.4447191935329714,0.5573764869839518,-0.5381372338832151,-0.25077610744461293,29.804580291397713,6.012699314907854,-7.697643264144399,28.15859977827115
2026-07-17T21:17:55.545+00:00,64.542637,1784323075501.002,1920,2,1,0.3257417781069287,-0.24518202556717528,0.40864596665511344,0.5327880547376931,-0.5311557784237524,-0.32866512853353985,21.82996666418383,3.5538560902819816,-6.9994977181981275,20.369697669378457
2026-07-17T21:17:55.579+00:00,64.576291,1784323075534.343,1921,2,1,0.3508910557786854,-0.22660021178825163,0.4263206791101864,0.5681108660611671,-0.525781804146277,-0.2698743097702586,27.945849576294496,7.086137222629385,-6.462100290450584,26.24877954570658
2026-07-17T21:17:55.612+00:00,64.609704,1784323075567.683,1922,2,1,0.349545571507008,-0.2436972644388787,0.4447191935329714,0.5573764869839518,-0.5381372338832151,-0.25077610744461293,29.804580291397713,6.012699314907854,-7.697643264144399,28.15859977827115
2026-07-17T21:17:55.644+00:00,64.642211,1784323075601.023,1923,2,1,0.3508910557786854,-0.22660021178825163,0.4263206791101864,0.5636476191019517,-0.5256194346999975,-0.31113796057873766,23.97993924966939,6.6398125267078445,-6.445863345822639,22.122414464858675
2026-07-17T21:17:55.677+00:00,64.676494,1784323075634.363,1924,2,1,0.3257417781069287,-0.24518202556717528,0.40864596665511344,0.5397023028982215,-0.522760804587374,-0.3300185003232985,21.573070216152345,4.245280906334825,-6.160000334560284,20.234360490402594
2026-07-17T21:17:55.711+00:00,64.709069,1784323075667.703,1925,2,1,0.3257417781069287,-0.24518202556717528,0.40864596665511344,0.5327880547376931,-0.5311557784237524,-0.32866512853353985,21.82996666418383,3.5538560902819816,-6.9994977181981275,20.369697669378457
2026-07-17T21:17:55.745+00:00,64.742172,1784323075701.044,1926,2,1,0.349545571507008,-0.2436972644388787,0.4447191935329714,0.5539023974241664,-0.5380419077021323,-0.29155894913303054,25.904906099161987,5.665290358929309,-7.688110646036122,24.080315609429388
2026-07-17T21:17:55.779+00:00,64.776398,1784323075734.384,1927,2,1,0.3508910557786854,-0.22660021178825163,0.4263206791101864,0.5731072036203141,-0.5196273630909339,-0.26910269613811905,28.01396927647914,7.5857709785440814,-5.846656184916283,26.325940908920536
2026-07-17T21:17:55.811+00:00,64.80894,1784323075767.725,1928,2,1,0.3257417781069287,-0.24518202556717528,0.40864596665511344,0.5380972621350679,-0.5311764661719718,-0.2888544739447592,25.664508567975783,4.084776830019465,-7.001566493020067,24.35076312825652
2026-07-17T21:17:55.844+00:00,64.842957,1784323075801.065,1929,2,1,0.349545571507008,-0.2436972644388787,0.4447191935329714,0.5573764869839518,-0.5381372338832151,-0.25077610744461293,29.804580291397713,6.012699314907854,-7.697643264144399,28.15859977827115
2026-07-17T21:17:55.877+00:00,64.875916,1784323075834.405,1930,2,1,0.3508910557786854,-0.22660021178825163,0.4263206791101864,0.5681108660611671,-0.525781804146277,-0.2698743097702586,27.945849576294496,7.086137222629385,-6.462100290450584,26.24877954570658
2026-07-17T21:17:55.911+00:00,64.909003,1784323075867.746,1931,2,1,0.349545571507008,-0.2436972644388787,0.4447191935329714,0.5600046382532791,-0.5305591410448743,-0.2926406469760345,25.733385953761875,6.2755144418405795,-6.939833980310323,23.972145825128994
2026-07-17T21:17:55.945+00:00,64.944282,1784323075901.086,1932,2,1,0.3257417781069287,-0.24518202556717528,0.40864596665511344,0.5327880547376931,-0.5311557784237524,-0.32866512853353985,21.82996666418383,3.5538560902819816,-6.9994977181981275,20.369697669378457
2026-07-17T21:17:55.978+00:00,64.977076,1784323075934.427,1933,2,1,0.35122530145938413,-0.23543686461428132,0.4380374241453845,0.5594862850184248,-0.5323318917684992,-0.29876433999656826,25.200527419955357,6.223679118355152,-7.117109052672804,23.359776523075617
2026-07-17T21:17:56.010+00:00,65.009548,1784323075967.767,1934,2,1,0.3508910557786854,-0.22660021178825163,0.4263206791101864,0.5636476191019517,-0.5256194346999975,-0.31113796057873766,23.97993924966939,6.6398125267078445,-6.445863345822639,22.122414464858675
2026-07-17T21:17:56.044+00:00,65.043097,1784323076001.107,1935,2,1,0.35122530145938413,-0.23543686461428132,0.4380374241453845,0.5594862850184248,-0.5323318917684992,-0.29876433999656826,25.200527419955357,6.223679118355152,-7.117109052672804,23.359776523075617
2026-07-17T21:17:56.077+00:00,65.075461,1784323076034.448,1936,2,1,0.3257417781069287,-0.24518202556717528,0.40864596665511344,0.5380972621350679,-0.5311764661719718,-0.2888544739447592,25.664508567975783,4.084776830019465,-7.001566493020067,24.35076312825652
2026-07-17T21:17:56.112+00:00,65.109981,1784323076067.787,1937,2,1,0.3508910557786854,-0.22660021178825163,0.4263206791101864,0.5636476191019517,-0.5256194346999975,-0.31113796057873766,23.97993924966939,6.6398125267078445,-6.445863345822639,22.122414464858675
2026-07-17T21:17:56.145+00:00,65.1429,1784323076101.127,1938,2,1,0.349545571507008,-0.2436972644388787,0.4447191935329714,0.5539023974241664,-0.5380419077021323,-0.29155894913303054,25.904906099161987,5.665290358929309,-7.688110646036122,24.080315609429388
2026-07-17T21:17:56.178+00:00,65.176202,1784323076134.468,1939,2,1,0.3257417781069287,-0.24518202556717528,0.40864596665511344,0.5380972621350679,-0.5311764661719718,-0.2888544739447592,25.664508567975783,4.084776830019465,-7.001566493020067,24.35076312825652
2026-07-17T21:17:56.212+00:00,65.210552,1784323076167.808,1940,2,1,0.3508910557786854,-0.22660021178825163,0.4263206791101864,0.5681108660611671,-0.525781804146277,-0.2698743097702586,27.945849576294496,7.086137222629385,-6.462100290450584,26.24877954570658
2026-07-17T21:17:56.243+00:00,65.242838,1784323076201.149,1941,2,1,0.3508910557786854,-0.22660021178825163,0.4263206791101864,0.5681108660611671,-0.525781804146277,-0.2698743097702586,27.945849576294496,7.086137222629385,-6.462100290450584,26.24877954570658
2026-07-17T21:17:56.277+00:00,65.275949,1784323076234.489,1942,2,1,0.349545571507008,-0.2436972644388787,0.4447191935329714,0.5539023974241664,-0.5380419077021323,-0.29155894913303054,25.904906099161987,5.665290358929309,-7.688110646036122,24.080315609429388
2026-07-17T21:17:56.310+00:00,65.308993,1784323076267.83,1943,2,1,0.3257417781069287,-0.24518202556717528,0.40864596665511344,0.5327880547376931,-0.5311557784237524,-0.32866512853353985,21.82996666418383,3.5538560902819816,-6.9994977181981275,20.369697669378457
2026-07-17T21:17:56.344+00:00,65.342364,1784323076301.17,1944,2,1,0.3508910557786854,-0.22660021178825163,0.4263206791101864,0.5701700721789988,-0.5176614109456675,-0.31169156248209123,23.917612355423266,7.2920578344125575,-5.650060970389642,22.06705427452332
2026-07-17T21:17:56.378+00:00,65.376006,1784323076334.51,1945,2,1,0.3508910557786854,-0.22660021178825163,0.4263206791101864,0.5636476191019517,-0.5256194346999975,-0.31113796057873766,23.97993924966939,6.6398125267078445,-6.445863345822639,22.122414464858675
2026-07-17T21:17:56.411+00:00,65.409685,1784323076367.851,1946,2,1,0.349545571507008,-0.2436972644388787,0.4447191935329714,0.5573764869839518,-0.5381372338832151,-0.25077610744461293,29.804580291397713,6.012699314907854,-7.697643264144399,28.15859977827115
2026-07-17T21:17:56.444+00:00,65.443273,1784323076401.191,1947,2,1,0.35122530145938413,-0.23543686461428132,0.4380374241453845,0.5594862850184248,-0.5323318917684992,-0.29876433999656826,25.200527419955357,6.223679118355152,-7.117109052672804,23.359776523075617
2026-07-17T21:17:56.477+00:00,65.476013,1784323076434.531,1948,2,1,0.3508910557786854,-0.22660021178825163,0.4263206791101864,0.5681108660611671,-0.525781804146277,-0.2698743097702586,27.945849576294496,7.086137222629385,-6.462100290450584,26.24877954570658
2026-07-17T21:17:56.512+00:00,65.510138,1784323076467.872,1949,2,1,0.3508910557786854,-0.22660021178825163,0.4263206791101864,0.5681108660611671,-0.525781804146277,-0.2698743097702586,27.945849576294496,7.086137222629385,-6.462100290450584,26.24877954570658
2026-07-17T21:17:56.544+00:00,65.543039,1784323076501.211,1950,2,1,0.3551433233138136,-0.2522692685511808,0.4695015676695752,0.5543291776947381,-0.5458468206797901,-0.26590975149157653,28.53535859405288,5.707968385986484,-8.468601943801895,26.64523537357479
2026-07-17T21:17:56.578+00:00,65.576359,1784323076534.551,1951,2,1,0.349545571507008,-0.2436972644388787,0.4447191935329714,0.5539023974241664,-0.5380419077021323,-0.29155894913303054,25.904906099161987,5.665290358929309,-7.688110646036122,24.080315609429388
2026-07-17T21:17:56.612+00:00,65.610357,1784323076567.89,1952,2,1,0.3508910557786854,-0.22660021178825163,0.4263206791101864,0.5636476191019517,-0.5256194346999975,-0.31113796057873766,23.97993924966939,6.6398125267078445,-6.445863345822639,22.122414464858675
2026-07-17T21:17:56.644+00:00,65.642752,1784323076601.23,1953,2,1,0.3508910557786854,-0.22660021178825163,0.4263206791101864,0.5636476191019517,-0.5256194346999975,-0.31113796057873766,23.97993924966939,6.6398125267078445,-6.445863345822639,22.122414464858675
2026-07-17T21:17:56.677+00:00,65.675585,1784323076634.569,1954,2,1,0.35626927701780553,-0.25217732072445753,0.4707569946873814,0.5574839590631824,-0.5462754797887182,-0.22377899532696488,32.572417015209034,6.023446522830911,-8.511467854694704,30.858310990035953
2026-07-17T21:17:56.711+00:00,65.708833,1784323076667.909,1955,2,1,0.3508910557786854,-0.22660021178825163,0.4263206791101864,0.5636476191019517,-0.5256194346999975,-0.31113796057873766,23.97993924966939,6.6398125267078445,-6.445863345822639,22.122414464858675
2026-07-17T21:17:56.744+00:00,65.743059,1784323076701.248,1956,2,1,0.3257417781069287,-0.24518202556717528,0.40864596665511344,0.5327880547376931,-0.5311557784237524,-0.32866512853353985,21.82996666418383,3.5538560902819816,-6.9994977181981275,20.369697669378457
2026-07-17T21:17:56.777+00:00,65.775988,1784323076734.588,1957,2,1,0.349545571507008,-0.2436972644388787,0.4447191935329714,0.5573764869839518,-0.5381372338832151,-0.25077610744461293,29.804580291397713,6.012699314907854,-7.697643264144399,28.15859977827115
2026-07-17T21:17:56.812+00:00,65.809999,1784323076767.927,1958,2,1,0.3257417781069287,-0.24518202556717528,0.40864596665511344,0.5397023028982215,-0.522760804587374,-0.3300185003232985,21.573070216152345,4.245280906334825,-6.160000334560284,20.234360490402594
2026-07-17T21:17:56.844+00:00,65.842323,1784323076801.266,1959,2,1,0.35122530145938413,-0.23543686461428132,0.4380374241453845,0.563327922014538,-0.5324620731900842,-0.2577097004747717,29.134888619746334,6.607842817966469,-7.130127194831309,27.46524047525527
2026-07-17T21:17:56.877+00:00,65.876559,1784323076834.606,1960,2,1,0.3257417781069287,-0.24518202556717528,0.40864596665511344,0.5397023028982215,-0.522760804587374,-0.3300185003232985,21.573070216152345,4.245280906334825,-6.160000334560284,20.234360490402594
2026-07-17T21:17:56.912+00:00,65.909809,1784323076867.945,1961,2,1,0.349545571507008,-0.2436972644388787,0.4447191935329714,0.5552723908791047,-0.5375686460606144,-0.25899731126046166,28.971214319011768,5.802289704423147,-7.640784481884327,27.336479396686276
2026-07-17T21:17:56.944+00:00,65.943622,1784323076901.285,1962,2,1,0.3508910557786854,-0.22660021178825163,0.4263206791101864,0.5636476191019517,-0.5256194346999975,-0.31113796057873766,23.97993924966939,6.6398125267078445,-6.445863345822639,22.122414464858675
2026-07-17T21:17:56.977+00:00,65.976262,1784323076934.624,1963,2,1,0.3508910557786854,-0.22660021178825163,0.4263206791101864,0.5636476191019517,-0.5256194346999975,-0.31113796057873766,23.97993924966939,6.6398125267078445,-6.445863345822639,22.122414464858675
2026-07-17T21:17:57.010+00:00,66.009375,1784323076967.962,1964,2,1,0.35122530145938413,-0.23543686461428132,0.4380374241453845,0.5594862850184248,-0.5323318917684992,-0.29876433999656826,25.200527419955357,6.223679118355152,-7.117109052672804,23.359776523075617
2026-07-17T21:17:57.046+00:00,66.044046,1784323077001.302,1965,2,1,0.34519142396220404,-0.24713558056717977,0.4414083981473439,0.5567638505267045,-0.5334617375006718,-0.2541584218558724,29.354160433880455,5.951435669183125,-7.230093625890071,27.8203683371452
2026-07-17T21:17:57.078+00:00,66.076806,1784323077034.641,1966,2,1,0.3508910557786854,-0.22660021178825163,0.4263206791101864,0.5636476191019517,-0.5256194346999975,-0.31113796057873766,23.97993924966939,6.6398125267078445,-6.445863345822639,22.122414464858675
2026-07-17T21:17:57.111+00:00,66.109883,1784323077067.98,1967,2,1,0.3257417781069287,-0.24518202556717528,0.40864596665511344,0.5327880547376931,-0.5311557784237524,-0.32866512853353985,21.82996666418383,3.5538560902819816,-6.9994977181981275,20.369697669378457
2026-07-17T21:17:57.145+00:00,66.143752,1784323077101.32,1968,2,1,0.349545571507008,-0.2436972644388787,0.4447191935329714,0.5539023974241664,-0.5380419077021323,-0.29155894913303054,25.904906099161987,5.665290358929309,-7.688110646036122,24.080315609429388
2026-07-17T21:17:57.178+00:00,66.176321,1784323077134.659,1969,2,1,0.35122530145938413,-0.23543686461428132,0.4380374241453845,0.563327922014538,-0.5324620731900842,-0.2577097004747717,29.134888619746334,6.607842817966469,-7.130127194831309,27.46524047525527
2026-07-17T21:17:57.210+00:00,66.209417,1784323077167.998,1970,2,1,0.35122530145938413,-0.23543686461428132,0.4380374241453845,0.5594862850184248,-0.5323318917684992,-0.29876433999656826,25.200527419955357,6.223679118355152,-7.117109052672804,23.359776523075617
2026-07-17T21:17:57.244+00:00,66.243004,1784323077201.338,1971,2,1,0.349545571507008,-0.2436972644388787,0.4447191935329714,0.5573764869839518,-0.5381372338832151,-0.25077610744461293,29.804580291397713,6.012699314907854,-7.697643264144399,28.15859977827115
2026-07-17T21:17:57.278+00:00,66.276448,1784323077234.677,1972,2,1,0.3257417781069287,-0.24518202556717528,0.40864596665511344,0.5327880547376931,-0.5311557784237524,-0.32866512853353985,21.82996666418383,3.5538560902819816,-6.9994977181981275,20.369697669378457
2026-07-17T21:17:57.310+00:00,66.309532,1784323077268.016,1973,2,1,0.3508910557786854,-0.22660021178825163,0.4263206791101864,0.5681108660611671,-0.525781804146277,-0.2698743097702586,27.945849576294496,7.086137222629385,-6.462100290450584,26.24877954570658
2026-07-17T21:17:57.345+00:00,66.343386,1784323077301.355,1974,2,1,0.35122530145938413,-0.23543686461428132,0.4380374241453845,0.563327922014538,-0.5324620731900842,-0.2577097004747717,29.134888619746334,6.607842817966469,-7.130127194831309,27.46524047525527
2026-07-17T21:17:57.378+00:00,66.376022,1784323077334.695,1975,2,1,0.35122530145938413,-0.23543686461428132,0.4380374241453845,0.5594862850184248,-0.5323318917684992,-0.29876433999656826,25.200527419955357,6.223679118355152,-7.117109052672804,23.359776523075617
2026-07-17T21:17:57.412+00:00,66.409345,1784323077368.034,1976,2,1,0.35122530145938413,-0.23543686461428132,0.4380374241453845,0.5594862850184248,-0.5323318917684992,-0.29876433999656826,25.200527419955357,6.223679118355152,-7.117109052672804,23.359776523075617
2026-07-17T21:17:57.445+00:00,66.443665,1784323077401.372,1977,2,1,0.3508910557786854,-0.22660021178825163,0.4263206791101864,0.5681108660611671,-0.525781804146277,-0.2698743097702586,27.945849576294496,7.086137222629385,-6.462100290450584,26.24877954570658
2026-07-17T21:17:57.477+00:00,66.476222,1784323077434.711,1978,2,1,0.3257417781069287,-0.24518202556717528,0.40864596665511344,0.5327880547376931,-0.5311557784237524,-0.32866512853353985,21.82996666418383,3.5538560902819816,-6.9994977181981275,20.369697669378457
2026-07-17T21:17:57.511+00:00,66.510265,1784323077468.051,1979,2,1,0.3508910557786854,-0.22660021178825163,0.4263206791101864,0.5636476191019517,-0.5256194346999975,-0.31113796057873766,23.97993924966939,6.6398125267078445,-6.445863345822639,22.122414464858675
2026-07-17T21:17:57.544+00:00,66.542488,1784323077501.39,1980,2,1,0.3257417781069287,-0.24518202556717528,0.40864596665511344,0.5434935772596328,-0.5246012781762949,-0.2888120526367165,25.58902840718339,4.62440834247595,-6.344047693452376,24.355005259060793
2026-07-17T21:17:57.579+00:00,66.576931,1784323077534.732,1981,2,1,0.3508910557786854,-0.22660021178825163,0.4263206791101864,0.5681108660611671,-0.525781804146277,-0.2698743097702586,27.945849576294496,7.086137222629385,-6.462100290450584,26.24877954570658
2026-07-17T21:17:57.612+00:00,66.61051,1784323077568.075,1982,2,1,0.3508910557786854,-0.22660021178825163,0.4263206791101864,0.5636476191019517,-0.5256194346999975,-0.31113796057873766,23.97993924966939,6.6398125267078445,-6.445863345822639,22.122414464858675
2026-07-17T21:17:57.644+00:00,66.643184,1784323077601.417,1983,2,1,0.349545571507008,-0.2436972644388787,0.4447191935329714,0.5539023974241664,-0.5380419077021323,-0.29155894913303054,25.904906099161987,5.665290358929309,-7.688110646036122,24.080315609429388
2026-07-17T21:17:57.677+00:00,66.675784,1784323077634.76,1984,2,1,0.3508910557786854,-0.22660021178825163,0.4263206791101864,0.5681108660611671,-0.525781804146277,-0.2698743097702586,27.945849576294496,7.086137222629385,-6.462100290450584,26.24877954570658
2026-07-17T21:17:57.711+00:00,66.709675,1784323077668.102,1985,2,1,0.35122530145938413,-0.23543686461428132,0.4380374241453845,0.565742271695076,-0.5246748928651113,-0.29958016612151867,25.082410495724723,6.849277786020269,-6.351409162334015,23.278193910580576
2026-07-17T21:17:57.744+00:00,66.742387,1784323077701.445,1986,2,1,0.3257417781069287,-0.24518202556717528,0.40864596665511344,0.5380972621350679,-0.5311764661719718,-0.2888544739447592,25.664508567975783,4.084776830019465,-7.001566493020067,24.35076312825652
2026-07-17T21:17:57.778+00:00,66.776318,1784323077734.787,1987,2,1,0.3257417781069287,-0.24518202556717528,0.40864596665511344,0.5380972621350679,-0.5311764661719718,-0.2888544739447592,25.664508567975783,4.084776830019465,-7.001566493020067,24.35076312825652
2026-07-17T21:17:57.810+00:00,66.80959,1784323077768.13,1988,2,1,0.35122530145938413,-0.23543686461428132,0.4380374241453845,0.5680746961155629,-0.5265680556195592,-0.2571871213303143,29.157433008764862,7.082520228068967,-6.540725437778811,27.51749838970101
2026-07-17T21:17:57.844+00:00,66.842864,1784323077801.472,1989,2,1,0.3257417781069287,-0.24518202556717528,0.40864596665511344,0.5327880547376931,-0.5311557784237524,-0.32866512853353985,21.82996666418383,3.5538560902819816,-6.9994977181981275,20.369697669378457
2026-07-17T21:17:57.877+00:00,66.876153,1784323077834.814,1990,2,1,0.3257417781069287,-0.24518202556717528,0.40864596665511344,0.5380972621350679,-0.5311764661719718,-0.2888544739447592,25.664508567975783,4.084776830019465,-7.001566493020067,24.35076312825652
2026-07-17T21:17:57.910+00:00,66.909069,1784323077868.156,1991,2,1,0.3257417781069287,-0.24518202556717528,0.40864596665511344,0.5327880547376931,-0.5311557784237524,-0.32866512853353985,21.82996666418383,3.5538560902819816,-6.9994977181981275,20.369697669378457
2026-07-17T21:17:57.943+00:00,66.942695,1784323077901.499,1992,2,1,0.35122530145938413,-0.23543686461428132,0.4380374241453845,0.5594862850184248,-0.5323318917684992,-0.29876433999656826,25.200527419955357,6.223679118355152,-7.117109052672804,23.359776523075617
2026-07-17T21:17:57.977+00:00,66.976227,1784323077934.842,1993,2,1,0.3508910557786854,-0.22660021178825163,0.4263206791101864,0.5681108660611671,-0.525781804146277,-0.2698743097702586,27.945849576294496,7.086137222629385,-6.462100290450584,26.24877954570658
2026-07-17T21:17:58.010+00:00,67.009477,1784323077968.184,1994,2,1,0.3257417781069287,-0.24518202556717528,0.40864596665511344,0.5380972621350679,-0.5311764661719718,-0.2888544739447592,25.664508567975783,4.084776830019465,-7.001566493020067,24.35076312825652
2026-07-17T21:17:58.045+00:00,67.04298,1784323078001.527,1995,2,1,0.3508910557786854,-0.22660021178825163,0.4263206791101864,0.5681108660611671,-0.525781804146277,-0.2698743097702586,27.945849576294496,7.086137222629385,-6.462100290450584,26.24877954570658
2026-07-17T21:17:58.077+00:00,67.075831,1784323078034.869,1996,2,1,0.3508910557786854,-0.22660021178825163,0.4263206791101864,0.5636476191019517,-0.5256194346999975,-0.31113796057873766,23.97993924966939,6.6398125267078445,-6.445863345822639,22.122414464858675
2026-07-17T21:17:58.111+00:00,67.109303,1784323078068.212,1997,2,1,0.3257417781069287,-0.24518202556717528,0.40864596665511344,0.5327880547376931,-0.5311557784237524,-0.32866512853353985,21.82996666418383,3.5538560902819816,-6.9994977181981275,20.369697669378457
2026-07-17T21:17:58.145+00:00,67.142826,1784323078101.555,1998,2,1,0.3508910557786854,-0.22660021178825163,0.4263206791101864,0.5701700721789988,-0.5176614109456675,-0.31169156248209123,23.917612355423266,7.2920578344125575,-5.650060970389642,22.06705427452332
2026-07-17T21:17:58.179+00:00,67.177591,1784323078134.897,1999,2,1,0.35122530145938413,-0.23543686461428132,0.4380374241453845,0.5594862850184248,-0.5323318917684992,-0.29876433999656826,25.200527419955357,6.223679118355152,-7.117109052672804,23.359776523075617
2026-07-17T21:17:58.211+00:00,67.209842,1784323078168.24,2000,2,1,0.35122530145938413,-0.23543686461428132,0.4380374241453845,0.5594862850184248,-0.5323318917684992,-0.29876433999656826,25.200527419955357,6.223679118355152,-7.117109052672804,23.359776523075617
2026-07-17T21:17:58.245+00:00,67.243018,1784323078201.583,2001,2,1,0.3257417781069287,-0.24518202556717528,0.40864596665511344,0.5327880547376931,-0.5311557784237524,-0.32866512853353985,21.82996666418383,3.5538560902819816,-6.9994977181981275,20.369697669378457
2026-07-17T21:17:58.279+00:00,67.277618,1784323078234.926,2002,2,1,0.3508910557786854,-0.22660021178825163,0.4263206791101864,0.5731072036203141,-0.5196273630909339,-0.26910269613811905,28.01396927647914,7.5857709785440814,-5.846656184916283,26.325940908920536
2026-07-17T21:17:58.312+00:00,67.309483,1784323078268.267,2003,2,1,0.3257417781069287,-0.24518202556717528,0.40864596665511344,0.5327880547376931,-0.5311557784237524,-0.32866512853353985,21.82996666418383,3.5538560902819816,-6.9994977181981275,20.369697669378457
2026-07-17T21:17:58.344+00:00,67.34308,1784323078301.61,2004,2,1,0.3508910557786854,-0.22660021178825163,0.4263206791101864,0.5636476191019517,-0.5256194346999975,-0.31113796057873766,23.97993924966939,6.6398125267078445,-6.445863345822639,22.122414464858675
2026-07-17T21:17:58.379+00:00,67.377291,1784323078334.953,2005,2,1,0.3508910557786854,-0.22660021178825163,0.4263206791101864,0.5636476191019517,-0.5256194346999975,-0.31113796057873766,23.97993924966939,6.6398125267078445,-6.445863345822639,22.122414464858675
2026-07-17T21:17:58.411+00:00,67.409583,1784323078368.296,2006,2,1,0.3508910557786854,-0.22660021178825163,0.4263206791101864,0.5681108660611671,-0.525781804146277,-0.2698743097702586,27.945849576294496,7.086137222629385,-6.462100290450584,26.24877954570658
2026-07-17T21:17:58.445+00:00,67.443338,1784323078401.638,2007,2,1,0.3257417781069287,-0.24518202556717528,0.40864596665511344,0.5327880547376931,-0.5311557784237524,-0.32866512853353985,21.82996666418383,3.5538560902819816,-6.9994977181981275,20.369697669378457
2026-07-17T21:17:58.478+00:00,67.475981,1784323078434.981,2008,2,1,0.349545571507008,-0.2436972644388787,0.4447191935329714,0.5539023974241664,-0.5380419077021323,-0.29155894913303054,25.904906099161987,5.665290358929309,-7.688110646036122,24.080315609429388
2026-07-17T21:17:58.511+00:00,67.509838,1784323078468.324,2009,2,1,0.3257417781069287,-0.24518202556717528,0.40864596665511344,0.5380972621350679,-0.5311764661719718,-0.2888544739447592,25.664508567975783,4.084776830019465,-7.001566493020067,24.35076312825652
2026-07-17T21:17:58.546+00:00,67.544058,1784323078501.667,2010,2,1,0.35122530145938413,-0.23543686461428132,0.4380374241453845,0.5594862850184248,-0.5323318917684992,-0.29876433999656826,25.200527419955357,6.223679118355152,-7.117109052672804,23.359776523075617
2026-07-17T21:17:58.580+00:00,67.577704,1784323078535.007,2011,2,1,0.3508910557786854,-0.22660021178825163,0.4263206791101864,0.5681108660611671,-0.525781804146277,-0.2698743097702586,27.945849576294496,7.086137222629385,-6.462100290450584,26.24877954570658
2026-07-17T21:17:58.612+00:00,67.610089,1784323078568.347,2012,2,1,0.35122530145938413,-0.23543686461428132,0.4380374241453845,0.565742271695076,-0.5246748928651113,-0.29958016612151867,25.082410495724723,6.849277786020269,-6.351409162334015,23.278193910580576
2026-07-17T21:17:58.645+00:00,67.643543,1784323078601.688,2013,2,1,0.349545571507008,-0.2436972644388787,0.4447191935329714,0.5539023974241664,-0.5380419077021323,-0.29155894913303054,25.904906099161987,5.665290358929309,-7.688110646036122,24.080315609429388
2026-07-17T21:17:58.679+00:00,67.67717,1784323078635.028,2014,2,1,0.3257417781069287,-0.24518202556717528,0.40864596665511344,0.5434935772596328,-0.5246012781762949,-0.2888120526367165,25.58902840718339,4.62440834247595,-6.344047693452376,24.355005259060793
2026-07-17T21:17:58.712+00:00,67.709872,1784323078668.368,2015,2,1,0.3508910557786854,-0.22660021178825163,0.4263206791101864,0.5636476191019517,-0.5256194346999975,-0.31113796057873766,23.97993924966939,6.6398125267078445,-6.445863345822639,22.122414464858675
2026-07-17T21:17:58.746+00:00,67.743604,1784323078701.708,2016,2,1,0.35122530145938413,-0.23543686461428132,0.4380374241453845,0.5594862850184248,-0.5323318917684992,-0.29876433999656826,25.200527419955357,6.223679118355152,-7.117109052672804,23.359776523075617
2026-07-17T21:17:58.778+00:00,67.776134,1784323078735.048,2017,2,1,0.35122530145938413,-0.23543686461428132,0.4380374241453845,0.5594862850184248,-0.5323318917684992,-0.29876433999656826,25.200527419955357,6.223679118355152,-7.117109052672804,23.359776523075617
2026-07-17T21:17:58.812+00:00,67.811481,1784323078768.388,2018,2,1,0.3508910557786854,-0.22660021178825163,0.4263206791101864,0.5636476191019517,-0.5256194346999975,-0.31113796057873766,23.97993924966939,6.6398125267078445,-6.445863345822639,22.122414464858675
2026-07-17T21:17:58.844+00:00,67.842693,1784323078801.728,2019,2,1,0.349545571507008,-0.2436972644388787,0.4447191935329714,0.5573764869839518,-0.5381372338832151,-0.25077610744461293,29.804580291397713,6.012699314907854,-7.697643264144399,28.15859977827115
2026-07-17T21:17:58.878+00:00,67.876492,1784323078835.068,2020,2,1,0.35122530145938413,-0.23543686461428132,0.4380374241453845,0.5594862850184248,-0.5323318917684992,-0.29876433999656826,25.200527419955357,6.223679118355152,-7.117109052672804,23.359776523075617
2026-07-17T21:17:58.913+00:00,67.910726,1784323078868.408,2021,2,1,0.3257417781069287,-0.24518202556717528,0.40864596665511344,0.5380972621350679,-0.5311764661719718,-0.2888544739447592,25.664508567975783,4.084776830019465,-7.001566493020067,24.35076312825652
2026-07-17T21:17:58.946+00:00,67.94479,1784323078901.749,2022,2,1,0.35122530145938413,-0.23543686461428132,0.4380374241453845,0.5680746961155629,-0.5265680556195592,-0.2571871213303143,29.157433008764862,7.082520228068967,-6.540725437778811,27.51749838970101
2026-07-17T21:17:58.979+00:00,67.977752,1784323078935.089,2023,2,1,0.35122530145938413,-0.23543686461428132,0.4380374241453845,0.563327922014538,-0.5324620731900842,-0.2577097004747717,29.134888619746334,6.607842817966469,-7.130127194831309,27.46524047525527
2026-07-17T21:17:59.012+00:00,68.00969,1784323078968.429,2024,2,1,0.35122530145938413,-0.23543686461428132,0.4380374241453845,0.5594862850184248,-0.5323318917684992,-0.29876433999656826,25.200527419955357,6.223679118355152,-7.117109052672804,23.359776523075617
2026-07-17T21:17:59.046+00:00,68.043508,1784323079001.769,2025,2,1,0.3257417781069287,-0.24518202556717528,0.40864596665511344,0.5380972621350679,-0.5311764661719718,-0.2888544739447592,25.664508567975783,4.084776830019465,-7.001566493020067,24.35076312825652
2026-07-17T21:17:59.078+00:00,68.076173,1784323079035.11,2026,2,1,0.3508910557786854,-0.22660021178825163,0.4263206791101864,0.5636476191019517,-0.5256194346999975,-0.31113796057873766,23.97993924966939,6.6398125267078445,-6.445863345822639,22.122414464858675
2026-07-17T21:17:59.113+00:00,68.111521,1784323079068.45,2027,2,1,0.3508910557786854,-0.22660021178825163,0.4263206791101864,0.5731072036203141,-0.5196273630909339,-0.26910269613811905,28.01396927647914,7.5857709785440814,-5.846656184916283,26.325940908920536
2026-07-17T21:17:59.146+00:00,68.144024,1784323079101.79,2028,2,1,0.35122530145938413,-0.23543686461428132,0.4380374241453845,0.5594862850184248,-0.5323318917684992,-0.29876433999656826,25.200527419955357,6.223679118355152,-7.117109052672804,23.359776523075617
2026-07-17T21:17:59.178+00:00,68.176843,1784323079135.13,2029,2,1,0.35122530145938413,-0.23543686461428132,0.4380374241453845,0.5594862850184248,-0.5323318917684992,-0.29876433999656826,25.200527419955357,6.223679118355152,-7.117109052672804,23.359776523075617
2026-07-17T21:17:59.212+00:00,68.211374,1784323079168.469,2030,2,1,0.3508910557786854,-0.22660021178825163,0.4263206791101864,0.5681108660611671,-0.525781804146277,-0.2698743097702586,27.945849576294496,7.086137222629385,-6.462100290450584,26.24877954570658
2026-07-17T21:17:59.247+00:00,68.244366,1784323079201.81,2031,2,1,0.3508910557786854,-0.22660021178825163,0.4263206791101864,0.5681108660611671,-0.525781804146277,-0.2698743097702586,27.945849576294496,7.086137222629385,-6.462100290450584,26.24877954570658
2026-07-17T21:17:59.279+00:00,68.276731,1784323079235.15,2032,2,1,0.3508910557786854,-0.22660021178825163,0.4263206791101864,0.5681108660611671,-0.525781804146277,-0.2698743097702586,27.945849576294496,7.086137222629385,-6.462100290450584,26.24877954570658
2026-07-17T21:17:59.313+00:00,68.311396,1784323079268.49,2033,2,1,0.35122530145938413,-0.23543686461428132,0.4380374241453845,0.565742271695076,-0.5246748928651113,-0.29958016612151867,25.082410495724723,6.849277786020269,-6.351409162334015,23.278193910580576
2026-07-17T21:17:59.345+00:00,68.343303,1784323079301.83,2034,2,1,0.3508910557786854,-0.22660021178825163,0.4263206791101864,0.5636476191019517,-0.5256194346999975,-0.31113796057873766,23.97993924966939,6.6398125267078445,-6.445863345822639,22.122414464858675
2026-07-17T21:17:59.379+00:00,68.376369,1784323079335.17,2035,2,1,0.3257417781069287,-0.24518202556717528,0.40864596665511344,0.5380972621350679,-0.5311764661719718,-0.2888544739447592,25.664508567975783,4.084776830019465,-7.001566493020067,24.35076312825652
2026-07-17T21:17:59.412+00:00,68.40993,1784323079368.511,2036,2,1,0.3508910557786854,-0.22660021178825163,0.4263206791101864,0.5636476191019517,-0.5256194346999975,-0.31113796057873766,23.97993924966939,6.6398125267078445,-6.445863345822639,22.122414464858675
2026-07-17T21:17:59.446+00:00,68.443386,1784323079401.851,2037,2,1,0.3257417781069287,-0.24518202556717528,0.40864596665511344,0.5380972621350679,-0.5311764661719718,-0.2888544739447592,25.664508567975783,4.084776830019465,-7.001566493020067,24.35076312825652
2026-07-17T21:17:59.480+00:00,68.47787,1784323079435.191,2038,2,1,0.3257417781069287,-0.24518202556717528,0.40864596665511344,0.5380972621350679,-0.5311764661719718,-0.2888544739447592,25.664508567975783,4.084776830019465,-7.001566493020067,24.35076312825652
2026-07-17T21:17:59.512+00:00,68.510124,1784323079468.531,2039,2,1,0.3508910557786854,-0.22660021178825163,0.4263206791101864,0.5636476191019517,-0.5256194346999975,-0.31113796057873766,23.97993924966939,6.6398125267078445,-6.445863345822639,22.122414464858675
2026-07-17T21:17:59.546+00:00,68.543852,1784323079501.872,2040,2,1,0.3508910557786854,-0.22660021178825163,0.4263206791101864,0.5681108660611671,-0.525781804146277,-0.2698743097702586,27.945849576294496,7.086137222629385,-6.462100290450584,26.24877954570658
2026-07-17T21:17:59.578+00:00,68.576647,1784323079535.212,2041,2,1,0.3508910557786854,-0.22660021178825163,0.4263206791101864,0.5681108660611671,-0.525781804146277,-0.2698743097702586,27.945849576294496,7.086137222629385,-6.462100290450584,26.24877954570658
2026-07-17T21:17:59.612+00:00,68.610146,1784323079568.552,2042,2,1,0.35122530145938413,-0.23543686461428132,0.4380374241453845,0.5594862850184248,-0.5323318917684992,-0.29876433999656826,25.200527419955357,6.223679118355152,-7.117109052672804,23.359776523075617
2026-07-17T21:17:59.646+00:00,68.643913,1784323079601.891,2043,2,1,0.3257417781069287,-0.24518202556717528,0.40864596665511344,0.5434935772596328,-0.5246012781762949,-0.2888120526367165,25.58902840718339,4.62440834247595,-6.344047693452376,24.355005259060793
2026-07-17T21:17:59.681+00:00,68.67905,1784323079635.232,2044,2,1,0.3508910557786854,-0.22660021178825163,0.4263206791101864,0.5636476191019517,-0.5256194346999975,-0.31113796057873766,23.97993924966939,6.6398125267078445,-6.445863345822639,22.122414464858675
2026-07-17T21:17:59.713+00:00,68.711181,1784323079668.572,2045,2,1,0.3257417781069287,-0.24518202556717528,0.40864596665511344,0.5380972621350679,-0.5311764661719718,-0.2888544739447592,25.664508567975783,4.084776830019465,-7.001566493020067,24.35076312825652
2026-07-17T21:17:59.746+00:00,68.744235,1784323079701.912,2046,2,1,0.3508910557786854,-0.22660021178825163,0.4263206791101864,0.5636476191019517,-0.5256194346999975,-0.31113796057873766,23.97993924966939,6.6398125267078445,-6.445863345822639,22.122414464858675
2026-07-17T21:17:59.780+00:00,68.777478,1784323079735.253,2047,2,1,0.349545571507008,-0.2436972644388787,0.4447191935329714,0.5573764869839518,-0.5381372338832151,-0.25077610744461293,29.804580291397713,6.012699314907854,-7.697643264144399,28.15859977827115
2026-07-17T21:17:59.813+00:00,68.810932,1784323079768.593,2048,2,1,0.3257417781069287,-0.24518202556717528,0.40864596665511344,0.5327880547376931,-0.5311557784237524,-0.32866512853353985,21.82996666418383,3.5538560902819816,-6.9994977181981275,20.369697669378457
2026-07-17T21:17:59.847+00:00,68.845455,1784323079801.933,2049,2,1,0.35122530145938413,-0.23543686461428132,0.4380374241453845,0.5594862850184248,-0.5323318917684992,-0.29876433999656826,25.200527419955357,6.223679118355152,-7.117109052672804,23.359776523075617
2026-07-17T21:17:59.881+00:00,68.878775,1784323079835.273,2050,2,1,0.3508910557786854,-0.22660021178825163,0.4263206791101864,0.5636476191019517,-0.5256194346999975,-0.31113796057873766,23.97993924966939,6.6398125267078445,-6.445863345822639,22.122414464858675
2026-07-17T21:17:59.914+00:00,68.911653,1784323079868.614,2051,2,1,0.3508910557786854,-0.22660021178825163,0.4263206791101864,0.5731072036203141,-0.5196273630909339,-0.26910269613811905,28.01396927647914,7.5857709785440814,-5.846656184916283,26.325940908920536
2026-07-17T21:17:59.945+00:00,68.943302,1784323079901.954,2052,2,1,0.35122530145938413,-0.23543686461428132,0.4380374241453845,0.5594862850184248,-0.5323318917684992,-0.29876433999656826,25.200527419955357,6.223679118355152,-7.117109052672804,23.359776523075617
2026-07-17T21:17:59.980+00:00,68.977823,1784323079935.294,2053,2,1,0.3257417781069287,-0.24518202556717528,0.40864596665511344,0.5327880547376931,-0.5311557784237524,-0.32866512853353985,21.82996666418383,3.5538560902819816,-6.9994977181981275,20.369697669378457
2026-07-17T21:18:00.012+00:00,69.010131,1784323079968.635,2054,2,1,0.3257417781069287,-0.24518202556717528,0.40864596665511344,0.5327880547376931,-0.5311557784237524,-0.32866512853353985,21.82996666418383,3.5538560902819816,-6.9994977181981275,20.369697669378457
2026-07-17T21:18:00.046+00:00,69.044375,1784323080001.975,2055,2,1,0.3508910557786854,-0.22660021178825163,0.4263206791101864,0.5701700721789988,-0.5176614109456675,-0.31169156248209123,23.917612355423266,7.2920578344125575,-5.650060970389642,22.06705427452332
2026-07-17T21:18:00.080+00:00,69.077273,1784323080035.315,2056,2,1,0.3508910557786854,-0.22660021178825163,0.4263206791101864,0.5681108660611671,-0.525781804146277,-0.2698743097702586,27.945849576294496,7.086137222629385,-6.462100290450584,26.24877954570658
2026-07-17T21:18:00.113+00:00,69.110834,1784323080068.655,2057,2,1,0.35122530145938413,-0.23543686461428132,0.4380374241453845,0.563327922014538,-0.5324620731900842,-0.2577097004747717,29.134888619746334,6.607842817966469,-7.130127194831309,27.46524047525527
2026-07-17T21:18:00.146+00:00,69.143317,1784323080101.995,2058,2,1,0.3508910557786854,-0.22660021178825163,0.4263206791101864,0.5636476191019517,-0.5256194346999975,-0.31113796057873766,23.97993924966939,6.6398125267078445,-6.445863345822639,22.122414464858675
2026-07-17T21:18:00.179+00:00,69.176549,1784323080135.335,2059,2,1,0.35122530145938413,-0.23543686461428132,0.4380374241453845,0.563327922014538,-0.5324620731900842,-0.2577097004747717,29.134888619746334,6.607842817966469,-7.130127194831309,27.46524047525527
2026-07-17T21:18:00.214+00:00,69.211712,1784323080168.676,2060,2,1,0.34519142396220404,-0.24713558056717977,0.4414083981473439,0.5484534421627298,-0.5392162717202612,-0.2948257121237197,25.522154855076494,5.120394832785657,-7.80554704784901,23.75363931036047
2026-07-17T21:18:00.246+00:00,69.243765,1784323080202.016,2061,2,1,0.3508910557786854,-0.22660021178825163,0.4263206791101864,0.5636476191019517,-0.5256194346999975,-0.31113796057873766,23.97993924966939,6.6398125267078445,-6.445863345822639,22.122414464858675
2026-07-17T21:18:00.278+00:00,69.276723,1784323080235.356,2062,2,1,0.3508910557786854,-0.22660021178825163,0.4263206791101864,0.5636476191019517,-0.5256194346999975,-0.31113796057873766,23.97993924966939,6.6398125267078445,-6.445863345822639,22.122414464858675
2026-07-17T21:18:00.312+00:00,69.310608,1784323080268.696,2063,2,1,0.35122530145938413,-0.23543686461428132,0.4380374241453845,0.5594862850184248,-0.5323318917684992,-0.29876433999656826,25.200527419955357,6.223679118355152,-7.117109052672804,23.359776523075617
2026-07-17T21:18:00.348+00:00,69.345304,1784323080302.037,2064,2,1,0.34519142396220404,-0.24713558056717977,0.4414083981473439,0.5484534421627298,-0.5392162717202612,-0.2948257121237197,25.522154855076494,5.120394832785657,-7.80554704784901,23.75363931036047
2026-07-17T21:18:00.379+00:00,69.378297,1784323080335.377,2065,2,1,0.3257417781069287,-0.24518202556717528,0.40864596665511344,0.5327880547376931,-0.5311557784237524,-0.32866512853353985,21.82996666418383,3.5538560902819816,-6.9994977181981275,20.369697669378457
2026-07-17T21:18:00.411+00:00,69.410338,1784323080368.717,2066,2,1,0.3508910557786854,-0.22660021178825163,0.4263206791101864,0.5681108660611671,-0.525781804146277,-0.2698743097702586,27.945849576294496,7.086137222629385,-6.462100290450584,26.24877954570658
2026-07-17T21:18:00.448+00:00,69.445598,1784323080402.058,2067,2,1,0.3508910557786854,-0.22660021178825163,0.4263206791101864,0.5636476191019517,-0.5256194346999975,-0.31113796057873766,23.97993924966939,6.6398125267078445,-6.445863345822639,22.122414464858675
2026-07-17T21:18:00.479+00:00,69.478094,1784323080435.398,2068,2,1,0.35122530145938413,-0.23543686461428132,0.4380374241453845,0.5594862850184248,-0.5323318917684992,-0.29876433999656826,25.200527419955357,6.223679118355152,-7.117109052672804,23.359776523075617
2026-07-17T21:18:00.512+00:00,69.5103,1784323080468.738,2069,2,1,0.349545571507008,-0.2436972644388787,0.4447191935329714,0.5573764869839518,-0.5381372338832151,-0.25077610744461293,29.804580291397713,6.012699314907854,-7.697643264144399,28.15859977827115
2026-07-17T21:18:00.547+00:00,69.544766,1784323080502.078,2070,2,1,0.3508910557786854,-0.22660021178825163,0.4263206791101864,0.5681108660611671,-0.525781804146277,-0.2698743097702586,27.945849576294496,7.086137222629385,-6.462100290450584,26.24877954570658
2026-07-17T21:18:00.579+00:00,69.577356,1784323080535.418,2071,2,1,0.3257417781069287,-0.24518202556717528,0.40864596665511344,0.5327880547376931,-0.5311557784237524,-0.32866512853353985,21.82996666418383,3.5538560902819816,-6.9994977181981275,20.369697669378457
2026-07-17T21:18:00.613+00:00,69.610738,1784323080568.758,2072,2,1,0.35122530145938413,-0.23543686461428132,0.4380374241453845,0.5594862850184248,-0.5323318917684992,-0.29876433999656826,25.200527419955357,6.223679118355152,-7.117109052672804,23.359776523075617
2026-07-17T21:18:00.647+00:00,69.64435,1784323080602.099,2073,2,1,0.3508910557786854,-0.22660021178825163,0.4263206791101864,0.5731072036203141,-0.5196273630909339,-0.26910269613811905,28.01396927647914,7.5857709785440814,-5.846656184916283,26.325940908920536
2026-07-17T21:18:00.679+00:00,69.677192,1784323080635.439,2074,2,1,0.35122530145938413,-0.23543686461428132,0.4380374241453845,0.5594862850184248,-0.5323318917684992,-0.29876433999656826,25.200527419955357,6.223679118355152,-7.117109052672804,23.359776523075617
2026-07-17T21:18:00.712+00:00,69.710313,1784323080668.78,2075,2,1,0.35626927701780553,-0.25217732072445753,0.4707569946873814,0.5553429594811021,-0.5461967122872711,-0.26460508850978354,28.687937695067106,5.809346564622886,-8.503591104549995,26.77570167175409
2026-07-17T21:18:00.746+00:00,69.74444,1784323080702.12,2076,2,1,0.3508910557786854,-0.22660021178825163,0.4263206791101864,0.5681108660611671,-0.525781804146277,-0.2698743097702586,27.945849576294496,7.086137222629385,-6.462100290450584,26.24877954570658
2026-07-17T21:18:00.779+00:00,69.776732,1784323080735.46,2077,2,1,0.3508910557786854,-0.22660021178825163,0.4263206791101864,0.5636476191019517,-0.5256194346999975,-0.31113796057873766,23.97993924966939,6.6398125267078445,-6.445863345822639,22.122414464858675
2026-07-17T21:18:00.811+00:00,69.810258,1784323080768.801,2078,2,1,0.35122530145938413,-0.23543686461428132,0.4380374241453845,0.5594862850184248,-0.5323318917684992,-0.29876433999656826,25.200527419955357,6.223679118355152,-7.117109052672804,23.359776523075617
2026-07-17T21:18:00.845+00:00,69.843652,1784323080802.141,2079,2,1,0.35122530145938413,-0.23543686461428132,0.4380374241453845,0.5594862850184248,-0.5323318917684992,-0.29876433999656826,25.200527419955357,6.223679118355152,-7.117109052672804,23.359776523075617
2026-07-17T21:18:00.878+00:00,69.877334,1784323080835.482,2080,2,1,0.35122530145938413,-0.23543686461428132,0.4380374241453845,0.5594862850184248,-0.5323318917684992,-0.29876433999656826,25.200527419955357,6.223679118355152,-7.117109052672804,23.359776523075617
2026-07-17T21:18:00.911+00:00,69.910055,1784323080868.822,2081,2,1,0.3257417781069287,-0.24518202556717528,0.40864596665511344,0.5380972621350679,-0.5311764661719718,-0.2888544739447592,25.664508567975783,4.084776830019465,-7.001566493020067,24.35076312825652
2026-07-17T21:18:00.946+00:00,69.943727,1784323080902.162,2082,2,1,0.3257417781069287,-0.24518202556717528,0.40864596665511344,0.5380972621350679,-0.5311764661719718,-0.2888544739447592,25.664508567975783,4.084776830019465,-7.001566493020067,24.35076312825652
2026-07-17T21:18:00.980+00:00,69.97796,1784323080935.502,2083,2,1,0.3257417781069287,-0.24518202556717528,0.40864596665511344,0.5327880547376931,-0.5311557784237524,-0.32866512853353985,21.82996666418383,3.5538560902819816,-6.9994977181981275,20.369697669378457
2026-07-17T21:18:01.011+00:00,70.01038,1784323080968.842,2084,2,1,0.3508910557786854,-0.22660021178825163,0.4263206791101864,0.5681108660611671,-0.525781804146277,-0.2698743097702586,27.945849576294496,7.086137222629385,-6.462100290450584,26.24877954570658
2026-07-17T21:18:01.045+00:00,70.043666,1784323081002.183,2085,2,1,0.3508910557786854,-0.22660021178825163,0.4263206791101864,0.5681108660611671,-0.525781804146277,-0.2698743097702586,27.945849576294496,7.086137222629385,-6.462100290450584,26.24877954570658
2026-07-17T21:18:01.078+00:00,70.077117,1784323081035.523,2086,2,1,0.35122530145938413,-0.23543686461428132,0.4380374241453845,0.563327922014538,-0.5324620731900842,-0.2577097004747717,29.134888619746334,6.607842817966469,-7.130127194831309,27.46524047525527
2026-07-17T21:18:01.112+00:00,70.109945,1784323081068.864,2087,2,1,0.35122530145938413,-0.23543686461428132,0.4380374241453845,0.5594862850184248,-0.5323318917684992,-0.29876433999656826,25.200527419955357,6.223679118355152,-7.117109052672804,23.359776523075617
2026-07-17T21:18:01.145+00:00,70.143198,1784323081102.204,2088,2,1,0.3508910557786854,-0.22660021178825163,0.4263206791101864,0.5701700721789988,-0.5176614109456675,-0.31169156248209123,23.917612355423266,7.2920578344125575,-5.650060970389642,22.06705427452332
2026-07-17T21:18:01.178+00:00,70.176707,1784323081135.544,2089,2,1,0.3257417781069287,-0.24518202556717528,0.40864596665511344,0.5380972621350679,-0.5311764661719718,-0.2888544739447592,25.664508567975783,4.084776830019465,-7.001566493020067,24.35076312825652
2026-07-17T21:18:01.211+00:00,70.210462,1784323081168.885,2090,2,1,0.3257417781069287,-0.24518202556717528,0.40864596665511344,0.5327880547376931,-0.5311557784237524,-0.32866512853353985,21.82996666418383,3.5538560902819816,-6.9994977181981275,20.369697669378457
2026-07-17T21:18:01.245+00:00,70.243778,1784323081202.225,2091,2,1,0.349545571507008,-0.2436972644388787,0.4447191935329714,0.5539023974241664,-0.5380419077021323,-0.29155894913303054,25.904906099161987,5.665290358929309,-7.688110646036122,24.080315609429388
2026-07-17T21:18:01.279+00:00,70.277143,1784323081235.566,2092,2,1,0.3508910557786854,-0.22660021178825163,0.4263206791101864,0.5636476191019517,-0.5256194346999975,-0.31113796057873766,23.97993924966939,6.6398125267078445,-6.445863345822639,22.122414464858675
2026-07-17T21:18:01.313+00:00,70.311302,1784323081268.906,2093,2,1,0.3508910557786854,-0.22660021178825163,0.4263206791101864,0.5636476191019517,-0.5256194346999975,-0.31113796057873766,23.97993924966939,6.6398125267078445,-6.445863345822639,22.122414464858675
2026-07-17T21:18:01.345+00:00,70.344014,1784323081302.246,2094,2,1,0.3257417781069287,-0.24518202556717528,0.40864596665511344,0.5327880547376931,-0.5311557784237524,-0.32866512853353985,21.82996666418383,3.5538560902819816,-6.9994977181981275,20.369697669378457
2026-07-17T21:18:01.379+00:00,70.377331,1784323081335.587,2095,2,1,0.3257417781069287,-0.24518202556717528,0.40864596665511344,0.5380972621350679,-0.5311764661719718,-0.2888544739447592,25.664508567975783,4.084776830019465,-7.001566493020067,24.35076312825652
2026-07-17T21:18:01.413+00:00,70.411714,1784323081368.927,2096,2,1,0.3508910557786854,-0.22660021178825163,0.4263206791101864,0.5636476191019517,-0.5256194346999975,-0.31113796057873766,23.97993924966939,6.6398125267078445,-6.445863345822639,22.122414464858675
2026-07-17T21:18:01.446+00:00,70.444293,1784323081402.267,2097,2,1,0.35122530145938413,-0.23543686461428132,0.4380374241453845,0.563327922014538,-0.5324620731900842,-0.2577097004747717,29.134888619746334,6.607842817966469,-7.130127194831309,27.46524047525527
2026-07-17T21:18:01.477+00:00,70.476539,1784323081435.607,2098,2,1,0.3508910557786854,-0.22660021178825163,0.4263206791101864,0.5636476191019517,-0.5256194346999975,-0.31113796057873766,23.97993924966939,6.6398125267078445,-6.445863345822639,22.122414464858675
2026-07-17T21:18:01.514+00:00,70.511743,1784323081468.948,2099,2,1,0.3257417781069287,-0.24518202556717528,0.40864596665511344,0.5434935772596328,-0.5246012781762949,-0.2888120526367165,25.58902840718339,4.62440834247595,-6.344047693452376,24.355005259060793
2026-07-17T21:18:01.547+00:00,70.545554,1784323081502.288,2100,2,1,0.3257417781069287,-0.24518202556717528,0.40864596665511344,0.5380972621350679,-0.5311764661719718,-0.2888544739447592,25.664508567975783,4.084776830019465,-7.001566493020067,24.35076312825652
2026-07-17T21:18:01.582+00:00,70.580293,1784323081535.628,2101,2,1,0.349545571507008,-0.2436972644388787,0.4447191935329714,0.5539023974241664,-0.5380419077021323,-0.29155894913303054,25.904906099161987,5.665290358929309,-7.688110646036122,24.080315609429388
2026-07-17T21:18:01.614+00:00,70.612192,1784323081568.968,2102,2,1,0.35122530145938413,-0.23543686461428132,0.4380374241453845,0.5594862850184248,-0.5323318917684992,-0.29876433999656826,25.200527419955357,6.223679118355152,-7.117109052672804,23.359776523075617
2026-07-17T21:18:01.646+00:00,70.644698,1784323081602.308,2103,2,1,0.35122530145938413,-0.23543686461428132,0.4380374241453845,0.5594862850184248,-0.5323318917684992,-0.29876433999656826,25.200527419955357,6.223679118355152,-7.117109052672804,23.359776523075617
2026-07-17T21:18:01.679+00:00,70.677239,1784323081635.648,2104,2,1,0.349545571507008,-0.2436972644388787,0.4447191935329714,0.5573764869839518,-0.5381372338832151,-0.25077610744461293,29.804580291397713,6.012699314907854,-7.697643264144399,28.15859977827115
2026-07-17T21:18:01.713+00:00,70.711009,1784323081668.988,2105,2,1,0.3257417781069287,-0.24518202556717528,0.40864596665511344,0.5380972621350679,-0.5311764661719718,-0.2888544739447592,25.664508567975783,4.084776830019465,-7.001566493020067,24.35076312825652
2026-07-17T21:18:01.746+00:00,70.744676,1784323081702.328,2106,2,1,0.35122530145938413,-0.23543686461428132,0.4380374241453845,0.5594862850184248,-0.5323318917684992,-0.29876433999656826,25.200527419955357,6.223679118355152,-7.117109052672804,23.359776523075617
2026-07-17T21:18:01.779+00:00,70.777333,1784323081735.667,2107,2,1,0.3508910557786854,-0.22660021178825163,0.4263206791101864,0.5681108660611671,-0.525781804146277,-0.2698743097702586,27.945849576294496,7.086137222629385,-6.462100290450584,26.24877954570658
2026-07-17T21:18:01.814+00:00,70.812398,1784323081769.008,2108,2,1,0.3257417781069287,-0.24518202556717528,0.40864596665511344,0.5327880547376931,-0.5311557784237524,-0.32866512853353985,21.82996666418383,3.5538560902819816,-6.9994977181981275,20.369697669378457
2026-07-17T21:18:01.846+00:00,70.844547,1784323081802.347,2109,2,1,0.3508910557786854,-0.22660021178825163,0.4263206791101864,0.5636476191019517,-0.5256194346999975,-0.31113796057873766,23.97993924966939,6.6398125267078445,-6.445863345822639,22.122414464858675
2026-07-17T21:18:01.879+00:00,70.876989,1784323081835.686,2110,2,1,0.35122530145938413,-0.23543686461428132,0.4380374241453845,0.565742271695076,-0.5246748928651113,-0.29958016612151867,25.082410495724723,6.849277786020269,-6.351409162334015,23.278193910580576
2026-07-17T21:18:01.913+00:00,70.911537,1784323081869.026,2111,2,1,0.3257417781069287,-0.24518202556717528,0.40864596665511344,0.5327880547376931,-0.5311557784237524,-0.32866512853353985,21.82996666418383,3.5538560902819816,-6.9994977181981275,20.369697669378457
2026-07-17T21:18:01.946+00:00,70.945458,1784323081902.366,2112,2,1,0.35122530145938413,-0.23543686461428132,0.4380374241453845,0.563327922014538,-0.5324620731900842,-0.2577097004747717,29.134888619746334,6.607842817966469,-7.130127194831309,27.46524047525527
2026-07-17T21:18:01.979+00:00,70.977334,1784323081935.706,2113,2,1,0.3508910557786854,-0.22660021178825163,0.4263206791101864,0.5681108660611671,-0.525781804146277,-0.2698743097702586,27.945849576294496,7.086137222629385,-6.462100290450584,26.24877954570658
2026-07-17T21:18:02.014+00:00,71.011688,1784323081969.046,2114,2,1,0.3508910557786854,-0.22660021178825163,0.4263206791101864,0.5681108660611671,-0.525781804146277,-0.2698743097702586,27.945849576294496,7.086137222629385,-6.462100290450584,26.24877954570658
2026-07-17T21:18:02.048+00:00,71.045871,1784323082002.386,2115,2,1,0.3257417781069287,-0.24518202556717528,0.40864596665511344,0.5380972621350679,-0.5311764661719718,-0.2888544739447592,25.664508567975783,4.084776830019465,-7.001566493020067,24.35076312825652
2026-07-17T21:18:02.080+00:00,71.078034,1784323082035.726,2116,2,1,0.3257417781069287,-0.24518202556717528,0.40864596665511344,0.5327880547376931,-0.5311557784237524,-0.32866512853353985,21.82996666418383,3.5538560902819816,-6.9994977181981275,20.369697669378457
2026-07-17T21:18:02.114+00:00,71.111721,1784323082069.066,2117,2,1,0.35122530145938413,-0.23543686461428132,0.4380374241453845,0.563327922014538,-0.5324620731900842,-0.2577097004747717,29.134888619746334,6.607842817966469,-7.130127194831309,27.46524047525527
2026-07-17T21:18:02.147+00:00,71.144589,1784323082102.406,2118,2,1,0.35122530145938413,-0.23543686461428132,0.4380374241453845,0.565742271695076,-0.5246748928651113,-0.29958016612151867,25.082410495724723,6.849277786020269,-6.351409162334015,23.278193910580576
2026-07-17T21:18:02.181+00:00,71.179087,1784323082135.746,2119,2,1,0.3508910557786854,-0.22660021178825163,0.4263206791101864,0.5681108660611671,-0.525781804146277,-0.2698743097702586,27.945849576294496,7.086137222629385,-6.462100290450584,26.24877954570658
2026-07-17T21:18:02.212+00:00,71.210568,1784323082169.085,2120,2,1,0.3508910557786854,-0.22660021178825163,0.4263206791101864,0.5636476191019517,-0.5256194346999975,-0.31113796057873766,23.97993924966939,6.6398125267078445,-6.445863345822639,22.122414464858675
2026-07-17T21:18:02.245+00:00,71.243548,1784323082202.425,2121,2,1,0.349545571507008,-0.2436972644388787,0.4447191935329714,0.5539023974241664,-0.5380419077021323,-0.29155894913303054,25.904906099161987,5.665290358929309,-7.688110646036122,24.080315609429388
2026-07-17T21:18:02.281+00:00,71.278712,1784323082235.765,2122,2,1,0.349545571507008,-0.2436972644388787,0.4447191935329714,0.5539023974241664,-0.5380419077021323,-0.29155894913303054,25.904906099161987,5.665290358929309,-7.688110646036122,24.080315609429388
2026-07-17T21:18:02.313+00:00,71.310851,1784323082269.104,2123,2,1,0.3508910557786854,-0.22660021178825163,0.4263206791101864,0.5636476191019517,-0.5256194346999975,-0.31113796057873766,23.97993924966939,6.6398125267078445,-6.445863345822639,22.122414464858675
2026-07-17T21:18:02.348+00:00,71.345871,1784323082302.444,2124,2,1,0.3508910557786854,-0.22660021178825163,0.4263206791101864,0.5731072036203141,-0.5196273630909339,-0.26910269613811905,28.01396927647914,7.5857709785440814,-5.846656184916283,26.325940908920536
2026-07-17T21:18:02.381+00:00,71.379005,1784323082335.784,2125,2,1,0.3508910557786854,-0.22660021178825163,0.4263206791101864,0.5636476191019517,-0.5256194346999975,-0.31113796057873766,23.97993924966939,6.6398125267078445,-6.445863345822639,22.122414464858675
2026-07-17T21:18:02.414+00:00,71.411238,1784323082369.124,2126,2,1,0.3257417781069287,-0.24518202556717528,0.40864596665511344,0.5327880547376931,-0.5311557784237524,-0.32866512853353985,21.82996666418383,3.5538560902819816,-6.9994977181981275,20.369697669378457
2026-07-17T21:18:02.445+00:00,71.443822,1784323082402.464,2127,2,1,0.349545571507008,-0.2436972644388787,0.4447191935329714,0.5539023974241664,-0.5380419077021323,-0.29155894913303054,25.904906099161987,5.665290358929309,-7.688110646036122,24.080315609429388
2026-07-17T21:18:02.481+00:00,71.478437,1784323082435.803,2128,2,1,0.3508910557786854,-0.22660021178825163,0.4263206791101864,0.5636476191019517,-0.5256194346999975,-0.31113796057873766,23.97993924966939,6.6398125267078445,-6.445863345822639,22.122414464858675
2026-07-17T21:18:02.514+00:00,71.512251,1784323082469.143,2129,2,1,0.3508910557786854,-0.22660021178825163,0.4263206791101864,0.5681108660611671,-0.525781804146277,-0.2698743097702586,27.945849576294496,7.086137222629385,-6.462100290450584,26.24877954570658
2026-07-17T21:18:02.547+00:00,71.545627,1784323082502.483,2130,2,1,0.3508910557786854,-0.22660021178825163,0.4263206791101864,0.5636476191019517,-0.5256194346999975,-0.31113796057873766,23.97993924966939,6.6398125267078445,-6.445863345822639,22.122414464858675
2026-07-17T21:18:02.580+00:00,71.578178,1784323082535.823,2131,2,1,0.3508910557786854,-0.22660021178825163,0.4263206791101864,0.5636476191019517,-0.5256194346999975,-0.31113796057873766,23.97993924966939,6.6398125267078445,-6.445863345822639,22.122414464858675
2026-07-17T21:18:02.613+00:00,71.611831,1784323082569.164,2132,2,1,0.35122530145938413,-0.23543686461428132,0.4380374241453845,0.565742271695076,-0.5246748928651113,-0.29958016612151867,25.082410495724723,6.849277786020269,-6.351409162334015,23.278193910580576
2026-07-17T21:18:02.645+00:00,71.643785,1784323082602.504,2133,2,1,0.3257417781069287,-0.24518202556717528,0.40864596665511344,0.5327880547376931,-0.5311557784237524,-0.32866512853353985,21.82996666418383,3.5538560902819816,-6.9994977181981275,20.369697669378457
2026-07-17T21:18:02.680+00:00,71.677419,1784323082635.844,2134,2,1,0.3257417781069287,-0.24518202556717528,0.40864596665511344,0.5380972621350679,-0.5311764661719718,-0.2888544739447592,25.664508567975783,4.084776830019465,-7.001566493020067,24.35076312825652
2026-07-17T21:18:02.711+00:00,71.71083,1784323082669.185,2135,2,1,0.35122530145938413,-0.23543686461428132,0.4380374241453845,0.565742271695076,-0.5246748928651113,-0.29958016612151867,25.082410495724723,6.849277786020269,-6.351409162334015,23.278193910580576
2026-07-17T21:18:02.746+00:00,71.743925,1784323082702.525,2136,2,1,0.3257417781069287,-0.24518202556717528,0.40864596665511344,0.5327880547376931,-0.5311557784237524,-0.32866512853353985,21.82996666418383,3.5538560902819816,-6.9994977181981275,20.369697669378457
2026-07-17T21:18:02.779+00:00,71.776898,1784323082735.865,2137,2,1,0.35122530145938413,-0.23543686461428132,0.4380374241453845,0.5594862850184248,-0.5323318917684992,-0.29876433999656826,25.200527419955357,6.223679118355152,-7.117109052672804,23.359776523075617
2026-07-17T21:18:02.813+00:00,71.811374,1784323082769.205,2138,2,1,0.3508910557786854,-0.22660021178825163,0.4263206791101864,0.5636476191019517,-0.5256194346999975,-0.31113796057873766,23.97993924966939,6.6398125267078445,-6.445863345822639,22.122414464858675
2026-07-17T21:18:02.848+00:00,71.845833,1784323082802.545,2139,2,1,0.35122530145938413,-0.23543686461428132,0.4380374241453845,0.5594862850184248,-0.5323318917684992,-0.29876433999656826,25.200527419955357,6.223679118355152,-7.117109052672804,23.359776523075617
2026-07-17T21:18:02.879+00:00,71.878396,1784323082835.885,2140,2,1,0.3257417781069287,-0.24518202556717528,0.40864596665511344,0.5380972621350679,-0.5311764661719718,-0.2888544739447592,25.664508567975783,4.084776830019465,-7.001566493020067,24.35076312825652
2026-07-17T21:18:02.914+00:00,71.911519,1784323082869.226,2141,2,1,0.3508910557786854,-0.22660021178825163,0.4263206791101864,0.5681108660611671,-0.525781804146277,-0.2698743097702586,27.945849576294496,7.086137222629385,-6.462100290450584,26.24877954570658
2026-07-17T21:18:02.946+00:00,71.944036,1784323082902.566,2142,2,1,0.3508910557786854,-0.22660021178825163,0.4263206791101864,0.5636476191019517,-0.5256194346999975,-0.31113796057873766,23.97993924966939,6.6398125267078445,-6.445863345822639,22.122414464858675
2026-07-17T21:18:02.979+00:00,71.977581,1784323082935.906,2143,2,1,0.349545571507008,-0.2436972644388787,0.4447191935329714,0.5539023974241664,-0.5380419077021323,-0.29155894913303054,25.904906099161987,5.665290358929309,-7.688110646036122,24.080315609429388
2026-07-17T21:18:03.015+00:00,72.012293,1784323082969.247,2144,2,1,0.34531195093757594,-0.25258006842029157,0.44967673614284953,0.5458049409760419,-0.5432102146189948,-0.2861622111265382,26.40153888277418,4.855544714116866,-8.204941337722365,24.61998941007862
2026-07-17T21:18:03.047+00:00,72.045709,1784323083002.587,2145,2,1,0.349545571507008,-0.2436972644388787,0.4447191935329714,0.5619820082248853,-0.5323902935220721,-0.25050262881424806,29.784006351331602,6.473251439001205,-7.122949228030101,28.185947641307635
2026-07-17T21:18:03.080+00:00,72.077988,1784323083035.927,2146,2,1,0.35122530145938413,-0.23543686461428132,0.4380374241453845,0.565742271695076,-0.5246748928651113,-0.29958016612151867,25.082410495724723,6.849277786020269,-6.351409162334015,23.278193910580576
2026-07-17T21:18:03.114+00:00,72.112053,1784323083069.268,2147,2,1,0.35122530145938413,-0.23543686461428132,0.4380374241453845,0.563327922014538,-0.5324620731900842,-0.2577097004747717,29.134888619746334,6.607842817966469,-7.130127194831309,27.46524047525527
2026-07-17T21:18:03.145+00:00,72.144336,1784323083102.608,2148,2,1,0.35626927701780553,-0.25217732072445753,0.4707569946873814,0.5553429594811021,-0.5461967122872711,-0.26460508850978354,28.687937695067106,5.809346564622886,-8.503591104549995,26.77570167175409
2026-07-17T21:18:03.182+00:00,72.179577,1784323083135.948,2149,2,1,0.3257417781069287,-0.24518202556717528,0.40864596665511344,0.5434935772596328,-0.5246012781762949,-0.2888120526367165,25.58902840718339,4.62440834247595,-6.344047693452376,24.355005259060793
2026-07-17T21:18:03.214+00:00,72.212944,1784323083169.288,2150,2,1,0.3508910557786854,-0.22660021178825163,0.4263206791101864,0.5731072036203141,-0.5196273630909339,-0.26910269613811905,28.01396927647914,7.5857709785440814,-5.846656184916283,26.325940908920536
2026-07-17T21:18:03.246+00:00,72.245037,1784323083202.628,2151,2,1,0.35122530145938413,-0.23543686461428132,0.4380374241453845,0.5594862850184248,-0.5323318917684992,-0.29876433999656826,25.200527419955357,6.223679118355152,-7.117109052672804,23.359776523075617
2026-07-17T21:18:03.282+00:00,72.279284,1784323083235.968,2152,2,1,0.3508910557786854,-0.22660021178825163,0.4263206791101864,0.5636476191019517,-0.5256194346999975,-0.31113796057873766,23.97993924966939,6.6398125267078445,-6.445863345822639,22.122414464858675
2026-07-17T21:18:03.313+00:00,72.311998,1784323083269.309,2153,2,1,0.3508910557786854,-0.22660021178825163,0.4263206791101864,0.5681108660611671,-0.525781804146277,-0.2698743097702586,27.945849576294496,7.086137222629385,-6.462100290450584,26.24877954570658
2026-07-17T21:18:03.347+00:00,72.3446,1784323083302.649,2154,2,1,0.35122530145938413,-0.23543686461428132,0.4380374241453845,0.5594862850184248,-0.5323318917684992,-0.29876433999656826,25.200527419955357,6.223679118355152,-7.117109052672804,23.359776523075617
2026-07-17T21:18:03.380+00:00,72.378488,1784323083335.989,2155,2,1,0.34531195093757594,-0.25258006842029157,0.44967673614284953,0.5490037074332281,-0.5432594947634908,-0.24576971308377193,30.257873907087582,5.175421359835486,-8.209869352171967,28.659239214355246
2026-07-17T21:18:03.412+00:00,72.410195,1784323083369.33,2156,2,1,0.3508910557786854,-0.22660021178825163,0.4263206791101864,0.5731072036203141,-0.5196273630909339,-0.26910269613811905,28.01396927647914,7.5857709785440814,-5.846656184916283,26.325940908920536
2026-07-17T21:18:03.446+00:00,72.445372,1784323083402.67,2157,2,1,0.35122530145938413,-0.23543686461428132,0.4380374241453845,0.5594862850184248,-0.5323318917684992,-0.29876433999656826,25.200527419955357,6.223679118355152,-7.117109052672804,23.359776523075617
2026-07-17T21:18:03.481+00:00,72.479623,1784323083436.01,2158,2,1,0.3508910557786854,-0.22660021178825163,0.4263206791101864,0.5636476191019517,-0.5256194346999975,-0.31113796057873766,23.97993924966939,6.6398125267078445,-6.445863345822639,22.122414464858675
2026-07-17T21:18:03.513+00:00,72.510745,1784323083469.351,2159,2,1,0.35122530145938413,-0.23543686461428132,0.4380374241453845,0.5594862850184248,-0.5323318917684992,-0.29876433999656826,25.200527419955357,6.223679118355152,-7.117109052672804,23.359776523075617
2026-07-17T21:18:03.547+00:00,72.546045,1784323083502.691,2160,2,1,0.35122530145938413,-0.23543686461428132,0.4380374241453845,0.565742271695076,-0.5246748928651113,-0.29958016612151867,25.082410495724723,6.849277786020269,-6.351409162334015,23.278193910580576
2026-07-17T21:18:03.581+00:00,72.578813,1784323083536.031,2161,2,1,0.3508910557786854,-0.22660021178825163,0.4263206791101864,0.5681108660611671,-0.525781804146277,-0.2698743097702586,27.945849576294496,7.086137222629385,-6.462100290450584,26.24877954570658
2026-07-17T21:18:03.613+00:00,72.611142,1784323083569.371,2162,2,1,0.3257417781069287,-0.24518202556717528,0.40864596665511344,0.5327880547376931,-0.5311557784237524,-0.32866512853353985,21.82996666418383,3.5538560902819816,-6.9994977181981275,20.369697669378457
2026-07-17T21:18:03.647+00:00,72.645046,1784323083602.711,2163,2,1,0.35122530145938413,-0.23543686461428132,0.4380374241453845,0.563327922014538,-0.5324620731900842,-0.2577097004747717,29.134888619746334,6.607842817966469,-7.130127194831309,27.46524047525527
2026-07-17T21:18:03.680+00:00,72.678131,1784323083636.051,2164,2,1,0.35122530145938413,-0.23543686461428132,0.4380374241453845,0.565742271695076,-0.5246748928651113,-0.29958016612151867,25.082410495724723,6.849277786020269,-6.351409162334015,23.278193910580576
2026-07-17T21:18:03.714+00:00,72.711922,1784323083669.391,2165,2,1,0.3257417781069287,-0.24518202556717528,0.40864596665511344,0.5327880547376931,-0.5311557784237524,-0.32866512853353985,21.82996666418383,3.5538560902819816,-6.9994977181981275,20.369697669378457
2026-07-17T21:18:03.745+00:00,72.74459,1784323083702.731,2166,2,1,0.34531195093757594,-0.25258006842029157,0.44967673614284953,0.5458049409760419,-0.5432102146189948,-0.2861622111265382,26.40153888277418,4.855544714116866,-8.204941337722365,24.61998941007862
2026-07-17T21:18:03.780+00:00,72.777793,1784323083736.072,2167,2,1,0.35122530145938413,-0.23543686461428132,0.4380374241453845,0.5680746961155629,-0.5265680556195592,-0.2571871213303143,29.157433008764862,7.082520228068967,-6.540725437778811,27.51749838970101
2026-07-17T21:18:03.814+00:00,72.81136,1784323083769.412,2168,2,1,0.35122530145938413,-0.23543686461428132,0.4380374241453845,0.563327922014538,-0.5324620731900842,-0.2577097004747717,29.134888619746334,6.607842817966469,-7.130127194831309,27.46524047525527
2026-07-17T21:18:03.846+00:00,72.845151,1784323083802.752,2169,2,1,0.3508910557786854,-0.22660021178825163,0.4263206791101864,0.5636476191019517,-0.5256194346999975,-0.31113796057873766,23.97993924966939,6.6398125267078445,-6.445863345822639,22.122414464858675
2026-07-17T21:18:03.881+00:00,72.878887,1784323083836.092,2170,2,1,0.3508910557786854,-0.22660021178825163,0.4263206791101864,0.5681108660611671,-0.525781804146277,-0.2698743097702586,27.945849576294496,7.086137222629385,-6.462100290450584,26.24877954570658
2026-07-17T21:18:03.915+00:00,72.913017,1784323083869.433,2171,2,1,0.3508910557786854,-0.22660021178825163,0.4263206791101864,0.5636476191019517,-0.5256194346999975,-0.31113796057873766,23.97993924966939,6.6398125267078445,-6.445863345822639,22.122414464858675
2026-07-17T21:18:03.947+00:00,72.944929,1784323083902.773,2172,2,1,0.3508910557786854,-0.22660021178825163,0.4263206791101864,0.5636476191019517,-0.5256194346999975,-0.31113796057873766,23.97993924966939,6.6398125267078445,-6.445863345822639,22.122414464858675
2026-07-17T21:18:03.979+00:00,72.977829,1784323083936.113,2173,2,1,0.349545571507008,-0.2436972644388787,0.4447191935329714,0.5573764869839518,-0.5381372338832151,-0.25077610744461293,29.804580291397713,6.012699314907854,-7.697643264144399,28.15859977827115
2026-07-17T21:18:04.012+00:00,73.010698,1784323083969.453,2174,2,1,0.3508910557786854,-0.22660021178825163,0.4263206791101864,0.5681108660611671,-0.525781804146277,-0.2698743097702586,27.945849576294496,7.086137222629385,-6.462100290450584,26.24877954570658
2026-07-17T21:18:04.047+00:00,73.044849,1784323084002.793,2175,2,1,0.35122530145938413,-0.23543686461428132,0.4380374241453845,0.563327922014538,-0.5324620731900842,-0.2577097004747717,29.134888619746334,6.607842817966469,-7.130127194831309,27.46524047525527
2026-07-17T21:18:04.080+00:00,73.078957,1784323084036.134,2176,2,1,0.35122530145938413,-0.23543686461428132,0.4380374241453845,0.5594862850184248,-0.5323318917684992,-0.29876433999656826,25.200527419955357,6.223679118355152,-7.117109052672804,23.359776523075617
2026-07-17T21:18:04.114+00:00,73.112992,1784323084069.473,2177,2,1,0.3508910557786854,-0.22660021178825163,0.4263206791101864,0.5636476191019517,-0.5256194346999975,-0.31113796057873766,23.97993924966939,6.6398125267078445,-6.445863345822639,22.122414464858675
2026-07-17T21:18:04.148+00:00,73.145857,1784323084102.813,2178,2,1,0.3508910557786854,-0.22660021178825163,0.4263206791101864,0.5731072036203141,-0.5196273630909339,-0.26910269613811905,28.01396927647914,7.5857709785440814,-5.846656184916283,26.325940908920536
2026-07-17T21:18:04.179+00:00,73.177551,1784323084136.153,2179,2,1,0.35122530145938413,-0.23543686461428132,0.4380374241453845,0.563327922014538,-0.5324620731900842,-0.2577097004747717,29.134888619746334,6.607842817966469,-7.130127194831309,27.46524047525527
2026-07-17T21:18:04.213+00:00,73.21218,1784323084169.494,2180,2,1,0.34531195093757594,-0.25258006842029157,0.44967673614284953,0.5458049409760419,-0.5432102146189948,-0.2861622111265382,26.40153888277418,4.855544714116866,-8.204941337722365,24.61998941007862
2026-07-17T21:18:04.245+00:00,73.244347,1784323084202.834,2181,2,1,0.3257417781069287,-0.24518202556717528,0.40864596665511344,0.5380972621350679,-0.5311764661719718,-0.2888544739447592,25.664508567975783,4.084776830019465,-7.001566493020067,24.35076312825652
2026-07-17T21:18:04.280+00:00,73.278506,1784323084236.174,2182,2,1,0.35122530145938413,-0.23543686461428132,0.4380374241453845,0.565742271695076,-0.5246748928651113,-0.29958016612151867,25.082410495724723,6.849277786020269,-6.351409162334015,23.278193910580576
2026-07-17T21:18:04.314+00:00,73.311379,1784323084269.514,2183,2,1,0.3508910557786854,-0.22660021178825163,0.4263206791101864,0.5636476191019517,-0.5256194346999975,-0.31113796057873766,23.97993924966939,6.6398125267078445,-6.445863345822639,22.122414464858675
2026-07-17T21:18:04.348+00:00,73.3459,1784323084302.854,2184,2,1,0.35122530145938413,-0.23543686461428132,0.4380374241453845,0.5594862850184248,-0.5323318917684992,-0.29876433999656826,25.200527419955357,6.223679118355152,-7.117109052672804,23.359776523075617
2026-07-17T21:18:04.379+00:00,73.377287,1784323084336.195,2185,2,1,0.35122530145938413,-0.23543686461428132,0.4380374241453845,0.5594862850184248,-0.5323318917684992,-0.29876433999656826,25.200527419955357,6.223679118355152,-7.117109052672804,23.359776523075617
2026-07-17T21:18:04.413+00:00,73.411044,1784323084369.535,2186,2,1,0.349545571507008,-0.2436972644388787,0.4447191935329714,0.5539023974241664,-0.5380419077021323,-0.29155894913303054,25.904906099161987,5.665290358929309,-7.688110646036122,24.080315609429388
2026-07-17T21:18:04.447+00:00,73.445341,1784323084402.875,2187,2,1,0.3257417781069287,-0.24518202556717528,0.40864596665511344,0.5327880547376931,-0.5311557784237524,-0.32866512853353985,21.82996666418383,3.5538560902819816,-6.9994977181981275,20.369697669378457
2026-07-17T21:18:04.480+00:00,73.477939,1784323084436.215,2188,2,1,0.3508910557786854,-0.22660021178825163,0.4263206791101864,0.5681108660611671,-0.525781804146277,-0.2698743097702586,27.945849576294496,7.086137222629385,-6.462100290450584,26.24877954570658
2026-07-17T21:18:04.513+00:00,73.511429,1784323084469.555,2189,2,1,0.35122530145938413,-0.23543686461428132,0.4380374241453845,0.5594862850184248,-0.5323318917684992,-0.29876433999656826,25.200527419955357,6.223679118355152,-7.117109052672804,23.359776523075617
2026-07-17T21:18:04.546+00:00,73.544218,1784323084502.895,2190,2,1,0.35122530145938413,-0.23543686461428132,0.4380374241453845,0.563327922014538,-0.5324620731900842,-0.2577097004747717,29.134888619746334,6.607842817966469,-7.130127194831309,27.46524047525527
2026-07-17T21:18:04.581+00:00,73.578946,1784323084536.235,2191,2,1,0.3508910557786854,-0.22660021178825163,0.4263206791101864,0.5681108660611671,-0.525781804146277,-0.2698743097702586,27.945849576294496,7.086137222629385,-6.462100290450584,26.24877954570658
2026-07-17T21:18:04.614+00:00,73.612148,1784323084569.575,2192,2,1,0.3508910557786854,-0.22660021178825163,0.4263206791101864,0.5681108660611671,-0.525781804146277,-0.2698743097702586,27.945849576294496,7.086137222629385,-6.462100290450584,26.24877954570658
2026-07-17T21:18:04.645+00:00,73.644757,1784323084602.916,2193,2,1,0.35122530145938413,-0.23543686461428132,0.4380374241453845,0.563327922014538,-0.5324620731900842,-0.2577097004747717,29.134888619746334,6.607842817966469,-7.130127194831309,27.46524047525527
2026-07-17T21:18:04.678+00:00,73.677694,1784323084636.256,2194,2,1,0.3508910557786854,-0.22660021178825163,0.4263206791101864,0.5681108660611671,-0.525781804146277,-0.2698743097702586,27.945849576294496,7.086137222629385,-6.462100290450584,26.24877954570658
2026-07-17T21:18:04.713+00:00,73.711641,1784323084669.596,2195,2,1,0.35122530145938413,-0.23543686461428132,0.4380374241453845,0.5594862850184248,-0.5323318917684992,-0.29876433999656826,25.200527419955357,6.223679118355152,-7.117109052672804,23.359776523075617
2026-07-17T21:18:04.747+00:00,73.745583,1784323084702.937,2196,2,1,0.349545571507008,-0.2436972644388787,0.4447191935329714,0.5552723908791047,-0.5375686460606144,-0.25899731126046166,28.971214319011768,5.802289704423147,-7.640784481884327,27.336479396686276
2026-07-17T21:18:04.779+00:00,73.778322,1784323084736.277,2197,2,1,0.35122530145938413,-0.23543686461428132,0.4380374241453845,0.5680746961155629,-0.5265680556195592,-0.2571871213303143,29.157433008764862,7.082520228068967,-6.540725437778811,27.51749838970101
2026-07-17T21:18:04.815+00:00,73.812929,1784323084769.617,2198,2,1,0.3508910557786854,-0.22660021178825163,0.4263206791101864,0.5636476191019517,-0.5256194346999975,-0.31113796057873766,23.97993924966939,6.6398125267078445,-6.445863345822639,22.122414464858675
2026-07-17T21:18:04.846+00:00,73.84517,1784323084802.957,2199,2,1,0.349545571507008,-0.2436972644388787,0.4447191935329714,0.5539023974241664,-0.5380419077021323,-0.29155894913303054,25.904906099161987,5.665290358929309,-7.688110646036122,24.080315609429388
2026-07-17T21:18:04.880+00:00,73.878303,1784323084836.298,2200,2,1,0.3508910557786854,-0.22660021178825163,0.4263206791101864,0.5636476191019517,-0.5256194346999975,-0.31113796057873766,23.97993924966939,6.6398125267078445,-6.445863345822639,22.122414464858675
2026-07-17T21:18:04.914+00:00,73.91255,1784323084869.638,2201,2,1,0.3508910557786854,-0.22660021178825163,0.4263206791101864,0.5636476191019517,-0.5256194346999975,-0.31113796057873766,23.97993924966939,6.6398125267078445,-6.445863345822639,22.122414464858675
2026-07-17T21:18:04.947+00:00,73.944496,1784323084902.978,2202,2,1,0.349545571507008,-0.2436972644388787,0.4447191935329714,0.5573764869839518,-0.5381372338832151,-0.25077610744461293,29.804580291397713,6.012699314907854,-7.697643264144399,28.15859977827115
2026-07-17T21:18:04.980+00:00,73.977619,1784323084936.319,2203,2,1,0.3257417781069287,-0.24518202556717528,0.40864596665511344,0.5434935772596328,-0.5246012781762949,-0.2888120526367165,25.58902840718339,4.62440834247595,-6.344047693452376,24.355005259060793
2026-07-17T21:18:05.012+00:00,74.010831,1784323084969.658,2204,2,1,0.3551433233138136,-0.2522692685511808,0.4695015676695752,0.5543291776947381,-0.5458468206797901,-0.26590975149157653,28.53535859405288,5.707968385986484,-8.468601943801895,26.64523537357479
2026-07-17T21:18:05.045+00:00,74.044025,1784323085002.998,2205,2,1,0.35122530145938413,-0.23543686461428132,0.4380374241453845,0.563327922014538,-0.5324620731900842,-0.2577097004747717,29.134888619746334,6.607842817966469,-7.130127194831309,27.46524047525527
2026-07-17T21:18:05.079+00:00,74.077655,1784323085036.338,2206,2,1,0.3508910557786854,-0.22660021178825163,0.4263206791101864,0.5636476191019517,-0.5256194346999975,-0.31113796057873766,23.97993924966939,6.6398125267078445,-6.445863345822639,22.122414464858675
2026-07-17T21:18:05.113+00:00,74.111413,1784323085069.679,2207,2,1,0.3508910557786854,-0.22660021178825163,0.4263206791101864,0.5681108660611671,-0.525781804146277,-0.2698743097702586,27.945849576294496,7.086137222629385,-6.462100290450584,26.24877954570658
2026-07-17T21:18:05.146+00:00,74.145172,1784323085103.019,2208,2,1,0.35122530145938413,-0.23543686461428132,0.4380374241453845,0.5594862850184248,-0.5323318917684992,-0.29876433999656826,25.200527419955357,6.223679118355152,-7.117109052672804,23.359776523075617
2026-07-17T21:18:05.180+00:00,74.178413,1784323085136.359,2209,2,1,0.3508910557786854,-0.22660021178825163,0.4263206791101864,0.5636476191019517,-0.5256194346999975,-0.31113796057873766,23.97993924966939,6.6398125267078445,-6.445863345822639,22.122414464858675
2026-07-17T21:18:05.212+00:00,74.210785,1784323085169.7,2210,2,1,0.3508910557786854,-0.22660021178825163,0.4263206791101864,0.5681108660611671,-0.525781804146277,-0.2698743097702586,27.945849576294496,7.086137222629385,-6.462100290450584,26.24877954570658
2026-07-17T21:18:05.247+00:00,74.245071,1784323085203.04,2211,2,1,0.3508910557786854,-0.22660021178825163,0.4263206791101864,0.5636476191019517,-0.5256194346999975,-0.31113796057873766,23.97993924966939,6.6398125267078445,-6.445863345822639,22.122414464858675
2026-07-17T21:18:05.280+00:00,74.278075,1784323085236.38,2212,2,1,0.3508910557786854,-0.22660021178825163,0.4263206791101864,0.5636476191019517,-0.5256194346999975,-0.31113796057873766,23.97993924966939,6.6398125267078445,-6.445863345822639,22.122414464858675
2026-07-17T21:18:05.316+00:00,74.313664,1784323085269.72,2213,2,1,0.3508910557786854,-0.22660021178825163,0.4263206791101864,0.5636476191019517,-0.5256194346999975,-0.31113796057873766,23.97993924966939,6.6398125267078445,-6.445863345822639,22.122414464858675
2026-07-17T21:18:05.348+00:00,74.345866,1784323085303.061,2214,2,1,0.3508910557786854,-0.22660021178825163,0.4263206791101864,0.5636476191019517,-0.5256194346999975,-0.31113796057873766,23.97993924966939,6.6398125267078445,-6.445863345822639,22.122414464858675
2026-07-17T21:18:05.379+00:00,74.378386,1784323085336.401,2215,2,1,0.35122530145938413,-0.23543686461428132,0.4380374241453845,0.563327922014538,-0.5324620731900842,-0.2577097004747717,29.134888619746334,6.607842817966469,-7.130127194831309,27.46524047525527
2026-07-17T21:18:05.414+00:00,74.412015,1784323085369.741,2216,2,1,0.3508910557786854,-0.22660021178825163,0.4263206791101864,0.5681108660611671,-0.525781804146277,-0.2698743097702586,27.945849576294496,7.086137222629385,-6.462100290450584,26.24877954570658
2026-07-17T21:18:05.448+00:00,74.446469,1784323085403.081,2217,2,1,0.3508910557786854,-0.22660021178825163,0.4263206791101864,0.5681108660611671,-0.525781804146277,-0.2698743097702586,27.945849576294496,7.086137222629385,-6.462100290450584,26.24877954570658
2026-07-17T21:18:05.481+00:00,74.479417,1784323085436.421,2218,2,1,0.35122530145938413,-0.23543686461428132,0.4380374241453845,0.5594862850184248,-0.5323318917684992,-0.29876433999656826,25.200527419955357,6.223679118355152,-7.117109052672804,23.359776523075617
2026-07-17T21:18:05.513+00:00,74.511116,1784323085469.761,2219,2,1,0.3508910557786854,-0.22660021178825163,0.4263206791101864,0.5636476191019517,-0.5256194346999975,-0.31113796057873766,23.97993924966939,6.6398125267078445,-6.445863345822639,22.122414464858675
2026-07-17T21:18:05.546+00:00,74.544867,1784323085503.102,2220,2,1,0.35122530145938413,-0.23543686461428132,0.4380374241453845,0.5611639337541685,-0.5318887296392977,-0.2659779997739361,28.29275298089685,6.391443991929524,-7.0727928397526565,26.638410545338832
2026-07-17T21:18:05.582+00:00,74.580117,1784323085536.441,2221,2,1,0.3508910557786854,-0.22660021178825163,0.4263206791101864,0.5636476191019517,-0.5256194346999975,-0.31113796057873766,23.97993924966939,6.6398125267078445,-6.445863345822639,22.122414464858675
2026-07-17T21:18:05.612+00:00,74.611638,1784323085569.781,2222,2,1,0.3508910557786854,-0.22660021178825163,0.4263206791101864,0.5636476191019517,-0.5256194346999975,-0.31113796057873766,23.97993924966939,6.6398125267078445,-6.445863345822639,22.122414464858675
2026-07-17T21:18:05.647+00:00,74.645521,1784323085603.121,2223,2,1,0.3508910557786854,-0.22660021178825163,0.4263206791101864,0.5636476191019517,-0.5256194346999975,-0.31113796057873766,23.97993924966939,6.6398125267078445,-6.445863345822639,22.122414464858675
2026-07-17T21:18:05.681+00:00,74.678913,1784323085636.46,2224,2,1,0.349545571507008,-0.2436972644388787,0.4447191935329714,0.5539023974241664,-0.5380419077021323,-0.29155894913303054,25.904906099161987,5.665290358929309,-7.688110646036122,24.080315609429388
2026-07-17T21:18:05.715+00:00,74.712665,1784323085669.8,2225,2,1,0.35122530145938413,-0.23543686461428132,0.4380374241453845,0.5594862850184248,-0.5323318917684992,-0.29876433999656826,25.200527419955357,6.223679118355152,-7.117109052672804,23.359776523075617
2026-07-17T21:18:05.746+00:00,74.744699,1784323085703.14,2226,2,1,0.35122530145938413,-0.23543686461428132,0.4380374241453845,0.5594862850184248,-0.5323318917684992,-0.29876433999656826,25.200527419955357,6.223679118355152,-7.117109052672804,23.359776523075617
2026-07-17T21:18:05.789+00:00,74.786304,1784323085736.48,2227,2,1,0.3508910557786854,-0.22660021178825163,0.4263206791101864,0.5636476191019517,-0.5256194346999975,-0.31113796057873766,23.97993924966939,6.6398125267078445,-6.445863345822639,22.122414464858675
2026-07-17T21:18:05.816+00:00,74.813777,1784323085769.819,2228,2,1,0.3508910557786854,-0.22660021178825163,0.4263206791101864,0.5681108660611671,-0.525781804146277,-0.2698743097702586,27.945849576294496,7.086137222629385,-6.462100290450584,26.24877954570658
2026-07-17T21:18:05.846+00:00,74.844667,1784323085803.159,2229,2,1,0.34519142396220404,-0.24713558056717977,0.4414083981473439,0.5484534421627298,-0.5392162717202612,-0.2948257121237197,25.522154855076494,5.120394832785657,-7.80554704784901,23.75363931036047
2026-07-17T21:18:05.880+00:00,74.878291,1784323085836.498,2230,2,1,0.35122530145938413,-0.23543686461428132,0.4380374241453845,0.5594862850184248,-0.5323318917684992,-0.29876433999656826,25.200527419955357,6.223679118355152,-7.117109052672804,23.359776523075617
2026-07-17T21:18:05.912+00:00,74.91123,1784323085869.837,2231,2,1,0.3508910557786854,-0.22660021178825163,0.4263206791101864,0.5701700721789988,-0.5176614109456675,-0.31169156248209123,23.917612355423266,7.2920578344125575,-5.650060970389642,22.06705427452332
2026-07-17T21:18:05.946+00:00,74.94505,1784323085903.177,2232,2,1,0.35122530145938413,-0.23543686461428132,0.4380374241453845,0.5594862850184248,-0.5323318917684992,-0.29876433999656826,25.200527419955357,6.223679118355152,-7.117109052672804,23.359776523075617
2026-07-17T21:18:05.980+00:00,74.978534,1784323085936.517,2233,2,1,0.35122530145938413,-0.23543686461428132,0.4380374241453845,0.563327922014538,-0.5324620731900842,-0.2577097004747717,29.134888619746334,6.607842817966469,-7.130127194831309,27.46524047525527
2026-07-17T21:18:06.014+00:00,75.012678,1784323085969.856,2234,2,1,0.3508910557786854,-0.22660021178825163,0.4263206791101864,0.5636476191019517,-0.5256194346999975,-0.31113796057873766,23.97993924966939,6.6398125267078445,-6.445863345822639,22.122414464858675
2026-07-17T21:18:06.048+00:00,75.046915,1784323086003.196,2235,2,1,0.3508910557786854,-0.22660021178825163,0.4263206791101864,0.5731072036203141,-0.5196273630909339,-0.26910269613811905,28.01396927647914,7.5857709785440814,-5.846656184916283,26.325940908920536
2026-07-17T21:18:06.081+00:00,75.078374,1784323086036.536,2236,2,1,0.3508910557786854,-0.22660021178825163,0.4263206791101864,0.5681108660611671,-0.525781804146277,-0.2698743097702586,27.945849576294496,7.086137222629385,-6.462100290450584,26.24877954570658
2026-07-17T21:18:06.113+00:00,75.111501,1784323086069.875,2237,2,1,0.3508910557786854,-0.22660021178825163,0.4263206791101864,0.5681108660611671,-0.525781804146277,-0.2698743097702586,27.945849576294496,7.086137222629385,-6.462100290450584,26.24877954570658
2026-07-17T21:18:06.148+00:00,75.145211,1784323086103.215,2238,2,1,0.3508910557786854,-0.22660021178825163,0.4263206791101864,0.5681108660611671,-0.525781804146277,-0.2698743097702586,27.945849576294496,7.086137222629385,-6.462100290450584,26.24877954570658
2026-07-17T21:18:06.180+00:00,75.178012,1784323086136.555,2239,2,1,0.3257417781069287,-0.24518202556717528,0.40864596665511344,0.5327880547376931,-0.5311557784237524,-0.32866512853353985,21.82996666418383,3.5538560902819816,-6.9994977181981275,20.369697669378457
2026-07-17T21:18:06.213+00:00,75.212294,1784323086169.894,2240,2,1,0.3508910557786854,-0.22660021178825163,0.4263206791101864,0.5636476191019517,-0.5256194346999975,-0.31113796057873766,23.97993924966939,6.6398125267078445,-6.445863345822639,22.122414464858675
2026-07-17T21:18:06.247+00:00,75.245374,1784323086203.234,2241,2,1,0.35122530145938413,-0.23543686461428132,0.4380374241453845,0.563327922014538,-0.5324620731900842,-0.2577097004747717,29.134888619746334,6.607842817966469,-7.130127194831309,27.46524047525527
2026-07-17T21:18:06.279+00:00,75.278161,1784323086236.573,2242,2,1,0.3508910557786854,-0.22660021178825163,0.4263206791101864,0.5636476191019517,-0.5256194346999975,-0.31113796057873766,23.97993924966939,6.6398125267078445,-6.445863345822639,22.122414464858675
2026-07-17T21:18:06.315+00:00,75.313094,1784323086269.912,2243,2,1,0.3508910557786854,-0.22660021178825163,0.4263206791101864,0.5636476191019517,-0.5256194346999975,-0.31113796057873766,23.97993924966939,6.6398125267078445,-6.445863345822639,22.122414464858675
2026-07-17T21:18:06.347+00:00,75.346397,1784323086303.252,2244,2,1,0.3508910557786854,-0.22660021178825163,0.4263206791101864,0.5636476191019517,-0.5256194346999975,-0.31113796057873766,23.97993924966939,6.6398125267078445,-6.445863345822639,22.122414464858675
2026-07-17T21:18:06.380+00:00,75.378565,1784323086336.591,2245,2,1,0.3508910557786854,-0.22660021178825163,0.4263206791101864,0.5731072036203141,-0.5196273630909339,-0.26910269613811905,28.01396927647914,7.5857709785440814,-5.846656184916283,26.325940908920536
2026-07-17T21:18:06.415+00:00,75.412186,1784323086369.931,2246,2,1,0.3257417781069287,-0.24518202556717528,0.40864596665511344,0.5380972621350679,-0.5311764661719718,-0.2888544739447592,25.664508567975783,4.084776830019465,-7.001566493020067,24.35076312825652
2026-07-17T21:18:06.448+00:00,75.445779,1784323086403.271,2247,2,1,0.3257417781069287,-0.24518202556717528,0.40864596665511344,0.5327880547376931,-0.5311557784237524,-0.32866512853353985,21.82996666418383,3.5538560902819816,-6.9994977181981275,20.369697669378457
2026-07-17T21:18:06.481+00:00,75.480167,1784323086436.61,2248,2,1,0.35122530145938413,-0.23543686461428132,0.4380374241453845,0.5594862850184248,-0.5323318917684992,-0.29876433999656826,25.200527419955357,6.223679118355152,-7.117109052672804,23.359776523075617
2026-07-17T21:18:06.515+00:00,75.512947,1784323086469.95,2249,2,1,0.349545571507008,-0.2436972644388787,0.4447191935329714,0.5539023974241664,-0.5380419077021323,-0.29155894913303054,25.904906099161987,5.665290358929309,-7.688110646036122,24.080315609429388
2026-07-17T21:18:06.546+00:00,75.545138,1784323086503.289,2250,2,1,0.35122530145938413,-0.23543686461428132,0.4380374241453845,0.5594862850184248,-0.5323318917684992,-0.29876433999656826,25.200527419955357,6.223679118355152,-7.117109052672804,23.359776523075617
2026-07-17T21:18:06.579+00:00,75.578369,1784323086536.63,2251,2,1,0.3508910557786854,-0.22660021178825163,0.4263206791101864,0.5681108660611671,-0.525781804146277,-0.2698743097702586,27.945849576294496,7.086137222629385,-6.462100290450584,26.24877954570658
2026-07-17T21:18:06.614+00:00,75.612962,1784323086569.971,2252,2,1,0.3508910557786854,-0.22660021178825163,0.4263206791101864,0.5636476191019517,-0.5256194346999975,-0.31113796057873766,23.97993924966939,6.6398125267078445,-6.445863345822639,22.122414464858675
2026-07-17T21:18:06.647+00:00,75.645516,1784323086603.312,2253,2,1,0.349545571507008,-0.2436972644388787,0.4447191935329714,0.5539023974241664,-0.5380419077021323,-0.29155894913303054,25.904906099161987,5.665290358929309,-7.688110646036122,24.080315609429388
2026-07-17T21:18:06.680+00:00,75.67865,1784323086636.652,2254,2,1,0.3508910557786854,-0.22660021178825163,0.4263206791101864,0.5636476191019517,-0.5256194346999975,-0.31113796057873766,23.97993924966939,6.6398125267078445,-6.445863345822639,22.122414464858675
2026-07-17T21:18:06.713+00:00,75.712478,1784323086669.993,2255,2,1,0.35122530145938413,-0.23543686461428132,0.4380374241453845,0.5594862850184248,-0.5323318917684992,-0.29876433999656826,25.200527419955357,6.223679118355152,-7.117109052672804,23.359776523075617
2026-07-17T21:18:06.748+00:00,75.745996,1784323086703.334,2256,2,1,0.35122530145938413,-0.23543686461428132,0.4380374241453845,0.5594862850184248,-0.5323318917684992,-0.29876433999656826,25.200527419955357,6.223679118355152,-7.117109052672804,23.359776523075617
2026-07-17T21:18:06.781+00:00,75.779303,1784323086736.673,2257,2,1,0.35122530145938413,-0.23543686461428132,0.4380374241453845,0.563327922014538,-0.5324620731900842,-0.2577097004747717,29.134888619746334,6.607842817966469,-7.130127194831309,27.46524047525527
2026-07-17T21:18:06.815+00:00,75.812483,1784323086770.014,2258,2,1,0.3508910557786854,-0.22660021178825163,0.4263206791101864,0.5731072036203141,-0.5196273630909339,-0.26910269613811905,28.01396927647914,7.5857709785440814,-5.846656184916283,26.325940908920536
2026-07-17T21:18:06.847+00:00,75.845252,1784323086803.355,2259,2,1,0.3508910557786854,-0.22660021178825163,0.4263206791101864,0.5636476191019517,-0.5256194346999975,-0.31113796057873766,23.97993924966939,6.6398125267078445,-6.445863345822639,22.122414464858675
2026-07-17T21:18:06.880+00:00,75.877887,1784323086836.696,2260,2,1,0.35122530145938413,-0.23543686461428132,0.4380374241453845,0.563327922014538,-0.5324620731900842,-0.2577097004747717,29.134888619746334,6.607842817966469,-7.130127194831309,27.46524047525527
2026-07-17T21:18:06.913+00:00,75.91204,1784323086870.036,2261,2,1,0.35122530145938413,-0.23543686461428132,0.4380374241453845,0.565742271695076,-0.5246748928651113,-0.29958016612151867,25.082410495724723,6.849277786020269,-6.351409162334015,23.278193910580576
2026-07-17T21:18:06.949+00:00,75.946235,1784323086903.377,2262,2,1,0.3508910557786854,-0.22660021178825163,0.4263206791101864,0.5681108660611671,-0.525781804146277,-0.2698743097702586,27.945849576294496,7.086137222629385,-6.462100290450584,26.24877954570658
2026-07-17T21:18:06.980+00:00,75.977855,1784323086936.718,2263,2,1,0.3257417781069287,-0.24518202556717528,0.40864596665511344,0.5327880547376931,-0.5311557784237524,-0.32866512853353985,21.82996666418383,3.5538560902819816,-6.9994977181981275,20.369697669378457
2026-07-17T21:18:07.012+00:00,76.011362,1784323086970.059,2264,2,1,0.35122530145938413,-0.23543686461428132,0.4380374241453845,0.5594862850184248,-0.5323318917684992,-0.29876433999656826,25.200527419955357,6.223679118355152,-7.117109052672804,23.359776523075617
2026-07-17T21:18:07.049+00:00,76.047146,1784323087003.399,2265,2,1,0.35122530145938413,-0.23543686461428132,0.4380374241453845,0.563327922014538,-0.5324620731900842,-0.2577097004747717,29.134888619746334,6.607842817966469,-7.130127194831309,27.46524047525527
2026-07-17T21:18:07.080+00:00,76.079333,1784323087036.74,2266,2,1,0.349545571507008,-0.2436972644388787,0.4447191935329714,0.5539023974241664,-0.5380419077021323,-0.29155894913303054,25.904906099161987,5.665290358929309,-7.688110646036122,24.080315609429388
2026-07-17T21:18:07.114+00:00,76.112541,1784323087070.081,2267,2,1,0.3257417781069287,-0.24518202556717528,0.40864596665511344,0.5327880547376931,-0.5311557784237524,-0.32866512853353985,21.82996666418383,3.5538560902819816,-6.9994977181981275,20.369697669378457
2026-07-17T21:18:07.148+00:00,76.145276,1784323087103.422,2268,2,1,0.349545571507008,-0.2436972644388787,0.4447191935329714,0.5573764869839518,-0.5381372338832151,-0.25077610744461293,29.804580291397713,6.012699314907854,-7.697643264144399,28.15859977827115
2026-07-17T21:18:07.182+00:00,76.179366,1784323087136.763,2269,2,1,0.3508910557786854,-0.22660021178825163,0.4263206791101864,0.5636476191019517,-0.5256194346999975,-0.31113796057873766,23.97993924966939,6.6398125267078445,-6.445863345822639,22.122414464858675
2026-07-17T21:18:07.215+00:00,76.212958,1784323087170.103,2270,2,1,0.35122530145938413,-0.23543686461428132,0.4380374241453845,0.5680746961155629,-0.5265680556195592,-0.2571871213303143,29.157433008764862,7.082520228068967,-6.540725437778811,27.51749838970101
2026-07-17T21:18:07.246+00:00,76.244252,1784323087203.443,2271,2,1,0.349545571507008,-0.2436972644388787,0.4447191935329714,0.5573764869839518,-0.5381372338832151,-0.25077610744461293,29.804580291397713,6.012699314907854,-7.697643264144399,28.15859977827115
2026-07-17T21:18:07.281+00:00,76.279778,1784323087236.784,2272,2,1,0.349545571507008,-0.2436972644388787,0.4447191935329714,0.5573764869839518,-0.5381372338832151,-0.25077610744461293,29.804580291397713,6.012699314907854,-7.697643264144399,28.15859977827115
2026-07-17T21:18:07.315+00:00,76.312538,1784323087270.125,2273,2,1,0.3508910557786854,-0.22660021178825163,0.4263206791101864,0.5636476191019517,-0.5256194346999975,-0.31113796057873766,23.97993924966939,6.6398125267078445,-6.445863345822639,22.122414464858675
2026-07-17T21:18:07.349+00:00,76.346991,1784323087303.466,2274,2,1,0.3508910557786854,-0.22660021178825163,0.4263206791101864,0.5681108660611671,-0.525781804146277,-0.2698743097702586,27.945849576294496,7.086137222629385,-6.462100290450584,26.24877954570658
2026-07-17T21:18:07.382+00:00,76.380067,1784323087336.807,2275,2,1,0.3508910557786854,-0.22660021178825163,0.4263206791101864,0.5681108660611671,-0.525781804146277,-0.2698743097702586,27.945849576294496,7.086137222629385,-6.462100290450584,26.24877954570658
2026-07-17T21:18:07.415+00:00,76.413711,1784323087370.147,2276,2,1,0.3508910557786854,-0.22660021178825163,0.4263206791101864,0.5681108660611671,-0.525781804146277,-0.2698743097702586,27.945849576294496,7.086137222629385,-6.462100290450584,26.24877954570658
2026-07-17T21:18:07.446+00:00,76.445087,1784323087403.488,2277,2,1,0.3508910557786854,-0.22660021178825163,0.4263206791101864,0.5636476191019517,-0.5256194346999975,-0.31113796057873766,23.97993924966939,6.6398125267078445,-6.445863345822639,22.122414464858675
2026-07-17T21:18:07.482+00:00,76.479493,1784323087436.829,2278,2,1,0.35122530145938413,-0.23543686461428132,0.4380374241453845,0.563327922014538,-0.5324620731900842,-0.2577097004747717,29.134888619746334,6.607842817966469,-7.130127194831309,27.46524047525527
2026-07-17T21:18:07.516+00:00,76.514146,1784323087470.17,2279,2,1,0.35122530145938413,-0.23543686461428132,0.4380374241453845,0.5594862850184248,-0.5323318917684992,-0.29876433999656826,25.200527419955357,6.223679118355152,-7.117109052672804,23.359776523075617
2026-07-17T21:18:07.548+00:00,76.545152,1784323087503.511,2280,2,1,0.3508910557786854,-0.22660021178825163,0.4263206791101864,0.5636476191019517,-0.5256194346999975,-0.31113796057873766,23.97993924966939,6.6398125267078445,-6.445863345822639,22.122414464858675
2026-07-17T21:18:07.580+00:00,76.578939,1784323087536.852,2281,2,1,0.3508910557786854,-0.22660021178825163,0.4263206791101864,0.5636476191019517,-0.5256194346999975,-0.31113796057873766,23.97993924966939,6.6398125267078445,-6.445863345822639,22.122414464858675
2026-07-17T21:18:07.614+00:00,76.611421,1784323087570.192,2282,2,1,0.35122530145938413,-0.23543686461428132,0.4380374241453845,0.5680746961155629,-0.5265680556195592,-0.2571871213303143,29.157433008764862,7.082520228068967,-6.540725437778811,27.51749838970101
2026-07-17T21:18:07.648+00:00,76.646037,1784323087603.532,2283,2,1,0.35122530145938413,-0.23543686461428132,0.4380374241453845,0.565742271695076,-0.5246748928651113,-0.29958016612151867,25.082410495724723,6.849277786020269,-6.351409162334015,23.278193910580576
2026-07-17T21:18:07.680+00:00,76.678719,1784323087636.873,2284,2,1,0.3508910557786854,-0.22660021178825163,0.4263206791101864,0.5636476191019517,-0.5256194346999975,-0.31113796057873766,23.97993924966939,6.6398125267078445,-6.445863345822639,22.122414464858675
2026-07-17T21:18:07.713+00:00,76.711504,1784323087670.214,2285,2,1,0.35122530145938413,-0.23543686461428132,0.4380374241453845,0.563327922014538,-0.5324620731900842,-0.2577097004747717,29.134888619746334,6.607842817966469,-7.130127194831309,27.46524047525527
2026-07-17T21:18:07.748+00:00,76.745414,1784323087703.555,2286,2,1,0.35122530145938413,-0.23543686461428132,0.4380374241453845,0.563327922014538,-0.5324620731900842,-0.2577097004747717,29.134888619746334,6.607842817966469,-7.130127194831309,27.46524047525527
2026-07-17T21:18:07.782+00:00,76.779572,1784323087736.896,2287,2,1,0.3508910557786854,-0.22660021178825163,0.4263206791101864,0.5731072036203141,-0.5196273630909339,-0.26910269613811905,28.01396927647914,7.5857709785440814,-5.846656184916283,26.325940908920536
2026-07-17T21:18:07.815+00:00,76.813517,1784323087770.236,2288,2,1,0.35122530145938413,-0.23543686461428132,0.4380374241453845,0.5594862850184248,-0.5323318917684992,-0.29876433999656826,25.200527419955357,6.223679118355152,-7.117109052672804,23.359776523075617
2026-07-17T21:18:07.849+00:00,76.846973,1784323087803.577,2289,2,1,0.35122530145938413,-0.23543686461428132,0.4380374241453845,0.563327922014538,-0.5324620731900842,-0.2577097004747717,29.134888619746334,6.607842817966469,-7.130127194831309,27.46524047525527
2026-07-17T21:18:07.880+00:00,76.878359,1784323087836.918,2290,2,1,0.3508910557786854,-0.22660021178825163,0.4263206791101864,0.5681108660611671,-0.525781804146277,-0.2698743097702586,27.945849576294496,7.086137222629385,-6.462100290450584,26.24877954570658
2026-07-17T21:18:07.914+00:00,76.912568,1784323087870.259,2291,2,1,0.35122530145938413,-0.23543686461428132,0.4380374241453845,0.5680746961155629,-0.5265680556195592,-0.2571871213303143,29.157433008764862,7.082520228068967,-6.540725437778811,27.51749838970101
2026-07-17T21:18:07.947+00:00,76.944926,1784323087903.6,2292,2,1,0.35122530145938413,-0.23543686461428132,0.4380374241453845,0.5594862850184248,-0.5323318917684992,-0.29876433999656826,25.200527419955357,6.223679118355152,-7.117109052672804,23.359776523075617
2026-07-17T21:18:07.980+00:00,76.978492,1784323087936.941,2293,2,1,0.35122530145938413,-0.23543686461428132,0.4380374241453845,0.563327922014538,-0.5324620731900842,-0.2577097004747717,29.134888619746334,6.607842817966469,-7.130127194831309,27.46524047525527
2026-07-17T21:18:08.014+00:00,77.012567,1784323087970.281,2294,2,1,0.3508910557786854,-0.22660021178825163,0.4263206791101864,0.5701700721789988,-0.5176614109456675,-0.31169156248209123,23.917612355423266,7.2920578344125575,-5.650060970389642,22.06705427452332
2026-07-17T21:18:08.047+00:00,77.044908,1784323088003.622,2295,2,1,0.3508910557786854,-0.22660021178825163,0.4263206791101864,0.5636476191019517,-0.5256194346999975,-0.31113796057873766,23.97993924966939,6.6398125267078445,-6.445863345822639,22.122414464858675
2026-07-17T21:18:08.082+00:00,77.079307,1784323088036.963,2296,2,1,0.349545571507008,-0.2436972644388787,0.4447191935329714,0.5539023974241664,-0.5380419077021323,-0.29155894913303054,25.904906099161987,5.665290358929309,-7.688110646036122,24.080315609429388
2026-07-17T21:18:08.115+00:00,77.112716,1784323088070.303,2297,2,1,0.3508910557786854,-0.22660021178825163,0.4263206791101864,0.5701700721789988,-0.5176614109456675,-0.31169156248209123,23.917612355423266,7.2920578344125575,-5.650060970389642,22.06705427452332
2026-07-17T21:18:08.148+00:00,77.146713,1784323088103.644,2298,2,1,0.35122530145938413,-0.23543686461428132,0.4380374241453845,0.5594862850184248,-0.5323318917684992,-0.29876433999656826,25.200527419955357,6.223679118355152,-7.117109052672804,23.359776523075617
2026-07-17T21:18:08.183+00:00,77.180974,1784323088136.985,2299,2,1,0.3508910557786854,-0.22660021178825163,0.4263206791101864,0.5636476191019517,-0.5256194346999975,-0.31113796057873766,23.97993924966939,6.6398125267078445,-6.445863345822639,22.122414464858675
2026-07-17T21:18:08.214+00:00,77.211468,1784323088170.326,2300,2,1,0.35122530145938413,-0.23543686461428132,0.4380374241453845,0.5594862850184248,-0.5323318917684992,-0.29876433999656826,25.200527419955357,6.223679118355152,-7.117109052672804,23.359776523075617
2026-07-17T21:18:08.247+00:00,77.244766,1784323088203.667,2301,2,1,0.35122530145938413,-0.23543686461428132,0.4380374241453845,0.5594862850184248,-0.5323318917684992,-0.29876433999656826,25.200527419955357,6.223679118355152,-7.117109052672804,23.359776523075617
2026-07-17T21:18:08.282+00:00,77.280233,1784323088237.007,2302,2,1,0.35122530145938413,-0.23543686461428132,0.4380374241453845,0.563327922014538,-0.5324620731900842,-0.2577097004747717,29.134888619746334,6.607842817966469,-7.130127194831309,27.46524047525527
2026-07-17T21:18:08.314+00:00,77.311931,1784323088270.348,2303,2,1,0.3508910557786854,-0.22660021178825163,0.4263206791101864,0.5636476191019517,-0.5256194346999975,-0.31113796057873766,23.97993924966939,6.6398125267078445,-6.445863345822639,22.122414464858675
2026-07-17T21:18:08.347+00:00,77.344941,1784323088303.689,2304,2,1,0.35122530145938413,-0.23543686461428132,0.4380374241453845,0.563327922014538,-0.5324620731900842,-0.2577097004747717,29.134888619746334,6.607842817966469,-7.130127194831309,27.46524047525527
2026-07-17T21:18:08.382+00:00,77.379971,1784323088337.03,2305,2,1,0.35122530145938413,-0.23543686461428132,0.4380374241453845,0.563327922014538,-0.5324620731900842,-0.2577097004747717,29.134888619746334,6.607842817966469,-7.130127194831309,27.46524047525527
2026-07-17T21:18:08.416+00:00,77.41386,1784323088370.371,2306,2,1,0.35122530145938413,-0.23543686461428132,0.4380374241453845,0.5594862850184248,-0.5323318917684992,-0.29876433999656826,25.200527419955357,6.223679118355152,-7.117109052672804,23.359776523075617
2026-07-17T21:18:08.446+00:00,77.445161,1784323088403.712,2307,2,1,0.3508910557786854,-0.22660021178825163,0.4263206791101864,0.5636476191019517,-0.5256194346999975,-0.31113796057873766,23.97993924966939,6.6398125267078445,-6.445863345822639,22.122414464858675
2026-07-17T21:18:08.482+00:00,77.479662,1784323088437.053,2308,2,1,0.349545571507008,-0.2436972644388787,0.4447191935329714,0.5539023974241664,-0.5380419077021323,-0.29155894913303054,25.904906099161987,5.665290358929309,-7.688110646036122,24.080315609429388
2026-07-17T21:18:08.513+00:00,77.511705,1784323088470.394,2309,2,1,0.35122530145938413,-0.23543686461428132,0.4380374241453845,0.5594862850184248,-0.5323318917684992,-0.29876433999656826,25.200527419955357,6.223679118355152,-7.117109052672804,23.359776523075617
2026-07-17T21:18:08.547+00:00,77.54558,1784323088503.733,2310,2,1,0.3508910557786854,-0.22660021178825163,0.4263206791101864,0.5701700721789988,-0.5176614109456675,-0.31169156248209123,23.917612355423266,7.2920578344125575,-5.650060970389642,22.06705427452332
2026-07-17T21:18:08.581+00:00,77.579271,1784323088537.073,2311,2,1,0.3508910557786854,-0.22660021178825163,0.4263206791101864,0.5681108660611671,-0.525781804146277,-0.2698743097702586,27.945849576294496,7.086137222629385,-6.462100290450584,26.24877954570658
2026-07-17T21:18:08.615+00:00,77.613764,1784323088570.414,2312,2,1,0.3257417781069287,-0.24518202556717528,0.40864596665511344,0.5327880547376931,-0.5311557784237524,-0.32866512853353985,21.82996666418383,3.5538560902819816,-6.9994977181981275,20.369697669378457
2026-07-17T21:18:08.649+00:00,77.646436,1784323088603.753,2313,2,1,0.3508910557786854,-0.22660021178825163,0.4263206791101864,0.5636476191019517,-0.5256194346999975,-0.31113796057873766,23.97993924966939,6.6398125267078445,-6.445863345822639,22.122414464858675
2026-07-17T21:18:08.681+00:00,77.680267,1784323088637.094,2314,2,1,0.35122530145938413,-0.23543686461428132,0.4380374241453845,0.563327922014538,-0.5324620731900842,-0.2577097004747717,29.134888619746334,6.607842817966469,-7.130127194831309,27.46524047525527
2026-07-17T21:18:08.714+00:00,77.712288,1784323088670.434,2315,2,1,0.35122530145938413,-0.23543686461428132,0.4380374241453845,0.563327922014538,-0.5324620731900842,-0.2577097004747717,29.134888619746334,6.607842817966469,-7.130127194831309,27.46524047525527
2026-07-17T21:18:08.748+00:00,77.745653,1784323088703.773,2316,2,1,0.3508910557786854,-0.22660021178825163,0.4263206791101864,0.5636476191019517,-0.5256194346999975,-0.31113796057873766,23.97993924966939,6.6398125267078445,-6.445863345822639,22.122414464858675
2026-07-17T21:18:08.781+00:00,77.778405,1784323088737.114,2317,2,1,0.35122530145938413,-0.23543686461428132,0.4380374241453845,0.563327922014538,-0.5324620731900842,-0.2577097004747717,29.134888619746334,6.607842817966469,-7.130127194831309,27.46524047525527
2026-07-17T21:18:08.814+00:00,77.812245,1784323088770.453,2318,2,1,0.3508910557786854,-0.22660021178825163,0.4263206791101864,0.5681108660611671,-0.525781804146277,-0.2698743097702586,27.945849576294496,7.086137222629385,-6.462100290450584,26.24877954570658
2026-07-17T21:18:08.849+00:00,77.846677,1784323088803.793,2319,2,1,0.3508910557786854,-0.22660021178825163,0.4263206791101864,0.5636476191019517,-0.5256194346999975,-0.31113796057873766,23.97993924966939,6.6398125267078445,-6.445863345822639,22.122414464858675
2026-07-17T21:18:08.884+00:00,77.881966,1784323088837.133,2320,2,1,0.35122530145938413,-0.23543686461428132,0.4380374241453845,0.563327922014538,-0.5324620731900842,-0.2577097004747717,29.134888619746334,6.607842817966469,-7.130127194831309,27.46524047525527
2026-07-17T21:18:08.912+00:00,77.911446,1784323088870.473,2321,2,1,0.35122530145938413,-0.23543686461428132,0.4380374241453845,0.563327922014538,-0.5324620731900842,-0.2577097004747717,29.134888619746334,6.607842817966469,-7.130127194831309,27.46524047525527
2026-07-17T21:18:08.949+00:00,77.946791,1784323088903.813,2322,2,1,0.3508910557786854,-0.22660021178825163,0.4263206791101864,0.5636476191019517,-0.5256194346999975,-0.31113796057873766,23.97993924966939,6.6398125267078445,-6.445863345822639,22.122414464858675
2026-07-17T21:18:08.982+00:00,77.980593,1784323088937.152,2323,2,1,0.3508910557786854,-0.22660021178825163,0.4263206791101864,0.5681108660611671,-0.525781804146277,-0.2698743097702586,27.945849576294496,7.086137222629385,-6.462100290450584,26.24877954570658
2026-07-17T21:18:09.015+00:00,78.01348,1784323088970.492,2324,2,1,0.35122530145938413,-0.23543686461428132,0.4380374241453845,0.563327922014538,-0.5324620731900842,-0.2577097004747717,29.134888619746334,6.607842817966469,-7.130127194831309,27.46524047525527
2026-07-17T21:18:09.046+00:00,78.045212,1784323089003.832,2325,2,1,0.3508910557786854,-0.22660021178825163,0.4263206791101864,0.5636476191019517,-0.5256194346999975,-0.31113796057873766,23.97993924966939,6.6398125267078445,-6.445863345822639,22.122414464858675
2026-07-17T21:18:09.081+00:00,78.079864,1784323089037.172,2326,2,1,0.3508910557786854,-0.22660021178825163,0.4263206791101864,0.5636476191019517,-0.5256194346999975,-0.31113796057873766,23.97993924966939,6.6398125267078445,-6.445863345822639,22.122414464858675
2026-07-17T21:18:09.113+00:00,78.112185,1784323089070.512,2327,2,1,0.35626927701780553,-0.25217732072445753,0.4707569946873814,0.5574839590631824,-0.5462754797887182,-0.22377899532696488,32.572417015209034,6.023446522830911,-8.511467854694704,30.858310990035953
2026-07-17T21:18:09.148+00:00,78.145975,1784323089103.852,2328,2,1,0.349545571507008,-0.2436972644388787,0.4447191935329714,0.5539023974241664,-0.5380419077021323,-0.29155894913303054,25.904906099161987,5.665290358929309,-7.688110646036122,24.080315609429388
2026-07-17T21:18:09.181+00:00,78.179298,1784323089137.192,2329,2,1,0.3508910557786854,-0.22660021178825163,0.4263206791101864,0.5731072036203141,-0.5196273630909339,-0.26910269613811905,28.01396927647914,7.5857709785440814,-5.846656184916283,26.325940908920536
2026-07-17T21:18:09.215+00:00,78.212455,1784323089170.532,2330,2,1,0.3508910557786854,-0.22660021178825163,0.4263206791101864,0.5636476191019517,-0.5256194346999975,-0.31113796057873766,23.97993924966939,6.6398125267078445,-6.445863345822639,22.122414464858675
2026-07-17T21:18:09.247+00:00,78.246023,1784323089203.872,2331,2,1,0.349545571507008,-0.2436972644388787,0.4447191935329714,0.5573764869839518,-0.5381372338832151,-0.25077610744461293,29.804580291397713,6.012699314907854,-7.697643264144399,28.15859977827115
2026-07-17T21:18:09.283+00:00,78.281545,1784323089237.212,2332,2,1,0.3508910557786854,-0.22660021178825163,0.4263206791101864,0.5636476191019517,-0.5256194346999975,-0.31113796057873766,23.97993924966939,6.6398125267078445,-6.445863345822639,22.122414464858675
2026-07-17T21:18:09.315+00:00,78.314263,1784323089270.552,2333,2,1,0.3508910557786854,-0.22660021178825163,0.4263206791101864,0.5681108660611671,-0.525781804146277,-0.2698743097702586,27.945849576294496,7.086137222629385,-6.462100290450584,26.24877954570658
2026-07-17T21:18:09.349+00:00,78.346708,1784323089303.892,2334,2,1,0.3257417781069287,-0.24518202556717528,0.40864596665511344,0.5380972621350679,-0.5311764661719718,-0.2888544739447592,25.664508567975783,4.084776830019465,-7.001566493020067,24.35076312825652
2026-07-17T21:18:09.383+00:00,78.380755,1784323089337.231,2335,2,1,0.35122530145938413,-0.23543686461428132,0.4380374241453845,0.5611639337541685,-0.5318887296392977,-0.2659779997739361,28.29275298089685,6.391443991929524,-7.0727928397526565,26.638410545338832
2026-07-17T21:18:09.413+00:00,78.412374,1784323089370.571,2336,2,1,0.3508910557786854,-0.22660021178825163,0.4263206791101864,0.5731072036203141,-0.5196273630909339,-0.26910269613811905,28.01396927647914,7.5857709785440814,-5.846656184916283,26.325940908920536
2026-07-17T21:18:09.447+00:00,78.445672,1784323089403.91,2337,2,1,0.3508910557786854,-0.22660021178825163,0.4263206791101864,0.5636476191019517,-0.5256194346999975,-0.31113796057873766,23.97993924966939,6.6398125267078445,-6.445863345822639,22.122414464858675
2026-07-17T21:18:09.480+00:00,78.479405,1784323089437.25,2338,2,1,0.3508910557786854,-0.22660021178825163,0.4263206791101864,0.5681108660611671,-0.525781804146277,-0.2698743097702586,27.945849576294496,7.086137222629385,-6.462100290450584,26.24877954570658
2026-07-17T21:18:09.515+00:00,78.513718,1784323089470.59,2339,2,1,0.35122530145938413,-0.23543686461428132,0.4380374241453845,0.5594862850184248,-0.5323318917684992,-0.29876433999656826,25.200527419955357,6.223679118355152,-7.117109052672804,23.359776523075617
2026-07-17T21:18:09.549+00:00,78.546631,1784323089503.93,2340,2,1,0.3508910557786854,-0.22660021178825163,0.4263206791101864,0.5731072036203141,-0.5196273630909339,-0.26910269613811905,28.01396927647914,7.5857709785440814,-5.846656184916283,26.325940908920536
2026-07-17T21:18:09.581+00:00,78.579078,1784323089537.27,2341,2,1,0.3508910557786854,-0.22660021178825163,0.4263206791101864,0.5681108660611671,-0.525781804146277,-0.2698743097702586,27.945849576294496,7.086137222629385,-6.462100290450584,26.24877954570658
2026-07-17T21:18:09.615+00:00,78.613204,1784323089570.609,2342,2,1,0.35122530145938413,-0.23543686461428132,0.4380374241453845,0.563327922014538,-0.5324620731900842,-0.2577097004747717,29.134888619746334,6.607842817966469,-7.130127194831309,27.46524047525527
2026-07-17T21:18:09.647+00:00,78.645443,1784323089603.948,2343,2,1,0.3508910557786854,-0.22660021178825163,0.4263206791101864,0.5701700721789988,-0.5176614109456675,-0.31169156248209123,23.917612355423266,7.2920578344125575,-5.650060970389642,22.06705427452332
2026-07-17T21:18:09.682+00:00,78.680407,1784323089637.288,2344,2,1,0.3508910557786854,-0.22660021178825163,0.4263206791101864,0.5681108660611671,-0.525781804146277,-0.2698743097702586,27.945849576294496,7.086137222629385,-6.462100290450584,26.24877954570658
2026-07-17T21:18:09.716+00:00,78.713968,1784323089670.627,2345,2,1,0.3257417781069287,-0.24518202556717528,0.40864596665511344,0.5327880547376931,-0.5311557784237524,-0.32866512853353985,21.82996666418383,3.5538560902819816,-6.9994977181981275,20.369697669378457
2026-07-17T21:18:09.748+00:00,78.745775,1784323089703.967,2346,2,1,0.35122530145938413,-0.23543686461428132,0.4380374241453845,0.5594862850184248,-0.5323318917684992,-0.29876433999656826,25.200527419955357,6.223679118355152,-7.117109052672804,23.359776523075617
2026-07-17T21:18:09.784+00:00,78.781815,1784323089737.306,2347,2,1,0.3508910557786854,-0.22660021178825163,0.4263206791101864,0.5731072036203141,-0.5196273630909339,-0.26910269613811905,28.01396927647914,7.5857709785440814,-5.846656184916283,26.325940908920536
2026-07-17T21:18:09.815+00:00,78.813529,1784323089770.646,2348,2,1,0.3257417781069287,-0.24518202556717528,0.40864596665511344,0.537743411501649,-0.5310953150312776,-0.2588743768573455,28.517736788873982,4.049391766677568,-6.993451378950649,27.34877283699789
2026-07-17T21:18:09.847+00:00,78.844949,1784323089803.985,2349,2,1,0.349545571507008,-0.2436972644388787,0.4447191935329714,0.5573764869839518,-0.5381372338832151,-0.25077610744461293,29.804580291397713,6.012699314907854,-7.697643264144399,28.15859977827115
2026-07-17T21:18:09.884+00:00,78.882022,1784323089837.324,2350,2,1,0.3508910557786854,-0.22660021178825163,0.4263206791101864,0.5701700721789988,-0.5176614109456675,-0.31169156248209123,23.917612355423266,7.2920578344125575,-5.650060970389642,22.06705427452332
2026-07-17T21:18:09.915+00:00,78.91271,1784323089870.663,2351,2,1,0.35122530145938413,-0.23543686461428132,0.4380374241453845,0.563327922014538,-0.5324620731900842,-0.2577097004747717,29.134888619746334,6.607842817966469,-7.130127194831309,27.46524047525527
2026-07-17T21:18:09.949+00:00,78.9471,1784323089904.003,2352,2,1,0.35122530145938413,-0.23543686461428132,0.4380374241453845,0.5594862850184248,-0.5323318917684992,-0.29876433999656826,25.200527419955357,6.223679118355152,-7.117109052672804,23.359776523075617
2026-07-17T21:18:09.984+00:00,78.981521,1784323089937.342,2353,2,1,0.3508910557786854,-0.22660021178825163,0.4263206791101864,0.5681108660611671,-0.525781804146277,-0.2698743097702586,27.945849576294496,7.086137222629385,-6.462100290450584,26.24877954570658
2026-07-17T21:18:10.015+00:00,79.013342,1784323089970.682,2354,2,1,0.3508910557786854,-0.22660021178825163,0.4263206791101864,0.5731072036203141,-0.5196273630909339,-0.26910269613811905,28.01396927647914,7.5857709785440814,-5.846656184916283,26.325940908920536
2026-07-17T21:18:10.047+00:00,79.046708,1784323090004.021,2355,2,1,0.35122530145938413,-0.23543686461428132,0.4380374241453845,0.5594862850184248,-0.5323318917684992,-0.29876433999656826,25.200527419955357,6.223679118355152,-7.117109052672804,23.359776523075617
2026-07-17T21:18:10.082+00:00,79.080192,1784323090037.361,2356,2,1,0.349545571507008,-0.2436972644388787,0.4447191935329714,0.5539023974241664,-0.5380419077021323,-0.29155894913303054,25.904906099161987,5.665290358929309,-7.688110646036122,24.080315609429388
2026-07-17T21:18:10.115+00:00,79.113104,1784323090070.7,2357,2,1,0.35122530145938413,-0.23543686461428132,0.4380374241453845,0.563327922014538,-0.5324620731900842,-0.2577097004747717,29.134888619746334,6.607842817966469,-7.130127194831309,27.46524047525527
2026-07-17T21:18:10.149+00:00,79.147724,1784323090104.04,2358,2,1,0.3508910557786854,-0.22660021178825163,0.4263206791101864,0.5731072036203141,-0.5196273630909339,-0.26910269613811905,28.01396927647914,7.5857709785440814,-5.846656184916283,26.325940908920536
2026-07-17T21:18:10.183+00:00,79.180378,1784323090137.379,2359,2,1,0.3508910557786854,-0.22660021178825163,0.4263206791101864,0.5636476191019517,-0.5256194346999975,-0.31113796057873766,23.97993924966939,6.6398125267078445,-6.445863345822639,22.122414464858675
2026-07-17T21:18:10.215+00:00,79.213661,1784323090170.718,2360,2,1,0.35122530145938413,-0.23543686461428132,0.4380374241453845,0.563327922014538,-0.5324620731900842,-0.2577097004747717,29.134888619746334,6.607842817966469,-7.130127194831309,27.46524047525527
2026-07-17T21:18:10.248+00:00,79.245954,1784323090204.058,2361,2,1,0.35122530145938413,-0.23543686461428132,0.4380374241453845,0.5594862850184248,-0.5323318917684992,-0.29876433999656826,25.200527419955357,6.223679118355152,-7.117109052672804,23.359776523075617
2026-07-17T21:18:10.282+00:00,79.279305,1784323090237.397,2362,2,1,0.35122530145938413,-0.23543686461428132,0.4380374241453845,0.563327922014538,-0.5324620731900842,-0.2577097004747717,29.134888619746334,6.607842817966469,-7.130127194831309,27.46524047525527
2026-07-17T21:18:10.315+00:00,79.312803,1784323090270.737,2363,2,1,0.3508910557786854,-0.22660021178825163,0.4263206791101864,0.5681108660611671,-0.525781804146277,-0.2698743097702586,27.945849576294496,7.086137222629385,-6.462100290450584,26.24877954570658
2026-07-17T21:18:10.349+00:00,79.346798,1784323090304.075,2364,2,1,0.3508910557786854,-0.22660021178825163,0.4263206791101864,0.5681108660611671,-0.525781804146277,-0.2698743097702586,27.945849576294496,7.086137222629385,-6.462100290450584,26.24877954570658
2026-07-17T21:18:10.382+00:00,79.380267,1784323090337.414,2365,2,1,0.3257417781069287,-0.24518202556717528,0.40864596665511344,0.5380972621350679,-0.5311764661719718,-0.2888544739447592,25.664508567975783,4.084776830019465,-7.001566493020067,24.35076312825652
2026-07-17T21:18:10.416+00:00,79.413713,1784323090370.754,2366,2,1,0.3508910557786854,-0.22660021178825163,0.4263206791101864,0.5681108660611671,-0.525781804146277,-0.2698743097702586,27.945849576294496,7.086137222629385,-6.462100290450584,26.24877954570658
2026-07-17T21:18:10.449+00:00,79.447319,1784323090404.093,2367,2,1,0.3508910557786854,-0.22660021178825163,0.4263206791101864,0.5681108660611671,-0.525781804146277,-0.2698743097702586,27.945849576294496,7.086137222629385,-6.462100290450584,26.24877954570658
2026-07-17T21:18:10.482+00:00,79.481221,1784323090437.432,2368,2,1,0.35122530145938413,-0.23543686461428132,0.4380374241453845,0.563327922014538,-0.5324620731900842,-0.2577097004747717,29.134888619746334,6.607842817966469,-7.130127194831309,27.46524047525527
2026-07-17T21:18:10.513+00:00,79.511953,1784323090470.772,2369,2,1,0.35122530145938413,-0.23543686461428132,0.4380374241453845,0.563327922014538,-0.5324620731900842,-0.2577097004747717,29.134888619746334,6.607842817966469,-7.130127194831309,27.46524047525527
2026-07-17T21:18:10.549+00:00,79.547448,1784323090504.111,2370,2,1,0.3508910557786854,-0.22660021178825163,0.4263206791101864,0.5731072036203141,-0.5196273630909339,-0.26910269613811905,28.01396927647914,7.5857709785440814,-5.846656184916283,26.325940908920536
2026-07-17T21:18:10.580+00:00,79.579565,1784323090537.451,2371,2,1,0.3508910557786854,-0.22660021178825163,0.4263206791101864,0.5701700721789988,-0.5176614109456675,-0.31169156248209123,23.917612355423266,7.2920578344125575,-5.650060970389642,22.06705427452332
2026-07-17T21:18:10.615+00:00,79.612286,1784323090570.792,2372,2,1,0.35122530145938413,-0.23543686461428132,0.4380374241453845,0.5594862850184248,-0.5323318917684992,-0.29876433999656826,25.200527419955357,6.223679118355152,-7.117109052672804,23.359776523075617
2026-07-17T21:18:10.646+00:00,79.64533,1784323090604.132,2373,2,1,0.3257417781069287,-0.24518202556717528,0.40864596665511344,0.5380972621350679,-0.5311764661719718,-0.2888544739447592,25.664508567975783,4.084776830019465,-7.001566493020067,24.35076312825652
2026-07-17T21:18:10.681+00:00,79.678816,1784323090637.473,2374,2,1,0.3508910557786854,-0.22660021178825163,0.4263206791101864,0.5636476191019517,-0.5256194346999975,-0.31113796057873766,23.97993924966939,6.6398125267078445,-6.445863345822639,22.122414464858675
2026-07-17T21:18:10.715+00:00,79.712779,1784323090670.813,2375,2,1,0.3508910557786854,-0.22660021178825163,0.4263206791101864,0.5681108660611671,-0.525781804146277,-0.2698743097702586,27.945849576294496,7.086137222629385,-6.462100290450584,26.24877954570658
2026-07-17T21:18:10.748+00:00,79.745972,1784323090704.154,2376,2,1,0.349545571507008,-0.2436972644388787,0.4447191935329714,0.5600046382532791,-0.5305591410448743,-0.2926406469760345,25.733385953761875,6.2755144418405795,-6.939833980310323,23.972145825128994
2026-07-17T21:18:10.781+00:00,79.779413,1784323090737.493,2377,2,1,0.3508910557786854,-0.22660021178825163,0.4263206791101864,0.5636476191019517,-0.5256194346999975,-0.31113796057873766,23.97993924966939,6.6398125267078445,-6.445863345822639,22.122414464858675
2026-07-17T21:18:10.814+00:00,79.813067,1784323090770.834,2378,2,1,0.35122530145938413,-0.23543686461428132,0.4380374241453845,0.5594862850184248,-0.5323318917684992,-0.29876433999656826,25.200527419955357,6.223679118355152,-7.117109052672804,23.359776523075617
2026-07-17T21:18:10.848+00:00,79.846041,1784323090804.174,2379,2,1,0.3257417781069287,-0.24518202556717528,0.40864596665511344,0.5380972621350679,-0.5311764661719718,-0.2888544739447592,25.664508567975783,4.084776830019465,-7.001566493020067,24.35076312825652
2026-07-17T21:18:10.881+00:00,79.879714,1784323090837.515,2380,2,1,0.3257417781069287,-0.24518202556717528,0.40864596665511344,0.5380972621350679,-0.5311764661719718,-0.2888544739447592,25.664508567975783,4.084776830019465,-7.001566493020067,24.35076312825652
2026-07-17T21:18:10.917+00:00,79.914496,1784323090870.855,2381,2,1,0.349545571507008,-0.2436972644388787,0.4447191935329714,0.5573764869839518,-0.5381372338832151,-0.25077610744461293,29.804580291397713,6.012699314907854,-7.697643264144399,28.15859977827115
2026-07-17T21:18:10.949+00:00,79.946401,1784323090904.196,2382,2,1,0.3508910557786854,-0.22660021178825163,0.4263206791101864,0.5636476191019517,-0.5256194346999975,-0.31113796057873766,23.97993924966939,6.6398125267078445,-6.445863345822639,22.122414464858675
2026-07-17T21:18:10.982+00:00,79.979331,1784323090937.536,2383,2,1,0.35122530145938413,-0.23543686461428132,0.4380374241453845,0.563327922014538,-0.5324620731900842,-0.2577097004747717,29.134888619746334,6.607842817966469,-7.130127194831309,27.46524047525527
2026-07-17T21:18:11.013+00:00,80.012343,1784323090970.877,2384,2,1,0.3508910557786854,-0.22660021178825163,0.4263206791101864,0.5636476191019517,-0.5256194346999975,-0.31113796057873766,23.97993924966939,6.6398125267078445,-6.445863345822639,22.122414464858675
2026-07-17T21:18:11.050+00:00,80.048058,1784323091004.217,2385,2,1,0.35122530145938413,-0.23543686461428132,0.4380374241453845,0.5680746961155629,-0.5265680556195592,-0.2571871213303143,29.157433008764862,7.082520228068967,-6.540725437778811,27.51749838970101
2026-07-17T21:18:11.083+00:00,80.08061,1784323091037.558,2386,2,1,0.35122530145938413,-0.23543686461428132,0.4380374241453845,0.565742271695076,-0.5246748928651113,-0.29958016612151867,25.082410495724723,6.849277786020269,-6.351409162334015,23.278193910580576
2026-07-17T21:18:11.114+00:00,80.113425,1784323091070.898,2387,2,1,0.3257417781069287,-0.24518202556717528,0.40864596665511344,0.5380972621350679,-0.5311764661719718,-0.2888544739447592,25.664508567975783,4.084776830019465,-7.001566493020067,24.35076312825652
2026-07-17T21:18:11.148+00:00,80.146454,1784323091104.239,2388,2,1,0.3508910557786854,-0.22660021178825163,0.4263206791101864,0.5681108660611671,-0.525781804146277,-0.2698743097702586,27.945849576294496,7.086137222629385,-6.462100290450584,26.24877954570658
2026-07-17T21:18:11.181+00:00,80.179799,1784323091137.579,2389,2,1,0.3508910557786854,-0.22660021178825163,0.4263206791101864,0.5636476191019517,-0.5256194346999975,-0.31113796057873766,23.97993924966939,6.6398125267078445,-6.445863345822639,22.122414464858675
2026-07-17T21:18:11.214+00:00,80.212314,1784323091170.918,2390,2,1,0.35122530145938413,-0.23543686461428132,0.4380374241453845,0.5594862850184248,-0.5323318917684992,-0.29876433999656826,25.200527419955357,6.223679118355152,-7.117109052672804,23.359776523075617
2026-07-17T21:18:11.249+00:00,80.247109,1784323091204.259,2391,2,1,0.35122530145938413,-0.23543686461428132,0.4380374241453845,0.563327922014538,-0.5324620731900842,-0.2577097004747717,29.134888619746334,6.607842817966469,-7.130127194831309,27.46524047525527
2026-07-17T21:18:11.281+00:00,80.280097,1784323091237.6,2392,2,1,0.3508910557786854,-0.22660021178825163,0.4263206791101864,0.5636476191019517,-0.5256194346999975,-0.31113796057873766,23.97993924966939,6.6398125267078445,-6.445863345822639,22.122414464858675
2026-07-17T21:18:11.316+00:00,80.314526,1784323091270.94,2393,2,1,0.3508910557786854,-0.22660021178825163,0.4263206791101864,0.5681108660611671,-0.525781804146277,-0.2698743097702586,27.945849576294496,7.086137222629385,-6.462100290450584,26.24877954570658
2026-07-17T21:18:11.349+00:00,80.347345,1784323091304.281,2394,2,1,0.3257417781069287,-0.24518202556717528,0.40864596665511344,0.5327880547376931,-0.5311557784237524,-0.32866512853353985,21.82996666418383,3.5538560902819816,-6.9994977181981275,20.369697669378457
2026-07-17T21:18:11.381+00:00,80.379014,1784323091337.621,2395,2,1,0.35122530145938413,-0.23543686461428132,0.4380374241453845,0.563327922014538,-0.5324620731900842,-0.2577097004747717,29.134888619746334,6.607842817966469,-7.130127194831309,27.46524047525527
2026-07-17T21:18:11.415+00:00,80.413501,1784323091370.961,2396,2,1,0.3508910557786854,-0.22660021178825163,0.4263206791101864,0.5636476191019517,-0.5256194346999975,-0.31113796057873766,23.97993924966939,6.6398125267078445,-6.445863345822639,22.122414464858675
2026-07-17T21:18:11.449+00:00,80.446373,1784323091404.302,2397,2,1,0.3508910557786854,-0.22660021178825163,0.4263206791101864,0.5636476191019517,-0.5256194346999975,-0.31113796057873766,23.97993924966939,6.6398125267078445,-6.445863345822639,22.122414464858675
2026-07-17T21:18:11.481+00:00,80.479123,1784323091437.642,2398,2,1,0.3508910557786854,-0.22660021178825163,0.4263206791101864,0.5681108660611671,-0.525781804146277,-0.2698743097702586,27.945849576294496,7.086137222629385,-6.462100290450584,26.24877954570658
2026-07-17T21:18:11.515+00:00,80.513066,1784323091470.983,2399,2,1,0.35122530145938413,-0.23543686461428132,0.4380374241453845,0.5594862850184248,-0.5323318917684992,-0.29876433999656826,25.200527419955357,6.223679118355152,-7.117109052672804,23.359776523075617
2026-07-17T21:18:11.549+00:00,80.547261,1784323091504.323,2400,2,1,0.3508910557786854,-0.22660021178825163,0.4263206791101864,0.5681108660611671,-0.525781804146277,-0.2698743097702586,27.945849576294496,7.086137222629385,-6.462100290450584,26.24877954570658
2026-07-17T21:18:11.582+00:00,80.58014,1784323091537.664,2401,2,1,0.35122530145938413,-0.23543686461428132,0.4380374241453845,0.5594862850184248,-0.5323318917684992,-0.29876433999656826,25.200527419955357,6.223679118355152,-7.117109052672804,23.359776523075617
2026-07-17T21:18:11.615+00:00,80.612923,1784323091571.004,2402,2,1,0.35122530145938413,-0.23543686461428132,0.4380374241453845,0.5594862850184248,-0.5323318917684992,-0.29876433999656826,25.200527419955357,6.223679118355152,-7.117109052672804,23.359776523075617
2026-07-17T21:18:11.647+00:00,80.645783,1784323091604.343,2403,2,1,0.3508910557786854,-0.22660021178825163,0.4263206791101864,0.5636476191019517,-0.5256194346999975,-0.31113796057873766,23.97993924966939,6.6398125267078445,-6.445863345822639,22.122414464858675
2026-07-17T21:18:11.681+00:00,80.679411,1784323091637.683,2404,2,1,0.3508910557786854,-0.22660021178825163,0.4263206791101864,0.5731072036203141,-0.5196273630909339,-0.26910269613811905,28.01396927647914,7.5857709785440814,-5.846656184916283,26.325940908920536
2026-07-17T21:18:11.715+00:00,80.713403,1784323091671.023,2405,2,1,0.349545571507008,-0.2436972644388787,0.4447191935329714,0.5539023974241664,-0.5380419077021323,-0.29155894913303054,25.904906099161987,5.665290358929309,-7.688110646036122,24.080315609429388
2026-07-17T21:18:11.748+00:00,80.746901,1784323091704.364,2406,2,1,0.3508910557786854,-0.22660021178825163,0.4263206791101864,0.5681108660611671,-0.525781804146277,-0.2698743097702586,27.945849576294496,7.086137222629385,-6.462100290450584,26.24877954570658
2026-07-17T21:18:11.781+00:00,80.778608,1784323091737.704,2407,2,1,0.3508910557786854,-0.22660021178825163,0.4263206791101864,0.5681108660611671,-0.525781804146277,-0.2698743097702586,27.945849576294496,7.086137222629385,-6.462100290450584,26.24877954570658
2026-07-17T21:18:11.815+00:00,80.812496,1784323091771.044,2408,2,1,0.3508910557786854,-0.22660021178825163,0.4263206791101864,0.5636476191019517,-0.5256194346999975,-0.31113796057873766,23.97993924966939,6.6398125267078445,-6.445863345822639,22.122414464858675
2026-07-17T21:18:11.848+00:00,80.846427,1784323091804.384,2409,2,1,0.3508910557786854,-0.22660021178825163,0.4263206791101864,0.5701700721789988,-0.5176614109456675,-0.31169156248209123,23.917612355423266,7.2920578344125575,-5.650060970389642,22.06705427452332
2026-07-17T21:18:11.882+00:00,80.881412,1784323091837.724,2410,2,1,0.3508910557786854,-0.22660021178825163,0.4263206791101864,0.5636476191019517,-0.5256194346999975,-0.31113796057873766,23.97993924966939,6.6398125267078445,-6.445863345822639,22.122414464858675
2026-07-17T21:18:11.917+00:00,80.914366,1784323091871.064,2411,2,1,0.3508910557786854,-0.22660021178825163,0.4263206791101864,0.5636476191019517,-0.5256194346999975,-0.31113796057873766,23.97993924966939,6.6398125267078445,-6.445863345822639,22.122414464858675
2026-07-17T21:18:11.948+00:00,80.947035,1784323091904.405,2412,2,1,0.3257417781069287,-0.24518202556717528,0.40864596665511344,0.5380972621350679,-0.5311764661719718,-0.2888544739447592,25.664508567975783,4.084776830019465,-7.001566493020067,24.35076312825652
2026-07-17T21:18:11.980+00:00,80.978983,1784323091937.745,2413,2,1,0.3508910557786854,-0.22660021178825163,0.4263206791101864,0.5701700721789988,-0.5176614109456675,-0.31169156248209123,23.917612355423266,7.2920578344125575,-5.650060970389642,22.06705427452332
2026-07-17T21:18:12.014+00:00,81.011999,1784323091971.085,2414,2,1,0.3508910557786854,-0.22660021178825163,0.4263206791101864,0.5707771515391962,-0.5203980936574943,-0.3052432864624864,24.596408497454526,7.35276577043229,-5.923729241572323,22.7118818764838
2026-07-17T21:18:12.047+00:00,81.045867,1784323092004.425,2415,2,1,0.3508910557786854,-0.22660021178825163,0.4263206791101864,0.5636476191019517,-0.5256194346999975,-0.31113796057873766,23.97993924966939,6.6398125267078445,-6.445863345822639,22.122414464858675
2026-07-17T21:18:12.081+00:00,81.078791,1784323092037.766,2416,2,1,0.3508910557786854,-0.22660021178825163,0.4263206791101864,0.5701700721789988,-0.5176614109456675,-0.31169156248209123,23.917612355423266,7.2920578344125575,-5.650060970389642,22.06705427452332
2026-07-17T21:18:12.115+00:00,81.112869,1784323092071.105,2417,2,1,0.3508910557786854,-0.22660021178825163,0.4263206791101864,0.5731072036203141,-0.5196273630909339,-0.26910269613811905,28.01396927647914,7.5857709785440814,-5.846656184916283,26.325940908920536
2026-07-17T21:18:12.150+00:00,81.148124,1784323092104.445,2418,2,1,0.3508910557786854,-0.22660021178825163,0.4263206791101864,0.5681108660611671,-0.525781804146277,-0.2698743097702586,27.945849576294496,7.086137222629385,-6.462100290450584,26.24877954570658
2026-07-17T21:18:12.182+00:00,81.180459,1784323092137.785,2419,2,1,0.3508910557786854,-0.22660021178825163,0.4263206791101864,0.5731072036203141,-0.5196273630909339,-0.26910269613811905,28.01396927647914,7.5857709785440814,-5.846656184916283,26.325940908920536
2026-07-17T21:18:12.217+00:00,81.214773,1784323092171.125,2420,2,1,0.35122530145938413,-0.23543686461428132,0.4380374241453845,0.563327922014538,-0.5324620731900842,-0.2577097004747717,29.134888619746334,6.607842817966469,-7.130127194831309,27.46524047525527
2026-07-17T21:18:12.249+00:00,81.246359,1784323092204.465,2421,2,1,0.35122530145938413,-0.23543686461428132,0.4380374241453845,0.563327922014538,-0.5324620731900842,-0.2577097004747717,29.134888619746334,6.607842817966469,-7.130127194831309,27.46524047525527
2026-07-17T21:18:12.282+00:00,81.281171,1784323092237.806,2422,2,1,0.35122530145938413,-0.23543686461428132,0.4380374241453845,0.5594862850184248,-0.5323318917684992,-0.29876433999656826,25.200527419955357,6.223679118355152,-7.117109052672804,23.359776523075617
2026-07-17T21:18:12.317+00:00,81.315251,1784323092271.146,2423,2,1,0.3508910557786854,-0.22660021178825163,0.4263206791101864,0.5681108660611671,-0.525781804146277,-0.2698743097702586,27.945849576294496,7.086137222629385,-6.462100290450584,26.24877954570658
2026-07-17T21:18:12.349+00:00,81.346986,1784323092304.486,2424,2,1,0.35122530145938413,-0.23543686461428132,0.4380374241453845,0.5594862850184248,-0.5323318917684992,-0.29876433999656826,25.200527419955357,6.223679118355152,-7.117109052672804,23.359776523075617
2026-07-17T21:18:12.383+00:00,81.380811,1784323092337.826,2425,2,1,0.3508910557786854,-0.22660021178825163,0.4263206791101864,0.5636476191019517,-0.5256194346999975,-0.31113796057873766,23.97993924966939,6.6398125267078445,-6.445863345822639,22.122414464858675
2026-07-17T21:18:12.416+00:00,81.413988,1784323092371.166,2426,2,1,0.35122530145938413,-0.23543686461428132,0.4380374241453845,0.563327922014538,-0.5324620731900842,-0.2577097004747717,29.134888619746334,6.607842817966469,-7.130127194831309,27.46524047525527
2026-07-17T21:18:12.448+00:00,81.445972,1784323092404.507,2427,2,1,0.3508910557786854,-0.22660021178825163,0.4263206791101864,0.5681108660611671,-0.525781804146277,-0.2698743097702586,27.945849576294496,7.086137222629385,-6.462100290450584,26.24877954570658
2026-07-17T21:18:12.483+00:00,81.48108,1784323092437.847,2428,2,1,0.3508910557786854,-0.22660021178825163,0.4263206791101864,0.5701700721789988,-0.5176614109456675,-0.31169156248209123,23.917612355423266,7.2920578344125575,-5.650060970389642,22.06705427452332
2026-07-17T21:18:12.514+00:00,81.512815,1784323092471.187,2429,2,1,0.3257417781069287,-0.24518202556717528,0.40864596665511344,0.5380972621350679,-0.5311764661719718,-0.2888544739447592,25.664508567975783,4.084776830019465,-7.001566493020067,24.35076312825652
2026-07-17T21:18:12.550+00:00,81.547335,1784323092504.526,2430,2,1,0.35122530145938413,-0.23543686461428132,0.4380374241453845,0.5594862850184248,-0.5323318917684992,-0.29876433999656826,25.200527419955357,6.223679118355152,-7.117109052672804,23.359776523075617
2026-07-17T21:18:12.582+00:00,81.579863,1784323092537.866,2431,2,1,0.35122530145938413,-0.23543686461428132,0.4380374241453845,0.565742271695076,-0.5246748928651113,-0.29958016612151867,25.082410495724723,6.849277786020269,-6.351409162334015,23.278193910580576
2026-07-17T21:18:12.616+00:00,81.614245,1784323092571.207,2432,2,1,0.3508910557786854,-0.22660021178825163,0.4263206791101864,0.5701700721789988,-0.5176614109456675,-0.31169156248209123,23.917612355423266,7.2920578344125575,-5.650060970389642,22.06705427452332
2026-07-17T21:18:12.648+00:00,81.646085,1784323092604.548,2433,2,1,0.3508910557786854,-0.22660021178825163,0.4263206791101864,0.5636476191019517,-0.5256194346999975,-0.31113796057873766,23.97993924966939,6.6398125267078445,-6.445863345822639,22.122414464858675
2026-07-17T21:18:12.681+00:00,81.679491,1784323092637.888,2434,2,1,0.35122530145938413,-0.23543686461428132,0.4380374241453845,0.563327922014538,-0.5324620731900842,-0.2577097004747717,29.134888619746334,6.607842817966469,-7.130127194831309,27.46524047525527
2026-07-17T21:18:12.717+00:00,81.715342,1784323092671.229,2435,2,1,0.35122530145938413,-0.23543686461428132,0.4380374241453845,0.563327922014538,-0.5324620731900842,-0.2577097004747717,29.134888619746334,6.607842817966469,-7.130127194831309,27.46524047525527
2026-07-17T21:18:12.748+00:00,81.746049,1784323092704.569,2436,2,1,0.3508910557786854,-0.22660021178825163,0.4263206791101864,0.5701700721789988,-0.5176614109456675,-0.31169156248209123,23.917612355423266,7.2920578344125575,-5.650060970389642,22.06705427452332
2026-07-17T21:18:12.782+00:00,81.779545,1784323092737.909,2437,2,1,0.3508910557786854,-0.22660021178825163,0.4263206791101864,0.5681108660611671,-0.525781804146277,-0.2698743097702586,27.945849576294496,7.086137222629385,-6.462100290450584,26.24877954570658
2026-07-17T21:18:12.814+00:00,81.813232,1784323092771.25,2438,2,1,0.349545571507008,-0.2436972644388787,0.4447191935329714,0.5573764869839518,-0.5381372338832151,-0.25077610744461293,29.804580291397713,6.012699314907854,-7.697643264144399,28.15859977827115
2026-07-17T21:18:12.848+00:00,81.846965,1784323092804.59,2439,2,1,0.3508910557786854,-0.22660021178825163,0.4263206791101864,0.5636476191019517,-0.5256194346999975,-0.31113796057873766,23.97993924966939,6.6398125267078445,-6.445863345822639,22.122414464858675
2026-07-17T21:18:12.882+00:00,81.880123,1784323092837.931,2440,2,1,0.35122530145938413,-0.23543686461428132,0.4380374241453845,0.5594862850184248,-0.5323318917684992,-0.29876433999656826,25.200527419955357,6.223679118355152,-7.117109052672804,23.359776523075617
2026-07-17T21:18:12.919+00:00,81.916696,1784323092871.271,2441,2,1,0.349545571507008,-0.2436972644388787,0.4447191935329714,0.5539023974241664,-0.5380419077021323,-0.29155894913303054,25.904906099161987,5.665290358929309,-7.688110646036122,24.080315609429388
2026-07-17T21:18:12.950+00:00,81.948461,1784323092904.612,2442,2,1,0.3508910557786854,-0.22660021178825163,0.4263206791101864,0.5681108660611671,-0.525781804146277,-0.2698743097702586,27.945849576294496,7.086137222629385,-6.462100290450584,26.24877954570658
2026-07-17T21:18:12.983+00:00,81.980649,1784323092937.952,2443,2,1,0.35122530145938413,-0.23543686461428132,0.4380374241453845,0.563327922014538,-0.5324620731900842,-0.2577097004747717,29.134888619746334,6.607842817966469,-7.130127194831309,27.46524047525527
2026-07-17T21:18:13.016+00:00,82.013354,1784323092971.292,2444,2,1,0.3508910557786854,-0.22660021178825163,0.4263206791101864,0.5681108660611671,-0.525781804146277,-0.2698743097702586,27.945849576294496,7.086137222629385,-6.462100290450584,26.24877954570658
2026-07-17T21:18:13.049+00:00,82.046835,1784323093004.632,2445,2,1,0.3508910557786854,-0.22660021178825163,0.4263206791101864,0.5681108660611671,-0.525781804146277,-0.2698743097702586,27.945849576294496,7.086137222629385,-6.462100290450584,26.24877954570658
2026-07-17T21:18:13.083+00:00,82.080799,1784323093037.973,2446,2,1,0.3508910557786854,-0.22660021178825163,0.4263206791101864,0.5681108660611671,-0.525781804146277,-0.2698743097702586,27.945849576294496,7.086137222629385,-6.462100290450584,26.24877954570658
2026-07-17T21:18:13.115+00:00,82.113189,1784323093071.313,2447,2,1,0.3508910557786854,-0.22660021178825163,0.4263206791101864,0.5636476191019517,-0.5256194346999975,-0.31113796057873766,23.97993924966939,6.6398125267078445,-6.445863345822639,22.122414464858675
2026-07-17T21:18:13.151+00:00,82.148718,1784323093104.654,2448,2,1,0.3257417781069287,-0.24518202556717528,0.40864596665511344,0.5380972621350679,-0.5311764661719718,-0.2888544739447592,25.664508567975783,4.084776830019465,-7.001566493020067,24.35076312825652
2026-07-17T21:18:13.183+00:00,82.180735,1784323093137.994,2449,2,1,0.35122530145938413,-0.23543686461428132,0.4380374241453845,0.5594862850184248,-0.5323318917684992,-0.29876433999656826,25.200527419955357,6.223679118355152,-7.117109052672804,23.359776523075617
2026-07-17T21:18:13.218+00:00,82.215593,1784323093171.335,2450,2,1,0.35122530145938413,-0.23543686461428132,0.4380374241453845,0.5594862850184248,-0.5323318917684992,-0.29876433999656826,25.200527419955357,6.223679118355152,-7.117109052672804,23.359776523075617
2026-07-17T21:18:13.247+00:00,82.246876,1784323093204.675,2451,2,1,0.35122530145938413,-0.23543686461428132,0.4380374241453845,0.5594862850184248,-0.5323318917684992,-0.29876433999656826,25.200527419955357,6.223679118355152,-7.117109052672804,23.359776523075617
2026-07-17T21:18:13.282+00:00,82.280637,1784323093238.016,2452,2,1,0.3508910557786854,-0.22660021178825163,0.4263206791101864,0.5681108660611671,-0.525781804146277,-0.2698743097702586,27.945849576294496,7.086137222629385,-6.462100290450584,26.24877954570658
2026-07-17T21:18:13.314+00:00,82.313406,1784323093271.356,2453,2,1,0.35122530145938413,-0.23543686461428132,0.4380374241453845,0.563327922014538,-0.5324620731900842,-0.2577097004747717,29.134888619746334,6.607842817966469,-7.130127194831309,27.46524047525527
2026-07-17T21:18:13.349+00:00,82.348108,1784323093304.697,2454,2,1,0.3508910557786854,-0.22660021178825163,0.4263206791101864,0.5681108660611671,-0.525781804146277,-0.2698743097702586,27.945849576294496,7.086137222629385,-6.462100290450584,26.24877954570658
2026-07-17T21:18:13.383+00:00,82.380721,1784323093338.037,2455,2,1,0.3508910557786854,-0.22660021178825163,0.4263206791101864,0.5636476191019517,-0.5256194346999975,-0.31113796057873766,23.97993924966939,6.6398125267078445,-6.445863345822639,22.122414464858675
2026-07-17T21:18:13.415+00:00,82.413494,1784323093371.378,2456,2,1,0.3508910557786854,-0.22660021178825163,0.4263206791101864,0.5681108660611671,-0.525781804146277,-0.2698743097702586,27.945849576294496,7.086137222629385,-6.462100290450584,26.24877954570658
2026-07-17T21:18:13.449+00:00,82.446222,1784323093404.717,2457,2,1,0.3508910557786854,-0.22660021178825163,0.4263206791101864,0.5636476191019517,-0.5256194346999975,-0.31113796057873766,23.97993924966939,6.6398125267078445,-6.445863345822639,22.122414464858675
2026-07-17T21:18:13.482+00:00,82.480288,1784323093438.058,2458,2,1,0.3508910557786854,-0.22660021178825163,0.4263206791101864,0.5681108660611671,-0.525781804146277,-0.2698743097702586,27.945849576294496,7.086137222629385,-6.462100290450584,26.24877954570658
2026-07-17T21:18:13.515+00:00,82.514116,1784323093471.398,2459,2,1,0.3508910557786854,-0.22660021178825163,0.4263206791101864,0.5681108660611671,-0.525781804146277,-0.2698743097702586,27.945849576294496,7.086137222629385,-6.462100290450584,26.24877954570658
2026-07-17T21:18:13.549+00:00,82.548004,1784323093504.739,2460,2,1,0.3508910557786854,-0.22660021178825163,0.4263206791101864,0.5681108660611671,-0.525781804146277,-0.2698743097702586,27.945849576294496,7.086137222629385,-6.462100290450584,26.24877954570658
2026-07-17T21:18:13.584+00:00,82.581766,1784323093538.08,2461,2,1,0.3508910557786854,-0.22660021178825163,0.4263206791101864,0.5681108660611671,-0.525781804146277,-0.2698743097702586,27.945849576294496,7.086137222629385,-6.462100290450584,26.24877954570658
2026-07-17T21:18:13.615+00:00,82.614292,1784323093571.422,2462,2,1,0.35122530145938413,-0.23543686461428132,0.4380374241453845,0.565742271695076,-0.5246748928651113,-0.29958016612151867,25.082410495724723,6.849277786020269,-6.351409162334015,23.278193910580576
2026-07-17T21:18:13.648+00:00,82.646148,1784323093604.764,2463,2,1,0.3508910557786854,-0.22660021178825163,0.4263206791101864,0.5701700721789988,-0.5176614109456675,-0.31169156248209123,23.917612355423266,7.2920578344125575,-5.650060970389642,22.06705427452332
2026-07-17T21:18:13.682+00:00,82.679973,1784323093638.106,2464,2,1,0.3508910557786854,-0.22660021178825163,0.4263206791101864,0.5701700721789988,-0.5176614109456675,-0.31169156248209123,23.917612355423266,7.2920578344125575,-5.650060970389642,22.06705427452332
2026-07-17T21:18:13.717+00:00,82.714285,1784323093671.448,2465,2,1,0.3508910557786854,-0.22660021178825163,0.4263206791101864,0.5636476191019517,-0.5256194346999975,-0.31113796057873766,23.97993924966939,6.6398125267078445,-6.445863345822639,22.122414464858675
2026-07-17T21:18:13.747+00:00,82.746252,1784323093704.79,2466,2,1,0.35122530145938413,-0.23543686461428132,0.4380374241453845,0.563327922014538,-0.5324620731900842,-0.2577097004747717,29.134888619746334,6.607842817966469,-7.130127194831309,27.46524047525527
2026-07-17T21:18:13.782+00:00,82.779793,1784323093738.132,2467,2,1,0.35122530145938413,-0.23543686461428132,0.4380374241453845,0.5594862850184248,-0.5323318917684992,-0.29876433999656826,25.200527419955357,6.223679118355152,-7.117109052672804,23.359776523075617
2026-07-17T21:18:13.816+00:00,82.814274,1784323093771.475,2468,2,1,0.35122530145938413,-0.23543686461428132,0.4380374241453845,0.5594862850184248,-0.5323318917684992,-0.29876433999656826,25.200527419955357,6.223679118355152,-7.117109052672804,23.359776523075617
2026-07-17T21:18:13.848+00:00,82.847445,1784323093804.817,2469,2,1,0.3508910557786854,-0.22660021178825163,0.4263206791101864,0.5681108660611671,-0.525781804146277,-0.2698743097702586,27.945849576294496,7.086137222629385,-6.462100290450584,26.24877954570658
2026-07-17T21:18:13.883+00:00,82.88075,1784323093838.158,2470,2,1,0.35122530145938413,-0.23543686461428132,0.4380374241453845,0.5594862850184248,-0.5323318917684992,-0.29876433999656826,25.200527419955357,6.223679118355152,-7.117109052672804,23.359776523075617
2026-07-17T21:18:13.916+00:00,82.914297,1784323093871.5,2471,2,1,0.35122530145938413,-0.23543686461428132,0.4380374241453845,0.563327922014538,-0.5324620731900842,-0.2577097004747717,29.134888619746334,6.607842817966469,-7.130127194831309,27.46524047525527
2026-07-17T21:18:13.948+00:00,82.947668,1784323093904.842,2472,2,1,0.35122530145938413,-0.23543686461428132,0.4380374241453845,0.563327922014538,-0.5324620731900842,-0.2577097004747717,29.134888619746334,6.607842817966469,-7.130127194831309,27.46524047525527
2026-07-17T21:18:13.982+00:00,82.980272,1784323093938.184,2473,2,1,0.3508910557786854,-0.22660021178825163,0.4263206791101864,0.5681108660611671,-0.525781804146277,-0.2698743097702586,27.945849576294496,7.086137222629385,-6.462100290450584,26.24877954570658
2026-07-17T21:18:14.015+00:00,83.014428,1784323093971.526,2474,2,1,0.3508910557786854,-0.22660021178825163,0.4263206791101864,0.5731072036203141,-0.5196273630909339,-0.26910269613811905,28.01396927647914,7.5857709785440814,-5.846656184916283,26.325940908920536
2026-07-17T21:18:14.048+00:00,83.046888,1784323094004.868,2475,2,1,0.35122530145938413,-0.23543686461428132,0.4380374241453845,0.5594862850184248,-0.5323318917684992,-0.29876433999656826,25.200527419955357,6.223679118355152,-7.117109052672804,23.359776523075617
2026-07-17T21:18:14.082+00:00,83.080281,1784323094038.211,2476,2,1,0.349545571507008,-0.2436972644388787,0.4447191935329714,0.5539023974241664,-0.5380419077021323,-0.29155894913303054,25.904906099161987,5.665290358929309,-7.688110646036122,24.080315609429388
2026-07-17T21:18:14.117+00:00,83.114666,1784323094071.553,2477,2,1,0.35122530145938413,-0.23543686461428132,0.4380374241453845,0.5594862850184248,-0.5323318917684992,-0.29876433999656826,25.200527419955357,6.223679118355152,-7.117109052672804,23.359776523075617
2026-07-17T21:18:14.149+00:00,83.147158,1784323094104.895,2478,2,1,0.3508910557786854,-0.22660021178825163,0.4263206791101864,0.5636476191019517,-0.5256194346999975,-0.31113796057873766,23.97993924966939,6.6398125267078445,-6.445863345822639,22.122414464858675
2026-07-17T21:18:14.182+00:00,83.181394,1784323094138.237,2479,2,1,0.3508910557786854,-0.22660021178825163,0.4263206791101864,0.5731072036203141,-0.5196273630909339,-0.26910269613811905,28.01396927647914,7.5857709785440814,-5.846656184916283,26.325940908920536
2026-07-17T21:18:14.216+00:00,83.213241,1784323094171.58,2480,2,1,0.349545571507008,-0.2436972644388787,0.4447191935329714,0.5539023974241664,-0.5380419077021323,-0.29155894913303054,25.904906099161987,5.665290358929309,-7.688110646036122,24.080315609429388
2026-07-17T21:18:14.250+00:00,83.248263,1784323094204.922,2481,2,1,0.35122530145938413,-0.23543686461428132,0.4380374241453845,0.563327922014538,-0.5324620731900842,-0.2577097004747717,29.134888619746334,6.607842817966469,-7.130127194831309,27.46524047525527
2026-07-17T21:18:14.282+00:00,83.280416,1784323094238.264,2482,2,1,0.35122530145938413,-0.23543686461428132,0.4380374241453845,0.5680746961155629,-0.5265680556195592,-0.2571871213303143,29.157433008764862,7.082520228068967,-6.540725437778811,27.51749838970101
2026-07-17T21:18:14.316+00:00,83.314047,1784323094271.606,2483,2,1,0.35122530145938413,-0.23543686461428132,0.4380374241453845,0.563327922014538,-0.5324620731900842,-0.2577097004747717,29.134888619746334,6.607842817966469,-7.130127194831309,27.46524047525527
2026-07-17T21:18:14.349+00:00,83.347699,1784323094304.948,2484,2,1,0.3508910557786854,-0.22660021178825163,0.4263206791101864,0.5636476191019517,-0.5256194346999975,-0.31113796057873766,23.97993924966939,6.6398125267078445,-6.445863345822639,22.122414464858675
2026-07-17T21:18:14.383+00:00,83.380866,1784323094338.29,2485,2,1,0.3508910557786854,-0.22660021178825163,0.4263206791101864,0.5636476191019517,-0.5256194346999975,-0.31113796057873766,23.97993924966939,6.6398125267078445,-6.445863345822639,22.122414464858675
2026-07-17T21:18:14.415+00:00,83.41396,1784323094371.632,2486,2,1,0.3508910557786854,-0.22660021178825163,0.4263206791101864,0.5636476191019517,-0.5256194346999975,-0.31113796057873766,23.97993924966939,6.6398125267078445,-6.445863345822639,22.122414464858675
2026-07-17T21:18:14.451+00:00,83.448936,1784323094404.975,2487,2,1,0.349545571507008,-0.2436972644388787,0.4447191935329714,0.5573764869839518,-0.5381372338832151,-0.25077610744461293,29.804580291397713,6.012699314907854,-7.697643264144399,28.15859977827115
2026-07-17T21:18:14.481+00:00,83.479589,1784323094438.317,2488,2,1,0.3508910557786854,-0.22660021178825163,0.4263206791101864,0.5636476191019517,-0.5256194346999975,-0.31113796057873766,23.97993924966939,6.6398125267078445,-6.445863345822639,22.122414464858675
2026-07-17T21:18:14.516+00:00,83.514336,1784323094471.66,2489,2,1,0.3508910557786854,-0.22660021178825163,0.4263206791101864,0.5681108660611671,-0.525781804146277,-0.2698743097702586,27.945849576294496,7.086137222629385,-6.462100290450584,26.24877954570658
2026-07-17T21:18:14.548+00:00,83.546595,1784323094505.002,2490,2,1,0.35122530145938413,-0.23543686461428132,0.4380374241453845,0.563327922014538,-0.5324620731900842,-0.2577097004747717,29.134888619746334,6.607842817966469,-7.130127194831309,27.46524047525527
2026-07-17T21:18:14.582+00:00,83.580354,1784323094538.343,2491,2,1,0.3508910557786854,-0.22660021178825163,0.4263206791101864,0.5636476191019517,-0.5256194346999975,-0.31113796057873766,23.97993924966939,6.6398125267078445,-6.445863345822639,22.122414464858675
2026-07-17T21:18:14.615+00:00,83.612808,1784323094571.683,2492,2,1,0.3508910557786854,-0.22660021178825163,0.4263206791101864,0.5636476191019517,-0.5256194346999975,-0.31113796057873766,23.97993924966939,6.6398125267078445,-6.445863345822639,22.122414464858675
2026-07-17T21:18:14.649+00:00,83.6467,1784323094605.024,2493,2,1,0.35122530145938413,-0.23543686461428132,0.4380374241453845,0.563327922014538,-0.5324620731900842,-0.2577097004747717,29.134888619746334,6.607842817966469,-7.130127194831309,27.46524047525527
2026-07-17T21:18:14.682+00:00,83.679285,1784323094638.365,2494,2,1,0.349545571507008,-0.2436972644388787,0.4447191935329714,0.5539023974241664,-0.5380419077021323,-0.29155894913303054,25.904906099161987,5.665290358929309,-7.688110646036122,24.080315609429388
2026-07-17T21:18:14.717+00:00,83.715679,1784323094671.705,2495,2,1,0.35122530145938413,-0.23543686461428132,0.4380374241453845,0.5594862850184248,-0.5323318917684992,-0.29876433999656826,25.200527419955357,6.223679118355152,-7.117109052672804,23.359776523075617
2026-07-17T21:18:14.751+00:00,83.749289,1784323094705.046,2496,2,1,0.3508910557786854,-0.22660021178825163,0.4263206791101864,0.5731072036203141,-0.5196273630909339,-0.26910269613811905,28.01396927647914,7.5857709785440814,-5.846656184916283,26.325940908920536
2026-07-17T21:18:14.784+00:00,83.781559,1784323094738.385,2497,2,1,0.3508910557786854,-0.22660021178825163,0.4263206791101864,0.5636476191019517,-0.5256194346999975,-0.31113796057873766,23.97993924966939,6.6398125267078445,-6.445863345822639,22.122414464858675
2026-07-17T21:18:14.817+00:00,83.814369,1784323094771.726,2498,2,1,0.35122530145938413,-0.23543686461428132,0.4380374241453845,0.5594862850184248,-0.5323318917684992,-0.29876433999656826,25.200527419955357,6.223679118355152,-7.117109052672804,23.359776523075617
2026-07-17T21:18:14.849+00:00,83.847767,1784323094805.067,2499,2,1,0.3257417781069287,-0.24518202556717528,0.40864596665511344,0.5380972621350679,-0.5311764661719718,-0.2888544739447592,25.664508567975783,4.084776830019465,-7.001566493020067,24.35076312825652
2026-07-17T21:18:14.882+00:00,83.880306,1784323094838.407,2500,2,1,0.3508910557786854,-0.22660021178825163,0.4263206791101864,0.5681108660611671,-0.525781804146277,-0.2698743097702586,27.945849576294496,7.086137222629385,-6.462100290450584,26.24877954570658
2026-07-17T21:18:14.916+00:00,83.913576,1784323094871.748,2501,2,1,0.3508910557786854,-0.22660021178825163,0.4263206791101864,0.5681108660611671,-0.525781804146277,-0.2698743097702586,27.945849576294496,7.086137222629385,-6.462100290450584,26.24877954570658
2026-07-17T21:18:14.950+00:00,83.947578,1784323094905.089,2502,2,1,0.3508910557786854,-0.22660021178825163,0.4263206791101864,0.5701700721789988,-0.5176614109456675,-0.31169156248209123,23.917612355423266,7.2920578344125575,-5.650060970389642,22.06705427452332
2026-07-17T21:18:14.983+00:00,83.981489,1784323094938.429,2503,2,1,0.35122530145938413,-0.23543686461428132,0.4380374241453845,0.5594862850184248,-0.5323318917684992,-0.29876433999656826,25.200527419955357,6.223679118355152,-7.117109052672804,23.359776523075617
2026-07-17T21:18:15.015+00:00,84.013838,1784323094971.77,2504,2,1,0.349545571507008,-0.2436972644388787,0.4447191935329714,0.5573764869839518,-0.5381372338832151,-0.25077610744461293,29.804580291397713,6.012699314907854,-7.697643264144399,28.15859977827115
2026-07-17T21:18:15.049+00:00,84.046608,1784323095005.111,2505,2,1,0.349545571507008,-0.2436972644388787,0.4447191935329714,0.5539023974241664,-0.5380419077021323,-0.29155894913303054,25.904906099161987,5.665290358929309,-7.688110646036122,24.080315609429388
2026-07-17T21:18:15.085+00:00,84.082768,1784323095038.451,2506,2,1,0.3508910557786854,-0.22660021178825163,0.4263206791101864,0.5636476191019517,-0.5256194346999975,-0.31113796057873766,23.97993924966939,6.6398125267078445,-6.445863345822639,22.122414464858675
2026-07-17T21:18:15.118+00:00,84.115348,1784323095071.792,2507,2,1,0.35122530145938413,-0.23543686461428132,0.4380374241453845,0.563327922014538,-0.5324620731900842,-0.2577097004747717,29.134888619746334,6.607842817966469,-7.130127194831309,27.46524047525527
2026-07-17T21:18:15.150+00:00,84.148136,1784323095105.133,2508,2,1,0.3508910557786854,-0.22660021178825163,0.4263206791101864,0.5681108660611671,-0.525781804146277,-0.2698743097702586,27.945849576294496,7.086137222629385,-6.462100290450584,26.24877954570658
2026-07-17T21:18:15.183+00:00,84.181,1784323095138.473,2509,2,1,0.35122530145938413,-0.23543686461428132,0.4380374241453845,0.563327922014538,-0.5324620731900842,-0.2577097004747717,29.134888619746334,6.607842817966469,-7.130127194831309,27.46524047525527
2026-07-17T21:18:15.215+00:00,84.213177,1784323095171.813,2510,2,1,0.3508910557786854,-0.22660021178825163,0.4263206791101864,0.5681108660611671,-0.525781804146277,-0.2698743097702586,27.945849576294496,7.086137222629385,-6.462100290450584,26.24877954570658
2026-07-17T21:18:15.250+00:00,84.247788,1784323095205.154,2511,2,1,0.349545571507008,-0.2436972644388787,0.4447191935329714,0.5539023974241664,-0.5380419077021323,-0.29155894913303054,25.904906099161987,5.665290358929309,-7.688110646036122,24.080315609429388
2026-07-17T21:18:15.282+00:00,84.279674,1784323095238.494,2512,2,1,0.3508910557786854,-0.22660021178825163,0.4263206791101864,0.5636476191019517,-0.5256194346999975,-0.31113796057873766,23.97993924966939,6.6398125267078445,-6.445863345822639,22.122414464858675
2026-07-17T21:18:15.316+00:00,84.314145,1784323095271.835,2513,2,1,0.3508910557786854,-0.22660021178825163,0.4263206791101864,0.5681108660611671,-0.525781804146277,-0.2698743097702586,27.945849576294496,7.086137222629385,-6.462100290450584,26.24877954570658
2026-07-17T21:18:15.349+00:00,84.346378,1784323095305.176,2514,2,1,0.35122530145938413,-0.23543686461428132,0.4380374241453845,0.5594862850184248,-0.5323318917684992,-0.29876433999656826,25.200527419955357,6.223679118355152,-7.117109052672804,23.359776523075617
2026-07-17T21:18:15.382+00:00,84.381652,1784323095338.517,2515,2,1,0.35122530145938413,-0.23543686461428132,0.4380374241453845,0.5594862850184248,-0.5323318917684992,-0.29876433999656826,25.200527419955357,6.223679118355152,-7.117109052672804,23.359776523075617
2026-07-17T21:18:15.417+00:00,84.41471,1784323095371.857,2516,2,1,0.3508910557786854,-0.22660021178825163,0.4263206791101864,0.5636476191019517,-0.5256194346999975,-0.31113796057873766,23.97993924966939,6.6398125267078445,-6.445863345822639,22.122414464858675
2026-07-17T21:18:15.450+00:00,84.44794,1784323095405.198,2517,2,1,0.3508910557786854,-0.22660021178825163,0.4263206791101864,0.5636476191019517,-0.5256194346999975,-0.31113796057873766,23.97993924966939,6.6398125267078445,-6.445863345822639,22.122414464858675
2026-07-17T21:18:15.483+00:00,84.481054,1784323095438.539,2518,2,1,0.349545571507008,-0.2436972644388787,0.4447191935329714,0.5539023974241664,-0.5380419077021323,-0.29155894913303054,25.904906099161987,5.665290358929309,-7.688110646036122,24.080315609429388
2026-07-17T21:18:15.515+00:00,84.512809,1784323095471.879,2519,2,1,0.35122530145938413,-0.23543686461428132,0.4380374241453845,0.563327922014538,-0.5324620731900842,-0.2577097004747717,29.134888619746334,6.607842817966469,-7.130127194831309,27.46524047525527
2026-07-17T21:18:15.547+00:00,84.546646,1784323095505.22,2520,2,1,0.35122530145938413,-0.23543686461428132,0.4380374241453845,0.5680746961155629,-0.5265680556195592,-0.2571871213303143,29.157433008764862,7.082520228068967,-6.540725437778811,27.51749838970101
2026-07-17T21:18:15.581+00:00,84.580445,1784323095538.561,2521,2,1,0.3257417781069287,-0.24518202556717528,0.40864596665511344,0.5434935772596328,-0.5246012781762949,-0.2888120526367165,25.58902840718339,4.62440834247595,-6.344047693452376,24.355005259060793
2026-07-17T21:18:15.615+00:00,84.613117,1784323095571.901,2522,2,1,0.349545571507008,-0.2436972644388787,0.4447191935329714,0.5539023974241664,-0.5380419077021323,-0.29155894913303054,25.904906099161987,5.665290358929309,-7.688110646036122,24.080315609429388
2026-07-17T21:18:15.650+00:00,84.648528,1784323095605.242,2523,2,1,0.35122530145938413,-0.23543686461428132,0.4380374241453845,0.5680746961155629,-0.5265680556195592,-0.2571871213303143,29.157433008764862,7.082520228068967,-6.540725437778811,27.51749838970101
2026-07-17T21:18:15.683+00:00,84.680832,1784323095638.581,2524,2,1,0.3508910557786854,-0.22660021178825163,0.4263206791101864,0.5636476191019517,-0.5256194346999975,-0.31113796057873766,23.97993924966939,6.6398125267078445,-6.445863345822639,22.122414464858675
2026-07-17T21:18:15.715+00:00,84.713669,1784323095671.922,2525,2,1,0.3508910557786854,-0.22660021178825163,0.4263206791101864,0.5636476191019517,-0.5256194346999975,-0.31113796057873766,23.97993924966939,6.6398125267078445,-6.445863345822639,22.122414464858675
2026-07-17T21:18:15.750+00:00,84.747664,1784323095705.262,2526,2,1,0.349545571507008,-0.2436972644388787,0.4447191935329714,0.5539023974241664,-0.5380419077021323,-0.29155894913303054,25.904906099161987,5.665290358929309,-7.688110646036122,24.080315609429388
2026-07-17T21:18:15.783+00:00,84.781009,1784323095738.603,2527,2,1,0.35122530145938413,-0.23543686461428132,0.4380374241453845,0.563327922014538,-0.5324620731900842,-0.2577097004747717,29.134888619746334,6.607842817966469,-7.130127194831309,27.46524047525527
2026-07-17T21:18:15.814+00:00,84.813035,1784323095771.944,2528,2,1,0.3508910557786854,-0.22660021178825163,0.4263206791101864,0.5636476191019517,-0.5256194346999975,-0.31113796057873766,23.97993924966939,6.6398125267078445,-6.445863345822639,22.122414464858675
2026-07-17T21:18:15.849+00:00,84.846813,1784323095805.284,2529,2,1,0.3508910557786854,-0.22660021178825163,0.4263206791101864,0.5636476191019517,-0.5256194346999975,-0.31113796057873766,23.97993924966939,6.6398125267078445,-6.445863345822639,22.122414464858675
2026-07-17T21:18:15.884+00:00,84.881548,1784323095838.625,2530,2,1,0.3508910557786854,-0.22660021178825163,0.4263206791101864,0.5636476191019517,-0.5256194346999975,-0.31113796057873766,23.97993924966939,6.6398125267078445,-6.445863345822639,22.122414464858675
2026-07-17T21:18:15.915+00:00,84.914587,1784323095871.966,2531,2,1,0.35122530145938413,-0.23543686461428132,0.4380374241453845,0.563327922014538,-0.5324620731900842,-0.2577097004747717,29.134888619746334,6.607842817966469,-7.130127194831309,27.46524047525527
2026-07-17T21:18:15.950+00:00,84.948373,1784323095905.306,2532,2,1,0.35122530145938413,-0.23543686461428132,0.4380374241453845,0.563327922014538,-0.5324620731900842,-0.2577097004747717,29.134888619746334,6.607842817966469,-7.130127194831309,27.46524047525527
2026-07-17T21:18:15.982+00:00,84.980223,1784323095938.647,2533,2,1,0.3508910557786854,-0.22660021178825163,0.4263206791101864,0.5636476191019517,-0.5256194346999975,-0.31113796057873766,23.97993924966939,6.6398125267078445,-6.445863345822639,22.122414464858675
2026-07-17T21:18:16.017+00:00,85.014793,1784323095971.987,2534,2,1,0.3508910557786854,-0.22660021178825163,0.4263206791101864,0.5636476191019517,-0.5256194346999975,-0.31113796057873766,23.97993924966939,6.6398125267078445,-6.445863345822639,22.122414464858675
2026-07-17T21:18:16.048+00:00,85.046626,1784323096005.328,2535,2,1,0.35122530145938413,-0.23543686461428132,0.4380374241453845,0.565742271695076,-0.5246748928651113,-0.29958016612151867,25.082410495724723,6.849277786020269,-6.351409162334015,23.278193910580576
2026-07-17T21:18:16.083+00:00,85.081815,1784323096038.669,2536,2,1,0.35122530145938413,-0.23543686461428132,0.4380374241453845,0.5594862850184248,-0.5323318917684992,-0.29876433999656826,25.200527419955357,6.223679118355152,-7.117109052672804,23.359776523075617
2026-07-17T21:18:16.115+00:00,85.114458,1784323096072.008,2537,2,1,0.35122530145938413,-0.23543686461428132,0.4380374241453845,0.565742271695076,-0.5246748928651113,-0.29958016612151867,25.082410495724723,6.849277786020269,-6.351409162334015,23.278193910580576
2026-07-17T21:18:16.149+00:00,85.146912,1784323096105.349,2538,2,1,0.35122530145938413,-0.23543686461428132,0.4380374241453845,0.5594862850184248,-0.5323318917684992,-0.29876433999656826,25.200527419955357,6.223679118355152,-7.117109052672804,23.359776523075617
2026-07-17T21:18:16.182+00:00,85.179881,1784323096138.689,2539,2,1,0.3508910557786854,-0.22660021178825163,0.4263206791101864,0.5636476191019517,-0.5256194346999975,-0.31113796057873766,23.97993924966939,6.6398125267078445,-6.445863345822639,22.122414464858675
2026-07-17T21:18:16.217+00:00,85.214905,1784323096172.03,2540,2,1,0.3508910557786854,-0.22660021178825163,0.4263206791101864,0.5731072036203141,-0.5196273630909339,-0.26910269613811905,28.01396927647914,7.5857709785440814,-5.846656184916283,26.325940908920536
2026-07-17T21:18:16.250+00:00,85.247866,1784323096205.371,2541,2,1,0.3257417781069287,-0.24518202556717528,0.40864596665511344,0.5380972621350679,-0.5311764661719718,-0.2888544739447592,25.664508567975783,4.084776830019465,-7.001566493020067,24.35076312825652
2026-07-17T21:18:16.282+00:00,85.280365,1784323096238.711,2542,2,1,0.3508910557786854,-0.22660021178825163,0.4263206791101864,0.5636476191019517,-0.5256194346999975,-0.31113796057873766,23.97993924966939,6.6398125267078445,-6.445863345822639,22.122414464858675
2026-07-17T21:18:16.317+00:00,85.314604,1784323096272.052,2543,2,1,0.35122530145938413,-0.23543686461428132,0.4380374241453845,0.5594862850184248,-0.5323318917684992,-0.29876433999656826,25.200527419955357,6.223679118355152,-7.117109052672804,23.359776523075617
2026-07-17T21:18:16.351+00:00,85.348344,1784323096305.393,2544,2,1,0.3508910557786854,-0.22660021178825163,0.4263206791101864,0.5636476191019517,-0.5256194346999975,-0.31113796057873766,23.97993924966939,6.6398125267078445,-6.445863345822639,22.122414464858675
2026-07-17T21:18:16.383+00:00,85.38108,1784323096338.733,2545,2,1,0.3508910557786854,-0.22660021178825163,0.4263206791101864,0.5636476191019517,-0.5256194346999975,-0.31113796057873766,23.97993924966939,6.6398125267078445,-6.445863345822639,22.122414464858675
2026-07-17T21:18:16.415+00:00,85.413755,1784323096372.074,2546,2,1,0.3257417781069287,-0.24518202556717528,0.40864596665511344,0.5434935772596328,-0.5246012781762949,-0.2888120526367165,25.58902840718339,4.62440834247595,-6.344047693452376,24.355005259060793
2026-07-17T21:18:16.450+00:00,85.448307,1784323096405.414,2547,2,1,0.35122530145938413,-0.23543686461428132,0.4380374241453845,0.563327922014538,-0.5324620731900842,-0.2577097004747717,29.134888619746334,6.607842817966469,-7.130127194831309,27.46524047525527
2026-07-17T21:18:16.484+00:00,85.482148,1784323096438.755,2548,2,1,0.35122530145938413,-0.23543686461428132,0.4380374241453845,0.5594862850184248,-0.5323318917684992,-0.29876433999656826,25.200527419955357,6.223679118355152,-7.117109052672804,23.359776523075617
2026-07-17T21:18:16.518+00:00,85.515827,1784323096472.096,2549,2,1,0.3508910557786854,-0.22660021178825163,0.4263206791101864,0.5636476191019517,-0.5256194346999975,-0.31113796057873766,23.97993924966939,6.6398125267078445,-6.445863345822639,22.122414464858675
2026-07-17T21:18:16.548+00:00,85.546373,1784323096505.435,2550,2,1,0.3508910557786854,-0.22660021178825163,0.4263206791101864,0.5636476191019517,-0.5256194346999975,-0.31113796057873766,23.97993924966939,6.6398125267078445,-6.445863345822639,22.122414464858675
2026-07-17T21:18:16.581+00:00,85.580834,1784323096538.776,2551,2,1,0.3508910557786854,-0.22660021178825163,0.4263206791101864,0.5701700721789988,-0.5176614109456675,-0.31169156248209123,23.917612355423266,7.2920578344125575,-5.650060970389642,22.06705427452332
2026-07-17T21:18:16.616+00:00,85.614723,1784323096572.116,2552,2,1,0.35122530145938413,-0.23543686461428132,0.4380374241453845,0.5594862850184248,-0.5323318917684992,-0.29876433999656826,25.200527419955357,6.223679118355152,-7.117109052672804,23.359776523075617
2026-07-17T21:18:16.650+00:00,85.648485,1784323096605.456,2553,2,1,0.3508910557786854,-0.22660021178825163,0.4263206791101864,0.5636476191019517,-0.5256194346999975,-0.31113796057873766,23.97993924966939,6.6398125267078445,-6.445863345822639,22.122414464858675
2026-07-17T21:18:16.682+00:00,85.680201,1784323096638.797,2554,2,1,0.3508910557786854,-0.22660021178825163,0.4263206791101864,0.5636476191019517,-0.5256194346999975,-0.31113796057873766,23.97993924966939,6.6398125267078445,-6.445863345822639,22.122414464858675
2026-07-17T21:18:16.716+00:00,85.714929,1784323096672.137,2555,2,1,0.3508910557786854,-0.22660021178825163,0.4263206791101864,0.5636476191019517,-0.5256194346999975,-0.31113796057873766,23.97993924966939,6.6398125267078445,-6.445863345822639,22.122414464858675
2026-07-17T21:18:16.749+00:00,85.746925,1784323096705.478,2556,2,1,0.35122530145938413,-0.23543686461428132,0.4380374241453845,0.5594862850184248,-0.5323318917684992,-0.29876433999656826,25.200527419955357,6.223679118355152,-7.117109052672804,23.359776523075617
2026-07-17T21:18:16.784+00:00,85.782173,1784323096738.818,2557,2,1,0.3508910557786854,-0.22660021178825163,0.4263206791101864,0.5636476191019517,-0.5256194346999975,-0.31113796057873766,23.97993924966939,6.6398125267078445,-6.445863345822639,22.122414464858675
2026-07-17T21:18:16.816+00:00,85.815144,1784323096772.158,2558,2,1,0.3508910557786854,-0.22660021178825163,0.4263206791101864,0.5636476191019517,-0.5256194346999975,-0.31113796057873766,23.97993924966939,6.6398125267078445,-6.445863345822639,22.122414464858675
2026-07-17T21:18:16.851+00:00,85.848464,1784323096805.499,2559,2,1,0.3508910557786854,-0.22660021178825163,0.4263206791101864,0.5681108660611671,-0.525781804146277,-0.2698743097702586,27.945849576294496,7.086137222629385,-6.462100290450584,26.24877954570658
2026-07-17T21:18:16.884+00:00,85.882116,1784323096838.839,2560,2,1,0.35122530145938413,-0.23543686461428132,0.4380374241453845,0.5594862850184248,-0.5323318917684992,-0.29876433999656826,25.200527419955357,6.223679118355152,-7.117109052672804,23.359776523075617
2026-07-17T21:18:16.916+00:00,85.913745,1784323096872.179,2561,2,1,0.35122530145938413,-0.23543686461428132,0.4380374241453845,0.5594862850184248,-0.5323318917684992,-0.29876433999656826,25.200527419955357,6.223679118355152,-7.117109052672804,23.359776523075617
2026-07-17T21:18:16.951+00:00,85.948518,1784323096905.52,2562,2,1,0.35122530145938413,-0.23543686461428132,0.4380374241453845,0.5680746961155629,-0.5265680556195592,-0.2571871213303143,29.157433008764862,7.082520228068967,-6.540725437778811,27.51749838970101
2026-07-17T21:18:16.983+00:00,85.980755,1784323096938.859,2563,2,1,0.35122530145938413,-0.23543686461428132,0.4380374241453845,0.563327922014538,-0.5324620731900842,-0.2577097004747717,29.134888619746334,6.607842817966469,-7.130127194831309,27.46524047525527
2026-07-17T21:18:17.017+00:00,86.014654,1784323096972.199,2564,2,1,0.3257417781069287,-0.24518202556717528,0.40864596665511344,0.5380972621350679,-0.5311764661719718,-0.2888544739447592,25.664508567975783,4.084776830019465,-7.001566493020067,24.35076312825652
2026-07-17T21:18:17.048+00:00,86.047339,1784323097005.54,2565,2,1,0.3508910557786854,-0.22660021178825163,0.4263206791101864,0.5636476191019517,-0.5256194346999975,-0.31113796057873766,23.97993924966939,6.6398125267078445,-6.445863345822639,22.122414464858675
2026-07-17T21:18:17.084+00:00,86.082417,1784323097038.88,2566,2,1,0.3508910557786854,-0.22660021178825163,0.4263206791101864,0.5681108660611671,-0.525781804146277,-0.2698743097702586,27.945849576294496,7.086137222629385,-6.462100290450584,26.24877954570658
2026-07-17T21:18:17.118+00:00,86.115934,1784323097072.22,2567,2,1,0.35122530145938413,-0.23543686461428132,0.4380374241453845,0.5594862850184248,-0.5323318917684992,-0.29876433999656826,25.200527419955357,6.223679118355152,-7.117109052672804,23.359776523075617
2026-07-17T21:18:17.150+00:00,86.147782,1784323097105.561,2568,2,1,0.35122530145938413,-0.23543686461428132,0.4380374241453845,0.5594862850184248,-0.5323318917684992,-0.29876433999656826,25.200527419955357,6.223679118355152,-7.117109052672804,23.359776523075617
2026-07-17T21:18:17.183+00:00,86.181571,1784323097138.901,2569,2,1,0.35122530145938413,-0.23543686461428132,0.4380374241453845,0.5594862850184248,-0.5323318917684992,-0.29876433999656826,25.200527419955357,6.223679118355152,-7.117109052672804,23.359776523075617
2026-07-17T21:18:17.214+00:00,86.214025,1784323097172.242,2570,2,1,0.35122530145938413,-0.23543686461428132,0.4380374241453845,0.5594862850184248,-0.5323318917684992,-0.29876433999656826,25.200527419955357,6.223679118355152,-7.117109052672804,23.359776523075617
2026-07-17T21:18:17.248+00:00,86.246878,1784323097205.582,2571,2,1,0.3508910557786854,-0.22660021178825163,0.4263206791101864,0.5636476191019517,-0.5256194346999975,-0.31113796057873766,23.97993924966939,6.6398125267078445,-6.445863345822639,22.122414464858675
2026-07-17T21:18:17.283+00:00,86.281249,1784323097238.922,2572,2,1,0.3257417781069287,-0.24518202556717528,0.40864596665511344,0.5327880547376931,-0.5311557784237524,-0.32866512853353985,21.82996666418383,3.5538560902819816,-6.9994977181981275,20.369697669378457
2026-07-17T21:18:17.317+00:00,86.315817,1784323097272.263,2573,2,1,0.3257417781069287,-0.24518202556717528,0.40864596665511344,0.5327880547376931,-0.5311557784237524,-0.32866512853353985,21.82996666418383,3.5538560902819816,-6.9994977181981275,20.369697669378457
2026-07-17T21:18:17.351+00:00,86.350159,1784323097305.603,2574,2,1,0.3508910557786854,-0.22660021178825163,0.4263206791101864,0.5701700721789988,-0.5176614109456675,-0.31169156248209123,23.917612355423266,7.2920578344125575,-5.650060970389642,22.06705427452332
2026-07-17T21:18:17.383+00:00,86.380616,1784323097338.944,2575,2,1,0.3508910557786854,-0.22660021178825163,0.4263206791101864,0.5681108660611671,-0.525781804146277,-0.2698743097702586,27.945849576294496,7.086137222629385,-6.462100290450584,26.24877954570658
2026-07-17T21:18:17.417+00:00,86.415044,1784323097372.284,2576,2,1,0.3257417781069287,-0.24518202556717528,0.40864596665511344,0.5327880547376931,-0.5311557784237524,-0.32866512853353985,21.82996666418383,3.5538560902819816,-6.9994977181981275,20.369697669378457
2026-07-17T21:18:17.449+00:00,86.448352,1784323097405.623,2577,2,1,0.35122530145938413,-0.23543686461428132,0.4380374241453845,0.563327922014538,-0.5324620731900842,-0.2577097004747717,29.134888619746334,6.607842817966469,-7.130127194831309,27.46524047525527
2026-07-17T21:18:17.484+00:00,86.481818,1784323097438.964,2578,2,1,0.3508910557786854,-0.22660021178825163,0.4263206791101864,0.5636476191019517,-0.5256194346999975,-0.31113796057873766,23.97993924966939,6.6398125267078445,-6.445863345822639,22.122414464858675
2026-07-17T21:18:17.517+00:00,86.514459,1784323097472.304,2579,2,1,0.3508910557786854,-0.22660021178825163,0.4263206791101864,0.5636476191019517,-0.5256194346999975,-0.31113796057873766,23.97993924966939,6.6398125267078445,-6.445863345822639,22.122414464858675
2026-07-17T21:18:17.550+00:00,86.547584,1784323097505.644,2580,2,1,0.35122530145938413,-0.23543686461428132,0.4380374241453845,0.563327922014538,-0.5324620731900842,-0.2577097004747717,29.134888619746334,6.607842817966469,-7.130127194831309,27.46524047525527
2026-07-17T21:18:17.583+00:00,86.581469,1784323097538.985,2581,2,1,0.35122530145938413,-0.23543686461428132,0.4380374241453845,0.563327922014538,-0.5324620731900842,-0.2577097004747717,29.134888619746334,6.607842817966469,-7.130127194831309,27.46524047525527
2026-07-17T21:18:17.616+00:00,86.613846,1784323097572.324,2582,2,1,0.35122530145938413,-0.23543686461428132,0.4380374241453845,0.5594862850184248,-0.5323318917684992,-0.29876433999656826,25.200527419955357,6.223679118355152,-7.117109052672804,23.359776523075617
2026-07-17T21:18:17.648+00:00,86.646782,1784323097605.664,2583,2,1,0.35122530145938413,-0.23543686461428132,0.4380374241453845,0.563327922014538,-0.5324620731900842,-0.2577097004747717,29.134888619746334,6.607842817966469,-7.130127194831309,27.46524047525527
2026-07-17T21:18:17.683+00:00,86.680868,1784323097639.003,2584,2,1,0.35122530145938413,-0.23543686461428132,0.4380374241453845,0.563327922014538,-0.5324620731900842,-0.2577097004747717,29.134888619746334,6.607842817966469,-7.130127194831309,27.46524047525527
2026-07-17T21:18:17.718+00:00,86.715421,1784323097672.342,2585,2,1,0.35122530145938413,-0.23543686461428132,0.4380374241453845,0.5594862850184248,-0.5323318917684992,-0.29876433999656826,25.200527419955357,6.223679118355152,-7.117109052672804,23.359776523075617
2026-07-17T21:18:17.749+00:00,86.747367,1784323097705.681,2586,2,1,0.3508910557786854,-0.22660021178825163,0.4263206791101864,0.5636476191019517,-0.5256194346999975,-0.31113796057873766,23.97993924966939,6.6398125267078445,-6.445863345822639,22.122414464858675
2026-07-17T21:18:17.782+00:00,86.781117,1784323097739.021,2587,2,1,0.349545571507008,-0.2436972644388787,0.4447191935329714,0.5573764869839518,-0.5381372338832151,-0.25077610744461293,29.804580291397713,6.012699314907854,-7.697643264144399,28.15859977827115
2026-07-17T21:18:17.815+00:00,86.813728,1784323097772.36,2588,2,1,0.3257417781069287,-0.24518202556717528,0.40864596665511344,0.5397023028982215,-0.522760804587374,-0.3300185003232985,21.573070216152345,4.245280906334825,-6.160000334560284,20.234360490402594
2026-07-17T21:18:17.849+00:00,86.847534,1784323097805.699,2589,2,1,0.3508910557786854,-0.22660021178825163,0.4263206791101864,0.5731072036203141,-0.5196273630909339,-0.26910269613811905,28.01396927647914,7.5857709785440814,-5.846656184916283,26.325940908920536
2026-07-17T21:18:17.883+00:00,86.880618,1784323097839.038,2590,2,1,0.3508910557786854,-0.22660021178825163,0.4263206791101864,0.5681108660611671,-0.525781804146277,-0.2698743097702586,27.945849576294496,7.086137222629385,-6.462100290450584,26.24877954570658
2026-07-17T21:18:17.916+00:00,86.914564,1784323097872.377,2591,2,1,0.3508910557786854,-0.22660021178825163,0.4263206791101864,0.5636476191019517,-0.5256194346999975,-0.31113796057873766,23.97993924966939,6.6398125267078445,-6.445863345822639,22.122414464858675
2026-07-17T21:18:17.946+00:00,86.949184,1784323097905.716,2592,2,1,0.35122530145938413,-0.23543686461428132,0.4380374241453845,0.5594862850184248,-0.5323318917684992,-0.29876433999656826,25.200527419955357,6.223679118355152,-7.117109052672804,23.359776523075617
2026-07-17T21:18:17.983+00:00,86.980964,1784323097939.055,2593,2,1,0.35122530145938413,-0.23543686461428132,0.4380374241453845,0.5594862850184248,-0.5323318917684992,-0.29876433999656826,25.200527419955357,6.223679118355152,-7.117109052672804,23.359776523075617
2026-07-17T21:18:18.018+00:00,87.015272,1784323097972.395,2594,2,1,0.3508910557786854,-0.22660021178825163,0.4263206791101864,0.5636476191019517,-0.5256194346999975,-0.31113796057873766,23.97993924966939,6.6398125267078445,-6.445863345822639,22.122414464858675
2026-07-17T21:18:18.049+00:00,87.047493,1784323098005.734,2595,2,1,0.3508910557786854,-0.22660021178825163,0.4263206791101864,0.5701700721789988,-0.5176614109456675,-0.31169156248209123,23.917612355423266,7.2920578344125575,-5.650060970389642,22.06705427452332
2026-07-17T21:18:18.083+00:00,87.080945,1784323098039.073,2596,2,1,0.35122530145938413,-0.23543686461428132,0.4380374241453845,0.5611639337541685,-0.5318887296392977,-0.2659779997739361,28.29275298089685,6.391443991929524,-7.0727928397526565,26.638410545338832
2026-07-17T21:18:18.118+00:00,87.116676,1784323098072.413,2597,2,1,0.3508910557786854,-0.22660021178825163,0.4263206791101864,0.5636476191019517,-0.5256194346999975,-0.31113796057873766,23.97993924966939,6.6398125267078445,-6.445863345822639,22.122414464858675
2026-07-17T21:18:18.150+00:00,87.148361,1784323098105.752,2598,2,1,0.3257417781069287,-0.24518202556717528,0.40864596665511344,0.5434935772596328,-0.5246012781762949,-0.2888120526367165,25.58902840718339,4.62440834247595,-6.344047693452376,24.355005259060793
2026-07-17T21:18:18.183+00:00,87.181654,1784323098139.091,2599,2,1,0.3508910557786854,-0.22660021178825163,0.4263206791101864,0.5636476191019517,-0.5256194346999975,-0.31113796057873766,23.97993924966939,6.6398125267078445,-6.445863345822639,22.122414464858675
2026-07-17T21:18:18.217+00:00,87.214807,1784323098172.43,2600,2,1,0.349545571507008,-0.2436972644388787,0.4447191935329714,0.5600046382532791,-0.5305591410448743,-0.2926406469760345,25.733385953761875,6.2755144418405795,-6.939833980310323,23.972145825128994
2026-07-17T21:18:18.250+00:00,87.248747,1784323098205.77,2601,2,1,0.35122530145938413,-0.23543686461428132,0.4380374241453845,0.5594862850184248,-0.5323318917684992,-0.29876433999656826,25.200527419955357,6.223679118355152,-7.117109052672804,23.359776523075617
2026-07-17T21:18:18.283+00:00,87.281372,1784323098239.109,2602,2,1,0.35122530145938413,-0.23543686461428132,0.4380374241453845,0.5594862850184248,-0.5323318917684992,-0.29876433999656826,25.200527419955357,6.223679118355152,-7.117109052672804,23.359776523075617
2026-07-17T21:18:18.318+00:00,87.316521,1784323098272.447,2603,2,1,0.3508910557786854,-0.22660021178825163,0.4263206791101864,0.5636476191019517,-0.5256194346999975,-0.31113796057873766,23.97993924966939,6.6398125267078445,-6.445863345822639,22.122414464858675
2026-07-17T21:18:18.350+00:00,87.348572,1784323098305.786,2604,2,1,0.349545571507008,-0.2436972644388787,0.4447191935329714,0.5573764869839518,-0.5381372338832151,-0.25077610744461293,29.804580291397713,6.012699314907854,-7.697643264144399,28.15859977827115
2026-07-17T21:18:18.384+00:00,87.381929,1784323098339.126,2605,2,1,0.3508910557786854,-0.22660021178825163,0.4263206791101864,0.5681108660611671,-0.525781804146277,-0.2698743097702586,27.945849576294496,7.086137222629385,-6.462100290450584,26.24877954570658
2026-07-17T21:18:18.418+00:00,87.417049,1784323098372.465,2606,2,1,0.35122530145938413,-0.23543686461428132,0.4380374241453845,0.5594862850184248,-0.5323318917684992,-0.29876433999656826,25.200527419955357,6.223679118355152,-7.117109052672804,23.359776523075617
2026-07-17T21:18:18.451+00:00,87.449171,1784323098405.804,2607,2,1,0.349545571507008,-0.2436972644388787,0.4447191935329714,0.5573764869839518,-0.5381372338832151,-0.25077610744461293,29.804580291397713,6.012699314907854,-7.697643264144399,28.15859977827115
2026-07-17T21:18:18.483+00:00,87.481209,1784323098439.143,2608,2,1,0.3508910557786854,-0.22660021178825163,0.4263206791101864,0.5636476191019517,-0.5256194346999975,-0.31113796057873766,23.97993924966939,6.6398125267078445,-6.445863345822639,22.122414464858675
2026-07-17T21:18:18.516+00:00,87.513829,1784323098472.483,2609,2,1,0.3508910557786854,-0.22660021178825163,0.4263206791101864,0.5681108660611671,-0.525781804146277,-0.2698743097702586,27.945849576294496,7.086137222629385,-6.462100290450584,26.24877954570658
2026-07-17T21:18:18.549+00:00,87.5478,1784323098505.822,2610,2,1,0.35122530145938413,-0.23543686461428132,0.4380374241453845,0.5594862850184248,-0.5323318917684992,-0.29876433999656826,25.200527419955357,6.223679118355152,-7.117109052672804,23.359776523075617
2026-07-17T21:18:18.581+00:00,87.579939,1784323098539.161,2611,2,1,0.35122530145938413,-0.23543686461428132,0.4380374241453845,0.5594862850184248,-0.5323318917684992,-0.29876433999656826,25.200527419955357,6.223679118355152,-7.117109052672804,23.359776523075617
2026-07-17T21:18:18.617+00:00,87.615571,1784323098572.502,2612,2,1,0.3508910557786854,-0.22660021178825163,0.4263206791101864,0.5636476191019517,-0.5256194346999975,-0.31113796057873766,23.97993924966939,6.6398125267078445,-6.445863345822639,22.122414464858675
2026-07-17T21:18:18.650+00:00,87.647418,1784323098605.843,2613,2,1,0.3508910557786854,-0.22660021178825163,0.4263206791101864,0.5636476191019517,-0.5256194346999975,-0.31113796057873766,23.97993924966939,6.6398125267078445,-6.445863345822639,22.122414464858675
2026-07-17T21:18:18.684+00:00,87.681756,1784323098639.183,2614,2,1,0.3508910557786854,-0.22660021178825163,0.4263206791101864,0.5636476191019517,-0.5256194346999975,-0.31113796057873766,23.97993924966939,6.6398125267078445,-6.445863345822639,22.122414464858675
2026-07-17T21:18:18.716+00:00,87.71456,1784323098672.524,2615,2,1,0.35122530145938413,-0.23543686461428132,0.4380374241453845,0.5594862850184248,-0.5323318917684992,-0.29876433999656826,25.200527419955357,6.223679118355152,-7.117109052672804,23.359776523075617
2026-07-17T21:18:18.748+00:00,87.746881,1784323098705.865,2616,2,1,0.3508910557786854,-0.22660021178825163,0.4263206791101864,0.5636476191019517,-0.5256194346999975,-0.31113796057873766,23.97993924966939,6.6398125267078445,-6.445863345822639,22.122414464858675
2026-07-17T21:18:18.783+00:00,87.780998,1784323098739.205,2617,2,1,0.3508910557786854,-0.22660021178825163,0.4263206791101864,0.5636476191019517,-0.5256194346999975,-0.31113796057873766,23.97993924966939,6.6398125267078445,-6.445863345822639,22.122414464858675
2026-07-17T21:18:18.816+00:00,87.814704,1784323098772.545,2618,2,1,0.3508910557786854,-0.22660021178825163,0.4263206791101864,0.5636476191019517,-0.5256194346999975,-0.31113796057873766,23.97993924966939,6.6398125267078445,-6.445863345822639,22.122414464858675
2026-07-17T21:18:18.849+00:00,87.847046,1784323098805.886,2619,2,1,0.35122530145938413,-0.23543686461428132,0.4380374241453845,0.5680746961155629,-0.5265680556195592,-0.2571871213303143,29.157433008764862,7.082520228068967,-6.540725437778811,27.51749838970101
2026-07-17T21:18:18.883+00:00,87.880892,1784323098839.227,2620,2,1,0.35122530145938413,-0.23543686461428132,0.4380374241453845,0.5594862850184248,-0.5323318917684992,-0.29876433999656826,25.200527419955357,6.223679118355152,-7.117109052672804,23.359776523075617
2026-07-17T21:18:18.916+00:00,87.914019,1784323098872.568,2621,2,1,0.3508910557786854,-0.22660021178825163,0.4263206791101864,0.5636476191019517,-0.5256194346999975,-0.31113796057873766,23.97993924966939,6.6398125267078445,-6.445863345822639,22.122414464858675
2026-07-17T21:18:18.949+00:00,87.946947,1784323098905.909,2622,2,1,0.35122530145938413,-0.23543686461428132,0.4380374241453845,0.563327922014538,-0.5324620731900842,-0.2577097004747717,29.134888619746334,6.607842817966469,-7.130127194831309,27.46524047525527
2026-07-17T21:18:18.982+00:00,87.981163,1784323098939.25,2623,2,1,0.3508910557786854,-0.22660021178825163,0.4263206791101864,0.5681108660611671,-0.525781804146277,-0.2698743097702586,27.945849576294496,7.086137222629385,-6.462100290450584,26.24877954570658
2026-07-17T21:18:19.015+00:00,88.014243,1784323098972.59,2624,2,1,0.3257417781069287,-0.24518202556717528,0.40864596665511344,0.5327880547376931,-0.5311557784237524,-0.32866512853353985,21.82996666418383,3.5538560902819816,-6.9994977181981275,20.369697669378457
2026-07-17T21:18:19.051+00:00,88.049097,1784323099005.931,2625,2,1,0.3508910557786854,-0.22660021178825163,0.4263206791101864,0.5731072036203141,-0.5196273630909339,-0.26910269613811905,28.01396927647914,7.5857709785440814,-5.846656184916283,26.325940908920536
2026-07-17T21:18:19.084+00:00,88.081862,1784323099039.272,2626,2,1,0.3508910557786854,-0.22660021178825163,0.4263206791101864,0.5636476191019517,-0.5256194346999975,-0.31113796057873766,23.97993924966939,6.6398125267078445,-6.445863345822639,22.122414464858675
2026-07-17T21:18:19.117+00:00,88.114568,1784323099072.613,2627,2,1,0.35122530145938413,-0.23543686461428132,0.4380374241453845,0.5594862850184248,-0.5323318917684992,-0.29876433999656826,25.200527419955357,6.223679118355152,-7.117109052672804,23.359776523075617
2026-07-17T21:18:19.149+00:00,88.147164,1784323099105.953,2628,2,1,0.35122530145938413,-0.23543686461428132,0.4380374241453845,0.563327922014538,-0.5324620731900842,-0.2577097004747717,29.134888619746334,6.607842817966469,-7.130127194831309,27.46524047525527
2026-07-17T21:18:19.183+00:00,88.180684,1784323099139.294,2629,2,1,0.3508910557786854,-0.22660021178825163,0.4263206791101864,0.5731072036203141,-0.5196273630909339,-0.26910269613811905,28.01396927647914,7.5857709785440814,-5.846656184916283,26.325940908920536
2026-07-17T21:18:19.215+00:00,88.213987,1784323099172.634,2630,2,1,0.3508910557786854,-0.22660021178825163,0.4263206791101864,0.5636476191019517,-0.5256194346999975,-0.31113796057873766,23.97993924966939,6.6398125267078445,-6.445863345822639,22.122414464858675
2026-07-17T21:18:19.251+00:00,88.24927,1784323099205.975,2631,2,1,0.35122530145938413,-0.23543686461428132,0.4380374241453845,0.563327922014538,-0.5324620731900842,-0.2577097004747717,29.134888619746334,6.607842817966469,-7.130127194831309,27.46524047525527
2026-07-17T21:18:19.285+00:00,88.282201,1784323099239.316,2632,2,1,0.35122530145938413,-0.23543686461428132,0.4380374241453845,0.5594862850184248,-0.5323318917684992,-0.29876433999656826,25.200527419955357,6.223679118355152,-7.117109052672804,23.359776523075617
2026-07-17T21:18:19.320+00:00,88.31727,1784323099272.656,2633,2,1,0.35122530145938413,-0.23543686461428132,0.4380374241453845,0.5594862850184248,-0.5323318917684992,-0.29876433999656826,25.200527419955357,6.223679118355152,-7.117109052672804,23.359776523075617
2026-07-17T21:18:19.350+00:00,88.348927,1784323099305.997,2634,2,1,0.3508910557786854,-0.22660021178825163,0.4263206791101864,0.5681108660611671,-0.525781804146277,-0.2698743097702586,27.945849576294496,7.086137222629385,-6.462100290450584,26.24877954570658
2026-07-17T21:18:19.383+00:00,88.381109,1784323099339.338,2635,2,1,0.3508910557786854,-0.22660021178825163,0.4263206791101864,0.5636476191019517,-0.5256194346999975,-0.31113796057873766,23.97993924966939,6.6398125267078445,-6.445863345822639,22.122414464858675
2026-07-17T21:18:19.417+00:00,88.414988,1784323099372.679,2636,2,1,0.35122530145938413,-0.23543686461428132,0.4380374241453845,0.563327922014538,-0.5324620731900842,-0.2577097004747717,29.134888619746334,6.607842817966469,-7.130127194831309,27.46524047525527
2026-07-17T21:18:19.449+00:00,88.448152,1784323099406.02,2637,2,1,0.3508910557786854,-0.22660021178825163,0.4263206791101864,0.5681108660611671,-0.525781804146277,-0.2698743097702586,27.945849576294496,7.086137222629385,-6.462100290450584,26.24877954570658
2026-07-17T21:18:19.486+00:00,88.483499,1784323099439.36,2638,2,1,0.3508910557786854,-0.22660021178825163,0.4263206791101864,0.5636476191019517,-0.5256194346999975,-0.31113796057873766,23.97993924966939,6.6398125267078445,-6.445863345822639,22.122414464858675
2026-07-17T21:18:19.518+00:00,88.515574,1784323099472.701,2639,2,1,0.3508910557786854,-0.22660021178825163,0.4263206791101864,0.5681108660611671,-0.525781804146277,-0.2698743097702586,27.945849576294496,7.086137222629385,-6.462100290450584,26.24877954570658
2026-07-17T21:18:19.549+00:00,88.547046,1784323099506.042,2640,2,1,0.35122530145938413,-0.23543686461428132,0.4380374241453845,0.5594862850184248,-0.5323318917684992,-0.29876433999656826,25.200527419955357,6.223679118355152,-7.117109052672804,23.359776523075617
2026-07-17T21:18:19.583+00:00,88.580816,1784323099539.383,2641,2,1,0.35122530145938413,-0.23543686461428132,0.4380374241453845,0.5594862850184248,-0.5323318917684992,-0.29876433999656826,25.200527419955357,6.223679118355152,-7.117109052672804,23.359776523075617
2026-07-17T21:18:19.617+00:00,88.615424,1784323099572.724,2642,2,1,0.35122530145938413,-0.23543686461428132,0.4380374241453845,0.563327922014538,-0.5324620731900842,-0.2577097004747717,29.134888619746334,6.607842817966469,-7.130127194831309,27.46524047525527
2026-07-17T21:18:19.649+00:00,88.647484,1784323099606.064,2643,2,1,0.3508910557786854,-0.22660021178825163,0.4263206791101864,0.5681108660611671,-0.525781804146277,-0.2698743097702586,27.945849576294496,7.086137222629385,-6.462100290450584,26.24877954570658
2026-07-17T21:18:19.682+00:00,88.680965,1784323099639.405,2644,2,1,0.3508910557786854,-0.22660021178825163,0.4263206791101864,0.5731072036203141,-0.5196273630909339,-0.26910269613811905,28.01396927647914,7.5857709785440814,-5.846656184916283,26.325940908920536
2026-07-17T21:18:19.717+00:00,88.715944,1784323099672.747,2645,2,1,0.35122530145938413,-0.23543686461428132,0.4380374241453845,0.5594862850184248,-0.5323318917684992,-0.29876433999656826,25.200527419955357,6.223679118355152,-7.117109052672804,23.359776523075617
2026-07-17T21:18:19.751+00:00,88.749096,1784323099706.088,2646,2,1,0.349545571507008,-0.2436972644388787,0.4447191935329714,0.5573764869839518,-0.5381372338832151,-0.25077610744461293,29.804580291397713,6.012699314907854,-7.697643264144399,28.15859977827115
2026-07-17T21:18:19.784+00:00,88.782047,1784323099739.429,2647,2,1,0.3508910557786854,-0.22660021178825163,0.4263206791101864,0.5731072036203141,-0.5196273630909339,-0.26910269613811905,28.01396927647914,7.5857709785440814,-5.846656184916283,26.325940908920536
2026-07-17T21:18:19.817+00:00,88.81555,1784323099772.77,2648,2,1,0.3508910557786854,-0.22660021178825163,0.4263206791101864,0.5701700721789988,-0.5176614109456675,-0.31169156248209123,23.917612355423266,7.2920578344125575,-5.650060970389642,22.06705427452332
2026-07-17T21:18:19.850+00:00,88.847597,1784323099806.111,2649,2,1,0.3508910557786854,-0.22660021178825163,0.4263206791101864,0.5636476191019517,-0.5256194346999975,-0.31113796057873766,23.97993924966939,6.6398125267078445,-6.445863345822639,22.122414464858675
2026-07-17T21:18:19.884+00:00,88.882975,1784323099839.452,2650,2,1,0.35122530145938413,-0.23543686461428132,0.4380374241453845,0.5594862850184248,-0.5323318917684992,-0.29876433999656826,25.200527419955357,6.223679118355152,-7.117109052672804,23.359776523075617
2026-07-17T21:18:19.918+00:00,88.915618,1784323099872.794,2651,2,1,0.35122530145938413,-0.23543686461428132,0.4380374241453845,0.5594862850184248,-0.5323318917684992,-0.29876433999656826,25.200527419955357,6.223679118355152,-7.117109052672804,23.359776523075617
2026-07-17T21:18:19.952+00:00,88.949255,1784323099906.135,2652,2,1,0.3508910557786854,-0.22660021178825163,0.4263206791101864,0.5731072036203141,-0.5196273630909339,-0.26910269613811905,28.01396927647914,7.5857709785440814,-5.846656184916283,26.325940908920536
2026-07-17T21:18:19.982+00:00,88.980405,1784323099939.476,2653,2,1,0.3508910557786854,-0.22660021178825163,0.4263206791101864,0.5701700721789988,-0.5176614109456675,-0.31169156248209123,23.917612355423266,7.2920578344125575,-5.650060970389642,22.06705427452332
2026-07-17T21:18:20.017+00:00,89.015753,1784323099972.817,2654,2,1,0.35122530145938413,-0.23543686461428132,0.4380374241453845,0.5594862850184248,-0.5323318917684992,-0.29876433999656826,25.200527419955357,6.223679118355152,-7.117109052672804,23.359776523075617
2026-07-17T21:18:20.051+00:00,89.048495,1784323100006.158,2655,2,1,0.35122530145938413,-0.23543686461428132,0.4380374241453845,0.563327922014538,-0.5324620731900842,-0.2577097004747717,29.134888619746334,6.607842817966469,-7.130127194831309,27.46524047525527
2026-07-17T21:18:20.082+00:00,89.080531,1784323100039.5,2656,2,1,0.35122530145938413,-0.23543686461428132,0.4380374241453845,0.5594862850184248,-0.5323318917684992,-0.29876433999656826,25.200527419955357,6.223679118355152,-7.117109052672804,23.359776523075617
2026-07-17T21:18:20.116+00:00,89.113724,1784323100072.84,2657,2,1,0.3508910557786854,-0.22660021178825163,0.4263206791101864,0.5636476191019517,-0.5256194346999975,-0.31113796057873766,23.97993924966939,6.6398125267078445,-6.445863345822639,22.122414464858675
2026-07-17T21:18:20.150+00:00,89.147618,1784323100106.181,2658,2,1,0.35122530145938413,-0.23543686461428132,0.4380374241453845,0.563327922014538,-0.5324620731900842,-0.2577097004747717,29.134888619746334,6.607842817966469,-7.130127194831309,27.46524047525527
2026-07-17T21:18:20.184+00:00,89.181759,1784323100139.522,2659,2,1,0.3508910557786854,-0.22660021178825163,0.4263206791101864,0.5636476191019517,-0.5256194346999975,-0.31113796057873766,23.97993924966939,6.6398125267078445,-6.445863345822639,22.122414464858675
2026-07-17T21:18:20.217+00:00,89.214609,1784323100172.864,2660,2,1,0.35122530145938413,-0.23543686461428132,0.4380374241453845,0.5594862850184248,-0.5323318917684992,-0.29876433999656826,25.200527419955357,6.223679118355152,-7.117109052672804,23.359776523075617
2026-07-17T21:18:20.251+00:00,89.248501,1784323100206.205,2661,2,1,0.3508910557786854,-0.22660021178825163,0.4263206791101864,0.5731072036203141,-0.5196273630909339,-0.26910269613811905,28.01396927647914,7.5857709785440814,-5.846656184916283,26.325940908920536
2026-07-17T21:18:20.283+00:00,89.28103,1784323100239.546,2662,2,1,0.3508910557786854,-0.22660021178825163,0.4263206791101864,0.5731072036203141,-0.5196273630909339,-0.26910269613811905,28.01396927647914,7.5857709785440814,-5.846656184916283,26.325940908920536
2026-07-17T21:18:20.316+00:00,89.314084,1784323100272.887,2663,2,1,0.3257417781069287,-0.24518202556717528,0.40864596665511344,0.5327880547376931,-0.5311557784237524,-0.32866512853353985,21.82996666418383,3.5538560902819816,-6.9994977181981275,20.369697669378457
2026-07-17T21:18:20.350+00:00,89.347642,1784323100306.229,2664,2,1,0.3508910557786854,-0.22660021178825163,0.4263206791101864,0.5636476191019517,-0.5256194346999975,-0.31113796057873766,23.97993924966939,6.6398125267078445,-6.445863345822639,22.122414464858675
2026-07-17T21:18:20.384+00:00,89.381523,1784323100339.57,2665,2,1,0.35122530145938413,-0.23543686461428132,0.4380374241453845,0.565742271695076,-0.5246748928651113,-0.29958016612151867,25.082410495724723,6.849277786020269,-6.351409162334015,23.278193910580576
2026-07-17T21:18:20.417+00:00,89.415032,1784323100372.911,2666,2,1,0.35122530145938413,-0.23543686461428132,0.4380374241453845,0.5594862850184248,-0.5323318917684992,-0.29876433999656826,25.200527419955357,6.223679118355152,-7.117109052672804,23.359776523075617
2026-07-17T21:18:20.451+00:00,89.448789,1784323100406.253,2667,2,1,0.35122530145938413,-0.23543686461428132,0.4380374241453845,0.563327922014538,-0.5324620731900842,-0.2577097004747717,29.134888619746334,6.607842817966469,-7.130127194831309,27.46524047525527
2026-07-17T21:18:20.485+00:00,89.482923,1784323100439.594,2668,2,1,0.3508910557786854,-0.22660021178825163,0.4263206791101864,0.5636476191019517,-0.5256194346999975,-0.31113796057873766,23.97993924966939,6.6398125267078445,-6.445863345822639,22.122414464858675
2026-07-17T21:18:20.518+00:00,89.51656,1784323100472.935,2669,2,1,0.3508910557786854,-0.22660021178825163,0.4263206791101864,0.5636476191019517,-0.5256194346999975,-0.31113796057873766,23.97993924966939,6.6398125267078445,-6.445863345822639,22.122414464858675
2026-07-17T21:18:20.550+00:00,89.547935,1784323100506.275,2670,2,1,0.35626927701780553,-0.25217732072445753,0.4707569946873814,0.5553429594811021,-0.5461967122872711,-0.26460508850978354,28.687937695067106,5.809346564622886,-8.503591104549995,26.77570167175409
2026-07-17T21:18:20.584+00:00,89.581742,1784323100539.617,2671,2,1,0.3508910557786854,-0.22660021178825163,0.4263206791101864,0.5731072036203141,-0.5196273630909339,-0.26910269613811905,28.01396927647914,7.5857709785440814,-5.846656184916283,26.325940908920536
2026-07-17T21:18:20.616+00:00,89.615081,1784323100572.957,2672,2,1,0.35122530145938413,-0.23543686461428132,0.4380374241453845,0.565742271695076,-0.5246748928651113,-0.29958016612151867,25.082410495724723,6.849277786020269,-6.351409162334015,23.278193910580576
2026-07-17T21:18:20.652+00:00,89.649337,1784323100606.298,2673,2,1,0.3508910557786854,-0.22660021178825163,0.4263206791101864,0.5636476191019517,-0.5256194346999975,-0.31113796057873766,23.97993924966939,6.6398125267078445,-6.445863345822639,22.122414464858675
2026-07-17T21:18:20.686+00:00,89.683539,1784323100639.638,2674,2,1,0.35122530145938413,-0.23543686461428132,0.4380374241453845,0.5594862850184248,-0.5323318917684992,-0.29876433999656826,25.200527419955357,6.223679118355152,-7.117109052672804,23.359776523075617
2026-07-17T21:18:20.715+00:00,89.714129,1784323100672.979,2675,2,1,0.35122530145938413,-0.23543686461428132,0.4380374241453845,0.5594862850184248,-0.5323318917684992,-0.29876433999656826,25.200527419955357,6.223679118355152,-7.117109052672804,23.359776523075617
2026-07-17T21:18:20.750+00:00,89.749097,1784323100706.319,2676,2,1,0.3508910557786854,-0.22660021178825163,0.4263206791101864,0.5636476191019517,-0.5256194346999975,-0.31113796057873766,23.97993924966939,6.6398125267078445,-6.445863345822639,22.122414464858675
2026-07-17T21:18:20.784+00:00,89.781251,1784323100739.659,2677,2,1,0.35122530145938413,-0.23543686461428132,0.4380374241453845,0.563327922014538,-0.5324620731900842,-0.2577097004747717,29.134888619746334,6.607842817966469,-7.130127194831309,27.46524047525527
2026-07-17T21:18:20.817+00:00,89.815652,1784323100773.0,2678,2,1,0.35122530145938413,-0.23543686461428132,0.4380374241453845,0.563327922014538,-0.5324620731900842,-0.2577097004747717,29.134888619746334,6.607842817966469,-7.130127194831309,27.46524047525527
2026-07-17T21:18:20.850+00:00,89.848944,1784323100806.34,2679,2,1,0.35122530145938413,-0.23543686461428132,0.4380374241453845,0.5594862850184248,-0.5323318917684992,-0.29876433999656826,25.200527419955357,6.223679118355152,-7.117109052672804,23.359776523075617
2026-07-17T21:18:20.884+00:00,89.881471,1784323100839.68,2680,2,1,0.3508910557786854,-0.22660021178825163,0.4263206791101864,0.5636476191019517,-0.5256194346999975,-0.31113796057873766,23.97993924966939,6.6398125267078445,-6.445863345822639,22.122414464858675
2026-07-17T21:18:20.917+00:00,89.915549,1784323100873.021,2681,2,1,0.35122530145938413,-0.23543686461428132,0.4380374241453845,0.5594862850184248,-0.5323318917684992,-0.29876433999656826,25.200527419955357,6.223679118355152,-7.117109052672804,23.359776523075617
2026-07-17T21:18:20.949+00:00,89.947313,1784323100906.361,2682,2,1,0.3508910557786854,-0.22660021178825163,0.4263206791101864,0.5681108660611671,-0.525781804146277,-0.2698743097702586,27.945849576294496,7.086137222629385,-6.462100290450584,26.24877954570658
2026-07-17T21:18:20.985+00:00,89.983053,1784323100939.702,2683,2,1,0.3508910557786854,-0.22660021178825163,0.4263206791101864,0.5681108660611671,-0.525781804146277,-0.2698743097702586,27.945849576294496,7.086137222629385,-6.462100290450584,26.24877954570658
2026-07-17T21:18:21.018+00:00,90.016848,1784323100973.041,2684,2,1,0.35122530145938413,-0.23543686461428132,0.4380374241453845,0.5594862850184248,-0.5323318917684992,-0.29876433999656826,25.200527419955357,6.223679118355152,-7.117109052672804,23.359776523075617
2026-07-17T21:18:21.051+00:00,90.048762,1784323101006.382,2685,2,1,0.35122530145938413,-0.23543686461428132,0.4380374241453845,0.563327922014538,-0.5324620731900842,-0.2577097004747717,29.134888619746334,6.607842817966469,-7.130127194831309,27.46524047525527
2026-07-17T21:18:21.083+00:00,90.080817,1784323101039.722,2686,2,1,0.35122530145938413,-0.23543686461428132,0.4380374241453845,0.5594862850184248,-0.5323318917684992,-0.29876433999656826,25.200527419955357,6.223679118355152,-7.117109052672804,23.359776523075617
2026-07-17T21:18:21.117+00:00,90.114964,1784323101073.062,2687,2,1,0.35122530145938413,-0.23543686461428132,0.4380374241453845,0.563327922014538,-0.5324620731900842,-0.2577097004747717,29.134888619746334,6.607842817966469,-7.130127194831309,27.46524047525527
2026-07-17T21:18:21.152+00:00,90.150131,1784323101106.403,2688,2,1,0.3508910557786854,-0.22660021178825163,0.4263206791101864,0.5731072036203141,-0.5196273630909339,-0.26910269613811905,28.01396927647914,7.5857709785440814,-5.846656184916283,26.325940908920536
2026-07-17T21:18:21.186+00:00,90.184413,1784323101139.743,2689,2,1,0.3508910557786854,-0.22660021178825163,0.4263206791101864,0.5701700721789988,-0.5176614109456675,-0.31169156248209123,23.917612355423266,7.2920578344125575,-5.650060970389642,22.06705427452332
2026-07-17T21:18:21.216+00:00,90.215004,1784323101173.084,2690,2,1,0.349545571507008,-0.2436972644388787,0.4447191935329714,0.5539023974241664,-0.5380419077021323,-0.29155894913303054,25.904906099161987,5.665290358929309,-7.688110646036122,24.080315609429388
2026-07-17T21:18:21.250+00:00,90.248435,1784323101206.424,2691,2,1,0.35122530145938413,-0.23543686461428132,0.4380374241453845,0.5594862850184248,-0.5323318917684992,-0.29876433999656826,25.200527419955357,6.223679118355152,-7.117109052672804,23.359776523075617
2026-07-17T21:18:21.285+00:00,90.282498,1784323101239.764,2692,2,1,0.35122530145938413,-0.23543686461428132,0.4380374241453845,0.563327922014538,-0.5324620731900842,-0.2577097004747717,29.134888619746334,6.607842817966469,-7.130127194831309,27.46524047525527
2026-07-17T21:18:21.317+00:00,90.314936,1784323101273.105,2693,2,1,0.3508910557786854,-0.22660021178825163,0.4263206791101864,0.5636476191019517,-0.5256194346999975,-0.31113796057873766,23.97993924966939,6.6398125267078445,-6.445863345822639,22.122414464858675
2026-07-17T21:18:21.351+00:00,90.34849,1784323101306.445,2694,2,1,0.35122530145938413,-0.23543686461428132,0.4380374241453845,0.563327922014538,-0.5324620731900842,-0.2577097004747717,29.134888619746334,6.607842817966469,-7.130127194831309,27.46524047525527
2026-07-17T21:18:21.383+00:00,90.381761,1784323101339.786,2695,2,1,0.35122530145938413,-0.23543686461428132,0.4380374241453845,0.5594862850184248,-0.5323318917684992,-0.29876433999656826,25.200527419955357,6.223679118355152,-7.117109052672804,23.359776523075617
2026-07-17T21:18:21.417+00:00,90.415139,1784323101373.126,2696,2,1,0.3508910557786854,-0.22660021178825163,0.4263206791101864,0.5636476191019517,-0.5256194346999975,-0.31113796057873766,23.97993924966939,6.6398125267078445,-6.445863345822639,22.122414464858675
2026-07-17T21:18:21.451+00:00,90.449117,1784323101406.465,2697,2,1,0.35122530145938413,-0.23543686461428132,0.4380374241453845,0.563327922014538,-0.5324620731900842,-0.2577097004747717,29.134888619746334,6.607842817966469,-7.130127194831309,27.46524047525527
2026-07-17T21:18:21.485+00:00,90.482899,1784323101439.806,2698,2,1,0.35626927701780553,-0.25217732072445753,0.4707569946873814,0.5553429594811021,-0.5461967122872711,-0.26460508850978354,28.687937695067106,5.809346564622886,-8.503591104549995,26.77570167175409
2026-07-17T21:18:21.517+00:00,90.515601,1784323101473.146,2699,2,1,0.35122530145938413,-0.23543686461428132,0.4380374241453845,0.5594862850184248,-0.5323318917684992,-0.29876433999656826,25.200527419955357,6.223679118355152,-7.117109052672804,23.359776523075617
2026-07-17T21:18:21.550+00:00,90.548491,1784323101506.487,2700,2,1,0.35122530145938413,-0.23543686461428132,0.4380374241453845,0.563327922014538,-0.5324620731900842,-0.2577097004747717,29.134888619746334,6.607842817966469,-7.130127194831309,27.46524047525527
2026-07-17T21:18:21.586+00:00,90.584459,1784323101539.827,2701,2,1,0.35122530145938413,-0.23543686461428132,0.4380374241453845,0.563327922014538,-0.5324620731900842,-0.2577097004747717,29.134888619746334,6.607842817966469,-7.130127194831309,27.46524047525527
2026-07-17T21:18:21.618+00:00,90.615839,1784323101573.168,2702,2,1,0.35122530145938413,-0.23543686461428132,0.4380374241453845,0.563327922014538,-0.5324620731900842,-0.2577097004747717,29.134888619746334,6.607842817966469,-7.130127194831309,27.46524047525527
2026-07-17T21:18:21.650+00:00,90.648215,1784323101606.509,2703,2,1,0.3508910557786854,-0.22660021178825163,0.4263206791101864,0.5731072036203141,-0.5196273630909339,-0.26910269613811905,28.01396927647914,7.5857709785440814,-5.846656184916283,26.325940908920536
2026-07-17T21:18:21.683+00:00,90.681473,1784323101639.85,2704,2,1,0.3257417781069287,-0.24518202556717528,0.40864596665511344,0.5380972621350679,-0.5311764661719718,-0.2888544739447592,25.664508567975783,4.084776830019465,-7.001566493020067,24.35076312825652
2026-07-17T21:18:21.717+00:00,90.714403,1784323101673.191,2705,2,1,0.35122530145938413,-0.23543686461428132,0.4380374241453845,0.5594862850184248,-0.5323318917684992,-0.29876433999656826,25.200527419955357,6.223679118355152,-7.117109052672804,23.359776523075617
2026-07-17T21:18:21.751+00:00,90.748732,1784323101706.532,2706,2,1,0.35122530145938413,-0.23543686461428132,0.4380374241453845,0.5594862850184248,-0.5323318917684992,-0.29876433999656826,25.200527419955357,6.223679118355152,-7.117109052672804,23.359776523075617
2026-07-17T21:18:21.783+00:00,90.781001,1784323101739.873,2707,2,1,0.3508910557786854,-0.22660021178825163,0.4263206791101864,0.5681108660611671,-0.525781804146277,-0.2698743097702586,27.945849576294496,7.086137222629385,-6.462100290450584,26.24877954570658
2026-07-17T21:18:21.818+00:00,90.815408,1784323101773.214,2708,2,1,0.35122530145938413,-0.23543686461428132,0.4380374241453845,0.563327922014538,-0.5324620731900842,-0.2577097004747717,29.134888619746334,6.607842817966469,-7.130127194831309,27.46524047525527
2026-07-17T21:18:21.850+00:00,90.848345,1784323101806.555,2709,2,1,0.3508910557786854,-0.22660021178825163,0.4263206791101864,0.5731072036203141,-0.5196273630909339,-0.26910269613811905,28.01396927647914,7.5857709785440814,-5.846656184916283,26.325940908920536
2026-07-17T21:18:21.883+00:00,90.881934,1784323101839.895,2710,2,1,0.35122530145938413,-0.23543686461428132,0.4380374241453845,0.5594862850184248,-0.5323318917684992,-0.29876433999656826,25.200527419955357,6.223679118355152,-7.117109052672804,23.359776523075617
2026-07-17T21:18:21.920+00:00,90.917297,1784323101873.236,2711,2,1,0.3508910557786854,-0.22660021178825163,0.4263206791101864,0.5636476191019517,-0.5256194346999975,-0.31113796057873766,23.97993924966939,6.6398125267078445,-6.445863345822639,22.122414464858675
2026-07-17T21:18:21.949+00:00,90.947676,1784323101906.577,2712,2,1,0.3508910557786854,-0.22660021178825163,0.4263206791101864,0.5636476191019517,-0.5256194346999975,-0.31113796057873766,23.97993924966939,6.6398125267078445,-6.445863345822639,22.122414464858675
2026-07-17T21:18:21.984+00:00,90.98186,1784323101939.918,2713,2,1,0.35122530145938413,-0.23543686461428132,0.4380374241453845,0.5594862850184248,-0.5323318917684992,-0.29876433999656826,25.200527419955357,6.223679118355152,-7.117109052672804,23.359776523075617
2026-07-17T21:18:22.017+00:00,91.014993,1784323101973.259,2714,2,1,0.3508910557786854,-0.22660021178825163,0.4263206791101864,0.5731072036203141,-0.5196273630909339,-0.26910269613811905,28.01396927647914,7.5857709785440814,-5.846656184916283,26.325940908920536
2026-07-17T21:18:22.049+00:00,91.048663,1784323102006.6,2715,2,1,0.35122530145938413,-0.23543686461428132,0.4380374241453845,0.5594862850184248,-0.5323318917684992,-0.29876433999656826,25.200527419955357,6.223679118355152,-7.117109052672804,23.359776523075617
2026-07-17T21:18:22.084+00:00,91.081796,1784323102039.941,2716,2,1,0.35122530145938413,-0.23543686461428132,0.4380374241453845,0.563327922014538,-0.5324620731900842,-0.2577097004747717,29.134888619746334,6.607842817966469,-7.130127194831309,27.46524047525527
2026-07-17T21:18:22.117+00:00,91.114961,1784323102073.282,2717,2,1,0.35122530145938413,-0.23543686461428132,0.4380374241453845,0.5594862850184248,-0.5323318917684992,-0.29876433999656826,25.200527419955357,6.223679118355152,-7.117109052672804,23.359776523075617
2026-07-17T21:18:22.152+00:00,91.149705,1784323102106.623,2718,2,1,0.35122530145938413,-0.23543686461428132,0.4380374241453845,0.5594862850184248,-0.5323318917684992,-0.29876433999656826,25.200527419955357,6.223679118355152,-7.117109052672804,23.359776523075617
2026-07-17T21:18:22.184+00:00,91.182545,1784323102139.964,2719,2,1,0.3508910557786854,-0.22660021178825163,0.4263206791101864,0.5636476191019517,-0.5256194346999975,-0.31113796057873766,23.97993924966939,6.6398125267078445,-6.445863345822639,22.122414464858675
2026-07-17T21:18:22.217+00:00,91.215145,1784323102173.305,2720,2,1,0.35122530145938413,-0.23543686461428132,0.4380374241453845,0.563327922014538,-0.5324620731900842,-0.2577097004747717,29.134888619746334,6.607842817966469,-7.130127194831309,27.46524047525527
2026-07-17T21:18:22.251+00:00,91.248844,1784323102206.646,2721,2,1,0.3508910557786854,-0.22660021178825163,0.4263206791101864,0.5636476191019517,-0.5256194346999975,-0.31113796057873766,23.97993924966939,6.6398125267078445,-6.445863345822639,22.122414464858675
2026-07-17T21:18:22.285+00:00,91.282727,1784323102239.987,2722,2,1,0.3508910557786854,-0.22660021178825163,0.4263206791101864,0.5681108660611671,-0.525781804146277,-0.2698743097702586,27.945849576294496,7.086137222629385,-6.462100290450584,26.24877954570658
2026-07-17T21:18:22.317+00:00,91.314979,1784323102273.327,2723,2,1,0.3508910557786854,-0.22660021178825163,0.4263206791101864,0.5701700721789988,-0.5176614109456675,-0.31169156248209123,23.917612355423266,7.2920578344125575,-5.650060970389642,22.06705427452332
2026-07-17T21:18:22.351+00:00,91.3489,1784323102306.668,2724,2,1,0.3508910557786854,-0.22660021178825163,0.4263206791101864,0.5701700721789988,-0.5176614109456675,-0.31169156248209123,23.917612355423266,7.2920578344125575,-5.650060970389642,22.06705427452332
2026-07-17T21:18:22.384+00:00,91.382265,1784323102340.009,2725,2,1,0.35122530145938413,-0.23543686461428132,0.4380374241453845,0.5594862850184248,-0.5323318917684992,-0.29876433999656826,25.200527419955357,6.223679118355152,-7.117109052672804,23.359776523075617
2026-07-17T21:18:22.418+00:00,91.416288,1784323102373.35,2726,2,1,0.3508910557786854,-0.22660021178825163,0.4263206791101864,0.5636476191019517,-0.5256194346999975,-0.31113796057873766,23.97993924966939,6.6398125267078445,-6.445863345822639,22.122414464858675
2026-07-17T21:18:22.451+00:00,91.449228,1784323102406.691,2727,2,1,0.3508910557786854,-0.22660021178825163,0.4263206791101864,0.5731072036203141,-0.5196273630909339,-0.26910269613811905,28.01396927647914,7.5857709785440814,-5.846656184916283,26.325940908920536
2026-07-17T21:18:22.484+00:00,91.482596,1784323102440.032,2728,2,1,0.35122530145938413,-0.23543686461428132,0.4380374241453845,0.565742271695076,-0.5246748928651113,-0.29958016612151867,25.082410495724723,6.849277786020269,-6.351409162334015,23.278193910580576
2026-07-17T21:18:22.516+00:00,91.514831,1784323102473.373,2729,2,1,0.3508910557786854,-0.22660021178825163,0.4263206791101864,0.5681108660611671,-0.525781804146277,-0.2698743097702586,27.945849576294496,7.086137222629385,-6.462100290450584,26.24877954570658
2026-07-17T21:18:22.553+00:00,91.551436,1784323102506.714,2730,2,1,0.35122530145938413,-0.23543686461428132,0.4380374241453845,0.5594862850184248,-0.5323318917684992,-0.29876433999656826,25.200527419955357,6.223679118355152,-7.117109052672804,23.359776523075617
2026-07-17T21:18:22.585+00:00,91.583552,1784323102540.055,2731,2,1,0.35122530145938413,-0.23543686461428132,0.4380374241453845,0.563327922014538,-0.5324620731900842,-0.2577097004747717,29.134888619746334,6.607842817966469,-7.130127194831309,27.46524047525527
2026-07-17T21:18:22.618+00:00,91.6155,1784323102573.396,2732,2,1,0.3508910557786854,-0.22660021178825163,0.4263206791101864,0.5636476191019517,-0.5256194346999975,-0.31113796057873766,23.97993924966939,6.6398125267078445,-6.445863345822639,22.122414464858675
2026-07-17T21:18:22.650+00:00,91.648771,1784323102606.736,2733,2,1,0.3508910557786854,-0.22660021178825163,0.4263206791101864,0.5681108660611671,-0.525781804146277,-0.2698743097702586,27.945849576294496,7.086137222629385,-6.462100290450584,26.24877954570658
2026-07-17T21:18:22.683+00:00,91.681183,1784323102640.076,2734,2,1,0.35122530145938413,-0.23543686461428132,0.4380374241453845,0.563327922014538,-0.5324620731900842,-0.2577097004747717,29.134888619746334,6.607842817966469,-7.130127194831309,27.46524047525527
2026-07-17T21:18:22.717+00:00,91.715361,1784323102673.417,2735,2,1,0.35122530145938413,-0.23543686461428132,0.4380374241453845,0.563327922014538,-0.5324620731900842,-0.2577097004747717,29.134888619746334,6.607842817966469,-7.130127194831309,27.46524047525527
2026-07-17T21:18:22.750+00:00,91.749412,1784323102706.757,2736,2,1,0.35122530145938413,-0.23543686461428132,0.4380374241453845,0.563327922014538,-0.5324620731900842,-0.2577097004747717,29.134888619746334,6.607842817966469,-7.130127194831309,27.46524047525527
2026-07-17T21:18:22.785+00:00,91.782803,1784323102740.096,2737,2,1,0.3508910557786854,-0.22660021178825163,0.4263206791101864,0.5731072036203141,-0.5196273630909339,-0.26910269613811905,28.01396927647914,7.5857709785440814,-5.846656184916283,26.325940908920536
2026-07-17T21:18:22.816+00:00,91.815344,1784323102773.437,2738,2,1,0.35122530145938413,-0.23543686461428132,0.4380374241453845,0.563327922014538,-0.5324620731900842,-0.2577097004747717,29.134888619746334,6.607842817966469,-7.130127194831309,27.46524047525527
2026-07-17T21:18:22.850+00:00,91.848581,1784323102806.777,2739,2,1,0.35122530145938413,-0.23543686461428132,0.4380374241453845,0.5594862850184248,-0.5323318917684992,-0.29876433999656826,25.200527419955357,6.223679118355152,-7.117109052672804,23.359776523075617
2026-07-17T21:18:22.884+00:00,91.882943,1784323102840.118,2740,2,1,0.3508910557786854,-0.22660021178825163,0.4263206791101864,0.5636476191019517,-0.5256194346999975,-0.31113796057873766,23.97993924966939,6.6398125267078445,-6.445863345822639,22.122414464858675
2026-07-17T21:18:22.918+00:00,91.916051,1784323102873.458,2741,2,1,0.35122530145938413,-0.23543686461428132,0.4380374241453845,0.563327922014538,-0.5324620731900842,-0.2577097004747717,29.134888619746334,6.607842817966469,-7.130127194831309,27.46524047525527
2026-07-17T21:18:22.951+00:00,91.949129,1784323102906.798,2742,2,1,0.3508910557786854,-0.22660021178825163,0.4263206791101864,0.5701700721789988,-0.5176614109456675,-0.31169156248209123,23.917612355423266,7.2920578344125575,-5.650060970389642,22.06705427452332
2026-07-17T21:18:22.983+00:00,91.981542,1784323102940.139,2743,2,1,0.3508910557786854,-0.22660021178825163,0.4263206791101864,0.5636476191019517,-0.5256194346999975,-0.31113796057873766,23.97993924966939,6.6398125267078445,-6.445863345822639,22.122414464858675
2026-07-17T21:18:23.016+00:00,92.014711,1784323102973.479,2744,2,1,0.35122530145938413,-0.23543686461428132,0.4380374241453845,0.5594862850184248,-0.5323318917684992,-0.29876433999656826,25.200527419955357,6.223679118355152,-7.117109052672804,23.359776523075617
2026-07-17T21:18:23.050+00:00,92.047979,1784323103006.82,2745,2,1,0.35122530145938413,-0.23543686461428132,0.4380374241453845,0.5594862850184248,-0.5323318917684992,-0.29876433999656826,25.200527419955357,6.223679118355152,-7.117109052672804,23.359776523075617
2026-07-17T21:18:23.083+00:00,92.081212,1784323103040.16,2746,2,1,0.3508910557786854,-0.22660021178825163,0.4263206791101864,0.5701700721789988,-0.5176614109456675,-0.31169156248209123,23.917612355423266,7.2920578344125575,-5.650060970389642,22.06705427452332
2026-07-17T21:18:23.117+00:00,92.11466,1784323103073.5,2747,2,1,0.35122530145938413,-0.23543686461428132,0.4380374241453845,0.5594862850184248,-0.5323318917684992,-0.29876433999656826,25.200527419955357,6.223679118355152,-7.117109052672804,23.359776523075617
2026-07-17T21:18:23.151+00:00,92.148897,1784323103106.841,2748,2,1,0.3508910557786854,-0.22660021178825163,0.4263206791101864,0.5636476191019517,-0.5256194346999975,-0.31113796057873766,23.97993924966939,6.6398125267078445,-6.445863345822639,22.122414464858675
2026-07-17T21:18:23.183+00:00,92.182358,1784323103140.181,2749,2,1,0.3508910557786854,-0.22660021178825163,0.4263206791101864,0.5681108660611671,-0.525781804146277,-0.2698743097702586,27.945849576294496,7.086137222629385,-6.462100290450584,26.24877954570658
2026-07-17T21:18:23.217+00:00,92.215583,1784323103173.52,2750,2,1,0.3508910557786854,-0.22660021178825163,0.4263206791101864,0.5636476191019517,-0.5256194346999975,-0.31113796057873766,23.97993924966939,6.6398125267078445,-6.445863345822639,22.122414464858675
2026-07-17T21:18:23.250+00:00,92.249186,1784323103206.861,2751,2,1,0.35122530145938413,-0.23543686461428132,0.4380374241453845,0.5594862850184248,-0.5323318917684992,-0.29876433999656826,25.200527419955357,6.223679118355152,-7.117109052672804,23.359776523075617
2026-07-17T21:18:23.283+00:00,92.282206,1784323103240.201,2752,2,1,0.3508910557786854,-0.22660021178825163,0.4263206791101864,0.5681108660611671,-0.525781804146277,-0.2698743097702586,27.945849576294496,7.086137222629385,-6.462100290450584,26.24877954570658
2026-07-17T21:18:23.318+00:00,92.315419,1784323103273.542,2753,2,1,0.3508910557786854,-0.22660021178825163,0.4263206791101864,0.5681108660611671,-0.525781804146277,-0.2698743097702586,27.945849576294496,7.086137222629385,-6.462100290450584,26.24877954570658
2026-07-17T21:18:23.351+00:00,92.349365,1784323103306.882,2754,2,1,0.35122530145938413,-0.23543686461428132,0.4380374241453845,0.5594862850184248,-0.5323318917684992,-0.29876433999656826,25.200527419955357,6.223679118355152,-7.117109052672804,23.359776523075617
2026-07-17T21:18:23.383+00:00,92.382149,1784323103340.222,2755,2,1,0.35122530145938413,-0.23543686461428132,0.4380374241453845,0.563327922014538,-0.5324620731900842,-0.2577097004747717,29.134888619746334,6.607842817966469,-7.130127194831309,27.46524047525527
2026-07-17T21:18:23.417+00:00,92.41501,1784323103373.562,2756,2,1,0.35122530145938413,-0.23543686461428132,0.4380374241453845,0.563327922014538,-0.5324620731900842,-0.2577097004747717,29.134888619746334,6.607842817966469,-7.130127194831309,27.46524047525527
2026-07-17T21:18:23.451+00:00,92.448959,1784323103406.903,2757,2,1,0.3508910557786854,-0.22660021178825163,0.4263206791101864,0.5681108660611671,-0.525781804146277,-0.2698743097702586,27.945849576294496,7.086137222629385,-6.462100290450584,26.24877954570658
2026-07-17T21:18:23.483+00:00,92.482014,1784323103440.243,2758,2,1,0.35122530145938413,-0.23543686461428132,0.4380374241453845,0.5594862850184248,-0.5323318917684992,-0.29876433999656826,25.200527419955357,6.223679118355152,-7.117109052672804,23.359776523075617
2026-07-17T21:18:23.517+00:00,92.51546,1784323103473.583,2759,2,1,0.3508910557786854,-0.22660021178825163,0.4263206791101864,0.5681108660611671,-0.525781804146277,-0.2698743097702586,27.945849576294496,7.086137222629385,-6.462100290450584,26.24877954570658
2026-07-17T21:18:23.551+00:00,92.548553,1784323103506.924,2760,2,1,0.35122530145938413,-0.23543686461428132,0.4380374241453845,0.5594862850184248,-0.5323318917684992,-0.29876433999656826,25.200527419955357,6.223679118355152,-7.117109052672804,23.359776523075617
2026-07-17T21:18:23.584+00:00,92.581665,1784323103540.264,2761,2,1,0.3508910557786854,-0.22660021178825163,0.4263206791101864,0.5681108660611671,-0.525781804146277,-0.2698743097702586,27.945849576294496,7.086137222629385,-6.462100290450584,26.24877954570658
2026-07-17T21:18:23.617+00:00,92.615313,1784323103573.605,2762,2,1,0.35122530145938413,-0.23543686461428132,0.4380374241453845,0.5680746961155629,-0.5265680556195592,-0.2571871213303143,29.157433008764862,7.082520228068967,-6.540725437778811,27.51749838970101
2026-07-17T21:18:23.651+00:00,92.649085,1784323103606.945,2763,2,1,0.3257417781069287,-0.24518202556717528,0.40864596665511344,0.5380972621350679,-0.5311764661719718,-0.2888544739447592,25.664508567975783,4.084776830019465,-7.001566493020067,24.35076312825652
2026-07-17T21:18:23.683+00:00,92.681807,1784323103640.285,2764,2,1,0.3508910557786854,-0.22660021178825163,0.4263206791101864,0.5681108660611671,-0.525781804146277,-0.2698743097702586,27.945849576294496,7.086137222629385,-6.462100290450584,26.24877954570658
2026-07-17T21:18:23.716+00:00,92.71453,1784323103673.626,2765,2,1,0.35122530145938413,-0.23543686461428132,0.4380374241453845,0.565742271695076,-0.5246748928651113,-0.29958016612151867,25.082410495724723,6.849277786020269,-6.351409162334015,23.278193910580576
2026-07-17T21:18:23.750+00:00,92.748095,1784323103706.967,2766,2,1,0.3508910557786854,-0.22660021178825163,0.4263206791101864,0.5658390709444652,-0.5251950446133299,-0.278177095666162,27.095190255439967,6.85895771095919,-6.403424337155878,25.41850095611624
2026-07-17T21:18:23.784+00:00,92.781953,1784323103740.308,2767,2,1,0.3508910557786854,-0.22660021178825163,0.4263206791101864,0.5681108660611671,-0.525781804146277,-0.2698743097702586,27.945849576294496,7.086137222629385,-6.462100290450584,26.24877954570658
2026-07-17T21:18:23.816+00:00,92.814914,1784323103773.648,2768,2,1,0.3508910557786854,-0.22660021178825163,0.4263206791101864,0.5681108660611671,-0.525781804146277,-0.2698743097702586,27.945849576294496,7.086137222629385,-6.462100290450584,26.24877954570658
2026-07-17T21:18:23.851+00:00,92.848976,1784323103806.989,2769,2,1,0.35122530145938413,-0.23543686461428132,0.4380374241453845,0.563327922014538,-0.5324620731900842,-0.2577097004747717,29.134888619746334,6.607842817966469,-7.130127194831309,27.46524047525527
2026-07-17T21:18:23.884+00:00,92.881525,1784323103840.33,2770,2,1,0.3508910557786854,-0.22660021178825163,0.4263206791101864,0.5636476191019517,-0.5256194346999975,-0.31113796057873766,23.97993924966939,6.6398125267078445,-6.445863345822639,22.122414464858675
2026-07-17T21:18:23.915+00:00,92.914542,1784323103873.671,2771,2,1,0.35122530145938413,-0.23543686461428132,0.4380374241453845,0.563327922014538,-0.5324620731900842,-0.2577097004747717,29.134888619746334,6.607842817966469,-7.130127194831309,27.46524047525527
2026-07-17T21:18:23.951+00:00,92.948696,1784323103907.011,2772,2,1,0.3508910557786854,-0.22660021178825163,0.4263206791101864,0.5681108660611671,-0.525781804146277,-0.2698743097702586,27.945849576294496,7.086137222629385,-6.462100290450584,26.24877954570658
2026-07-17T21:18:23.985+00:00,92.982486,1784323103940.352,2773,2,1,0.3508910557786854,-0.22660021178825163,0.4263206791101864,0.5636476191019517,-0.5256194346999975,-0.31113796057873766,23.97993924966939,6.6398125267078445,-6.445863345822639,22.122414464858675
2026-07-17T21:18:24.017+00:00,93.01533,1784323103973.693,2774,2,1,0.3257417781069287,-0.24518202556717528,0.40864596665511344,0.5327880547376931,-0.5311557784237524,-0.32866512853353985,21.82996666418383,3.5538560902819816,-6.9994977181981275,20.369697669378457
2026-07-17T21:18:24.051+00:00,93.04872,1784323104007.034,2775,2,1,0.35122530145938413,-0.23543686461428132,0.4380374241453845,0.5680746961155629,-0.5265680556195592,-0.2571871213303143,29.157433008764862,7.082520228068967,-6.540725437778811,27.51749838970101
2026-07-17T21:18:24.083+00:00,93.081691,1784323104040.374,2776,2,1,0.35122530145938413,-0.23543686461428132,0.4380374241453845,0.563327922014538,-0.5324620731900842,-0.2577097004747717,29.134888619746334,6.607842817966469,-7.130127194831309,27.46524047525527
2026-07-17T21:18:24.116+00:00,93.115542,1784323104073.714,2777,2,1,0.3508910557786854,-0.22660021178825163,0.4263206791101864,0.5636476191019517,-0.5256194346999975,-0.31113796057873766,23.97993924966939,6.6398125267078445,-6.445863345822639,22.122414464858675
2026-07-17T21:18:24.150+00:00,93.148976,1784323104107.055,2778,2,1,0.35122530145938413,-0.23543686461428132,0.4380374241453845,0.565742271695076,-0.5246748928651113,-0.29958016612151867,25.082410495724723,6.849277786020269,-6.351409162334015,23.278193910580576
2026-07-17T21:18:24.184+00:00,93.182269,1784323104140.396,2779,2,1,0.3257417781069287,-0.24518202556717528,0.40864596665511344,0.5397023028982215,-0.522760804587374,-0.3300185003232985,21.573070216152345,4.245280906334825,-6.160000334560284,20.234360490402594
2026-07-17T21:18:24.217+00:00,93.215631,1784323104173.736,2780,2,1,0.3257417781069287,-0.24518202556717528,0.40864596665511344,0.5327880547376931,-0.5311557784237524,-0.32866512853353985,21.82996666418383,3.5538560902819816,-6.9994977181981275,20.369697669378457
2026-07-17T21:18:24.251+00:00,93.24976,1784323104207.077,2781,2,1,0.35122530145938413,-0.23543686461428132,0.4380374241453845,0.5594862850184248,-0.5323318917684992,-0.29876433999656826,25.200527419955357,6.223679118355152,-7.117109052672804,23.359776523075617
2026-07-17T21:18:24.283+00:00,93.28238,1784323104240.418,2782,2,1,0.3508910557786854,-0.22660021178825163,0.4263206791101864,0.5681108660611671,-0.525781804146277,-0.2698743097702586,27.945849576294496,7.086137222629385,-6.462100290450584,26.24877954570658
2026-07-17T21:18:24.317+00:00,93.315176,1784323104273.759,2783,2,1,0.3257417781069287,-0.24518202556717528,0.40864596665511344,0.5380972621350679,-0.5311764661719718,-0.2888544739447592,25.664508567975783,4.084776830019465,-7.001566493020067,24.35076312825652
2026-07-17T21:18:24.351+00:00,93.348904,1784323104307.099,2784,2,1,0.349545571507008,-0.2436972644388787,0.4447191935329714,0.5539023974241664,-0.5380419077021323,-0.29155894913303054,25.904906099161987,5.665290358929309,-7.688110646036122,24.080315609429388
2026-07-17T21:18:24.383+00:00,93.382512,1784323104340.44,2785,2,1,0.3508910557786854,-0.22660021178825163,0.4263206791101864,0.5636476191019517,-0.5256194346999975,-0.31113796057873766,23.97993924966939,6.6398125267078445,-6.445863345822639,22.122414464858675
2026-07-17T21:18:24.418+00:00,93.415296,1784323104373.781,2786,2,1,0.3508910557786854,-0.22660021178825163,0.4263206791101864,0.5681108660611671,-0.525781804146277,-0.2698743097702586,27.945849576294496,7.086137222629385,-6.462100290450584,26.24877954570658
2026-07-17T21:18:24.450+00:00,93.449239,1784323104407.122,2787,2,1,0.3508910557786854,-0.22660021178825163,0.4263206791101864,0.5731072036203141,-0.5196273630909339,-0.26910269613811905,28.01396927647914,7.5857709785440814,-5.846656184916283,26.325940908920536
2026-07-17T21:18:24.484+00:00,93.482787,1784323104440.463,2788,2,1,0.3508910557786854,-0.22660021178825163,0.4263206791101864,0.5636476191019517,-0.5256194346999975,-0.31113796057873766,23.97993924966939,6.6398125267078445,-6.445863345822639,22.122414464858675
2026-07-17T21:18:24.517+00:00,93.514835,1784323104473.803,2789,2,1,0.35122530145938413,-0.23543686461428132,0.4380374241453845,0.563327922014538,-0.5324620731900842,-0.2577097004747717,29.134888619746334,6.607842817966469,-7.130127194831309,27.46524047525527
2026-07-17T21:18:24.550+00:00,93.549223,1784323104507.143,2790,2,1,0.35122530145938413,-0.23543686461428132,0.4380374241453845,0.5594862850184248,-0.5323318917684992,-0.29876433999656826,25.200527419955357,6.223679118355152,-7.117109052672804,23.359776523075617
2026-07-17T21:18:24.583+00:00,93.58176,1784323104540.484,2791,2,1,0.3508910557786854,-0.22660021178825163,0.4263206791101864,0.5681108660611671,-0.525781804146277,-0.2698743097702586,27.945849576294496,7.086137222629385,-6.462100290450584,26.24877954570658
2026-07-17T21:18:24.618+00:00,93.61616,1784323104573.824,2792,2,1,0.3508910557786854,-0.22660021178825163,0.4263206791101864,0.5731072036203141,-0.5196273630909339,-0.26910269613811905,28.01396927647914,7.5857709785440814,-5.846656184916283,26.325940908920536
2026-07-17T21:18:24.651+00:00,93.648424,1784323104607.164,2793,2,1,0.35122530145938413,-0.23543686461428132,0.4380374241453845,0.563327922014538,-0.5324620731900842,-0.2577097004747717,29.134888619746334,6.607842817966469,-7.130127194831309,27.46524047525527
2026-07-17T21:18:24.683+00:00,93.681901,1784323104640.504,2794,2,1,0.35122530145938413,-0.23543686461428132,0.4380374241453845,0.5594862850184248,-0.5323318917684992,-0.29876433999656826,25.200527419955357,6.223679118355152,-7.117109052672804,23.359776523075617
2026-07-17T21:18:24.717+00:00,93.715858,1784323104673.844,2795,2,1,0.3508910557786854,-0.22660021178825163,0.4263206791101864,0.5636476191019517,-0.5256194346999975,-0.31113796057873766,23.97993924966939,6.6398125267078445,-6.445863345822639,22.122414464858675
2026-07-17T21:18:24.750+00:00,93.748802,1784323104707.184,2796,2,1,0.3508910557786854,-0.22660021178825163,0.4263206791101864,0.5731072036203141,-0.5196273630909339,-0.26910269613811905,28.01396927647914,7.5857709785440814,-5.846656184916283,26.325940908920536
2026-07-17T21:18:24.784+00:00,93.781751,1784323104740.524,2797,2,1,0.3508910557786854,-0.22660021178825163,0.4263206791101864,0.5636476191019517,-0.5256194346999975,-0.31113796057873766,23.97993924966939,6.6398125267078445,-6.445863345822639,22.122414464858675
2026-07-17T21:18:24.816+00:00,93.81517,1784323104773.864,2798,2,1,0.35122530145938413,-0.23543686461428132,0.4380374241453845,0.565742271695076,-0.5246748928651113,-0.29958016612151867,25.082410495724723,6.849277786020269,-6.351409162334015,23.278193910580576
2026-07-17T21:18:24.850+00:00,93.848902,1784323104807.204,2799,2,1,0.3508910557786854,-0.22660021178825163,0.4263206791101864,0.5701700721789988,-0.5176614109456675,-0.31169156248209123,23.917612355423266,7.2920578344125575,-5.650060970389642,22.06705427452332
2026-07-17T21:18:24.884+00:00,93.882423,1784323104840.544,2800,2,1,0.3508910557786854,-0.22660021178825163,0.4263206791101864,0.5636476191019517,-0.5256194346999975,-0.31113796057873766,23.97993924966939,6.6398125267078445,-6.445863345822639,22.122414464858675
2026-07-17T21:18:24.916+00:00,93.915621,1784323104873.884,2801,2,1,0.3508910557786854,-0.22660021178825163,0.4263206791101864,0.5636476191019517,-0.5256194346999975,-0.31113796057873766,23.97993924966939,6.6398125267078445,-6.445863345822639,22.122414464858675
2026-07-17T21:18:24.951+00:00,93.948945,1784323104907.224,2802,2,1,0.349545571507008,-0.2436972644388787,0.4447191935329714,0.5539023974241664,-0.5380419077021323,-0.29155894913303054,25.904906099161987,5.665290358929309,-7.688110646036122,24.080315609429388
2026-07-17T21:18:24.984+00:00,93.981955,1784323104940.563,2803,2,1,0.3508910557786854,-0.22660021178825163,0.4263206791101864,0.5681108660611671,-0.525781804146277,-0.2698743097702586,27.945849576294496,7.086137222629385,-6.462100290450584,26.24877954570658
2026-07-17T21:18:25.016+00:00,94.015156,1784323104973.903,2804,2,1,0.3508910557786854,-0.22660021178825163,0.4263206791101864,0.5681108660611671,-0.525781804146277,-0.2698743097702586,27.945849576294496,7.086137222629385,-6.462100290450584,26.24877954570658
2026-07-17T21:18:25.052+00:00,94.049051,1784323105007.243,2805,2,1,0.3257417781069287,-0.24518202556717528,0.40864596665511344,0.5327880547376931,-0.5311557784237524,-0.32866512853353985,21.82996666418383,3.5538560902819816,-6.9994977181981275,20.369697669378457
2026-07-17T21:18:25.084+00:00,94.082889,1784323105040.583,2806,2,1,0.3508910557786854,-0.22660021178825163,0.4263206791101864,0.5636476191019517,-0.5256194346999975,-0.31113796057873766,23.97993924966939,6.6398125267078445,-6.445863345822639,22.122414464858675
2026-07-17T21:18:25.117+00:00,94.115861,1784323105073.923,2807,2,1,0.3257417781069287,-0.24518202556717528,0.40864596665511344,0.5380972621350679,-0.5311764661719718,-0.2888544739447592,25.664508567975783,4.084776830019465,-7.001566493020067,24.35076312825652
2026-07-17T21:18:25.149+00:00,94.148293,1784323105107.262,2808,2,1,0.3508910557786854,-0.22660021178825163,0.4263206791101864,0.5636476191019517,-0.5256194346999975,-0.31113796057873766,23.97993924966939,6.6398125267078445,-6.445863345822639,22.122414464858675
2026-07-17T21:18:25.183+00:00,94.181934,1784323105140.602,2809,2,1,0.3508910557786854,-0.22660021178825163,0.4263206791101864,0.5701700721789988,-0.5176614109456675,-0.31169156248209123,23.917612355423266,7.2920578344125575,-5.650060970389642,22.06705427452332
2026-07-17T21:18:25.217+00:00,94.215549,1784323105173.942,2810,2,1,0.3508910557786854,-0.22660021178825163,0.4263206791101864,0.5681108660611671,-0.525781804146277,-0.2698743097702586,27.945849576294496,7.086137222629385,-6.462100290450584,26.24877954570658
2026-07-17T21:18:25.250+00:00,94.248775,1784323105207.282,2811,2,1,0.3508910557786854,-0.22660021178825163,0.4263206791101864,0.5701700721789988,-0.5176614109456675,-0.31169156248209123,23.917612355423266,7.2920578344125575,-5.650060970389642,22.06705427452332
2026-07-17T21:18:25.284+00:00,94.282379,1784323105240.622,2812,2,1,0.3551433233138136,-0.2522692685511808,0.4695015676695752,0.5606119626081564,-0.5407277806080415,-0.2250548502915971,32.37027271906276,6.3362468773283105,-7.956697936627038,30.73072549357273
2026-07-17T21:18:25.318+00:00,94.315783,1784323105273.962,2813,2,1,0.3497285090835145,-0.23449477281104913,0.4349322806485544,0.5626794939222239,-0.531209251190755,-0.2609929638765078,28.780041891763382,6.543000008735067,-7.004844994898391,27.136914135081664
2026-07-17T21:18:25.351+00:00,94.348998,1784323105307.302,2814,2,1,0.3506691783938362,-0.25159698956898424,0.4575376379116406,0.5536808521672166,-0.5442895310387191,-0.23749182391601809,31.151784334367793,5.643135833234336,-8.312872979694802,29.487028131130632
2026-07-17T21:18:25.385+00:00,94.382586,1784323105340.642,2815,2,1,0.3524793977239281,-0.2414373300749169,0.4456855849721258,0.563638778260042,-0.529961782946242,-0.2915991376254202,25.905196146422142,6.638928442516878,-6.880098170447085,24.07629676019042
2026-07-17T21:18:25.418+00:00,94.416236,1784323105373.982,2816,2,1,0.3461722335623978,-0.21983105612222908,0.4094694745959996,0.553710999893455,-0.5315530328992214,-0.3289984316089447,22.248539658072453,5.646150605858169,-7.039223165745029,20.336367361837972
2026-07-17T21:18:25.450+00:00,94.449322,1784323105407.321,2817,2,1,0.34459019037165417,-0.21275424167210427,0.40437190176771376,0.5713260941077638,-0.5062112060624745,-0.32811014229734614,22.18912933020313,7.407660027289054,-4.5050404820703385,20.42519629299783
2026-07-17T21:18:25.484+00:00,94.482397,1784323105440.661,2818,2,1,0.32717390973528226,-0.19928117946118298,0.3768359009810014,0.5638000100594238,-0.4881136600645729,-0.35741745305116995,18.910594684861636,6.655051622455055,-2.6952858822801797,17.494465217615446
2026-07-17T21:18:25.517+00:00,94.515937,1784323105474.0,2819,2,1,0.34870343108475066,-0.21263790447303438,0.4324197721279117,0.5643771443979377,-0.5202665522649144,-0.27154850517977863,27.57233128407677,6.712765056306447,-5.910575102314325,26.08136000475458
2026-07-17T21:18:25.551+00:00,94.548762,1784323105507.34,2820,2,1,0.32208300107545496,-0.1900136561409875,0.3625446636510744,0.5575148498770814,-0.49660652879149675,-0.33928854865784086,20.534291072937744,6.026535604220817,-3.5445727549725636,19.307355656948356
2026-07-17T21:18:25.585+00:00,94.5831,1784323105540.68,2821,2,1,0.3155175228957785,-0.1914532001706931,0.35528499771954547,0.5582624219934584,-0.48280174362680367,-0.3459245270057529,19.73572353954158,6.101292815858517,-2.1640942385032558,18.643757822157152
2026-07-17T21:18:25.618+00:00,94.616134,1784323105574.02,2822,2,1,0.33936290387944373,-0.20497003134947606,0.3959651416868778,0.5698364047897686,-0.5022818289401642,-0.30241877760421215,24.460934667206782,7.258691095489533,-4.1121027698393045,22.994332762311227
2026-07-17T21:18:25.651+00:00,94.648993,1784323105607.36,2823,2,1,0.3279963029773669,-0.17342201924476558,0.34688603471417423,0.5785253916427996,-0.4741696033329319,-0.3540660399124901,19.6378429067663,8.127589780792633,-1.3008802091160787,17.82960653148343
2026-07-17T21:18:25.685+00:00,94.68323,1784323105640.699,2824,2,1,0.30646435291269836,-0.17440688260999315,0.3137906256950853,0.5687592525713083,-0.45890904747994665,-0.3869641802873815,16.204713069470966,7.150975873643506,0.22517537618244599,14.539792493994291
2026-07-17T21:18:25.718+00:00,94.715468,1784323105674.039,2825,2,1,0.30619862102391565,-0.1627961387161997,0.30350493780748256,0.575128484465655,-0.4495041802125068,-0.39753095459570437,15.61424131238399,7.787899063078174,1.1656621029264291,13.483115063162005
2026-07-17T21:18:25.750+00:00,94.749204,1784323105707.379,2826,2,1,0.30332704864074034,-0.15271115364810559,0.28849165677233446,0.5698441753750252,-0.44151571902861586,-0.44963585392731353,11.180138504164542,7.259468154015192,1.9645082213155252,8.272625130001089
2026-07-17T21:18:25.783+00:00,94.78228,1784323105740.718,2827,2,1,0.29458704278669634,-0.13263648753788576,0.26198716158227453,0.5747892456003401,-0.4306937231507387,-0.44397346995751036,12.14627794680967,7.753975176546679,3.0467078091032382,8.838863526981406
2026-07-17T21:18:25.818+00:00,94.815406,1784323105774.058,2828,2,1,0.30866341149524656,-0.1295847563247899,0.27063460149865126,0.5723069993976064,-0.45500238794005643,-0.4418076648858419,11.777801943169859,7.505750556273316,0.6158413301714682,9.055444034148252
2026-07-17T21:18:25.850+00:00,94.848478,1784323105807.398,2829,2,1,0.3189992541359992,-0.14346377121705756,0.2793024962674916,0.5876446918820855,-0.44320006877703244,-0.45796283364470763,11.84446341236639,9.03951980472122,1.7960732464738671,7.4399271582616775
2026-07-17T21:18:25.884+00:00,94.882264,1784323105840.736,2830,2,1,0.3180427392860311,-0.1643715628035246,0.2679286409592034,0.5768933284308861,-0.4617674318424714,-0.46831060958891996,10.220617634643862,7.9643834596012875,-0.06066306007002642,6.405149563840445
2026-07-17T21:18:25.918+00:00,94.915424,1784323105874.076,2831,2,1,0.3369722840307222,-0.15943807562100376,0.2768417087482846,0.5804647846423736,-0.4953098548575872,-0.4301802305044302,13.613257512042434,8.321529080750034,-3.4149053615816105,10.218187472289419
2026-07-17T21:18:25.950+00:00,94.949129,1784323105907.416,2832,2,1,0.30737202278705,-0.1503457372392192,0.2245701375937363,0.5753772350148338,-0.44901863040136963,-0.5127327424522024,8.14658709985829,7.8127741179960575,1.2142170840401478,1.9629362775122061
2026-07-17T21:18:25.984+00:00,94.982521,1784323105940.755,2833,2,1,0.3165289720905778,-0.1621295834204851,0.235613737158469,0.5762636041521284,-0.47444188537788323,-0.4687195331371895,10.232298767777392,7.901411031725514,-1.328108413611212,6.364257209013491
2026-07-17T21:18:26.018+00:00,95.016178,1784323105974.095,2834,2,1,0.32457653664169545,-0.15474174358649712,0.2378738615586973,0.5630946403940004,-0.47727756411297095,-0.49651517853501753,7.668334580678543,6.5845146559127095,-1.6116762871199841,3.584692669230688
2026-07-17T21:18:26.051+00:00,95.048853,1784323106007.434,2835,2,1,0.30707127914810506,-0.14574716009783314,0.20664829810250354,0.5529028860574678,-0.463629994575413,-0.5292603212964946,5.579442664957143,5.565339222259458,-0.24691933336418725,0.3101783930829827
2026-07-17T21:18:26.084+00:00,95.082849,1784323106040.774,2836,2,1,0.3339416239505524,-0.15529880933571727,0.24465156535272528,0.5942725966677407,-0.47622547145624333,-0.45851966710197095,12.285411039230485,9.702310283286742,-1.506467021447222,7.384243812535346
2026-07-17T21:18:26.152+00:00,95.149599,1784323106107.453,2838,2,1,0.2794465935757407,-0.13513292764950618,0.2066595911694927,0.5591682656675667,-0.43572552479497495,-0.502646773142793,7.323857285671312,6.191877183269345,2.5435276446796165,2.9715332084531365
2026-07-17T21:18:26.217+00:00,95.215849,1784323106174.132,2840,0;2,2,0.29151651538192747,-0.15586970110860598,0.18228113352697461,0.56048401692616,-0.46204403114408804,-0.524455280774145,6.373305954193803,6.323452309128674,-0.08832299023169288,0.7906824453179362
2026-07-17T21:18:26.252+00:00,95.250277,1784323106207.472,2841,2,1,0.20703655772166124,-0.0935911563886559,0.12727018278248653,0.5213671760824906,-0.37207234872670125,-0.5909131938163376,10.930070879681137,2.4117682247617345,8.908845251506985,-5.855108858901314
2026-07-17T21:18:26.283+00:00,95.281736,1784323106240.811,2842,2,1,0.20208091500239408,-0.11710806986395428,0.13248538196512238,0.505063377520663,-0.3894213635011705,-0.584748799645711,8.917381598696997,0.7813883685789724,7.17394377406006,-5.2386694418386615
2026-07-17T21:18:26.317+00:00,95.31592,1784323106274.151,2843,2,1,0.18673553422765163,-0.13251374289126255,0.11553874087982124,0.4849596524793961,-0.39686006193131496,-0.6020840274131991,9.563875631618806,-1.2289841355477171,6.430073931045616,-6.97219221858747
2026-07-17T21:18:26.351+00:00,95.348664,1784323106307.489,2844,0;2,2,0.24540977077582682,-0.2258354788821985,0.16437690194788085,0.4864093167615883,-0.48887276550780245,-0.5732108775238594,5.0537952081540976,-1.0840177073284996,-2.771196426603134,-4.084877229653494
2026-07-17T21:18:26.385+00:00,95.382592,1784323106340.829,2845,0;2,2,0.24528956380165529,-0.23572584726043275,0.17498089180996745,0.4809762797691622,-0.5089590851182765,-0.5311430384346931,5.050722286378797,-1.6273214065711084,-4.779828387650537,0.12190667926312848
2026-07-17T21:18:26.417+00:00,95.41549,1784323106374.168,2846,0;2,2,0.23975914899345693,-0.23349916785759123,0.16997245873772437,0.47756253506406837,-0.5048090199119988,-0.5367778673429213,4.808578057793098,-1.9686958770804897,-4.3648218670227665,-0.44157621155969107
2026-07-17T21:18:26.451+00:00,95.449067,1784323106407.508,2847,0;2,2,0.22780216513243529,-0.22857481587771558,0.16120217793382063,0.4701320078235606,-0.4955346471675943,-0.5469223143943716,4.61402104708478,-2.711748601131264,-3.4373845925823208,-1.4560209167047145
2026-07-17T21:18:26.484+00:00,95.482481,1784323106440.847,2848,2,1,0.1706404850751094,-0.15206148816595982,0.13463096283932058,0.45790639690927054,-0.407958228761032,-0.5875156774340058,8.614121848118522,-3.934309692560273,5.320257248073911,-5.515357220668138
2026-07-17T21:18:26.518+00:00,95.515968,1784323106474.187,2849,0;2,2,0.2024027248447826,-0.20737385446209636,0.1451128521434261,0.4447071219057904,-0.4840273996348885,-0.5687510067434034,6.7880294073855385,-5.254237192908285,-2.2866598393117386,-3.6388901516078986
2026-07-17T21:18:26.552+00:00,95.550122,1784323106507.526,2850,0;2,2,0.18530149475855828,-0.20225639682955923,0.13786323531125239,0.4519841636068098,-0.4503494563457172,-0.5738648290931232,6.235632596134741,-4.526533022806345,1.0811344896053898,-4.1502723865798785
2026-07-17T21:18:26.585+00:00,95.582806,1784323106540.865,2851,0;2,2,0.17799319493050342,-0.2009679354502758,0.13240022242464877,0.42744240315657217,-0.4677396048906784,-0.5840842755491639,8.712917691118628,-6.98070906783011,-0.6578803648907283,-5.172217032183946
2026-07-17T21:18:26.617+00:00,95.616443,1784323106574.205,2852,0;2,2,0.17659823257640694,-0.21180503832410372,0.13409813661039865,0.43991021326996826,-0.4546889205107303,-0.5779253794565375,7.3523399638374904,-5.7339280564905,0.6471880731040824,-4.5563274229213135
2026-07-17T21:18:26.651+00:00,95.649362,1784323106607.545,2853,2,1,0.11057184508726406,-0.15404537273373997,0.10779212976683489,0.41310641620008953,-0.3747656683042852,-0.6137234105394398,14.54779657241273,-8.414307763478373,8.63951329374859,-8.136130531211538
2026-07-17T21:18:26.685+00:00,95.683192,1784323106640.885,2854,0;2,2,0.17072365803862727,-0.23361994397939456,0.14077576913163223,0.4191312052407904,-0.45957588776615466,-0.6016238213504369,10.441342961473984,-7.811828859408287,0.15849134756164562,-6.926171612311249
2026-07-17T21:18:26.718+00:00,95.716319,1784323106674.225,2855,0;2,2,0.17141644491628716,-0.23534285559980908,0.14267989282172727,0.39737593631131807,-0.48386513243249485,-0.6033013564484234,12.458969263562357,-9.98735575235552,-2.270433119072374,-7.093925122109901
2026-07-17T21:18:26.751+00:00,95.749534,1784323106707.564,2856,0;2,2,0.17312986211552459,-0.2249758548617909,0.1342189624519115,0.41092442602761864,-0.48559265411335367,-0.5806542491868858,10.188750627469869,-8.632506780725462,-2.443185287158256,-4.829214395956138
2026-07-17T21:18:26.784+00:00,95.781953,1784323106740.903,2857,0;2,2,0.17749530848229358,-0.21591052133802607,0.13801056363248773,0.4384154703062128,-0.45830329262501734,-0.5737219429037312,7.197391091697405,-5.883402352866046,0.2857508616753768,-4.135983767640683
2026-07-17T21:18:26.817+00:00,95.815865,1784323106774.243,2858,0;2,2,0.18211094745726192,-0.20637073860513097,0.13566018615856823,0.38870236641529354,-0.4684039118520986,-0.6363430266307679,15.048911435138757,-10.854712741957972,-0.7243110610327508,-10.39809214034435
2026-07-17T21:18:26.852+00:00,95.849462,1784323106807.583,2859,0;2,2,0.18118707911382292,-0.2091162752395676,0.13639182822001591,0.4404692936695297,-0.44376497531834536,-0.6065057195467919,9.499411263193396,-5.678020016534358,1.7395825923425756,-7.414361431946748
2026-07-17T21:18:26.885+00:00,95.882486,1784323106840.922,2860,0;2,2,0.1723547246560491,-0.2124058376359207,0.1282040331004684,0.43627699077249094,-0.45368988688830014,-0.5841631997147744,8.035430343837747,-6.097250306238234,0.747091435347097,-5.180109448744997
2026-07-17T21:18:26.918+00:00,95.915982,1784323106874.262,2861,0;2,2,0.16741270693588503,-0.22251582800428468,0.13507906592864705,0.4219321162012344,-0.44875338102501816,-0.6080848167695703,10.752013994295874,-7.531737763363888,1.2407420216752951,-7.572271154224586
2026-07-17T21:18:26.952+00:00,95.949791,1784323106907.602,2862,0;2,2,0.16462759370736801,-0.22541878942569707,0.13394995198006587,0.41811858903932486,-0.44999708103236136,-0.6092549278309067,11.090011231113388,-7.913090479554841,1.1163720209409755,-7.689282260358232
2026-07-17T21:18:26.986+00:00,95.983621,1784323106940.942,2863,0;2,2,0.1637973983100241,-0.2229347082406742,0.13569250502126504,0.41856205360558973,-0.44729834415527303,-0.6077004075577488,10.981685100358003,-7.868744022928354,1.3862457086498081,-7.533830233042438
2026-07-17T21:18:27.017+00:00,96.015672,1784323106974.281,2864,0;2,2,0.16343582620237285,-0.22065582725935592,0.1316593356982063,0.41951317658108467,-0.4454549698416765,-0.6118582704619299,11.22909099043977,-7.77363172537886,1.5705831400094628,-7.949616523460545
2026-07-17T21:18:27.052+00:00,96.049277,1784323107007.621,2865,0;2,2,0.16739395502646381,-0.227748573159598,0.13873456890149471,0.4237342622941773,-0.46350044451114364,-0.573331123534642,8.419277676959812,-7.351523154069595,-0.23396432693725266,-4.096901830731758
2026-07-17T21:18:27.085+00:00,96.083667,1784323107040.961,2866,0;2,2,0.1628329357354935,-0.22323826805293367,0.13483939306447285,0.41760386164127455,-0.4471555314476583,-0.6086013011797579,11.113950381838784,-7.964563219359872,1.4005269794112818,-7.623919595243345
2026-07-17T21:18:27.118+00:00,96.116057,1784323107074.301,2867,0;2,2,0.150580754299317,-0.21750323464038174,0.13054835011194782,0.4147684785705581,-0.4471528734091259,-0.583676968083095,9.814558100649938,-8.248101526431517,1.4007927832645206,-5.131486285577058
2026-07-17T21:18:27.152+00:00,96.150362,1784323107107.64,2868,0;2,2,0.1396652565071792,-0.20525315432276353,0.12282006162607656,0.3854090442596631,-0.44406880478153543,-0.6274050238783762,14.776189931742309,-11.184044957521017,1.709199646023568,-9.504291865105174
2026-07-17T21:18:27.184+00:00,96.182977,1784323107140.98,2869,0;2,2,0.13439191872751632,-0.2013944823688431,0.12003445622074652,0.3828404445848755,-0.4383846966059198,-0.6308035894609678,15.263979596027484,-11.440904924999778,2.2776104635851335,-9.844148423364341
2026-07-17T21:18:27.217+00:00,96.21601,1784323107174.319,2870,0;2,2,0.14496602714191487,-0.2143815972675191,0.12932718482774241,0.40663920736561254,-0.43113893957392124,-0.6157634671302881,12.67569460002651,-9.061028646926072,3.0021861667849867,-8.340136190296366
2026-07-17T21:18:27.252+00:00,96.250338,1784323107207.658,2871,0;2,2,0.14462105389976643,-0.22435726912990467,0.12951317731827885,0.401410298074907,-0.4396175429479565,-0.6151005785229806,12.84325441043942,-9.583919575996624,2.1543258293814596,-8.27384732956562
2026-07-17T21:18:27.284+00:00,96.282522,1784323107240.998,2872,0;2,2,0.13676165912635524,-0.22834311587172096,0.12920294893947112,0.3926239298302091,-0.4392520681022574,-0.6157482383922892,13.55719308532476,-10.462556400466417,2.190873313951369,-8.33861331649648
2026-07-17T21:18:27.317+00:00,96.315976,1784323107274.338,2873,0;2,2,0.1256164042316832,-0.22433779091400902,0.1230957227560665,0.38512766150836997,-0.43078716820177954,-0.6227986977575524,14.721630390951633,-11.21218323265033,3.0373633039991574,-9.043659253022795
2026-07-17T21:18:27.352+00:00,96.350271,1784323107307.677,2874,0;2,2,0.12229534908886532,-0.22629991683335837,0.1238712556082261,0.35976258860196797,-0.45328137561609155,-0.6256238008428052,16.63204086328166,-13.74869052329053,0.7879425625679559,-9.326169561548081
2026-07-17T21:18:27.386+00:00,96.383485,1784323107341.017,2875,0;2,2,0.12509702363442549,-0.22800555044913604,0.12605402495605628,0.3612960048702829,-0.4559346789391895,-0.6231475810746824,16.35624227651258,-13.595348896459036,0.5226122302581626,-9.078547584735796
2026-07-17T21:18:27.418+00:00,96.416211,1784323107374.357,2876,0;2,2,0.1297420185703988,-0.23272923205771612,0.12954631848033693,0.38434702676186533,-0.43959491578499155,-0.6156669830099574,14.195688482453392,-11.290246707300794,2.1565885456779563,-8.330487778263295
2026-07-17T21:18:27.453+00:00,96.450353,1784323107407.696,2877,0;2,2,0.1319165529343473,-0.23602622598742368,0.12933085635402156,0.36308504229618677,-0.4659190764930328,-0.6188248515493487,15.968264696450289,-13.41644515386865,-0.4758275251261712,-8.646274632202433
2026-07-17T21:18:27.485+00:00,96.482533,1784323107441.036,2878,0;2,2,0.1337466811953394,-0.23143935171964172,0.12904093783257412,0.388481496270662,-0.4404760289219031,-0.6159607944223859,13.873383846483001,-10.876799756421129,2.0684772319868037,-8.359868919506152
2026-07-17T21:18:27.516+00:00,96.515507,1784323107474.376,2879,0;2,2,0.13100728228009395,-0.22731164081838773,0.12599824141763072,0.38824387492318013,-0.4357855811528561,-0.6193876794504765,14.177297809438686,-10.900561891169314,2.537522008891502,-8.702557422315206
2026-07-17T21:18:27.550+00:00,96.549541,1784323107507.715,2880,0;2,2,0.12616141983620632,-0.22966661960586732,0.1267086587230614,0.3828456030111921,-0.4354012976276812,-0.6188937288467364,14.573786106654874,-11.44038908236812,2.5759503614089905,-8.653162361941202
2026-07-17T21:18:27.585+00:00,96.582635,1784323107541.055,2881,0;2,2,0.12598598394746818,-0.22455921219281533,0.12396023889979924,0.3903537810849829,-0.44178577378569883,-0.5922332257664706,12.404288035934833,-10.689571274989035,1.937502745607228,-5.987112053914623
2026-07-17T21:18:27.617+00:00,96.616438,1784323107574.395,2882,0;2,2,0.12561926281142144,-0.22139303448748932,0.12250535321447537,0.38660388199139856,-0.4282773433808374,-0.6235346918012208,14.709253469732346,-11.064561184347472,3.288345786093372,-9.117258657389637
2026-07-17T21:18:27.651+00:00,96.650009,1784323107607.734,2883,0;2,2,0.1263487566436773,-0.22124401936908655,0.1239795182657597,0.39231954517843115,-0.43909478191676987,-0.592362892538765,12.28710617350059,-10.492994865644212,2.2066019325001243,-6.000078731144054
2026-07-17T21:18:27.685+00:00,96.683064,1784323107641.074,2884,0;2,2,0.12497430242008938,-0.22160322339648705,0.12305469604747396,0.38592046872159463,-0.42810130167848026,-0.623020993004544,14.732995716096152,-11.132902511327863,3.3059499563290853,-9.065888777721964
2026-07-17T21:18:27.718+00:00,96.716702,1784323107674.414,2885,0;2,2,0.12789470479568388,-0.21327461412454823,0.1209273816890534,0.39264261401791206,-0.4224650707847117,-0.625358858002116,14.521830080021342,-10.46068798169612,3.869573045705943,-9.299675277479158
2026-07-17T21:18:27.751+00:00,96.749627,1784323107707.754,2886,0;2,2,0.12600008772194182,-0.21045029403087312,0.1185760057140024,0.39247185444981847,-0.4192666792929658,-0.6279735204772992,14.790204155138989,-10.477763938505479,4.189412194880532,-9.561141524997474
2026-07-17T21:18:27.785+00:00,96.783273,1784323107741.094,2887,0;2,2,0.12329069938680255,-0.2082417187621753,0.11763418335846865,0.3912399452309985,-0.41609453952052483,-0.6292086513036332,15.049334147275674,-10.600954860387478,4.506626172124628,-9.684654607630883
2026-07-17T21:18:27.818+00:00,96.816461,1784323107774.433,2888,0;2,2,0.12186584815030227,-0.21016337858689005,0.11618206903794526,0.3891040880761113,-0.41717761348688803,-0.6306566425070776,15.26164003338087,-10.814540575876197,4.398318775488308,-9.829453727975324
2026-07-17T21:18:27.851+00:00,96.849833,1784323107807.773,2889,0;2,2,0.12101997038330299,-0.21035374875220142,0.11719103501919437,0.38823979686456633,-0.4168503101439725,-0.6296997540228617,15.271264364134884,-10.900969697030693,4.431049109779861,-9.73376487955373
2026-07-17T21:18:27.884+00:00,96.882899,1784323107841.113,2890,0;2,2,0.12060913258273426,-0.20836261946187,0.11639564419408613,0.38889306735120716,-0.41498174373526453,-0.6306204751323137,15.338946433469635,-10.835642648366612,4.6179057506506584,-9.825836990498926
2026-07-17T21:18:27.917+00:00,96.915864,1784323107874.453,2891,0;2,2,0.11815059886663164,-0.21613682492023495,0.11749177429148755,0.3828818961365559,-0.4204427695103494,-0.6293062537489386,15.535788825787385,-11.436759769831738,4.071803173142169,-9.694414852161415
2026-07-17T21:18:27.952+00:00,96.950453,1784323107907.793,2892,0;2,2,0.11545631165059225,-0.21285435766762267,0.11557062653802766,0.3822272271402565,-0.41642144524691777,-0.6315700874953143,15.834757830825064,-11.50222666946168,4.473935599485335,-9.920798226798988
2026-07-17T21:18:27.985+00:00,96.98338,1784323107941.133,2893,0;2,2,0.11397032541405379,-0.21919729034653648,0.11953664875295922,0.377667343930727,-0.42089374204099916,-0.6274015975079393,15.796781863826963,-11.958214990414628,4.026705920077195,-9.503949228061492
2026-07-17T21:18:28.018+00:00,97.016417,1784323107974.473,2894,0;2,2,0.11166091195227776,-0.21807322356629044,0.11769398997567032,0.376279327775687,-0.41892906497172844,-0.6294523932559929,16.07601463493342,-12.097016605918625,4.223173627004267,-9.709028802866849
2026-07-17T21:18:28.052+00:00,97.050177,1784323108007.812,2895,0;2,2,0.11424797127474647,-0.21871982043780272,0.11843698381863615,0.3781826431263484,-0.4207003920445934,-0.6285022383318994,15.829366646652232,-11.906685070852486,4.046040919717769,-9.614013310457503
2026-07-17T21:18:28.086+00:00,97.083522,1784323108041.153,2896,0;2,2,0.11548801718810962,-0.21951810520090898,0.11927407853033875,0.3788371766025156,-0.4219362085844026,-0.62754304940623,15.690588795918698,-11.841231723235769,3.9224592657368493,-9.518094417890556
2026-07-17T21:18:28.118+00:00,97.116429,1784323108074.491,2897,0;2,2,0.11416087295214385,-0.22341069118703788,0.11970149148872647,0.3757480356762251,-0.4246328804796475,-0.6270125889021617,15.82896313400292,-12.150145815864816,3.6527920762123633,-9.46504836748373
2026-07-17T21:18:28.152+00:00,97.150626,1784323108107.831,2898,0;2,2,0.11501938950180021,-0.22339185627850958,0.11971386281627952,0.37650300607844434,-0.42503617292875295,-0.6269423510076457,15.757577849445372,-12.074648775642894,3.6124628313018157,-9.45802457803213
2026-07-17T21:18:28.185+00:00,97.182669,1784323108141.171,2899,0;2,2,0.11342696564336371,-0.22214414558590134,0.12039129672233284,0.37571112930663675,-0.4231201055531031,-0.6264392313353219,15.833248004568237,-12.153836452823652,3.8040695688668027,-9.407712610799745
2026-07-17T21:18:28.217+00:00,97.216426,1784323108174.511,2900,0;2,2,0.11228742408166136,-0.22284992585175895,0.12020730887896167,0.37437894008754213,-0.42318891752507753,-0.6266652160207997,15.947449211863434,-12.287055374733114,3.7971883716693577,-9.43031107934753
2026-07-17T21:18:28.251+00:00,97.249751,1784323108207.851,2901,0;2,2,0.11244537154849998,-0.2270959249372941,0.12225915101746454,0.3723493320366869,-0.42679415510813284,-0.6243966338804284,15.890711515878346,-12.490016179818635,3.436664613363827,-9.203452865310402
2026-07-17T21:18:28.285+00:00,97.283397,1784323108241.191,2902,0;2,2,0.11440137420212981,-0.2230728918998768,0.11973190537810435,0.37612267638185637,-0.4244550340502563,-0.6269827693858109,15.802559709492398,-12.112681745301689,3.67057671915148,-9.462066415848646
2026-07-17T21:18:28.317+00:00,97.316237,1784323108274.531,2903,0;2,2,0.11612593696286459,-0.2248051127798969,0.1218592809957357,0.3766923771333755,-0.4266391851122633,-0.62465782678363,15.57056857830527,-12.055711670149776,3.452161612950783,-9.22957215563056
2026-07-17T21:18:28.350+00:00,97.349699,1784323108307.87,2904,0;2,2,0.11560081738395633,-0.22326641356675578,0.12062299480781144,0.3822066702148289,-0.43587770757342414,-0.5966354466911553,13.418326466009557,-11.504282362004437,2.528309366834697,-6.427334146383091
2026-07-17T21:18:28.385+00:00,97.383242,1784323108341.21,2905,0;2,2,0.11516918885538127,-0.21919310314883864,0.11841973691051536,0.3787502978385158,-0.4215640115582485,-0.628432486811026,15.760546761664804,-11.849919599635744,3.959678968352259,-9.607038158370163
2026-07-17T21:18:28.417+00:00,97.416348,1784323108374.55,2906,0;2,2,0.11186148527745868,-0.22326521159541687,0.118975840320514,0.37906711771510027,-0.4341951572449938,-0.5986374353140476,13.815440405423395,-11.8182376119773,2.6965643996777313,-6.627533008672315
2026-07-17T21:18:28.453+00:00,97.450321,1784323108407.89,2907,0;2,2,0.11255174449147748,-0.22092662395532336,0.11921957401096758,0.37559221323376923,-0.4217249271655924,-0.6277278900692775,15.953154862261473,-12.165728060110403,3.943587407617871,-9.536578484195314
2026-07-17T21:18:28.484+00:00,97.482632,1784323108441.229,2908,0;2,2,0.10960142052271374,-0.2207184002610112,0.11696470257342723,0.3732096616828163,-0.4202734394391245,-0.6301873301100865,16.317913757234404,-12.403983215205699,4.088736180264663,-9.782522488276213
2026-07-17T21:18:28.517+00:00,97.516737,1784323108474.569,2909,0;2,2,0.10994525607057104,-0.22396049627106748,0.1197581321543828,0.37181109877287355,-0.42304057330427847,-0.627217540520671,16.181933240013993,-12.543839506199973,3.8120227937492643,-9.485543529334661
2026-07-17T21:18:28.552+00:00,97.549925,1784323108507.908,2910,0,1,0.14926333955299598,-0.3039016352176188,0.12963770536951708,0.36618831628206894,-0.5109518258811511,-0.6106615947868154,16.058327578376236,-13.106117755280433,-4.979102463937996,-7.829948955949096
2026-07-17T21:18:28.585+00:00,97.582922,1784323108541.248,2911,0;2,2,0.11228953351351492,-0.22119533177227838,0.11944584026006591,0.37522383765576073,-0.42181225267373457,-0.6275069181423446,15.965933879666517,-12.202565617911254,3.9348548568036543,-9.514481291502019
2026-07-17T21:18:28.618+00:00,97.616673,1784323108574.588,2912,0;2,2,0.10930778015640225,-0.22327358130079838,0.11998138707228884,0.37158826126233,-0.42211450004214557,-0.6270733107284934,16.212825619400014,-12.566123257254326,3.9046301199625546,-9.471120550116897
2026-07-17T21:18:28.652+00:00,97.64942,1784323108607.928,2913,0;2,2,0.1100493716616843,-0.2208201827214552,0.11865456615556169,0.37348973586871254,-0.4204503219494125,-0.6284677575334467,16.189538974671738,-12.375975796616073,4.07104792923586,-9.610565230612234
2026-07-17T21:18:28.685+00:00,97.683246,1784323108641.268,2914,0;2,2,0.11032212904734105,-0.22159819123919716,0.11878718143323641,0.37333823277937683,-0.4212492311071845,-0.6282778322098801,16.169960027644958,-12.391126105549644,3.991157013458663,-9.591572698255568
2026-07-17T21:18:28.718+00:00,97.715961,1784323108674.608,2915,0;2,2,0.10839548526920342,-0.2210381008840998,0.11941781415588804,0.3719182164298257,-0.4197701202227732,-0.627809708675744,16.288450686067165,-12.533127740504757,4.13906810189979,-9.544760344841963
2026-07-17T21:18:28.752+00:00,97.749848,1784323108707.948,2916,0;2,2,0.10919369749445225,-0.22041760258386361,0.11748118012259448,0.37298572317522805,-0.4197724749885538,-0.6297157873938568,16.3193804048983,-12.426377065964523,4.138832625321731,-9.735368216653239
2026-07-17T21:18:28.785+00:00,97.782632,1784323108741.289,2917,0;2,2,0.11030628928535723,-0.21545857043635586,0.11633360584058167,0.3764397974789967,-0.4161004874960297,-0.6310320949660958,16.236126842172983,-12.080969635587657,4.506031374574143,-9.86699897387714
2026-07-17T21:18:28.818+00:00,97.816451,1784323108774.629,2918,0;2,2,0.11034891729588736,-0.22382571075206203,0.12042420204171772,0.3722051637407118,-0.42306968159769354,-0.6265329792566858,16.11060874079279,-12.50443300941615,3.809111964407758,-9.417087402936142
2026-07-17T21:18:28.851+00:00,97.849831,1784323108807.969,2919,0;2,2,0.11254888934292326,-0.2185318394126374,0.1178459509969399,0.37681942440501515,-0.4197505509977085,-0.629217061930175,15.999716586885969,-12.043006942985812,4.141025024406258,-9.68549567028506
2026-07-17T21:18:28.885+00:00,97.883073,1784323108841.309,2920,0;2,2,0.11262891131821295,-0.21934092756426687,0.11998006550680554,0.3764152050109141,-0.42032691362300717,-0.6270445323675574,15.884927995688042,-12.08342888239592,4.083388761876394,-9.468242714023301
2026-07-17T21:18:28.918+00:00,97.91629,1784323108874.649,2921,0;2,2,0.11228946331829652,-0.21813373934333993,0.11752335067275882,0.3768016761939004,-0.41930277650216935,-0.6295762826126765,16.034452686102156,-12.044781764097284,4.185802473960177,-9.721417738535209
2026-07-17T21:18:28.952+00:00,97.950143,1784323108907.989,2922,0;2,2,0.11244830246712614,-0.21946638652350522,0.11890883952855544,0.37623373521171705,-0.42043038309651104,-0.6281179602338132,15.960252054854722,-12.101575862315622,4.073041814526007,-9.575585500648875
2026-07-17T21:18:28.984+00:00,97.982892,1784323108941.328,2923,0;2,2,0.11080683753320916,-0.22394616931564348,0.11976097877828451,0.37256684082968905,-0.4234500197709601,-0.6271563562403106,16.11018839885601,-12.468265300518421,3.771078147081103,-9.479425101298622
2026-07-17T21:18:29.017+00:00,98.015937,1784323108974.668,2924,0;2,2,0.10850084330147793,-0.22353551343053024,0.11795691954999851,0.3708284076850298,-0.4221034920257552,-0.6291326129505745,16.392771453148868,-12.642108614984348,3.905730921601591,-9.677050772325014
2026-07-17T21:18:29.051+00:00,98.050378,1784323109008.008,2925,0;2,2,0.11403184000594731,-0.22312412441907192,0.12008682455959102,0.37576385373602794,-0.42429097241171365,-0.6266518947779034,15.814142228295655,-12.148564009884533,3.6869828830057463,-9.428978955057898
2026-07-17T21:18:29.085+00:00,98.083248,1784323109041.348,2926,0;2,2,0.11600143103666434,-0.22157246947648476,0.11987613834540664,0.37824859739925965,-0.42392491949311395,-0.6268047501304368,15.64197475332798,-11.900089643561362,3.723588174865716,-9.444264490311237
2026-07-17T21:18:29.117+00:00,98.116103,1784323109074.688,2927,0;2,2,0.11974860564946475,-0.22359249420920066,0.1238346746434612,0.3803701296910271,-0.42720798861343473,-0.6225021480097661,15.145562571547194,-11.687936414384614,3.395281262833638,-9.014004278244169
2026-07-17T21:18:29.152+00:00,98.150113,1784323109108.029,2928,0;2,2,0.11723855637573342,-0.2278257169494286,0.12448279209865376,0.38112925677071274,-0.4402543735750967,-0.592386747308159,13.23780413458026,-11.612023706416053,2.0906427666674388,-6.002464208083458
2026-07-17T21:18:29.184+00:00,98.1832,1784323109141.369,2929,0;2,2,0.11882438074492994,-0.2312619473745504,0.12790662972327949,0.3756401690534127,-0.4330991328719697,-0.6181229456402173,15.14305347472073,-12.160932478146059,2.8061668369801396,-8.576084041289288
2026-07-17T21:18:29.219+00:00,98.216961,1784323109174.709,2930,0;2,2,0.11926408275696607,-0.22440357727217652,0.12374876737063856,0.3795518080518778,-0.4276815435491349,-0.6225802098166854,15.202931404837537,-11.769768578299544,3.347925769263621,-9.021810458936097
2026-07-17T21:18:29.251+00:00,98.24984,1784323109208.049,2931,0;2,2,0.11983981156095694,-0.22752489303965426,0.1250375074217406,0.3784669105475666,-0.4305740190553247,-0.6210998350173202,15.139101038439955,-11.878258328730668,3.0586782186446393,-8.873772978999583
2026-07-17T21:18:29.286+00:00,98.284053,1784323109241.389,2932,0;2,2,0.12229288208581311,-0.22694551402506216,0.12740856871742548,0.3808019108201414,-0.4310889999659002,-0.6185982884758422,14.798997304959643,-11.644758301473185,3.0071801275870893,-8.623618324851778
2026-07-17T21:18:29.319+00:00,98.316742,1784323109274.729,2933,0;2,2,0.12303485262675003,-0.22659612875953386,0.12742605988766043,0.38161853013472935,-0.43114777535978366,-0.6185475475994363,14.73065917251956,-11.563096370014392,3.0013025881987456,-8.61854423721119
2026-07-17T21:18:29.351+00:00,98.349886,1784323109308.069,2934,0;2,2,0.1251060733411959,-0.22510638724215634,0.128025522301962,0.38413275955242226,-0.43082249009759055,-0.6178831078684479,14.50160356324458,-11.3116734282451,3.0338311144180565,-8.552100264112351
2026-07-17T21:18:29.385+00:00,98.383468,1784323109341.409,2935,0;2,2,0.12849483363464426,-0.22730137104743425,0.1322103686282221,0.38584856903477904,-0.43406434578304065,-0.6133707959841399,14.038088161454384,-11.140092480009422,2.7096455458730464,-8.10086907568155
2026-07-17T21:18:29.418+00:00,98.416319,1784323109374.749,2936,0;2,2,0.12794724415429487,-0.2359824545080089,0.134342878071636,0.3810144422340437,-0.4411687250763736,-0.6108473709811778,14.166935896835124,-11.623505160082958,1.9992076165397499,-7.848526575385339
2026-07-17T21:18:29.451+00:00,98.449462,1784323109408.088,2937,0;2,2,0.12910147470649183,-0.24353123447447322,0.13968491225100263,0.3781060021305991,-0.44787494115856913,-0.6050662553149055,14.020548895672519,-11.914349170427418,1.3285860083201984,-7.270415008758113
2026-07-17T21:18:29.484+00:00,98.483497,1784323109441.428,2938,0;2,2,0.13109590416022593,-0.24437018651171127,0.13932666659707704,0.3794378111676317,-0.44960829261965535,-0.6052443191138459,13.901392063153802,-11.781168266724157,1.1552508622115765,-7.28822138865215
2026-07-17T21:18:29.518+00:00,98.5166,1784323109474.768,2939,0;2,2,0.13089802414858254,-0.24854804410208065,0.14198807541325942,0.3771113083185665,-0.45293279535251685,-0.6023961945548147,13.930419005900376,-12.013818551630678,0.8228005889254264,-7.003408932749034
2026-07-17T21:18:29.552+00:00,98.550347,1784323109508.108,2940,0;2,2,0.13409999287624375,-0.24619869670277159,0.14123912579889109,0.3810794936006732,-0.4525195757344408,-0.6030409561964561,13.625578779266336,-11.617000023420005,0.8641225507330319,-7.067885096913173
2026-07-17T21:18:29.584+00:00,98.583085,1784323109541.448,2941,0;2,2,0.1354596193032191,-0.2554834866524489,0.14694281660184008,0.377480275158508,-0.46080579649914255,-0.5967981868389989,13.600294255706624,-11.976921867636525,0.035500474262856185,-6.443608161167447
2026-07-17T21:18:29.618+00:00,98.616208,1784323109574.789,2942,0;2,2,0.14039472477729648,-0.24746305603043306,0.14483972338638001,0.38580041157631684,-0.4564223313448024,-0.5989583113042762,12.991691844052795,-11.144908225855643,0.4738469896968689,-6.6596206076951825
2026-07-17T21:18:29.652+00:00,98.649873,1784323109608.13,2943,0;2,2,0.14419720193730112,-0.23827944879951835,0.14254713064401248,0.3937168177101853,-0.4504886486972636,-0.601443342484839,12.492048353453407,-10.353267612468798,1.0672152544507485,-6.908123725751459
2026-07-17T21:18:29.686+00:00,98.683098,1784323109641.471,2944,0;2,2,0.14617130413375076,-0.22758395559559183,0.1415546469314671,0.4007449103003434,-0.44224565889451395,-0.602834281711715,12.098448211087714,-9.650458353452985,1.8915142347257163,-7.047217648439064
2026-07-17T21:18:29.718+00:00,98.716533,1784323109674.812,2945,0;2,2,0.14906636688080088,-0.22795427681815475,0.144218461127795,0.4029851695513851,-0.4437791332594052,-0.5999630229198019,11.729351766972007,-9.426432428348818,1.73816679823659,-6.760091769247745
2026-07-17T21:18:29.752+00:00,98.749714,1784323109708.153,2946,0;2,2,0.143908735825297,-0.24134283014387287,0.14682226717943272,0.3918051994799415,-0.4526759972849324,-0.5970495363610981,12.399578564161848,-10.544429435493175,0.8484803956838705,-6.468743113377373
2026-07-17T21:18:29.784+00:00,98.783085,1784323109741.494,2947,0;2,2,0.13867807993868456,-0.24448758699669032,0.14360390908425166,0.3858199595070598,-0.4530934358056733,-0.6004568421948521,13.08377495536731,-11.142953432781349,0.8067365436097818,-6.809473696752766
2026-07-17T21:18:29.818+00:00,98.817061,1784323109774.835,2948,0;2,2,0.13240779242664075,-0.24641298274078233,0.14486628873539503,0.3793764790645753,-0.45159550731202275,-0.5995321656817346,13.600499799805334,-11.7873014770298,0.9565293929748364,-6.717006045441021
2026-07-17T21:18:29.852+00:00,98.850505,1784323109808.176,2949,0;2,2,0.12967579154999948,-0.2476211804227717,0.14730663281717257,0.376320787795317,-0.4511170204395508,-0.5972272468445409,13.759402630283773,-12.092870603955625,1.0043780802220292,-6.4865141617216455
2026-07-17T21:18:29.884+00:00,98.88312,1784323109841.516,2950,0;2,2,0.1296289315996671,-0.24031602394982415,0.14369384586437312,0.38001101335975,-0.4450308613563504,-0.6011972140248953,13.690620317573842,-11.723848047512325,1.6129939885420719,-6.883510879757093
2026-07-17T21:18:29.918+00:00,98.916994,1784323109874.857,2951,0;2,2,0.1318024461552762,-0.23971792727998253,0.14430174839344964,0.38217385577520113,-0.44552926670226123,-0.6004725517367422,13.463201799948187,-11.507563805967214,1.5631534539509884,-6.811044650941778
2026-07-17T21:18:29.952+00:00,98.950474,1784323109908.198,2952,0;2,2,0.13476076435599985,-0.24040648063265893,0.14616037890995423,0.38434016485682615,-0.447432455580341,-0.5983832368369919,13.151339803949107,-11.290932897804712,1.3728345661430108,-6.602113160966749
2026-07-17T21:18:29.985+00:00,98.983763,1784323109941.539,2953,0;2,2,0.13473836123959818,-0.23629666495752957,0.14261009176741898,0.39100584933148125,-0.45444306732571565,-0.5721943474322098,11.366374736651398,-10.624364450339202,0.6717733916055457,-3.983224220488535
2026-07-17T21:18:30.017+00:00,99.016207,1784323109974.88,2954,0;2,2,0.13116145611845745,-0.23218069944836106,0.13786070783873539,0.385561005923707,-0.4391696977451336,-0.6073129297666144,13.629216068432548,-11.168848791116625,2.1991103496637523,-7.495082453929003
2026-07-17T21:18:30.053+00:00,99.050257,1784323110008.221,2955,0;2,2,0.12516420608593598,-0.23098106902327226,0.13723992384953462,0.38096264186657613,-0.4352379663518196,-0.6084028977108871,14.133940508915616,-11.628685196829714,2.5922834889951507,-7.604079248356266
2026-07-17T21:18:30.086+00:00,99.084371,1784323110041.562,2956,0;2,2,0.1227907703490052,-0.2336273309665411,0.13869709993990328,0.3775432641546588,-0.4362600328571097,-0.6069807522365837,14.323956217432126,-11.970622968021448,2.490076838466143,-7.461864700925924
2026-07-17T21:18:30.119+00:00,99.117282,1784323110074.903,2957,0;2,2,0.12297035611958085,-0.23551058496106791,0.13964260480679971,0.376737011535184,-0.43791000090616716,-0.6059317344765344,14.309559201507657,-12.051248229968925,2.325080033560395,-7.356962924920996
2026-07-17T21:18:30.152+00:00,99.150368,1784323110108.244,2958,0;2,2,0.12664480312315995,-0.24113138747057533,0.14234273590449764,0.3770624287858696,-0.4443815704365365,-0.6027070513906632,14.02671901844184,-12.018706504900367,1.6779230805234635,-7.034494616333875
2026-07-17T21:18:30.186+00:00,99.184035,1784323110141.585,2959,0;2,2,0.12527614317052688,-0.24559399673215712,0.14084987678492053,0.37372296720281334,-0.447701676149709,-0.6040641196376767,14.346124807949758,-12.352652663205992,1.3459125092062096,-7.170201441035228
2026-07-17T21:18:30.218+00:00,99.216812,1784323110174.926,2960,0;2,2,0.12253442154442482,-0.2435137947783585,0.14119006313846952,0.37235485119942713,-0.4445258135313977,-0.6040176478219633,14.494796086765824,-12.489464263544614,1.6634987710373417,-7.165554259463891
2026-07-17T21:18:30.252+00:00,99.250369,1784323110208.267,2961,0;2,2,0.11883451342289447,-0.24354732726736153,0.14054725681492294,0.3691452805325432,-0.44279208026550804,-0.6049100992784595,14.836209359858811,-12.810421330233007,1.8368720976263075,-7.25479940511351
2026-07-17T21:18:30.285+00:00,99.283401,1784323110241.608,2962,0;2,2,0.11322201499504442,-0.23836643373194233,0.13440928435093527,0.3670385172654964,-0.436019416065766,-0.6116709476402254,15.452145531476665,-13.021097656937686,2.5141385176005118,-7.930884241290103
2026-07-17T21:18:30.318+00:00,99.317237,1784323110274.948,2963,0;2,2,0.11454126331648037,-0.23984126386500298,0.13728147577797192,0.3673569809410486,-0.4377237782873692,-0.6086446043098241,15.244795379771135,-12.989251289382464,2.343702295440192,-7.628249908249973
2026-07-17T21:18:30.352+00:00,99.35017,1784323110308.289,2964,0;2,2,0.11752342930143402,-0.24513939335832607,0.1409866133017412,0.3672048981249052,-0.4434981185301108,-0.6044822252139265,14.974938711334918,-13.004459570996808,1.7662682711660327,-7.212011998660206
2026-07-17T21:18:30.386+00:00,99.383736,1784323110341.63,2965,0;2,2,0.12223578639229925,-0.24151847866824672,0.13896988248001355,0.37315744401468326,-0.4428189976743693,-0.6063505207059058,14.563496905521301,-12.409204982019,1.8341803567401838,-7.398841547858137
2026-07-17T21:18:30.419+00:00,99.417614,1784323110374.971,2966,0;2,2,0.12586496130270203,-0.24040289392657083,0.14013135973701904,0.3893492221972517,-0.44335315793136687,-0.5784916803188666,11.86908525450438,-10.790027163762156,1.7807643310404242,-4.612957509154214
2026-07-17T21:18:30.452+00:00,99.450229,1784323110408.312,2967,0;2,2,0.1249279169357557,-0.23972863296142394,0.14135571672821248,0.3762970063947492,-0.442398887856405,-0.6038786842672135,14.1760836232727,-12.095248744012405,1.8761913385366091,-7.151657903988906
2026-07-17T21:18:30.486+00:00,99.4837,1784323110441.653,2968,0;2,2,0.12093299772248287,-0.24035114570213145,0.1383186732453192,0.3726240040646314,-0.441217586577524,-0.6071473408599696,14.670404214010995,-12.462548977024184,1.9943214664247089,-7.478523563264517
2026-07-17T21:18:30.519+00:00,99.51637,1784323110474.994,2969,0;2,2,0.1192377903172831,-0.23899227268048928,0.13973941356163563,0.3717717042912422,-0.4390970361061134,-0.6059162365278845,14.71111675981714,-12.547778954363109,2.206376513565772,-7.35541313005601
2026-07-17T21:18:30.551+00:00,99.550057,1784323110508.335,2970,0;2,2,0.11955229255497277,-0.23788045878437544,0.13829962997642953,0.3726439333336563,-0.43839729019655305,-0.6073851104942122,14.72181186614055,-12.460556050121696,2.2763511045218063,-7.502300526688776
2026-07-17T21:18:30.585+00:00,99.583277,1784323110541.676,2971,0;2,2,0.11984619452826184,-0.23496023361850263,0.1375675087689399,0.38706775745350563,-0.4358646165986439,-0.5818290601042356,12.339729176244813,-11.018173638136764,2.5296184643127217,-4.946695487691121
2026-07-17T21:18:30.619+00:00,99.616928,1784323110575.017,2972,0;2,2,0.12142263223401323,-0.23624093702883853,0.1387945873627801,0.37506114321463624,-0.437851631247695,-0.6068460950779215,14.498681035587538,-12.218835062023704,2.330916999407612,-7.448398985059712
2026-07-17T21:18:30.653+00:00,99.65099,1784323110608.358,2973,0;2,2,0.12436325519606584,-0.23929426272047122,0.14023203588480726,0.3760598546730788,-0.4418321583918989,-0.605058835019999,14.263709053795584,-12.118963916179448,1.9328642849872235,-7.269672979267461
2026-07-17T21:18:30.685+00:00,99.683462,1784323110641.699,2974,0;2,2,0.12460811513641391,-0.23332001548330256,0.1379303619212712,0.3919707653790577,-0.4367784247313119,-0.5810395451910244,11.852258903260072,-10.527872845581559,2.438237651045921,-4.86774399637
2026-07-17T21:18:30.718+00:00,99.71754,1784323110675.04,2975,0;2,2,0.12395296711378555,-0.23827133731231898,0.13995901760333815,0.3762175935026634,-0.44076408560221314,-0.6054103896540111,14.283136477885058,-12.103190033220985,2.039671563955797,-7.304828442668665
2026-07-17T21:18:30.752+00:00,99.749921,1784323110708.381,2976,0;2,2,0.12027729860005035,-0.2405193526515844,0.14093486020468468,0.37187981337485154,-0.44083965799333075,-0.6045771231015196,14.6101041913266,-12.536968046002173,2.0321143248440365,-7.221501787419515
2026-07-17T21:18:30.784+00:00,99.782694,1784323110741.72,2977,0;2,2,0.11984917590829804,-0.24075603763734754,0.14013962889488824,0.3714187157983344,-0.44089705584337796,-0.60538693553011,14.68898564217497,-12.583077803653886,2.026374539839315,-7.3024830302785615
2026-07-17T21:18:30.818+00:00,99.816398,1784323110775.062,2978,0;2,2,0.11908418211962327,-0.23755434304836553,0.13614139436982295,0.3724733918451463,-0.43805203619530775,-0.6095840136439443,14.854734527829246,-12.4776101989727,2.3108765046463366,-7.722190841661991
2026-07-17T21:18:30.852+00:00,99.850711,1784323110808.402,2979,0;2,2,0.11909294807794937,-0.2378121402252565,0.13686208157772436,0.372328635165165,-0.43822432963568797,-0.6088523807086046,14.826349821758562,-12.492085866970825,2.293647160608314,-7.649027548128018
2026-07-17T21:18:30.884+00:00,99.883743,1784323110841.743,2980,0;2,2,0.12339796937192146,-0.23783822447096697,0.13901704528963932,0.37598187583790343,-0.4401891008720857,-0.6064087637368245,14.362644264715808,-12.126761799696983,2.097170036968543,-7.40466585095001
2026-07-17T21:18:30.917+00:00,99.916518,1784323110875.084,2981,0;2,2,0.12482531385223591,-0.24056763017333876,0.14384201695538712,0.37570701857985755,-0.4428844560198431,-0.6013662610403403,14.095450189779031,-12.154247525501571,1.8276345221928003,-6.900415581301589
2026-07-17T21:18:30.953+00:00,99.950346,1784323110908.425,2982,0;2,2,0.12375838571017721,-0.2430280990052781,0.14222963850723233,0.37362193428776974,-0.44462316009482855,-0.6029223260864915,14.330391418929256,-12.362755954710353,1.653764114694256,-7.056022085916713
2026-07-17T21:18:30.986+00:00,99.983306,1784323110941.766,2983,0;2,2,0.12352108692898188,-0.23646688213495742,0.13841235373336608,0.37678668999457754,-0.43910552269681613,-0.6070717283851378,14.345469742446081,-12.046280384029572,2.2055278544954984,-7.470962315781337
2026-07-17T21:18:31.019+00:00,100.016851,1784323110975.107,2984,0;2,2,0.12241123773455598,-0.23849357869913027,0.13923992049582223,0.3747931668217246,-0.44025746177374003,-0.6062214151097657,14.45257737664028,-12.245632701314868,2.090333946803108,-7.385930988244127
2026-07-17T21:18:31.051+00:00,100.050343,1784323111008.448,2985,0;2,2,0.12315620821439463,-0.23418079266784084,0.1381173522834476,0.3776079830454732,-0.43696457607053246,-0.6075055401547216,14.333905339856052,-11.964151078940006,2.419622517123865,-7.514343492739717
2026-07-17T21:18:31.085+00:00,100.083918,1784323111041.789,2986,0;2,2,0.1195966199498628,-0.23668673237794566,0.1362662848309691,0.373342506577896,-0.43754005257208783,-0.6094680361312782,14.783844506549155,-12.390698725697725,2.362074866968328,-7.710593090395379
2026-07-17T21:18:31.119+00:00,100.117853,1784323111075.13,2987,0;2,2,0.1186880569538463,-0.2376381224637066,0.13946966232491947,0.371971588545248,-0.4376727853605754,-0.606290738075322,14.734884865028857,-12.527790528962528,2.34880158811957,-7.3928632847997555
2026-07-17T21:18:31.152+00:00,100.150535,1784323111108.471,2988,0;2,2,0.12203538322179518,-0.23935114569050872,0.14012676620919626,0.37401238477218995,-0.44074923392046694,-0.6053204586038108,14.466146155091927,-12.323710906268332,2.0411567321304167,-7.295835337648637
2026-07-17T21:18:31.185+00:00,100.183384,1784323111141.812,2989,0;2,2,0.11790707158331946,-0.24036187468978132,0.13840037269971625,0.36998612605781367,-0.4397381047195047,-0.6072728476910036,14.921969052609622,-12.72633677770596,2.1422696522266413,-7.491074246367924
2026-07-17T21:18:31.220+00:00,100.217763,1784323111175.152,2990,0;2,2,0.11595917072037631,-0.2394914169553543,0.13514674725120496,0.3688364041975946,-0.4382800973481506,-0.6106919772801958,15.214801036056468,-12.841308963727865,2.2880703893620513,-7.832987205287134
2026-07-17T21:18:31.253+00:00,100.250696,1784323111208.493,2991,0;2,2,0.11216374068523588,-0.24234439179417416,0.13647480909748175,0.36408372177326187,-0.4387949958868572,-0.6094855809446583,15.550364177298592,-13.31657720616114,2.236580535491389,-7.712347571733391
2026-07-17T21:18:31.286+00:00,100.284224,1784323111241.834,2992,0;2,2,0.11203941513965046,-0.24128382250727684,0.1379459128354102,0.36444766308945675,-0.43769917307645256,-0.6080816118040056,15.466162394633642,-13.280183074541652,2.346162816531855,-7.571950657668114
2026-07-17T21:18:31.319+00:00,100.317515,1784323111275.175,2993,0;2,2,0.10925411912159375,-0.23925334282208155,0.13322060796619453,0.3760915193197133,-0.4346692829693204,-0.5870837502557285,13.555631214963912,-12.115797451515997,2.6491518272450723,-5.472164502840404
2026-07-17T21:18:31.353+00:00,100.351079,1784323111308.516,2994,0;2,2,0.10934334122084188,-0.2382898946280536,0.1346166593719723,0.36369822045065614,-0.4340366391497975,-0.6117340806009607,15.77072391060432,-13.355127338421713,2.71241620919736,-7.937197537363627
2026-07-17T21:18:31.386+00:00,100.384047,1784323111341.857,2995,0;2,2,0.11375628279526065,-0.23609629844623103,0.13550325819948672,0.3685848614074769,-0.43422519396422654,-0.6106583658292077,15.300463718895958,-12.866463242739634,2.6935607277544573,-7.829626060188333
2026-07-17T21:18:31.418+00:00,100.416943,1784323111375.198,2996,0;2,2,0.11811948633561804,-0.2374118116084705,0.13673142050527604,0.3844099218136947,-0.43719476794913914,-0.582755022578962,12.588322320672942,-11.283957202117856,2.396603329263197,-5.039291735163753
2026-07-17T21:18:31.453+00:00,100.450797,1784323111408.539,2997,0;2,2,0.1231473142898309,-0.24060941184782175,0.1398733412478866,0.3869201969160284,-0.44220472172105274,-0.579016807858724,12.127880271105397,-11.032929691884485,1.8956079520718372,-4.665470263139959
2026-07-17T21:18:31.486+00:00,100.483722,1784323111441.88,2998,0;2,2,0.12662768757940185,-0.2372955905808529,0.13983239888376944,0.3915851524988425,-0.44106765259868197,-0.578813463021868,11.71597895752941,-10.566434133603074,2.009314864308914,-4.645135779454357
2026-07-17T21:18:31.518+00:00,100.517755,1784323111475.221,2999,0;2,2,0.11764157125433211,-0.2301967819935571,0.1334364674815753,0.37494477982794094,-0.4311662093458293,-0.6127477282790141,14.939868474899624,-12.230471400693233,2.999459189594184,-8.038562305168973
2026-07-17T21:18:31.553+00:00,100.55097,1784323111508.562,3000,0;2,2,0.10896113694221038,-0.22718252815781048,0.12542002362628216,0.369168207033825,-0.42491739713570287,-0.6214817188237363,16.01895935989036,-12.808128680104824,3.624340410606824,-8.911961359641186
2026-07-17T21:18:31.620+00:00,100.617881,1784323111575.244,3002,0;2,2,0.08910353455415511,-0.2454973388515945,0.12486594206837143,0.341251405188584,-0.4463942667020337,-0.5999065369357616,17.063324546648147,-15.599808864628928,1.476653453973742,-6.754443170843716
2026-07-17T21:18:31.654+00:00,100.651111,1784323111608.583,3003,0;2,2,0.08404183084263575,-0.2506851003408758,0.12758450126918172,0.3370854890342033,-0.4458486007834224,-0.59266142199075,17.182252331636157,-16.016400480066995,1.531220045834869,-6.029931676342559
2026-07-17T21:18:31.686+00:00,100.683955,1784323111641.924,3004,0,1,0.1491461667422342,-0.3045308789032223,0.13589105853771727,0.3660307945701933,-0.5236618706786412,-0.5749355755734287,15.145042454472556,-13.121869926468,-6.250106943687012,-4.257347034610426
2026-07-17T21:18:31.751+00:00,100.750168,1784323111708.605,3006,0,1,0.11956904206427411,-0.29301101813387465,0.12056575205423398,0.3460728321262442,-0.4876505002278221,-0.6222836729461811,17.78819145915453,-15.11766617086291,-2.648969898605097,-8.992156771885673
2026-07-17T21:18:31.785+00:00,100.783652,1784323111741.946,3007,0;2,2,0.08067480961241996,-0.22387840222652017,0.11853258324919738,0.36019293005730074,-0.4083633297534732,-0.6050875133428186,16.389343994083053,-13.705656377757252,5.279747148829789,-7.272540811549422
2026-07-17T21:18:31.819+00:00,100.817476,1784323111775.287,3008,0,1,0.13654819581602548,-0.3111371930843471,0.13556905890882043,0.3513604544674157,-0.5105454903328865,-0.605259878565968,17.040112875775783,-14.588903936745757,-4.938468909111543,-7.289777333864356
2026-07-17T21:18:31.852+00:00,100.850931,1784323111808.628,3009,0;2,2,0.09055075016464537,-0.2307825328156916,0.12098947653305966,0.35154657835907366,-0.41936703899573297,-0.6269775217449496,17.868445702866847,-14.570291547579961,4.179376224603814,-9.461541651762516
2026-07-17T21:18:31.886+00:00,100.884702,1784323111841.969,3010,0;2,2,0.08852212601794314,-0.23502978719612777,0.12335677473561926,0.34760506084344966,-0.4218776712893372,-0.6245444677708463,18.009499878755594,-14.96444329914236,3.9283129952433935,-9.218236254352185
2026-07-17T21:18:31.919+00:00,100.917261,1784323111875.309,3011,0;2,2,0.09296798187597191,-0.24113611103845883,0.13168715314245447,0.3612108819354779,-0.4283439549892578,-0.5901968553326279,15.142096171012225,-13.603861189939536,3.28168462525133,-5.783475010530347
2026-07-17T21:18:31.953+00:00,100.950902,1784323111908.65,3012,0;2,2,0.09737460304780798,-0.24130957194112684,0.13345553211102001,0.3647984783977159,-0.43053907153485493,-0.5879863852494382,14.68843842910337,-13.245101543715737,3.062172970691618,-5.562428002211384
2026-07-17T21:18:31.986+00:00,100.984614,1784323111941.991,3013,0;2,2,0.11172478049560679,-0.258139986520633,0.1458575985398268,0.3555801287228355,-0.4515683650792409,-0.5993732033193023,15.701181837770292,-14.166936511203776,0.9592436162530193,-6.701109809197792
2026-07-17T21:18:32.018+00:00,101.017085,1784323111975.332,3014,0;2,2,0.1150391597452488,-0.2579915995968054,0.1463732919674579,0.33726679596524656,-0.47455188036838736,-0.6010298661899327,17.46111279771065,-15.998269786962672,-1.3391079126616245,-6.866776096260829
2026-07-17T21:18:32.053+00:00,101.050873,1784323112008.672,3015,0;2,2,0.11986206954436432,-0.2621925504073808,0.15046538159064604,0.3604913150556863,-0.45871681663506747,-0.5940206057330234,15.003513991185248,-13.675817877918695,0.2443984606703642,-6.165850050569899
2026-07-17T21:18:32.087+00:00,101.08446,1784323112042.013,3016,0;2,2,0.11649126986273604,-0.26129531534120043,0.1470383027967615,0.3581242688964492,-0.4565518911573335,-0.5977114566475201,15.377778772428012,-13.912522493842406,0.46089100844375896,-6.534935142019571
2026-07-17T21:18:32.119+00:00,101.117397,1784323112075.353,3017,0;2,2,0.10970387496314096,-0.26979742792138495,0.14714064616082353,0.34802653176337034,-0.4606011815543635,-0.5976476280872207,16.288033975491878,-14.922296207150293,0.05596196874075865,-6.5285522859896306
2026-07-17T21:18:32.153+00:00,101.150681,1784323112108.694,3018,0;2,2,0.1037312058334093,-0.2801136321529676,0.15071623768419795,0.3376203969669255,-0.46635566408359946,-0.593976117438736,17.1186219268988,-15.962909686794779,-0.5194862841828352,-6.16140122114116
2026-07-17T21:18:32.187+00:00,101.184306,1784323112142.034,3019,0;2,2,0.10160981483433076,-0.28102560467364146,0.1520818706984817,0.33527906423360554,-0.46600239721622794,-0.5927150422104329,17.291714235230167,-16.197042960126772,-0.4841595974456825,-6.03529369831085
2026-07-17T21:18:32.219+00:00,101.216752,1784323112175.375,3020,0;2,2,0.09973848213127048,-0.28128205741854356,0.15213304196771443,0.3335244153934955,-0.46530430710914567,-0.5927794646056063,17.456611144707537,-16.37250784413778,-0.4143505867374553,-6.041735937828186
2026-07-17T21:18:32.253+00:00,101.251095,1784323112208.716,3021,0;2,2,0.101739390407263,-0.28190039572004577,0.15300864605972075,0.3349276410693107,-0.4667536520057332,-0.5917387841630848,17.293135593741606,-16.232185276556255,-0.5592850763962098,-5.937667893576037
2026-07-17T21:18:32.286+00:00,101.284141,1784323112242.057,3022,0;2,2,0.10328612341907309,-0.28500516312775104,0.15446132164952345,0.33468905323420256,-0.4700947699192827,-0.590029328996174,17.27171715314419,-16.256044060067072,-0.8933968677511561,-5.7667223768849585
2026-07-17T21:18:32.322+00:00,101.32003,1784323112275.397,3023,0;2,2,0.10831306779262168,-0.28794883094830326,0.15629410922070405,0.33754122605955295,-0.4749715762285145,-0.5877106374146674,16.95904723645206,-15.970826777532032,-1.381077498674338,-5.534853218734304
2026-07-17T21:18:32.354+00:00,101.35126,1784323112308.738,3024,0;2,2,0.10977825928735373,-0.28746332229009924,0.15614903240739844,0.33905922004299544,-0.4752790735670976,-0.5877791334596757,16.82097956538399,-15.819027379187784,-1.4118272325326475,-5.541702823235129
2026-07-17T21:18:32.386+00:00,101.383635,1784323112342.079,3025,0;2,2,0.10643243611677232,-0.2874500982971949,0.15629151969890906,0.3361530277682987,-0.4736173576885552,-0.5878672072498907,17.08451156111477,-16.109646606657456,-1.2456556446784062,-5.550510202256631
2026-07-17T21:18:32.420+00:00,101.417267,1784323112375.42,3026,0;2,2,0.1052677325909861,-0.28547438243534584,0.15514772137161817,0.33615569702944165,-0.47141984007161225,-0.5891859836833792,17.112981157498645,-16.109379680543164,-1.0259038829841138,-5.682387845605474
2026-07-17T21:18:32.453+00:00,101.451514,1784323112408.76,3027,0;2,2,0.10785154879338846,-0.28504680232491253,0.1564226733747204,0.33856768633121126,-0.4722156294994775,-0.5877599891800601,16.843708263585366,-15.8681807503662,-1.1054828257706373,-5.53978839527357
2026-07-17T21:18:32.486+00:00,101.48426,1784323112442.101,3028,0;2,2,0.10804170862305691,-0.2875092730263899,0.1582021213488317,0.33745568601401377,-0.47430909338004096,-0.5858502190147388,16.902046302320453,-15.97938078208595,-1.3148292138269846,-5.348811378741436
2026-07-17T21:18:32.519+00:00,101.517887,1784323112475.442,3029,0;2,2,0.11016579177219779,-0.28795683011918394,0.15986493446258157,0.3390227484190219,-0.4756094868416757,-0.584025314554012,16.707350082640474,-15.822674541585135,-1.4448685599904587,-5.166320932668755
2026-07-17T21:18:32.553+00:00,101.551413,1784323112508.782,3030,0;2,2,0.10313889378172929,-0.2808633540964819,0.15300964457925825,0.33665560800299754,-0.46653874263549333,-0.5916939482415945,17.12880206426761,-16.059388583187573,-0.5377941393722219,-5.9331843014270085
2026-07-17T21:18:32.585+00:00,101.584461,1784323112542.123,3031,0;2,2,0.0987396554926287,-0.27816076762603326,0.15070909478591213,0.33424632048388825,-0.46221504739651886,-0.5944235624335527,17.442124419922756,-16.3003173350985,-0.10542461547477511,-6.206145720622825
2026-07-17T21:18:32.619+00:00,101.616812,1784323112575.463,3032,0;2,2,0.09178135138367793,-0.27071525862203516,0.1428612647167641,0.3321471607485518,-0.45294915115324763,-0.6030941294513409,17.980331153388097,-16.51023330863215,0.8211650088523481,-7.073202422401648
2026-07-17T21:18:32.653+00:00,101.651142,1784323112608.803,3033,0;2,2,0.09114398269436208,-0.2676669183476297,0.14157744890296217,0.3331423065632962,-0.45008946105158787,-0.6045701571097255,17.9632252795668,-16.410718727157708,1.1071340190183243,-7.220805188240109
2026-07-17T21:18:32.685+00:00,101.684747,1784323112642.143,3034,0;2,2,0.08787804012563749,-0.2666876216567977,0.13945636056568408,0.33086128547979937,-0.4478034429385996,-0.6069566781360631,18.283272466352386,-16.63882083550739,1.335735830317153,-7.459457290873872
2026-07-17T21:18:32.719+00:00,101.717796,1784323112675.483,3035,0;2,2,0.08060315362053563,-0.2630608085943839,0.1337218261464649,0.32652883177361897,-0.4415345056511898,-0.6133514339427646,18.997370159845676,-17.07206620612543,1.9626295590581322,-8.098932871544019
2026-07-17T21:18:32.752+00:00,101.750778,1784323112708.823,3036,0;2,2,0.07971358501976435,-0.25942815017258625,0.13276679789665463,0.3275816584401956,-0.4380184053440057,-0.6145465126442888,18.993952110575076,-16.966783539467766,2.31423958977654,-8.218440741696442
2026-07-17T21:18:32.785+00:00,101.78396,1784323112742.163,3037,0;2,2,0.07409149306916327,-0.25419532923996135,0.12980452015837482,0.3253813065994272,-0.4309498480528642,-0.618146425394803,19.444877233548468,-17.186818723544604,3.0210953188906933,-8.578432016747861
2026-07-17T21:18:32.819+00:00,101.817182,1784323112775.503,3038,0,1,0.11624911273508404,-0.33019838762291376,0.14032094062079742,0.32414732684319586,-0.5167834026882386,-0.6009591315002205,19.43290663343277,-17.31021669916774,-5.562260144646753,-6.85970262728961
2026-07-17T21:18:32.853+00:00,101.851533,1784323112808.843,3039,0;2,2,0.07222835933907687,-0.24985845036619733,0.12542766280322334,0.32605501491650907,-0.4266104699711107,-0.6228530782326829,19.669746108808607,-17.11944789183642,3.455033127066043,-9.049097300535847
2026-07-17T21:18:32.885+00:00,101.884078,1784323112842.183,3040,0;2,2,0.07099569295807376,-0.24929716985126546,0.12419234660434197,0.32530384564867243,-0.42561492377694765,-0.624196633531456,19.814740958124926,-17.194564818620083,3.554587746482346,-9.183452830413163
2026-07-17T21:18:32.918+00:00,101.917223,1784323112875.523,3041,0;2,2,0.07351803565077564,-0.24954655914797894,0.12654799537402067,0.34058849714413836,-0.42638023530756486,-0.5970018563366302,17.30047776054497,-15.66609966907349,3.478056593420625,-6.463975110930575
2026-07-17T21:18:32.953+00:00,101.950731,1784323112908.864,3042,0;2,2,0.07321242364987945,-0.24969052558886354,0.12517791222199393,0.32700181645649423,-0.42696612739411793,-0.6230428973381592,19.589934514982037,-17.024767737837905,3.419467384765318,-9.068079211083479
2026-07-17T21:18:32.986+00:00,101.98443,1784323112942.203,3043,0,1,0.11892640624215524,-0.3268554092589356,0.13708308856128026,0.3282367500106001,-0.5154432285404318,-0.6041696832029344,19.148947162485744,-16.901274382427317,-5.428242729866067,-7.180757797560999
2026-07-17T21:18:33.019+00:00,102.016972,1784323112975.543,3044,0;2,2,0.07226752421369043,-0.24750899243857918,0.1239825028189303,0.32729887496366167,-0.4247015819366668,-0.6244083699983357,19.668503345537157,-16.99506188712116,3.645921930510432,-9.20462647710113
2026-07-17T21:18:33.052+00:00,102.051103,1784323113008.883,3045,0;2,2,0.07240895167947471,-0.2528746702767092,0.1281201309526583,0.3246295689121659,-0.4291093199319965,-0.6200064252086241,19.623063664845105,-17.26199249227074,3.2051481309774585,-8.764431998129973
2026-07-17T21:18:33.086+00:00,102.084421,1784323113042.223,3046,0;2,2,0.07320983570409548,-0.24872217803691155,0.1251748945473694,0.3274775150394026,-0.4261242625223163,-0.6230947353651307,19.565912705849822,-16.977197879547067,3.5036538719454837,-9.07326301378063
2026-07-17T21:18:33.120+00:00,102.117881,1784323113075.563,3047,0;2,2,0.07279901320829946,-0.2524424839733499,0.12693288729127092,0.33849002707878606,-0.4284978127300062,-0.596597128156569,17.434900995967087,-15.87594667560872,3.266298851176491,-6.4235022929244545
2026-07-17T21:18:33.153+00:00,102.151167,1784323113108.903,3048,0,1,0.117919805526417,-0.3284984750925414,0.1387407240866974,0.3264932828737604,-0.5162483118899888,-0.6025045018276367,19.26454598791497,-17.075621096111288,-5.508751064821765,-7.01423966003123
2026-07-17T21:18:33.185+00:00,102.183869,1784323113142.243,3049,0;2,2,0.07203862126350684,-0.24902157816886586,0.12535197589013516,0.3396608797921765,-0.42528721599924874,-0.5983581636039961,17.45753851930667,-15.758861404269675,3.5873585242522377,-6.599605837667166
2026-07-17T21:18:33.218+00:00,102.217684,1784323113175.583,3050,0;2,2,0.07276431371561959,-0.25422159845306436,0.1291624418457799,0.3242373538990521,-0.43037220266474746,-0.6188758482436544,19.58718103714898,-17.301213993582117,3.078859857702365,-8.651374301632996
2026-07-17T21:18:33.253+00:00,102.251138,1784323113208.923,3051,0,1,0.12145137294200026,-0.3334108911232737,0.14392262843011971,0.32695744181497377,-0.5218424513925671,-0.5968524144258736,19.19391716838859,-17.02920520198995,-6.068165015079602,-6.4490309198549145
2026-07-17T21:18:33.287+00:00,102.284867,1784323113242.263,3052,0;2,2,0.0833023275204742,-0.2605960759593076,0.13570741220056062,0.3300215202317006,-0.44056284962732284,-0.6113118235415348,18.60713002803703,-16.722797360317266,2.0597951614448275,-7.894971831421039
2026-07-17T21:18:33.320+00:00,102.318182,1784323113275.603,3053,0;2,2,0.08562309879440466,-0.26816340309199205,0.14182080732148292,0.32809079826470716,-0.44779690661247834,-0.6046812314589851,18.445409723173363,-16.91586955701661,1.3363894629292772,-7.23191262316607
2026-07-17T21:18:33.352+00:00,102.351131,1784323113308.943,3054,0;2,2,0.08908478764637712,-0.27077773306963165,0.14400698827237302,0.32973283714819096,-0.4515935047980209,-0.6021342825759974,18.17182438851451,-16.75166566866823,0.9567296443750206,-6.977217734867303
2026-07-17T21:18:33.386+00:00,102.384524,1784323113342.283,3055,0;2,2,0.08513528339213601,-0.2722356599863327,0.14356582756452868,0.32559642669015204,-0.4509586855062944,-0.6027713622478857,18.581259941095947,-17.165306714472123,1.0202115735476691,-7.040925702056134
2026-07-17T21:18:33.419+00:00,102.417669,1784323113375.623,3056,0;2,2,0.08884789089993927,-0.2698592274925098,0.1453652504678268,0.32993278333258536,-0.45057463176242185,-0.600843326335085,18.109838829200527,-16.73167105022879,1.0586169479349261,-6.848122110776056
2026-07-17T21:18:33.453+00:00,102.450792,1784323113408.962,3057,0;2,2,0.0892292718643867,-0.2704437216956982,0.14567811508860481,0.32996488006833236,-0.45124475794535446,-0.6004760799831073,18.089218743414154,-16.728461376654092,0.9916043296416654,-6.811397475578285
2026-07-17T21:18:33.486+00:00,102.48466,1784323113442.302,3058,0;2,2,0.08565156522094382,-0.2723484401892027,0.1441612574433016,0.3259686685903171,-0.45126340845057,-0.6021370256365779,18.52123618947644,-17.128082524455618,0.989739279120111,-6.977492040925348
2026-07-17T21:18:33.520+00:00,102.517617,1784323113475.642,3059,0;2,2,0.08981730674581262,-0.2713300035406842,0.14657948121442843,0.3300071054231458,-0.4522325686080775,-0.5994931310844717,18.043365665045265,-16.724238841172745,0.8928232633693634,-6.713102585714726
2026-07-17T21:18:33.552+00:00,102.550983,1784323113508.982,3060,0;2,2,0.08353276935345154,-0.2709286481905736,0.14284810637691886,0.32487375376122585,-0.4490943016415683,-0.6036620201083037,18.692959648106623,-17.237574007364742,1.2066499600202785,-7.1299914880979305
2026-07-17T21:18:33.586+00:00,102.584401,1784323113542.322,3061,0;2,2,0.08259500986947038,-0.2677677962650558,0.14092782402443058,0.32568558157770794,-0.4460390716445661,-0.605798458106451,18.723178314373584,-17.156391225716533,1.5121729597205036,-7.343635287912664
2026-07-17T21:18:33.620+00:00,102.617537,1784323113575.663,3062,0;2,2,0.08309746764073271,-0.26422179942248514,0.13939427329718113,0.3279256060351202,-0.44332503788985744,-0.6074701777183977,18.609114967481165,-16.932388779975305,1.783576335191367,-7.510807249107332
2026-07-17T21:18:33.654+00:00,102.651873,1784323113609.003,3063,0;2,2,0.07877826246697665,-0.26614936126817057,0.13986103693512178,0.32320445504802886,-0.44284652473067454,-0.607204367994682,19.03377328502609,-17.40450387868444,1.8314276511096572,-7.484226276735761
2026-07-17T21:18:33.686+00:00,102.684238,1784323113642.344,3064,0;2,2,0.0785090850266957,-0.26283378589948636,0.1358159634420847,0.32474785961832386,-0.44014916165649626,-0.6114198455313682,19.091471684347262,-17.25016342165494,2.1011639585274855,-7.905774030404378
2026-07-17T21:18:33.719+00:00,102.718236,1784323113675.684,3065,0;2,2,0.07877826246697665,-0.26614936126817057,0.13986103693512178,0.32320445504802886,-0.44284652473067454,-0.607204367994682,19.03377328502609,-17.40450387868444,1.8314276511096572,-7.484226276735761
2026-07-17T21:18:33.753+00:00,102.750774,1784323113709.024,3066,0;2,2,0.08175785559203379,-0.26684315191063807,0.14120590015068626,0.32540460658515824,-0.44480449918823933,-0.6056252394526589,18.752514691969452,-17.1844887249715,1.635630205353178,-7.326313422533448
2026-07-17T21:18:33.788+00:00,102.785798,1784323113742.365,3067,0;2,2,0.08190895437077546,-0.2665047371602556,0.141561139750052,0.32569051342352334,-0.44455714544312236,-0.6052779298476608,18.714935913789716,-17.155898041134993,1.6603655798648753,-7.291582462033642
2026-07-17T21:18:33.819+00:00,102.817662,1784323113775.706,3068,0;2,2,0.08270273162749743,-0.26708680815400476,0.14170006837021817,0.3260882785026642,-0.4454406887199751,-0.6050558389736952,18.662170960980134,-17.116121533220905,1.5720112521796004,-7.2693733746370786
2026-07-17T21:18:33.853+00:00,102.85182,1784323113809.046,3069,0;2,2,0.08278442308694364,-0.2643090083304074,0.1378946988488295,0.32766287096769997,-0.44336360644907535,-0.6089814052204684,18.69408460701444,-16.95866228671733,1.7797194792695759,-7.661929999314399
2026-07-17T21:18:33.886+00:00,102.884421,1784323113842.385,3070,0;2,2,0.08186330728986356,-0.26423947042757157,0.13844814446684445,0.3268773514620058,-0.44280906126964453,-0.6084966056393989,18.750977417116513,-17.037214237286747,1.835173997212658,-7.613450041207448
2026-07-17T21:18:33.920+00:00,102.917791,1784323113875.726,3071,0;2,2,0.07817929068863455,-0.26243860695563764,0.1371453363616956,0.32460983865223897,-0.4395414273246813,-0.6101377487107934,19.058042551482952,-17.26396551826343,2.161937391708979,-7.7775643483469
2026-07-17T21:18:33.952+00:00,102.950271,1784323113909.066,3072,0;2,2,0.07365933445353412,-0.2656058332313537,0.1374693342097775,0.31910747933642214,-0.4400520450522466,-0.6099656651546033,19.545452010844343,-17.814201449845115,2.110875618952451,-7.760355992727885
2026-07-17T21:18:33.986+00:00,102.984111,1784323113942.407,3073,0;2,2,0.07706069093407794,-0.2624547484635621,0.13634364516808944,0.32365772582126473,-0.4390695449121871,-0.6110124160046547,19.185410319740495,-17.359176801360853,2.2091256329584033,-7.865031077733031
2026-07-17T21:18:34.020+00:00,103.01756,1784323113975.747,3074,0;2,2,0.07308982533360417,-0.2645941650684831,0.13538923182806809,0.3191843815094236,-0.4390557830798683,-0.6121281144987554,19.636301151312352,-17.80651123254497,2.21050181619028,-7.976600927143096
2026-07-17T21:18:34.053+00:00,103.050934,1784323114009.088,3075,0;2,2,0.07534942189615333,-0.2652318022982507,0.138405262317716,0.3207281709819637,-0.4404827480041563,-0.6089360488750437,19.352242286929663,-17.652132285290957,2.067805323761479,-7.65739436477193
2026-07-17T21:18:34.085+00:00,103.083975,1784323114042.428,3076,0;2,2,0.076234633317562,-0.26202225207300467,0.13540229766124112,0.3018601129410084,-0.4595880313245748,-0.6138692651534,21.171419624228108,-19.538938089386487,0.15727699171962928,-8.15071599260756
2026-07-17T21:18:34.119+00:00,103.117978,1784323114075.769,3077,0;2,2,0.07897514500699121,-0.26405717630793396,0.13974020544313445,0.324412190673423,-0.44113566982695346,-0.6074163846200356,18.94911188089377,-17.28373031614503,2.0025131414817654,-7.505427939271114
2026-07-17T21:18:34.153+00:00,103.150751,1784323114109.109,3078,0;2,2,0.07928621743731964,-0.26594781184724003,0.14012486256896398,0.3237361474897828,-0.4428999290021744,-0.6069167997119854,18.97333478451359,-17.351334634509048,1.8260872239596715,-7.455469448466101
2026-07-17T21:18:34.186+00:00,103.184568,1784323114142.45,3079,0;2,2,0.07663719211713081,-0.2663160984758132,0.1388138475646579,0.3212980052736859,-0.4420235015288537,-0.6083861764327068,19.262611964591073,-17.595148856118737,1.9137299712917388,-7.602407120538235
2026-07-17T21:18:34.219+00:00,103.217944,1784323114175.79,3080,0;2,2,0.07617686604942292,-0.2658054847120386,0.13766009148261413,0.32119020148452343,-0.44144401567109803,-0.6095929713966189,19.326208305150118,-17.605929235034985,1.9716785570673079,-7.723086616929454
2026-07-17T21:18:34.253+00:00,103.251201,1784323114209.131,3081,0;2,2,0.07803666859042752,-0.2651686551692394,0.13789304791117252,0.3231126112284924,-0.4417841512074344,-0.6092653517254601,19.13458067802236,-17.41368826063809,1.9376650034336695,-7.690324649813574
2026-07-17T21:18:34.287+00:00,103.284946,1784323114242.471,3082,0;2,2,0.07707017652250642,-0.2626104943879831,0.1355523430412605,0.3236167421043533,-0.4392707514089725,-0.6117923788921598,19.21891649642753,-17.363275173051996,2.189004983279863,-7.943027366483535
2026-07-17T21:18:34.319+00:00,103.31836,1784323114275.812,3083,0;2,2,0.07619968102591845,-0.26581683222751173,0.13855934157596278,0.32117303348214105,-0.44139535814591535,-0.6086948412698641,19.292557949339646,-17.607646035273223,1.9765443095855761,-7.633273604253965
2026-07-17T21:18:34.354+00:00,103.35136,1784323114309.151,3084,0;2,2,0.07683898278316513,-0.2617430355102529,0.13565124372599113,0.323840424000553,-0.43839659251467117,-0.6117532709398961,19.20725693402786,-17.340906983432024,2.2764208727099944,-7.939116571257165
2026-07-17T21:18:34.386+00:00,103.384385,1784323114342.492,3085,0;2,2,0.07100547356609771,-0.2626195988312907,0.13456430165645694,0.3232156065675964,-0.446615362801391,-0.5849506237434423,18.238672094344533,-17.403388726727687,1.4545438440380087,-5.25885185161179
2026-07-17T21:18:34.420+00:00,103.41864,1784323114375.832,3086,0;2,2,0.07077435932766007,-0.26254361360485234,0.1370629631716086,0.31812551960881175,-0.43601115385586003,-0.610722210837839,19.712485651856642,-17.91239742260615,2.514964738591108,-7.836010561051454
2026-07-17T21:18:34.453+00:00,103.450602,1784323114409.173,3087,0,1,0.11539937632852018,-0.3384043631213729,0.14745478864999106,0.3191104464098218,-0.5229396264476087,-0.5934970528307048,19.821106245562138,-17.813904742505148,-6.17788252058376,-6.113494760338034
2026-07-17T21:18:34.487+00:00,103.484914,1784323114442.513,3088,0;2,2,0.0725632356506909,-0.2624747285740368,0.13417266239854092,0.31981507549725924,-0.43705173589595714,-0.6134828723750444,19.658280368661636,-17.743441833761402,2.4109065345813976,-8.112076714771998
2026-07-17T21:18:34.519+00:00,103.51749,1784323114475.854,3089,0;2,2,0.07435350617483483,-0.265043043725656,0.13843863129297657,0.3199546339984262,-0.4398283394777113,-0.6089805620958111,19.43165695000008,-17.729485983644704,2.1332461764059785,-7.661845686848667
2026-07-17T21:18:34.552+00:00,103.550717,1784323114509.194,3090,0;2,2,0.0727253192614443,-0.2635361353900252,0.13642713258480618,0.31935346149233673,-0.4378780673214562,-0.6111721192007844,19.595944050878987,-17.789603234253654,2.3282733920314937,-7.881001397345999
2026-07-17T21:18:34.585+00:00,103.584576,1784323114542.534,3091,0;2,2,0.07683321199517432,-0.2673175169640455,0.13918509764428913,0.32096123631284823,-0.4429603123374146,-0.6079525157603285,19.267256603122693,-17.628825752202502,1.8200488904356493,-7.559041053300408
2026-07-17T21:18:34.619+00:00,103.617501,1784323114575.875,3092,0;2,2,0.08102376592216706,-0.2667239390179811,0.1411768834359841,0.32482647386361335,-0.4443435871123869,-0.6057104682126242,18.812894211074052,-17.242301997125992,1.6817214129384195,-7.334836298529979
2026-07-17T21:18:34.651+00:00,103.650632,1784323114609.216,3093,0;2,2,0.08077086224659608,-0.26904998015529297,0.14192667786073576,0.3234326936613486,-0.4461813147916929,-0.604863855523456,18.892635822688614,-17.38168001735247,1.4979486450078239,-7.2501750296131595
2026-07-17T21:18:34.687+00:00,103.684968,1784323114642.556,3094,0;2,2,0.0833501266143618,-0.2699757025676296,0.14379919015966133,0.3251520612451665,-0.4481036587062483,-0.6027747796610126,18.640268237358118,-17.20974325897068,1.3057142535522814,-7.041267443368815
2026-07-17T21:18:34.720+00:00,103.718432,1784323114675.897,3095,0;2,2,0.08115487732810486,-0.2696109756058277,0.1401294647427997,0.2934011356231419,-0.44644732836800505,-0.6279886406118736,22.56436874793484,-20.384835821173137,1.4713472873766065,-9.562653538454924
2026-07-17T21:18:34.752+00:00,103.75155,1784323114709.238,3096,0;2,2,0.07941109128705554,-0.2677006287103605,0.1406471308119709,0.3229614890515182,-0.4444426311126885,-0.6062997915646474,19.005943092818125,-17.428800478335503,1.671817012908261,-7.3937686337323
2026-07-17T21:18:34.786+00:00,103.784467,1784323114742.577,3097,0;2,2,0.07956678961569988,-0.26270189729556304,0.13780269643686616,0.32566279301661516,-0.4403988692434686,-0.6093744153585932,18.921931621732302,-17.15867008182581,2.076193199830251,-7.701231013126875
2026-07-17T21:18:34.819+00:00,103.81793,1784323114775.918,3098,0;2,2,0.08204709486964301,-0.2678429502281334,0.14213612535252781,0.32513013507456046,-0.4457422550347371,-0.6046283170265148,18.731046579143715,-17.21193587603128,1.5418546207034034,-7.226621179919035
2026-07-17T21:18:34.853+00:00,103.851391,1784323114809.259,3099,0;2,2,0.08236289726715935,-0.2696070418158375,0.1433032222422799,0.324493329238109,-0.4473383155339784,-0.6033551577106484,18.72852557416799,-17.275616459676428,1.3822485707792709,-7.099305248332399
2026-07-17T21:18:34.886+00:00,103.884839,1784323114842.6,3100,0;2,2,0.08400129950653609,-0.26853884675913453,0.14011378930835186,0.32655567806387165,-0.44746064259339896,-0.6064743945449707,18.659234849628135,-17.069381577100163,1.3700158648372152,-7.411228931764624
2026-07-17T21:18:34.919+00:00,103.917768,1784323114875.94,3101,0;2,2,0.08115703280710533,-0.2702990058188056,0.14194631280232733,0.3231512698655379,-0.44745353435878893,-0.6047550604817581,18.90471388970185,-17.40982239693354,1.3707266882982183,-7.239295525443367
2026-07-17T21:18:34.952+00:00,103.950798,1784323114909.281,3102,0;2,2,0.0793149986910618,-0.2665998247142929,0.1398987816959672,0.3234473103355345,-0.44349770256934623,-0.6071073293979162,19.001587454779056,-17.38021834993388,1.7663098672424882,-7.474522417059182
2026-07-17T21:18:34.986+00:00,103.984449,1784323114942.622,3103,0;2,2,0.07245206653696304,-0.2671883018317056,0.13821967387837863,0.31725119853214717,-0.4407765115171855,-0.609221298155995,19.67796765855403,-17.99982953027261,2.0384289724585614,-7.6859192928670605
2026-07-17T21:18:35.019+00:00,104.01734,1784323114975.962,3104,0;2,2,0.07490234691194905,-0.26565463579229237,0.1381013628939768,0.3201415912355612,-0.440654420023242,-0.6092482539100883,19.416282005851464,-17.71079025993121,2.05063812185291,-7.688614868276389
2026-07-17T21:18:35.053+00:00,104.05121,1784323115009.303,3105,0;2,2,0.07753711764444166,-0.26565971486438156,0.13709931471734824,0.3224638612914047,-0.44202731612493384,-0.6100657875422708,19.223415368149013,-17.478563254346856,1.9133485116837268,-7.77036823149464
2026-07-17T21:18:35.086+00:00,104.084536,1784323115042.644,3106,0;2,2,0.08153836672906538,-0.26977442427428944,0.14209401765856117,0.3237363783421167,-0.44717340945565753,-0.6046081040571942,18.84726312330426,-17.351311549275657,1.3987391786113579,-7.224599882986982
2026-07-17T21:18:35.120+00:00,104.118353,1784323115075.984,3107,0;2,2,0.07900338090578073,-0.2684156995586953,0.1399445876164551,0.32227882999602103,-0.4449182361224021,-0.606991815771873,19.09139801633937,-17.497066383885223,1.6242565119369001,-7.462971054454859
2026-07-17T21:18:35.152+00:00,104.150627,1784323115109.325,3108,0;2,2,0.07800334728233663,-0.26781128234871604,0.1385084601317382,0.3217581314519145,-0.44401476757253416,-0.608521674317511,19.20715614181768,-17.549136238295876,1.7146033669236949,-7.615956909018662
2026-07-17T21:18:35.186+00:00,104.184162,1784323115142.666,3109,0;2,2,0.07794571431276967,-0.26547486564142064,0.14065568283988686,0.32744668931706467,-0.4519125131661392,-0.5780613166896784,17.60878791476686,-16.98028045178086,0.9248288075631939,-4.569921146235401
2026-07-17T21:18:35.219+00:00,104.217515,1784323115176.006,3110,0;2,2,0.07384633988997241,-0.2654779175560439,0.13959340710621418,0.31925896167883705,-0.43986798476447186,-0.6078428853655001,19.450285792499947,-17.79905321560362,2.1292816477299246,-7.548078013817571
2026-07-17T21:18:35.254+00:00,104.251267,1784323115209.346,3111,0;2,2,0.07357140525039234,-0.26029722848464704,0.1350012886492318,0.3217368242100384,-0.43559068845261534,-0.6126975340418244,19.471083428945644,-17.551266962483485,2.5570112789155774,-8.033542881449996
2026-07-17T21:18:35.286+00:00,104.284276,1784323115242.687,3112,0;2,2,0.07723629731420555,-0.2614728601588623,0.13747112514149026,0.3242554990893311,-0.43821561459386266,-0.609926311283415,19.097018057654893,-17.299399474554217,2.2945186647908455,-7.75642060560906
2026-07-17T21:18:35.319+00:00,104.318142,1784323115276.028,3113,0;2,2,0.07365108934736594,-0.26432772693777973,0.13764020484956738,0.3197250444220754,-0.4389249647599169,-0.6098601955636516,19.497516910915174,-17.752444941279787,2.223583648185423,-7.749809033632715
2026-07-17T21:18:35.353+00:00,104.351134,1784323115309.368,3114,0;2,2,0.07571485052750909,-0.2652512345702619,0.13741294497697507,0.32107080920406367,-0.4407555533602435,-0.609898745966029,19.356454664114448,-17.61786846308096,2.0405247881527586,-7.753664073870459
2026-07-17T21:18:35.386+00:00,104.384822,1784323115342.709,3115,0;2,2,0.07433677778624267,-0.2658474799902787,0.13775905163089952,0.3195668641768069,-0.44057131277803047,-0.6096184110594285,19.484245099112172,-17.768262965806635,2.0589488463740646,-7.725630583210408
2026-07-17T21:18:35.419+00:00,104.418391,1784323115376.05,3116,0;2,2,0.07376875306506794,-0.26189764637812163,0.13453835116046395,0.3211347507134707,-0.43711291630637855,-0.6130648548528,19.521177554567682,-17.611474312140256,2.404788493539256,-8.070274962547563
2026-07-17T21:18:35.453+00:00,104.451383,1784323115409.391,3117,0;2,2,0.07328988742502712,-0.2633257480391221,0.1377931851379484,0.3199002328962111,-0.43786611532255904,-0.6097828755906406,19.490864124305457,-17.734926093866214,2.3294685919212075,-7.742077036331619
2026-07-17T21:18:35.484+00:00,104.485518,1784323115442.731,3118,0;2,2,0.07504788266579199,-0.2599814649374994,0.13516604278098793,0.32317004636438496,-0.4360270965951321,-0.6124480179316064,19.32591797420574,-17.40794474704883,2.5133704646639,-8.0085912704282
2026-07-17T21:18:35.520+00:00,104.518241,1784323115476.072,3119,0;2,2,0.07336511873174563,-0.26569927691715456,0.13784607366000887,0.31879252204203556,-0.43995984517347203,-0.6096057647353332,19.560918754973862,-17.84569717928377,2.120095606829908,-7.724365950800882
2026-07-17T21:18:35.553+00:00,104.55123,1784323115509.413,3120,0;2,2,0.07641640060240038,-0.2683106821788217,0.1391372534027455,0.32011058100380074,-0.443622195556198,-0.6079788615819894,19.340033859838275,-17.71389128310725,1.7538605685573139,-7.561675635466503
2026-07-17T21:18:35.586+00:00,104.584652,1784323115542.753,3121,0;2,2,0.07303182476912574,-0.26699758504718374,0.1396086989329704,0.3178006623921237,-0.44078730143456873,-0.6078071354545335,19.57266338200985,-17.94488314427496,2.0373499807202378,-7.544503022720905
2026-07-17T21:18:35.619+00:00,104.618322,1784323115576.094,3122,0;2,2,0.07571485052750909,-0.2652512345702619,0.13741294497697507,0.32107080920406367,-0.4407555533602435,-0.609898745966029,19.356454664114448,-17.61786846308096,2.0405247881527586,-7.753664073870459
2026-07-17T21:18:35.652+00:00,104.65145,1784323115609.435,3123,0;2,2,0.07596270420193495,-0.26365347728088206,0.1362438930935592,0.3268917599041755,-0.4497876470205116,-0.5827400633846017,17.801417026472734,-17.035773393069775,1.1373154221259507,-5.03779581572773
2026-07-17T21:18:35.687+00:00,104.685143,1784323115642.775,3124,0;2,2,0.07596270420193495,-0.26365347728088206,0.1362438930935592,0.32211545835487404,-0.4395802222471825,-0.6111268530591576,19.323958516376393,-17.51340354799992,2.1580578994588597,-7.876474783183318
2026-07-17T21:18:35.719+00:00,104.717884,1784323115676.115,3125,0;2,2,0.07432170825120882,-0.2657876690327227,0.13897465440704665,0.319540840934045,-0.44041779076156023,-0.6084112456473157,19.440707178039784,-17.770865290082828,2.0743010480210877,-7.604914041999134
2026-07-17T21:18:35.754+00:00,104.751191,1784323115709.456,3126,0;2,2,0.07615440438534528,-0.2618381690149939,0.1366565564835737,0.3231634358589898,-0.43806590089519704,-0.6107937492798818,19.23300621129934,-17.408605797588343,2.309490034657408,-7.8431644052557425
2026-07-17T21:18:35.787+00:00,104.784718,1784323115742.797,3127,0;2,2,0.07289269344807295,-0.26248780061195687,0.13524248289434862,0.32005759428332103,-0.4371415882198051,-0.6123936798254979,19.59054486060685,-17.719189955155223,2.4019213021966026,-8.003157459817345
2026-07-17T21:18:35.820+00:00,104.818005,1784323115776.138,3128,0;2,2,0.07080730290341647,-0.26326219177649324,0.13586933754751762,0.31784123296211464,-0.43674374715453373,-0.6118731539987626,19.775116555009458,-17.940826087275862,2.4417054087237378,-7.9511048771438215
2026-07-17T21:18:35.854+00:00,104.852022,1784323115809.479,3129,0;2,2,0.0699304450141776,-0.2622201795813488,0.1344356157149492,0.3176434346565145,-0.43552046828047936,-0.6134141575978913,19.870882809132343,-17.960605917835874,2.5640332961291756,-8.10520523705669
2026-07-17T21:18:35.886+00:00,104.884272,1784323115842.82,3130,0;2,2,0.07117322318378289,-0.26216012607984973,0.13183908803890879,0.31884378016514814,-0.436278407339285,-0.6159191045069841,19.856863882532775,-17.84057136697251,2.4882393902486086,-8.355699927965965
2026-07-17T21:18:35.919+00:00,104.918189,1784323115876.16,3131,0;2,2,0.07773456979297699,-0.2596209183289884,0.13676662423163716,0.3256269899511035,-0.4369062559339296,-0.610687151773961,19.020352184951122,-17.162250388376975,2.4254545307841493,-7.832504654663664
2026-07-17T21:18:35.953+00:00,104.952312,1784323115909.501,3132,0;2,2,0.07397739568995494,-0.2608574880298279,0.1339254192274152,0.3218507529723356,-0.43635944937698007,-0.6137135266038414,19.493044685339544,-17.539874086253764,2.4801351864791044,-8.135142137651696
2026-07-17T21:18:35.988+00:00,104.985788,1784323115942.842,3133,0;2,2,0.07317336772035876,-0.26254225792343555,0.13516538770132805,0.32027733799767716,-0.43733235729022635,-0.6124485175538892,19.57058305778274,-17.69721558371961,2.3828443951544767,-8.008641232656476
2026-07-17T21:18:36.019+00:00,105.017828,1784323115976.183,3134,0;2,2,0.07365287053949082,-0.2622791803332206,0.13685027178373377,0.32554457526783676,-0.4474030146866627,-0.5824394956677978,17.938673525190257,-17.170491856703652,1.3757786555108398,-5.0077390440473435
2026-07-17T21:18:36.053+00:00,105.051494,1784323116009.523,3135,0;2,2,0.07386055144791183,-0.260933226145016,0.13612664415715126,0.3216349807307233,-0.43619738325881174,-0.611524472711546,19.424291460927616,-17.561451310415,2.496341798295937,-7.916236748422156
2026-07-17T21:18:36.087+00:00,105.084978,1784323116042.864,3136,0;2,2,0.07522000799010649,-0.25742986653634115,0.1340883449469728,0.32461637697860196,-0.433979350274803,-0.6136382182977054,19.273513137985525,-17.26331168562713,2.7181450966968113,-8.127611307038096
2026-07-17T21:18:36.120+00:00,105.118413,1784323116076.204,3137,0;2,2,0.07375961333352882,-0.2603215562830018,0.13640502277297903,0.32183937513755445,-0.4355952360615835,-0.611284754426661,19.403889409350754,-17.541011869731882,2.55655651801876,-7.892264919933655
2026-07-17T21:18:36.152+00:00,105.151532,1784323116109.545,3138,0;2,2,0.07674770110396066,-0.25748056095834904,0.13449551562616957,0.3259048123869578,-0.4347402647819977,-0.6131252393042046,19.1258276770523,-17.134468144791548,2.6420536459773434,-8.07631340768802
2026-07-17T21:18:36.186+00:00,105.185033,1784323116142.886,3139,0;2,2,0.07670894676692307,-0.2550112124418865,0.13380203716440134,0.32711387284936744,-0.43263084730907053,-0.6139429355158128,19.082850853602785,-17.013562098550583,2.8529953932700582,-8.15808302884884
2026-07-17T21:18:36.220+00:00,105.218326,1784323116176.227,3140,0;2,2,0.08090169633979251,-0.2516335155184931,0.13379390942932043,0.332424698772955,-0.43175269044208325,-0.6138332994200733,18.619775920027248,-16.482479506191826,2.940811079968786,-8.147119419274883
2026-07-17T21:18:36.253+00:00,105.251426,1784323116209.567,3141,0;2,2,0.08448828639594956,-0.24850062438771914,0.13299963998437833,0.3371153766103181,-0.43085105434826615,-0.6145362167692493,18.252178188846564,-16.013411722455515,3.0309746893504963,-8.217411154192488
2026-07-17T21:18:36.286+00:00,105.284329,1784323116242.908,3142,0;2,2,0.08485459137543414,-0.2533805611048281,0.1358792841111143,0.33492511958296095,-0.43504467707114064,-0.6113966921858238,18.242181983981876,-16.232437425191232,2.6116124170630473,-7.903458695849941
2026-07-17T21:18:36.321+00:00,105.318599,1784323116276.249,3143,0;2,2,0.08733564633527974,-0.2499557803863393,0.13503193118756784,0.3388009034752829,-0.43335207704830503,-0.6122429593087019,17.961133532430477,-15.844859035959036,2.7808724193466086,-7.988085408137746
2026-07-17T21:18:36.353+00:00,105.352084,1784323116309.59,3144,0;2,2,0.08660072292103022,-0.253272108572019,0.13836149148192772,0.3364094781724403,-0.43561361251180863,-0.6088092063790397,17.99064444782248,-16.084001566243295,2.554718872996248,-7.644710115171527
2026-07-17T21:18:36.387+00:00,105.385513,1784323116342.931,3145,0;2,2,0.08340997903940209,-0.2544322124189466,0.138599118761747,0.333055746210466,-0.435039318685391,-0.6087328997208231,18.29601510205406,-16.419374762440725,2.612148255638014,-7.637079449349871
2026-07-17T21:18:36.419+00:00,105.417961,1784323116376.272,3146,0;2,2,0.08032871349169073,-0.25402924660968695,0.1363409851995334,0.3306556093579213,-0.43335483512427475,-0.6112143517604819,18.639841973625533,-16.659388447695196,2.780596611749636,-7.885224653315747
2026-07-17T21:18:36.453+00:00,105.451758,1784323116409.613,3147,0;2,2,0.07888100384412026,-0.2533483970877614,0.13423237229557203,0.3298070459326732,-0.4322177880176399,-0.6134487938976946,18.828096678501193,-16.74424479022001,2.8943013224131233,-8.108668867037016
2026-07-17T21:18:36.487+00:00,105.484812,1784323116442.953,3148,0;2,2,0.07846687035820774,-0.25330663931352193,0.13437737103859632,0.32946267977831023,-0.43196739934005435,-0.6133348098935171,18.85769036409424,-16.778681405656304,2.9193401901716767,-8.097270466619266
2026-07-17T21:18:36.520+00:00,105.517712,1784323116476.294,3149,0;2,2,0.07757768510868517,-0.25302251157864364,0.13325951625542284,0.328869153209911,-0.4313716851398445,-0.614523855350273,18.97099990258242,-16.838034062496227,2.9789116101926636,-8.216175012294858
2026-07-17T21:18:36.552+00:00,105.551487,1784323116509.634,3150,0;2,2,0.0814257734640603,-0.2549213327392501,0.13529035565026598,0.33120549865254323,-0.434748340006938,-0.6121411454813186,18.609922543750585,-16.604399518233002,2.6412461234833096,-7.977904025399418
2026-07-17T21:18:36.586+00:00,105.585699,1784323116542.975,3151,0;2,2,0.08131045499917827,-0.2589126794525294,0.13904276070221364,0.32900469249186864,-0.4378667933520809,-0.6082096837194374,18.60155346889858,-16.82448013430046,2.3294007889690214,-7.584757849211298
2026-07-17T21:18:36.620+00:00,105.618446,1784323116576.315,3152,0;2,2,0.08127985815099248,-0.2593079720698732,0.13708767041365866,0.3288512995603377,-0.4383465535564508,-0.6101399353122892,18.688989428296278,-16.839819427453556,2.2814247685320312,-7.777783008496475
2026-07-17T21:18:36.654+00:00,105.651825,1784323116609.655,3153,0;2,2,0.0780954713969552,-0.26236481785925836,0.13810604168830226,0.303268695371292,-0.4605453997792258,-0.6110426695653055,20.933122102560773,-19.39807984635813,0.061540146254529526,-7.86805643379811
2026-07-17T21:18:36.688+00:00,105.685305,1784323116642.995,3154,0;2,2,0.07888387366943499,-0.26597400300244045,0.14131021292757312,0.3233321746457916,-0.4426336943465414,-0.6057620066542133,18.967876300023992,-17.391731918908164,1.852710689522974,-7.33999014268889
2026-07-17T21:18:36.718+00:00,105.717755,1784323116676.335,3155,0;2,2,0.0762808336593276,-0.265754540491318,0.1395954477446787,0.32123812477321834,-0.4413007336228788,-0.6076600507951183,19.24687115650633,-17.601136906165493,1.9860067618892308,-7.52979455677939
2026-07-17T21:18:36.754+00:00,105.751693,1784323116709.676,3156,0;2,2,0.07649092283859257,-0.266924354125711,0.14004660459365012,0.32082769659206367,-0.4423844648850714,-0.6071373470890952,19.25319146137836,-17.64217972428096,1.877633635669973,-7.477524186177076
2026-07-17T21:18:36.786+00:00,105.784403,1784323116743.016,3157,0;2,2,0.07793716334819378,-0.26610061063404583,0.140691843368533,0.32246853394342295,-0.44232773699486533,-0.6064366811479067,19.07619224250976,-17.478095989145032,1.8833064246905784,-7.407457592058231
2026-07-17T21:18:36.819+00:00,105.818219,1784323116776.356,3158,0;2,2,0.07966488740714334,-0.2670108789522582,0.14120998929898906,0.3235027682973823,-0.4439244318733118,-0.6057562262952562,18.939829479522885,-17.3746725537491,1.7236369368459292,-7.339412106793175
2026-07-17T21:18:36.852+00:00,105.851181,1784323116809.696,3159,0;2,2,0.0797844904889077,-0.2648593965026504,0.14097499960677867,0.32467658965118157,-0.44213307399003976,-0.606090265435159,18.862476844357435,-17.25729041836917,1.9027727251731352,-7.372816020783457
2026-07-17T21:18:36.886+00:00,105.884925,1784323116843.036,3160,0;2,2,0.08157727918109217,-0.26283130003964905,0.1393303014688738,0.3272928526047587,-0.44137783060266844,-0.6077080027767761,18.69588995021685,-16.995664123011455,1.978297063910267,-7.534589754945165
2026-07-17T21:18:36.920+00:00,105.918838,1784323116876.376,3161,0;2,2,0.0840632210449444,-0.2617017766764901,0.13989671574789628,0.3087349123120333,-0.4627991928222497,-0.6089687692941271,20.349204592107874,-18.851458152283996,-0.1638391580478571,-7.6606664066802725
2026-07-17T21:18:36.952+00:00,105.951747,1784323116909.716,3162,0;2,2,0.07856265011158896,-0.2637631436373974,0.13884912905561586,0.32422990977912763,-0.4407473215079864,-0.6083472893612414,19.006902648651128,-17.301958405574563,2.041347973378471,-7.598518413391697
2026-07-17T21:18:36.987+00:00,105.98468,1784323116943.057,3163,0;2,2,0.07820864434203448,-0.26142615579104755,0.13609042347343125,0.3251717856324539,-0.4387584331808134,-0.6112377014195813,19.061469888132862,-17.207770820241937,2.240236806095769,-7.8875596192256925
2026-07-17T21:18:37.019+00:00,106.01866,1784323116976.396,3164,0;2,2,0.07557269932290533,-0.26245175807703314,0.13681464895728926,0.32234959320829487,-0.43830144814754696,-0.6106452798258241,19.297870527157286,-17.48999006265784,2.2859353094224155,-7.8283174598499645
2026-07-17T21:18:37.053+00:00,106.05137,1784323117009.736,3165,0;2,2,0.08078048771393624,-0.2620748014152608,0.13832953317753907,0.32700863134721553,-0.4404081415829621,-0.6087977850787045,18.776324799544405,-17.024086248765773,2.0752659658809014,-7.643567985138011
2026-07-17T21:18:37.087+00:00,106.085292,1784323117043.076,3166,0;2,2,0.07972398682544271,-0.2619691864515517,0.13748241748092707,0.3261721546450542,-0.4398644799773726,-0.6097195727097469,18.895810927017372,-17.107733918981904,2.129632126439851,-7.735746748242245
2026-07-17T21:18:37.119+00:00,106.117883,1784323117076.416,3167,0;2,2,0.07719355426180546,-0.2674924822294207,0.14025181101589337,0.32115081615046726,-0.4432061107602889,-0.6068561675351516,19.204812030219035,-17.6098677684406,1.7954690481482238,-7.449406230782718
2026-07-17T21:18:37.153+00:00,106.151695,1784323117109.756,3168,0;2,2,0.07726035549913873,-0.2637060476350347,0.1391947612235097,0.3018603024497889,-0.46116603746485396,-0.6098968666405424,21.021078793663232,-19.538919138508437,-0.0005236223082849545,-7.753476141321802
2026-07-17T21:18:37.186+00:00,106.184888,1784323117143.096,3169,0;2,2,0.07272701607409437,-0.26623412415279896,0.13895765127078577,0.3179352324737521,-0.4400254980107312,-0.6085150834560262,19.595811150154923,-17.931426136112115,2.1135303231039906,-7.615297822870182
2026-07-17T21:18:37.221+00:00,106.218417,1784323117176.436,3170,0;2,2,0.07321930731036894,-0.265973775815704,0.14067086684219135,0.3184317234894651,-0.439907850353332,-0.6067873985275534,19.485021733525123,-17.881777034540818,2.1252950888439095,-7.442529330022896
2026-07-17T21:18:37.255+00:00,106.252304,1784323117209.776,3171,0,1,0.11492172989767453,-0.34336151013351485,0.15249909117202537,0.31607306282264974,-0.5266190696112972,-0.5882546831855677,20.058331018078796,-18.117643101222352,-6.545826836952612,-5.589257795824332
2026-07-17T21:18:37.287+00:00,106.285085,1784323117243.116,3172,0;2,2,0.07396450847436592,-0.26401710301529435,0.1354550068225618,0.29889190547505734,-0.460151994109675,-0.6137834411623962,21.442057853014894,-19.835758835981594,0.10088071320961123,-8.142133593507184
2026-07-17T21:18:37.320+00:00,106.31819,1784323117276.457,3173,0;2,2,0.07861957035056032,-0.2623520221524563,0.13809557271169468,0.3250020209667134,-0.4396083074257175,-0.6091651170672583,18.982203382864572,-17.22474728681599,2.155249381605362,-7.680301183993388
2026-07-17T21:18:37.352+00:00,106.351661,1784323117309.797,3174,0;2,2,0.08032671924658095,-0.2657247109540807,0.13872039989262677,0.32479953956966157,-0.4433248116996246,-0.608256055255445,18.925380022576043,-17.24499542652117,1.783598954214649,-7.5893950028120605
2026-07-17T21:18:37.388+00:00,106.385136,1784323117343.137,3175,0;2,2,0.0785740599708378,-0.262950556829042,0.13827895120437825,0.32466071311806993,-0.4400915165261767,-0.6089554493706409,18.9993006068108,-17.258878071680332,2.106928471559444,-7.659334414331653
2026-07-17T21:18:37.421+00:00,106.418966,1784323117376.477,3176,0;2,2,0.08283009659727236,-0.2639599565793869,0.1413706886868407,0.3277534481586067,-0.4428135206240082,-0.6055324010299895,18.552472717621093,-16.949604567626658,1.8347280617762918,-7.31702958026651
2026-07-17T21:18:37.452+00:00,106.451551,1784323117409.816,3177,0;2,2,0.08286364277156885,-0.2679584106187237,0.1413582640674122,0.32580995232259724,-0.4463028366524227,-0.6053415817151129,18.69178415617659,-17.143954151227604,1.4857964589348405,-7.297947648778846
2026-07-17T21:18:37.487+00:00,106.485087,1784323117443.156,3178,0;2,2,0.07900789267335422,-0.2672003841947467,0.1410028322597466,0.3228455152081633,-0.4437831600678367,-0.6059981539905596,19.01078584673908,-17.440397862671,1.7377641173934422,-7.363604876323516
2026-07-17T21:18:37.520+00:00,106.518167,1784323117476.496,3179,0;2,2,0.08153439938014242,-0.26914331363102345,0.1437493107083531,0.32854467755612127,-0.45655317905595316,-0.5744329084326371,17.39324515442557,-16.8704816278752,0.460762218581795,-4.207080320531265
2026-07-17T21:18:37.553+00:00,106.55157,1784323117509.836,3180,0;2,2,0.08056753809259157,-0.26578098972690434,0.13835402293009447,0.3249938473492892,-0.4435200545208072,-0.6086017687540124,18.919748937473326,-17.225564648558407,1.7640746720963885,-7.623966352668798
2026-07-17T21:18:37.587+00:00,106.585213,1784323117543.176,3181,0;2,2,0.0791901719602968,-0.2656432880114713,0.1386496654726119,0.323854453022265,-0.4427027734801321,-0.6084085434816744,19.023564266043362,-17.339504081260827,1.8458027761639018,-7.604643825434998
2026-07-17T21:18:37.620+00:00,106.618541,1784323117576.517,3182,0;2,2,0.07329394017494253,-0.2660646033094959,0.13936892490830347,0.3184972201828924,-0.4401241768006094,-0.6080749487396527,19.526225845347955,-17.875227365198086,2.103662444116172,-7.571284351232832
2026-07-17T21:18:37.652+00:00,106.651351,1784323117609.858,3183,0;2,2,0.07422700392636541,-0.26555272005071356,0.13720184518795936,0.31963637024765584,-0.44030476894997617,-0.6101959368477534,19.503717875851738,-17.761312358721742,2.085603229179495,-7.783383162042901
2026-07-17T21:18:37.686+00:00,106.685308,1784323117643.198,3184,0;2,2,0.07372804890593052,-0.26563979682630523,0.13873888166998435,0.3191061124060002,-0.4400168159879123,-0.6086942946342612,19.49582919472389,-17.81433814288731,2.11439852538588,-7.633218940693675
2026-07-17T21:18:37.720+00:00,106.718141,1784323117676.539,3185,0;2,2,0.0782637791938794,-0.26471539318126047,0.13866162192712317,0.32350681905738177,-0.44144228193479634,-0.6085067627313339,19.071797479236096,-17.37426747774915,1.9718519306974769,-7.614465750400945
2026-07-17T21:18:37.752+00:00,106.751531,1784323117709.88,3186,0;2,2,0.07734524288782918,-0.2656931732517599,0.14121550335987168,0.32213688743904983,-0.44164337676003945,-0.6059759681097394,19.095642326355424,-17.511260639582343,1.951742448173166,-7.3613862882415
2026-07-17T21:18:37.787+00:00,106.785101,1784323117743.221,3187,0;2,2,0.07851963030967965,-0.26234822349755105,0.1377994002860273,0.324927381392439,-0.43957899839144177,-0.6094672601819209,19.001549824018504,-17.232211244243427,2.158180285032935,-7.710515495459647
2026-07-17T21:18:37.819+00:00,106.818127,1784323117776.562,3188,0;2,2,0.08000164752322193,-0.26578343622273076,0.13894186829642236,0.3244803196523076,-0.44319938115820606,-0.6080547237873897,18.94760477306394,-17.276917418256566,1.796142008356505,-7.569261856006526
2026-07-17T21:18:37.853+00:00,106.851472,1784323117809.902,3189,0;2,2,0.08067091782325983,-0.2664672338463684,0.14053357887799775,0.32466895968073073,-0.44399767175232246,-0.6063885330518716,18.85696841999361,-17.258053415414253,1.7163129489448647,-7.402642782454716
2026-07-17T21:18:37.886+00:00,106.885193,1784323117843.242,3190,0;2,2,0.08011542943188293,-0.2650628672658111,0.14024778519950293,0.32488918238048753,-0.4425282410905638,-0.6067819366169339,18.86625574047461,-17.236031145438574,1.863256015120729,-7.44198313896095
2026-07-17T21:18:37.920+00:00,106.917924,1784323117876.583,3191,0;2,2,0.07585781177127277,-0.2678569077910702,0.1416619933148792,0.3197609022774843,-0.4427588543728813,-0.6055243532624454,19.285628410592082,-17.748859155738895,1.8401946868889796,-7.316224803512094
2026-07-17T21:18:37.954+00:00,106.951933,1784323117909.924,3192,0;2,2,0.07650668644113462,-0.2654420437402607,0.13879639963606574,0.32161650876532444,-0.44120196116325133,-0.6084564245353222,19.24464761243183,-17.563298506954883,1.995884007851978,-7.609431930799781
2026-07-17T21:18:37.985+00:00,106.984635,1784323117943.265,3193,0;2,2,0.07702215698077401,-0.26524868564831067,0.13798500939216726,0.3269132149398133,-0.4515206298764278,-0.5808178443559974,17.735653206542704,-17.033627889505997,0.9640171365343286,-4.845573912867296
2026-07-17T21:18:38.019+00:00,107.018609,1784323117976.605,3194,0;2,2,0.07861010901739736,-0.26892377125316214,0.14250232583449138,0.3215970365069597,-0.4449685155598462,-0.6044447676699797,19.055677921753755,-17.565245732791357,1.6192285681924934,-7.208266244265527
2026-07-17T21:18:38.053+00:00,107.051268,1784323118009.946,3195,0,1,0.12722761537499738,-0.34112553517206734,0.15759481401141534,0.3276931535045346,-0.5303115597886869,-0.5824460859797237,18.984094679978337,-16.955634033033867,-6.915075854691582,-5.008398075239928
2026-07-17T21:18:38.087+00:00,107.085284,1784323118043.287,3196,0;2,2,0.07988604889966791,-0.2628619130245077,0.1391339334781155,0.33051478189542605,-0.4507547510913245,-0.5795291503710341,17.35899772246451,-16.67347119394472,1.04060501504466,-4.7167045143709725
2026-07-17T21:18:38.120+00:00,107.11865,1784323118076.628,3197,0;2,2,0.07849873973145059,-0.26279513272248956,0.13886958147892423,0.3246513295386976,-0.43987388691824086,-0.6083799294189822,18.979454321623887,-17.25981642961757,2.128691432353025,-7.601782419165781
2026-07-17T21:18:38.155+00:00,107.153831,1784323118109.969,3198,0;2,2,0.07882082162751895,-0.26686781386256264,0.13992278357194599,0.3228847572272596,-0.44348643352949935,-0.6071038289859548,19.053023360265556,-17.436473660761365,1.7674367712271766,-7.474172375863041
2026-07-17T21:18:38.187+00:00,107.184692,1784323118143.31,3199,0;2,2,0.07763262895727004,-0.2700851744052198,0.1413698275201071,0.3202139731626314,-0.44558585499146214,-0.6055818273840609,19.221155595619496,-17.703552067224187,1.5574946250308974,-7.321972215673645
2026-07-17T21:18:38.220+00:00,107.218395,1784323118176.65,3200,0;2,2,0.07223823729539852,-0.2700709651612521,0.1400727916877827,0.3155781838106187,-0.4430312029216633,-0.6072447089615205,19.733360474888688,-18.167131002425457,1.8129598320107798,-7.4882603734196085
2026-07-17T21:18:38.254+00:00,107.251873,1784323118209.991,3201,0;2,2,0.07375766070120107,-0.2692713133951025,0.14063952814223651,0.29600920891557414,-0.46403294214105606,-0.6082015886962009,21.507563488357306,-20.124028491929913,-0.28721408992849473,-7.583948346887648
2026-07-17T21:18:38.287+00:00,107.285208,1784323118243.332,3202,0,1,0.11434315742010986,-0.3445111231482525,0.15451733716659033,0.3149324904723672,-0.5271774348205931,-0.5862256449659066,20.12435502999644,-18.231700336250604,-6.601663357882198,-5.386353973858215
2026-07-17T21:18:38.320+00:00,107.318381,1784323118276.672,3203,0;2,2,0.07490308636302642,-0.26107332905558506,0.1377959422458002,0.32241359614346077,-0.4367004331831724,-0.6097827026933753,19.276890215780256,-17.48358976914125,2.446036805859869,-7.74205974660509
2026-07-17T21:18:38.354+00:00,107.351928,1784323118310.013,3204,0;2,2,0.07501024501949707,-0.26237579922706167,0.13641601152921556,0.321912183673019,-0.43799082621828883,-0.6110848515547675,19.359052370071744,-17.533731016185428,2.316997502348228,-7.872274632744314
2026-07-17T21:18:38.386+00:00,107.385846,1784323118343.354,3205,0;2,2,0.07723460980139334,-0.26475249936918355,0.13977382885265854,0.32255526058241724,-0.4408840978697373,-0.6074672735437717,19.123285841910864,-17.469423325245604,2.02767033720338,-7.510516831644731
2026-07-17T21:18:38.419+00:00,107.418497,1784323118376.695,3206,0;2,2,0.07877252646148471,-0.2644512076720631,0.14036236797775095,0.3240199403141836,-0.4413303309063183,-0.6067905668108945,18.958196554630334,-17.32295535206897,1.9830470335452821,-7.442846158357009
2026-07-17T21:18:38.454+00:00,107.451621,1784323118410.035,3207,0;2,2,0.07632084877435259,-0.26085063286857624,0.1355155019221989,0.32383523673611037,-0.43737838018928876,-0.6119688815054611,19.22897473752324,-17.34142570987629,2.378242105248235,-7.960677627813673
2026-07-17T21:18:38.486+00:00,107.485248,1784323118443.376,3208,0;2,2,0.07887443279607714,-0.2635835597441632,0.1384380523560073,0.3246038396584265,-0.44077599197515277,-0.6087445264688948,18.988506162827647,-17.26456541764468,2.0384809266618342,-7.638242124157035
2026-07-17T21:18:38.521+00:00,107.51876,1784323118476.717,3209,0;2,2,0.07834656088316089,-0.2666741820586147,0.13937238661814985,0.32258735933883476,-0.4431286030815062,-0.6076944771065281,19.106801838651585,-17.466213449603853,1.8032198160264912,-7.533237187920372
2026-07-17T21:18:38.554+00:00,107.551994,1784323118510.058,3210,0;2,2,0.07960837394627783,-0.2702858181318394,0.14294735554639856,0.3217769397149163,-0.44660578502245585,-0.603864475023981,19.00396133259158,-17.5472554119957,1.4555016219315264,-7.150236979665658
2026-07-17T21:18:38.586+00:00,107.584466,1784323118543.399,3211,0;2,2,0.07898486876708102,-0.2711362585885002,0.14307270162858388,0.3208110362134142,-0.44702905286042804,-0.6037395987562021,19.08533002665083,-17.643845762145904,1.4131748381343068,-7.137749352887768
2026-07-17T21:18:38.621+00:00,107.619048,1784323118576.739,3212,0;2,2,0.07830833158924519,-0.2689361560201295,0.14178249014303554,0.3213537925748292,-0.44488720655013375,-0.6051820652053816,19.106772144231012,-17.589570126004407,1.627359469163736,-7.281995997805724
2026-07-17T21:18:38.654+00:00,107.652267,1784323118610.079,3213,0;2,2,0.07245220640695829,-0.26779498387158207,0.13886197276001816,0.29564623937228196,-0.46228856336749624,-0.6101685301590372,21.60994766721447,-20.16032544625913,-0.11277621257251291,-7.780642493171275
2026-07-17T21:18:38.687+00:00,107.685966,1784323118643.419,3214,0;2,2,0.0727279810594543,-0.26576586142028735,0.1397927007205231,0.3181379860935485,-0.4395546581573344,-0.6077065172537426,19.55109665669997,-17.91115077413248,2.1606143084436704,-7.534441202641817
2026-07-17T21:18:38.721+00:00,107.718842,1784323118676.759,3215,0;2,2,0.07614251319569179,-0.262178899225214,0.1381481958412653,0.3229328856628261,-0.4382403402446646,-0.6092912034501752,19.191069165189294,-17.43166081720472,2.292046099710654,-7.692909822285077
2026-07-17T21:18:38.754+00:00,107.752072,1784323118710.099,3216,0;2,2,0.07737073146718136,-0.26633723698401773,0.1406097198579157,0.32186236815833613,-0.44226206025973597,-0.6065454514737186,19.136607621022044,-17.538712567653715,1.8898740982035145,-7.418334624639423
2026-07-17T21:18:38.786+00:00,107.785141,1784323118743.438,3217,0;2,2,0.0819466434114242,-0.2654393884170758,0.14202661548737863,0.32623272489933275,-0.4436144791642862,-0.6048650823302099,18.657783996064598,-17.101676893554053,1.754632207748491,-7.250297710288544
2026-07-17T21:18:38.820+00:00,107.818394,1784323118776.778,3218,0;2,2,0.08206102649353397,-0.26539830737903125,0.14039512887557504,0.32640936460448294,-0.4437612803250297,-0.606484887114566,18.7038177595624,-17.084012923039033,1.7399520916741407,-7.412278188724164
2026-07-17T21:18:38.853+00:00,107.851714,1784323118810.118,3219,0;2,2,0.07922820947840281,-0.2634898794629504,0.13970999764912856,0.32491311441322784,-0.44076940012612875,-0.6074576370259713,18.908986172648692,-17.233637942164542,2.039140111564236,-7.509553179864692
2026-07-17T21:18:38.888+00:00,107.885609,1784323118843.458,3220,0;2,2,0.08548170459258575,-0.26340453624993737,0.14373843591974636,0.330249283723791,-0.44344682984825406,-0.6030193415559311,18.219577384031865,-16.70002101110823,1.7713971393517047,-7.065723632860665
2026-07-17T21:18:38.921+00:00,107.918688,1784323118876.798,3221,0;2,2,0.08198965819580373,-0.26700827772077085,0.14462569353876426,0.3254051774987865,-0.44479642519014123,-0.6021936333735698,18.621145019524462,-17.184431633608675,1.636437605162988,-6.983152814624538
2026-07-17T21:18:38.954+00:00,107.951731,1784323118910.138,3222,0;2,2,0.08282181930566884,-0.26792652861198885,0.14272306752295114,0.325741687116783,-0.4461488959803319,-0.6039861864708924,18.646794383703995,-17.15078067180903,1.5011905261439196,-7.1624081243568005
2026-07-17T21:18:38.986+00:00,107.985272,1784323118943.478,3223,0;2,2,0.0832687153369153,-0.2699970368543999,0.1450727758449976,0.32502631615161615,-0.4479836006361886,-0.6015103123118719,18.605358392174548,-17.222317768325713,1.3177200605582529,-6.91482070845475
2026-07-17T21:18:39.019+00:00,108.018433,1784323118976.818,3224,0;2,2,0.08157704569373994,-0.27037223333167726,0.14500183364844044,0.3233734744349183,-0.4474861016323199,-0.6016781228423749,18.768211909980188,-17.387601939995495,1.3674699609451224,-6.931601761505046
2026-07-17T21:18:39.054+00:00,108.052345,1784323119010.158,3225,0;2,2,0.07851783361379398,-0.26674084995064773,0.141528904696276,0.32262801661410023,-0.44310328048624664,-0.6055306714476232,19.01903610736764,-17.462147722077304,1.805752075552447,-7.316856622029877
2026-07-17T21:18:39.086+00:00,108.084781,1784323119043.498,3226,0;2,2,0.07559099890725982,-0.26718251964048134,0.1415008662783301,0.3198674343325536,-0.4420550422458029,-0.6057370733014278,19.290751929350026,-17.738205950231965,1.9105758995968225,-7.3374968074103375
2026-07-17T21:18:39.121+00:00,108.119314,1784323119076.838,3227,0;2,2,0.07541649032573564,-0.26389913086838596,0.14019014636032445,0.321381763118284,-0.4392201061071651,-0.607219985030344,19.23916707630448,-17.58677307165893,2.1940695134606,-7.485787980301961
2026-07-17T21:18:39.153+00:00,108.152001,1784323119110.178,3228,0;2,2,0.07767264644378405,-0.26141425646374106,0.13877611081257915,0.3246180722864419,-0.4382773738047267,-0.6085990776813978,19.00982244158578,-17.263142154843138,2.2883427437044412,-7.623697245407335
2026-07-17T21:18:39.187+00:00,108.184784,1784323119143.518,3229,0;2,2,0.08239778753763169,-0.265360742529452,0.14166247546067842,0.32667632138501534,-0.44379543440739044,-0.6052009268108554,18.62854182553724,-17.057317244985793,1.7365366834380669,-7.283882158353094
2026-07-17T21:18:39.221+00:00,108.218787,1784323119176.857,3230,0;2,2,0.08349880652023535,-0.266874274503788,0.1441988392398544,0.32679775636186126,-0.44545251205667863,-0.6025222125169571,18.499455616742857,-17.045173747301202,1.5708289185092483,-7.016010728963273
2026-07-17T21:18:39.254+00:00,108.252231,1784323119210.197,3231,0;2,2,0.08714679492332636,-0.2675134457166628,0.1454067940956126,0.329610520457974,-0.4477011307819163,-0.6010364177363319,18.165943224158067,-16.763897337689926,1.34596704598548,-6.867431250900746
2026-07-17T21:18:39.287+00:00,108.286142,1784323119243.537,3232,0;2,2,0.08262893016500496,-0.26779422133390884,0.14333956913392035,0.32561781780470905,-0.44589173459326126,-0.6033917875414916,18.637540713004867,-17.163167603016422,1.5269066648509855,-7.1029682314167175
2026-07-17T21:18:39.321+00:00,108.318697,1784323119276.877,3233,0;2,2,0.08452139644741802,-0.26714332513794714,0.14481958419647178,0.3275320164020537,-0.44613901644549947,-0.6018200895778724,18.39948036077815,-16.971747743281956,1.5021784796271642,-6.945798435054796
2026-07-17T21:18:39.353+00:00,108.351505,1784323119310.217,3234,0;2,2,0.08521034902402594,-0.26536701924985767,0.1430094658680499,0.32907049875425776,-0.4450744328593801,-0.6036656736219861,18.33770555436854,-16.81789950806155,1.6086368382391025,-7.130356839466168
2026-07-17T21:18:39.388+00:00,108.38578,1784323119343.557,3235,0;2,2,0.08705577990371673,-0.26766146896552506,0.14472211578177932,0.3294822832320261,-0.44783813122233873,-0.6017174207485403,18.202607033321947,-16.776721060284714,1.332267001943238,-6.935531552121588
2026-07-17T21:18:39.420+00:00,108.418401,1784323119376.897,3236,0;2,2,0.08609968253553292,-0.26935466226482185,0.14597350957905852,0.32777215429994777,-0.4487429658040534,-0.6004510299804511,18.30652149558501,-16.94773395349255,1.241783543771774,-6.808892475312667
2026-07-17T21:18:39.455+00:00,108.452138,1784323119410.237,3237,0;2,2,0.0868324216942375,-0.26499716797924977,0.14317898047638364,0.3306567768843481,-0.44553483715711173,-0.6034041502217262,18.178084676752796,-16.659271695052517,1.5625964084659383,-7.104204499440181
2026-07-17T21:18:39.485+00:00,108.48488,1784323119443.577,3238,0;2,2,0.08588108860783635,-0.26332092895104386,0.1429830168338041,0.3306640065040034,-0.443628441191854,-0.6037488469383104,18.2082879838535,-16.658548733086988,1.7532360049917095,-7.138674171098602
2026-07-17T21:18:39.520+00:00,108.518382,1784323119476.917,3239,0,1,0.12830037405493133,-0.3420697359465322,0.1614071200846992,0.3280264235744929,-0.5313615527674859,-0.5785265898782823,18.893319630550188,-16.922307026038037,-7.020075152571476,-4.61644846509579
2026-07-17T21:18:39.554+00:00,108.551436,1784323119510.257,3240,0;2,2,0.08642277356327069,-0.2630033547837021,0.14466361521037635,0.3312328014864618,-0.44348783023282184,-0.6020531501280952,18.0916328124223,-16.60166923484115,1.7672971008949268,-6.969104490077083
2026-07-17T21:18:39.587+00:00,108.585093,1784323119543.597,3241,0;2,2,0.08893264214399188,-0.26131281025679937,0.14324052055913605,0.3342979486759903,-0.44335982785206346,-0.6033839647558201,17.864541766911888,-16.2951545158883,1.7800973389707653,-7.102185952849571
2026-07-17T21:18:39.620+00:00,108.618656,1784323119576.938,3242,0;2,2,0.08485333407746601,-0.26505086895425156,0.1437026421299773,0.3288920356617937,-0.4445712870377058,-0.6030153666034643,18.33339277032821,-16.835745817307956,1.6589514204065292,-7.065326137613992
2026-07-17T21:18:39.654+00:00,108.651615,1784323119610.277,3243,0;2,2,0.08352297802246073,-0.2690140962062326,0.14558501820996528,0.32571444651392556,-0.44721497043644626,-0.601031879148243,18.52951605050725,-17.15350473209477,1.3945830805324855,-6.866977392091855
2026-07-17T21:18:39.688+00:00,108.685377,1784323119643.617,3244,0;2,2,0.08382627194218971,-0.2630514915497486,0.1401203162503852,0.32911113860172403,-0.4426096333943417,-0.6067555984449604,18.47945999268773,-16.813835523314925,1.855116784742944,-7.4393493217636
2026-07-17T21:18:39.721+00:00,108.718798,1784323119676.957,3245,0;2,2,0.08413356518573806,-0.26374610083632116,0.14094989543104666,0.32900647018117984,-0.443299033678357,-0.6058730540632715,18.446847250245202,-16.82430236536934,1.7861767563414122,-7.351094883594711
2026-07-17T21:18:39.753+00:00,108.751754,1784323119710.297,3246,0;2,2,0.08896792424871733,-0.26090173249545967,0.14231936030738573,0.3345636233967302,-0.44309155451900945,-0.6043200268924962,17.880473318040355,-16.268587043814307,1.8069246722761667,-7.195792166517179
2026-07-17T21:18:39.786+00:00,108.785148,1784323119743.637,3247,0;2,2,0.0868056619435984,-0.2639272362386117,0.14439648283333317,0.3311189835514413,-0.4444983374734507,-0.6022466462667776,18.099953928714598,-16.613051028343197,1.6662463768320424,-6.988454103945319
2026-07-17T21:18:39.820+00:00,108.818842,1784323119776.978,3248,0;2,2,0.08861102202010301,-0.2662760256757116,0.14359439669747442,0.33155692807750503,-0.44748447029814914,-0.6028040458903466,18.056338327499297,-16.569256575736823,1.3676330943621973,-7.044194066302223
2026-07-17T21:18:39.854+00:00,108.851519,1784323119810.318,3249,0;2,2,0.09015208555126802,-0.2643329880449231,0.1441078736271553,0.333837101908054,-0.44651250922732655,-0.6022844021870777,17.834603978309346,-16.34123919268193,1.4648292014444564,-6.992229695975327
2026-07-17T21:18:39.887+00:00,108.885486,1784323119843.658,3250,0;2,2,0.08802296807937417,-0.2673542227737238,0.14353257271951225,0.3305159797122683,-0.4481373759367091,-0.6028517884464902,18.148958586841225,-16.673351412260494,1.3023425305062009,-7.048968321916583
2026-07-17T21:18:39.921+00:00,108.919028,1784323119876.999,3251,0;2,2,0.08438409009180795,-0.2665940131259401,0.1443195304646103,0.3277012111574566,-0.4456335233274766,-0.602355346804774,18.408359618610277,-16.954828267741668,1.5527277914294535,-6.999324157744957
2026-07-17T21:18:39.955+00:00,108.952888,1784323119910.339,3252,0;2,2,0.08837584545467514,-0.2634842685563319,0.1409837058147983,0.3328213178421808,-0.4451474453733284,-0.6055616817871198,18.069651528180223,-16.44281759926925,1.6013355868442714,-7.319957655979536
2026-07-17T21:18:39.988+00:00,108.986082,1784323119943.679,3253,0;2,2,0.08645050593346701,-0.26389836813503226,0.14229182675777263,0.3308980560268889,-0.4444623747058454,-0.6043694849473118,18.203488963299826,-16.63514378079844,1.6698426535925737,-7.2007379719987386
2026-07-17T21:18:40.021+00:00,109.018964,1784323119977.019,3254,0;2,2,0.08432023009307754,-0.2662042240670327,0.14226279628545127,0.32790986675261274,-0.4454231658867857,-0.6044286006925934,18.47083166388866,-16.93396270822605,1.5737635354985402,-7.2066495465269
2026-07-17T21:18:40.054+00:00,109.052658,1784323120010.359,3255,0;2,2,0.08687138983645479,-0.2665908715398615,0.1435249854575841,0.3298921309786371,-0.44691095141498155,-0.60297665146103,18.220307149461583,-16.735736285623616,1.4249849826789562,-7.0614546233705555
2026-07-17T21:18:40.087+00:00,109.084896,1784323120043.7,3256,0;2,2,0.08570775063066947,-0.26717765135420624,0.14225461573488052,0.32863565109545745,-0.44694881779833606,-0.6042927177299928,18.38657702014107,-16.86138427394158,1.421198344343505,-7.193061250266841
2026-07-17T21:18:40.122+00:00,109.119234,1784323120077.039,3257,0;2,2,0.08282675554378532,-0.2656651916251055,0.1409377919386633,0.3269241906043223,-0.4443261129460705,-0.6058782820706212,18.62759885445449,-17.032530323055095,1.6834688295700617,-7.351617684329681
2026-07-17T21:18:40.154+00:00,109.152478,1784323120110.379,3258,0;2,2,0.08424181335999159,-0.2661603513190134,0.14112656345926836,0.3279030370309328,-0.4454347059741896,-0.6055683020651585,18.516122639438752,-16.934645680394045,1.5726095267581508,-7.320619683783414
2026-07-17T21:18:40.187+00:00,109.185045,1784323120143.719,3259,0;2,2,0.08448391525924634,-0.26729152331923633,0.14508679974291855,0.32741698315388046,-0.4462286281868211,-0.6015489645581876,18.399150246797042,-16.983251068099282,1.4932173054950038,-6.918685933086321
2026-07-17T21:18:40.221+00:00,109.218989,1784323120177.06,3260,0;2,2,0.08348756593970524,-0.26549156995585366,0.14326048101040484,0.3275030607160335,-0.44431910078117387,-0.6035274184823438,18.482964113382426,-16.974643311883973,1.6841700460597242,-7.11653132550194
2026-07-17T21:18:40.254+00:00,109.252039,1784323120210.4,3261,0;2,2,0.08460126480755996,-0.26433762103616565,0.14148225914092133,0.3291024529850275,-0.44400053971277414,-0.6052808321557825,18.40789033517158,-16.814704084984577,1.7160261528996967,-7.291872692845813
2026-07-17T21:18:40.288+00:00,109.286076,1784323120243.74,3262,0;2,2,0.08400429853137135,-0.27057382050854717,0.14477698128623245,0.325391293622596,-0.4488677316191811,-0.6017256267127897,18.573545341106428,-17.185820021227727,1.2293069622590025,-6.936352148546532
2026-07-17T21:18:40.321+00:00,109.319015,1784323120277.08,3263,0;2,2,0.08764669373076822,-0.2684029595856365,0.14593594869672202,0.3295875501098526,-0.4486774130006247,-0.6004302133770645,18.13825507117923,-16.76619437250207,1.248338824114642,-6.806810814974007
2026-07-17T21:18:40.353+00:00,109.352191,1784323120310.42,3264,0;2,2,0.08748016846221247,-0.26790889107201293,0.14453662100183748,0.3297354881464563,-0.44827526381614496,-0.6018607177390434,18.18159407686253,-16.751400568841696,1.2885537425626148,-6.949861251171896
2026-07-17T21:18:40.387+00:00,109.385934,1784323120343.761,3265,0;2,2,0.08802850980038832,-0.267210397460648,0.14575858169737238,0.33051404983370647,-0.44784269843357827,-0.6006406815188214,18.066555877939106,-16.67354440011668,1.3318102808192844,-6.827857629149703
2026-07-17T21:18:40.421+00:00,109.419747,1784323120377.101,3266,0;2,2,0.08797582901533514,-0.2671762089555865,0.14394294672231603,0.3305485280234117,-0.4479279070490869,-0.6024550754198028,18.13211128401558,-16.670096581146154,1.3232894192684197,-7.00929701924784
2026-07-17T21:18:40.454+00:00,109.451785,1784323120410.441,3267,0;2,2,0.08645001573521577,-0.2682296963637347,0.14441245132273003,0.32868624699344334,-0.4480587524754075,-0.6020389440768874,18.286632751731243,-16.856324684142994,1.3102048766363616,-6.967683884956299
2026-07-17T21:18:40.487+00:00,109.485702,1784323120443.781,3268,0;2,2,0.0856400479677303,-0.27000264387578904,0.14615070767840474,0.32704676058407567,-0.44906670099131496,-0.6002734271764623,18.364962650599022,-17.02027332507976,1.2094100250456152,-6.791132194913785
2026-07-17T21:18:40.520+00:00,109.51896,1784323120477.122,3269,0;2,2,0.08397580297550936,-0.26828320397002237,0.14335722106183443,0.3265464294862942,-0.4469748197662943,-0.6032572928225045,18.53831326539,-17.07030643485791,1.4185981475476839,-7.089518759518009
2026-07-17T21:18:40.554+00:00,109.55258,1784323120510.461,3270,0;2,2,0.08432156732411963,-0.2677674130639964,0.14257756571093044,0.3271286653949915,-0.4467567683212958,-0.6040363375090659,18.51641650174862,-17.012082843988175,1.4404032920475318,-7.167423228174153
2026-07-17T21:18:40.587+00:00,109.585634,1784323120543.801,3271,0;2,2,0.08294547187555243,-0.26574270344644046,0.1415146384994061,0.3269689740287203,-0.4444068760236778,-0.6052914896245977,18.599689391017357,-17.028051980615295,1.6753925218093324,-7.292938439727326
2026-07-17T21:18:40.621+00:00,109.619213,1784323120577.143,3272,0;2,2,0.08542980769761027,-0.2674676809038938,0.14410483668992025,0.3281863836333401,-0.4469210998538487,-0.6024536751912696,18.356996624351048,-16.906311020153318,1.423970138792241,-7.009156996394516
2026-07-17T21:18:40.854+00:00,109.852679,1784323120810.536,3279,0;2,2,0.08874348294203559,-0.26888352233047635,0.1462395658289361,0.33029299327902306,-0.44960850453146295,-0.6000283564561009,18.05177281944754,-16.69565005558502,1.1552296710308163,-6.766625122877645
2026-07-17T21:18:40.888+00:00,109.885619,1784323120843.877,3280,0;2,2,0.08674355255084637,-0.267337283003488,0.1459053363226653,0.3293295995600746,-0.4473119738434118,-0.6005761760704994,18.177469673903133,-16.791989427479866,1.3848827398359298,-6.821407084317499
2026-07-17T21:18:40.921+00:00,109.918887,1784323120877.219,3281,0;2,2,0.08666379876230765,-0.26842517353268375,0.14479219761122375,0.3075306303676218,-0.469383215100857,-0.6033890589022468,20.274536589849657,-18.971886346725146,-0.8222413859085898,-7.10269536749224
2026-07-17T21:18:40.954+00:00,109.953093,1784323120910.561,3282,0;2,2,0.08983343065693539,-0.2718216932570665,0.14779306914921775,0.3297361173081078,-0.45257336146150245,-0.5982581249688047,18.02130984560978,-16.751337652676547,0.8587439780268658,-6.58960197414803
2026-07-17T21:18:40.987+00:00,109.985951,1784323120943.902,3283,0;2,2,0.08891679453563064,-0.2707077933739228,0.14625842640787368,0.3295427464089159,-0.4512759941718174,-0.5999060232918542,18.106751064316306,-16.770674742595737,0.9884807069953705,-6.7543918064529755
2026-07-17T21:18:41.021+00:00,110.018862,1784323120977.244,3284,0;2,2,0.08804595282808561,-0.2678156391801466,0.14444970749584837,0.33027624312216364,-0.44847821722653214,-0.601913213367303,18.132366374627438,-16.697325071270964,1.2682584015238973,-6.955110813997855
2026-07-17T21:18:41.054+00:00,110.052721,1784323121010.586,3285,0;2,2,0.08387762935836357,-0.26828822592462587,0.1431012363816486,0.3264675693158508,-0.446950920820006,-0.6035188293390855,18.555771563138848,-17.078192451902247,1.420988042176513,-7.11567241117611
2026-07-17T21:18:41.087+00:00,110.08593,1784323121043.927,3286,0;2,2,0.0809333464978641,-0.2675652978236031,0.14395256849696264,0.32423580560059595,-0.4448147487512345,-0.6029087534550212,18.755734942841745,-17.301368823427733,1.6346052490536611,-7.0546648227696735
2026-07-17T21:18:41.121+00:00,110.118289,1784323121077.27,3287,0;2,2,0.08501665491649418,-0.2672223923572009,0.1421082898996735,0.3280180737319968,-0.44666042402916245,-0.6044836457991507,18.452926896240008,-16.923142010287645,1.4500377212608662,-7.212154057182629
2026-07-17T21:18:41.154+00:00,110.152047,1784323121110.611,3288,0;2,2,0.08519695593285456,-0.26877591173950033,0.14312157894889274,0.3273727874759889,-0.4480191759332972,-0.6033836073744736,18.45937470401651,-16.987670635888435,1.3141625308473903,-7.10215021471492
2026-07-17T21:18:41.188+00:00,110.185717,1784323121143.953,3289,0;2,2,0.08717344861747618,-0.2700469616368848,0.1471702194331301,0.32832192374890246,-0.4497774208020202,-0.599150252173022,18.200758736334805,-16.89275700859708,1.13833804397509,-6.678814694569757
2026-07-17T21:18:41.220+00:00,110.219202,1784323121177.295,3290,0;2,2,0.08847113937317583,-0.26575120739399805,0.14450996754289905,0.3316623724186647,-0.44688927801889333,-0.6019277474261489,18.017255542546486,-16.55871214162086,1.427152322287778,-6.956564219882444
2026-07-17T21:18:41.255+00:00,110.252372,1784323121210.637,3291,0;2,2,0.0856400479677303,-0.27000264387578904,0.14615070767840474,0.32704676058407567,-0.44906670099131496,-0.6002734271764623,18.364962650599022,-17.02027332507976,1.2094100250456152,-6.791132194913785
2026-07-17T21:18:41.288+00:00,110.2861,1784323121243.979,3292,0;2,2,0.08601545420958596,-0.27057934906316805,0.1464374586569584,0.3270784201928959,-0.449729160411262,-0.5999330009298708,18.345218086080486,-17.017107364197738,1.1431640830509127,-6.757089570254637
