pcnose_host_time_utc,pcnose_elapsed_s,pcnose_device_time_s,pcnose_therm1_volts,pcnose_battery_raw,pcnose_flag,pcnose_sd_field1_hex,pcnose_sd_field2_hex,pcnose_sensor_mask_hex,pcnose_active_sensor_count,pcnose_S1_kohm,pcnose_S2_kohm,pcnose_S3_kohm,pcnose_S4_kohm,pcnose_S5_kohm,pcnose_S6_kohm,pcnose_S7_kohm,pcnose_S8_kohm,pcnose_S9_kohm,pcnose_S10_kohm,pcnose_S11_kohm,pcnose_S12_kohm,pcnose_S13_kohm,pcnose_S14_kohm,pcnose_S15_kohm,pcnose_S16_kohm,pcnose_S17_kohm,pcnose_S18_kohm,pcnose_S19_kohm,pcnose_S20_kohm,pcnose_S21_kohm,pcnose_S22_kohm,pcnose_S23_kohm,pcnose_S24_kohm,pcnose_S25_kohm,pcnose_S26_kohm,pcnose_S27_kohm,pcnose_S28_kohm,pcnose_S29_kohm,pcnose_S30_kohm,pcnose_S31_kohm,pcnose_S32_kohm,pcnose_raw_frame,pcnose_sample_time_estimate_utc,pcnose_timestamp_basis,pcnose_serial_roundtrip_ms,pose_alignment_valid,pose_alignment_status,pose_minus_pcnose_ms,abs_pose_minus_pcnose_ms,pose_host_timestamp_utc,pose_elapsed_s,camera_timestamp_ms,frame_number,tag_0_visible,tag_0_rms_px,tag_0_cam_x_cm,tag_0_cam_y_cm,tag_0_cam_z_cm,tag_0_cam_rvec_x_rad,tag_0_cam_rvec_y_rad,tag_0_cam_rvec_z_rad,tag_0_desk_x_cm,tag_0_desk_y_cm,tag_0_desk_z_cm,tag_0_desk_rvec_x_rad,tag_0_desk_rvec_y_rad,tag_0_desk_rvec_z_rad,tag_1_visible,tag_1_rms_px,tag_1_cam_x_cm,tag_1_cam_y_cm,tag_1_cam_z_cm,tag_1_cam_rvec_x_rad,tag_1_cam_rvec_y_rad,tag_1_cam_rvec_z_rad,tag_1_desk_x_cm,tag_1_desk_y_cm,tag_1_desk_z_cm,tag_1_desk_rvec_x_rad,tag_1_desk_rvec_y_rad,tag_1_desk_rvec_z_rad,tag_2_visible,tag_2_rms_px,tag_2_cam_x_cm,tag_2_cam_y_cm,tag_2_cam_z_cm,tag_2_cam_rvec_x_rad,tag_2_cam_rvec_y_rad,tag_2_cam_rvec_z_rad,tag_2_desk_x_cm,tag_2_desk_y_cm,tag_2_desk_z_cm,tag_2_desk_rvec_x_rad,tag_2_desk_rvec_y_rad,tag_2_desk_rvec_z_rad,tag_3_visible,tag_3_rms_px,tag_3_cam_x_cm,tag_3_cam_y_cm,tag_3_cam_z_cm,tag_3_cam_rvec_x_rad,tag_3_cam_rvec_y_rad,tag_3_cam_rvec_z_rad,tag_3_desk_x_cm,tag_3_desk_y_cm,tag_3_desk_z_cm,tag_3_desk_rvec_x_rad,tag_3_desk_rvec_y_rad,tag_3_desk_rvec_z_rad,tag_4_visible,tag_4_rms_px,tag_4_cam_x_cm,tag_4_cam_y_cm,tag_4_cam_z_cm,tag_4_cam_rvec_x_rad,tag_4_cam_rvec_y_rad,tag_4_cam_rvec_z_rad,tag_4_desk_x_cm,tag_4_desk_y_cm,tag_4_desk_z_cm,tag_4_desk_rvec_x_rad,tag_4_desk_rvec_y_rad,tag_4_desk_rvec_z_rad,tag_5_visible,tag_5_rms_px,tag_5_cam_x_cm,tag_5_cam_y_cm,tag_5_cam_z_cm,tag_5_cam_rvec_x_rad,tag_5_cam_rvec_y_rad,tag_5_cam_rvec_z_rad,tag_5_desk_x_cm,tag_5_desk_y_cm,tag_5_desk_z_cm,tag_5_desk_rvec_x_rad,tag_5_desk_rvec_y_rad,tag_5_desk_rvec_z_rad,tag_6_visible,tag_6_rms_px,tag_6_cam_x_cm,tag_6_cam_y_cm,tag_6_cam_z_cm,tag_6_cam_rvec_x_rad,tag_6_cam_rvec_y_rad,tag_6_cam_rvec_z_rad,tag_6_desk_x_cm,tag_6_desk_y_cm,tag_6_desk_z_cm,tag_6_desk_rvec_x_rad,tag_6_desk_rvec_y_rad,tag_6_desk_rvec_z_rad,cube_pose_valid,cube_used_tag_ids,cube_rms_px,cube_cam_x_cm,cube_cam_y_cm,cube_cam_z_cm,cube_cam_rvec_x_rad,cube_cam_rvec_y_rad,cube_cam_rvec_z_rad,cube_desk_x_cm,cube_desk_y_cm,cube_desk_z_cm,cube_desk_rvec_x_rad,cube_desk_rvec_y_rad,cube_desk_rvec_z_rad,snout_position_valid,snout_cam_x_cm,snout_cam_y_cm,snout_cam_z_cm,snout_desk_x_cm,snout_desk_y_cm,snout_desk_z_cm
2026-07-22T19:38:42.120+00:00,0.000000,90082.400000,1.219165,4095,0,02,00,FFFFFFFF,32,2.93625884,3.05055179,2.20751020,1.35194101,1.10203309,0.49459640,2.20784548,1.19315638,1.04843559,1.49507855,2.20784127,0.89003924,1.00936096,0.96005738,2.20796182,0.63937641,1.98475717,0.97793743,2.20748756,1.00488243,0.76625200,0.81074813,2.20507840,1.17602900,1.81896293,1.36249748,2.20671403,1.14187868,1.06273367,0.80749693,2.20718233,0.71001045,SD 02 00 FFFFFFFF 921057 9473CD 7FED88 612A4E 552E32 2ED0BC 7FF005 59C11C 525EE4 674D2E 7FEFFD 497FC4 504365 4D87B1 7FF0E2 3971BC 79207B 4E87F1 7FED5D 5004B9 41E898 44B56A 7FDB79 58E9D6 7393A7 61A275 7FE79F 573609 532115 4481C1 7FEB19 3E3F4D 7CD7AD 000FFF 00 0DBED8,2026-07-22T19:38:42.063+00:00,serial_request_midpoint,115.1855,True,matched,-53.50435,53.50435,2026-07-22T19:38:42.010+00:00,0.006777,1784749121928.851,1,False,,,,,,,,,,,,,,False,,,,,,,,,,,,,,False,,,,,,,,,,,,,,False,,,,,,,,,,,,,,False,,,,,,,,,,,,,,False,,,,,,,,,,,,,,True,0.22234582924705992,-42.098501271820005,6.534622891242246,72.6717155043128,-0.08797479871506536,-0.015213328303180174,1.4797853207335963,3.552713678800501e-16,0.0,0.0,0.0,0.0,0.0,False,,,,,,,,,,,,,,,False,,,,,,
2026-07-22T19:38:42.533+00:00,1.100000,90083.500000,1.219165,4095,0,02,00,FFFFFFFF,32,2.93636885,3.05038238,2.20717443,1.35201287,1.10201800,0.49460212,2.20781811,1.19314982,1.04840008,1.49511817,2.20791023,0.89004287,1.00933776,0.96003868,2.20781600,0.63935561,1.98475622,0.97788919,2.20769968,1.00481442,0.76624077,0.81073238,2.20739178,1.17605003,1.81892528,1.36256219,2.20726284,1.14187717,1.06266925,0.80753916,2.20759493,0.71002632,SD 02 00 FFFFFFFF 9210F1 9472EA 7FEB0A 612B20 552DFF 2ED0D9 7FEFD1 59C107 525E68 674D99 7FF080 497FD2 504312 4D876C 7FEFCD 39715D 792079 4E8741 7FEEF0 5003C5 41E869 44B52A 7FECA7 58EA1A 739351 61A331 7FEBB2 573604 532036 44826D 7FEE29 3E3F92 7CD7AD 000FFF 00 0DBEE3,2026-07-22T19:38:42.427+00:00,serial_request_midpoint,212.0912,True,matched,1.4641,1.4641,2026-07-22T19:38:42.427+00:00,0.425772,1784749122366.105,14,False,,,,,,,,,,,,,,False,,,,,,,,,,,,,,False,,,,,,,,,,,,,,False,,,,,,,,,,,,,,False,,,,,,,,,,,,,,False,,,,,,,,,,,,,,True,0.2041334840950198,-42.120319332342774,6.540474999692188,72.70697609875256,-0.0816720718420687,-0.028281620271149104,1.4826617388557477,0.0,0.0,0.0,0.0,0.0,0.0,False,,,,,,,,,,,,,,,False,,,,,,
2026-07-22T19:38:43.090+00:00,1.600000,90084.000000,1.218555,4095,0,02,00,FFFFFFFF,32,2.93628099,3.05031372,2.20732968,1.35205667,1.10203930,0.49460843,2.20773389,1.19315013,1.04836486,1.49504597,2.20748914,0.89002343,1.00935760,0.96004898,2.20752862,0.63936919,1.98470591,0.97788782,2.20766441,1.00481497,0.76625892,0.81073041,2.20554425,1.17602282,1.81891127,1.36257665,2.20479505,1.14181293,1.06267358,0.80752689,2.20681400,0.71002333,SD 02 00 FFFFFFFF 921076 94728E 7FEC31 612BA0 552E47 2ED0F9 7FEF31 59C108 525DED 674CD6 7FED60 497F87 504359 4D8792 7FEDAB 39719B 79200F 4E873C 7FEEAD 5003C7 41E8B5 44B522 7FDEEF 58E9C2 739331 61A35B 7FD95E 573530 532045 44823B 7FE85D 3E3F85 7CC7AD 000FFF 00 0DBEE8,2026-07-22T19:38:42.913+00:00,serial_request_midpoint,354.6561,True,matched,22.49685,22.49685,2026-07-22T19:38:42.934+00:00,0.932451,1784749122868.028,29,False,,,,,,,,,,,,,,False,,,,,,,,,,,,,,False,,,,,,,,,,,,,,False,,,,,,,,,,,,,,False,,,,,,,,,,,,,,False,,,,,,,,,,,,,,True,0.14757927403996693,-42.09139369306064,6.531846330958373,72.652283601795,-0.0857325503042803,-0.017896613856328878,1.4788657773362754,4.4408920985006264e-17,0.0,0.0,0.0,0.0,0.0,False,,,,,,,,,,,,,,,False,,,,,,
2026-07-22T19:38:43.647+00:00,2.800000,90085.200000,1.218555,4095,0,02,00,FFFFFFFF,32,2.93637242,3.05040924,2.20483395,1.35200363,1.10210084,0.49458574,2.20733599,1.19317824,1.04841326,1.49507226,2.20756651,0.89003173,1.00936152,0.96004465,2.20780337,0.63937685,1.98472917,0.97788398,2.20768073,1.00483532,0.76624865,0.81074149,2.20811291,1.17603982,1.81897650,1.36255186,2.20757704,1.14184687,1.06266665,0.80752860,2.20793129,0.71002517,SD 02 00 FFFFFFFF 9210F6 94730E 7FD9A8 612B05 552F17 2ED086 7FEC3D 59C162 525E96 674D1D 7FEDF3 497FA7 504367 4D8782 7FEFB5 3971BE 792040 4E872E 7FEECC 500410 41E88A 44B54F 7FF201 58E9F9 7393C6 61A313 7FEE07 5735A0 53202D 448242 7FF0A8 3E3F8D 7CC7AD 000FFF 00 0DBEF4,2026-07-22T19:38:43.469+00:00,serial_request_midpoint,356.9579,True,matched,69.30455,69.30455,2026-07-22T19:38:43.538+00:00,1.53592,1784749123467.237,47,False,,,,,,,,,,,,,,False,,,,,,,,,,,,,,False,,,,,,,,,,,,,,False,,,,,,,,,,,,,,False,,,,,,,,,,,,,,False,,,,,,,,,,,,,,True,0.14270348944459038,-42.11058815631708,6.536912853465788,72.68795508857637,-0.08235882052115097,-0.021078767754414317,1.4815730992981835,6.550315845288424e-16,0.0,0.0,0.0,0.0,0.0,False,,,,,,,,,,,,,,,False,,,,,,
2026-07-22T19:38:44.204+00:00,4.000000,90086.400000,1.217944,4095,0,02,00,FFFFFFFF,32,2.93637099,3.05017789,2.20759809,1.35199713,1.10206267,0.49458338,2.20748862,1.19312420,1.04834568,1.49502339,2.20745862,0.89001592,1.00934447,0.96003624,2.20757809,0.63934773,1.98474530,0.97791989,2.20758967,1.00484870,0.76623933,0.81073878,2.20792392,1.17603735,1.81897737,1.36260557,2.20749283,1.14181535,1.06268196,0.80754948,2.20749335,0.71001712,SD 02 00 FFFFFFFF 9210F4 9471D8 7FEE2F 612AF2 552E96 2ED07A 7FED5F 59C0B5 525DAA 674C99 7FED26 497F6A 50432A 4D8763 7FEE09 397139 792062 4E87B1 7FEE1F 500440 41E863 44B544 7FF09A 58E9F1 7393C8 61A3AF 7FED67 573538 532062 448297 7FED68 3E3F6A 7CB7AF 000FFF 00 0DBF00,2026-07-22T19:38:44.026+00:00,serial_request_midpoint,357.2053,True,matched,0.99355,0.99355,2026-07-22T19:38:44.026+00:00,2.024869,1784749123965.77,62,False,,,,,,,,,,,,,,False,,,,,,,,,,,,,,False,,,,,,,,,,,,,,False,,,,,,,,,,,,,,False,,,,,,,,,,,,,,False,,,,,,,,,,,,,,True,0.16207923575441324,-42.13567285704392,6.545739684185413,72.7318985258841,-0.08768449484301667,-0.020788298918732403,1.4793202901589428,-1.7763568394002506e-16,0.0,-1.1368683772161604e-14,0.0,0.0,0.0,False,,,,,,,,,,,,,,,False,,,,,,
2026-07-22T19:38:44.762+00:00,4.500000,90086.900000,1.217944,4095,0,02,00,FFFFFFFF,32,2.93645242,3.05032491,2.20728442,1.35198139,1.10203782,0.49461178,2.20566572,1.19314513,1.04839235,1.49503042,2.20727810,0.89002265,1.00938919,0.96004031,2.20538492,0.63935933,1.98491710,0.97790673,2.20672034,1.00485344,0.76625439,0.81073165,2.20752072,1.17601725,1.81894542,1.36263586,2.20761441,1.14184353,1.06267994,0.80752369,2.20769652,0.71001574,SD 02 00 FFFFFFFF 921166 94729D 7FEBDB 612AC4 552E42 2ED10A 7FDFD6 59C0F8 525E4D 674CAC 7FEBCF 497F84 5043CA 4D8772 7FDDC0 39716E 7921CC 4E8781 7FE7AB 500451 41E8A2 44B527 7FED9C 58E9B0 73937F 61A407 7FEE4E 573595 53205B 44822E 7FEEEA 3E3F64 7CB7AF 000FFF 00 0DBF05,2026-07-22T19:38:44.584+00:00,serial_request_midpoint,355.8961,True,matched,15.51935,15.51935,2026-07-22T19:38:44.599+00:00,2.596973,1784749124532.308,79,False,,,,,,,,,,,,,,False,,,,,,,,,,,,,,False,,,,,,,,,,,,,,False,,,,,,,,,,,,,,False,,,,,,,,,,,,,,False,,,,,,,,,,,,,,True,0.17979100382873528,-42.13207351346115,6.54650566144227,72.73232614757899,-0.086502610617634,-0.020388966807474408,1.4789094936669056,-3.108624468950438e-16,0.0,0.0,0.0,0.0,0.0,False,,,,,,,,,,,,,,,False,,,,,,
2026-07-22T19:38:45.318+00:00,5.700000,90088.100000,1.217944,4095,0,02,00,FFFFFFFF,32,2.93651814,3.05043014,2.20761230,1.35197591,1.10208250,0.49458397,2.20769231,1.19317699,1.04841011,1.49506041,2.20753546,0.89001980,1.00933804,0.96003055,2.20787654,0.63937160,1.98476713,0.97793825,2.20765915,1.00484982,0.76623718,0.81074936,2.20737652,1.17602869,1.81905268,1.36262966,2.20510206,1.14186353,1.06266347,0.80754801,2.20739862,0.71001666,SD 02 00 FFFFFFFF 9211C2 94732A 7FEE4A 612AB4 552ED9 2ED07D 7FEEE2 59C15E 525E8B 674CFD 7FEDB8 497F79 504313 4D874E 7FF040 3971A6 792090 4E87F4 7FEEA3 500444 41E85A 44B56F 7FEC8A 58E9D5 739474 61A3F5 7FDBA6 5735D7 532022 448291 7FECB4 3E3F68 7CB7AE 000FFF 00 0DBF11,2026-07-22T19:38:45.140+00:00,serial_request_midpoint,354.9894,True,matched,14.2778,14.2778,2026-07-22T19:38:45.153+00:00,3.151855,1784749125097.921,96,False,,,,,,,,,,,,,,False,,,,,,,,,,,,,,False,,,,,,,,,,,,,,False,,,,,,,,,,,,,,False,,,,,,,,,,,,,,False,,,,,,,,,,,,,,True,0.21085849383488495,-42.057853386831624,6.532452110571053,72.6068200089423,-0.08604768721275984,-0.015763376629746955,1.4801673917130411,-5.773159728050814e-16,0.0,0.0,0.0,0.0,0.0,False,,,,,,,,,,,,,,,False,,,,,,
2026-07-22T19:38:45.873+00:00,6.200000,90088.600000,1.220386,4095,0,02,00,FFFFFFFF,32,2.93640313,3.05033760,2.20717549,1.35200705,1.10207510,0.49459166,2.20762441,1.19317793,1.04838376,1.49504190,2.20533497,0.89002291,1.00935928,0.96001754,2.20723443,0.63937072,1.98474056,0.97792975,2.20764073,1.00485539,0.76622452,0.81073140,2.20790497,1.17603642,1.81895636,1.36253569,2.20768757,1.14186171,1.06266665,0.80752517,2.20804763,0.71001712,SD 02 00 FFFFFFFF 921121 9472AE 7FEB0C 612B0F 552EC0 2ED0A4 7FEE61 59C161 525E2F 674CCB 7FDD61 497F85 50435F 4D871E 7FEB7C 3971A2 792058 4E87D5 7FEE80 500458 41E825 44B526 7FF076 58E9EE 739398 61A2E4 7FEED9 5735D1 53202D 448234 7FF185 3E3F6A 7CF7AE 000FFF 00 0DBF16,2026-07-22T19:38:45.696+00:00,serial_request_midpoint,355.635,True,matched,94.1939,94.1939,2026-07-22T19:38:45.789+00:00,3.787725,1784749125728.707,115,False,,,,,,,,,,,,,,False,,,,,,,,,,,,,,False,,,,,,,,,,,,,,False,,,,,,,,,,,,,,False,,,,,,,,,,,,,,False,,,,,,,,,,,,,,True,0.18794353461822513,-42.071548588778555,6.533405254289325,72.62270789948657,-0.08182888836664093,-0.02232386846161608,1.4836549749666872,3.9968028886505636e-16,0.0,0.0,0.0,0.0,0.0,False,,,,,,,,,,,,,,,False,,,,,,
2026-07-22T19:38:46.433+00:00,7.400000,90089.800000,1.217944,4095,0,02,00,FFFFFFFF,32,2.93632385,3.05038611,2.20752125,1.35205838,1.10207332,0.49458338,2.20557369,1.19317512,1.04836715,1.49501747,2.20737652,0.89002576,1.00934782,0.96003272,2.20777337,0.63937466,1.98476144,0.97789056,2.20759230,1.00482863,0.76622954,0.81074493,2.20766020,1.17606178,1.81899401,1.36257458,2.20740125,1.14191232,1.06264036,0.80753229,2.20739915,0.71001689,SD 02 00 FFFFFFFF 9210B2 9472EF 7FED9D 612BA5 552EBA 2ED07A 7FDF27 59C158 525DF5 674C89 7FEC8A 497F90 504336 4D8756 7FEF7C 3971B4 792084 4E8746 7FEE24 5003F8 41E83A 44B55D 7FEEA5 58EA40 7393EE 61A355 7FECB9 573678 531FD2 448251 7FECB5 3E3F69 7CB7AE 000FFF 00 0DBF22,2026-07-22T19:38:46.254+00:00,serial_request_midpoint,359.2388,True,matched,4.0739,4.0739,2026-07-22T19:38:46.257+00:00,4.255357,1784749126195.057,129,False,,,,,,,,,,,,,,False,,,,,,,,,,,,,,False,,,,,,,,,,,,,,False,,,,,,,,,,,,,,False,,,,,,,,,,,,,,False,,,,,,,,,,,,,,True,0.15448561847142933,-42.0751776001057,6.539365212088114,72.62807554747242,-0.08829584331229223,-0.017575540830599302,1.4795648316848862,-5.329070518200751e-16,0.0,0.0,0.0,0.0,0.0,False,,,,,,,,,,,,,,,False,,,,,,
2026-07-22T19:38:46.988+00:00,7.900000,90090.300000,1.220386,4095,0,02,00,FFFFFFFF,32,2.93636956,3.05049656,2.20742336,1.35199336,1.10209729,0.49459107,2.20803341,1.19317481,1.04839693,1.49503857,2.20777231,0.89002965,1.00934586,0.96002947,2.20738283,0.63935736,1.98483879,0.97790262,2.20756230,1.00485567,0.76622739,0.81073780,2.20495538,1.17605498,1.81894629,1.36258629,2.20476351,1.14192383,1.06266954,0.80756053,2.20722180,0.71002126,SD 02 00 FFFFFFFF 9210F2 947383 7FECE3 612AE7 552F0B 2ED0A1 7FF16A 59C157 525E5D 674CC2 7FEF7A 497F9F 50432F 4D874A 7FEC96 397165 792127 4E8772 7FEDEB 500459 41E831 44B540 7FDA8F 58EA2A 739381 61A377 7FD922 57369E 532037 4482C4 7FEB64 3E3F7C 7CF7AE 000FFF 00 0DBF27,2026-07-22T19:38:46.811+00:00,serial_request_midpoint,354.3194,True,matched,2.1907,2.1907,2026-07-22T19:38:46.812+00:00,4.810476,1784749126761.764,146,False,,,,,,,,,,,,,,False,,,,,,,,,,,,,,False,,,,,,,,,,,,,,False,,,,,,,,,,,,,,False,,,,,,,,,,,,,,False,,,,,,,,,,,,,,True,0.18810133049376984,-42.06120657412305,6.53107901932299,72.60901188946383,-0.08287254528168546,-0.015236816842216585,1.4797387312516452,3.9968028886505636e-16,0.0,0.0,0.0,0.0,0.0,False,,,,,,,,,,,,,,,False,,,,,,
2026-07-22T19:38:47.545+00:00,9.100000,90091.500000,1.218555,4095,0,02,00,FFFFFFFF,32,2.93613313,3.05027118,2.20501426,1.35198584,1.10209463,0.49458357,2.20698974,1.19316044,1.04841870,1.49504931,2.20513307,0.89003458,1.00936208,0.96003245,2.20730126,0.63935517,1.98478754,0.97790317,2.20765652,1.00481553,0.76625319,0.81073361,2.20781390,1.17604446,1.81898920,1.36266064,2.20773073,1.14190656,1.06264961,0.80753032,2.20749862,0.71001367,SD 02 00 FFFFFFFF 920FA7 947255 7FDAFF 612AD1 552F02 2ED07B 7FE9AB 59C129 525EA9 674CDF 7FDBE1 497FB2 504369 4D8755 7FEBFB 39715B 7920BB 4E8774 7FEE9E 5003C9 41E89D 44B52F 7FEFC9 58EA08 7393E3 61A44F 7FEF2B 573665 531FF2 448249 7FED72 3E3F5B 7CC7AE 000FFF 00 0DBF33,2026-07-22T19:38:47.367+00:00,serial_request_midpoint,356.3993,True,matched,90.67525,90.67525,2026-07-22T19:38:47.456+00:00,5.454755,1784749127395.085,165,False,,,,,,,,,,,,,,False,,,,,,,,,,,,,,False,,,,,,,,,,,,,,False,,,,,,,,,,,,,,False,,,,,,,,,,,,,,False,,,,,,,,,,,,,,True,0.15183035088872396,-42.154893391464256,6.543943318670226,72.77072276800348,-0.08534344972377679,-0.023424695217743832,1.4818439405539787,-7.438494264988549e-16,0.0,-1.1368683772161604e-14,0.0,0.0,0.0,False,,,,,,,,,,,,,,,False,,,,,,
2026-07-22T19:38:48.102+00:00,9.700000,90092.100000,1.219775,4095,0,02,00,FFFFFFFF,32,2.93631456,3.05018461,2.20723864,1.35197796,1.10207628,0.49459679,2.20556843,1.19314232,1.04840724,1.49505264,2.20471462,0.89003510,1.00936906,0.96003651,2.20439663,0.63937247,1.98485541,0.97791084,2.20438033,1.00482584,0.76623503,0.81075429,2.20677927,1.17603611,1.81902816,1.36266718,2.20499008,1.14188292,1.06267069,0.80753302,2.20499638,0.71000700,SD 02 00 FFFFFFFF 9210A5 9471E1 7FEB84 612ABA 552EC4 2ED0BE 7FDF1D 59C0EF 525E81 674CE8 7FD8C5 497FB4 504382 4D8764 7FD668 3971AA 79214A 4E8790 7FD649 5003EE 41E851 44B583 7FE81B 58E9ED 73943C 61A462 7FDAD1 573617 53203B 448254 7FDADD 3E3F3E 7CE7AE 000FFF 00 0DBF39,2026-07-22T19:38:47.924+00:00,serial_request_midpoint,356.4994,True,matched,85.2927,85.2927,2026-07-22T19:38:48.008+00:00,6.006812,1784749127928.401,181,False,,,,,,,,,,,,,,False,,,,,,,,,,,,,,False,,,,,,,,,,,,,,False,,,,,,,,,,,,,,False,,,,,,,,,,,,,,False,,,,,,,,,,,,,,True,0.1563190352423444,-42.068092755718716,6.530832301894291,72.61728023047796,-0.0840421927947843,-0.018209688856862343,1.4787973733700495,4.884981308350689e-16,0.0,0.0,0.0,0.0,0.0,False,,,,,,,,,,,,,,,False,,,,,,
2026-07-22T19:38:48.660+00:00,10.800000,90093.200000,1.217944,4095,0,02,00,FFFFFFFF,32,2.93635242,3.05021073,2.20703815,1.35198002,1.10208427,0.49459659,2.20777916,1.19314732,1.04838691,1.49506708,2.20536178,0.89001436,1.00932965,0.96004790,2.20698079,0.63936525,1.98478564,0.97788836,2.20506210,1.00481135,0.76621592,0.81073238,2.20483920,1.17602715,1.81906756,1.36261796,2.20461633,1.14186474,1.06273685,0.80752639,2.20502320,0.71001620,SD 02 00 FFFFFFFF 9210DA 947204 7FEA07 612AC0 552EDF 2ED0BD 7FEF87 59C0FF 525E3A 674D0F 7FDD94 497F64 5042F5 4D878E 7FE99A 397189 7920B7 4E873E 7FDB5A 5003BA 41E801 44B52A 7FD9B2 58E9D0 739496 61A3D3 7FD80A 5735DB 532120 448239 7FDB10 3E3F66 7CB7AE 000FFF 00 0DBF44,2026-07-22T19:38:48.481+00:00,serial_request_midpoint,358.8564,True,matched,-15.0133,15.0133,2026-07-22T19:38:48.466+00:00,6.464339,1784749128395.074,195,False,,,,,,,,,,,,,,False,,,,,,,,,,,,,,False,,,,,,,,,,,,,,False,,,,,,,,,,,,,,False,,,,,,,,,,,,,,False,,,,,,,,,,,,,,True,0.1272177350642153,-42.02506353926195,6.531205501791298,72.53870790985863,-0.08274194653329692,-0.01846647001935829,1.4788384959640715,4.440892098500626e-16,0.0,0.0,0.0,0.0,0.0,False,,,,,,,,,,,,,,,False,,,,,,
2026-07-22T19:38:49.217+00:00,12.000000,90094.400000,1.218555,4095,0,02,00,FFFFFFFF,32,2.93633099,3.05025774,2.20397726,1.35192903,1.10209433,0.49458278,2.20434302,1.19311421,1.04842013,1.49506671,2.20471567,0.89003354,1.00933496,0.96005874,2.20486023,0.63935036,1.98471493,0.97790563,2.20718864,1.00482529,0.76623002,0.81074838,2.20758388,1.17602653,1.81902860,1.36263620,2.20765178,1.14187595,1.06265741,0.80754457,2.20548693,0.71002057,SD 02 00 FFFFFFFF 9210BC 947243 7FD34A 612A2B 552F01 2ED077 7FD602 59C095 525EAE 674D0E 7FD8C7 497FAE 504308 4D87B6 7FD9DA 397145 792022 4E877D 7FEB25 5003EC 41E83C 44B56B 7FEE14 58E9CE 73943D 61A408 7FEE95 573600 53200D 448283 7FDE82 3E3F79 7CC7AE 000FFF 00 0DBF50,2026-07-22T19:38:49.040+00:00,serial_request_midpoint,354.9899,True,matched,8.45555,8.45555,2026-07-22T19:38:49.047+00:00,7.045689,1784749128995.073,213,False,,,,,,,,,,,,,,False,,,,,,,,,,,,,,False,,,,,,,,,,,,,,False,,,,,,,,,,,,,,False,,,,,,,,,,,,,,False,,,,,,,,,,,,,,True,0.19624444758959134,-42.09157235734104,6.536815760786991,72.65327033805431,-0.08196233552614499,-0.022408412685012067,1.4819008422917164,3.9968028886505636e-16,0.0,0.0,0.0,0.0,0.0,False,,,,,,,,,,,,,,,False,,,,,,
2026-07-22T19:38:49.775+00:00,12.500000,90094.900000,1.221606,4095,0,02,00,FFFFFFFF,32,2.93623527,3.05030551,2.20700605,1.35197488,1.10206356,0.49459876,2.20768862,1.19313982,1.04842528,1.49506263,2.20765125,0.89004935,1.00932853,0.96006470,2.20533497,0.63935802,1.98472679,0.97792729,2.20481555,1.00480271,0.76625009,0.81074026,2.20493330,1.17606580,1.81916214,1.36259696,2.20430203,1.14190898,1.06265278,0.80754187,2.20465470,0.71002471,SD 02 00 FFFFFFFF 921036 947283 7FE9CA 612AB1 552E99 2ED0C8 7FEEDB 59C0E7 525EC0 674D03 7FEE94 497FEB 5042F1 4D87CC 7FDD61 397168 79203B 4E87CC 7FD985 50039B 41E890 44B54A 7FDA65 58EA4D 73956E 61A396 7FD5B4 57366D 531FFD 448278 7FD853 3E3F8B 7D17AE 000FFF 00 0DBF55,2026-07-22T19:38:49.597+00:00,serial_request_midpoint,356.4288,True,matched,9.7122,9.7122,2026-07-22T19:38:49.605+00:00,7.603906,1784749129528.395,229,False,,,,,,,,,,,,,,False,,,,,,,,,,,,,,False,,,,,,,,,,,,,,False,,,,,,,,,,,,,,False,,,,,,,,,,,,,,False,,,,,,,,,,,,,,False,,,,,,,,,,,,,,False,,,,,,,,,,,,,,,False,,,,,,
2026-07-22T19:38:50.328+00:00,13.700000,90096.100000,1.217334,4095,0,02,00,FFFFFFFF,32,2.93622599,3.05040253,2.20440609,1.35194272,1.10202273,0.49459225,2.20468624,1.19311764,1.04843416,1.49506597,2.20469149,0.89002758,1.00935509,0.96005982,2.20471199,0.63934926,1.98475906,0.97790344,2.20456744,1.00479797,0.76622476,0.81074420,2.20475877,1.17607136,1.81908289,1.36259386,2.20471725,1.14184959,1.06270536,0.80753425,2.20495748,0.71003000,SD 02 00 FFFFFFFF 921029 947305 7FD67A 612A53 552E0F 2ED0A7 7FD88F 59C0A0 525EDF 674D0C 7FD899 497F97 504350 4D87BA 7FD8C0 397140 79207F 4E8775 7FD7AD 50038A 41E826 44B55A 7FD919 58EA5F 7394B9 61A38D 7FD8CA 5735A9 5320B3 448259 7FDA93 3E3FA2 7CA7AD 000FFF 00 0DBF61,2026-07-22T19:38:50.152+00:00,serial_request_midpoint,354.2225,True,matched,92.49935,92.49935,2026-07-22T19:38:50.244+00:00,8.242432,1784749130195.062,249,False,,,,,,,,,,,,,,False,,,,,,,,,,,,,,False,,,,,,,,,,,,,,False,,,,,,,,,,,,,,False,,,,,,,,,,,,,,False,,,,,,,,,,,,,,False,,,,,,,,,,,,,,False,,,,,,,,,,,,,,,False,,,,,,
2026-07-22T19:38:50.887+00:00,14.200000,90096.600000,1.221606,4095,0,02,00,FFFFFFFF,32,2.93634527,3.05053761,2.20674718,1.35197386,1.10205143,0.49460468,2.20773284,1.19312733,1.04840839,1.49508781,2.20766178,0.89002654,1.00932714,0.96003868,2.20738599,0.63934182,1.98474910,0.97791879,2.20521351,1.00479295,0.76623838,0.81075429,2.20502950,1.17602498,1.81907413,1.36264446,2.20467467,1.14189232,1.06264816,0.80753720,2.20491437,0.71001367,SD 02 00 FFFFFFFF 9210D0 9473BA 7FE7DE 612AAE 552E70 2ED0E6 7FEF2F 59C0BF 525E85 674D47 7FEEA8 497F93 5042EC 4D876C 7FEC9C 39711E 79206A 4E87AD 7FDC7A 500378 41E85F 44B583 7FDB1C 58E9C9 7394A5 61A420 7FD879 573636 531FED 448265 7FDA41 3E3F5B 7D17AD 000FFF 00 0DBF66,2026-07-22T19:38:50.708+00:00,serial_request_midpoint,357.2013,True,matched,57.85285,57.85285,2026-07-22T19:38:50.765+00:00,8.763851,1784749130695.07,264,False,,,,,,,,,,,,,,False,,,,,,,,,,,,,,False,,,,,,,,,,,,,,False,,,,,,,,,,,,,,False,,,,,,,,,,,,,,False,,,,,,,,,,,,,,False,,,,,,,,,,,,,,False,,,,,,,,,,,,,,,False,,,,,,
2026-07-22T19:38:51.443+00:00,15.400000,90097.800000,1.217944,4095,0,02,00,FFFFFFFF,32,2.93642099,3.05019953,2.20682610,1.35195949,1.10204433,0.49459561,2.20487337,1.19312514,1.04840982,1.49509410,2.20470779,0.89004339,1.00934502,0.96004221,2.20452434,0.63935890,1.98472205,0.97791851,2.20649991,1.00480132,0.76625606,0.81074838,2.20747125,1.17603302,1.81900233,1.36261107,2.20759441,1.14186899,1.06260252,0.80753745,2.20541279,0.71001850,SD 02 00 FFFFFFFF 92113A 9471F5 7FE874 612A84 552E58 2ED0B8 7FD9F3 59C0B8 525E8A 674D58 7FD8B8 497FD4 50432C 4D8779 7FD75B 39716C 792031 4E87AC 7FE608 500396 41E8A9 44B56B 7FED3E 58E9E3 739401 61A3BF 7FEE28 5735E9 531F4F 448266 7FDDF5 3E3F70 7CB7AE 000FFF 00 0DBF72,2026-07-22T19:38:51.265+00:00,serial_request_midpoint,356.4063,True,matched,39.29085,39.29085,2026-07-22T19:38:51.305+00:00,9.302259,1784749131228.377,280,False,,,,,,,,,,,,,,False,,,,,,,,,,,,,,False,,,,,,,,,,,,,,False,,,,,,,,,,,,,,False,,,,,,,,,,,,,,False,,,,,,,,,,,,,,False,,,,,,,,,,,,,,False,,,,,,,,,,,,,,,False,,,,,,
2026-07-22T19:38:52.001+00:00,15.900000,90098.300000,1.217944,4095,0,02,00,FFFFFFFF,32,2.93605957,3.05032043,2.20451751,1.35203032,1.10205823,0.49462362,2.20475877,1.19314013,1.04837202,1.49508263,2.20651464,0.89004339,1.00937214,0.96001483,2.20751546,0.63935233,1.98477710,0.97791742,2.20763283,1.00479853,0.76623862,0.81075256,2.20744757,1.17604694,1.81912010,1.36263517,2.20534601,1.14189383,1.06259819,0.80752885,2.20740494,0.71003046,SD 02 00 FFFFFFFF 920F40 947297 7FD74E 612B53 552E87 2ED146 7FD919 59C0E8 525E06 674D39 7FE624 497FD4 50438D 4D8714 7FED92 39714E 7920A5 4E87A8 7FEE71 50038C 41E860 44B57C 7FED11 58EA10 73950E 61A405 7FDD76 57363B 531F40 448243 7FECC0 3E3FA4 7CB7AE 000FFF 00 0DBF77,2026-07-22T19:38:51.823+00:00,serial_request_midpoint,356.163,True,matched,88.987,88.987,2026-07-22T19:38:51.911+00:00,9.90924,1784749131861.667,299,False,,,,,,,,,,,,,,False,,,,,,,,,,,,,,False,,,,,,,,,,,,,,False,,,,,,,,,,,,,,False,,,,,,,,,,,,,,False,,,,,,,,,,,,,,False,,,,,,,,,,,,,,False,,,,,,,,,,,,,,,False,,,,,,
2026-07-22T19:38:52.558+00:00,17.100000,90099.500000,1.218554,4095,0,02,00,FFFFFFFF,32,2.93625813,3.05030625,2.20496221,1.35202895,1.10206238,0.49461376,2.20729600,1.19310359,1.04842557,1.49504560,2.20765178,0.89003328,1.00934335,0.96003950,2.20733915,0.63935036,1.98483737,0.97791440,2.20755493,1.00478431,0.76623886,0.81073017,2.20551217,1.17605869,1.81898788,1.36266202,2.20466784,1.14188959,1.06266896,0.80751927,2.20735915,0.71002540,SD 02 00 FFFFFFFF 921056 947284 7FDA9C 612B4F 552E95 2ED114 7FEBF1 59C073 525EC1 674CD5 7FEE95 497FAD 504326 4D876F 7FEC43 397145 792124 4E879D 7FEDDD 500359 41E861 44B521 7FDEB2 58EA36 7393E0 61A453 7FD86C 57362D 532035 44821C 7FEC69 3E3F8E 7CC7AC 000FFF 00 0DBF83,2026-07-22T19:38:52.380+00:00,serial_request_midpoint,357.1778,True,matched,46.9008,46.9008,2026-07-22T19:38:52.426+00:00,10.424018,1784749132361.684,314,False,,,,,,,,,,,,,,False,,,,,,,,,,,,,,False,,,,,,,,,,,,,,False,,,,,,,,,,,,,,False,,,,,,,,,,,,,,False,,,,,,,,,,,,,,False,,,,,,,,,,,,,,False,,,,,,,,,,,,,,,False,,,,,,
2026-07-22T19:38:53.113+00:00,17.700000,90100.100000,1.218554,4095,0,02,00,FFFFFFFF,32,2.93639456,3.05038088,2.20742336,1.35196530,1.10209640,0.49459521,2.20554109,1.19315513,1.04840495,1.49506893,2.20499218,0.89004909,1.00934167,0.96000508,2.20704078,0.63935408,1.98478944,0.97792537,2.20771336,1.00479267,0.76623981,0.81070900,2.20790023,1.17604755,1.81906406,1.36264619,2.20749441,1.14184717,1.06265683,0.80751583,2.20555161,0.71002379,SD 02 00 FFFFFFFF 921115 9472E8 7FECE3 612A95 552F08 2ED0B6 7FDEE9 59C118 525E79 674D14 7FDAD5 497FEA 504320 4D86F0 7FEA0C 397156 7920BF 4E87C5 7FEF0A 500377 41E865 44B4CB 7FF06D 58EA12 73948E 61A425 7FED6A 5735A1 53200B 44820E 7FDEFD 3E3F87 7CC7AC 000FFF 00 0DBF89,2026-07-22T19:38:52.936+00:00,serial_request_midpoint,355.9086,True,matched,9.5818,9.5818,2026-07-22T19:38:52.945+00:00,10.943443,1784749132895.026,330,False,,,,,,,,,,,,,,False,,,,,,,,,,,,,,False,,,,,,,,,,,,,,False,,,,,,,,,,,,,,False,,,,,,,,,,,,,,False,,,,,,,,,,,,,,True,0.12945430715147022,-41.99190239448329,6.513028427711449,72.4580677802876,-0.08512445373046319,-0.013171433585112531,1.4781904250395885,4.440892098500626e-16,0.0,0.0,0.0,0.0,0.0,False,,,,,,,,,,,,,,,False,,,,,,
2026-07-22T19:38:53.673+00:00,18.800000,90101.200000,1.215503,4095,0,02,00,FFFFFFFF,32,2.93627884,3.05024282,2.20700815,1.35197078,1.10209995,0.49459975,2.20731073,1.19315388,1.04842385,1.49505338,2.20525032,0.89006750,1.00935173,0.96003814,2.20498902,0.63934839,1.98483595,0.97788151,2.20700447,1.00480438,0.76624770,0.81071663,2.20764283,1.17605900,1.81906625,1.36263207,2.20747441,1.14186505,1.06268543,0.80750994,2.20791602,0.71000010,SD 02 00 FFFFFFFF 921073 94722F 7FE9CE 612AA5 552F14 2ED0CD 7FEC0D 59C114 525EBB 674CEA 7FDCC0 498031 504344 4D876A 7FDACF 39713C 792121 4E8725 7FE9C7 5003A1 41E886 44B4EA 7FEE84 58EA37 739493 61A3FC 7FED44 5735DC 53206E 4481F6 7FF08B 3E3F20 7C77AE 000FFF 00 0DBF94,2026-07-22T19:38:53.494+00:00,serial_request_midpoint,357.4803,True,matched,73.34635,73.34635,2026-07-22T19:38:53.566+00:00,11.564775,1784749133494.982,348,False,,,,,,,,,,,,,,False,,,,,,,,,,,,,,False,,,,,,,,,,,,,,False,,,,,,,,,,,,,,False,,,,,,,,,,,,,,False,,,,,,,,,,,,,,True,0.1098404787444697,-42.07004455195723,6.5252835573919175,72.60079090549988,-0.08105695853453442,-0.021787261964167495,1.4804319098334653,-3.3306690738754696e-16,0.0,0.0,0.0,0.0,0.0,False,,,,,,,,,,,,,,,False,,,,,,
2026-07-22T19:38:54.230+00:00,20.000000,90102.400000,1.217944,4095,0,02,00,FFFFFFFF,32,2.93619385,3.05020625,2.20752704,1.35197386,1.10205883,0.49457706,2.20552216,1.19313295,1.04840381,1.49500747,2.20468203,0.89004106,1.00933552,0.96002703,2.20487810,0.63934685,1.98489907,0.97789001,2.20690870,1.00481163,0.76624411,0.81071860,2.20526399,1.17604786,1.81901503,1.36263861,2.20476981,1.14187414,1.06267936,0.80753204,2.20435301,0.71002034,SD 02 00 FFFFFFFF 920FFC 9471FE 7FEDA8 612AAE 552E89 2ED05A 7FDEC5 59C0D1 525E75 674C6E 7FD887 497FCB 50430A 4D8741 7FD9FC 397135 7921A6 4E8744 7FE911 5003BB 41E877 44B4F2 7FDCDA 58EA13 73941E 61A40F 7FD92E 5735FA 532059 448250 7FD615 3E3F78 7CB7AC 000FFF 00 0DBFA0,2026-07-22T19:38:54.051+00:00,serial_request_midpoint,356.6803,True,matched,37.50335,37.50335,2026-07-22T19:38:54.088+00:00,12.086182,1784749134028.304,364,False,,,,,,,,,,,,,,False,,,,,,,,,,,,,,False,,,,,,,,,,,,,,False,,,,,,,,,,,,,,False,,,,,,,,,,,,,,False,,,,,,,,,,,,,,True,0.0931726048951853,-42.07354582927842,6.527475402480571,72.60857207266717,-0.08149132265684524,-0.024869592490089923,1.4825700506570234,2.6645352591003756e-16,0.0,0.0,0.0,0.0,0.0,False,,,,,,,,,,,,,,,False,,,,,,
2026-07-22T19:38:54.786+00:00,20.500000,90102.900000,1.220385,4095,0,02,00,FFFFFFFF,32,2.93617385,3.05033984,2.20448966,1.35192150,1.10206800,0.49458338,2.20454642,1.19309672,1.04843244,1.49504708,2.20434302,0.89004961,1.00936096,0.96001402,2.20703867,0.63935868,1.98490429,0.97787795,2.20503844,1.00482557,0.76622619,0.81071073,2.20729389,1.17608373,1.81912229,1.36265135,2.20745336,1.14187959,1.06267965,0.80755709,2.20798498,0.71001022,SD 02 00 FFFFFFFF 920FE0 9472B1 7FD719 612A15 552EA8 2ED07A 7FD785 59C05D 525ED9 674CD9 7FD602 497FEC 504365 4D8711 7FEA08 39716B 7921B1 4E8718 7FDB2D 5003ED 41E82C 44B4D2 7FEBED 58EA87 739513 61A434 7FED1C 57360C 53205A 4482B6 7FF10E 3E3F4C 7CF7AC 000FFF 00 0DBFA5,2026-07-22T19:38:54.609+00:00,serial_request_midpoint,354.2227,True,matched,87.97635,87.97635,2026-07-22T19:38:54.696+00:00,12.693947,1784749134628.344,382,False,,,,,,,,,,,,,,False,,,,,,,,,,,,,,False,,,,,,,,,,,,,,False,,,,,,,,,,,,,,False,,,,,,,,,,,,,,False,,,,,,,,,,,,,,True,0.10654328439277663,-42.03150003834461,6.516625792771881,72.53295995497639,-0.08194344876642981,-0.021370703690296845,1.4803158404029304,-5.995204332975846e-16,0.0,1.1368683772161604e-14,0.0,0.0,0.0,False,,,,,,,,,,,,,,,False,,,,,,
2026-07-22T19:38:55.341+00:00,21.700000,90104.100000,1.218555,4095,0,02,00,FFFFFFFF,32,2.93620242,3.05035999,2.20761599,1.35197078,1.10210054,0.49458929,2.20770231,1.19312108,1.04842041,1.49507152,2.20704288,0.89005142,1.00935089,0.96003353,2.20777284,0.63935364,1.98486442,0.97788425,2.20730810,1.00481943,0.76624531,0.81072279,2.20778547,1.17607693,1.81900233,1.36262484,2.20760862,1.14192444,1.06268080,0.80751510,2.20761809,0.71000631,SD 02 00 FFFFFFFF 921008 9472CC 7FEE51 612AA5 552F16 2ED098 7FEEF5 59C0AB 525EAF 674D1B 7FEA10 497FF3 504341 4D8759 7FEF7B 397154 79215D 4E872F 7FEC08 5003D7 41E87C 44B503 7FEF93 58EA71 739401 61A3E7 7FEE43 5736A0 53205E 44820B 7FEE55 3E3F3B 7CC7AD 000FFF 00 0DBFB1,2026-07-22T19:38:55.163+00:00,serial_request_midpoint,356.4043,True,matched,45.45885,45.45885,2026-07-22T19:38:55.208+00:00,13.20691,1784749135128.346,397,False,,,,,,,,,,,,,,False,,,,,,,,,,,,,,False,,,,,,,,,,,,,,False,,,,,,,,,,,,,,False,,,,,,,,,,,,,,False,,,,,,,,,,,,,,True,0.12963591763294285,-42.099588899201414,6.530458965437636,72.64815272686259,-0.0846764015493829,-0.022690573049565895,1.4826643388154463,-8.659739592076221e-16,0.0,-1.1368683772161604e-14,0.0,0.0,0.0,False,,,,,,,,,,,,,,,False,,,,,,
2026-07-22T19:38:55.899+00:00,22.200000,90104.600000,1.217334,4095,0,02,00,FFFFFFFF,32,2.93618456,3.05037417,2.20744283,1.35199199,1.10210498,0.49460350,2.20793813,1.19316012,1.04841927,1.49503635,2.20791549,0.89004520,1.00935956,0.96005467,2.20784390,0.63935058,1.98491141,0.97790454,2.20784127,1.00482473,0.76623814,0.81074198,2.20737494,1.17604199,1.81902247,1.36259317,2.20516357,1.14187383,1.06263632,0.80755709,2.20733178,0.71002310,SD 02 00 FFFFFFFF 920FEF 9472DF 7FED08 612AE3 552F25 2ED0E0 7FF0B5 59C128 525EAB 674CBC 7FF08A 497FDB 504360 4D87A7 7FF002 397146 7921C0 4E8779 7FEFFD 5003EA 41E85E 44B551 7FEC87 58EA00 73942F 61A38B 7FDC1B 5735F9 531FC4 4482B6 7FEC35 3E3F84 7CA7AD 000FFF 00 0DBFB6,2026-07-22T19:38:55.721+00:00,serial_request_midpoint,356.8136,True,matched,87.3239,87.3239,2026-07-22T19:38:55.807+00:00,13.805587,1784749135728.323,415,False,,,,,,,,,,,,,,False,,,,,,,,,,,,,,False,,,,,,,,,,,,,,False,,,,,,,,,,,,,,False,,,,,,,,,,,,,,False,,,,,,,,,,,,,,True,0.13821213527602413,-42.03888696424154,6.530798221467964,72.55294716757318,-0.08415347676644436,-0.020097880865295143,1.4802337347604946,-5.329070518200751e-16,0.0,1.1368683772161604e-14,0.0,0.0,0.0,False,,,,,,,,,,,,,,,False,,,,,,
2026-07-22T19:38:56.455+00:00,23.400000,90105.800000,1.219165,4095,0,02,00,FFFFFFFF,32,2.93617027,3.05027864,2.20516304,1.35199952,1.10209078,0.49457765,2.20703815,1.19313170,1.04843044,1.49505412,2.20744230,0.89003199,1.00938025,0.96004736,2.20773284,0.63935101,1.98486300,0.97785849,2.20528555,1.00482055,0.76623456,0.81074223,2.20710445,1.17606704,1.81905312,1.36259868,2.20752178,1.14187535,1.06264239,0.80751485,2.20753283,0.71003230,SD 02 00 FFFFFFFF 920FDB 94725F 7FDC1A 612AF9 552EF5 2ED05D 7FEA07 59C0CD 525ED2 674CEC 7FED07 497FA8 5043AA 4D878C 7FEF2F 397148 79215A 4E86D1 7FDD03 5003DB 41E84F 44B552 7FEA85 58EA51 739475 61A39B 7FED9E 5735FE 531FD9 44820A 7FEDB3 3E3FAC 7CD7AE 000FFF 00 0DBFC2,2026-07-22T19:38:56.278+00:00,serial_request_midpoint,355.4005,True,matched,58.19115,58.19115,2026-07-22T19:38:56.335+00:00,14.333667,1784749136261.669,431,False,,,,,,,,,,,,,,False,,,,,,,,,,,,,,False,,,,,,,,,,,,,,False,,,,,,,,,,,,,,False,,,,,,,,,,,,,,False,,,,,,,,,,,,,,False,,,,,,,,,,,,,,False,,,,,,,,,,,,,,,False,,,,,,
2026-07-22T19:38:57.013+00:00,24.000000,90106.400000,1.217334,4095,0,02,00,FFFFFFFF,32,2.93619813,3.05032640,2.20507472,1.35195846,1.10210291,0.49458199,2.20747651,1.19313076,1.04842013,1.49505708,2.20757704,0.89003510,1.00936208,0.96003353,2.20790760,0.63936371,1.98483215,0.97788288,2.20539333,1.00481553,0.76623742,0.81074912,2.20486075,1.17606116,1.81908376,1.36257390,2.20418483,1.14187232,1.06257624,0.80752296,2.20662775,0.71003644,SD 02 00 FFFFFFFF 921002 94729F 7FDB72 612A81 552F1E 2ED073 7FED48 59C0CA 525EAE 674CF4 7FEE07 497FB4 504369 4D8759 7FF07B 397182 792119 4E872A 7FDDD0 5003C9 41E85B 44B56E 7FD9DB 58EA3E 7394BB 61A353 7FD4D5 5735F4 531EF4 44822B 7FE6FB 3E3FBE 7CA7AE 000FFF 00 0DBFC8,2026-07-22T19:38:56.835+00:00,serial_request_midpoint,356.1847,True,matched,46.86355,46.86355,2026-07-22T19:38:56.881+00:00,14.879194,1784749136828.357,448,False,,,,,,,,,,,,,,False,,,,,,,,,,,,,,False,,,,,,,,,,,,,,False,,,,,,,,,,,,,,False,,,,,,,,,,,,,,False,,,,,,,,,,,,,,False,,,,,,,,,,,,,,False,,,,,,,,,,,,,,,False,,,,,,
2026-07-22T19:38:57.569+00:00,25.100000,90107.500000,1.218555,4095,0,02,00,FFFFFFFF,32,2.93633742,3.05027640,2.20742336,1.35193416,1.10207066,0.49458515,2.20747599,1.19316012,1.04839693,1.49503709,2.20735231,0.89004728,1.00936152,0.96002811,2.20538019,0.63936087,1.98474862,0.97786836,2.20718128,1.00481274,0.76625892,0.81073263,2.20526031,1.17601911,1.81899532,1.36260006,2.20467204,1.14189868,1.06259906,0.80755095,2.20720917,0.71002954,SD 02 00 FFFFFFFF 9210C5 94725C 7FECE3 612A3A 552EB1 2ED083 7FED47 59C128 525E5D 674CBE 7FEC5C 497FE3 504367 4D8745 7FDDB7 397175 792069 4E86F5 7FEB17 5003BF 41E8B5 44B52B 7FDCD3 58E9B6 7393F1 61A39F 7FD874 57364B 531F43 44829D 7FEB4C 3E3FA0 7CC7AE 000FFF 00 0DBFD3,2026-07-22T19:38:57.391+00:00,serial_request_midpoint,356.4297,True,matched,96.52035,96.52035,2026-07-22T19:38:57.487+00:00,15.485326,1784749137428.404,466,False,,,,,,,,,,,,,,False,,,,,,,,,,,,,,False,,,,,,,,,,,,,,False,,,,,,,,,,,,,,False,,,,,,,,,,,,,,False,,,,,,,,,,,,,,False,,,,,,,,,,,,,,False,,,,,,,,,,,,,,,False,,,,,,
2026-07-22T19:38:58.127+00:00,25.700000,90108.100000,1.220386,4095,0,02,00,FFFFFFFF,32,2.93615099,3.05015252,2.20507524,1.35197009,1.10203279,0.49456108,2.20712234,1.19316512,1.04842127,1.49503116,2.20758335,0.89002343,1.00937829,0.96002269,2.20767178,0.63937707,1.98485968,0.97788891,2.20755704,1.00483365,0.76625725,0.81072697,2.20775547,1.17605065,1.81906932,1.36260901,2.20750967,1.14190626,1.06260599,0.80750699,2.20544539,0.71002080,SD 02 00 FFFFFFFF 920FC0 9471B6 7FDB73 612AA3 552E31 2ED009 7FEAA7 59C138 525EB2 674CAE 7FEE13 497F87 5043A3 4D8731 7FEEBB 3971BF 792153 4E8740 7FEDE1 50040A 41E8AE 44B514 7FEF5A 58EA1C 73949A 61A3B9 7FED87 573664 531F5B 4481EA 7FDE33 3E3F7A 7CF7AD 000FFF 00 0DBFD9,2026-07-22T19:38:57.948+00:00,serial_request_midpoint,358.8145,True,matched,44.84925,44.84925,2026-07-22T19:38:57.994+00:00,15.991459,1784749137928.437,481,False,,,,,,,,,,,,,,False,,,,,,,,,,,,,,False,,,,,,,,,,,,,,False,,,,,,,,,,,,,,False,,,,,,,,,,,,,,False,,,,,,,,,,,,,,True,1.9836437386743875,-41.966245975004625,6.59132340326921,72.43455053541804,-0.1535672194455697,0.05880119336600371,1.424401061391481,1.4210854715202005e-15,0.0,0.0,0.0,0.0,0.0,False,,,,,,,,,,,,,,,False,,,,,,
2026-07-22T19:38:58.686+00:00,26.800000,90109.200000,1.217944,4095,0,02,00,FFFFFFFF,32,2.93623384,3.05021595,2.20465838,1.35200876,1.10208250,0.49461060,2.20503529,1.19313545,1.04844017,1.49502302,2.20481239,0.89003095,1.00935816,0.96002594,2.20492121,0.63938057,1.98489907,0.97790645,2.20710760,1.00481525,0.76624196,0.81073189,2.20773389,1.17607446,1.81897562,1.36257424,2.20744020,1.14186808,1.06257739,0.80752025,2.20735231,0.71001896,SD 02 00 FFFFFFFF 921034 94720B 7FD85A 612B14 552ED9 2ED104 7FDB27 59C0D9 525EF4 674C98 7FD97F 497FA4 50435B 4D873D 7FDA4E 3971CF 7921A6 4E8780 7FEA8B 5003C8 41E86E 44B528 7FEF31 58EA69 7393C4 61A354 7FED03 5735E6 531EF8 448220 7FEC5C 3E3F72 7CB7AD 000FFF 00 0DBFE4,2026-07-22T19:38:58.508+00:00,serial_request_midpoint,356.1241,True,matched,91.59525,91.59525,2026-07-22T19:38:58.598+00:00,16.596134,1784749138528.453,499,False,,,,,,,,,,,,,,False,,,,,,,,,,,,,,False,,,,,,,,,,,,,,False,,,,,,,,,,,,,,False,,,,,,,,,,,,,,False,,,,,,,,,,,,,,False,,,,,,,,,,,,,,False,,,,,,,,,,,,,,,False,,,,,,
2026-07-22T19:38:59.241+00:00,28.000000,90110.400000,1.216723,4095,0,02,00,FFFFFFFF,32,2.93641671,3.05015998,2.20500322,1.35200568,1.10207451,0.49460034,2.20473354,1.19314919,1.04838519,1.49502191,2.20484656,0.89003095,1.00935565,0.96002052,2.20668562,0.63935736,1.98472395,0.97789851,2.20742862,1.00483226,0.76626227,0.81073263,2.20519459,1.17607631,1.81911923,1.36261211,2.20460056,1.14188777,1.06257219,0.80754727,2.20685504,0.71001896,SD 02 00 FFFFFFFF 921134 9471C0 7FDAEA 612B0B 552EBE 2ED0D0 7FD8E9 59C105 525E34 674C95 7FD9C0 497FA4 504352 4D8729 7FE769 397165 792035 4E8763 7FECED 500405 41E8C3 44B52B 7FDC56 58EA6F 73950C 61A3C2 7FD7EC 573627 531EE6 44828E 7FE8AB 3E3F72 7C97AD 000FFF 00 0DBFF0,2026-07-22T19:38:59.063+00:00,serial_request_midpoint,356.1374,True,matched,24.1765,24.1765,2026-07-22T19:38:59.087+00:00,17.08507,1784749139028.466,514,False,,,,,,,,,,,,,,False,,,,,,,,,,,,,,False,,,,,,,,,,,,,,False,,,,,,,,,,,,,,False,,,,,,,,,,,,,,False,,,,,,,,,,,,,,False,,,,,,,,,,,,,,False,,,,,,,,,,,,,,,False,,,,,,
2026-07-22T19:38:59.797+00:00,28.500000,90110.900000,1.217944,4095,0,02,00,FFFFFFFF,32,2.93639956,3.05019058,2.20751335,1.35202861,1.10204551,0.49458732,2.20800130,1.19317481,1.04841326,1.49506671,2.20733178,0.89005428,1.00935788,0.96006633,2.20778074,0.63936131,1.98480225,0.97790207,2.20754599,1.00478821,0.76625200,0.81075183,2.20786601,1.17608188,1.81907282,1.36258973,2.20753862,1.14188777,1.06260021,0.80752271,2.20801446,0.71002333,SD 02 00 FFFFFFFF 92111C 9471E9 7FED8E 612B4E 552E5C 2ED08E 7FF12D 59C157 525E96 674D0E 7FEC35 497FFE 50435A 4D87D2 7FEF8A 397177 7920DA 4E8770 7FEDCC 500367 41E898 44B579 7FF02C 58EA81 7394A2 61A381 7FEDBE 573627 531F47 44822A 7FF146 3E3F85 7CB7AD 000FFF 00 0DBFF5,2026-07-22T19:38:59.620+00:00,serial_request_midpoint,356.3246,True,matched,104.3551,104.3551,2026-07-22T19:38:59.723+00:00,17.721719,1784749139661.811,533,False,,,,,,,,,,,,,,False,,,,,,,,,,,,,,False,,,,,,,,,,,,,,False,,,,,,,,,,,,,,False,,,,,,,,,,,,,,False,,,,,,,,,,,,,,False,,,,,,,,,,,,,,False,,,,,,,,,,,,,,,False,,,,,,
2026-07-22T19:39:00.354+00:00,29.700000,90112.100000,1.219775,4095,0,02,00,FFFFFFFF,32,2.93641456,3.05018610,2.20778705,1.35195298,1.10203072,0.49460804,2.20771652,1.19310734,1.04835828,1.49505745,2.20762283,0.89001617,1.00935593,0.96005007,2.20777126,0.63935846,1.98465134,0.97790262,2.20526819,1.00479184,0.76626107,0.81073632,2.20452172,1.17606673,1.81900758,1.36259111,2.20458006,1.14187777,1.06259761,0.80752910,2.20495853,0.71004149,SD 02 00 FFFFFFFF 921131 9471E3 7FEF96 612A71 552E2A 2ED0F7 7FEF10 59C07F 525DD6 674CF5 7FEE5E 497F6B 504353 4D8796 7FEF78 39716A 791F9C 4E8772 7FDCE2 500374 41E8BE 44B53A 7FD756 58EA50 73940D 61A385 7FD7C5 573606 531F3E 448244 7FDA95 3E3FD4 7CE7AD 000FFF 00 0DC001,2026-07-22T19:39:00.176+00:00,serial_request_midpoint,355.7245,True,matched,98.80915,98.80915,2026-07-22T19:39:00.274+00:00,18.272655,1784749140195.169,549,False,,,,,,,,,,,,,,False,,,,,,,,,,,,,,False,,,,,,,,,,,,,,False,,,,,,,,,,,,,,False,,,,,,,,,,,,,,False,,,,,,,,,,,,,,False,,,,,,,,,,,,,,False,,,,,,,,,,,,,,,False,,,,,,
2026-07-22T19:39:00.911+00:00,30.300000,90112.700000,1.219165,4095,0,02,00,FFFFFFFF,32,2.93628456,3.05018088,2.20451278,1.35202621,1.10205764,0.49458298,2.20457901,1.19308735,1.04835971,1.49503339,2.20694133,0.89002032,1.00934698,0.96005223,2.20757704,0.63935583,1.98470734,0.97790536,2.20755072,1.00479017,0.76625391,0.81075207,2.20777653,1.17607693,1.81908070,1.36259765,2.20481555,1.14187717,1.06256931,0.80751412,2.20474563,0.71002494,SD 02 00 FFFFFFFF 92107B 9471DC 7FD745 612B47 552E85 2ED078 7FD7C3 59C03F 525DDB 674CB4 7FE94F 497F7B 504333 4D879E 7FEE07 39715E 792012 4E877C 7FEDD5 50036E 41E8A0 44B57A 7FEF82 58EA71 7394B4 61A398 7FD985 573604 531EDC 448207 7FD900 3E3F8C 7CD7AD 000FFF 00 0DC007,2026-07-22T19:39:00.733+00:00,serial_request_midpoint,357.1537,True,matched,92.88295,92.88295,2026-07-22T19:39:00.825+00:00,18.8234,1784749140761.869,566,False,,,,,,,,,,,,,,False,,,,,,,,,,,,,,False,,,,,,,,,,,,,,False,,,,,,,,,,,,,,False,,,,,,,,,,,,,,False,,,,,,,,,,,,,,False,,,,,,,,,,,,,,False,,,,,,,,,,,,,,,False,,,,,,
2026-07-22T19:39:01.467+00:00,31.400000,90113.800000,1.220386,4095,0,02,00,FFFFFFFF,32,2.93628313,3.04998462,2.20431254,1.35198036,1.10202954,0.49459186,2.20489598,1.19313326,1.04835370,1.49503450,2.20670140,0.89003302,1.00931847,0.96002838,2.20761230,0.63934313,1.98461195,0.97791769,2.20780495,1.00479741,0.76624531,0.81075478,2.20780232,1.17607786,1.81904699,1.36258147,2.20752335,1.14186656,1.06261090,0.80751534,2.20793550,0.71002402,SD 02 00 FFFFFFFF 921079 9470D5 7FD5C8 612AC1 552E26 2ED0A5 7FDA1E 59C0D2 525DC6 674CB7 7FE787 497FAC 5042CD 4D8746 7FEE4A 397124 791F49 4E87A9 7FEFB8 500388 41E87C 44B585 7FEFB3 58EA74 739467 61A369 7FEDA1 5735E1 531F6C 44820C 7FF0B0 3E3F88 7CF7AD 000FFF 00 0DC012,2026-07-22T19:39:01.290+00:00,serial_request_midpoint,355.5392,True,matched,90.909,90.909,2026-07-22T19:39:01.380+00:00,19.378474,1784749141328.562,583,False,,,,,,,,,,,,,,False,,,,,,,,,,,,,,False,,,,,,,,,,,,,,False,,,,,,,,,,,,,,False,,,,,,,,,,,,,,False,,,,,,,,,,,,,,False,,,,,,,,,,,,,,False,,,,,,,,,,,,,,,False,,,,,,
2026-07-22T19:39:02.024+00:00,32.000000,90114.400000,1.219165,4095,0,02,00,FFFFFFFF,32,2.93621885,3.04988612,2.20771020,1.35196393,1.10204581,0.49458555,2.20529816,1.19309516,1.04840180,1.49502376,2.20513728,0.89002913,1.00932797,0.96006280,2.20732599,0.63936306,1.98474910,0.97789193,2.20748441,1.00479184,0.76626394,0.81074592,2.20748125,1.17608683,1.81915031,1.36260797,2.20522245,1.14187323,1.06262361,0.80753597,2.20742809,0.71001252,SD 02 00 FFFFFFFF 92101F 947051 7FEF04 612A91 552E5D 2ED085 7FDD1B 59C058 525E6E 674C9A 7FDBE9 497F9D 5042EF 4D87C5 7FEC2A 39717F 79206A 4E874B 7FED57 500374 41E8CA 44B561 7FED51 58EA91 739553 61A3B6 7FDC8B 5735F7 531F98 448260 7FECEC 3E3F56 7CD7AD 000FFF 00 0DC018,2026-07-22T19:39:01.847+00:00,serial_request_midpoint,357.0451,True,matched,84.65825,84.65825,2026-07-22T19:39:01.930+00:00,19.928949,1784749141861.924,599,False,,,,,,,,,,,,,,False,,,,,,,,,,,,,,False,,,,,,,,,,,,,,False,,,,,,,,,,,,,,False,,,,,,,,,,,,,,False,,,,,,,,,,,,,,False,,,,,,,,,,,,,,False,,,,,,,,,,,,,,,False,,,,,,
2026-07-22T19:39:02.581+00:00,33.100000,90115.500000,1.219165,4095,0,02,00,FFFFFFFF,32,2.93620742,3.05008909,2.20722127,1.35197728,1.10203457,0.49456187,2.20777705,1.19308828,1.04841956,1.49504153,2.20788601,0.89002525,1.00932378,0.96003706,2.20791918,0.63934138,1.98475906,0.97789851,2.20764546,1.00482361,0.76626084,0.81073804,2.20802552,1.17607879,1.81919497,1.36260866,2.20767810,1.14190080,1.06259386,0.80753106,2.20817713,0.71002816,SD 02 00 FFFFFFFF 92100F 947161 7FEB63 612AB8 552E37 2ED00D 7FEF83 59C042 525EAC 674CCA 7FF052 497F8E 5042E0 4D8766 7FF091 39711C 79207F 4E8763 7FEE89 5003E6 41E8BD 44B541 7FF15B 58EA77 7395B9 61A3B8 7FEEC7 573652 531F31 44824C 7FF27B 3E3F9A 7CD7AC 000FFF 00 0DC023,2026-07-22T19:39:02.403+00:00,serial_request_midpoint,355.6872,True,matched,88.5067,88.5067,2026-07-22T19:39:02.491+00:00,20.489726,1784749142428.636,616,False,,,,,,,,,,,,,,False,,,,,,,,,,,,,,False,,,,,,,,,,,,,,False,,,,,,,,,,,,,,False,,,,,,,,,,,,,,False,,,,,,,,,,,,,,False,,,,,,,,,,,,,,False,,,,,,,,,,,,,,,False,,,,,,
2026-07-22T19:39:03.141+00:00,33.700000,90116.100000,1.220996,4095,0,02,00,FFFFFFFF,32,2.93617742,3.04993612,2.20778021,1.35199199,1.10205587,0.49457765,2.20766704,1.19316668,1.04838663,1.49504042,2.20537283,0.89003432,1.00933804,0.96006551,2.20728126,0.63935386,1.98479276,0.97788727,2.20756230,1.00482055,0.76625940,0.81073780,2.20770336,1.17606858,1.81918228,1.36265892,2.20773600,1.14186323,1.06257335,0.80751510,2.20806552,0.71002264,SD 02 00 FFFFFFFF 920FE5 947094 7FEF89 612AE3 552E7F 2ED05D 7FEEB2 59C13D 525E39 674CC7 7FDDA9 497FB1 504313 4D87CF 7FEBD5 397155 7920C6 4E873A 7FEDEB 5003DB 41E8B7 44B540 7FEEF7 58EA56 73959C 61A44A 7FEF35 5735D6 531EEA 44820B 7FF1A7 3E3F82 7D07AD 000FFF 00 0DC029,2026-07-22T19:39:02.962+00:00,serial_request_midpoint,359.2826,True,matched,82.0489,82.0489,2026-07-22T19:39:03.043+00:00,21.04171,1784749142962.009,632,False,,,,,,,,,,,,,,False,,,,,,,,,,,,,,False,,,,,,,,,,,,,,False,,,,,,,,,,,,,,False,,,,,,,,,,,,,,False,,,,,,,,,,,,,,False,,,,,,,,,,,,,,False,,,,,,,,,,,,,,,False,,,,,,
2026-07-22T19:39:03.698+00:00,34.800000,90117.200000,1.217944,4095,0,02,00,FFFFFFFF,32,2.93617813,3.04997716,2.20793813,1.35199542,1.10199758,0.49458298,2.20819556,1.19312858,1.04841297,1.49507263,2.20545538,0.89001255,1.00935369,0.96008395,2.20733389,0.63936174,1.98470402,0.97790454,2.20761020,1.00479212,0.76626322,0.81072795,2.20772073,1.17607384,1.81913937,1.36266856,2.20777863,1.14186777,1.06259068,0.80751829,2.20783495,0.71001459,SD 02 00 FFFFFFFF 920FE6 9470CB 7FF0B5 612AED 552DBA 2ED078 7FF29E 59C0C3 525E95 674D1E 7FDE46 497F5D 50434B 4D8813 7FEC39 397179 79200B 4E8779 7FEE46 500375 41E8C7 44B518 7FEF18 58EA67 73953A 61A466 7FEF86 5735E5 531F26 448218 7FEFF1 3E3F5F 7CB7AD 000FFF 00 0DC034,2026-07-22T19:39:03.520+00:00,serial_request_midpoint,355.3326,True,matched,96.4366,96.4366,2026-07-22T19:39:03.615+00:00,21.613677,1784749143562.028,650,False,,,,,,,,,,,,,,False,,,,,,,,,,,,,,False,,,,,,,,,,,,,,False,,,,,,,,,,,,,,False,,,,,,,,,,,,,,False,,,,,,,,,,,,,,False,,,,,,,,,,,,,,False,,,,,,,,,,,,,,,False,,,,,,
2026-07-22T19:39:04.254+00:00,36.000000,90118.400000,1.220385,4095,0,02,00,FFFFFFFF,32,2.93635242,3.04998910,2.20743178,1.35196941,1.10204699,0.49456523,2.20789917,1.19315357,1.04835971,1.49501450,2.20784338,0.89003795,1.00934670,0.96004519,2.20538913,0.63934598,1.98476998,0.97788864,2.20713392,1.00478013,0.76626490,0.81072574,2.20735757,1.17602189,1.81916257,1.36265927,2.20745862,1.14185626,1.06257393,0.80750798,2.20735126,0.71002563,SD 02 00 FFFFFFFF 9210DA 9470DB 7FECF3 612AA1 552E61 2ED01E 7FF06B 59C113 525DDB 674C81 7FF001 497FBF 504332 4D8784 7FDDC8 397131 792096 4E873F 7FEABD 50034A 41E8CE 44B50F 7FEC66 58E9BF 73956F 61A44B 7FED26 5735BF 531EEC 4481EE 7FEC5A 3E3F8F 7CF7AB 000FFF 00 0DC040,2026-07-22T19:39:04.076+00:00,serial_request_midpoint,355.7548,True,matched,100.6371,100.6371,2026-07-22T19:39:04.176+00:00,22.17394,1784749144095.368,666,False,,,,,,,,,,,,,,False,,,,,,,,,,,,,,False,,,,,,,,,,,,,,False,,,,,,,,,,,,,,False,,,,,,,,,,,,,,False,,,,,,,,,,,,,,False,,,,,,,,,,,,,,False,,,,,,,,,,,,,,,False,,,,,,
2026-07-22T19:39:04.809+00:00,36.500000,90118.900000,1.219775,4095,0,02,00,FFFFFFFF,32,2.93643599,3.04995850,2.20766441,1.35198002,1.10204433,0.49458357,2.20747599,1.19313295,1.04839092,1.49501006,2.20755546,0.89002862,1.00933804,0.96005793,2.20559630,0.63935517,1.98482266,0.97787548,2.20479610,1.00480633,0.76626466,0.81072352,2.20723811,1.17604477,1.81908770,1.36259661,2.20768652,1.14183717,1.06253696,0.80752615,2.20795919,0.71002816,SD 02 00 FFFFFFFF 92114F 9470B2 7FEEAD 612AC0 552E58 2ED07B 7FED47 59C0D1 525E48 674C75 7FEDDE 497F9B 504313 4D87B3 7FDF52 39715B 792105 4E870F 7FD960 5003A8 41E8CD 44B506 7FEB83 58EA09 7394C4 61A395 7FEED7 573580 531E6C 448238 7FF0DD 3E3F9A 7CE7AB 000FFF 00 0DC045,2026-07-22T19:39:04.632+00:00,serial_request_midpoint,356.0436,True,matched,92.1935,92.1935,2026-07-22T19:39:04.724+00:00,22.722082,1784749144662.03,683,False,,,,,,,,,,,,,,False,,,,,,,,,,,,,,False,,,,,,,,,,,,,,False,,,,,,,,,,,,,,False,,,,,,,,,,,,,,False,,,,,,,,,,,,,,False,,,,,,,,,,,,,,False,,,,,,,,,,,,,,,False,,,,,,
2026-07-22T19:39:05.367+00:00,37.700000,90120.100000,1.219165,4095,0,02,00,FFFFFFFF,32,2.93618885,3.05008088,2.20754862,1.35192903,1.10207480,0.49457903,2.20785601,1.19312639,1.04840953,1.49502598,2.20524822,0.89001929,1.00936934,0.96006714,2.20500006,0.63935211,1.98472679,0.97787795,2.20690555,1.00479156,0.76625104,0.81075256,2.20781706,1.17606178,1.81922256,1.36258526,2.20525768,1.14187171,1.06253898,0.80752468,2.20462474,0.71002402,SD 02 00 FFFFFFFF 920FF5 947156 7FEDD1 612A2B 552EBF 2ED064 7FF019 59C0BC 525E89 674CA0 7FDCBC 497F77 504383 4D87D5 7FDAE4 39714D 79203B 4E8718 7FE90B 500373 41E894 44B57C 7FEFCF 58EA40 7395F8 61A374 7FDCCE 5735F2 531E73 448232 7FD81A 3E3F88 7CD7AD 000FFF 00 0DC051,2026-07-22T19:39:05.189+00:00,serial_request_midpoint,355.2511,True,matched,78.85325,78.85325,2026-07-22T19:39:05.267+00:00,23.26531,1784749145195.375,699,False,,,,,,,,,,,,,,False,,,,,,,,,,,,,,False,,,,,,,,,,,,,,False,,,,,,,,,,,,,,False,,,,,,,,,,,,,,False,,,,,,,,,,,,,,False,,,,,,,,,,,,,,False,,,,,,,,,,,,,,,False,,,,,,
2026-07-22T19:39:05.924+00:00,38.300000,90120.700000,1.219775,4095,0,02,00,FFFFFFFF,32,2.93612742,3.05010625,2.20698237,1.35194477,1.10205054,0.49458673,2.20743020,1.19315731,1.04837259,1.49504264,2.20764652,0.89003769,1.00934978,0.96001890,2.20732547,0.63935933,1.98480700,0.97785246,2.20771494,1.00478599,0.76624053,0.81074100,2.20534443,1.17604353,1.81920767,1.36263551,2.20709024,1.14184081,1.06256584,0.80753081,2.20767283,0.71002494,SD 02 00 FFFFFFFF 920F9F 947178 7FE99D 612A59 552E6D 2ED08B 7FECF0 59C11F 525E08 674CCD 7FEE8B 497FBE 50433D 4D8723 7FEC29 39716E 7920E4 4E86BB 7FEF0D 50035F 41E868 44B54D 7FDD73 58EA05 7395D6 61A406 7FEA6A 57358C 531ED0 44824B 7FEEBD 3E3F8C 7CE7AD 000FFF 00 0DC057,2026-07-22T19:39:05.746+00:00,serial_request_midpoint,357.1567,True,matched,85.62545,85.62545,2026-07-22T19:39:05.831+00:00,23.82846,1784749145762.066,716,False,,,,,,,,,,,,,,False,,,,,,,,,,,,,,False,,,,,,,,,,,,,,False,,,,,,,,,,,,,,False,,,,,,,,,,,,,,False,,,,,,,,,,,,,,False,,,,,,,,,,,,,,False,,,,,,,,,,,,,,,False,,,,,,
2026-07-22T19:39:06.480+00:00,39.400000,90121.800000,1.214892,4095,0,02,00,FFFFFFFF,32,2.93617527,3.05001894,2.20737810,1.35191979,1.10204670,0.49457331,2.20799235,1.19313545,1.04836687,1.49504856,2.20780232,0.89002084,1.00935509,0.96004979,2.20551953,0.63935890,1.98481127,0.97786918,2.20490912,1.00480355,0.76624005,0.81075379,2.20430203,1.17609054,1.81910084,1.36258319,2.20691765,1.14188020,1.06255169,0.80753450,2.20783864,0.71002563,SD 02 00 FFFFFFFF 920FE2 947103 7FEC8D 612A10 552E60 2ED047 7FF11C 59C0D9 525DF4 674CDD 7FEFB3 497F7D 504350 4D8795 7FDEC0 39716C 7920ED 4E86F8 7FDA37 50039E 41E866 44B581 7FD5B4 58EA9D 7394E2 61A36E 7FE922 57360E 531E9F 44825A 7FEFF8 3E3F8F 7C67AB 000FFF 00 0DC062,2026-07-22T19:39:06.303+00:00,serial_request_midpoint,355.0254,True,matched,82.9841,82.9841,2026-07-22T19:39:06.385+00:00,24.383201,1784749146328.761,733,False,,,,,,,,,,,,,,False,,,,,,,,,,,,,,False,,,,,,,,,,,,,,False,,,,,,,,,,,,,,False,,,,,,,,,,,,,,False,,,,,,,,,,,,,,False,,,,,,,,,,,,,,False,,,,,,,,,,,,,,,False,,,,,,
2026-07-22T19:39:07.037+00:00,40.000000,90122.400000,1.217944,4095,0,02,00,FFFFFFFF,32,2.93623670,3.05005402,2.20735652,1.35196565,1.10205439,0.49457233,2.20558947,1.19309516,1.04841440,1.49503635,2.20729968,0.89000503,1.00936208,0.96001212,2.20770810,0.63937357,1.98473391,0.97790125,2.20783022,1.00483978,0.76625200,0.81076118,2.20779074,1.17606240,1.81912623,1.36264894,2.20777547,1.14187505,1.06255689,0.80751485,2.20776758,0.71001367,SD 02 00 FFFFFFFF 921038 947132 7FEC64 612A96 552E7A 2ED042 7FDF45 59C058 525E9A 674CBC 7FEBF8 497F40 504369 4D870A 7FEF00 3971AF 79204A 4E876D 7FEFE8 500420 41E898 44B59F 7FEF9D 58EA42 73951C 61A42D 7FEF80 5735FD 531EB1 44820A 7FEF71 3E3F5B 7CB7AB 000FFF 00 0DC068,2026-07-22T19:39:06.859+00:00,serial_request_midpoint,357.7459,True,matched,28.21015,28.21015,2026-07-22T19:39:06.887+00:00,24.885286,1784749146828.789,748,False,,,,,,,,,,,,,,False,,,,,,,,,,,,,,False,,,,,,,,,,,,,,False,,,,,,,,,,,,,,False,,,,,,,,,,,,,,False,,,,,,,,,,,,,,False,,,,,,,,,,,,,,False,,,,,,,,,,,,,,,False,,,,,,
2026-07-22T19:39:07.596+00:00,41.200000,90123.600000,1.219165,4095,0,02,00,FFFFFFFF,32,2.93622599,3.05000701,2.20499113,1.35193588,1.10204048,0.49455260,2.20730073,1.19311046,1.04841956,1.49501710,2.20478769,0.89000373,1.00934167,0.96003326,2.20446022,0.63936152,1.98474056,0.97787932,2.20472881,1.00483922,0.76624459,0.81075207,2.20487600,1.17605096,1.81916783,1.36268371,2.20467257,1.14181929,1.06258924,0.80750822,2.20447914,0.71001735,SD 02 00 FFFFFFFF 921029 9470F3 7FDAD3 612A3F 552E4B 2ECFDE 7FEBFA 59C089 525EAC 674C88 7FD950 497F3B 504320 4D8758 7FD6E1 397178 792058 4E871D 7FD8E0 50041E 41E879 44B57A 7FD9F8 58EA1D 73957B 61A492 7FD875 573545 531F21 4481EF 7FD705 3E3F6B 7CD7AD 000FFF 00 0DC074,2026-07-22T19:39:07.418+00:00,serial_request_midpoint,357.1492,True,matched,71.4242,71.4242,2026-07-22T19:39:07.488+00:00,25.48644,1784749147428.788,766,False,,,,,,,,,,,,,,False,,,,,,,,,,,,,,False,,,,,,,,,,,,,,False,,,,,,,,,,,,,,False,,,,,,,,,,,,,,False,,,,,,,,,,,,,,True,0.13414625785854045,-42.00106601414724,6.519259908748678,72.46903993397295,-0.07847737751865054,-0.019859493782332628,1.4807592720475033,-1.1102230246251565e-16,0.0,0.0,0.0,0.0,0.0,False,,,,,,,,,,,,,,,False,,,,,,
2026-07-22T19:39:08.152+00:00,41.700000,90124.100000,1.219165,4095,0,02,00,FFFFFFFF,32,2.93628027,3.04998163,2.20442711,1.35200466,1.10206238,0.49458318,2.20735757,1.19316825,1.04839321,1.49501191,2.20525663,0.89003354,1.00934838,0.96003597,2.20702762,0.63935802,1.98473961,0.97787740,2.20757651,1.00481665,0.76625916,0.81072648,2.20795392,1.17602467,1.81916608,1.36259937,2.20760178,1.14181778,1.06257219,0.80752689,2.20772705,0.71003575,SD 02 00 FFFFFFFF 921075 9470D1 7FD6A2 612B08 552E95 2ED079 7FEC66 59C142 525E50 674C7A 7FDCCC 497FAE 504338 4D8762 7FE9F3 397168 792056 4E8716 7FEE06 5003CD 41E8B6 44B512 7FF0D3 58E9C8 739577 61A39D 7FEE36 573540 531EE6 44823B 7FEF24 3E3FBB 7CD7AD 000FFF 00 0DC079,2026-07-22T19:39:07.975+00:00,serial_request_midpoint,356.4696,True,matched,35.2784,35.2784,2026-07-22T19:39:08.009+00:00,26.008014,1784749147928.789,781,False,,,,,,,,,,,,,,False,,,,,,,,,,,,,,False,,,,,,,,,,,,,,False,,,,,,,,,,,,,,False,,,,,,,,,,,,,,False,,,,,,,,,,,,,,True,0.17550652396429925,-42.05357272134971,6.532252137595276,72.5653825912238,-0.07498125249894011,-0.030408876732903958,1.4844243235072565,-7.105427357601002e-16,0.0,-1.1368683772161604e-14,0.0,0.0,0.0,False,,,,,,,,,,,,,,,False,,,,,,
2026-07-22T19:39:08.709+00:00,42.800000,90125.200000,1.217334,4095,0,02,00,FFFFFFFF,32,2.93629170,3.05020998,2.20758862,1.35200979,1.10203338,0.49457016,2.20532077,1.19311889,1.04837832,1.49501080,2.20428994,0.89002265,1.00935649,0.96005765,2.20471042,0.63935868,1.98484069,0.97785438,2.20473459,1.00479853,0.76625224,0.81073977,2.20675980,1.17607817,1.81918009,1.36267958,2.20724706,1.14179929,1.06252338,0.80752689,2.20730021,0.71003046,SD 02 00 FFFFFFFF 921085 947203 7FEE1D 612B17 552E33 2ED037 7FDD46 59C0A4 525E1C 674C77 7FD59D 497F84 504355 4D87B2 7FD8BD 39716B 79212B 4E86C2 7FD8EB 50038C 41E899 44B548 7FE7F6 58EA75 739597 61A486 7FEB94 573503 531E3D 44823B 7FEBF9 3E3FA4 7CA7AD 000FFF 00 0DC084,2026-07-22T19:39:08.532+00:00,serial_request_midpoint,356.196,True,matched,77.9515,77.9515,2026-07-22T19:39:08.608+00:00,26.607318,1784749148528.812,799,False,,,,,,,,,,,,,,False,,,,,,,,,,,,,,False,,,,,,,,,,,,,,False,,,,,,,,,,,,,,False,,,,,,,,,,,,,,False,,,,,,,,,,,,,,True,0.10275882569230897,-41.9954744949881,6.514211722094942,72.46519732676998,-0.08295412906251583,-0.014556527301986416,1.479021599374278,2.6645352591003756e-16,0.0,0.0,0.0,0.0,0.0,False,,,,,,,,,,,,,,,False,,,,,,
2026-07-22T19:39:09.267+00:00,44.000000,90126.400000,1.219165,4095,0,02,00,FFFFFFFF,32,2.93614313,3.05009879,2.20499533,1.35198994,1.10208752,0.49457923,2.20454169,1.19314794,1.04841268,1.49502487,2.20462999,0.89003587,1.00938863,0.96005765,2.20481344,0.63936985,1.98484069,0.97787356,2.20663406,1.00480633,0.76622930,0.81074986,2.20722916,1.17606178,1.81914243,1.36265961,2.20735652,1.14179051,1.06253320,0.80755734,2.20746651,0.71001965,SD 02 00 FFFFFFFF 920FB5 94716E 7FDADB 612ADD 552EEA 2ED065 7FD77C 59C101 525E94 674C9D 7FD824 497FB7 5043C8 4D87B2 7FD981 39719E 79212B 4E8708 7FE707 5003A8 41E839 44B571 7FEB72 58EA40 739541 61A44C 7FEC64 5734E6 531E5F 4482B7 7FED35 3E3F75 7CD7AD 000FFF 00 0DC090,2026-07-22T19:39:09.090+00:00,serial_request_midpoint,355.1396,True,matched,38.3542,38.3542,2026-07-22T19:39:09.127+00:00,27.125093,1784749149062.141,815,False,,,,,,,,,,,,,,False,,,,,,,,,,,,,,False,,,,,,,,,,,,,,False,,,,,,,,,,,,,,False,,,,,,,,,,,,,,False,,,,,,,,,,,,,,True,0.15687105948272967,-42.03790989354621,6.522629550093628,72.53990706440844,-0.08122983678163223,-0.02024337741688567,1.4811564616925255,-4.1078251911130794e-16,5.684341886080802e-15,-1.1368683772161604e-14,0.0,0.0,0.0,False,,,,,,,,,,,,,,,False,,,,,,
2026-07-22T19:39:09.822+00:00,44.600000,90127.000000,1.218555,4095,0,02,00,FFFFFFFF,32,2.93607028,3.04992492,2.20737967,1.35196975,1.10205764,0.49456740,2.20750335,1.19315075,1.04840839,1.49506967,2.20519354,0.89001436,1.00934251,0.96006985,2.20732599,0.63935036,1.98485161,0.97789248,2.20714865,1.00486821,0.76623766,0.81074863,2.20498587,1.17607291,1.81917396,1.36260660,2.20430781,1.14178717,1.06251905,0.80754874,2.20434617,0.71002954,SD 02 00 FFFFFFFF 920F4F 947085 7FEC90 612AA2 552E85 2ED029 7FED7B 59C10A 525E85 674D16 7FDC54 497F64 504323 4D87DF 7FEC2A 397145 792142 4E874D 7FEAD9 500486 41E85C 44B56C 7FDAC9 58EA64 739589 61A3B2 7FD5BF 5734DB 531E2E 448294 7FD608 3E3FA0 7CC7AD 000FFF 00 0DC096,2026-07-22T19:39:09.645+00:00,serial_request_midpoint,355.6134,True,matched,84.2565,84.2565,2026-07-22T19:39:09.728+00:00,27.726582,1784749149662.091,833,False,,,,,,,,,,,,,,False,,,,,,,,,,,,,,False,,,,,,,,,,,,,,False,,,,,,,,,,,,,,False,,,,,,,,,,,,,,False,,,,,,,,,,,,,,True,0.12577516260880936,-41.995091184726036,6.522236018268091,72.46105294608864,-0.07490026400328484,-0.024749553989014985,1.4830177551657646,7.993605777301127e-16,0.0,0.0,0.0,0.0,0.0,False,,,,,,,,,,,,,,,False,,,,,,
2026-07-22T19:39:10.378+00:00,45.700000,90128.100000,1.217334,4095,0,02,00,FFFFFFFF,32,2.93624956,3.05021968,2.20448125,1.35196701,1.10207392,0.49458259,2.20686188,1.19316137,1.04841440,1.49501747,2.20739441,0.89001514,1.00936180,0.96008259,2.20776389,0.63936415,1.98479086,0.97787055,2.20761493,1.00480717,0.76622572,0.81075281,2.20727232,1.17604477,1.81908683,1.36264481,2.20508365,1.14181263,1.06253609,0.80753278,2.20474090,0.71003667,SD 02 00 FFFFFFFF 92104A 947210 7FD709 612A9A 552EBC 2ED076 7FE8B8 59C12C 525E9A 674C89 7FECAC 497F67 504368 4D880E 7FEF6A 397184 7920C2 4E86FD 7FEE4F 5003AB 41E82A 44B57D 7FEBC4 58EA09 7394C2 61A421 7FDB83 57352F 531E69 448253 7FD8F7 3E3FBF 7CA7AD 000FFF 00 0DC0A1,2026-07-22T19:39:10.200+00:00,serial_request_midpoint,356.1088,True,matched,43.8474,43.8474,2026-07-22T19:39:10.244+00:00,28.242197,1784749150162.093,848,False,,,,,,,,,,,,,,False,,,,,,,,,,,,,,False,,,,,,,,,,,,,,False,,,,,,,,,,,,,,False,,,,,,,,,,,,,,False,,,,,,,,,,,,,,True,0.1609827033928923,-42.00113027549453,6.524731550263873,72.47778868390569,-0.07551856382060537,-0.026265436448115843,1.4854294630515876,5.329070518200751e-16,0.0,1.1368683772161604e-14,0.0,0.0,0.0,False,,,,,,,,,,,,,,,False,,,,,,
2026-07-22T19:39:10.936+00:00,46.300000,90128.700000,1.217944,4095,0,02,00,FFFFFFFF,32,2.93606885,3.05011894,2.20451856,1.35202005,1.10206563,0.49459028,2.20489019,1.19312202,1.04841698,1.49504523,2.20460056,0.89000244,1.00933804,0.96005440,2.20479347,0.63935145,1.98466558,0.97789741,2.20456324,1.00480578,0.76623360,0.81073829,2.20681347,1.17605312,1.81912623,1.36261348,2.20736283,1.14184202,1.06253176,0.80754187,2.20495748,0.71004770,SD 02 00 FFFFFFFF 920F4D 947189 7FD750 612B35 552EA0 2ED09D 7FDA13 59C0AE 525EA3 674CD4 7FD7EC 497F36 504313 4D87A6 7FD95B 39714A 791FBA 4E875F 7FD7A5 5003A6 41E84B 44B542 7FE85C 58EA24 73951C 61A3C6 7FEC70 573590 531E5A 448278 7FDA93 3E3FEF 7CB7AD 000FFF 00 0DC0A7,2026-07-22T19:39:10.758+00:00,serial_request_midpoint,356.5626,True,matched,87.4535,87.4535,2026-07-22T19:39:10.844+00:00,28.842873,1784749150795.463,867,False,,,,,,,,,,,,,,False,,,,,,,,,,,,,,False,,,,,,,,,,,,,,False,,,,,,,,,,,,,,False,,,,,,,,,,,,,,False,,,,,,,,,,,,,,False,,,,,,,,,,,,,,False,,,,,,,,,,,,,,,False,,,,,,
2026-07-22T19:39:11.493+00:00,47.400000,90129.800000,1.219775,4095,0,02,00,FFFFFFFF,32,2.93624884,3.05006670,2.20452434,1.35197899,1.10206859,0.49459067,2.20697711,1.19317074,1.04840467,1.49507855,2.20513570,0.89001954,1.00937046,0.96006226,2.20492962,0.63935298,1.98475432,0.97789220,2.20687871,1.00479100,0.76623360,0.81071811,2.20531446,1.17609487,1.81913061,1.36252020,2.20431149,1.14183535,1.06254995,0.80754137,2.20711550,0.71003184,SD 02 00 FFFFFFFF 921049 947143 7FD75B 612ABD 552EAA 2ED09F 7FE993 59C14A 525E78 674D2E 7FDBE6 497F78 504387 4D87C3 7FDA5E 397151 792075 4E874C 7FE8D8 500371 41E84B 44B4F0 7FDD3A 58EAAB 739526 61A2B7 7FD5C6 57357A 531E99 448276 7FEA9A 3E3FAA 7CE7AD 000FFF 00 0DC0B2,2026-07-22T19:39:11.315+00:00,serial_request_midpoint,357.3676,True,matched,44.9904,44.9904,2026-07-22T19:39:11.359+00:00,29.35754,1784749151295.443,882,False,,,,,,,,,,,,,,False,,,,,,,,,,,,,,False,,,,,,,,,,,,,,False,,,,,,,,,,,,,,False,,,,,,,,,,,,,,False,,,,,,,,,,,,,,False,,,,,,,,,,,,,,False,,,,,,,,,,,,,,,False,,,,,,
2026-07-22T19:39:12.049+00:00,48.000000,90130.400000,1.217944,4095,0,02,00,FFFFFFFF,32,2.93625956,3.05003835,2.20744178,1.35201116,1.10207421,0.49459541,2.20523349,1.19310890,1.04839149,1.49507300,2.20700868,0.89001592,1.00935621,0.96009316,2.20775863,0.63935846,1.98478184,0.97784670,2.20758020,1.00481860,0.76624292,0.81075084,2.20719443,1.17604137,1.81917658,1.36253637,2.20767336,1.14182838,1.06254764,0.80754334,2.20803131,0.71003437,SD 02 00 FFFFFFFF 921058 94711D 7FED06 612B1B 552EBD 2ED0B7 7FDCA0 59C084 525E4A 674D1F 7FE9CF 497F6A 504354 4D8835 7FEF60 39716A 7920AF 4E86A6 7FEE0D 5003D4 41E872 44B575 7FEB30 58E9FE 73958F 61A2E6 7FEEBE 573563 531E91 44827E 7FF166 3E3FB5 7CB7AD 000FFF 00 0DC0B8,2026-07-22T19:39:11.872+00:00,serial_request_midpoint,355.5079,True,matched,41.90835,41.90835,2026-07-22T19:39:11.913+00:00,29.911548,1784749151862.079,899,False,,,,,,,,,,,,,,False,,,,,,,,,,,,,,False,,,,,,,,,,,,,,False,,,,,,,,,,,,,,False,,,,,,,,,,,,,,False,,,,,,,,,,,,,,False,,,,,,,,,,,,,,False,,,,,,,,,,,,,,,False,,,,,,
2026-07-22T19:39:12.608+00:00,49.200000,90131.600000,1.216113,4095,0,02,00,FFFFFFFF,32,2.93626456,3.05000253,2.20752546,1.35198412,1.10202066,0.49457469,2.20814555,1.19312514,1.04840925,1.49504819,2.20773021,0.89001592,1.00931735,0.96005765,2.20787707,0.63935211,1.98472727,0.97789220,2.20774021,1.00482919,0.76623695,0.81074026,2.20798287,1.17604230,1.81918753,1.36255496,2.20766388,1.14180475,1.06252656,0.80757035,2.20786338,0.71002471,SD 02 00 FFFFFFFF 92105F 9470ED 7FEDA5 612ACC 552E08 2ED04E 7FF23F 59C0B8 525E88 674CDC 7FEF2A 497F6A 5042C9 4D87B2 7FF041 39714D 79203C 4E874C 7FEF3D 5003FA 41E859 44B54A 7FF10A 58EA01 7395A8 61A31C 7FEEAC 573515 531E48 4482EC 7FF027 3E3F8B 7C87AD 000FFF 00 0DC0C4,2026-07-22T19:39:12.429+00:00,serial_request_midpoint,359.3642,True,matched,31.6918,31.6918,2026-07-22T19:39:12.460+00:00,30.458932,1784749152395.409,915,False,,,,,,,,,,,,,,False,,,,,,,,,,,,,,False,,,,,,,,,,,,,,False,,,,,,,,,,,,,,False,,,,,,,,,,,,,,False,,,,,,,,,,,,,,False,,,,,,,,,,,,,,False,,,,,,,,,,,,,,,False,,,,,,
2026-07-22T19:39:13.167+00:00,50.400000,90132.800000,1.219775,4095,0,02,00,FFFFFFFF,32,2.93631813,3.05014580,2.20760178,1.35203956,1.10208397,0.49458752,2.20791602,1.19318855,1.04840066,1.49506671,2.20537808,0.89003095,1.00934055,0.96006335,2.20731336,0.63935846,1.98476951,0.97787521,2.20751493,1.00481637,0.76623718,0.81073706,2.20798972,1.17608992,1.81910653,1.36262828,2.20772389,1.14181081,1.06255082,0.80753671,2.20790075,0.71003322,SD 02 00 FFFFFFFF 9210AA 9471AD 7FEE36 612B6E 552EDE 2ED08F 7FF08B 59C183 525E6A 674D0E 7FDDB3 497FA4 50431C 4D87C7 7FEC12 39716A 792095 4E870E 7FED91 5003CC 41E85A 44B53D 7FF117 58EA9B 7394EF 61A3F1 7FEF1E 573529 531E9C 448263 7FF06E 3E3FB0 7CE7AB 000FFF 00 0DC0D0,2026-07-22T19:39:12.989+00:00,serial_request_midpoint,356.0297,True,matched,36.97225,36.97225,2026-07-22T19:39:13.024+00:00,31.022679,1784749152962.079,932,False,,,,,,,,,,,,,,False,,,,,,,,,,,,,,False,,,,,,,,,,,,,,False,,,,,,,,,,,,,,False,,,,,,,,,,,,,,False,,,,,,,,,,,,,,False,,,,,,,,,,,,,,False,,,,,,,,,,,,,,,False,,,,,,
2026-07-22T19:39:13.721+00:00,50.900000,90133.300000,1.217944,4095,0,02,00,FFFFFFFF,32,2.93644099,3.05006372,2.20747178,1.35192253,1.10204699,0.49455043,2.20811922,1.19316731,1.04842958,1.49505671,2.20777916,0.89001799,1.00932797,0.96005955,2.20742073,0.63935605,1.98475622,0.97787027,2.20750072,1.00484062,0.76624626,0.81072598,2.20763230,1.17608714,1.81913324,1.36259524,2.20768178,1.14180232,1.06255400,0.80752836,2.20790128,0.71003667,SD 02 00 FFFFFFFF 921156 94713F 7FED3F 612A18 552E61 2ECFD3 7FF20D 59C13F 525ECF 674CF3 7FEF87 497F72 5042EF 4D87B9 7FECDE 39715F 792079 4E86FC 7FED76 500423 41E880 44B510 7FEE70 58EA92 73952C 61A391 7FEECE 57350D 531EA7 448241 7FF06F 3E3FBF 7CB7AB 000FFF 00 0DC0D5,2026-07-22T19:39:13.544+00:00,serial_request_midpoint,355.6047,True,matched,104.01725,104.01725,2026-07-22T19:39:13.647+00:00,31.645814,1784749153595.463,951,False,,,,,,,,,,,,,,False,,,,,,,,,,,,,,False,,,,,,,,,,,,,,False,,,,,,,,,,,,,,False,,,,,,,,,,,,,,False,,,,,,,,,,,,,,False,,,,,,,,,,,,,,False,,,,,,,,,,,,,,,False,,,,,,
2026-07-22T19:39:14.278+00:00,52.000000,90134.400000,1.219165,4095,0,02,00,FFFFFFFF,32,2.93630456,3.04996820,2.20519616,1.35202177,1.10204167,0.49457134,2.20694238,1.19315357,1.04846566,1.49503227,2.20742283,0.89002136,1.00932462,0.96004708,2.20545801,0.63936985,1.98469547,0.97788425,2.20720548,1.00482557,0.76622476,0.81071614,2.20779863,1.17606518,1.81917352,1.36264240,2.20761493,1.14182959,1.06252396,0.80755758,2.20537230,0.71004954,SD 02 00 FFFFFFFF 921097 9470BF 7FDC59 612B3A 552E4F 2ED03D 7FE951 59C113 525F4D 674CB1 7FECE2 497F7F 5042E3 4D878B 7FDE4B 39719E 791FF9 4E872F 7FEB45 5003ED 41E826 44B4E8 7FEFAC 58EA4B 739588 61A41A 7FEE4F 573567 531E3F 4482B8 7FDDA8 3E3FF7 7CD7AD 000FFF 00 0DC0E0,2026-07-22T19:39:14.101+00:00,serial_request_midpoint,354.5627,True,matched,34.36545,34.36545,2026-07-22T19:39:14.134+00:00,32.132602,1784749154062.154,965,False,,,,,,,,,,,,,,False,,,,,,,,,,,,,,False,,,,,,,,,,,,,,False,,,,,,,,,,,,,,False,,,,,,,,,,,,,,False,,,,,,,,,,,,,,False,,,,,,,,,,,,,,False,,,,,,,,,,,,,,,False,,,,,,
2026-07-22T19:39:14.835+00:00,52.600000,90135.000000,1.216723,4095,0,02,00,FFFFFFFF,32,2.93632885,3.04994656,2.20692765,1.35197352,1.10209226,0.49455536,2.20548325,1.19310984,1.04839464,1.49502006,2.20477665,0.89003665,1.00929136,0.96004817,2.20719443,0.63935058,1.98471588,0.97790728,2.20513150,1.00479017,0.76624411,0.81074813,2.20699131,1.17610414,1.81911791,1.36265858,2.20735810,1.14182172,1.06253089,0.80754039,2.20770547,0.71003069,SD 02 00 FFFFFFFF 9210B9 9470A2 7FE935 612AAD 552EFA 2ECFEC 7FDE7B 59C087 525E55 674C90 7FD93B 497FBA 50426C 4D878F 7FEB30 397146 792024 4E8783 7FDBDE 50036E 41E877 44B56A 7FE9AE 58EAC9 739509 61A449 7FEC67 57354D 531E57 448272 7FEEFB 3E3FA5 7C97AD 000FFF 00 0DC0E6,2026-07-22T19:39:14.657+00:00,serial_request_midpoint,356.7626,True,matched,44.6857,44.6857,2026-07-22T19:39:14.701+00:00,32.698747,1784749154628.828,982,False,,,,,,,,,,,,,,False,,,,,,,,,,,,,,False,,,,,,,,,,,,,,False,,,,,,,,,,,,,,False,,,,,,,,,,,,,,False,,,,,,,,,,,,,,False,,,,,,,,,,,,,,False,,,,,,,,,,,,,,,False,,,,,,
2026-07-22T19:39:15.392+00:00,53.700000,90136.100000,1.217944,4095,0,02,00,FFFFFFFF,32,2.93632527,3.05007267,2.20509207,1.35197728,1.10209048,0.49456167,2.20475510,1.19314138,1.04841097,1.49502228,2.20419902,0.89000840,1.00931931,0.96004898,2.20471515,0.63935933,1.98469642,0.97787822,2.20454484,1.00481804,0.76623288,0.81074617,2.20491175,1.17606827,1.81913499,1.36267854,2.20439400,1.14184323,1.06260888,0.80752590,2.20697079,0.71003965,SD 02 00 FFFFFFFF 9210B4 94714B 7FDB93 612AB8 552EF4 2ED00C 7FD912 59C0EC 525E8E 674C96 7FD4F0 497F4D 5042D0 4D8792 7FD8C6 39716E 791FFB 4E8719 7FD782 5003D2 41E848 44B562 7FDA3C 58EA55 739530 61A483 7FD663 573594 531F65 448237 7FE987 3E3FCC 7CB7AD 000FFF 00 0DC0F1,2026-07-22T19:39:15.214+00:00,serial_request_midpoint,355.255,True,matched,60.6563,60.6563,2026-07-22T19:39:15.274+00:00,33.27223,1784749155195.52,999,False,,,,,,,,,,,,,,False,,,,,,,,,,,,,,False,,,,,,,,,,,,,,False,,,,,,,,,,,,,,False,,,,,,,,,,,,,,False,,,,,,,,,,,,,,False,,,,,,,,,,,,,,False,,,,,,,,,,,,,,,False,,,,,,
2026-07-22T19:39:15.949+00:00,54.300000,90136.700000,1.219165,4095,0,02,00,FFFFFFFF,32,2.93621099,3.05005103,2.20719601,1.35197660,1.10205764,0.49456799,2.20807658,1.19315294,1.04840008,1.49498896,2.20761599,0.89001125,1.00933384,0.96005955,2.20771547,0.63935474,1.98468266,0.97787795,2.20494171,1.00481442,0.76624889,0.81073312,2.20677296,1.17607477,1.81920067,1.36261555,2.20726705,1.14183626,1.06258808,0.80756127,2.20778916,0.71004747,SD 02 00 FFFFFFFF 921014 94712E 7FEB33 612AB6 552E85 2ED02C 7FF1BC 59C111 525E68 674C3C 7FEE51 497F58 504304 4D87B9 7FEF0E 397159 791FDE 4E8718 7FDA75 5003C5 41E88B 44B52D 7FE80F 58EA6A 7395C6 61A3CC 7FEBBA 57357D 531F1D 4482C7 7FEF9A 3E3FEE 7CD7AD 000FFF 00 0DC0F7,2026-07-22T19:39:15.771+00:00,serial_request_midpoint,357.1142,True,matched,75.5889,75.5889,2026-07-22T19:39:15.845+00:00,33.843515,1784749155795.564,1017,False,,,,,,,,,,,,,,False,,,,,,,,,,,,,,False,,,,,,,,,,,,,,False,,,,,,,,,,,,,,False,,,,,,,,,,,,,,False,,,,,,,,,,,,,,False,,,,,,,,,,,,,,False,,,,,,,,,,,,,,,False,,,,,,
2026-07-22T19:39:16.506+00:00,55.500000,90137.900000,1.217944,4095,0,02,00,FFFFFFFF,32,2.93621742,3.05006894,2.20757651,1.35202656,1.10210261,0.49457154,2.20722548,1.19313763,1.04843273,1.49503968,2.20726074,0.89000918,1.00934447,0.96008557,2.20766231,0.63935145,1.98475812,0.97787713,2.20525873,1.00482584,0.76622261,0.81074247,2.20727389,1.17607631,1.81916389,1.36257011,2.20702236,1.14187141,1.06255920,0.80752566,2.20772073,0.71006334,SD 02 00 FFFFFFFF 92101D 947146 7FEE06 612B48 552F1D 2ED03E 7FEB6B 59C0E0 525EDA 674CC5 7FEBAE 497F50 50432A 4D8819 7FEEA9 39714A 79207D 4E8715 7FDCD0 5003EE 41E81D 44B553 7FEBC7 58EA6F 739572 61A348 7FE9E9 5735F1 531EB9 448236 7FEF18 3E4033 7CB7AD 000FFF 00 0DC103,2026-07-22T19:39:16.328+00:00,serial_request_midpoint,356.5249,True,matched,91.60405,91.60405,2026-07-22T19:39:16.418+00:00,34.416522,1784749156362.286,1034,False,,,,,,,,,,,,,,False,,,,,,,,,,,,,,False,,,,,,,,,,,,,,False,,,,,,,,,,,,,,False,,,,,,,,,,,,,,False,,,,,,,,,,,,,,False,,,,,,,,,,,,,,False,,,,,,,,,,,,,,,False,,,,,,
2026-07-22T19:39:17.063+00:00,56.000000,90138.400000,1.218555,4095,0,02,00,FFFFFFFF,32,2.93603243,3.05017789,2.20737283,1.35205804,1.10204463,0.49459778,2.20554635,1.19309141,1.04842557,1.49505523,2.20450595,0.89001229,1.00933748,0.96006172,2.20693291,0.63935824,1.98480937,0.97788946,2.20473512,1.00482668,0.76624817,0.81075306,2.20487547,1.17609270,1.81908945,1.36267028,2.20472145,1.14185262,1.06258548,0.80753302,2.20463630,0.71004356,SD 02 00 FFFFFFFF 920F1A 9471D8 7FEC83 612BA4 552E59 2ED0C3 7FDEF3 59C04C 525EC1 674CEF 7FD738 497F5C 504311 4D87C1 7FE93F 397169 7920E9 4E8742 7FD8EC 5003F1 41E888 44B57E 7FD9F7 58EAA4 7394C8 61A46B 7FD8D2 5735B3 531F14 448254 7FD830 3E3FDD 7CC7AD 000FFF 00 0DC108,2026-07-22T19:39:16.885+00:00,serial_request_midpoint,357.6462,True,matched,27.3312,27.3312,2026-07-22T19:39:16.911+00:00,34.909588,1784749156862.341,1049,False,,,,,,,,,,,,,,False,,,,,,,,,,,,,,False,,,,,,,,,,,,,,False,,,,,,,,,,,,,,False,,,,,,,,,,,,,,False,,,,,,,,,,,,,,False,,,,,,,,,,,,,,False,,,,,,,,,,,,,,,False,,,,,,
2026-07-22T19:39:17.620+00:00,57.200000,90139.600000,1.219165,4095,0,02,00,FFFFFFFF,32,2.93626456,3.05006521,2.20673139,1.35198310,1.10204670,0.49456424,2.20777968,1.19313732,1.04843359,1.49502339,2.20768073,0.89001617,1.00935006,0.96004654,2.20494224,0.63936043,1.98479466,0.97787548,2.20449806,1.00481330,0.76623073,0.81074493,2.20492331,1.17611126,1.81914112,1.36256081,2.20452855,1.14182353,1.06255689,0.80752836,2.20722232,0.71005690,SD 02 00 FFFFFFFF 92105F 947141 7FE7C0 612AC9 552E60 2ED019 7FEF88 59C0DF 525EDD 674C99 7FEECC 497F6B 50433E 4D8789 7FDA76 397173 7920CA 4E870F 7FD729 5003C1 41E83F 44B55D 7FDA52 58EAE0 73953E 61A32D 7FD763 573553 531EB1 448241 7FEB65 3E4017 7CD7AD 000FFF 00 0DC114,2026-07-22T19:39:17.442+00:00,serial_request_midpoint,357.4332,True,matched,66.2403,66.2403,2026-07-22T19:39:17.508+00:00,35.506239,1784749157428.977,1066,False,,,,,,,,,,,,,,False,,,,,,,,,,,,,,False,,,,,,,,,,,,,,False,,,,,,,,,,,,,,False,,,,,,,,,,,,,,False,,,,,,,,,,,,,,True,0.13791400784522004,-42.0664106868924,6.525758203279089,72.59018196927109,-0.07556239139628122,-0.030298186500843812,1.4845150944798875,3.552713678800501e-16,0.0,0.0,0.0,0.0,0.0,False,,,,,,,,,,,,,,,False,,,,,,
2026-07-22T19:39:18.177+00:00,58.400000,90140.800000,1.217944,4095,0,02,00,FFFFFFFF,32,2.93620956,3.05001894,2.20726126,1.35189584,1.10204196,0.49456740,2.20556370,1.19312233,1.04845020,1.49504116,2.20709077,0.89000425,1.00934698,0.96005603,2.20779390,0.63938211,1.98482456,0.97791139,2.20538860,1.00479881,0.76622070,0.81072992,2.20736915,1.17607198,1.81923963,1.36263345,2.20776231,1.14187414,1.06256440,0.80753425,2.20551269,0.71003965,SD 02 00 FFFFFFFF 921012 947103 7FEBAF 6129CA 552E50 2ED029 7FDF14 59C0AF 525F17 674CC9 7FEA6B 497F3D 504333 4D87AC 7FEFA3 3971D6 792109 4E8792 7FDDC7 50038D 41E815 44B520 7FEC7C 58EA61 73961F 61A400 7FEF67 5735FA 531ECB 448259 7FDEB3 3E3FCC 7CB7AC 000FFF 00 0DC120,2026-07-22T19:39:18.000+00:00,serial_request_midpoint,356.8061,True,matched,37.80125,37.80125,2026-07-22T19:39:18.037+00:00,36.035312,1784749157962.28,1082,False,,,,,,,,,,,,,,False,,,,,,,,,,,,,,False,,,,,,,,,,,,,,False,,,,,,,,,,,,,,False,,,,,,,,,,,,,,False,,,,,,,,,,,,,,True,0.13465847207232934,-42.09433165917334,6.536546064369512,72.63750089354473,-0.08120828660273967,-0.029349873897052174,1.4838979243859551,-7.105427357601002e-16,0.0,0.0,0.0,0.0,0.0,False,,,,,,,,,,,,,,,False,,,,,,
2026-07-22T19:39:18.736+00:00,58.900000,90141.300000,1.219165,4095,0,02,00,FFFFFFFF,32,2.93628313,3.05037939,2.20467783,1.35196325,1.10205705,0.49458712,2.20506420,1.19306423,1.04845535,1.49505782,2.20722916,0.89002110,1.00934698,0.96008313,2.20752335,0.63937094,1.98475717,0.97788645,2.20749388,1.00482194,0.76622691,0.81071663,2.20795024,1.17607136,1.81917133,1.36262415,2.20768757,1.14184687,1.06255429,0.80752148,2.20713128,0.71003942,SD 02 00 FFFFFFFF 921079 9472E6 7FD87F 612A8F 552E83 2ED08D 7FDB5E 59BFF5 525F29 674CF6 7FEB72 497F7E 504333 4D8810 7FEDA1 3971A3 79207B 4E8737 7FED69 5003E0 41E82F 44B4EA 7FF0CC 58EA5F 739583 61A3E5 7FEED9 5735A0 531EA8 448225 7FEAB8 3E3FCB 7CD7AC 000FFF 00 0DC125,2026-07-22T19:39:18.558+00:00,serial_request_midpoint,357.771,True,matched,1.2899,1.2899,2026-07-22T19:39:18.558+00:00,36.556427,1784749158495.598,1098,False,,,,,,,,,,,,,,False,,,,,,,,,,,,,,False,,,,,,,,,,,,,,False,,,,,,,,,,,,,,False,,,,,,,,,,,,,,False,,,,,,,,,,,,,,True,0.2041994477380359,-42.04230164612258,6.531552265948141,72.55188878194306,-0.08167482831920912,-0.018565242201007637,1.4784615341927034,-4.4408920985006264e-17,0.0,0.0,0.0,0.0,0.0,False,,,,,,,,,,,,,,,False,,,,,,
2026-07-22T19:39:19.289+00:00,60.000000,90142.400000,1.219165,4095,0,02,00,FFFFFFFF,32,2.93621385,3.04989433,2.20620112,1.35192972,1.10200735,0.49455437,2.20748756,1.19307641,1.04850375,1.49506523,2.20749441,0.89001643,1.00932853,0.96009641,2.20751230,0.63937203,1.98480842,0.97790207,2.20751335,1.00481832,0.76623002,0.81073927,2.20535916,1.17607940,1.81919060,1.36262381,2.20697921,1.14186020,1.06258230,0.80753131,2.20539859,0.71003735,SD 02 00 FFFFFFFF 921018 94705C 7FE3D0 612A2D 552DDB 2ECFE7 7FED5D 59C01C 525FD2 674D0A 7FED6A 497F6C 5042F1 4D8841 7FED8C 3971A8 7920E7 4E8770 7FED8E 5003D3 41E83C 44B546 7FDD8F 58EA79 7395AF 61A3E4 7FE997 5735CC 531F09 44824D 7FDDDA 3E3FC2 7CD7AD 000FFF 00 0DC130,2026-07-22T19:39:19.113+00:00,serial_request_midpoint,353.4544,True,matched,65.1547,65.1547,2026-07-22T19:39:19.177+00:00,37.176061,1784749159095.578,1116,False,,,,,,,,,,,,,,False,,,,,,,,,,,,,,False,,,,,,,,,,,,,,False,,,,,,,,,,,,,,False,,,,,,,,,,,,,,False,,,,,,,,,,,,,,True,0.15716358311693696,-42.01863271281616,6.527557126886627,72.50576978844292,-0.07958593810431362,-0.021433945268061475,1.4812021328701577,-3.9968028886505636e-16,0.0,0.0,0.0,0.0,0.0,False,,,,,,,,,,,,,,,False,,,,,,
2026-07-22T19:39:19.846+00:00,60.600000,90143.000000,1.218555,4095,0,02,00,FFFFFFFF,32,2.93636170,3.05010401,2.20705498,1.35196154,1.10203397,0.49455595,2.20762230,1.19308360,1.04848170,1.49510891,2.20541594,0.89000347,1.00936487,0.96008693,2.20439558,0.63936744,1.98482740,0.97785081,2.20695027,1.00481776,0.76623981,0.81074912,2.20527345,1.17606332,1.81913543,1.36268095,2.20723495,1.14185868,1.06258462,0.80752885,2.20724285,0.71003460,SD 02 00 FFFFFFFF 9210E7 947175 7FEA27 612A8A 552E35 2ECFEF 7FEE5D 59C033 525F85 674D80 7FDDFB 497F3A 504373 4D881E 7FD666 397193 79210F 4E86B5 7FE960 5003D1 41E865 44B56E 7FDCEC 58EA45 739531 61A48A 7FEB7D 5735C7 531F11 448243 7FEB8C 3E3FB6 7CC7AD 000FFF 00 0DC136,2026-07-22T19:39:19.669+00:00,serial_request_midpoint,356.5972,True,matched,35.9232,35.9232,2026-07-22T19:39:19.704+00:00,37.702782,1784749159628.889,1132,False,,,,,,,,,,,,,,False,,,,,,,,,,,,,,True,0.33519619394555517,-10.297052107518022,22.22932570758388,56.59116433944721,-0.09727741098748577,0.2598923317578588,3.094620647001384,18.703635493918064,-29.14632342027763,-17.115750405331674,0.10345289493149856,0.11517821941156804,1.621226035460135,False,,,,,,,,,,,,,,False,,,,,,,,,,,,,,False,,,,,,,,,,,,,,True,0.2844768835272491,-41.90227845857761,6.523376918678425,72.29835700666038,-0.06945992829034131,-0.026700674723733598,1.486434989482811,-5.329070518200751e-16,0.0,0.0,0.0,0.0,0.0,True,2,0.3351961939455931,-10.793641120424862,23.1116241262987,61.54249472045815,3.000164076981215,-0.06191637265012468,0.13192865347224744,19.417348914964396,-28.891159832181238,-12.119128708098993,2.1995376944425113,-2.1017913201169858,-0.08266191931895993,True,-12.78492302195594,-10.141161414297718,74.02681948841754,-14.185266670557732,-30.446651725228413,-0.542601356840396
2026-07-22T19:39:20.404+00:00,61.800000,90144.200000,1.220385,4095,0,02,00,FFFFFFFF,32,2.93626527,3.05007640,2.20506946,1.35196599,1.10202865,0.49456010,2.20473827,1.19314388,1.04850632,1.49508744,2.20714339,0.89001488,1.00936124,0.96009668,2.20766020,0.63937773,1.98487107,0.97788371,2.20834350,1.00484787,0.76621759,0.81074469,2.20812554,1.17607167,1.81918534,1.36264102,2.20789970,1.14187080,1.06256671,0.80750429,2.20741230,0.71004563,SD 02 00 FFFFFFFF 921060 947150 7FDB68 612A97 552E23 2ED004 7FD8F2 59C0F4 525FDB 674D46 7FEACF 497F66 504366 4D8842 7FEEA5 3971C2 79216B 4E872D 7FF3B7 50043D 41E808 44B55C 7FF219 58EA60 7395A3 61A416 7FF06C 5735EF 531ED3 4481DF 7FECCE 3E3FE6 7CF7AC 000FFF 00 0DC142,2026-07-22T19:39:20.226+00:00,serial_request_midpoint,356.0312,True,matched,79.066,79.066,2026-07-22T19:39:20.304+00:00,38.302411,1784749160228.881,1150,False,,,,,,,,,,,,,,False,,,,,,,,,,,,,,True,0.3440976292937293,-11.86123254788723,22.482226185959803,56.4901120727439,-0.08044890711204883,0.1650243440484248,3.116497153355667,19.03345018153476,-27.529717525217627,-17.033788122031876,0.06013306292225958,0.05125382445360891,1.6400036493725247,False,,,,,,,,,,,,,,False,,,,,,,,,,,,,,False,,,,,,,,,,,,,,True,0.15400973259627007,-41.933288267926336,6.523959080332157,72.342956813478,-0.07392195153407519,-0.021500607950404173,1.4827242350923213,-7.105427357601002e-16,5.684341886080802e-15,0.0,0.0,0.0,0.0,True,2,0.3440976292937712,-12.312822003203188,23.05119152557503,61.49141881252508,3.0630199323332317,-0.04170766193093124,0.1167389870908271,19.40493858005415,-27.3458756811501,-11.997031006054169,2.2587378565768548,-2.1247219312255936,-0.024385539842699852,True,-13.639718704964398,-10.932235630411773,71.92872395363993,-14.87036325282476,-29.61026421971932,-2.742435199451245
2026-07-22T19:39:20.960+00:00,62.300000,90144.700000,1.217944,4095,0,02,00,FFFFFFFF,32,2.93642599,3.05009804,2.20510153,1.35201800,1.10199818,0.49456661,2.20513255,1.19313888,1.04848599,1.49508596,2.20530553,0.89002369,1.00936851,0.96009777,2.20788233,0.63938452,1.98482218,0.97789741,2.20889746,1.00480996,0.76621043,0.81075650,2.20708919,1.17606982,1.81923088,1.36262106,2.20670509,1.14187717,1.06254707,0.80752566,2.20756914,0.71004632,SD 02 00 FFFFFFFF 921141 94716D 7FDBA5 612B2F 552DBC 2ED025 7FDBE0 59C0E4 525F94 674D42 7FDD29 497F88 504380 4D8846 7FF04B 3971E1 792104 4E875F 7FF7D3 5003B5 41E7EA 44B58C 7FEA68 58EA5A 73960B 61A3DC 7FE78E 573604 531E8F 448236 7FEDF8 3E3FE9 7CB7AC 000FFF 00 0DC147,2026-07-22T19:39:20.783+00:00,serial_request_midpoint,355.8796,True,matched,58.2018,58.2018,2026-07-22T19:39:20.842+00:00,38.838879,1784749160762.217,1166,False,,,,,,,,,,,,,,False,,,,,,,,,,,,,,True,0.2575757256018864,-12.17419902492949,22.452723551293115,56.28685065843172,-0.03703990279265224,0.14292280815890004,3.120104525409765,19.019595024134397,-27.220139231700102,-17.50391063209556,0.07508998043143751,0.015354367006163413,1.6429591489341173,False,,,,,,,,,,,,,,False,,,,,,,,,,,,,,False,,,,,,,,,,,,,,True,0.09670934354257528,-42.03995764912149,6.531297054446607,72.52299866830833,-0.07692074606928812,-0.02420253792270411,1.4816893508093656,5.329070518200751e-16,5.684341886080802e-15,0.0,0.0,0.0,0.0,True,2,0.2575757256018745,-12.487036060293153,22.94890931499255,61.30647771077461,3.0784882621821543,-0.04018369302570049,0.07427637320864475,19.329932808774803,-27.19987020011431,-12.459705769762081,2.2843056544798843,-2.143887186006642,-0.04572156187990449,True,-13.510166308308765,-11.183018320025747,71.28325249752899,-15.050059609879138,-29.817606755961172,-3.6998603744580576
2026-07-22T19:39:21.517+00:00,63.500000,90145.900000,1.218554,4095,0,02,00,FFFFFFFF,32,2.93632385,3.05011372,2.20472040,1.35200260,1.10201504,0.49455201,2.20737178,1.19308516,1.04848742,1.49507337,2.20771547,0.89002810,1.00934782,0.96008340,2.20733599,0.63937576,1.98473818,0.97789823,2.20775652,1.00479518,0.76622476,0.81076388,2.20519301,1.17610909,1.81915688,1.36264343,2.20465890,1.14186444,1.06255544,0.80749300,2.20732915,0.71003896,SD 02 00 FFFFFFFF 9210B2 947182 7FD8D0 612B02 552DF5 2ECFDB 7FEC81 59C038 525F99 674D20 7FEF0E 497F99 504336 4D8811 7FEC3D 3971B9 792053 4E8762 7FEF5C 500380 41E826 44B5AA 7FDC53 58EAD9 739562 61A41D 7FD85B 5735DA 531EAC 4481B1 7FEC30 3E3FC9 7CC7AB 000FFF 00 0DC153,2026-07-22T19:39:21.340+00:00,serial_request_midpoint,355.8201,True,matched,36.30615,36.30615,2026-07-22T19:39:21.375+00:00,39.37356,1784749161295.577,1182,False,,,,,,,,,,,,,,False,,,,,,,,,,,,,,True,0.22462776545591678,-12.175022457594128,22.435081269654535,56.24215565367189,-0.023393348387059504,0.13931258395209356,3.1172149005649383,19.17405039973967,-27.164815967680596,-17.23183382470173,0.07308776351615576,0.0026700947092086645,1.6412555285999286,False,,,,,,,,,,,,,,False,,,,,,,,,,,,,,False,,,,,,,,,,,,,,True,0.08324011095164219,-41.97144879074493,6.515437193021802,72.40524454466969,-0.08105001585557402,-0.016733904802281423,1.4801613937795757,-7.327471962526033e-16,0.0,0.0,0.0,0.0,0.0,True,2,0.22462776545592483,-12.443191172386571,22.920534768459824,61.26541593412618,3.080855155718017,-0.045355743457932064,0.06094135076330706,19.439208679552905,-27.180564106773023,-12.185036177970982,-2.2863573090630664,2.150061392791102,0.0431060894427737,True,-13.502518798465696,-11.230985791467813,71.17111041546438,-15.02333368302107,-29.785269295368426,-3.7517687494799477
2026-07-22T19:39:22.074+00:00,64.000000,90146.400000,1.217334,4095,0,02,00,FFFFFFFF,32,2.93625099,3.05002268,2.20518565,1.35192219,1.10203427,0.49455931,2.20490071,1.19311733,1.04852809,1.49511780,2.20728653,0.89002214,1.00935621,0.96009858,2.20782495,0.63936766,1.98479229,0.97787959,2.20753704,1.00484647,0.76623910,0.81074764,2.20763178,1.17604848,1.81909515,1.36262243,2.20775968,1.14185838,1.06257248,0.80747654,2.20797498,0.71003804,SD 02 00 FFFFFFFF 92104C 947108 7FDC45 612A17 552E36 2ED000 7FDA27 59C09F 526027 674D98 7FEBDF 497F82 504354 4D8849 7FEFDE 397194 7920C5 4E871E 7FEDBB 500438 41E862 44B568 7FEE6F 58EA15 7394D5 61A3E0 7FEF62 5735C6 531EE7 44816E 7FF0FB 3E3FC5 7CA7AB 000FFF 00 0DC158,2026-07-22T19:39:21.896+00:00,serial_request_midpoint,357.2968,True,matched,90.7319,90.7319,2026-07-22T19:39:21.988+00:00,39.984712,1784749161928.952,1201,False,,,,,,,,,,,,,,False,,,,,,,,,,,,,,True,0.20905847241911044,-12.272445140159013,22.541619438297467,56.505663883737476,-0.005051766743055297,0.1726383527669333,3.1130161572522557,19.293951041823334,-27.009970613864578,-16.619575967126252,0.09562928032637784,0.013809848954089229,1.6397307557881513,False,,,,,,,,,,,,,,False,,,,,,,,,,,,,,False,,,,,,,,,,,,,,True,0.15237665772079642,-41.847855941606774,6.4993158281138435,72.18829553462697,-0.0788707915049813,-0.013359708998279337,1.4793544294956236,7.549516567451064e-16,0.0,1.1368683772161604e-14,0.0,0.0,0.0,True,2,0.20905847241911968,-12.479390267345384,23.1349159654862,61.52023225789848,3.0595402230338165,-0.048920375937404226,0.04274078964885585,19.667534221387836,-27.0583198853096,-11.579851670116216,2.2817014170731333,-2.1476486548951086,-0.07447531184481547,True,-13.52950688457445,-10.79394432023295,72.16452695198309,-14.607854970739231,-29.69376147482699,-2.4243364968116907
2026-07-22T19:39:22.633+00:00,65.200000,90147.600000,1.218555,4095,0,02,00,FFFFFFFF,32,2.93631885,3.05009431,2.20767915,1.35192937,1.10206445,0.49454984,2.20783285,1.19306361,1.04846337,1.49505819,2.20745809,0.89000944,1.00935900,0.96011051,2.20739546,0.63937554,1.98478279,0.97788371,2.20762862,1.00483393,0.76621473,0.81075330,2.20780600,1.17604941,1.81913105,1.36263758,2.20765546,1.14185293,1.06260483,0.80748391,2.20804763,0.71001689,SD 02 00 FFFFFFFF 9210AB 947168 7FEEC9 612A2C 552E9C 2ECFD0 7FEFED 59BFF3 525F45 674CF7 7FED25 497F51 50435E 4D8875 7FECAE 3971B8 7920B1 4E872D 7FEE69 50040B 41E7FC 44B57F 7FEFBA 58EA18 739527 61A40C 7FEE9C 5735B4 531F57 44818C 7FF185 3E3F69 7CC7AD 000FFF 00 0DC164,2026-07-22T19:39:22.455+00:00,serial_request_midpoint,357.7172,True,matched,111.3217,111.3217,2026-07-22T19:39:22.565+00:00,40.563481,1784749162495.652,1218,False,,,,,,,,,,,,,,False,,,,,,,,,,,,,,False,,,,,,,,,,,,,,False,,,,,,,,,,,,,,False,,,,,,,,,,,,,,False,,,,,,,,,,,,,,False,,,,,,,,,,,,,,False,,,,,,,,,,,,,,,False,,,,,,
2026-07-22T19:39:23.190+00:00,66.400000,90148.800000,1.219165,4095,0,02,00,FFFFFFFF,32,2.93612742,3.05013312,2.20514201,1.35190268,1.10205232,0.49457114,2.20752441,1.19311015,1.04845764,1.49509559,2.20482553,0.89002162,1.00934447,0.96011024,2.20447967,0.63935999,1.98482930,0.97788974,2.20495748,1.00481302,0.76623623,0.81073583,2.20539491,1.17608435,1.81918228,1.36258181,2.20735283,1.14187020,1.06255371,0.80749963,2.20576669,0.71002218,SD 02 00 FFFFFFFF 920F9F 94719C 7FDBF2 6129DE 552E73 2ED03C 7FEDA3 59C088 525F31 674D5C 7FD998 497F80 50432A 4D8874 7FD706 397171 792113 4E8743 7FDA93 5003C0 41E856 44B538 7FDDD3 58EA89 73959C 61A36A 7FEC5D 5735ED 531EA6 4481CC 7FE096 3E3F80 7CD7AB 000FFF 00 0DC170,2026-07-22T19:39:23.012+00:00,serial_request_midpoint,356.8406,True,matched,85.1609,85.1609,2026-07-22T19:39:23.096+00:00,41.094764,1784749163029.025,1234,False,,,,,,,,,,,,,,False,,,,,,,,,,,,,,False,,,,,,,,,,,,,,False,,,,,,,,,,,,,,False,,,,,,,,,,,,,,False,,,,,,,,,,,,,,False,,,,,,,,,,,,,,False,,,,,,,,,,,,,,,False,,,,,,
2026-07-22T19:39:23.745+00:00,66.900000,90149.300000,1.218554,4095,0,02,00,FFFFFFFF,32,2.93609314,3.05018983,2.20513413,1.35189687,1.10203871,0.49455595,2.20689081,1.19310734,1.04851635,1.49506411,2.20745651,0.89000892,1.00939003,0.96011105,2.20794760,0.63937160,1.98482029,0.97788096,2.20732968,1.00478989,0.76624602,0.81073903,2.20754809,1.17606023,1.81911660,1.36260625,2.20514149,1.14184293,1.06260368,0.80749643,2.20472040,0.71000953,SD 02 00 FFFFFFFF 920F6F 9471E8 7FDBE3 6129CD 552E45 2ECFEF 7FE8EF 59C07F 525FFE 674D07 7FED22 497F4F 5043CD 4D8877 7FF0C7 3971A6 792100 4E8723 7FEC31 50036D 41E87F 44B545 7FEDD0 58EA3B 739506 61A3B1 7FDBF1 573593 531F53 4481BF 7FD8D0 3E3F49 7CC7AB 000FFF 00 0DC175,2026-07-22T19:39:23.568+00:00,serial_request_midpoint,356.1256,True,matched,73.6863,73.6863,2026-07-22T19:39:23.642+00:00,41.639949,1784749163562.418,1250,False,,,,,,,,,,,,,,False,,,,,,,,,,,,,,False,,,,,,,,,,,,,,False,,,,,,,,,,,,,,False,,,,,,,,,,,,,,False,,,,,,,,,,,,,,False,,,,,,,,,,,,,,False,,,,,,,,,,,,,,,False,,,,,,
2026-07-22T19:39:24.303+00:00,68.000000,90150.400000,1.217944,4095,0,02,00,FFFFFFFF,32,2.93632027,3.05034655,2.20409182,1.35187702,1.10206445,0.49454412,2.20673192,1.19313295,1.04847568,1.49507374,2.20726442,0.88999985,1.00936347,0.96010698,2.20755756,0.63937116,1.98483215,0.97790755,2.20773652,1.00475337,0.76623121,0.81073607,2.20565625,1.17606363,1.81918140,1.36255427,2.20617798,1.14186565,1.06255140,0.80748882,2.20524769,0.71002356,SD 02 00 FFFFFFFF 9210AD 9472BA 7FD424 612993 552E9C 2ECFB3 7FE7C1 59C0D1 525F70 674D21 7FEBB5 497F2C 50436E 4D8868 7FEDE2 3971A4 792119 4E8784 7FEF36 5002EA 41E841 44B539 7FDFC4 58EA46 73959A 61A31A 7FE3A4 5735DE 531E9E 4481A0 7FDCBB 3E3F86 7CB7AC 000FFF 00 0DC180,2026-07-22T19:39:24.126+00:00,serial_request_midpoint,354.5467,True,matched,50.30445,50.30445,2026-07-22T19:39:24.175+00:00,42.173701,1784749164095.783,1266,False,,,,,,,,,,,,,,False,,,,,,,,,,,,,,False,,,,,,,,,,,,,,False,,,,,,,,,,,,,,False,,,,,,,,,,,,,,False,,,,,,,,,,,,,,False,,,,,,,,,,,,,,False,,,,,,,,,,,,,,,False,,,,,,
2026-07-22T19:39:24.860+00:00,68.600000,90151.000000,1.220385,4095,1,02,80,FFFFFFFF,32,2.93620170,3.05028834,2.20762178,1.35192869,1.10205764,0.49455339,2.20617114,1.19312420,1.04846509,1.49507633,2.20583821,0.89001410,1.00934866,0.96009153,2.20615799,0.63935583,1.98475812,0.97790810,2.20718496,1.00476536,0.76622619,0.81075256,2.20747441,1.17609796,1.81930969,1.36261692,2.20747335,1.14187080,1.06258548,0.80749496,2.20736915,0.71000999,SD 02 80 FFFFFFFF 921007 94726C 7FEE5C 612A2A 552E85 2ECFE2 7FE397 59C0B5 525F4B 674D28 7FE11E 497F63 504339 4D882F 7FE37E 39715E 79207D 4E8786 7FEB1E 500315 41E82C 44B57C 7FED44 58EAB5 7396BF 61A3D0 7FED42 5735EF 531F14 4481B9 7FEC7C 3E3F4B 7CF7AC 000FFF 01 0DC186,2026-07-22T19:39:24.681+00:00,serial_request_midpoint,356.858,True,matched,32.0174,32.0174,2026-07-22T19:39:24.713+00:00,42.711281,1784749164662.44,1283,False,,,,,,,,,,,,,,False,,,,,,,,,,,,,,False,,,,,,,,,,,,,,False,,,,,,,,,,,,,,False,,,,,,,,,,,,,,False,,,,,,,,,,,,,,True,0.3489203954340991,-41.641793011560736,6.489968077307684,71.8311236718016,-0.08150533434445889,-0.010952465034251603,1.478528647808101,8.881784197001253e-17,0.0,0.0,0.0,0.0,0.0,False,,,,,,,,,,,,,,,False,,,,,,
2026-07-22T19:39:25.416+00:00,69.800000,90152.200000,1.216723,4095,1,02,80,FFFFFFFF,32,2.93542827,3.04935490,2.20502004,1.35161391,1.10206948,0.49455872,2.20492331,1.19310328,1.04833022,1.49511299,2.20695290,0.88998559,1.00932909,0.96004898,2.20762020,0.63936853,1.98470259,0.97785739,2.20785812,1.00463854,0.76618940,0.81067800,2.20799761,1.17584502,1.81898088,1.36196953,2.20758914,1.14159720,1.06232785,0.80745100,2.20787180,0.70991525,SD 02 80 FFFFFFFF 920BCC 946D89 7FDB0A 612692 552EAD 2ECFFD 7FDA52 59C072 525D74 674D8B 7FE965 497EF5 5042F3 4D8792 7FEE59 397198 792008 4E86CD 7FF01D 50014E 41E792 44B44D 7FF126 58E783 7393D0 619C77 7FEE1E 573268 531B98 448106 7FF037 3E3DAF 7C97AC 000FFF 01 0DC192,2026-07-22T19:39:25.239+00:00,serial_request_midpoint,354.9821,True,matched,73.07445,73.07445,2026-07-22T19:39:25.311+00:00,43.309322,1784749165229.095,1300,False,,,,,,,,,,,,,,False,,,,,,,,,,,,,,True,0.2725708849174196,-12.238300845586643,22.42392302309901,56.14920130504064,-0.019234538290391203,0.13193811664981175,3.12146781865432,18.946538561304987,-27.18395270670934,-17.53546843737406,0.07781358052839076,0.002537383911263178,1.6420396269710904,False,,,,,,,,,,,,,,False,,,,,,,,,,,,,,False,,,,,,,,,,,,,,True,0.22733439669440134,-42.00760686413751,6.52457667921833,72.47189919922981,-0.07524255193070542,-0.022851168320224446,1.4832454258885757,1.7763568394002506e-16,0.0,0.0,0.0,0.0,0.0,True,2,0.27257088491741055,-12.494190802775853,22.884076390674018,61.17548245972934,3.0858848805826606,-0.03955650943795747,0.05677554476475229,19.226742470013395,-27.214471629288063,-12.489551533305098,-2.287122290760839,2.148937854559418,0.04970648912812251,True,-13.395596016695858,-11.318696565031825,70.91863931533334,-15.208285561746525,-29.874009590857348,-3.9615378715530936
2026-07-22T19:39:25.972+00:00,70.300000,90152.700000,1.218554,4095,1,02,80,FFFFFFFF,32,2.93376149,3.04786327,2.20763599,1.35083302,1.10192185,0.49454609,2.20557737,1.19294992,1.04801413,1.49500377,2.20728968,0.88983786,1.00924300,0.95992106,2.20758388,0.63931729,1.98449000,0.97769953,2.20777600,1.00445516,0.76612825,0.81060023,2.20786233,1.17561377,1.81900014,1.36154322,2.20744388,1.14134758,1.06208845,0.80743480,2.20778916,0.70984443,SD 02 80 FFFFFFFF 9202AD 9465B9 7FEE77 611DA7 552CBA 2ECFBD 7FDF2E 59BE87 525924 674C64 7FEBE5 497CBB 5041BF 4D85BA 7FEE14 3970AE 791E48 4E848D 7FEF81 4FFEBC 41E692 44B311 7FF025 58E497 7393FC 6197A0 7FED0A 572F30 53185B 4480C4 7FEF9A 3E3C7B 7CC7AC 000FFF 01 0DC197,2026-07-22T19:39:25.794+00:00,serial_request_midpoint,357.152,True,matched,50.2638,50.2638,2026-07-22T19:39:25.844+00:00,43.842797,1784749165762.413,1316,False,,,,,,,,,,,,,,False,,,,,,,,,,,,,,True,0.19824633493453472,-12.254355892616164,22.458065102100605,56.242985959386225,-0.025673680956692004,0.13680509824832482,3.121895544392317,19.01717185312517,-27.113759769481362,-17.683935386112115,0.08029808858289236,0.003339861180525829,1.64381815713181,False,,,,,,,,,,,,,,False,,,,,,,,,,,,,,False,,,,,,,,,,,,,,True,0.18205398154000835,-42.06984884492563,6.530255300225673,72.57919175494084,-0.08005756041663831,-0.02632749440529782,1.4822438713799895,0.0,0.0,0.0,0.0,0.0,0.0,True,2,0.19824633493459448,-12.53103720707301,22.933774701300578,61.266716791713215,3.0827055908743035,-0.03831342393330125,0.06307674277859125,19.307792060099725,-27.148902993529155,-12.6386377241981,-2.289553278914115,2.1472743342375114,0.053166367062092476,True,-13.44363673713821,-11.2389995274166,71.11354259209153,-15.10468512784943,-29.880753483744297,-4.042724659250416
2026-07-22T19:39:26.531+00:00,71.500000,90153.900000,1.217334,4095,1,02,80,FFFFFFFF,32,2.93290960,3.04702759,2.20736178,1.35030406,1.10180884,0.49455122,2.20509522,1.19283530,1.04782863,1.49500155,2.20466363,0.88975312,1.00911387,0.95985521,2.20456850,0.63929802,1.98428312,0.97762745,2.20699921,1.00432837,0.76606614,0.81054290,2.20773073,1.17548980,1.81891652,1.36119165,2.20765230,1.14119461,1.06190163,0.80741515,2.20754441,0.70978372,SD 02 80 FFFFFFFF 91FE03 946158 7FEC6E 61179C 552B3C 2ECFD7 7FDB99 59BD18 52569C 674C5E 7FD864 497B74 503FF1 4D84C7 7FD7AF 397056 791C94 4E8386 7FE9BD 4FFCF5 41E58E 44B228 7FEF2B 58E306 73933D 6193A2 7FEE96 572D37 5315D4 448074 7FEDC9 3E3B73 7CA7AD 000FFF 01 0DC1A3,2026-07-22T19:39:26.353+00:00,serial_request_midpoint,357.8103,True,matched,15.92415,15.92415,2026-07-22T19:39:26.368+00:00,44.366704,1784749166295.774,1332,False,,,,,,,,,,,,,,False,,,,,,,,,,,,,,True,0.21470833707940093,-12.253955126959132,22.458473748911537,56.239424435185335,-0.027490990624421466,0.13663606037427392,3.121826462546867,19.066132116900334,-27.10574875052307,-17.715740090218514,0.0786228383259591,0.003605918762380315,1.645192934856739,False,,,,,,,,,,,,,,False,,,,,,,,,,,,,,False,,,,,,,,,,,,,,True,0.10560818029185404,-42.09089173386868,6.537138484446868,72.62096140463761,-0.08059186016913691,-0.025743016247382962,1.4807985841830622,1.7763568394002506e-16,0.0,0.0,0.0,0.0,0.0,True,2,0.21470833707941092,-12.536488434050076,22.933698604340854,61.26287529870376,3.082778728389367,-0.03838401638650384,0.06487356656944246,19.351880040946106,-27.134640953323093,-12.67012459995982,-2.291180651086833,2.1458930453584184,0.050809455238364665,True,-13.460876609209427,-11.240022088961013,71.10531580957125,-15.065237168945737,-29.90307210923944,-4.104545423531272
2026-07-22T19:39:27.086+00:00,72.000000,90154.400000,1.217334,4095,1,02,80,FFFFFFFF,32,2.93249660,3.04676300,2.20739441,1.34991471,1.10169200,0.49453721,2.20764336,1.19279814,1.04774705,1.49505634,2.20777653,0.88970751,1.00906776,0.95979559,2.20799130,0.63928883,1.98410948,0.97754360,2.20747757,1.00419155,0.76602911,0.81051214,2.20528975,1.17544931,1.81890995,1.36099457,2.20711076,1.14101501,1.06168856,0.80740729,2.20746862,0.70976027,SD 02 80 FFFFFFFF 91FBC0 945FF5 7FECAC 611329 5529B1 2ECF90 7FEE85 59BCA1 52557F 674CF2 7FEF82 497AC4 503F4C 4D83EB 7FF11A 39702C 791B26 4E8254 7FED4A 4FFB0A 41E4F3 44B1AB 7FDD0B 58E283 73932E 619165 7FEA91 572AE6 5312F2 448054 7FED39 3E3B0D 7CA7AD 000FFF 01 0DC1A8,2026-07-22T19:39:26.910+00:00,serial_request_midpoint,354.2318,True,matched,68.9602,68.9602,2026-07-22T19:39:26.978+00:00,44.976359,1784749166895.824,1350,False,,,,,,,,,,,,,,False,,,,,,,,,,,,,,True,0.25717107720679966,-12.250119921658944,22.4495188508761,56.22247853586638,-0.025359126501032964,0.13894321170191157,3.1213033777871853,19.142112099520652,-27.090892303646683,-17.55271346850848,0.07661717148001336,0.00234855572753052,1.6457397285956143,False,,,,,,,,,,,,,,False,,,,,,,,,,,,,,False,,,,,,,,,,,,,,True,0.1274219017095774,-42.05549223035453,6.5356547240364815,72.55720723390378,-0.08200779344226941,-0.02157701701084462,1.47980898070336,3.885780586188048e-16,0.0,0.0,0.0,0.0,0.0,True,2,0.25717107720670396,-12.525609531260702,22.932294083901056,61.24560058266942,3.081311840527891,-0.03904602253992989,0.06276363767446728,19.41734372077409,-27.1177131965019,-12.506502043878289,-2.2909099954547294,2.1445815515247113,0.047989975408595696,True,-13.454118309944601,-11.226400297654859,71.13967882814111,-15.01626440955821,-29.89910868244824,-4.011692745864662
2026-07-22T19:39:27.645+00:00,73.200000,90155.600000,1.220385,4095,1,02,80,FFFFFFFF,32,2.93236038,3.04640901,2.20513413,1.34966420,1.10163580,0.49452636,2.20499218,1.19275473,1.04770412,1.49500784,2.20469622,0.88966009,1.00902304,0.95972324,2.20480451,0.63927197,1.98384524,0.97746660,2.20422635,1.00409543,0.76600809,0.81050869,2.20423055,1.17540758,1.81876418,1.36076863,2.20436720,1.14084632,1.06149862,0.80739723,2.20696658,0.70972969,SD 02 80 FFFFFFFF 91FB01 945E1A 7FDBE3 61104C 5528F3 2ECF59 7FDAD5 59BC16 5254E9 674C6F 7FD8A2 497A0D 503EAC 4D82E0 7FD970 396FDF 7918F9 4E813B 7FD524 4FF9B1 41E49B 44B19D 7FD52C 58E1FC 7391E1 618ED4 7FD630 5728B9 531060 44802B 7FE97F 3E3A88 7CF7AC 000FFF 01 0DC1B4,2026-07-22T19:39:27.466+00:00,serial_request_midpoint,358.0878,True,matched,41.4325,41.4325,2026-07-22T19:39:27.508+00:00,45.505432,1784749167429.154,1366,False,,,,,,,,,,,,,,False,,,,,,,,,,,,,,True,0.15511635859568149,-12.271253488927515,22.495039937559504,56.33860748038876,-0.03236728213724923,0.1491987875813705,3.121512776512589,19.192973009094608,-27.14803183199886,-17.30524898628488,0.07359405357592258,0.011789680994272928,1.6454863954074843,False,,,,,,,,,,,,,,False,,,,,,,,,,,,,,False,,,,,,,,,,,,,,True,0.1221729722602156,-42.05615970401357,6.534691922839198,72.55539325204873,-0.08134590586083908,-0.01740285266812336,1.480820998850447,-6.7723604502134545e-16,0.0,0.0,0.0,0.0,0.0,True,2,0.155116358595725,-12.569227579548157,23.01066955315701,61.35717909637941,3.0746633687661844,-0.03759396906170989,0.06955542082795253,19.487115561550016,-27.134488678916945,-12.260051243299074,2.2892923191350874,-2.1433376536006787,-0.04367546616578029,True,-13.511309535790849,-11.082882913214027,71.47219153051296,-14.914376605466051,-29.847263700518134,-3.614271747090663
2026-07-22T19:39:28.202+00:00,74.400000,90156.800000,1.217944,4095,1,02,80,FFFFFFFF,32,2.93211434,3.04625029,2.20747388,1.34945882,1.10165621,0.49454274,2.20787391,1.19270071,1.04764143,1.49502080,2.20728126,0.88957510,1.00899789,0.95971754,2.20717601,0.63924788,1.98372048,0.97740330,2.20751388,1.00403720,0.76598110,0.81046317,2.20802709,1.17537234,1.81875017,1.36069297,2.20719864,1.14081210,1.06137652,0.80739060,2.20733705,0.70970900,SD 02 80 FFFFFFFF 91F9A8 945D45 7FED43 610DF3 552938 2ECFAC 7FF03B 59BB69 52540E 674C92 7FEBD5 4978C5 503E52 4D82CB 7FEB0D 396F71 7917F2 4E8054 7FED8F 4FF8E0 41E42A 44B0E4 7FF15E 58E18A 7391C1 618DF8 7FEB38 572848 530EB9 448010 7FEC3F 3E3A2E 7CB7AD 000FFF 01 0DC1C0,2026-07-22T19:39:28.023+00:00,serial_request_midpoint,355.8524,True,matched,85.9696,85.9696,2026-07-22T19:39:28.108+00:00,46.10712,1784749168029.143,1384,False,,,,,,,,,,,,,,False,,,,,,,,,,,,,,True,0.18846226515986156,-12.268299243832105,22.492190171059217,56.33350161805538,-0.026554656343981187,0.1505096350402183,3.121239062341931,19.068786100350668,-27.159852121808775,-17.433778306838736,0.08253117253497094,0.013900810662864969,1.6443244369304029,False,,,,,,,,,,,,,,False,,,,,,,,,,,,,,False,,,,,,,,,,,,,,True,0.14804629521395934,-42.0580016670211,6.533113776815253,72.5536837024828,-0.07723828195202853,-0.02250133506792471,1.4817931885648437,-4.440892098500626e-16,0.0,0.0,0.0,0.0,0.0,True,2,0.18846226515986444,-12.547430249552544,23.012030923779562,61.352722131309804,3.073913291510669,-0.038061278527821735,0.06383037721462598,19.398968634036198,-27.16685893407357,-12.390797691543025,2.2866888154148826,-2.142990866694371,-0.05612407232323874,True,-13.46733480448529,-11.072864053673978,71.49890489715455,-14.942542530979733,-29.881551472131072,-3.51034893829584
2026-07-22T19:39:28.757+00:00,74.900000,90157.300000,1.218555,4095,1,02,80,FFFFFFFF,32,2.93181555,3.04613107,2.20725811,1.34932214,1.10156334,0.49453307,2.20780390,1.19261889,1.04755500,1.49501228,2.20763651,0.88957018,1.00895178,0.95969505,2.20769389,0.63925292,1.98366594,0.97733370,2.20521982,1.00398649,0.76593667,0.81043783,2.20740283,1.17533556,1.81887362,1.36053962,2.20767704,1.14072913,1.06120421,0.80736113,2.20784127,0.70967129,SD 02 80 FFFFFFFF 91F805 945CA5 7FEBA9 610C63 5527FE 2ECF7B 7FEFB6 59BA63 5252E0 674C7B 7FEE78 4978B2 503DAD 4D8278 7FEEE5 396F88 79177F 4E7F56 7FDC86 4FF82A 41E370 44B07D 7FECBC 58E113 7392DB 618C3A 7FEEC5 572736 530C64 447F98 7FEFFD 3E398A 7CC7AD 000FFF 01 0DC1C5,2026-07-22T19:39:28.580+00:00,serial_request_midpoint,356.1434,True,matched,53.7509,53.7509,2026-07-22T19:39:28.632+00:00,46.631102,1784749168562.449,1400,False,,,,,,,,,,,,,,False,,,,,,,,,,,,,,True,0.1712469977267747,-12.256081043348056,22.464450456498067,56.25570608006346,-0.02392710419769615,0.14004953255088917,3.121933167960825,19.098073982047183,-27.152220988724046,-17.41011595300638,0.0762831985919519,0.005239330406552125,1.6446452805471021,False,,,,,,,,,,,,,,False,,,,,,,,,,,,,,False,,,,,,,,,,,,,,True,0.14060638427449082,-42.0347949883851,6.528384013715853,72.51490821461695,-0.07901046742698749,-0.019988232418472075,1.4815540766398831,1.7763568394002506e-16,5.684341886080802e-15,0.0,0.0,0.0,0.0,True,2,0.1712469977267895,-12.527077599549363,22.950506642926218,61.278756314505266,3.0806673955504245,-0.03801770846811752,0.061322190802499205,19.381177544267857,-27.16867245776882,-12.36429539240495,-2.291683695787705,2.147560676162946,0.04755517095902923,True,-13.424961566359297,-11.201949386797452,71.19716678453956,-15.041874436103518,-29.89734221484762,-3.809813032518832
2026-07-22T19:39:29.314+00:00,76.100000,90158.500000,1.217334,4095,1,02,80,FFFFFFFF,32,2.93183552,3.04599099,2.20741915,1.34925039,1.10154559,0.49452084,2.20556633,1.19264669,1.04751007,1.49501932,2.20728074,0.88954556,1.00889533,0.95965305,2.20760388,0.63922073,1.98357155,0.97728055,2.20521089,1.00394944,0.76594169,0.81044644,2.20744230,1.17532258,1.81874754,1.36048942,2.20740862,1.14059348,1.06110811,0.80736530,2.20771863,0.70964945,SD 02 80 FFFFFFFF 91F821 945BE9 7FECDB 610B91 5527C2 2ECF3D 7FDF19 59BABC 525243 674C8E 7FEBD4 497853 503CE3 4D81DD 7FEE3A 396EF5 7916B8 4E7E94 7FDC75 4FF7A5 41E385 44B0A0 7FED07 58E0E9 7391BB 618BA8 7FECC7 572576 530B17 447FA9 7FEF14 3E392B 7CA7AD 000FFF 01 0DC1D1,2026-07-22T19:39:29.137+00:00,serial_request_midpoint,357.1019,True,matched,18.42265,18.42265,2026-07-22T19:39:29.154+00:00,47.152569,1784749169095.758,1416,False,,,,,,,,,,,,,,False,,,,,,,,,,,,,,True,0.25485593325031186,-12.24969117852471,22.448994608600298,56.215492002147414,-0.027196244540992464,0.13625233716772214,3.121148309741661,19.188155670151126,-27.095747111116065,-17.482538371983082,0.0721773563537023,0.0015207493216637595,1.6460895519828453,False,,,,,,,,,,,,,,False,,,,,,,,,,,,,,False,,,,,,,,,,,,,,True,0.06682997754546442,-42.0515286651214,6.53304216268152,72.54145040038857,-0.08229157709307285,-0.019467373934581682,1.4791380562670613,1.6653345369377348e-16,0.0,1.1368683772161604e-14,0.0,0.0,0.0,True,2,0.2548559332501506,-12.531125949790164,22.923241461138847,61.239096781748955,3.082988027765535,-0.03946969735533286,0.06460729100746891,19.44618472864869,-27.111684337569933,-12.435372078007891,-2.2907050852247006,2.143816018162181,0.041776309238212773,True,-13.478009994651249,-11.252125345476506,71.07368009630935,-15.015506777088376,-29.88357072697425,-4.052068484567348
2026-07-22T19:39:29.871+00:00,76.600000,90159.000000,1.217944,4095,1,02,80,FFFFFFFF,32,2.93180628,3.04590680,2.20746388,1.34915028,1.10147520,0.49452636,2.20758388,1.19261421,1.04750720,1.49503783,2.20779916,0.88950022,1.00889673,0.95961973,2.20543172,0.63922227,1.98356064,0.97725534,2.20467835,1.00389929,0.76590204,0.81043660,2.20715233,1.17531578,1.81871077,1.36038180,2.20486286,1.14052172,1.06103048,0.80734861,2.20673928,0.70964715,SD 02 80 FFFFFFFF 91F7F8 945B78 7FED30 610A6C 5526D4 2ECF59 7FEE14 59BA54 525239 674CC0 7FEFAD 4977A4 503CE8 4D8162 7FDE19 396EFC 7916A1 4E7E38 7FD880 4FF6F1 41E2DF 44B078 7FEAE0 58E0D3 739167 618A6F 7FD9DF 572489 530A0A 447F65 7FE7CF 3E3921 7CB7AD 000FFF 01 0DC1D6,2026-07-22T19:39:29.693+00:00,serial_request_midpoint,356.3255,True,matched,72.78895,72.78895,2026-07-22T19:39:29.765+00:00,47.763801,1784749169695.747,1434,False,,,,,,,,,,,,,,False,,,,,,,,,,,,,,True,0.26425538237628865,-12.24094127031598,22.438529631608795,56.1788144201819,-0.02007035062116617,0.13606364535723264,3.1220194815642963,18.92088190796492,-27.207167151981423,-17.658729409123577,0.08155369292958443,0.004350252852933081,1.6421715566652464,False,,,,,,,,,,,,,,False,,,,,,,,,,,,,,False,,,,,,,,,,,,,,True,0.12865097216933982,-42.05762110192445,6.535786864052736,72.55345387404327,-0.07598426503872976,-0.024995719588961775,1.4839088253000456,2.6645352591003756e-16,0.0,0.0,0.0,0.0,0.0,True,2,0.26425538237629026,-12.499580918417417,22.911720076204453,61.20374420744973,3.0832737835163937,-0.038332326732872415,0.057550680502157794,19.218926672241334,-27.243126853247873,-12.613870714395796,-2.288487928736995,2.149733662034818,0.05495167345757928,True,-13.380438710565176,-11.265949567669745,71.0364601087845,-15.185065063425025,-29.920889332294752,-3.9671224533349916
2026-07-22T19:39:30.429+00:00,77.800000,90160.200000,1.220385,4095,1,02,80,FFFFFFFF,32,2.93178703,3.04585614,2.20457060,1.34901738,1.10142995,0.49454589,2.20465680,1.19254645,1.04746313,1.49503413,2.20691186,0.88950151,1.00887186,0.95961485,2.20776758,0.63921876,1.98344396,0.97720931,2.20732231,1.00385528,0.76591040,0.81041519,2.20790128,1.17530867,1.81871208,1.36029551,2.20776126,1.14042575,1.06093785,0.80733068,2.20743230,0.70962715,SD 02 80 FFFFFFFF 91F7DD 945B34 7FD7B3 6108E7 55263B 2ECFBC 7FD857 59B97B 52519F 674CB6 7FE917 4977A9 503C8F 4D8150 7FEF71 396EEC 7915AB 4E7D90 7FEC23 4FF653 41E302 44B021 7FF06F 58E0BC 73916A 618974 7FEF65 57234C 5308C9 447F1C 7FECF4 3E38CA 7CF7AC 000FFF 01 0DC1E2,2026-07-22T19:39:30.251+00:00,serial_request_midpoint,356.1423,True,matched,29.93225,29.93225,2026-07-22T19:39:30.280+00:00,48.278271,1784749170229.063,1450,False,,,,,,,,,,,,,,False,,,,,,,,,,,,,,True,0.2828178760420161,-12.24440424189979,22.44368855152907,56.188170160267916,-0.024960019517015986,0.13329141690424243,3.1223973554689763,19.025169058448352,-27.12935579118,-17.784643396514298,0.07906545182858701,0.0015058146069579306,1.6450314758200144,False,,,,,,,,,,,,,,False,,,,,,,,,,,,,,False,,,,,,,,,,,,,,True,0.17086757641655778,-42.09544127102616,6.534278793452176,72.62163642650299,-0.07969118868971035,-0.026460287703618305,1.4813338393386488,-3.552713678800501e-16,-5.684341886080802e-15,0.0,0.0,0.0,0.0,True,2,0.2828178760420223,-12.518959698822462,22.907942830707082,61.213089094605515,3.0849876276868993,-0.037862689098685044,0.06239086532445644,19.30597716584752,-27.166563676511693,-12.738804971493767,-2.2896073281354505,2.1448292419904584,0.051413703954581405,True,-13.415380402251245,-11.287319772021982,70.98303076203688,-15.120105659155263,-29.941388336576075,-4.211408876313522
2026-07-22T19:39:30.985+00:00,78.300000,90160.700000,1.218554,4095,1,02,80,FFFFFFFF,32,2.93168364,3.04596491,2.20738441,1.34898766,1.10146278,0.49451531,2.20773178,1.19257143,1.04747687,1.49500599,2.20539281,0.88948985,1.00882519,0.95958938,2.20734757,0.63919205,1.98346436,0.97718438,2.20725337,1.00382296,0.76589583,0.81040264,2.20758914,1.17533587,1.81870727,1.36025081,2.20531131,1.14034158,1.06082330,0.80736383,2.20498797,0.70961497,SD 02 80 FFFFFFFF 91F74C 945BC6 7FEC99 610890 5526AA 2ECF21 7FEF2D 59B9CB 5251CF 674C6A 7FDDCF 49777C 503BE8 4D80F2 7FEC53 396E72 7915D6 4E7D35 7FEBA0 4FF5DF 41E2C5 44AFEE 7FEE1E 58E114 73915F 6188F2 7FDD34 572236 53073C 447FA3 7FDACD 3E3895 7CC7AC 000FFF 01 0DC1E7,2026-07-22T19:39:30.807+00:00,serial_request_midpoint,357.2176,True,matched,89.749,89.749,2026-07-22T19:39:30.896+00:00,48.89501,1784749170829.038,1468,False,,,,,,,,,,,,,,False,,,,,,,,,,,,,,True,0.19301662295682534,-12.259534402966867,22.471490086436127,56.26936188834524,-0.02977115717704114,0.1410919306954606,3.121562220885172,19.269339972592306,-27.089794212786536,-17.543533539285114,0.07244316999700333,0.0006213528554606683,1.6469582182570337,False,,,,,,,,,,,,,,False,,,,,,,,,,,,,,False,,,,,,,,,,,,,,True,0.1001506208964085,-42.10766353551119,6.5387523176102205,72.64547366713067,-0.0868766898113023,-0.01876995798868078,1.47896960696608,0.0,0.0,0.0,0.0,0.0,0.0,True,2,0.19301662295693223,-12.549284126179566,22.961121763703225,61.29101796936809,3.0798817673824352,-0.03833280254878377,0.06708475177138276,19.525389652670825,-27.109368270820845,-12.496278909771878,-2.2910237787827943,2.14227338472321,0.04213396116926594,True,-13.488145695961538,-11.184225390812111,71.23008841798483,-14.937250186526555,-29.916822180032273,-4.128724153837027
2026-07-22T19:39:31.543+00:00,79.500000,90161.900000,1.217944,4095,1,02,80,FFFFFFFF,32,2.93173284,3.04563934,2.20449281,1.34888928,1.10143143,0.49453031,2.20744125,1.19255519,1.04745083,1.49500858,2.20726968,0.88945565,1.00882463,0.95960699,2.20770389,0.63920125,1.98347147,0.97712959,2.20764915,1.00378731,0.76588317,0.81039699,2.20749862,1.17526601,1.81880095,1.36014252,2.20708445,1.14029254,1.06078146,0.80732896,2.20787496,0.70960048,SD 02 80 FFFFFFFF 91F791 945A11 7FD71F 610770 552640 2ECF6D 7FED05 59B997 525174 674C71 7FEBBF 4976F8 503BE6 4D8133 7FEEF8 396E9C 7915E5 4E7C6D 7FEE90 4FF55F 41E290 44AFD7 7FED72 58E032 739235 6187B7 7FEA5F 572194 5306AB 447F15 7FF03D 3E3856 7CB7AC 000FFF 01 0DC1F3,2026-07-22T19:39:31.365+00:00,serial_request_midpoint,356.1985,True,matched,54.09815,54.09815,2026-07-22T19:39:31.418+00:00,49.416433,1784749171362.373,1484,False,,,,,,,,,,,,,,False,,,,,,,,,,,,,,True,0.22802031132178385,-12.24977794108744,22.45691831445323,56.23318231707911,-0.02222318187033925,0.13899525495385745,3.1223223412174104,19.173704699328542,-27.097628847457162,-17.597369091858127,0.07831393796855288,-9.676310828361022e-05,1.647135504120918,False,,,,,,,,,,,,,,False,,,,,,,,,,,,,,False,,,,,,,,,,,,,,True,0.1672323234845512,-42.08344445595883,6.53436272576307,72.60402242414732,-0.08290936282346217,-0.021635146272752016,1.4794258002118919,-2.095545958979983e-16,0.0,0.0,0.0,0.0,0.0,True,2,0.2280203113217787,-12.515386077205694,22.939424190839176,61.25686250673033,3.081389688748837,-0.03755628096989762,0.059640214767453334,19.446893498109606,-27.137456820761543,-12.551132487875293,-2.2907583718589337,2.141473493197821,0.050326756818287785,True,-13.392621924528452,-11.220135980377242,71.15263033491655,-14.986424759850085,-29.987810359122967,-4.078034283289253
2026-07-22T19:39:32.100+00:00,80.100000,90162.500000,1.217944,4095,1,02,80,FFFFFFFF,32,2.93172927,3.04577717,2.20730337,1.34881106,1.10141161,0.49452538,2.20764283,1.19252491,1.04742335,1.49497711,2.20777600,0.88943700,1.00883273,0.95955009,2.20776179,0.63919993,1.98334579,0.97711890,2.20777811,1.00379232,0.76585929,0.81040904,2.20741336,1.17525612,1.81876374,1.36012534,2.20774231,1.14020052,1.06072376,0.80733903,2.20782232,0.70957657,SD 02 80 FFFFFFFF 91F78C 945ACA 7FEBFF 61068B 5525FD 2ECF54 7FEE84 59B936 525114 674C1C 7FEF81 4976B0 503C03 4D8061 7FEF66 396E96 7914DC 4E7C46 7FEF85 4FF571 41E22C 44B008 7FECD0 58E012 7391E0 618785 7FEF41 572064 5305E3 447F3E 7FEFD9 3E37EE 7CB7AC 000FFF 01 0DC1F9,2026-07-22T19:39:31.922+00:00,serial_request_midpoint,357.0367,True,matched,16.76595,16.76595,2026-07-22T19:39:31.937+00:00,49.935907,1784749171862.377,1499,False,,,,,,,,,,,,,,False,,,,,,,,,,,,,,True,0.16887057704605873,-12.257831832131247,22.46850909121576,56.26199824896222,-0.026897236592127158,0.14295673086255242,3.121372796323244,19.113465518075905,-27.148696766483095,-17.446572372553057,0.07658400040699617,0.007947543956362591,1.64475652251266,False,,,,,,,,,,,,,,False,,,,,,,,,,,,,,False,,,,,,,,,,,,,,True,0.1073756317432008,-42.052285657128934,6.530855264307919,72.54207501609044,-0.07930658248956671,-0.02043760055761755,1.481063704922379,-8.881784197001253e-17,0.0,0.0,0.0,0.0,0.0,True,2,0.1688705770460634,-12.538229263221385,22.96413588244293,61.283597073660516,3.0787310219858037,-0.03853930043740831,0.06423881986791717,19.405821469845932,-27.15710615934561,-12.401259629884692,2.290913751750159,-2.1464826354311826,-0.047937034962849435,True,-13.466446538014338,-11.16923742697042,71.26470692893979,-15.000934823096426,-29.879147284622825,-3.7793730473251683
2026-07-22T19:39:32.658+00:00,81.200000,90163.600000,1.218554,4095,1,02,80,FFFFFFFF,32,2.93185619,3.04584794,2.20513833,1.34879124,1.10135128,0.49451985,2.20744651,1.19253271,1.04739645,1.49501969,2.20712023,0.88943156,1.00878998,0.95954901,2.20769757,0.63920563,1.98339274,0.97710438,2.20776810,1.00374302,0.76585905,0.81037435,2.20774442,1.17525211,1.81868932,1.36015112,2.20748072,1.14013422,1.06068596,0.80734419,2.20553636,0.70955657,SD 02 80 FFFFFFFF 91F83E 945B29 7FDBEB 610651 552531 2ECF38 7FED0F 59B94F 5250B6 674C8F 7FEAA3 49769B 503B6A 4D805D 7FEEEC 396EB0 79153F 4E7C11 7FEF72 4FF4C0 41E22B 44AF7B 7FEF45 58E005 739136 6187D0 7FED50 571F89 530560 447F53 7FDEE0 3E3797 7CC7AC 000FFF 01 0DC204,2026-07-22T19:39:32.480+00:00,serial_request_midpoint,357.3134,True,matched,59.4719,59.4719,2026-07-22T19:39:32.538+00:00,50.536773,1784749172462.395,1517,False,,,,,,,,,,,,,,False,,,,,,,,,,,,,,True,0.19649624966650858,-12.244253841077853,22.440250283078107,56.19080366134333,-0.018383706562854374,0.140263404219148,3.1213348176413236,18.857199779862206,-27.21165060000095,-17.6681293462123,0.08659782200347022,0.008613990002855489,1.6411428938636772,False,,,,,,,,,,,,,,False,,,,,,,,,,,,,,False,,,,,,,,,,,,,,True,0.08256603937809197,-42.04515652377108,6.532512412809979,72.53340999130612,-0.07321384692883823,-0.027051827776779187,1.484462235493865,3.552713678800501e-16,0.0,0.0,0.0,0.0,0.0,True,2,0.19649624966655022,-12.497212613122082,22.927114938654007,61.21471631808138,3.0805791652497225,-0.03905813692321173,0.05587116074912784,19.185015872024785,-27.249185107107415,-12.62512909970908,2.2865383298503072,-2.1497552349261797,-0.0619687398045089,True,-13.387030409742726,-11.22344882442033,71.14036660837266,-15.169397954081916,-29.90207985756131,-3.775964458921135
2026-07-22T19:39:33.214+00:00,82.400000,90164.800000,1.218555,4095,1,02,80,FFFFFFFF,32,2.93169576,3.04573023,2.20450910,1.34872395,1.10132851,0.49453820,2.20474616,1.19250118,1.04745855,1.49501598,2.20717759,0.88941627,1.00879585,0.95957935,2.20742020,0.63919972,1.98323719,0.97704576,2.20531341,1.00373745,0.76584543,0.81037287,2.20749230,1.17524809,1.81875586,1.36001499,2.20765915,1.14009245,1.06058874,0.80734787,2.20795550,0.70957106,SD 02 80 FFFFFFFF 91F75D 945A8B 7FD73E 61058C 5524E4 2ECF95 7FD901 59B8EA 52518F 674C85 7FEB10 497660 503B7F 4D80CD 7FECDD 396E95 7913F7 4E7B3B 7FDD38 4FF4AC 41E1F2 44AF75 7FED66 58DFF8 7391CE 618644 7FEEA3 571EFF 53040F 447F62 7FF0D6 3E37D6 7CC7AD 000FFF 01 0DC210,2026-07-22T19:39:33.036+00:00,serial_request_midpoint,356.3333,True,matched,14.73675,14.73675,2026-07-22T19:39:33.050+00:00,51.049027,1784749172995.751,1533,False,,,,,,,,,,,,,,False,,,,,,,,,,,,,,True,0.21785272376177947,-12.251720531206491,22.45486272021094,56.22599724719394,-0.026833851431338745,0.1382649240849272,3.1211979383604787,19.040950260531098,-27.163752584898436,-17.526522237986466,0.07631709120378244,0.006964630990344494,1.6434251823399275,False,,,,,,,,,,,,,,False,,,,,,,,,,,,,,False,,,,,,,,,,,,,,True,0.08349866957043768,-42.049679463976396,6.5300565285784185,72.53821396584166,-0.07781616168206722,-0.022337739648098588,1.4819747626579682,-7.105427357601002e-16,0.0,0.0,0.0,0.0,0.0,True,2,0.21785272376171136,-12.531958296249673,22.93553150827369,61.24905869311931,3.081713499625165,-0.03922741559912554,0.06422820587614937,19.32960123383204,-27.174834266092734,-12.481001472964248,2.290084514948663,-2.1486176931569827,-0.04759779937656934,True,-13.47252912900665,-11.227278789460765,71.12777489522391,-15.087142342289372,-29.853756150284134,-3.8855111503558533
2026-07-22T19:39:33.771+00:00,82.900000,90165.300000,1.214892,4095,1,02,80,FFFFFFFF,32,2.93177562,3.04553281,2.20761704,1.34869424,1.10128534,0.49452755,2.20790654,1.19244248,1.04739101,1.49497711,2.20490964,0.88941757,1.00877461,0.95955930,2.20734547,0.63919118,1.98321680,0.97704357,2.20515778,1.00373355,0.76582131,0.81037804,2.20728074,1.17523851,1.81865474,1.36012327,2.20740915,1.14001194,1.06057402,0.80730735,2.20540543,0.70954692,SD 02 80 FFFFFFFF 91F7CD 945982 7FEE53 610535 552452 2ECF5F 7FF079 59B82E 5250A3 674C1C 7FDA38 497665 503B33 4D8083 7FEC4F 396E6E 7913CC 4E7B33 7FDC10 4FF49E 41E18D 44AF8A 7FEBD4 58DFD9 7390E7 61877F 7FECC8 571DF5 5303DC 447EBD 7FDDE7 3E376D 7C67AD 000FFF 01 0DC215,2026-07-22T19:39:33.594+00:00,serial_request_midpoint,355.0231,True,matched,64.09865,64.09865,2026-07-22T19:39:33.657+00:00,51.655233,1784749173595.801,1551,False,,,,,,,,,,,,,,False,,,,,,,,,,,,,,True,0.29089384073766017,-12.233723557855814,22.41632096335121,56.1261146455516,-0.018760515586405097,0.13157227264048826,3.1208862052337887,19.138505951145373,-27.133383626736958,-17.747144232947857,0.07647928625495046,-0.006091759407103763,1.6451005386135416,False,,,,,,,,,,,,,,False,,,,,,,,,,,,,,False,,,,,,,,,,,,,,True,0.12240959960021289,-42.10910150352731,6.5396367188538465,72.64449033768831,-0.08333516710130627,-0.02146777168144296,1.4796027717897222,-1.5265566588595902e-16,0.0,0.0,0.0,0.0,0.0,True,2,0.2908938407377077,-12.4879572852583,22.875501167586197,61.152568840626294,3.08609077323211,-0.040495307018593836,0.056326575633092034,19.387562041132583,-27.187764951892724,-12.699794754379047,-2.2845993802983915,2.14034447756697,0.04774681573425367,True,-13.407565322001792,-11.328903471106935,70.88829372906955,-15.09203537146937,-29.983835027229485,-4.398549719394987
2026-07-22T19:39:34.327+00:00,84.100000,90166.500000,1.218555,4095,1,02,80,FFFFFFFF,32,2.93179487,3.04571980,2.20690923,1.34866794,1.10133324,0.49453484,2.20558316,1.19243967,1.04737728,1.49495638,2.20732810,0.88939969,1.00875449,0.95954359,2.20535758,0.63919249,1.98315420,0.97700494,2.20715496,1.00370291,0.76582585,0.81038764,2.20537703,1.17524592,1.81866131,1.36008546,2.20479610,1.13999983,1.06048459,0.80732651,2.20498061,0.70954140,SD 02 80 FFFFFFFF 91F7E8 945A7D 7FE912 6104E8 5524F4 2ECF84 7FDF39 59B825 525073 674BE4 7FEC2E 497620 503AEB 4D8049 7FDD8C 396E74 791348 4E7AA6 7FEAE5 4FF430 41E1A0 44AFB1 7FDDB1 58DFF1 7390F6 618711 7FD960 571DCD 5302A6 447F0B 7FDABF 3E3755 7CC7AD 000FFF 01 0DC221,2026-07-22T19:39:34.149+00:00,serial_request_midpoint,356.0858,True,matched,30.9632,30.9632,2026-07-22T19:39:34.180+00:00,52.177837,1784749174129.156,1567,False,,,,,,,,,,,,,,False,,,,,,,,,,,,,,True,0.21138571696734398,-12.236220009318824,22.425711700336276,56.14560160417045,-0.015533651225292391,0.13497164852780782,3.121212721739813,19.173742746960247,-27.095603058955277,-17.56789955902168,0.07768743244467742,-0.006721452997329108,1.6455543278391793,False,,,,,,,,,,,,,,False,,,,,,,,,,,,,,False,,,,,,,,,,,,,,True,0.11342146498771652,-42.05131124096672,6.534049371746183,72.54531545086714,-0.08415346788851569,-0.019377560050404644,1.4796403313359698,-5.329070518200751e-16,0.0,0.0,0.0,0.0,0.0,True,2,0.2113857169672802,-12.480045136671933,22.895607851514242,61.171581001273715,3.083986712921033,-0.039775457042228284,0.0531034974897303,19.424807233007922,-27.15567692666242,-12.520714230544877,-2.2846644942330685,2.139411593611213,0.04942180129246242,True,-13.367048390844491,-11.288107317795752,70.98270515616655,-15.050234890384871,-29.977180352832544,-4.209161804039286
2026-07-22T19:39:34.884+00:00,84.600000,90167.000000,1.217944,4095,1,02,80,FFFFFFFF,32,2.93169576,3.04575929,2.20683136,1.34862695,1.10128475,0.49454234,2.20755493,1.19243873,1.04736955,1.49504745,2.20784864,0.88936368,1.00875980,0.95953411,2.20769389,0.63918505,1.98318787,0.97702220,2.20763862,1.00370012,0.76581725,0.81036574,2.20548640,1.17521965,1.81854268,1.36000193,2.20472986,1.13991902,1.06046555,0.80733387,2.20483762,0.70954025,SD 02 80 FFFFFFFF 91F75D 945AB2 7FE87E 610470 552450 2ECFAA 7FEDDD 59B822 525058 674CDA 7FF00B 497595 503AFE 4D8026 7FEEE5 396E52 79138F 4E7AE5 7FEE7C 4FF426 41E17C 44AF58 7FDE81 58DF9C 738FE7 61861E 7FD8E2 571CC2 530264 447F29 7FD9AF 3E3750 7CB7AD 000FFF 01 0DC226,2026-07-22T19:39:34.706+00:00,serial_request_midpoint,356.168,True,matched,89.9456,89.9456,2026-07-22T19:39:34.795+00:00,52.793104,1784749174729.142,1585,False,,,,,,,,,,,,,,False,,,,,,,,,,,,,,True,0.25406265495981495,-12.23024040039548,22.417613260189906,56.11489911020097,-0.016995563950733615,0.1260875880281042,3.1223403192473116,19.085585939824856,-27.11797527553954,-17.48157765306943,0.07365944530121145,-0.0034081172094261535,1.6461909377504629,False,,,,,,,,,,,,,,False,,,,,,,,,,,,,,False,,,,,,,,,,,,,,True,0.16891467865170862,-41.99466868875287,6.522430961128127,72.44498543264072,-0.07697602588290273,-0.020500248090125375,1.4796422700875882,3.552713678800501e-16,0.0,0.0,0.0,0.0,0.0,True,2,0.2540626549598225,-12.479210057045917,22.858652386094455,61.143240949513185,3.089699855306742,-0.038752412090698594,0.05458497677534373,19.33343065608215,-27.154699988565177,-12.434009194339467,-2.287527839764054,2.140752247808012,0.04381805418211534,True,-13.346919094437911,-11.381153178412777,70.75854701137706,-15.145132260362868,-29.96046815983936,-4.131739690284848
2026-07-22T19:39:35.440+00:00,85.800000,90168.200000,1.217334,4095,1,02,80,FFFFFFFF,32,2.93199596,3.04569373,2.20430938,1.34865906,1.10120845,0.49451255,2.20454800,1.19246121,1.04738672,1.49501487,2.20469727,0.88936886,1.00877489,0.95956174,2.20440451,0.63918001,1.98307691,0.97700467,2.20457270,1.00369789,0.76583373,0.81039108,2.20436877,1.17529260,1.81860703,1.36007480,2.20425525,1.13996200,1.06045228,0.80729729,2.20438980,0.70953129,SD 02 80 FFFFFFFF 91F902 945A5A 7FD5C2 6104CE 55234E 2ECF13 7FD788 59B86A 525094 674C82 7FD8A4 4975A9 503B34 4D808C 7FD677 396E3B 7912A5 4E7AA5 7FD7B7 4FF41E 41E1C1 44AFBF 7FD633 58E088 73907A 6186F2 7FD55B 571D50 530236 447E94 7FD65B 3E3729 7CA7AD 000FFF 01 0DC232,2026-07-22T19:39:35.262+00:00,serial_request_midpoint,357.036,True,matched,55.5633,55.5633,2026-07-22T19:39:35.317+00:00,53.315651,1784749175262.482,1601,False,,,,,,,,,,,,,,False,,,,,,,,,,,,,,True,0.23027548077554508,-12.232044666368646,22.417796559225255,56.120426903162084,-0.014885125515912149,0.1327026714138601,3.120865715953844,19.00191318384466,-27.16245849263354,-17.636027200506895,0.08023381151520143,-0.0032578646924630705,1.6421225632414063,False,,,,,,,,,,,,,,False,,,,,,,,,,,,,,False,,,,,,,,,,,,,,True,0.13353933385247588,-42.03863879859275,6.530719978643061,72.52375142555721,-0.07927442410483551,-0.02255720533580515,1.4826057365886651,3.552713678800501e-16,0.0,1.1368683772161604e-14,0.0,0.0,0.0,True,2,0.23027548077543064,-12.473737511150816,22.880527971984755,61.14717391147254,3.0854222435634977,-0.04051949761089791,0.05248919261607156,19.27232369105625,-27.219486530931857,-12.589806115618831,-2.2833528248248536,2.1453401324313086,0.05304193949156793,True,-13.372621647492869,-11.31694522867431,70.90914854429074,-15.179313577555515,-29.92178318303729,-4.142700277039
2026-07-22T19:39:35.999+00:00,86.300000,90168.700000,1.219165,4095,2,02,80,FFFFFFFF,32,2.93225768,3.04618025,2.20421742,1.34889714,1.10127440,0.49450604,2.20692081,1.19241344,1.04745397,1.49500599,2.20742704,0.88939632,1.00880870,0.95955117,2.20763283,0.63919008,1.98319404,0.97701453,2.20748704,1.00373689,0.76585618,0.81040683,2.20775337,1.17535503,1.81870420,1.36028141,2.20744967,1.14002041,1.06051113,0.80732012,2.20545012,0.70957611,SD 02 80 FFFFFFFF 91FA71 945CE7 7FD513 610787 55242D 2ECEF2 7FE928 59B7D1 52517F 674C6A 7FECEA 497613 503BAD 4D8065 7FEE71 396E69 79139C 4E7AC9 7FED5C 4FF4AA 41E21F 44AFFF 7FEF56 58E152 739158 61894B 7FED15 571E11 530302 447EF1 7FDE3C 3E37EC 7CD7AD 000FFF 02 0DC237,2026-07-22T19:39:35.821+00:00,serial_request_midpoint,357.4895,True,matched,31.07965,31.07965,2026-07-22T19:39:35.850+00:00,53.848657,1784749175795.832,1617,False,,,,,,,,,,,,,,False,,,,,,,,,,,,,,True,0.2310408399456189,-12.244178355302571,22.44251619893361,56.18545897970618,-0.022896176749528124,0.1360499151784988,3.1210026585323694,19.26385851418882,-27.06299628077422,-17.331968426888523,0.07073625127882377,-0.0024615283624058004,1.6466752499489705,False,,,,,,,,,,,,,,False,,,,,,,,,,,,,,False,,,,,,,,,,,,,,True,0.1288397411146213,-42.00440996475936,6.522876895630465,72.45791549686302,-0.08403132579864353,-0.015920347162512605,1.4783435781552665,6.661338147750939e-16,0.0,-1.1368683772161604e-14,0.0,0.0,0.0,True,2,0.23104083994554425,-12.51170261190806,22.91608932853942,61.20988738881963,3.0831787547654708,-0.0398277176030692,0.06036921747537832,19.504901551562654,-27.087590681762173,-12.283997057631677,-2.2886559444903307,2.140829651542569,0.0397384339997409,True,-13.44214739760119,-11.260472834652276,71.04188545322232,-14.983564613903912,-29.88937834389042,-4.02161228191701
2026-07-22T19:39:36.554+00:00,87.500000,90169.900000,1.218555,4095,2,02,80,FFFFFFFF,32,2.93370084,3.04719605,2.20652937,1.34938296,1.10131106,0.49453149,2.20739757,1.19249181,1.04765288,1.49504190,2.20762599,0.88946213,1.00887996,0.95966200,2.20764388,0.63921657,1.98333251,0.97706384,2.20750704,1.00382742,0.76587051,0.81046071,2.20752072,1.17549970,1.81874535,1.36055578,2.20768652,1.14009094,1.06063894,0.80733461,2.20551848,0.70961313,SD 02 80 FFFFFFFF 920258 94623A 7FE640 610D15 5524A9 2ECF73 7FECB2 59B8CC 525436 674CCB 7FEE64 497711 503CAC 4D81FE 7FEE86 396EE2 7914C0 4E7B7D 7FED82 4FF5EF 41E25B 44B0DA 7FED9C 58E326 7391B6 618C69 7FEED7 571EFA 5304BD 447F2C 7FDEBE 3E388D 7CC7AD 000FFF 02 0DC243,2026-07-22T19:39:36.377+00:00,serial_request_midpoint,355.1047,True,matched,81.61055,81.61055,2026-07-22T19:39:36.458+00:00,54.456362,1784749176395.827,1635,False,,,,,,,,,,,,,,False,,,,,,,,,,,,,,True,0.2680678928097344,-12.221398306125998,22.399253845035,56.06854349468159,-0.011994174165394741,0.12491486842688085,3.1221309272567006,18.948774089866298,-27.187355432225893,-17.634813826989113,0.07807554329255599,-0.006100241602572162,1.6426358257574198,False,,,,,,,,,,,,,,False,,,,,,,,,,,,,,False,,,,,,,,,,,,,,True,0.15368227983285873,-42.017620911042386,6.527336678626092,72.48385212901623,-0.07660554297877067,-0.022700406063815116,1.482927393113257,-7.105427357601002e-16,0.0,0.0,0.0,0.0,0.0,True,2,0.2680678928096948,-12.454197810403285,22.836504349791447,61.09799072484162,3.0905021356353015,-0.039280666459084346,0.04965227404992613,19.203320803495053,-27.247065430695507,-12.587798497041172,-2.281994163815319,2.14313397654555,0.050001361674347614,True,-13.305200307305345,-11.410374831317972,70.6895691057396,-15.273698660643314,-29.967147322182825,-4.250676805163596
2026-07-22T19:39:37.113+00:00,88.100000,90170.500000,1.219165,4095,2,02,80,FFFFFFFF,32,2.93398842,3.04767763,2.20447231,1.34959551,1.10139180,0.49453050,2.20716812,1.19250024,1.04774276,1.49504597,2.20722916,0.88951499,1.00888695,0.95969966,2.20753651,0.63920935,1.98338468,0.97707562,2.20751493,1.00387283,0.76587457,0.81046096,2.20732021,1.17552721,1.81870245,1.36057572,2.20750335,1.14006158,1.06070933,0.80733903,2.20769599,0.70962347,SD 02 80 FFFFFFFF 9203EB 9464C0 7FD6F8 610F83 5525BA 2ECF6E 7FEAFE 59B8E7 525570 674CD6 7FEB72 4977DD 503CC5 4D8289 7FEDBA 396EC1 79152E 4E7BA8 7FED91 4FF692 41E26C 44B0DB 7FEC1F 58E37F 739154 618CA3 7FED7B 571E99 5305B1 447F3E 7FEEE9 3E38BA 7CD7AD 000FFF 02 0DC249,2026-07-22T19:39:36.934+00:00,serial_request_midpoint,357.7083,True,matched,57.30735,57.30735,2026-07-22T19:39:36.990+00:00,54.988624,1784749176929.154,1651,False,,,,,,,,,,,,,,False,,,,,,,,,,,,,,True,0.27502326833328966,-12.224431662898457,22.404724725006314,56.08428063092707,-0.01433906664501214,0.12525979373825116,3.1221735150876726,18.948267439759668,-27.171042529084197,-17.790001298402853,0.07949647668403101,-0.007388412912554524,1.6427408813540973,False,,,,,,,,,,,,,,False,,,,,,,,,,,,,,False,,,,,,,,,,,,,,True,0.12631205894831662,-42.06561942664615,6.538867920666817,72.56349899819445,-0.07917500269155775,-0.025125539075609694,1.482909370952747,0.0,0.0,0.0,0.0,0.0,0.0,True,2,0.27502326833331453,-12.46480437019646,22.843114667786427,61.11327240487011,3.0902544489950268,-0.039137118807077306,0.051968349653647286,19.203536604404274,-27.23933168908281,-12.743131249853992,-2.2812534837794014,2.142204679440811,0.05197203983437829,True,-13.32586279640197,-11.40164132100809,70.71153164218663,-15.272034148340643,-29.97698180018598,-4.405769084648182
2026-07-22T19:39:37.671+00:00,89.200000,90171.600000,1.219775,4095,2,02,80,FFFFFFFF,32,2.93365303,3.04740328,2.20734073,1.34966317,1.10136903,0.49453642,2.20764862,1.19252335,1.04771642,1.49504412,2.20762546,0.88951835,1.00891685,0.95969668,2.20793760,0.63918483,1.98341503,0.97710822,2.20772442,1.00388286,0.76590276,0.81045825,2.20539070,1.17549413,1.81871777,1.36060391,2.20480188,1.14008670,1.06068625,0.80734762,2.20697027,0.70962163,SD 02 80 FFFFFFFF 920215 946350 7FEC46 611049 55256D 2ECF8C 7FEE8F 59B931 525514 674CD1 7FEE63 4977EA 503D30 4D827E 7FF0B4 396E51 79156E 4E7C1F 7FEF1F 4FF6B6 41E2E2 44B0D0 7FDDCB 58E314 739177 618CF5 7FD96B 571EEC 530561 447F61 7FE986 3E38B2 7CE7AD 000FFF 02 0DC254,2026-07-22T19:39:37.492+00:00,serial_request_midpoint,358.4558,True,matched,29.769,29.769,2026-07-22T19:39:37.521+00:00,55.519336,1784749177462.539,1667,False,,,,,,,,,,,,,,False,,,,,,,,,,,,,,True,0.23241905121419457,-12.251406586115845,22.458754808886493,56.23085174487245,-0.02447656559275074,0.1388198383683088,3.122821181442248,19.13634250009469,-27.138932992029936,-17.539075350411906,0.07595512907107412,0.0018891543508614919,1.6463078944281482,False,,,,,,,,,,,,,,False,,,,,,,,,,,,,,False,,,,,,,,,,,,,,True,0.1193955630383038,-42.07646823727886,6.537145552049213,72.58042386622067,-0.08189607330636,-0.020575084057534415,1.4807344448042068,-6.217248937900876e-16,0.0,0.0,0.0,0.0,0.0,True,2,0.23241905121411072,-12.524405340047322,22.940548495197906,61.25420400611264,3.081495386284894,-0.03674516035659918,0.061849092973088264,19.407919272902777,-27.165149601993555,-12.492662747170106,-2.291200890658458,2.1436729207276355,0.047055205076287326,True,-13.396123048710308,-11.220610934241781,71.1449375180902,-15.03034408426196,-29.96444328424775,-4.0226399281214755
2026-07-22T19:39:38.227+00:00,90.400000,90172.800000,1.218555,4095,2,02,80,FFFFFFFF,32,2.93339759,3.04713269,2.20746651,1.34961806,1.10133472,0.49452695,2.20765178,1.19250430,1.04769353,1.49503413,2.20542068,0.88953183,1.00888667,0.95967256,2.20745388,0.63922993,1.98350657,0.97710849,2.20746283,1.00392855,0.76586717,0.81043414,2.20760072,1.17547311,1.81871953,1.36051795,2.20538124,1.14011243,1.06072982,0.80733289,2.20716023,0.70959451,SD 02 80 FFFFFFFF 9200AF 9461E5 7FED35 610FC5 5524F9 2ECF5C 7FEE95 59B8F4 5254C4 674CB6 7FDE04 49781E 503CC4 4D8225 7FED1D 396F1F 79162F 4E7C20 7FED2E 4FF75A 41E24D 44B06E 7FEE34 58E2D0 73917B 618BFB 7FDDB9 571F41 5305F8 447F25 7FEAEF 3E383C 7CC7AD 000FFF 02 0DC260,2026-07-22T19:39:38.049+00:00,serial_request_midpoint,355.1962,True,matched,87.6075,87.6075,2026-07-22T19:39:38.136+00:00,56.134211,1784749178062.604,1685,False,,,,,,,,,,,,,,False,,,,,,,,,,,,,,True,0.2717307314152344,-12.220057652832711,22.39984422700152,56.05848327948347,-0.009694158986520441,0.12480536155157801,3.122283284660318,18.91230827242285,-27.179613732568253,-17.826906733710835,0.08282660970090207,-0.008118649600020811,1.642585222726014,False,,,,,,,,,,,,,,False,,,,,,,,,,,,,,False,,,,,,,,,,,,,,True,0.10759325150448115,-42.05936020850636,6.534367464022506,72.55418213129123,-0.07745172816722584,-0.026206127287944653,1.483134030679016,-2.6645352591003756e-16,0.0,0.0,0.0,0.0,0.0,True,2,0.27173073141522885,-12.445468131423954,22.83664427021558,61.08830622912584,3.0906086041337435,-0.0391005053280386,0.04737371544760399,19.17631943851898,-27.260526629311233,-12.780673061586958,-2.280614701312688,2.141840451374116,0.05661092047905596,True,-13.279530433782739,-11.411126833904941,70.67818783463589,-15.285032583177989,-30.015510069836797,-4.390405019905518
2026-07-22T19:39:38.783+00:00,90.900000,90173.300000,1.219165,4095,2,02,80,FFFFFFFF,32,2.93326845,3.04702610,2.20728810,1.34955416,1.10137760,0.49453997,2.20765441,1.19247339,1.04764973,1.49502117,2.20763441,0.88953494,1.00890818,0.95967094,2.20539491,0.63921898,1.98343638,0.97710521,2.20488809,1.00387756,0.76587481,0.81042454,2.20661091,1.17541284,1.81874535,1.36053927,2.20475877,1.14007247,1.06067125,0.80731276,2.20442080,0.70959244,SD 02 80 FFFFFFFF 91FFFA 946156 7FEBE2 610F0A 55258A 2ECF9E 7FEE9A 59B891 52542B 674C93 7FEE74 49782A 503D11 4D821F 7FDDD3 396EED 79159B 4E7C14 7FDA0F 4FF6A3 41E26D 44B047 7FE6DB 58E20D 7391B6 618C39 7FD919 571EBD 53052D 447ED3 7FD696 3E3833 7CD7AD 000FFF 02 0DC265,2026-07-22T19:39:38.606+00:00,serial_request_midpoint,355.2937,True,matched,64.73775,64.73775,2026-07-22T19:39:38.671+00:00,56.667694,1784749178596.001,1701,False,,,,,,,,,,,,,,False,,,,,,,,,,,,,,True,0.26870938300845654,-12.21331463913735,22.38621743216019,56.022564556520614,-0.0041818733119454235,0.12488298613218161,3.1221532541094437,19.15155674213582,-27.12051910387309,-17.824213270274527,0.0802367467742228,-0.017324001418945766,1.6470638044750472,False,,,,,,,,,,,,,,False,,,,,,,,,,,,,,False,,,,,,,,,,,,,,True,0.06985326676032276,-42.098716971539744,6.544343135096829,72.63295308302727,-0.08391408040087259,-0.020807570787796235,1.4785197228756835,8.437694987151189e-16,0.0,0.0,0.0,0.0,0.0,True,2,0.26870938300845865,-12.420897447708658,22.823193275631205,61.05313953002675,3.090611970001585,-0.03939460971162615,0.04192308221302309,19.37849093281227,-27.22313977690365,-12.77657095481411,-2.2792158556390403,2.1313087751078204,0.052870751483761615,True,-13.23078694878632,-11.424128057800075,70.6466985783099,-15.132353417606819,-30.15809766974893,-4.655058834493127
2026-07-22T19:39:39.340+00:00,92.100000,90174.500000,1.219775,4095,2,02,80,FFFFFFFF,32,2.93332124,3.04692846,2.20432410,1.34950597,1.10135631,0.49452025,2.20499901,1.19249712,1.04768523,1.49505597,2.20482606,0.88951654,1.00888220,0.95962948,2.20724863,0.63922227,1.98343021,0.97708493,2.20748967,1.00388704,0.76585785,0.81043832,2.20786391,1.17542705,1.81875980,1.36040999,2.20533234,1.14000861,1.06068539,0.80733584,2.20736389,0.70958462,SD 02 80 FFFFFFFF 920044 9460D3 7FD5DE 610E7D 552542 2ECF3A 7FDAE2 59B8DD 5254A7 674CF1 7FD999 4977E3 503CB4 4D8186 7FEB97 396EFC 79158E 4E7BCA 7FED61 4FF6C5 41E226 44B07F 7FF028 58E23B 7391D7 618AC1 7FDD5C 571DEA 53055E 447F31 7FEC72 3E3811 7CE7AD 000FFF 02 0DC271,2026-07-22T19:39:39.162+00:00,serial_request_midpoint,355.6599,True,matched,51.15785,51.15785,2026-07-22T19:39:39.214+00:00,57.210788,1784749179129.379,1717,False,,,,,,,,,,,,,,False,,,,,,,,,,,,,,True,0.3104469146768312,-12.235220021934527,22.425193935753338,56.139266157390765,-0.022531028671118534,0.1278138628656713,3.1222110786949013,19.27527394130556,-27.103749208345835,-17.510751788112692,0.06644018589061548,-0.009503829626932796,1.647574593192976,False,,,,,,,,,,,,,,False,,,,,,,,,,,,,,False,,,,,,,,,,,,,,True,0.14196347686069902,-42.06948570601706,6.541563411979124,72.58319231028915,-0.08642955447751074,-0.0154548958197918,1.478193226083186,-5.329070518200751e-16,0.0,0.0,0.0,0.0,0.0,True,2,0.31044691467682123,-12.501996339587258,22.871918370256854,61.166192722331175,3.0885092592437493,-0.03867424281457324,0.06004715542545979,19.480538515368508,-27.138358067679086,-12.461257586230989,-2.284883850190547,2.1357363733340664,0.03371419682336462,True,-13.399880425325861,-11.35703754047395,70.81729090657801,-15.063827644694545,-29.97848529224346,-4.449281632701957
2026-07-22T19:39:39.897+00:00,92.600000,90175.000000,1.217334,4095,2,02,80,FFFFFFFF,32,2.93305299,3.04682635,2.20736494,1.34943558,1.10134862,0.49449993,2.20518933,1.19249119,1.04762655,1.49502635,2.20724495,0.88949814,1.00888443,0.95964465,2.20499376,0.63921833,1.98339179,0.97709151,2.20725232,1.00387868,0.76587195,0.81042774,2.20801499,1.17541809,1.81871865,1.36040759,2.20754493,1.14005038,1.06070472,0.80734099,2.20507104,0.70958071,SD 02 80 FFFFFFFF 91FECC 94604A 7FEC74 610DAF 552528 2ECED3 7FDC4C 59B8CA 5253DA 674CA1 7FEB90 49779C 503CBC 4D81BE 7FDAD8 396EEA 79153D 4E7BE2 7FEB9E 4FF6A7 41E261 44B054 7FF147 58E21E 739179 618ABA 7FEDCA 571E74 5305A1 447F46 7FDB6B 3E3800 7CA7AD 000FFF 02 0DC276,2026-07-22T19:39:39.719+00:00,serial_request_midpoint,355.5953,True,matched,34.66475,34.66475,2026-07-22T19:39:39.752+00:00,57.750927,1784749179696.062,1734,False,,,,,,,,,,,,,,False,,,,,,,,,,,,,,True,0.16284780515287317,-12.252018442838706,22.463547381329914,56.24293226136079,-0.021016679326564938,0.13914982520589766,3.122811901500074,19.126905070035157,-27.146939583529026,-17.455019092053703,0.07766013141397722,0.0029665945412929062,1.6464281503687344,False,,,,,,,,,,,,,,False,,,,,,,,,,,,,,False,,,,,,,,,,,,,,True,0.06315371411063327,-42.0535614916803,6.528585590435723,72.53457252392045,-0.07937631938599304,-0.02031430895394087,1.480594699430734,3.552713678800501e-16,0.0,-1.1368683772161604e-14,0.0,0.0,0.0,True,2,0.1628478051528854,-12.513847496710977,22.946346528493876,61.26678274593847,3.0813386229046995,-0.036819929909044063,0.05843504867446742,19.407375490676095,-27.17477949078613,-12.409101490263652,-2.292056160611767,2.1441159549685347,0.04944433098868762,True,-13.367765181632794,-11.212792350463678,71.16604384804184,-15.015401636699073,-29.983204409588343,-3.879360635662249
2026-07-22T19:39:40.453+00:00,93.800000,90176.200000,1.219775,4095,2,02,80,FFFFFFFF,32,2.93304943,3.04694635,2.20685609,1.34944481,1.10135158,0.49450091,2.20793023,1.19243998,1.04763542,1.49498526,2.20532235,0.88949322,1.00891629,0.95962135,2.20713655,0.63921088,1.98342073,0.97707096,2.20747388,1.00390347,0.76586932,0.81043242,2.20794760,1.17538842,1.81873222,1.36041756,2.20752914,1.14000376,1.06065855,0.80731177,2.20548483,0.70956600,SD 02 80 FFFFFFFF 91FEC7 9460EB 7FE8AD 610DCA 552532 2ECED8 7FF0A6 59B826 5253F9 674C32 7FDD49 497789 503D2E 4D8168 7FEAC2 396EC8 79157A 4E7B97 7FED43 4FF700 41E256 44B067 7FF0C7 58E1BE 739198 618AD7 7FEDAC 571DDA 530501 447ECF 7FDE7E 3E37C0 7CE7AB 000FFF 02 0DC282,2026-07-22T19:39:40.275+00:00,serial_request_midpoint,357.2283,True,matched,10.97435,10.97435,2026-07-22T19:39:40.285+00:00,58.283923,1784749180229.432,1750,False,,,,,,,,,,,,,,False,,,,,,,,,,,,,,True,0.26990453372599665,-12.226013417412895,22.409920331185972,56.09220028505179,-0.015223102827600294,0.12463844931738847,3.122279527996744,19.0732725949182,-27.108025177682812,-17.6310514383116,0.07526153474249068,-0.009844871370136073,1.644794128422949,False,,,,,,,,,,,,,,False,,,,,,,,,,,,,,False,,,,,,,,,,,,,,True,0.09306294052382882,-42.027718459458825,6.53117834101162,72.4999015478948,-0.08167280929579382,-0.02176155462255704,1.480917022285626,-3.3306690738754696e-16,0.0,0.0,0.0,0.0,0.0,True,2,0.2699045337259705,-12.469275356521944,22.84629781283926,61.12122816091037,3.090645160603145,-0.03900471968693071,0.05284449067411896,19.306869992315047,-27.171127180702804,-12.583064369506825,-2.2817711433686463,2.138511969671816,0.04602835294662478,True,-13.331991810955149,-11.40234031413247,70.70547677512823,-15.199163758428188,-29.966165806881612,-4.392050476044926
2026-07-22T19:39:41.010+00:00,94.400000,90176.800000,1.219165,4095,2,02,80,FFFFFFFF,32,2.93284398,3.04666462,2.20699500,1.34937032,1.10138529,0.49450723,2.20788075,1.19248557,1.04760566,1.49505856,2.20535442,0.88947716,1.00891657,0.95962352,2.20484183,0.63920212,1.98336713,0.97707151,2.20709971,1.00387450,0.76585523,0.81041692,2.20769283,1.17539243,1.81877206,1.36034708,2.20763967,1.13995836,1.06062480,0.80731398,2.20543067,0.70955451,SD 02 80 FFFFFFFF 91FDA7 945F71 7FE9B5 610CF0 5525A4 2ECEF8 7FF048 59B8B8 525391 674CF8 7FDD86 49774B 503D2F 4D8170 7FD9B7 396EA0 791509 4E7B99 7FEA7C 4FF698 41E21B 44B028 7FEEE3 58E1CB 7391F3 618A0A 7FEE7E 571D44 53048C 447ED8 7FDE17 3E378E 7CD7AB 000FFF 02 0DC288,2026-07-22T19:39:40.833+00:00,serial_request_midpoint,355.9256,True,matched,95.9497,95.9497,2026-07-22T19:39:40.928+00:00,58.926122,1784749180862.825,1769,False,,,,,,,,,,,,,,False,,,,,,,,,,,,,,True,0.29205352407994156,-12.225316976134703,22.409401467728692,56.089341162813675,-0.015566816750636054,0.1281960730742857,3.1217524290438665,18.838079031294676,-27.18604303552113,-17.679619931060337,0.08157953421411254,-7.15593205233045e-05,1.6407442436233133,False,,,,,,,,,,,,,,False,,,,,,,,,,,,,,False,,,,,,,,,,,,,,True,0.21207149532143268,-41.99930831600415,6.531048040651686,72.45731142682222,-0.07411472825756954,-0.026397723312629698,1.4846298065402583,0.0,0.0,0.0,0.0,0.0,0.0,True,2,0.2920535240799315,-12.46950273105248,22.857381494666317,61.11730399525844,3.0883404401874213,-0.039517647818749675,0.053172353859801014,19.122831846091646,-27.236934717123866,-12.634122046500806,-2.284021545290082,2.1487713589963424,0.054966149739151836,True,-13.347453266013849,-11.368897110743642,70.77972452094279,-15.307878834059778,-29.885296100078637,-4.085223943404185
2026-07-22T19:39:41.568+00:00,95.500000,90177.900000,1.219775,4095,2,02,80,FFFFFFFF,32,2.93280974,3.04677716,2.20459898,1.34930300,1.10130515,0.49451117,2.20513991,1.19245996,1.04757675,1.49505227,2.20430308,0.88944762,1.00887912,0.95962433,2.20694659,0.63919074,1.98336903,0.97704685,2.20748072,1.00384720,0.76584734,0.81041224,2.20785548,1.17536523,1.81871296,1.36029413,2.20764336,1.13994898,1.06057489,0.80730293,2.20803657,0.70955060,SD 02 80 FFFFFFFF 91FD77 946008 7FD7E9 610C2B 552495 2ECF0C 7FDBEE 59B866 52532C 674CE7 7FD5B6 4976D9 503CA9 4D8173 7FE959 396E6C 79150D 4E7B3F 7FED50 4FF636 41E1FA 44B015 7FF018 58E173 73916C 618970 7FEE85 571D25 5303DF 447EAB 7FF170 3E377D 7CE7AD 000FFF 02 0DC293,2026-07-22T19:39:41.389+00:00,serial_request_midpoint,356.9247,True,matched,75.25355,75.25355,2026-07-22T19:39:41.465+00:00,59.462025,1784749181396.168,1785,False,,,,,,,,,,,,,,False,,,,,,,,,,,,,,True,0.2826099819658114,-12.22694723209007,22.41135333900922,56.092898423063204,-0.014514373342913979,0.12595712604881837,3.1219573789301727,18.814176719067625,-27.197168258736916,-17.36109866778829,0.07776183348870862,0.004381524844438751,1.6407380415752586,False,,,,,,,,,,,,,,False,,,,,,,,,,,,,,False,,,,,,,,,,,,,,True,0.19333872871191946,-41.8972148922086,6.516230412738382,72.28200704579771,-0.06806460555204087,-0.023231510077120165,1.4846666590675315,-3.552713678800501e-16,0.0,0.0,0.0,0.0,0.0,True,2,0.28260998196577725,-12.467824344774666,22.85205877078038,61.12166367623577,3.089794816582296,-0.039409733483622714,0.0521425300475376,19.1000215260927,-27.22168380538028,-12.315465430344933,-2.28697343191768,2.151532829563789,0.049662863596805336,True,-13.336324971222462,-11.388199453040011,70.73528620679667,-15.328663289561273,-29.827661263284046,-3.745409532895735
2026-07-22T19:39:42.126+00:00,96.100000,90178.500000,1.216113,4095,2,02,80,FFFFFFFF,32,2.93276123,3.04654315,2.20722337,1.34928626,1.10131846,0.49451650,2.20779390,1.19240345,1.04754899,1.49503376,2.20782864,0.88944995,1.00885257,0.95961160,2.20764967,0.63918001,1.98326327,0.97704329,2.20771968,1.00383689,0.76585140,0.81041101,2.20758809,1.17533123,1.81879088,1.36030341,2.20761704,1.13989117,1.06054604,0.80729508,2.20737441,0.70953956,SD 02 80 FFFFFFFF 91FD33 945ECE 7FEB67 610BFA 5524C2 2ECF27 7FEFA3 59B7B1 5252CB 674CB5 7FEFE5 4976E2 503C4A 4D8144 7FEE91 396E3B 79142E 4E7B32 7FEF16 4FF611 41E20B 44B010 7FEE1C 58E105 73921E 61898B 7FEE53 571C66 53037B 447E8B 7FEC86 3E374D 7C87AB 000FFF 02 0DC299,2026-07-22T19:39:41.947+00:00,serial_request_midpoint,357.9185,True,matched,55.48185,55.48185,2026-07-22T19:39:42.002+00:00,60.000138,1784749181929.509,1801,False,,,,,,,,,,,,,,False,,,,,,,,,,,,,,True,0.28456200032671475,-12.223133693145865,22.403064787957728,56.077795287478764,-0.013808654160132602,0.12607468187239304,3.122050236054606,18.84163700939117,-27.18781581157139,-17.81128494508871,0.08314534531440962,-0.002587646932427035,1.64152230437131,False,,,,,,,,,,,,,,False,,,,,,,,,,,,,,False,,,,,,,,,,,,,,True,0.09481712585747525,-42.039806093581426,6.530425233341603,72.52321549272355,-0.07465773009216821,-0.02804492363314961,1.4840403688593522,-3.552713678800501e-16,0.0,0.0,0.0,0.0,0.0,True,2,0.28456200032669254,-12.46175098944985,22.84410089383293,61.10663928746773,3.089734423173859,-0.039272094342226824,0.05144121560574881,19.12374547071719,-27.251653967350315,-12.765785708846476,-2.283173710369152,2.1463313346107564,0.0571209912834256,True,-13.323275801394086,-11.395555858789479,70.7230312924326,-15.309565983719363,-29.947314410938123,-4.242183665883988
2026-07-22T19:39:42.682+00:00,97.200000,90179.600000,1.219775,4095,2,02,80,FFFFFFFF,32,2.93295169,3.04665717,2.20699026,1.34924936,1.10128238,0.49450348,2.20773442,1.19241438,1.04750234,1.49500377,2.20487600,0.88944140,1.00883916,0.95961404,2.20441292,0.63916709,1.98331829,0.97702110,2.20698026,1.00381461,0.76586287,0.81038739,2.20549587,1.17534916,1.81872872,1.36029310,2.20670930,1.13987150,1.06055325,0.80733240,2.20722916,0.70952255,SD 02 80 FFFFFFFF 91FE3E 945F67 7FE9AC 610B8E 552448 2ECEE5 7FEF32 59B7D4 525228 674C64 7FD9F8 4976C1 503C1A 4D814D 7FD687 396E00 7914A2 4E7AE1 7FE999 4FF5C1 41E23B 44AFB0 7FDE93 58E13F 739190 61896D 7FE796 571C25 530394 447F23 7FEB72 3E3703 7CE7AB 000FFF 02 0DC2A4,2026-07-22T19:39:42.505+00:00,serial_request_midpoint,355.5665,True,matched,36.22085,36.22085,2026-07-22T19:39:42.540+00:00,60.538461,1784749182462.909,1817,False,,,,,,,,,,,,,,False,,,,,,,,,,,,,,True,0.450040094375394,-12.18987750819353,22.2985190703331,56.12472183451674,-0.06052062115919551,0.20760003816706582,3.124495094306897,18.881539622443732,-27.197915349382555,-17.44582928248483,0.0902734082316136,0.06101536790329457,1.650832783702855,False,,,,,,,,,,,,,,False,,,,,,,,,,,,,,False,,,,,,,,,,,,,,True,0.08006279158212294,-41.97008862919563,6.524934907222097,72.40136661952981,-0.07659142694679388,-0.0209059471659942,1.4823192610732974,-7.549516567451064e-16,5.684341886080802e-15,-1.1368683772161604e-14,0.0,0.0,0.0,True,2,0.4500400943754382,-12.578862503453273,22.99874848592349,61.11462088962892,3.0370633358324626,-0.025847583196280482,0.09612617982409563,19.37922703758376,-27.07129587438659,-12.418205799509234,2.2643355388049375,-2.105385736349306,-0.06566414187854527,True,-13.46385270674177,-10.699860118403858,72.48088171738519,-14.622250199486851,-29.834230471210684,-2.326771171925793
2026-07-22T19:39:43.239+00:00,98.400000,90180.800000,1.217334,4095,2,02,80,FFFFFFFF,32,2.93300020,3.04667058,2.20733336,1.34926542,1.10126020,0.49447290,2.20800341,1.19240720,1.04757475,1.49506671,2.20784127,0.88944710,1.00885369,0.95960076,2.20807289,0.63917191,1.98325901,0.97703097,2.20800972,1.00379316,0.76585045,0.81043463,2.20555266,1.17536307,1.81877600,1.36028382,2.20479557,1.13988936,1.06058701,0.80732479,2.20726390,0.70952830,SD 02 80 FFFFFFFF 91FE82 945F79 7FEC38 610BBD 5523FD 2ECE4A 7FF131 59B7BD 525325 674D0E 7FEFFD 4976D7 503C4E 4D811C 7FF1B5 396E16 791425 4E7B05 7FF13D 4FF574 41E207 44B070 7FDEFF 58E16C 7391FC 618952 7FD95F 571C60 530409 447F04 7FEBB4 3E371C 7CA7AD 000FFF 02 0DC2B0,2026-07-22T19:39:43.061+00:00,serial_request_midpoint,356.8053,True,matched,35.18775,35.18775,2026-07-22T19:39:43.095+00:00,61.093785,1784749183029.648,1834,False,,,,,,,,,,,,,,False,,,,,,,,,,,,,,True,0.30413734327716024,-11.445693804904414,21.756473829818074,53.18371116600141,0.12241522522992034,-0.32140219342664206,-3.1097932797854213,18.520678417230986,-27.74216225927767,-20.4949262909523,0.11360848011904005,0.14971042443901705,1.672258328644654,False,,,,,,,,,,,,,,False,,,,,,,,,,,,,,False,,,,,,,,,,,,,,True,0.1529086541752859,-41.967407893098674,6.522944653721064,72.39437636754165,-0.07891262895385069,-0.02225603307126918,1.4821765609066693,7.549516567451064e-16,0.0,0.0,0.0,0.0,0.0,True,2,0.3041373432771707,-12.04266238780249,22.81066458821405,58.09013898070096,2.9620337802596035,0.010361163864047195,0.15290307447354765,19.35239933508913,-27.384591074012825,-15.522893838606716,2.2327390054478924,-2.0231691768060647,-0.09451242324900563,True,-12.618861438742346,-9.975666938712632,71.88491242546249,-13.799967191993725,-30.565564399564817,-3.017962127948272
2026-07-22T19:39:43.794+00:00,98.900000,90181.300000,1.218555,4095,2,02,80,FFFFFFFF,32,2.93312719,3.04678759,2.20731494,1.34936656,1.10128829,0.49449243,2.20818135,1.19241407,1.04761138,1.49504338,2.20795234,0.88943156,1.00886459,0.95961078,2.20785548,0.63918132,1.98339701,0.97702494,2.20760862,1.00382854,0.76584042,0.81042922,2.20799077,1.17538718,1.81872565,1.36039521,2.20485024,1.13994293,1.06060085,0.80732700,2.20500953,0.70952094,SD 02 80 FFFFFFFF 91FF34 946016 7FEC15 610CE5 55245C 2ECEAD 7FF283 59B7D3 5253A5 674CCF 7FF0D0 49769B 503C75 4D8141 7FF018 396E41 791548 4E7AEF 7FEE43 4FF5F3 41E1DD 44B05A 7FF119 58E1BA 739189 618A96 7FD9C7 571D11 530439 447F0D 7FDAF6 3E36FC 7CC7AD 000FFF 02 0DC2B5,2026-07-22T19:39:43.617+00:00,serial_request_midpoint,355.4315,True,matched,28.71675,28.71675,2026-07-22T19:39:43.645+00:00,61.643655,1784749183563.045,1850,False,,,,,,,,,,,,,,False,,,,,,,,,,,,,,True,0.2727813019515264,-11.254808168248733,20.321572833443913,51.60830019812439,-0.036076327053548796,0.4840556672871983,3.0725826312830433,17.37848257396677,-27.92664415782583,-21.800092150713237,0.23208280607727982,0.19367205524779083,1.628159502762843,False,,,,,,,,,,,,,,False,,,,,,,,,,,,,,False,,,,,,,,,,,,,,True,0.16484225649793477,-41.90395187083857,6.5204210294998886,72.27981024102095,-0.0813138811492119,-0.014151707891579489,1.4793859743396918,-3.9968028886505636e-16,-5.684341886080802e-15,0.0,0.0,0.0,0.0,True,2,0.27278130195141753,-11.543054114959128,21.909546662907157,56.39745226556662,2.8572467649849553,-0.05236760301831116,0.07025715487022441,18.738511887873297,-27.802065179390915,-16.934342005320616,2.158496687166549,-2.0297296665489655,-0.251050938859458,True,-13.059694143321385,-9.189612535931664,73.60539853703656,-13.038422308249812,-30.154777925084137,-1.1146545696073873
2026-07-22T19:39:44.351+00:00,100.100000,90182.500000,1.219165,4095,2,02,80,FFFFFFFF,32,2.93317356,3.04699852,2.20487390,1.34944139,1.10130988,0.49450683,2.20489650,1.19242218,1.04761424,1.49503153,2.20701447,0.88944477,1.00891266,0.95963029,2.20532866,0.63918855,1.98335196,0.97705042,2.20443132,1.00384246,0.76585499,0.81044349,2.20713813,1.17539089,1.81868845,1.36040862,2.20747967,1.13993839,1.06059855,0.80731374,2.20542068,0.70955359,SD 02 80 FFFFFFFF 91FF75 946131 7FD9F4 610DC0 5524A5 2ECEF6 7FDA1F 59B7ED 5253AF 674CAF 7FE9DA 4976CE 503D21 4D8189 7FDD55 396E62 7914E9 4E7B4C 7FD6AA 4FF625 41E21A 44B094 7FEAC5 58E1C6 739134 618ABD 7FED4E 571D02 530431 447ED7 7FDE04 3E378A 7CD7AD 000FFF 02 0DC2C1,2026-07-22T19:39:44.174+00:00,serial_request_midpoint,356.6506,True,matched,11.6663,11.6663,2026-07-22T19:39:44.185+00:00,62.183319,1784749184129.746,1867,False,,,,,,,,,,,,,,False,,,,,,,,,,,,,,True,0.1889016758941059,-11.551881605174135,19.592458141838442,51.074142862027166,-0.007499922884391985,0.4643719815036701,3.062004014155647,16.529417328264067,-27.65436326204901,-22.36493119773861,0.24230225845258502,0.1736151638165048,1.6139840203392257,False,,,,,,,,,,,,,,False,,,,,,,,,,,,,,False,,,,,,,,,,,,,,True,0.14655647777267833,-41.87490678052857,6.511002052735856,72.22988068713187,-0.07774073762818565,-0.01761792069713123,1.4803303788780664,6.217248937900876e-16,0.0,-1.1368683772161604e-14,0.0,0.0,0.0,True,2,0.18890167589413653,-11.738802012819734,21.127003885299562,55.88568662340903,2.868579545073356,-0.07291334252870937,0.04415057710346297,17.866916509516056,-27.636387265822275,-17.49138053636535,2.1548831068052534,-2.0567379011047286,-0.2667055163207379,True,-13.490494052583887,-10.148946483534043,72.74741305507173,-14.024192447770833,-29.721041112967555,-1.865034112962769
2026-07-22T19:39:44.908+00:00,100.700000,90183.100000,1.218555,4095,2,02,80,FFFFFFFF,32,2.93318283,3.04702833,2.20465733,1.34947522,1.10133620,0.49449598,2.20691291,1.19245091,1.04756988,1.49500747,2.20734126,0.88946291,1.00889896,0.95962948,2.20762494,0.63917913,1.98335670,0.97705535,2.20770547,1.00386837,0.76587147,0.81044349,2.20794023,1.17541685,1.81877424,1.36038902,2.20743230,1.13991660,1.06060576,0.80732921,2.20796287,0.70953244,SD 02 80 FFFFFFFF 91FF82 946159 7FD858 610E23 5524FE 2ECEBF 7FE919 59B849 525314 674C6E 7FEC47 497714 503CF0 4D8186 7FEE62 396E37 7914F3 4E7B5E 7FEEFB 4FF682 41E25F 44B094 7FF0B9 58E21A 7391F8 618A84 7FECF4 571CBA 53044A 447F16 7FF0E4 3E372E 7CC7AD 000FFF 02 0DC2C7,2026-07-22T19:39:44.731+00:00,serial_request_midpoint,355.6039,True,matched,88.20675,88.20675,2026-07-22T19:39:44.818+00:00,62.816715,1784749184763.045,1886,False,,,,,,,,,,,,,,False,,,,,,,,,,,,,,True,0.1776841026035992,-11.881641495376147,18.417472534994282,50.89946347547398,-0.006736544200285675,0.4648157377480905,3.0765678173181987,15.078348368905537,-27.497033217159135,-22.81251857304975,0.2484892364768306,0.1753791689100689,1.6239513090356097,False,,,,,,,,,,,,,,False,,,,,,,,,,,,,,False,,,,,,,,,,,,,,True,0.16356895372088034,-41.932459570064196,6.518652020335781,72.32890192652334,-0.07451426893998303,-0.023808062178233884,1.4848030398947258,1.7763568394002506e-16,0.0,0.0,0.0,0.0,0.0,True,2,0.1776841026036415,-12.077580410901424,19.944011486860582,55.713194895320235,2.8703063978558316,-0.0520234713104454,0.043112887998605874,16.437748828459323,-27.484772193223186,-17.945013722466207,2.16423587622938,-2.0441767889711815,-0.2744104374056309,True,-13.339239193130956,-11.371871555375396,72.54456445143089,-15.359530404103912,-29.95007399138048,-2.183458114514508
2026-07-22T19:39:45.466+00:00,101.800000,90184.200000,1.218555,4095,2,02,80,FFFFFFFF,32,2.93302874,3.04684275,2.20742494,1.34937407,1.10132349,0.49448592,2.20547957,1.19243842,1.04753840,1.49506449,2.20456744,0.88944943,1.00891210,0.95965089,2.20488809,0.63919512,1.98330121,0.97705754,2.20448493,1.00381823,0.76585475,0.81044398,2.20737652,1.17541005,1.81872522,1.36029619,2.20506473,1.13987271,1.06063432,0.80728550,2.20734968,0.70950232,SD 02 80 FFFFFFFF 91FEAA 946060 7FECE6 610CFB 5524D3 2ECE8C 7FDE74 59B821 5252A6 674D08 7FD7AD 4976E0 503D1F 4D81D5 7FDA0F 396E80 79147E 4E7B66 7FD710 4FF5CE 41E219 44B096 7FEC8A 58E204 739188 618976 7FDB5F 571C29 5304AD 447E64 7FEC57 3E36AB 7CC7AD 000FFF 02 0DC2D2,2026-07-22T19:39:45.287+00:00,serial_request_midpoint,357.2121,True,matched,87.13965,87.13965,2026-07-22T19:39:45.374+00:00,63.37221,1784749185296.348,1902,False,,,,,,,,,,,,,,False,,,,,,,,,,,,,,True,0.16277496505182384,-11.896507881296998,17.13973303104877,50.854851124447706,-0.012849291676142946,0.49187725691641043,3.0655698899537467,13.788009801964293,-27.63603634510422,-22.510910766596385,0.25475237048538196,0.2009638734279236,1.616037748943997,False,,,,,,,,,,,,,,False,,,,,,,,,,,,,,False,,,,,,,,,,,,,,True,0.20533891326823628,-41.81415372391498,6.5045298922763095,72.1252000670809,-0.0670784839456268,-0.019830695862207474,1.4839218869360227,1.7763568394002506e-16,0.0,0.0,0.0,0.0,0.0,True,2,0.16277496505184516,-12.105101219433298,18.75549460233347,55.63883760850416,2.85169715563018,-0.06097241540910684,0.048796215598967074,15.24508986888107,-27.564331897664083,-17.67226431677169,2.140850978899977,-2.034239786212448,-0.28092143102418593,True,-13.63611782419109,-12.238083898048979,73.03496920805051,-16.23847266477597,-29.67960580274725,-1.2441718764446932
2026-07-22T19:39:46.022+00:00,102.400000,90184.800000,1.220386,4095,2,02,80,FFFFFFFF,32,2.93282115,3.04660053,2.20748862,1.34928763,1.10133798,0.49447053,2.20517198,1.19239440,1.04752981,1.49502709,2.20480188,0.88943182,1.00887633,0.95962054,2.20490807,0.63918745,1.98331402,0.97711753,2.20459898,1.00379372,0.76587314,0.81041446,2.20695185,1.17536709,1.81863417,1.36029104,2.20748441,1.13983851,1.06062076,0.80731006,2.20785022,0.70948048,SD 02 80 FFFFFFFF 91FD87 945F1B 7FED5F 610BFE 552504 2ECE3E 7FDC2B 59B794 525288 674CA3 7FD96B 49769C 503C9F 4D8165 7FDA35 396E5D 791499 4E7C41 7FD7E9 4FF576 41E266 44B01E 7FE963 58E179 7390B8 618967 7FED57 571BB8 53047E 447EC8 7FF00E 3E364C 7CF7AD 000FFF 02 0DC2D8,2026-07-22T19:39:45.844+00:00,serial_request_midpoint,356.1717,True,matched,65.62075,65.62075,2026-07-22T19:39:45.909+00:00,63.907545,1784749185829.646,1918,False,,,,,,,,,,,,,,False,,,,,,,,,,,,,,True,0.22385481853595784,-12.037412892024838,16.098142513930465,50.82611183527127,-0.02286934778786887,0.49578508565988744,3.0789436243334167,12.73438427316302,-27.514620547531706,-22.58592544212663,0.2519280268501718,0.2050896783399047,1.6298309289824904,False,,,,,,,,,,,,,,False,,,,,,,,,,,,,,False,,,,,,,,,,,,,,True,0.21445524198582147,-41.788493683048785,6.499021948885392,72.0881199933036,-0.06894618300915659,-0.021335101180898364,1.484278298787008,5.329070518200751e-16,0.0,1.1368683772161604e-14,0.0,0.0,0.0,True,2,0.2238548185352637,-12.289347010675456,17.71668800349814,55.60706984071667,2.8509481622146775,-0.04080283273659136,0.05769947468942464,14.189971936261449,-27.410481505606242,-17.747419539809766,2.1530560861683425,-2.017471560521738,-0.27630375051451245,True,-13.43565967441594,-13.274112393739633,73.03772022295036,-17.26134392257995,-29.934558835758686,-1.315283978326886
2026-07-22T19:39:46.579+00:00,103.500000,90185.900000,1.219165,4095,2,02,80,FFFFFFFF,32,2.93271558,3.04635834,2.20756230,1.34917454,1.10132970,0.49446047,2.20812028,1.19237223,1.04751894,1.49502635,2.20543329,0.88941264,1.00885230,0.95959940,2.20728284,0.63917454,1.98313761,0.97704302,2.20764652,1.00376502,0.76586215,0.81042848,2.20776652,1.17533432,1.81869501,1.36021747,2.20776600,1.13978676,1.06053306,0.80730809,2.20799919,0.70950692,SD 02 80 FFFFFFFF 91FCF3 945DD6 7FEDEB 610AB3 5524E8 2ECE0B 7FF20F 59B74D 525262 674CA1 7FDE1C 497652 503C49 4D8117 7FEBD8 396E22 791325 4E7B31 7FEE8B 4FF50F 41E238 44B057 7FEF6F 58E10F 739143 618891 7FEF6E 571B0D 53034E 447EC0 7FF129 3E36BF 7CD7AE 000FFF 02 0DC2E3,2026-07-22T19:39:46.401+00:00,serial_request_midpoint,357.2134,True,matched,57.8787,57.8787,2026-07-22T19:39:46.458+00:00,64.456662,1784749186396.28,1935,False,,,,,,,,,,,,,,False,,,,,,,,,,,,,,True,0.10454526056769659,-12.480387055298056,14.913973570291137,50.53302507487295,0.04087741769950365,0.4831265402779373,3.0430744134503422,11.457846024352298,-27.22711929695596,-22.989457200687262,0.28389263843003026,0.17160740813030637,1.5917897398198984,False,,,,,,,,,,,,,,False,,,,,,,,,,,,,,False,,,,,,,,,,,,,,True,0.19369851911498265,-41.84542485914922,6.509006150106565,72.17013395186243,-0.06692160186667917,-0.022723574425204306,1.484873606948701,5.329070518200751e-16,0.0,0.0,0.0,0.0,0.0,True,2,0.10454526056773361,-12.496556576695278,16.51364376539539,55.326929259012275,2.854118768614736,-0.09549003916845333,-0.0008747802675484811,12.925249398334094,-27.35817792000525,-18.155176024691514,2.130989256420076,-2.074747317414535,-0.32327228211530956,True,-14.381617933770716,-14.501131011465421,72.6503701398768,-18.57582191828641,-29.118752048748625,-1.7188078317318287
2026-07-22T19:39:47.139+00:00,104.100000,90186.500000,1.219775,4095,2,02,80,FFFFFFFF,32,2.93247021,3.04626147,2.20515410,1.34910587,1.10127647,0.49446067,2.20752072,1.19240158,1.04747286,1.49502857,2.20762862,0.88940824,1.00885285,0.95959046,2.20791339,0.63918154,1.98316985,0.97702165,2.20763388,1.00379372,0.76585953,0.81041815,2.20773336,1.17537327,1.81873835,1.36018893,2.20774863,1.13976709,1.06056018,0.80730023,2.20726390,0.70947910,SD 02 80 FFFFFFFF 91FB9B 945D54 7FDC09 6109EA 552434 2ECE0C 7FED9C 59B7AB 5251C1 674CA7 7FEE69 497641 503C4B 4D80F6 7FF086 396E42 791369 4E7AE3 7FEE73 4FF576 41E22D 44B02D 7FEF30 58E18D 7391A6 61883E 7FEF4D 571ACC 5303AC 447EA0 7FEBB4 3E3646 7CE7AE 000FFF 02 0DC2E9,2026-07-22T19:39:46.960+00:00,serial_request_midpoint,358.6372,True,matched,29.1005,29.1005,2026-07-22T19:39:46.989+00:00,64.986545,1784749186929.577,1951,False,,,,,,,,,,,,,,False,,,,,,,,,,,,,,True,0.16311491084053195,-10.998373485017467,14.152228971807778,50.073198483273714,-0.15683132418457588,0.5477108979946718,3.070421802560803,11.121780821743847,-28.653917003949847,-23.779985691181487,0.20408412498290393,0.28926394077168144,1.6337421019708778,False,,,,,,,,,,,,,,False,,,,,,,,,,,,,,False,,,,,,,,,,,,,,True,0.11566889696001992,-41.93110749853936,6.519803677839503,72.32495657942538,-0.07789492316316474,-0.01988482120791231,1.4819259336182824,4.440892098500626e-16,0.0,0.0,0.0,0.0,0.0,True,2,0.1631149108419654,-11.676328414812334,15.927095200897417,54.75624803980522,2.8130327301228255,-0.03208948269515822,0.17963915507694184,12.666447057997601,-28.128072379889755,-18.99686748055249,2.1103331092553748,-1.9619244869069505,-0.20777121805424983,True,-13.787710832476495,-14.470272532994182,73.11689655419853,-18.41382025094727,-29.850374491998185,-1.7741506747953963
2026-07-22T19:39:47.695+00:00,105.200000,90187.600000,1.218555,4095,2,02,80,FFFFFFFF,32,2.93234540,3.04622868,2.20748493,1.34898869,1.10126138,0.49449361,2.20805815,1.19230979,1.04741562,1.49502265,2.20744704,0.88938855,1.00882491,0.95960455,2.20766862,0.63917476,1.98316179,0.97701891,2.20716759,1.00376837,0.76585833,0.81040707,2.20772073,1.17534143,1.81877249,1.36012740,2.20525978,1.13975075,1.06050248,0.80729287,2.20749967,0.70949083,SD 02 80 FFFFFFFF 91FAEC 945D28 7FED58 610893 552401 2ECEB3 7FF199 59B685 5250F9 674C97 7FED10 4975F5 503BE7 4D812A 7FEEB5 396E23 791358 4E7AD9 7FEAFD 4FF51B 41E228 44B000 7FEF18 58E126 7391F4 61878B 7FDCD2 571A96 5302E4 447E82 7FED74 3E3679 7CC7AE 000FFF 02 0DC2F4,2026-07-22T19:39:47.518+00:00,serial_request_midpoint,355.9547,True,matched,9.29795,9.29795,2026-07-22T19:39:47.526+00:00,65.52441,1784749187462.903,1967,False,,,,,,,,,,,,,,False,,,,,,,,,,,,,,True,0.10133454997264123,-13.04146124677158,13.747529357336441,48.3404442748058,-0.023134004213249085,0.626611413785118,3.077565911597555,10.580778270906507,-26.51917804932117,-25.291038515539288,0.31289949670721623,0.26768297739685715,1.6503983017626447,False,,,,,,,,,,,,,,False,,,,,,,,,,,,,,False,,,,,,,,,,,,,,True,0.18338277925620944,-41.880457567223644,6.511798440877077,72.23213303382244,-0.07576861303332118,-0.020414961029188126,1.4810486081080692,-1.7763568394002506e-16,0.0,0.0,0.0,0.0,0.0,True,2,0.10133454997261396,-13.311457526759558,15.749433483734403,52.97296030461705,2.7690846930300252,-0.007296050109726507,0.05635339795679569,12.397084989116742,-26.36899362945554,-20.57731414574753,2.136262437520579,-1.9436550923867433,-0.3490939809349195,True,-13.74046065257869,-13.714587558972946,72.90431086209519,-17.624636941160826,-29.791722834876804,-1.8009339871654106
2026-07-22T19:39:48.251+00:00,106.400000,90188.800000,1.218555,4095,2,02,80,FFFFFFFF,32,2.93245310,3.04608636,2.20756388,1.34900679,1.10125991,0.49447073,2.20771705,1.19233008,1.04742221,1.49502598,2.20819240,0.88940409,1.00883609,0.95958911,2.20823136,0.63917541,1.98310299,0.97699672,2.20828559,1.00375862,0.76584854,0.81038247,2.20828348,1.17529661,1.81872609,1.36019478,2.20781337,1.13972714,1.06047825,0.80727077,2.20804289,0.70945221,SD 02 80 FFFFFFFF 91FB83 945C69 7FEDEE 6108C8 5523FC 2ECE3F 7FEF11 59B6C6 525110 674CA0 7FF298 497631 503C0F 4D80F1 7FF2E2 396E26 7912DC 4E7A88 7FF349 4FF4F8 41E1FF 44AF9C 7FF345 58E095 73918A 61884F 7FEFC8 571A48 530290 447E28 7FF17C 3E35D1 7CC7AE 000FFF 02 0DC300,2026-07-22T19:39:48.073+00:00,serial_request_midpoint,356.1496,True,matched,81.8174,81.8174,2026-07-22T19:39:48.155+00:00,66.153134,1784749188096.219,1986,False,,,,,,,,,,,,,,False,,,,,,,,,,,,,,True,0.08023887379267515,-13.844866894884996,14.86506348902246,49.23712596916064,0.05644381061807069,-0.5653784763724359,-3.063018107389321,11.76230071102115,-25.6305225542559,-24.263230289435437,0.26315191721205466,0.24949208079376844,1.6823628891271243,False,,,,,,,,,,,,,,False,,,,,,,,,,,,,,False,,,,,,,,,,,,,,True,0.18421564205449847,-41.872833926864985,6.511940677129809,72.22925835923198,-0.0806264916006078,-0.016741832876089623,1.479344841326666,-1.554312234475219e-16,0.0,0.0,0.0,0.0,0.0,True,2,0.08023887379269554,-14.247304221517137,16.686436311637063,53.934079109051765,2.805322198226072,0.03101911049630316,0.08681216829983478,13.35812123672037,-25.370988813947427,-19.475044553004828,2.181025129631211,-1.9307357175383169,-0.2851668742090287,True,-14.050744521018,-13.487987951515034,72.77649931993726,-17.369400889816642,-29.471627811427187,-2.0229541765578007
2026-07-22T19:39:48.808+00:00,106.900000,90189.300000,1.217334,4095,2,02,80,FFFFFFFF,32,2.93243812,3.04622197,2.20777968,1.34897468,1.10124364,0.49448513,2.20828822,1.19235225,1.04744453,1.49500081,2.20774547,0.88938544,1.00882491,0.95954765,2.20802973,0.63915987,1.98304277,0.97698933,2.20772231,1.00374357,0.76583660,0.81037558,2.20523770,1.17528271,1.81877600,1.36015765,2.20472986,1.13973350,1.06043382,0.80727912,2.20723443,0.70947474,SD 02 80 FFFFFFFF 91FB6E 945D1F 7FEF88 61086A 5523C5 2ECE88 7FF34E 59B70D 52515E 674C5C 7FEF47 4975E9 503BE7 4D8058 7FF163 396DDF 79125D 4E7A6D 7FEF1B 4FF4C2 41E1CD 44AF80 7FDCA8 58E068 7391FC 6187E3 7FD8E2 571A5D 5301F6 447E4A 7FEB7C 3E3633 7CA7AE 000FFF 02 0DC305,2026-07-22T19:39:48.630+00:00,serial_request_midpoint,356.0075,True,matched,60.30555,60.30555,2026-07-22T19:39:48.690+00:00,66.687859,1784749188629.519,2002,False,,,,,,,,,,,,,,False,,,,,,,,,,,,,,True,0.037127697544978314,-14.275172163876197,13.938487765166318,49.47727977002114,-0.0030696315086234335,0.575142540584146,3.0883281373926894,10.792602286051943,-25.300497125976687,-24.34502877238436,0.29799360079866166,0.22239831474671223,1.6566857114321798,False,,,,,,,,,,,,,,False,,,,,,,,,,,,,,False,,,,,,,,,,,,,,True,0.1319188684161377,-41.98899822182189,6.521052139219741,72.41635862727998,-0.0836158656543238,-0.020316687400343023,1.4791442876811414,6.661338147750939e-17,0.0,0.0,0.0,0.0,0.0,True,2,0.03712769754495747,-14.48274795568119,15.784563926953386,54.17724127452912,2.8028030032317957,-0.0073312378336142,0.03857195151446284,12.433435732751281,-25.252359288906682,-19.565272356294315,2.16929976411138,-1.970241020335504,-0.33395685621690924,True,-14.71543300076426,-14.329594315407721,73.11542085325257,-18.26643642970079,-29.008157843462733,-1.9873560645706676
2026-07-22T19:39:49.364+00:00,108.100000,90190.500000,1.219165,4095,2,02,80,FFFFFFFF,32,2.93246522,3.04640677,2.20749335,1.34897024,1.10126138,0.49447132,2.20758599,1.19232665,1.04743280,1.49504375,2.20781758,0.88938622,1.00882128,0.95954819,2.20776758,0.63916468,1.98312575,0.97697563,2.20738757,1.00378508,0.76584281,0.81036820,2.20794023,1.17527900,1.81876593,1.36009027,2.20750756,1.13971201,1.06046065,0.80727470,2.20757020,0.70946393,SD 02 80 FFFFFFFF 91FB94 945E17 7FED68 61085D 552401 2ECE42 7FEE18 59B6BB 525135 674CD0 7FEFD0 4975EC 503BDA 4D805A 7FEF71 396DF5 79130C 4E7A3B 7FEC9F 4FF557 41E1E7 44AF62 7FF0B9 58E05C 7391E5 61871F 7FED83 571A16 530253 447E38 7FEDFA 3E3604 7CD7AE 000FFF 02 0DC311,2026-07-22T19:39:49.186+00:00,serial_request_midpoint,356.1014,True,matched,53.5616,53.5616,2026-07-22T19:39:49.239+00:00,67.237529,1784749189162.833,2018,False,,,,,,,,,,,,,,False,,,,,,,,,,,,,,True,0.0281503529043267,-14.582909970879456,12.134091238389122,49.138852770000774,0.01803553967310482,-0.58648019028472,-3.068934677181334,8.935275134325833,-25.173229965806776,-24.57042881620412,0.2958245998090475,0.24232636987375197,1.6724027101201369,False,,,,,,,,,,,,,,False,,,,,,,,,,,,,,False,,,,,,,,,,,,,,True,0.2278126335562336,-41.932443949620136,6.511802568979995,72.32569132365423,-0.0793070491676577,-0.019041899693068774,1.4793293678104689,-4.718447854656915e-16,0.0,0.0,0.0,0.0,0.0,True,2,0.02815035290432224,-14.85478806899819,14.019894526600297,53.819723554847506,2.7934107551598077,0.01749646928918871,0.05174408199244976,10.619008152865183,-25.0389839209399,-19.807263464443338,2.173908200793249,-1.9407600616377285,-0.32848509970177775,True,-14.646004018402953,-15.91465916805534,73.04081142869441,-19.84061014239967,-29.167698547498247,-1.8981405498124104
2026-07-22T19:39:49.922+00:00,108.700000,90191.100000,1.218555,4095,2,02,80,FFFFFFFF,32,2.93220491,3.04623166,2.20753599,1.34893540,1.10121673,0.49446560,2.20823768,1.19232321,1.04740475,1.49502672,2.20781337,0.88936808,1.00880088,0.95955849,2.20729126,0.63915374,1.98313618,0.97698741,2.20736494,1.00370207,0.76584328,0.81036377,2.20731073,1.17527343,1.81881671,1.36010265,2.20752756,1.13966329,1.06041767,0.80728697,2.20749967,0.70944807,SD 02 80 FFFFFFFF 91FA27 945D2C 7FEDB9 6107F7 55236A 2ECE25 7FF2EE 59B6B0 5250D3 674CA2 7FEFC8 4975A6 503B91 4D8080 7FEBE8 396DC3 791322 4E7A66 7FEC74 4FF42D 41E1E9 44AF50 7FEC0D 58E04A 739259 618743 7FEDA9 571975 5301BE 447E6A 7FED74 3E35BF 7CC7AE 000FFF 02 0DC317,2026-07-22T19:39:49.743+00:00,serial_request_midpoint,357.2521,True,matched,50.61435,50.61435,2026-07-22T19:39:49.793+00:00,67.791452,1784749189729.504,2035,False,,,,,,,,,,,,,,False,,,,,,,,,,,,,,True,0.07570592350171856,-14.317446621877892,11.39794559151321,49.428501118944716,0.057461978564819854,-0.5581877772647837,-3.071756297860184,8.119476658700846,-25.483442124391992,-24.488427625021824,0.265834768864408,0.2457628825116613,1.674345458805608,False,,,,,,,,,,,,,,False,,,,,,,,,,,,,,False,,,,,,,,,,,,,,True,0.19725889286485393,-41.9655122398296,6.5102291904915885,72.37865378146478,-0.07974623722934573,-0.023720226299626723,1.480712029141439,-5.329070518200751e-16,0.0,0.0,0.0,0.0,0.0,True,2,0.07570592350171385,-14.71565143401013,13.195400859213262,54.13501899256793,2.8108338844594845,0.020550097854008777,0.0878873764486578,9.717111031259144,-25.250441544380337,-19.699482214197314,2.174975298497701,-1.941285295941224,-0.2892811672698924,True,-14.764546218392947,-17.086142819179038,72.8057724986755,-21.045655124146375,-29.134799193993274,-2.260006911027233
2026-07-22T19:39:50.478+00:00,109.800000,90192.200000,1.217944,4095,2,02,80,FFFFFFFF,32,2.93218422,3.04623986,2.20763546,1.34888074,1.10123625,0.49447192,2.20782127,1.19229449,1.04741477,1.49504856,2.20781179,0.88937585,1.00880814,0.95955280,2.20778337,0.63916556,1.98302807,0.97695344,2.20481029,1.00370207,0.76583110,0.81039182,2.20507840,1.17529785,1.81873660,1.36005246,2.20468729,1.13962788,1.06037642,0.80726242,2.20728179,0.70944163,SD 02 80 FFFFFFFF 91FA0A 945D37 7FEE76 610757 5523AC 2ECE45 7FEFD7 59B654 5250F6 674CDD 7FEFC5 4975C4 503BAB 4D806B 7FEF8F 396DF9 79123E 4E79EA 7FD97B 4FF42D 41E1B6 44AFC2 7FDB79 58E099 7391A2 6186B1 7FD891 571900 53012F 447E06 7FEBD6 3E35A3 7CB7AD 000FFF 02 0DC322,2026-07-22T19:39:50.300+00:00,serial_request_midpoint,356.5734,True,matched,44.2535,44.2535,2026-07-22T19:39:50.344+00:00,68.342185,1784749190262.833,2051,False,,,,,,,,,,,,,,False,,,,,,,,,,,,,,True,0.11725127696742545,-14.404754415286405,9.968172863005254,49.19811481112106,0.07629113676936171,-0.543408166061988,-3.0774899684388894,6.822564048741417,-25.58256079323646,-24.753182066815704,0.24320589828707706,0.24535595454691517,1.6725047323872104,False,,,,,,,,,,,,,,False,,,,,,,,,,,,,,False,,,,,,,,,,,,,,True,0.21277177324496946,-42.00193263719787,6.517595102749747,72.44083596593057,-0.08103728186718723,-0.0189812861741725,1.4794190025636011,9.43689570931383e-17,0.0,-1.1368683772161604e-14,0.0,0.0,0.0,True,2,0.1172512769674735,-14.85904645078914,11.718321432194596,53.91736495922662,2.8202850076222274,0.015767359033664493,0.10531771046060394,8.347950644300251,-25.28725132915612,-19.944158123990597,2.1740536138810844,-1.9467916769209683,-0.2600698774615141,True,-15.168289657229428,-18.750680094266034,72.27807380589043,-22.67937442250261,-28.907902311897743,-2.921605424930817
2026-07-22T19:39:51.037+00:00,110.400000,90192.800000,1.217944,4095,2,02,80,FFFFFFFF,32,2.93222202,3.04603868,2.20744020,1.34892378,1.10124246,0.49447409,2.20769441,1.19227919,1.04740160,1.49503116,2.20745757,0.88936989,1.00878858,0.95955714,2.20777547,0.63915308,1.98309920,0.97694933,2.20525715,1.00367951,0.76583707,0.81039083,2.20743651,1.17528641,1.81864949,1.36000193,2.20745336,1.13958945,1.06037065,0.80727519,2.20761388,0.70945175,SD 02 80 FFFFFFFF 91FA3F 945C29 7FED03 6107D5 5523C1 2ECE50 7FEEE6 59B623 5250C8 674CAE 7FED24 4975AD 503B65 4D807B 7FEF80 396DC0 7912D4 4E79DB 7FDCCD 4FF3DC 41E1CF 44AFBE 7FECFC 58E074 7390DB 61861E 7FED1C 571881 53011B 447E3A 7FEE4D 3E35CF 7CB7AD 000FFF 02 0DC328,2026-07-22T19:39:50.858+00:00,serial_request_midpoint,357.4246,True,matched,31.9008,31.9008,2026-07-22T19:39:50.889+00:00,68.887011,1784749190829.485,2068,False,,,,,,,,,,,,,,False,,,,,,,,,,,,,,True,0.1442915287209492,-14.774294176306395,8.37511898718289,49.65466553304746,0.059177845167248506,-0.5356550246214001,-3.0735677552259584,4.844973649082965,-25.338151237968983,-24.388116677183838,0.2578878081763013,0.2379982249761445,1.6735566565093587,False,,,,,,,,,,,,,,False,,,,,,,,,,,,,,False,,,,,,,,,,,,,,True,0.10408493687256182,-41.965504200198815,6.527666821603968,72.40331232381064,-0.0759318977220509,-0.02709542463576105,1.4842587980655173,1.7763568394002506e-16,5.684341886080802e-15,0.0,0.0,0.0,0.0,True,2,0.14429152872097567,-15.179539457587794,10.103672200904434,54.386325212835914,2.825212955176419,0.023447720578693817,0.08974432944127908,6.396136337882014,-25.108845425041544,-19.583739877531343,2.1789400124097185,-1.9484994662216635,-0.27965604100783287,True,-15.161326473209462,-20.443338217717905,72.61956786201729,-24.54243556472044,-28.941824856876917,-2.446518631519086
2026-07-22T19:39:51.595+00:00,111.600000,90194.000000,1.214893,4095,2,02,80,FFFFFFFF,32,2.93216354,3.04611319,2.20516357,1.34879193,1.10123093,0.49448730,2.20715233,1.19231291,1.04736898,1.49507115,2.20757704,0.88936083,1.00877014,0.95952652,2.20785917,0.63914192,1.98302475,0.97694358,2.20735336,1.00366892,0.76582012,0.81040388,2.20777863,1.17529507,1.81865255,1.36004421,2.20761651,1.13959702,1.06030056,0.80728034,2.20807026,0.70944117,SD 02 80 FFFFFFFF 91F9ED 945C8D 7FDC1B 610653 55239A 2ECE93 7FEAE0 59B68F 525056 674D1A 7FEE07 49758A 503B23 4D800A 7FF01F 396D8D 791237 4E79C6 7FEC5E 4FF3B6 41E188 44AFF3 7FEF86 58E090 7390E2 618699 7FEE52 57189A 530028 447E4F 7FF1B0 3E35A1 7C67AF 000FFF 02 0DC334,2026-07-22T19:39:51.416+00:00,serial_request_midpoint,357.95,True,matched,15.25,15.25,2026-07-22T19:39:51.430+00:00,69.428841,1784749191362.82,2084,False,,,,,,,,,,,,,,False,,,,,,,,,,,,,,True,0.20412473541436996,-14.615233382380945,6.406004741247708,49.68255145053523,0.07945275961358671,-0.55785059733543,-3.0718512879497983,3.1657892743643066,-25.7455486771968,-24.38337229773317,0.2499818011108926,0.25741785892574964,1.6736247739022379,False,,,,,,,,,,,,,,False,,,,,,,,,,,,,,False,,,,,,,,,,,,,,True,0.11238698279142063,-41.99831408162672,6.518204851573832,72.4324667379223,-0.07869278814933824,-0.019986941875763557,1.4803318460299566,-7.771561172376096e-16,0.0,0.0,0.0,0.0,0.0,True,2,0.20412473541439738,-15.082636333404329,8.200863163252636,54.383693946297704,2.810473545355221,0.02011261245900558,0.1079623286593292,4.745692515067664,-25.428765945174128,-19.59335377064598,2.1680114249529714,-1.9365685773160632,-0.2678653331944279,True,-15.330646604111706,-22.087820348416688,73.04127837643503,-26.073278140303398,-29.071962710675496,-2.2011290767384595
2026-07-22T19:39:52.152+00:00,112.100000,90194.500000,1.218555,4095,2,02,80,FFFFFFFF,32,2.93211148,3.04616311,2.20734810,1.34879978,1.10127321,0.49450072,2.20565625,1.19223642,1.04737785,1.49506523,2.20473827,0.88936419,1.00878607,0.95952029,2.20710287,0.63915636,1.98298776,0.97693838,2.20744388,1.00368174,0.76581916,0.81036451,2.20746441,1.17527312,1.81867794,1.36003665,2.20771810,1.13960367,1.06033200,0.80728943,2.20791602,0.70946462,SD 02 80 FFFFFFFF 91F9A4 945CD0 7FEC54 61066A 552429 2ECED7 7FDFC4 59B59A 525075 674D0A 7FD8F2 497597 503B5C 4D7FF3 7FEA82 396DCF 7911E9 4E79B3 7FED0A 4FF3E4 41E184 44AF53 7FED31 58E049 73911C 618683 7FEF13 5718B0 530095 447E74 7FF08B 3E3607 7CC7AD 000FFF 02 0DC339,2026-07-22T19:39:51.973+00:00,serial_request_midpoint,356.2315,True,matched,81.67345,81.67345,2026-07-22T19:39:52.054+00:00,70.052588,1784749191996.159,2103,False,,,,,,,,,,,,,,False,,,,,,,,,,,,,,True,0.16331761229305647,-14.516833127611823,4.557803645986653,49.81062711985157,0.09662700896366688,-0.5448220898936925,-3.0692943401672945,1.5106002923716806,-25.99972286209187,-24.464298417996115,0.23183761070178147,0.2540036988529928,1.680902897738539,False,,,,,,,,,,,,,,False,,,,,,,,,,,,,,False,,,,,,,,,,,,,,True,0.1188579431032892,-42.04490472586515,6.517680633184858,72.50718094438962,-0.08417563498271242,-0.017599956369936987,1.478232441510904,-4.4408920985006264e-17,0.0,0.0,0.0,0.0,0.0,True,2,0.1633176122930755,-15.042832938683853,6.312215261755632,54.52083808665658,2.817862852337992,0.026439853083079366,0.12390375208254316,3.0196642217010803,-25.636581851206607,-19.654768510197094,2.17788367329086,-1.9336672308292437,-0.244402223039545,True,-15.28143269143691,-24.124774255793625,72.93561622810405,-28.016751739110862,-29.382444015442854,-2.6759371108884467
2026-07-22T19:39:52.707+00:00,113.200000,90195.600000,1.219165,4095,2,02,80,FFFFFFFF,32,2.93233114,3.04634120,2.20751756,1.34887596,1.10131816,0.49452439,2.20790654,1.19230635,1.04734036,1.49508189,2.20739441,0.88937041,1.00879138,0.95951866,2.20503897,0.63916403,1.98308355,0.97691920,2.20472408,1.00365193,0.76581916,0.81036057,2.20709603,1.17528425,1.81868013,1.36000949,2.20734231,1.13961729,1.06030979,0.80728329,2.20759230,0.70945359,SD 02 80 FFFFFFFF 91FAD8 945DBF 7FED96 610749 5524C1 2ECF4F 7FF079 59B67A 524FF2 674D37 7FECAC 4975AF 503B6F 4D7FED 7FDB2E 396DF2 7912B3 4E796D 7FD8D7 4FF379 41E184 44AF43 7FEA75 58E06D 739121 618634 7FEC49 5718DD 530048 447E5B 7FEE24 3E35D7 7CD7AD 000FFF 02 0DC344,2026-07-22T19:39:52.530+00:00,serial_request_midpoint,356.0815,True,matched,58.69865,58.69865,2026-07-22T19:39:52.587+00:00,70.585933,1784749192529.506,2119,False,,,,,,,,,,,,,,False,,,,,,,,,,,,,,True,0.19117837686007577,-14.584503540125876,3.355436148226839,50.13000860470287,0.08906272171061277,-0.534377064903437,-3.0733815810564504,-0.07751026399347083,-26.054641302176623,-24.003484111667564,0.23721441755246922,0.25270838159787157,1.6730048598593674,False,,,,,,,,,,,,,,False,,,,,,,,,,,,,,False,,,,,,,,,,,,,,True,0.10204834145171202,-41.96758517966965,6.512354109307148,72.38350944466688,-0.07522810838480777,-0.023193939661320908,1.4839552123588466,-3.552713678800501e-16,0.0,0.0,0.0,0.0,0.0,True,2,0.19117837686005687,-15.08433922550634,5.077928598362357,54.854826844734646,2.8251566241586943,0.023408419213361665,0.11716633615572966,1.4489996223220405,-25.71719569102823,-19.197589670360287,2.1704789893751966,-1.94214804275612,-0.25173838984581315,True,-15.318820640802775,-25.487520752568834,73.05564108953395,-29.565620279399376,-29.25606627897242,-2.134733460285793
2026-07-22T19:39:53.264+00:00,114.400000,90196.800000,1.218555,4095,2,02,80,FFFFFFFF,32,2.93208581,3.04609158,2.20544223,1.34885000,1.10133945,0.49452833,2.20700920,1.19231228,1.04733636,1.49506226,2.20512414,0.88936756,1.00876735,0.95954007,2.20715970,0.63915264,1.98300578,0.97694468,2.20752967,1.00366057,0.76583158,0.81035762,2.20766336,1.17527714,1.81867269,1.35996171,2.20761704,1.13955465,1.06025469,0.80728476,2.20544591,0.70943198,SD 02 80 FFFFFFFF 91F980 945C70 7FDE2D 6106FD 552509 2ECF63 7FE9D0 59B68D 524FE4 674D02 7FDBD0 4975A4 503B19 4D803C 7FEAEE 396DBE 79120F 4E79CA 7FEDAD 4FF398 41E1B8 44AF37 7FEEAB 58E056 739110 6185A9 7FEE53 57180E 52FF89 447E61 7FDE34 3E3579 7CC7AE 000FFF 02 0DC350,2026-07-22T19:39:53.086+00:00,serial_request_midpoint,356.7023,True,matched,35.06595,35.06595,2026-07-22T19:39:53.120+00:00,71.118873,1784749193062.855,2135,False,,,,,,,,,,,,,,False,,,,,,,,,,,,,,True,0.2650337134173574,-14.945958124788778,2.0260778486878106,50.22254938189439,0.09442638285921795,-0.5365512840150948,-3.0770693259093678,-1.4235303870640361,-25.83282634701552,-23.882556182171697,0.23394380998886039,0.257115916448715,1.6692308068311725,False,,,,,,,,,,,,,,False,,,,,,,,,,,,,,False,,,,,,,,,,,,,,True,0.1422190560337933,-41.950599458465916,6.5207500770902485,72.36493212701073,-0.07420636281308172,-0.022096256275405502,1.483211093624322,2.6645352591003756e-16,0.0,0.0,0.0,0.0,0.0,True,2,0.2650337134173551,-15.458732343402446,3.7542039234796727,54.94392261639958,2.8240013313671,0.01753651895761931,0.12202972650266068,0.10665809583767585,-25.47411500554395,-19.079372682715633,2.164191083663909,-1.943580935915493,-0.24732139716884896,True,-15.87512549876519,-26.795293921334356,73.16825011845074,-30.908444055998228,-28.831906429512646,-1.9808350260487715
2026-07-22T19:39:53.821+00:00,115.000000,90197.400000,1.217944,4095,2,02,80,FFFFFFFF,32,2.93220847,3.04599323,2.20476613,1.34882472,1.10123240,0.49450190,2.20737915,1.19228887,1.04731032,1.49504819,2.20764388,0.88933310,1.00877545,0.95949834,2.20791918,0.63915352,1.98298966,0.97690578,2.20758757,1.00364274,0.76582012,0.81036918,2.20549271,1.17524036,1.81865168,1.36004524,2.20478401,1.13953105,1.06029998,0.80727887,2.20706972,0.70942761,SD 02 80 FFFFFFFF 91FA2C 945BEC 7FD927 6106B3 55239F 2ECEDD 7FEC8F 59B642 524F89 674CDC 7FEE86 49751F 503B36 4D7FA2 7FF091 396DC2 7911ED 4E793C 7FEE1B 4FF358 41E188 44AF66 7FDE8D 58DFDF 7390E0 61869C 7FD949 5717C0 530026 447E49 7FEA43 3E3566 7CB7AE 000FFF 02 0DC356,2026-07-22T19:39:53.643+00:00,serial_request_midpoint,356.5641,True,matched,14.41405,14.41405,2026-07-22T19:39:53.657+00:00,71.655077,1784749193596.218,2151,False,,,,,,,,,,,,,,False,,,,,,,,,,,,,,True,0.20180706558408926,-14.948496122982547,0.278217256333642,50.32535345653145,0.08890602880814485,-0.5349600192899576,-3.0750576787376946,-3.188723821454815,-25.982428684767722,-23.838303484222557,0.2385162978883665,0.25570407539212203,1.6729079508206772,False,,,,,,,,,,,,,,False,,,,,,,,,,,,,,False,,,,,,,,,,,,,,True,0.13446869987917054,-41.95008664608758,6.515719244842875,72.3600295635306,-0.07256251837101318,-0.024426305999129524,1.4820028207721552,6.217248937900876e-16,0.0,0.0,0.0,0.0,0.0,True,2,0.20180706558409228,-15.446131004111535,2.0022208464765643,55.04985282817209,2.8249735665576887,0.02090893473470881,0.1170092072476593,-1.6496998345449867,-25.63885526585072,-19.03683645425092,2.1686123014954,-1.9400612977906524,-0.2532047361794715,True,-15.737129550486785,-28.56030441706353,73.25476107000702,-32.61827956784587,-29.167256844652194,-1.888403105019131
2026-07-22T19:39:54.377+00:00,116.100000,90198.500000,1.216724,4095,2,02,80,FFFFFFFF,32,2.93237607,3.04593884,2.20748704,1.34878509,1.10125784,0.49452478,2.20784338,1.19224610,1.04735696,1.49504042,2.20544276,0.88936497,1.00878747,0.95949970,2.20684820,0.63913469,1.98306411,0.97689126,2.20733599,1.00367617,0.76579767,0.81036303,2.20504843,1.17529661,1.81849541,1.36001809,2.20706656,1.13952560,1.06030921,0.80729139,2.20778074,0.70942807,SD 02 80 FFFFFFFF 91FB17 945BA3 7FED5C 61063F 5523F5 2ECF51 7FF001 59B5B9 52502C 674CC7 7FDE2E 49759A 503B61 4D7FA7 7FE89E 396D6C 79128A 4E7907 7FEC3D 4FF3D0 41E12A 44AF4D 7FDB40 58E095 738F7B 61864D 7FEA3D 5717AE 530046 447E7C 7FEF8A 3E3568 7C97AF 000FFF 02 0DC361,2026-07-22T19:39:54.199+00:00,serial_request_midpoint,355.2119,True,matched,80.57535,80.57535,2026-07-22T19:39:54.279+00:00,72.277334,1784749194229.585,2170,False,,,,,,,,,,,,,,False,,,,,,,,,,,,,,True,0.23646425658543263,-15.081885231428114,-1.3886027024376497,50.4331435739405,0.07850515564844482,-0.5421731884128561,-3.0808696424257507,-4.67932904900681,-25.986065906162565,-23.960555964934365,0.24413136395707669,0.24720628228950434,1.6682886823859828,False,,,,,,,,,,,,,,False,,,,,,,,,,,,,,False,,,,,,,,,,,,,,True,0.16768196894687853,-41.99832391050023,6.513693188288974,72.44084750388764,-0.07908375263288218,-0.021697176261884794,1.480439159220074,3.108624468950438e-16,0.0,-1.1368683772161604e-14,0.0,0.0,0.0,True,2,0.23646425658543027,-15.540071023040037,0.35699350057656576,55.15370316480388,2.821353234204618,0.011252322871176322,0.10736572468843186,-3.1438870806668353,-25.690484419986603,-19.15474981805378,2.1686630211854134,-1.949860641622425,-0.26128851685943716,True,-15.970844951218904,-30.133703313261215,73.4759070814066,-34.1534364689844,-29.16830440507649,-2.070138917686438
2026-07-22T19:39:54.934+00:00,116.700000,90199.100000,1.218555,4095,2,02,80,FFFFFFFF,32,2.93221489,3.04628382,2.20785654,1.34877075,1.10130160,0.49453248,2.20790444,1.19230323,1.04738987,1.49505967,2.20775705,0.88933958,1.00877489,0.95950593,2.20774231,0.63916162,1.98301621,0.97692139,2.20776652,1.00367923,0.76581438,0.81038591,2.20750020,1.17529692,1.81865124,1.36005624,2.20723969,1.13955586,1.06028642,0.80731300,2.20535548,0.70943290,SD 02 80 FFFFFFFF 91FA35 945D72 7FF01A 610615 552489 2ECF78 7FF075 59B670 52509F 674CFB 7FEF5D 497538 503B34 4D7FBE 7FEF41 396DE7 791225 4E7975 7FEF6F 4FF3DB 41E170 44AFAA 7FED75 58E096 7390DF 6186BC 7FEB86 571812 52FFF7 447ED4 7FDD88 3E357D 7CC7AF 000FFF 02 0DC367,2026-07-22T19:39:54.755+00:00,serial_request_midpoint,357.1184,True,matched,60.7207,60.7207,2026-07-22T19:39:54.816+00:00,72.813819,1784749194762.944,2186,False,,,,,,,,,,,,,,False,,,,,,,,,,,,,,True,0.22668885238883368,-15.43889872653961,-3.0872668811533783,50.472715453822765,0.06116889166491236,-0.5352199397589396,-3.0847954820841954,-6.553387345796144,-25.727164171808305,-24.188911287504745,0.2546666872864845,0.23227375098216993,1.6627800190496282,False,,,,,,,,,,,,,,False,,,,,,,,,,,,,,False,,,,,,,,,,,,,,True,0.11598410198727643,-42.070365322435265,6.5216277764045945,72.57184262467818,-0.08088726665266911,-0.025955607946580382,1.4846469495017849,0.0,0.0,0.0,0.0,0.0,0.0,True,2,0.22668885238883688,-15.839942996129182,-1.3625921755068648,55.20614801005272,2.8266067885218202,0.007675750516303896,0.09163902465492237,-5.023907294404569,-25.515973554112975,-19.376758712384344,2.1713602377593006,-1.9641764244040743,-0.2763678751993088,True,-16.20130683203036,-31.939195805355105,73.38613814683228,-36.08995482396683,-28.99794478624682,-2.39594948662251
2026-07-22T19:39:55.492+00:00,117.800000,90200.200000,1.218555,4095,2,02,80,FFFFFFFF,32,2.93224484,3.04627041,2.20667405,1.34882335,1.10135395,0.49455950,2.20773600,1.19230760,1.04737613,1.49506115,2.20539859,0.88934269,1.00877154,0.95953709,2.20736020,0.63913600,1.98293466,0.97688770,2.20753967,1.00365862,0.76581558,0.81037779,2.20793444,1.17527096,1.81858514,1.36005831,2.20799709,1.13955980,1.06021345,0.80729336,2.20740073,0.70943428,SD 02 80 FFFFFFFF 91FA5F 945D60 7FE753 6106AF 55253A 2ED001 7FEF35 59B67E 52506F 674CFF 7FDDDA 497544 503B28 4D8031 7FEC6B 396D72 791179 4E78FA 7FEDC0 4FF391 41E175 44AF89 7FF0AE 58E042 739048 6186C2 7FF125 57181F 52FEFA 447E84 7FECB8 3E3583 7CC7AF 000FFF 02 0DC372,2026-07-22T19:39:55.313+00:00,serial_request_midpoint,356.7686,True,matched,29.164,29.164,2026-07-22T19:39:55.341+00:00,73.33938,1784749195262.969,2201,False,,,,,,,,,,,,,,False,,,,,,,,,,,,,,True,0.23923032374276298,-15.482630130320866,-4.182602107284734,50.49616310652648,0.05998283414010794,-0.5298126524638074,-3.0830473441987274,-7.58618683331382,-25.813960078289604,-23.907544237614793,0.24824180475144228,0.23253254175509047,1.6667307940171574,False,,,,,,,,,,,,,,False,,,,,,,,,,,,,,False,,,,,,,,,,,,,,True,0.10114689308419691,-41.967601686459396,6.513856679444329,72.396242744768,-0.0777653990217212,-0.02164953223532893,1.482887449047249,-4.440892098500626e-16,0.0,0.0,0.0,0.0,0.0,True,2,0.23923032374278408,-15.882402861574807,-2.473910653773447,55.23549622423493,2.829871822219168,0.011427454184588098,0.0906128267457105,-6.078073243375515,-25.58025525955779,-19.08969216660745,2.1754536671725146,-1.9607639353425566,-0.2678262423960234,True,-16.14370372786469,-33.10857369786524,73.31920316624164,-37.201496159934884,-29.133185152910823,-2.229070889143986
2026-07-22T19:39:56.048+00:00,118.400000,90200.800000,1.219165,4095,2,02,80,FFFFFFFF,32,2.93206299,3.04603644,2.20741388,1.34876187,1.10133768,0.49454846,2.20795076,1.19225952,1.04729744,1.49505375,2.20757546,0.88932171,1.00876623,0.95951189,2.20772389,0.63914761,1.98308402,0.97692084,2.20763757,1.00363884,0.76580244,0.81038764,2.20787022,1.17524005,1.81856238,1.35999162,2.20772705,1.13956040,1.06016297,0.80727224,2.20796550,0.70941152,SD 02 80 FFFFFFFF 91F960 945C26 7FECD1 6105FB 552503 2ECFC9 7FF0CD 59B5E4 524F5C 674CEB 7FEE04 4974F3 503B15 4D7FD4 7FEF1E 396DA7 7912B4 4E7973 7FEE7A 4FF34A 41E13E 44AFB1 7FF034 58DFDE 739014 618600 7FEF24 571821 52FE4B 447E2E 7FF0E9 3E3520 7CD7AF 000FFF 02 0DC378,2026-07-22T19:39:55.870+00:00,serial_request_midpoint,356.8055,True,matched,40.40875,40.40875,2026-07-22T19:39:55.909+00:00,73.908005,1784749195829.666,2218,False,,,,,,,,,,,,,,False,,,,,,,,,,,,,,True,0.2778408832592866,-15.466427551007447,-5.495719321776793,50.54495790802406,0.050924011605251215,-0.5281032877738356,-3.082692716018535,-8.757413041927668,-25.931695239058683,-24.263716058744865,0.2533581383925213,0.22086256599920767,1.6708483068576214,False,,,,,,,,,,,,,,False,,,,,,,,,,,,,,False,,,,,,,,,,,,,,True,0.13119893858739312,-42.07256316559721,6.526186758535135,72.57812245585862,-0.08434424058532675,-0.022996981679183674,1.4806180472081665,-8.104628079763643e-16,0.0,-1.1368683772161604e-14,0.0,0.0,0.0,True,2,0.2778408832592851,-15.838192504323965,-3.791636804851946,55.2882285909606,2.8311261077853747,0.012433560097865231,0.08233270151482318,-7.2675114024109435,-25.748531484438974,-19.43801742329656,2.18630424516426,-1.9634506489734649,-0.2752612158587307,True,-15.999225591432142,-34.44408391646819,73.34294734109831,-38.444953144034216,-29.55473263511009,-2.733189558859715
2026-07-22T19:39:56.606+00:00,119.600000,90202.000000,1.216724,4095,2,02,80,FFFFFFFF,32,2.93224128,3.04597907,2.20731179,1.34879329,1.10132142,0.49456976,2.20778179,1.19226171,1.04731690,1.49505338,2.20764230,0.88932844,1.00876539,0.95950999,2.20799077,0.63914279,1.98307454,0.97689838,2.20770020,1.00359957,0.76579170,0.81037189,2.20790233,1.17525025,1.81855450,1.35988403,2.20765967,1.13947961,1.06019066,0.80725186,2.20558947,0.70941198,SD 02 80 FFFFFFFF 91FA5A 945BD9 7FEC0F 610657 5524CC 2ED035 7FEF8C 59B5EB 524FA0 674CEA 7FEE83 49750D 503B12 4D7FCD 7FF119 396D91 7912A0 4E7921 7FEEF1 4FF2BD 41E111 44AF71 7FF071 58DFFF 739002 6184C7 7FEEA4 571716 52FEAB 447DDB 7FDF45 3E3522 7C97AF 000FFF 02 0DC384,2026-07-22T19:39:56.428+00:00,serial_request_midpoint,357.2595,True,matched,27.13825,27.13825,2026-07-22T19:39:56.456+00:00,74.45286,1784749196396.393,2235,False,,,,,,,,,,,,,,False,,,,,,,,,,,,,,True,0.30834474195020883,-14.997827003705833,-5.734660164589064,50.566074381681005,0.02260548123035926,-0.5321828979327833,-3.0769650608651316,-8.791341459028493,-26.444564357318104,-24.133851195181318,0.26349093873036494,0.20847058630658824,1.6776198973377314,False,,,,,,,,,,,,,,False,,,,,,,,,,,,,,False,,,,,,,,,,,,,,True,0.20566574229827475,-41.99790619917179,6.529818845027667,72.46638762761346,-0.08597356394785403,-0.01595271913707735,1.478966100587765,5.329070518200751e-16,0.0,0.0,0.0,0.0,0.0,True,2,0.30834474195022066,-15.284567710326451,-4.015129137491712,55.30967175654136,2.828477892387681,0.019661683386685707,0.056274156584970585,-7.306520680506078,-26.326800682642777,-19.304548738991514,2.200158198792947,-1.9629213382354462,-0.2892427160463905,True,-15.042774794171029,-34.605874071800805,73.46784279004274,-38.48090022625383,-30.524130896969428,-2.687936757552188
2026-07-22T19:39:57.163+00:00,120.800000,90203.200000,1.219775,4095,2,02,80,FFFFFFFF,32,2.93220491,3.04574960,2.20461738,1.34872498,1.10116025,0.49453899,2.20503949,1.19223798,1.04734494,1.49503190,2.20715128,0.88932067,1.00872879,0.95950132,2.20770652,0.63914235,1.98300673,0.97685456,2.20523349,1.00359957,0.76577259,0.81037337,2.20719496,1.17526911,1.81854050,1.35985138,2.20741336,1.13939731,1.06017336,0.80724302,2.20723706,0.70939198,SD 02 80 FFFFFFFF 91FA27 945AA5 7FD80C 61058F 5522AB 2ECF99 7FDB2F 59B59F 525002 674CB0 7FEADE 4974EF 503A8F 4D7FAD 7FEEFD 396D8F 791211 4E7881 7FDCA0 4FF2BD 41E0C1 44AF77 7FEB31 58E03C 738FE2 618468 7FECD0 571606 52FE6F 447DB7 7FEB81 3E34CB 7CE7AE 000FFF 02 0DC390,2026-07-22T19:39:56.986+00:00,serial_request_midpoint,354.9186,True,matched,16.3345,16.3345,2026-07-22T19:39:57.001+00:00,74.999161,1784749196929.795,2251,False,,,,,,,,,,,,,,False,,,,,,,,,,,,,,True,0.41130269708443096,-14.032192849396912,-5.619242687192795,50.75516430913665,0.016952236741016015,-0.5199919560129898,-3.0626744883578967,-8.694082430112658,-27.39235075708847,-23.89038662709528,0.2635250053480279,0.20398673444215534,1.6931383296737308,False,,,,,,,,,,,,,,False,,,,,,,,,,,,,,False,,,,,,,,,,,,,,True,0.10807626130208703,-41.959536445487906,6.532059067760452,72.41360072128325,-0.08286255685149116,-0.0175961077475174,1.4797499130515632,-1.3322676295501878e-16,0.0,1.1368683772161604e-14,0.0,0.0,0.0,True,2,0.41130269708443085,-14.3150260897476,-3.9326523586874638,55.510807426083375,2.834700238209434,0.042713727376485405,0.05088775686453991,-7.227380906836279,-27.277969467983315,-19.0554691928324,2.2186083153410507,-1.9491816507323572,-0.289009360895148,True,-13.48786777249245,-34.62381888095013,73.48132275962591,-38.392870045631426,-32.01524557074707,-2.5678430265835344
2026-07-22T19:39:57.720+00:00,121.300000,90203.700000,1.219165,4095,2,02,80,FFFFFFFF,32,2.93207583,3.04581069,2.20753125,1.34867477,1.10116410,0.49451453,2.20822136,1.19224048,1.04725566,1.49504116,2.20716707,0.88929476,1.00874695,0.95949644,2.20742809,0.63913469,1.98288914,0.97687373,2.20533497,1.00356809,0.76579384,0.81037804,2.20472618,1.17524654,1.81856938,1.35985276,2.20444235,1.13938460,1.06012288,0.80728403,2.20685030,0.70939129,SD 02 80 FFFFFFFF 91F972 945AF7 7FEDB0 6104FC 5522B8 2ECF1D 7FF2CF 59B5A7 524ECA 674CC9 7FEAFC 49748B 503AD0 4D7F9B 7FECEC 396D6C 791119 4E78C7 7FDD61 4FF24C 41E11A 44AF8A 7FD8DB 58DFF3 739024 61846C 7FD6BF 5715DC 52FDC0 447E5E 7FE8A2 3E34C8 7CD7AE 000FFF 02 0DC395,2026-07-22T19:39:57.542+00:00,serial_request_midpoint,354.6196,True,matched,89.5534,89.5534,2026-07-22T19:39:57.631+00:00,75.628969,1784749197563.2,2270,False,,,,,,,,,,,,,,False,,,,,,,,,,,,,,True,0.32967889188704025,-13.878223657733596,-4.938876653394891,50.535534448316795,0.02421320630446986,-0.5340488779630436,-3.0665626545179396,-8.038693028570083,-27.45455987880597,-24.12783043526136,0.2675762280278348,0.214365626258375,1.6855233332667934,False,,,,,,,,,,,,,,False,,,,,,,,,,,,,,False,,,,,,,,,,,,,,True,0.12705790362461322,-41.97211296918055,6.532906053560447,72.43661273546545,-0.0828674194436523,-0.018943533196853685,1.4806246528513525,5.329070518200751e-16,0.0,0.0,0.0,0.0,0.0,True,2,0.3296788918870334,-14.179247054796383,-3.210974826456347,55.2752035059965,2.8261409442950765,0.03390498368189364,0.05757911243609143,-6.527297724151859,-27.32268554038769,-19.30714417933342,2.20460589095322,-1.949948738068369,-0.29373752298582434,True,-13.622541351869817,-33.754416387028265,73.50593500883,-37.56867413148071,-31.78362303020136,-2.511183290397912
2026-07-22T19:39:58.275+00:00,122.400000,90204.800000,1.219165,4095,2,02,80,FFFFFFFF,32,2.93193891,3.04586508,2.20717864,1.34862968,1.10114399,0.49451295,2.20498902,1.19219615,1.04728742,1.49504745,2.20463472,0.88929528,1.00871593,0.95951270,2.20489492,0.63912593,1.98295362,0.97686606,2.20702867,1.00358286,0.76579982,0.81035639,2.20787601,1.17523325,1.81855319,1.35981082,2.20776021,1.13933226,1.06011365,0.80724720,2.20766283,0.70937037,SD 02 80 FFFFFFFF 91F8B2 945B40 7FEB12 610478 552274 2ECF15 7FDACF 59B519 524F39 674CDA 7FD82D 49748D 503A61 4D7FD7 7FDA1C 396D44 7911A1 4E78AB 7FE9F5 4FF281 41E133 44AF32 7FF03F 58DFC8 738FFF 6183F2 7FEF63 57152F 52FDA0 447DC8 7FEEAA 3E346D 7CD7B0 000FFF 02 0DC3A0,2026-07-22T19:39:58.097+00:00,serial_request_midpoint,356.0908,True,matched,71.8788,71.8788,2026-07-22T19:39:58.169+00:00,76.166811,1784749198096.597,2286,False,,,,,,,,,,,,,,False,,,,,,,,,,,,,,True,0.2488234083485002,-13.643025920609698,-3.703147360962704,50.505267067757295,0.03917099282861133,-0.5309918430858696,-3.0652295829057827,-6.693208090037008,-27.59423821987002,-24.231186223148068,0.25691007484623646,0.2179980198170719,1.6889305537498616,False,,,,,,,,,,,,,,False,,,,,,,,,,,,,,False,,,,,,,,,,,,,,True,0.11049608750426419,-42.00802120384336,6.535899475023269,72.50482082970827,-0.0852671874754511,-0.017957922814226004,1.479176183477968,1.3322676295501878e-16,0.0,0.0,0.0,0.0,0.0,True,2,0.24882340834849806,-13.993201257170819,-1.9853988402265732,55.24525023204795,2.827670378063391,0.03650602830316085,0.07133993202429996,-5.207192807529845,-27.417202768904964,-19.40406076653909,2.206289487063025,-1.9455264043290432,-0.27939150043205274,True,-13.501814625353731,-32.56194255153444,73.42229148140146,-36.31600197969079,-31.87120749004281,-2.731474027634249
2026-07-22T19:39:58.834+00:00,123.000000,90205.400000,1.217945,4095,2,02,80,FFFFFFFF,32,2.93218922,3.04575482,2.20748862,1.34864266,1.10119130,0.49452005,2.20572514,1.19219521,1.04726911,1.49501117,2.20480766,0.88927922,1.00870057,0.95950837,2.20472040,0.63913338,1.98308450,0.97684031,2.20454379,1.00356642,0.76580149,0.81036918,2.20470043,1.17522305,1.81861141,1.35985791,2.20461633,1.13934678,1.06007414,0.80728280,2.20466731,0.70938761,SD 02 80 FFFFFFFF 91FA11 945AAC 7FED5F 61049E 552314 2ECF39 7FE047 59B516 524EF9 674C78 7FD976 49744F 503A2A 4D7FC7 7FD8D0 396D66 7912B5 4E784D 7FD780 4FF246 41E13A 44AF66 7FD8AA 58DFA7 739084 61847B 7FD80A 57155F 52FD17 447E59 7FD86B 3E34B8 7CB7B0 000FFF 02 0DC3A6,2026-07-22T19:39:58.655+00:00,serial_request_midpoint,357.7838,True,matched,56.2916,56.2916,2026-07-22T19:39:58.711+00:00,76.708549,1784749198629.994,2302,False,,,,,,,,,,,,,,False,,,,,,,,,,,,,,True,0.3256994911798063,-13.496878927341319,-2.496379672802099,50.53388231935081,0.03654423873348308,-0.5325511452380264,-3.0631875681091683,-5.504162190588818,-27.669862048372618,-24.0772235398555,0.2598375073255329,0.22073085967554892,1.6912184318795342,False,,,,,,,,,,,,,,False,,,,,,,,,,,,,,False,,,,,,,,,,,,,,True,0.06052467300572258,-42.00124059335927,6.534962838723314,72.47849393671171,-0.0825044675501369,-0.018603463066440146,1.4782793482110037,4.2188474935755947e-16,5.684341886080802e-15,0.0,0.0,0.0,0.0,True,2,0.3256994911797951,-13.84039394339077,-0.7731638714482412,55.272368084074586,2.826499521127809,0.03902328361312478,0.06888559194328892,-4.0021063024742585,-27.490265952483718,-19.25516008547222,2.2069026090713892,-1.9408402184977795,-0.2828833894374061,True,-13.269432020427839,-31.326010066617687,73.48689268915265,-35.04198944933388,-32.02979696169555,-2.477507473206947
2026-07-22T19:39:59.391+00:00,124.100000,90206.500000,1.217945,4095,2,02,80,FFFFFFFF,32,2.93203090,3.04576525,2.20464997,1.34860509,1.10130278,0.49452518,2.20514517,1.19218148,1.04727855,1.49508226,2.20720969,0.88927119,1.00874108,0.95952110,2.20488231,0.63914432,1.98296453,0.97682360,2.20428836,1.00355751,0.76578907,0.81037878,2.20715181,1.17525551,1.81855231,1.35980223,2.20756230,1.13935374,1.06003348,0.80729139,2.20736915,0.70937911,SD 02 80 FFFFFFFF 91F933 945ABA 7FD84A 610430 55248D 2ECF53 7FDBF8 59B4EA 524F1A 674D38 7FEB4D 497430 503ABB 4D7FF6 7FDA04 396D98 7911B8 4E7810 7FD59A 4FF226 41E106 44AF8D 7FEADF 58E010 738FFD 6183D9 7FEDEB 571576 52FC8A 447E7C 7FEC7C 3E3493 7CB7B0 000FFF 02 0DC3B1,2026-07-22T19:39:59.212+00:00,serial_request_midpoint,356.0239,True,matched,37.26575,37.26575,2026-07-22T19:39:59.248+00:00,77.246733,1784749199196.707,2319,False,,,,,,,,,,,,,,False,,,,,,,,,,,,,,True,0.3623805229298622,-13.474974524178037,-1.1086492095619185,50.46906983925602,0.04161544844746531,-0.5343290100468966,-3.05492729443888,-4.2558267130728185,-27.521635841055154,-24.24393108425994,0.26262979774763606,0.22365443417585942,1.6958406073203438,False,,,,,,,,,,,,,,False,,,,,,,,,,,,,,False,,,,,,,,,,,,,,True,0.21821933029007698,-42.05008986610554,6.540571268095341,72.56596790385842,-0.08343742916585688,-0.022234086519621374,1.4816606803809198,2.886579864025407e-16,0.0,0.0,0.0,0.0,0.0,True,2,0.3623805229298718,-13.842058687782659,0.6214966324617714,55.20326117547946,2.824304444339446,0.050219799844268144,0.07344754937034974,-2.7386278483813022,-27.336620098253434,-19.42681578506805,2.209760463954176,-1.933540137263162,-0.28607765125246454,True,-13.056805939733636,-29.887856183749157,73.48259605369076,-33.699699305887435,-32.036220398760804,-2.5479199103131465
2026-07-22T19:39:59.946+00:00,124.700000,90207.100000,1.217334,4095,2,02,80,FFFFFFFF,32,2.93199596,3.04576301,2.20504107,1.34856172,1.10124187,0.49450959,2.20758599,1.19222737,1.04727884,1.49502968,2.20748178,0.88925901,1.00873074,0.95951622,2.20537493,0.63914082,1.98297733,0.97681237,2.20459110,1.00356280,0.76577617,0.81034802,2.20685504,1.17521811,1.81854575,1.35984691,2.20731810,1.13934497,1.06005482,0.80727151,2.20767441,0.70936945,SD 02 80 FFFFFFFF 91F902 945AB7 7FDB32 6103B1 5523BF 2ECF04 7FEE18 59B57D 524F1B 674CAA 7FED52 497401 503A96 4D7FE4 7FDDAD 396D88 7911D3 4E77E7 7FD7DA 4FF239 41E0D0 44AF10 7FE8AB 58DF97 738FEE 61845B 7FEC1B 571559 52FCD4 447E2B 7FEEC0 3E3469 7CA7B0 000FFF 02 0DC3B7,2026-07-22T19:39:59.769+00:00,serial_request_midpoint,356.1094,True,matched,21.3096,21.3096,2026-07-22T19:39:59.790+00:00,77.787335,1784749199730.059,2335,False,,,,,,,,,,,,,,False,,,,,,,,,,,,,,True,0.2303000734293551,-13.29379287321865,-0.03455930133869002,50.35894774854695,0.06281187867080203,-0.5452220758222575,-3.049047035025333,-3.2815431585155594,-27.600444006398696,-24.039703632322663,0.25716656363562895,0.24588491025216966,1.6966638837524821,False,,,,,,,,,,,,,,False,,,,,,,,,,,,,,False,,,,,,,,,,,,,,True,0.10168339422073931,-41.95672258852742,6.525372547838718,72.40127384746117,-0.07805741172051597,-0.022276378445761982,1.483049264982459,-8.881784197001253e-17,0.0,1.1368683772161604e-14,0.0,0.0,0.0,True,2,0.230300073429378,-13.732686575119242,1.727991172257124,55.0750384474704,2.816207546639551,0.05559156138099981,0.09281744845035708,-1.7212554059000396,-27.324738910694883,-19.240723306956237,2.197732936296776,-1.9188339497641178,-0.27714538462108457,True,-13.011928672117122,-28.64179177609459,73.58795573371717,-32.505157826430896,-31.864736273109372,-1.9980120803349224
2026-07-22T19:40:00.505+00:00,125.900000,90208.300000,1.219165,4095,2,02,80,FFFFFFFF,32,2.93196387,3.04580846,2.20722969,1.34860577,1.10125044,0.49453425,2.20806974,1.19216712,1.04724994,1.49506189,2.20775810,0.88925228,1.00870308,0.95951324,2.20794655,0.63913863,1.98299487,0.97681840,2.20529501,1.00358731,0.76578238,0.81038444,2.20686977,1.17523294,1.81847790,1.35986650,2.20509259,1.13932379,1.06005713,0.80728427,2.20500112,0.70937704,SD 02 80 FFFFFFFF 91F8D5 945AF4 7FEB73 610432 5523DC 2ECF81 7FF1AF 59B4BC 524EB6 674D01 7FEF5F 4973E7 503A33 4D7FD9 7FF0C5 396D7E 7911F8 4E77FD 7FDD15 4FF291 41E0EA 44AFA4 7FE8C7 58DFC7 738F53 618494 7FDB94 571513 52FCDC 447E5F 7FDAE6 3E348A 7CD7B0 000FFF 02 0DC3C3,2026-07-22T19:40:00.326+00:00,serial_request_midpoint,358.4257,True,matched,4.17105,4.17105,2026-07-22T19:40:00.329+00:00,78.327623,1784749200263.429,2351,False,,,,,,,,,,,,,,False,,,,,,,,,,,,,,True,0.2952634517398438,-13.405944091059519,1.3223661104835025,50.24177581920643,0.02539600440584308,-0.5475909866151875,-3.0572943695744423,-1.9016714887849566,-27.337306077717166,-24.311565228394606,0.2807419715539095,0.22513004216109006,1.6909146438329516,False,,,,,,,,,,,,,,False,,,,,,,,,,,,,,False,,,,,,,,,,,,,,True,0.11237223337870868,-42.020066970061336,6.537190366875282,72.51360649683298,-0.08075014629062487,-0.02520693216347353,1.4814647115691588,-4.440892098500626e-16,0.0,-1.1368683772161604e-14,0.0,0.0,0.0,True,2,0.295263451739656,-13.717699455732916,3.0938709637810744,54.96462459425269,2.816477959961409,0.04365542956692489,0.05845400669585615,-0.3205269685820439,-27.202430067508622,-19.51338725413,2.203272527019183,-1.9350045888000837,-0.30968005319524855,True,-12.951305998933805,-27.267707342336802,73.48916287629892,-31.0809023827188,-31.89886548642272,-2.270588366783181
2026-07-22T19:40:01.061+00:00,126.400000,90208.800000,1.219165,4095,2,02,80,FFFFFFFF,32,2.93210007,3.04578909,2.20462369,1.34858426,1.10121673,0.49453504,2.20686661,1.19220458,1.04726653,1.49504227,2.20745546,0.88927222,1.00868073,0.95948994,2.20761967,0.63913316,1.98296785,0.97684223,2.20763704,1.00357951,0.76578692,0.81036844,2.20559999,1.17524623,1.81853787,1.35975893,2.20730652,1.13929989,1.06001646,0.80728476,2.20750020,0.70937129,SD 02 80 FFFFFFFF 91F994 945ADA 7FD818 6103F3 55236A 2ECF85 7FE8C1 59B534 524EF0 674CCC 7FED20 497434 5039E3 4D7F83 7FEE58 396D65 7911BF 4E7854 7FEE79 4FF275 41E0FD 44AF63 7FDF59 58DFF2 738FDC 61835B 7FEC05 5714C4 52FC4F 447E61 7FED75 3E3471 7CD7B0 000FFF 02 0DC3C8,2026-07-22T19:40:00.883+00:00,serial_request_midpoint,354.7869,True,matched,88.90715,88.90715,2026-07-22T19:40:00.970+00:00,78.969313,1784749200896.82,2370,False,,,,,,,,,,,,,,False,,,,,,,,,,,,,,True,0.18170365428386578,-13.244134685187088,2.8733382375251826,50.07814045299624,0.03387427268915474,-0.5500060239904286,-3.0552653939536154,-0.24276454591816674,-27.403509326408518,-24.165541494485815,0.27169147049892367,0.23246631016893782,1.6923842856945819,False,,,,,,,,,,,,,,False,,,,,,,,,,,,,,False,,,,,,,,,,,,,,True,0.08085593760556123,-41.956852135735375,6.515959760470932,72.3782709188608,-0.07930517708813005,-0.01961381185220858,1.4808324641793322,-3.9968028886505636e-16,5.684341886080802e-15,0.0,0.0,0.0,0.0,True,2,0.1817036542839239,-13.58451503516892,4.651965915737043,54.796333751904115,2.8145661014074026,0.0459068339236572,0.06620109383164256,1.3290902490076695,-27.217253283898923,-19.366030644772934,2.200782468847006,-1.9300527414663398,-0.2972324853709811,True,-12.840220438270084,-25.67668580830757,73.37562934906768,-29.4498479000243,-31.832221794265507,-2.1343636679961833
2026-07-22T19:40:01.619+00:00,127.600000,90210.000000,1.219165,4095,2,02,80,FFFFFFFF,32,2.93184265,3.04582038,2.20737231,1.34854122,1.10118953,0.49453346,2.20807026,1.19217180,1.04725452,1.49501006,2.20775810,0.88925694,1.00868045,0.95948588,2.20770073,0.63912703,1.98290526,0.97679977,2.20715654,1.00359706,0.76579289,0.81036918,2.20750704,1.17519616,1.81857551,1.35976477,2.20772178,1.13926963,1.06000752,0.80726979,2.20791181,0.70935934,SD 02 80 FFFFFFFF 91F82B 945B04 7FEC82 610375 55230E 2ECF7D 7FF1B0 59B4CB 524EC6 674C75 7FEF5F 4973F9 5039E2 4D7F74 7FEEF2 396D49 79113B 4E77B9 7FEAE8 4FF2B4 41E116 44AF66 7FED82 58DF50 739032 61836C 7FEF1A 571460 52FC30 447E24 7FF083 3E343D 7CD7B1 000FFF 02 0DC3D4,2026-07-22T19:40:01.440+00:00,serial_request_midpoint,357.4833,True,matched,77.76605,77.76605,2026-07-22T19:40:01.516+00:00,79.515059,1784749201463.538,2387,False,,,,,,,,,,,,,,False,,,,,,,,,,,,,,True,0.02433086855790397,-13.100311134321993,4.316053421196857,50.009587943656584,0.029924613815494768,-0.5470903370117908,-3.05631777192577,1.1321809440560595,-27.430297063883735,-24.285953234533743,0.2747681915815729,0.2295684401594474,1.6911285686079691,False,,,,,,,,,,,,,,False,,,,,,,,,,,,,,False,,,,,,,,,,,,,,True,0.059162054026255295,-41.99485532187071,6.525110165753138,72.45365040360527,-0.07844928211579709,-0.021858931974087774,1.4817636748015752,-3.552713678800501e-16,0.0,0.0,0.0,0.0,0.0,True,2,0.02433086855788551,-13.427461673947258,6.085894639104877,54.73201926663883,2.8166052034222897,0.045156765307686475,0.06260475273801809,2.7064056964898473,-27.263466510830746,-19.48650461955099,2.2011033288851736,-1.9328176613777506,-0.30152721426368917,True,-12.665116866950601,-24.27916258070398,73.25102153903805,-28.073334282289398,-31.883592751436062,-2.2576522174971387
2026-07-22T19:40:02.175+00:00,128.800000,90211.200000,1.217945,4095,2,02,80,FFFFFFFF,32,2.93207440,3.04572353,2.20740020,1.34858255,1.10121318,0.49453978,2.20771336,1.19216212,1.04723191,1.49498155,2.20786970,0.88923311,1.00869107,0.95947043,2.20738020,0.63914192,1.98292565,0.97681867,2.20749072,1.00358898,0.76579408,0.81038641,2.20780811,1.17518967,1.81853218,1.35971837,2.20763441,1.13926025,1.06000637,0.80723860,2.20553636,0.70935107,SD 02 80 FFFFFFFF 91F970 945A82 7FECB7 6103EE 55235E 2ECF9D 7FEF0A 59B4AC 524E77 674C28 7FF033 49739D 503A08 4D7F3B 7FEC91 396D8D 791166 4E77FE 7FED63 4FF297 41E11B 44AFAC 7FEFBE 58DF3B 738FCF 6182E5 7FEE74 571441 52FC2C 447DA5 7FDEE0 3E3419 7CB7B1 000FFF 02 0DC3E0,2026-07-22T19:40:01.998+00:00,serial_request_midpoint,355.5284,True,matched,59.856,59.856,2026-07-22T19:40:02.057+00:00,80.055014,1784749201996.919,2403,False,,,,,,,,,,,,,,False,,,,,,,,,,,,,,True,0.07151326949877149,-12.913859227558351,6.46578869870733,50.08313384361944,0.02782786237414934,-0.5444064257206602,-3.0593757994214106,3.298778983967199,-27.41212772023892,-23.943663031064098,0.2729631963595977,0.22883023889798956,1.6890702001556777,False,,,,,,,,,,,,,,False,,,,,,,,,,,,,,False,,,,,,,,,,,,,,True,0.07933689068274873,-41.91672866238837,6.513926601212364,72.31907177232947,-0.07654353780112311,-0.020530803922098946,1.481085407163441,8.881784197001253e-17,0.0,-1.1368683772161604e-14,0.0,0.0,0.0,True,2,0.07151326949879537,-13.231790004838984,8.226838496492935,54.80947986141153,2.818702935731224,0.04151853554147902,0.060737344570086726,4.866049693482876,-27.244301855006864,-19.14197373964014,2.199519765455405,-1.9357891935395226,-0.29934048757212334,True,-12.534342846317061,-22.178015261508698,73.26563737449513,-25.94949284614834,-31.784373792203485,-1.9558921756125869
2026-07-22T19:40:02.731+00:00,129.300000,90211.700000,1.220386,4095,2,02,80,FFFFFFFF,32,2.93190326,3.04583230,2.20467940,1.34853815,1.10119869,0.49451867,2.20497220,1.19214183,1.04732291,1.49504412,2.20697290,0.88925901,1.00866285,0.95949265,2.20756756,0.63914476,1.98298492,0.97679977,2.20522088,1.00359121,0.76577665,0.81036426,2.20726705,1.17517206,1.81851817,1.35977680,2.20753072,1.13925390,1.06001329,0.80726684,2.20764862,0.70934463,SD 02 80 FFFFFFFF 91F880 945B14 7FD882 61036C 55232D 2ECF32 7FDAAF 59B46B 524FB5 674CD1 7FE98B 497401 5039A3 4D7F8D 7FEDF5 396D9A 7911E3 4E77B9 7FDC88 4FF29F 41E0D2 44AF52 7FEBBA 58DF02 738FAF 61838F 7FEDAF 57142C 52FC44 447E18 7FEE8F 3E33FD 7CF7B1 000FFF 02 0DC3E5,2026-07-22T19:40:02.554+00:00,serial_request_midpoint,354.946,True,matched,43.7294,43.7294,2026-07-22T19:40:02.597+00:00,80.595331,1784749202530.217,2419,False,,,,,,,,,,,,,,False,,,,,,,,,,,,,,True,0.0432527256842911,-12.817998064233867,8.336530726790054,50.12704133939464,0.01713556799544087,-0.5359713467460433,-3.0617894515589605,5.074189368108904,-27.396552415262363,-23.8093479125503,0.2753350816550576,0.22190946249641358,1.686934843145847,False,,,,,,,,,,,,,,False,,,,,,,,,,,,,,False,,,,,,,,,,,,,,True,0.168324575054425,-41.919970120627696,6.5179732437734925,72.3300051306624,-0.07336442944370775,-0.021169913236691755,1.4823763992196446,8.881784197001252e-16,0.0,0.0,0.0,0.0,0.0,True,2,0.04325272568433223,-13.100580842552882,10.072133416383888,54.86503177017761,2.8244778805463446,0.04014271033564066,0.0509830776536796,6.630754889367805,-27.2603538627342,-19.00317721466241,2.201330841066838,-1.9422530274867382,-0.3031209064101509,True,-12.340187840822727,-20.435282032934158,73.14865066299471,-24.23953622620513,-31.794541816102697,-1.9140701351378766
2026-07-22T19:40:03.288+00:00,130.400000,90212.800000,1.219165,4095,2,02,80,FFFFFFFF,32,2.93202092,3.04583006,2.20739125,1.34859485,1.10120490,0.49452636,2.20801499,1.19219240,1.04734981,1.49506263,2.20786338,0.88928725,1.00866815,0.95949021,2.20775863,0.63912615,1.98291332,0.97680443,2.20790865,1.00357394,0.76579050,0.81037115,2.20543592,1.17519864,1.81859477,1.35977611,2.20715917,1.13928627,1.06000608,0.80726954,2.20758757,0.70936256,SD 02 80 FFFFFFFF 91F925 945B11 7FECA6 610412 552342 2ECF59 7FF147 59B50D 525013 674D03 7FF027 49746E 5039B6 4D7F84 7FEF60 396D45 79114C 4E77CA 7FF07D 4FF261 41E10C 44AF6E 7FDE21 58DF58 73905E 61838D 7FEAED 571497 52FC2B 447E23 7FEE1B 3E344B 7CD7B1 000FFF 02 0DC3F0,2026-07-22T19:40:03.110+00:00,serial_request_midpoint,356.8219,True,matched,30.91285,30.91285,2026-07-22T19:40:03.140+00:00,81.138642,1784749203063.522,2435,False,,,,,,,,,,,,,,False,,,,,,,,,,,,,,True,0.13487813380196947,-12.334363900407391,9.777745643121511,49.97315996817981,0.031804880401661684,-0.5301003051945207,-3.053037149872599,6.684026637619856,-27.733889090034985,-23.863451225919032,0.2614520240809988,0.22506701537847926,1.6980919866620707,False,,,,,,,,,,,,,,False,,,,,,,,,,,,,,False,,,,,,,,,,,,,,True,0.17815780844274973,-41.90091657240399,6.511547371048297,72.29937846805448,-0.07556035320548944,-0.017665467875368532,1.4810007347934708,-7.993605777301127e-16,0.0,0.0,0.0,0.0,0.0,True,2,0.1348781338019184,-12.672315136808106,11.496363016517128,54.713715417161964,2.826933988598889,0.053944920233031025,0.064402534460003,8.200405926543535,-27.53907436637985,-19.046464226272168,2.211239656605427,-1.9303735223067642,-0.28433669036708226,True,-11.715428122154227,-19.053814923264888,72.91652590952802,-22.750269520758774,-32.293578296590944,-2.1638786285174887
2026-07-22T19:40:03.845+00:00,131.000000,90213.400000,1.217334,4095,2,02,80,FFFFFFFF,32,2.93217353,3.04601707,2.20765494,1.34864232,1.10121052,0.49449559,2.20771863,1.19215994,1.04725967,1.49503746,2.20785022,0.88924917,1.00870811,0.95951026,2.20754072,0.63912637,1.98293086,0.97681429,2.20731179,1.00356030,0.76578549,0.81034581,2.20791813,1.17518071,1.81852868,1.35980704,2.20766178,1.13920701,1.05997291,0.80726733,2.20780442,0.70934877,SD 02 80 FFFFFFFF 91F9FB 945C0C 7FEE9B 61049D 552355 2ECEBD 7FEF14 59B4A5 524ED8 674CBF 7FF00E 4973DB 503A45 4D7FCE 7FEDC2 396D46 791171 4E77EE 7FEC0F 4FF230 41E0F7 44AF07 7FF08F 58DF1E 738FC7 6183E7 7FEEA8 571391 52FBB8 447E1A 7FEFB7 3E340F 7CA7B1 000FFF 02 0DC3F6,2026-07-22T19:40:03.667+00:00,serial_request_midpoint,357.4137,True,matched,10.23365,10.23365,2026-07-22T19:40:03.676+00:00,81.675266,1784749203596.875,2451,False,,,,,,,,,,,,,,False,,,,,,,,,,,,,,True,0.11347778196867679,-12.406135345195642,11.250312187566156,49.61921460016254,-0.0007423674903326082,-0.5714139147955587,-3.0640775111065053,8.042269199814298,-27.47479753859642,-24.312272102047807,0.30219827065985383,0.22758474129173312,1.6765147616577527,False,,,,,,,,,,,,,,False,,,,,,,,,,,,,,False,,,,,,,,,,,,,,True,0.10766211120683988,-41.929489083719105,6.522761442599338,72.34917316626938,-0.07698621110404025,-0.021531834810156678,1.4833488429875819,-6.217248937900876e-16,0.0,-1.1368683772161604e-14,0.0,0.0,0.0,True,2,0.11347778196869189,-12.625346152535041,13.093717461487108,54.31969617863466,2.8025428879691443,0.027957025300907826,0.03458941342812076,9.703721998170852,-27.404408356248144,-19.539920122848116,2.1864014674781926,-1.9450889179725834,-0.33796742312943856,True,-12.004285382648472,-17.005913403390288,73.27221105266594,-20.83280252398938,-31.82149582950418,-1.831692569158281
2026-07-22T19:40:04.402+00:00,132.200000,90214.600000,1.217945,4095,2,02,80,FFFFFFFF,32,2.93235610,3.04601931,2.20745493,1.34870073,1.10120845,0.49450703,2.20773389,1.19218741,1.04731232,1.49503487,2.20765599,0.88927507,1.00872683,0.95948588,2.20790339,0.63912506,1.98291996,0.97680744,2.20762283,1.00360180,0.76579695,0.81036352,2.20768810,1.17522151,1.81847134,1.35982595,2.20748914,1.13925360,1.06001935,0.80726561,2.20797972,0.70936601,SD 02 80 FFFFFFFF 91FAFB 945C0F 7FED1F 610548 55234E 2ECEF7 7FEF31 59B4FD 524F90 674CB8 7FEE9D 49743F 503A88 4D7F74 7FF073 396D40 79115A 4E77D5 7FEE5E 4FF2C5 41E127 44AF4F 7FEEDA 58DFA2 738F44 61841E 7FED60 57142B 52FC59 447E13 7FF104 3E345A 7CB7B1 000FFF 02 0DC402,2026-07-22T19:40:04.225+00:00,serial_request_midpoint,356.1914,True,matched,28.4515,28.4515,2026-07-22T19:40:04.252+00:00,82.250816,1784749204196.881,2469,False,,,,,,,,,,,,,,False,,,,,,,,,,,,,,True,0.07847218196480069,-13.389436107803713,12.852419475803902,49.47893072274923,-0.03407019326379384,-0.5484057499867292,-3.0426502524604957,9.93879712304946,-26.30208053462162,-24.341186113284408,0.3035262392247205,0.19414582584577048,1.709033165288484,False,,,,,,,,,,,,,,False,,,,,,,,,,,,,,False,,,,,,,,,,,,,,True,0.13887236713744752,-41.96851805780152,6.520878792378151,72.41841933025403,-0.08512046076737813,-0.014848497800678213,1.4776582519759456,-3.552713678800501e-16,0.0,0.0,0.0,0.0,0.0,True,2,0.07847218196479419,-13.523858100032147,14.636430063484829,54.205447418543386,2.814569999067881,0.06308567565347764,0.003376770112260867,11.50125714451436,-26.320652045766316,-19.535034128081396,2.2389922519712773,-1.9316676193544007,-0.34138027176486235,True,-11.793208722028767,-15.660791357276509,72.77032128409726,-19.258168765540304,-32.01704067801628,-2.5945444962443047
2026-07-22T19:40:04.958+00:00,132.700000,90215.100000,1.218555,4095,2,02,80,FFFFFFFF,32,2.93252799,3.04618621,2.20739231,1.34880901,1.10118273,0.49449440,2.20562523,1.19218304,1.04739817,1.49502080,2.20483920,0.88924943,1.00870420,0.95951731,2.20482659,0.63914301,1.98292612,0.97680224,2.20696658,1.00365890,0.76579313,0.81037238,2.20787233,1.17530836,1.81859127,1.35994762,2.20772547,1.13932228,1.05999368,0.80726414,2.20773336,0.70938095,SD 02 80 FFFFFFFF 91FBEC 945CEF 7FECA8 610685 5522F7 2ECEB7 7FDF89 59B4EF 5250BC 674C92 7FD9B2 4973DC 503A37 4D7FE8 7FD99A 396D92 791167 4E77C2 7FE97F 4FF392 41E117 44AF73 7FF038 58E0BB 739056 618580 7FEF21 57150E 52FC00 447E0D 7FEF30 3E349B 7CC7B1 000FFF 02 0DC407,2026-07-22T19:40:04.781+00:00,serial_request_midpoint,355.3764,True,matched,20.3489,20.3489,2026-07-22T19:40:04.801+00:00,82.799479,1784749204730.194,2485,False,,,,,,,,,,,,,,False,,,,,,,,,,,,,,True,0.0794482172447523,-12.60801738553823,14.167614708427312,49.6007662171737,-0.057712200526249605,-0.5551407832657942,-3.0611687386312125,11.20096963552795,-27.019401215464292,-24.130443852523012,0.3189300169504677,0.18874976102568036,1.6873277805768616,False,,,,,,,,,,,,,,False,,,,,,,,,,,,,,False,,,,,,,,,,,,,,True,0.1030736972814304,-41.944324031729664,6.5223153528184765,72.3761606915131,-0.0803623952208854,-0.015757357823647265,1.4786348330336485,3.108624468950438e-16,0.0,1.1368683772161604e-14,0.0,0.0,0.0,True,2,0.079448217244736,-12.649675023064965,15.966516275874914,54.32336518018487,2.812522598981329,0.03459043972362924,-0.017659824983598707,12.804095289459351,-27.117226715879383,-19.338665322296528,2.2195329798771892,-1.9558682375880554,-0.3631607329528427,True,-11.378602087983882,-14.312891957708752,72.95433738642893,-17.92671343167615,-32.28911060336458,-2.1794017270398287
2026-07-22T19:40:05.517+00:00,133.900000,90216.300000,1.217945,4095,2,02,80,FFFFFFFF,32,2.93271772,3.04649471,2.20753388,1.34896512,1.10120431,0.49450407,2.20782074,1.19221176,1.04741734,1.49503153,2.20769231,0.88929476,1.00873102,0.95953952,2.20763494,0.63914739,1.98293560,0.97681867,2.20756178,1.00360709,0.76582036,0.81039280,2.20790602,1.17532814,1.81864292,1.36008959,2.20761757,1.13930594,1.06007414,0.80727126,2.20777495,0.70937106,SD 02 80 FFFFFFFF 91FCF6 945E8D 7FEDB5 61084E 552340 2ECEE8 7FEFD6 59B54B 5250FF 674CAF 7FEEE2 49748B 503A97 4D803A 7FEE75 396DA6 79117B 4E77FE 7FEDEA 4FF2D8 41E189 44AFC6 7FF078 58E0FB 7390CC 61871D 7FEE54 5714D8 52FD17 447E2A 7FEF7F 3E3470 7CB7B2 000FFF 02 0DC413,2026-07-22T19:40:05.338+00:00,serial_request_midpoint,357.5618,True,matched,5.4304,5.4304,2026-07-22T19:40:05.343+00:00,83.341248,1784749205263.53,2501,False,,,,,,,,,,,,,,False,,,,,,,,,,,,,,True,0.1385655482655411,-12.389050502153333,16.037946792156404,49.50694452260369,0.004463311350317339,-0.5642788354667276,-3.0456233743045815,13.067955123341672,-27.071503125034116,-24.203500672542127,0.29146603591730197,0.22483741140763958,1.7003139850288433,False,,,,,,,,,,,,,,False,,,,,,,,,,,,,,False,,,,,,,,,,,,,,True,0.09301639805942791,-41.962105836171986,6.526156229628848,72.4068881003908,-0.08134215627143287,-0.016022775516708394,1.4795871625344088,-4.4408920985006264e-17,0.0,-1.1368683772161604e-14,0.0,0.0,0.0,True,2,0.13856554826549486,-12.64308917829197,17.865445412125602,54.21188195576063,2.804725295776843,0.05566316039043988,0.03896549243358322,14.678837149830738,-26.960094665293234,-19.41462080803126,2.212514858070014,-1.9233314201931526,-0.3231789946887473,True,-11.422511517703125,-12.261231545802698,73.09215844683067,-15.92602604223544,-32.06885758533663,-2.013063258379236
2026-07-22T19:40:06.073+00:00,134.400000,90216.800000,1.217945,4095,2,02,80,FFFFFFFF,32,2.93300092,3.04679654,2.20753546,1.34903310,1.10119012,0.49449500,2.20819345,1.19219428,1.04745827,1.49500858,2.20756809,0.88929994,1.00875701,0.95954521,2.20714918,0.63915724,1.98292328,0.97684771,2.20751072,1.00364553,0.76578310,0.81039403,2.20743862,1.17532721,1.81859346,1.36013874,2.20526504,1.13931411,1.06006780,0.80725677,2.20497273,0.70938394,SD 02 80 FFFFFFFF 91FE83 946022 7FEDB8 610915 552310 2ECEBA 7FF29A 59B513 52518E 674C71 7FEDF6 49749F 503AF4 4D804F 7FEADA 396DD3 791161 4E7868 7FED89 4FF362 41E0ED 44AFCB 7FED00 58E0F8 73905B 6187AC 7FDCDC 5714F3 52FD01 447DEF 7FDAB0 3E34A8 7CB7B2 000FFF 02 0DC418,2026-07-22T19:40:05.895+00:00,serial_request_midpoint,355.9348,True,matched,0.3818,0.3818,2026-07-22T19:40:05.895+00:00,83.893093,1784749205830.22,2518,False,,,,,,,,,,,,,,False,,,,,,,,,,,,,,True,0.1522150350874003,-12.638354381460772,18.063728140554026,49.53011622480032,-0.013050982485953135,-0.5489759375561547,-3.043582611712745,14.775809191411426,-26.635545198735155,-24.295914853863515,0.30300611704360414,0.2112000471458148,1.702058774977168,False,,,,,,,,,,,,,,False,,,,,,,,,,,,,,False,,,,,,,,,,,,,,True,0.14894070955163247,-41.9759616315839,6.53275185934878,72.43010903529816,-0.07780388849682747,-0.024559814483233734,1.4831252284685543,8.881784197001253e-17,0.0,0.0,0.0,0.0,0.0,True,2,0.15221503508736287,-12.839526862108446,19.847131968439463,54.25449171833144,2.8142795218542007,0.06214975550584685,0.022786753632043303,16.385592658890303,-26.600857337108806,-19.505495527306472,2.2218530700857673,-1.928323182342749,-0.33937056869965576,True,-11.312788370407075,-10.448888172500457,72.8392044664443,-14.227170612025295,-31.96166648875657,-2.1938877195192616
2026-07-22T19:40:06.631+00:00,135.600000,90218.000000,1.215504,4095,2,02,80,FFFFFFFF,32,2.93276408,3.04656848,2.20696606,1.34903856,1.10125547,0.49449519,2.20555213,1.19222019,1.04748574,1.49506486,2.20500795,0.88931445,1.00879697,0.95953709,2.20481975,0.63917060,1.98305557,0.97687455,2.20478926,1.00367533,0.76580985,0.81039330,2.20482185,1.17533494,1.81862279,1.36009509,2.20466468,1.13931986,1.06011827,0.80725800,2.20492647,0.70939888,SD 02 80 FFFFFFFF 91FD37 945EF0 7FE97E 610925 5523ED 2ECEBB 7FDEFE 59B566 5251EE 674D09 7FDAF3 4974D7 503B83 4D8031 7FD98D 396E10 791278 4E78CA 7FD953 4FF3CD 41E15D 44AFC8 7FD991 58E111 73909E 61872D 7FD866 571506 52FDB0 447DF4 7FDA58 3E34E9 7C77B2 000FFF 02 0DC424,2026-07-22T19:40:06.453+00:00,serial_request_midpoint,358.3339,True,matched,89.41905,89.41905,2026-07-22T19:40:06.541+00:00,84.539742,1784749206463.572,2537,False,,,,,,,,,,,,,,False,,,,,,,,,,,,,,True,0.14009037567658233,-12.572746925964783,17.901437103135432,49.27710706057634,-0.06260648563632419,-0.5584047706544689,-3.0440863873396973,14.571044780043445,-26.696383839920564,-24.535007692488286,0.33556335714573116,0.19314007634037197,1.6979062671554517,False,,,,,,,,,,,,,,False,,,,,,,,,,,,,,False,,,,,,,,,,,,,,True,0.10793318385098409,-41.955079395518986,6.533178142108772,72.3946347273594,-0.07614306542175538,-0.025619352905611684,1.4835964715764534,5.329070518200751e-16,0.0,0.0,0.0,0.0,0.0,True,2,0.14009037567654342,-12.613209991680087,19.717611439704662,53.99310076764383,2.8083072105676457,0.05750832301963512,-0.022742482356002833,16.23613287038193,-26.81654494102054,-19.764916908572822,2.2269039681900518,-1.938342018554629,-0.38382993035058754,True,-10.763598943198454,-10.466972450438996,72.72919291836627,-14.21375685085992,-32.47880980336634,-2.2630802242415826
2026-07-22T19:40:07.187+00:00,136.800000,90219.200000,1.217945,4095,2,02,80,FFFFFFFF,32,2.93283613,3.04651930,2.20466626,1.34902729,1.10126671,0.49449539,2.20500532,1.19221457,1.04740275,1.49508707,2.20702762,0.88932481,1.00879333,0.95954901,2.20746178,0.63915374,1.98307881,0.97685072,2.20526925,1.00366502,0.76580937,0.81038714,2.20743546,1.17534267,1.81851292,1.36007343,2.20518880,1.13929565,1.06011452,0.80725014,2.20505842,0.70937428,SD 02 80 FFFFFFFF 91FD9C 945EAE 7FD869 610904 552413 2ECEBC 7FDAEE 59B554 5250CC 674D45 7FE9F3 4974FF 503B76 4D805D 7FED2C 396DC3 7912A9 4E7873 7FDCE4 4FF3A8 41E15B 44AFAF 7FECFA 58E12A 738FA3 6186EE 7FDC4B 5714B6 52FDA3 447DD4 7FDB53 3E347E 7CB7B2 000FFF 02 0DC430,2026-07-22T19:40:07.009+00:00,serial_request_midpoint,355.6876,True,matched,82.0381,82.0381,2026-07-22T19:40:07.091+00:00,85.089584,1784749207030.246,2554,False,,,,,,,,,,,,,,False,,,,,,,,,,,,,,True,0.1629717815236394,-12.592047781237413,17.734399870355965,49.183295169853245,-0.06777249227920297,-0.5657991679733837,-3.0410798321696544,14.601628684860653,-26.67433433843589,-24.635800237616486,0.3378709662102513,0.19092234166369482,1.7021622664982454,False,,,,,,,,,,,,,,False,,,,,,,,,,,,,,False,,,,,,,,,,,,,,True,0.11484553496510178,-41.9937212092252,6.5379565584255825,72.46057127324723,-0.08045178674041675,-0.021687584739087145,1.481030547905303,-6.217248937900876e-16,0.0,1.1368683772161604e-14,0.0,0.0,0.0,True,2,0.16297178150479802,-12.61794462693968,19.57454652197632,53.89009084286531,2.803189820605041,0.0595877062755606,-0.027500525115590424,16.26678749098401,-26.804578717073518,-19.865997473791218,2.232415780340088,-1.93468414220495,-0.38684453973565447,True,-10.672879475211769,-10.512310711231871,72.77312709544476,-14.162784841990582,-32.64237342771497,-2.3865067695166315
2026-07-22T19:40:07.744+00:00,137.300000,90219.700000,1.220386,4095,2,02,80,FFFFFFFF,32,2.93266351,3.04655358,2.20473670,1.34891353,1.10117356,0.49449283,2.20697763,1.19212685,1.04737012,1.49503376,2.20508839,0.88925279,1.00878886,0.95951433,2.20495958,0.63914586,1.98306505,0.97686223,2.20689555,1.00366920,0.76581701,0.81037902,2.20757283,1.17529260,1.81854662,1.36002221,2.20768810,1.13928748,1.06010125,0.80726463,2.20786812,0.70937451,SD 02 80 FFFFFFFF 91FCAA 945EDC 7FD8EF 6107B7 5522D8 2ECEAF 7FE994 59B43B 52505A 674CB5 7FDB8C 4973E9 503B66 4D7FDD 7FDA97 396D9F 79128C 4E789D 7FE8F8 4FF3B7 41E17B 44AF8E 7FEDFF 58E088 738FF0 618659 7FEEDA 57149B 52FD75 447E0F 7FF030 3E347F 7CF7B2 000FFF 02 0DC435,2026-07-22T19:40:07.567+00:00,serial_request_midpoint,355.9713,True,matched,72.24425,72.24425,2026-07-22T19:40:07.638+00:00,85.636372,1784749207563.541,2570,False,,,,,,,,,,,,,,False,,,,,,,,,,,,,,True,0.19177568660050992,-12.11690436165815,17.610418318602395,49.211230972288135,-0.04974835932445268,-0.5676926246589239,-3.022914528147293,14.459051896439169,-27.191212874893285,-24.5557546953683,0.33085275652030566,0.20511294052450232,1.7184162959455294,False,,,,,,,,,,,,,,False,,,,,,,,,,,,,,False,,,,,,,,,,,,,,True,0.12860253607165725,-41.96326122375826,6.529236615188067,72.40204212944414,-0.07805374780237366,-0.021480837505963957,1.4822297431426732,-8.881784197001253e-17,0.0,0.0,0.0,0.0,0.0,True,2,0.19177568660045338,-12.21714910361674,19.462039116293447,53.91252595667066,2.7995899032933007,0.08518916557366338,-0.011552559385168235,16.135649670177866,-27.239852999750088,-19.788430796128704,2.240639081777862,-1.909291773073964,-0.3752691563423971,True,-9.832368747632904,-10.530934676211842,72.89424506922612,-14.147213781664973,-33.44816778515664,-2.182286317155126
2026-07-22T19:40:08.300+00:00,138.400000,90220.800000,1.218555,4095,2,02,80,FFFFFFFF,32,2.93244882,3.04646341,2.20736020,1.34891319,1.10113394,0.49449500,2.20525347,1.19216899,1.04738271,1.49502228,2.20731126,0.88926704,1.00875002,0.95952679,2.20722127,0.63912440,1.98291095,0.97684908,2.20738231,1.00365249,0.76582012,0.81035910,2.20553636,1.17526200,1.81859127,1.35994418,2.20721338,1.13926509,1.06007703,0.80726193,2.20767125,0.70935658,SD 02 80 FFFFFFFF 91FB7D 945E63 7FEC6B 6107B6 552252 2ECEBA 7FDCC6 59B4C2 525086 674C96 7FEC0E 497420 503ADB 4D800B 7FEB63 396D3D 791147 4E786D 7FEC95 4FF37B 41E188 44AF3D 7FDEE0 58E025 739056 618576 7FEB54 571451 52FD21 447E04 7FEEBA 3E3431 7CC7B3 000FFF 02 0DC440,2026-07-22T19:40:08.123+00:00,serial_request_midpoint,355.6851,True,matched,66.14205,66.14205,2026-07-22T19:40:08.190+00:00,86.186923,1784749208130.178,2587,False,,,,,,,,,,,,,,False,,,,,,,,,,,,,,True,0.23323963679888823,-11.136859790164486,17.146511575254504,49.37720446782161,-0.0354527355543524,-0.556636639370254,-2.9957713567004327,14.111114862253666,-28.219893592485924,-24.452962610080725,0.3196378470838623,0.20980600064125848,1.7486348779086187,False,,,,,,,,,,,,,,False,,,,,,,,,,,,,,False,,,,,,,,,,,,,,True,0.04452389643413552,-41.966095336542224,6.529470933270329,72.40479707037922,-0.07779871574312938,-0.020876477395726404,1.4813183155142828,4.4408920985006264e-17,0.0,0.0,0.0,0.0,0.0,True,2,0.2332396367988657,-11.308539565757556,18.97240351151278,54.086489795692614,2.8024646661620585,0.12650467348410727,0.0007135367980257084,15.754118869165456,-28.196156775412827,-19.673768326069172,2.2683073743055746,-1.8753010162931356,-0.3586464103064412,True,-8.089556598496083,-11.023576165226975,72.93988913430644,-14.451963354078305,-35.24319777611549,-2.252427258596742
2026-07-22T19:40:08.857+00:00,139.000000,90221.400000,1.216724,4095,2,02,80,FFFFFFFF,32,2.93223914,3.04619366,2.20746335,1.34888655,1.10111767,0.49449953,2.20788654,1.19214339,1.04734465,1.49500710,2.20538019,0.88927430,1.00876064,0.95950132,2.20492699,0.63913403,1.98294935,0.97686113,2.20706393,1.00368118,0.76578525,0.81036967,2.20742441,1.17524623,1.81855757,1.35986341,2.20756546,1.13926298,1.06008914,0.80726979,2.20784074,0.70937175,SD 02 80 FFFFFFFF 91FA57 945CF9 7FED2F 610768 55221B 2ECED1 7FF053 59B470 525001 674C6D 7FDDB7 49743C 503B01 4D7FAD 7FDA59 396D69 791198 4E7899 7FEA38 4FF3E2 41E0F6 44AF68 7FECE5 58DFF2 739009 61848B 7FEDF1 57144A 52FD4B 447E24 7FEFFC 3E3473 7C97B3 000FFF 02 0DC446,2026-07-22T19:40:08.680+00:00,serial_request_midpoint,356.4749,True,matched,55.22125,55.22125,2026-07-22T19:40:08.735+00:00,86.733021,1784749208663.527,2603,False,,,,,,,,,,,,,,False,,,,,,,,,,,,,,True,0.22271786549184971,-10.584911201619644,16.755143346088822,49.58066328784526,-0.026665232305040837,-0.5629139804728714,-2.984801764058857,13.771131393011512,-28.75779571581383,-24.362951164705862,0.32093718857523507,0.21827929671057736,1.7592395243625716,False,,,,,,,,,,,,,,False,,,,,,,,,,,,,,False,,,,,,,,,,,,,,True,0.1460889360137574,-41.964226225997685,6.530006866658546,72.40594392813043,-0.07850063418462007,-0.02293284396019552,1.4803191235674422,-3.9968028886505636e-16,0.0,0.0,0.0,0.0,0.0,True,2,0.22271786549079572,-10.79536377985713,18.602453986771245,54.28001145399188,2.796629190524745,0.1403306956606697,0.008629223093846092,15.436607451541487,-28.69951911487035,-19.591838777245595,2.273537044188106,-1.8580046799996237,-0.35888309740811186,True,-7.333133259568646,-11.263347483392176,73.29627231414301,-14.5999405972425,-36.049101613620245,-2.003185243239386
2026-07-22T19:40:09.415+00:00,140.200000,90222.600000,1.219165,4095,2,02,80,FFFFFFFF,32,2.93220705,3.04626966,2.20720338,1.34885683,1.10118154,0.49450427,2.20762915,1.19213621,1.04734866,1.49504079,2.20775968,0.88924684,1.00874667,0.95951514,2.20752651,0.63911345,1.98291142,0.97684470,2.20744651,1.00369761,0.76578381,0.81038025,2.20544013,1.17524592,1.81860134,1.35985482,2.20482133,1.13921124,1.06004299,0.80724671,2.20680610,0.70935497,SD 02 80 FFFFFFFF 91FA2A 945D5F 7FEB41 610711 5522F3 2ECEE9 7FEE6A 59B459 52500F 674CC8 7FEF62 4973D2 503ACF 4D7FE0 7FEDA7 396D0B 791148 4E785D 7FED0F 4FF41D 41E0F0 44AF93 7FDE29 58DFF1 73906D 618472 7FD990 57139F 52FCAB 447DC6 7FE84E 3E342A 7CD7B1 000FFF 02 0DC452,2026-07-22T19:40:09.237+00:00,serial_request_midpoint,354.4015,True,matched,66.73845,66.73845,2026-07-22T19:40:09.303+00:00,87.301233,1784749209230.185,2620,False,,,,,,,,,,,,,,False,,,,,,,,,,,,,,True,0.11966238384974716,-11.093904041943484,15.21524874897563,49.655058179677425,-0.056079385494251434,-0.5484530337640888,-2.9983122171018692,12.19615396845766,-28.420096454271857,-24.37927303872301,0.327811727494021,0.19133952262402423,1.7474886039355864,False,,,,,,,,,,,,,,False,,,,,,,,,,,,,,False,,,,,,,,,,,,,,True,0.14478231489469714,-41.99906109116132,6.530323254726215,72.46383598366256,-0.08083841816690658,-0.0219628170702271,1.4819128211866388,3.108624468950438e-16,0.0,1.1368683772161604e-14,0.0,0.0,0.0,True,2,0.1196623838496291,-11.195982064376697,17.018483001076408,54.375084585225395,2.808020626472328,0.124424544454563,-0.018523322558729623,13.817111657877188,-28.482270623441273,-19.592901396081448,2.2779217844152653,-1.886609848946201,-0.37120666712510986,True,-7.844285380782705,-13.082461703545823,73.03709337213279,-16.49888422358564,-35.685148050611645,-2.428104129103974
2026-07-22T19:40:09.971+00:00,140.700000,90223.100000,1.218555,4095,2,02,80,FFFFFFFF,32,2.93216996,3.04608785,2.20733126,1.34869868,1.10116232,0.49450900,2.20768073,1.19212872,1.04731547,1.49504116,2.20775284,0.88923000,1.00870895,0.95950105,2.20786654,0.63914016,1.98292091,0.97682333,2.20769283,1.00367004,0.76577020,0.81032071,2.20790602,1.17523140,1.81860353,1.35982457,2.20747020,1.13918704,1.05999685,0.80724327,2.20788549,0.70933842,SD 02 80 FFFFFFFF 91F9F6 945C6B 7FEC34 610542 5522B2 2ECF01 7FEECC 59B441 524F9B 674CC9 7FEF55 497391 503A48 4D7FAC 7FF02D 396D85 79115C 4E780F 7FEEE3 4FF3BA 41E0B7 44AEA1 7FF078 58DFC2 739072 61841A 7FED3C 57134F 52FC0B 447DB8 7FF051 3E33E2 7CC7B1 000FFF 02 0DC457,2026-07-22T19:40:09.793+00:00,serial_request_midpoint,357.5096,True,matched,66.7931,66.7931,2026-07-22T19:40:09.859+00:00,87.857515,1784749209796.81,2637,False,,,,,,,,,,,,,,False,,,,,,,,,,,,,,True,0.14873496684734702,-10.761827046645237,13.503651650222135,49.96917450217076,-0.032335131836307124,-0.5432068662584587,-2.995583350621566,10.585226409647944,-28.871508813894614,-24.213905667136544,0.31218406176988256,0.19837981946880495,1.7534836768869668,False,,,,,,,,,,,,,,False,,,,,,,,,,,,,,False,,,,,,,,,,,,,,True,0.11839855912379697,-42.00890042917261,6.531546538244402,72.4843787500956,-0.0834149428492083,-0.02208409566283227,1.4805901465659408,-2.7755575615628914e-16,0.0,1.1368683772161604e-14,0.0,0.0,0.0,True,2,0.14873496684709264,-10.94385420008813,15.287741885297956,54.69406728591734,2.8109890910172592,0.1304586901580858,0.0035160251588362145,12.172372018825904,-28.862821981272305,-19.41582094262509,2.2803023516327796,-1.8784900451142132,-0.3499266989646492,True,-7.661831993083214,-14.863110812714504,73.28776854595779,-18.214629436367137,-36.06489261275972,-2.376700193205204
2026-07-22T19:40:10.529+00:00,141.900000,90224.300000,1.219776,4095,2,02,80,FFFFFFFF,32,2.93193178,3.04621378,2.20789128,1.34873454,1.10114665,0.49448178,2.20809659,1.19208658,1.04730660,1.49497156,2.20748651,0.88923621,1.00870867,0.95948777,2.20492962,0.63910557,1.98284599,0.97681813,2.20459057,1.00365193,0.76577904,0.81035565,2.20720864,1.17518658,1.81846784,1.35983832,2.20729810,1.13913712,1.05998647,0.80724671,2.20508786,0.70934256,SD 02 80 FFFFFFFF 91F8A8 945D14 7FF05C 6105AB 55227D 2ECE77 7FF1E2 59B3BA 524F7C 674C0D 7FED5B 4973A9 503A47 4D7F7B 7FDA5E 396CE7 7910BE 4E77FC 7FD7D9 4FF379 41E0DC 44AF2F 7FEB4B 58DF31 738F3C 618442 7FEBF5 5712AA 52FBE7 447DC6 7FDB8B 3E33F4 7CE7B3 000FFF 02 0DC463,2026-07-22T19:40:10.350+00:00,serial_request_midpoint,356.4772,True,matched,59.985,59.985,2026-07-22T19:40:10.411+00:00,88.407923,1784749210330.148,2653,False,,,,,,,,,,,,,,False,,,,,,,,,,,,,,True,0.15664071785679495,-10.729395646261633,11.931804003278884,50.145449967916946,-0.03291604301089247,-0.5254264783945379,-2.999152316108256,8.95566664940086,-29.044387283112673,-24.17604522475001,0.30572354231699317,0.1880731714039791,1.7529759303868477,False,,,,,,,,,,,,,,False,,,,,,,,,,,,,,False,,,,,,,,,,,,,,True,0.1401216258230366,-42.02161115617901,6.532013864410041,72.50391761292444,-0.08313635606901036,-0.024261565228315237,1.4814492468933649,-7.549516567451064e-16,0.0,0.0,0.0,0.0,0.0,True,2,0.15664071785622063,-10.906211987888994,13.659863581691047,54.89131864617485,2.8229032789711654,0.13009079113323285,0.0029503838630635716,10.494780491865214,-29.05404145413318,-19.362339914555537,2.286336143209413,-1.8866716247827156,-0.3426106483803227,True,-7.629358076312191,-16.711583580682735,73.12339862728149,-20.076890390638496,-36.24046347550775,-2.6500811589376894
2026-07-22T19:40:11.086+00:00,142.400000,90224.800000,1.217945,4095,2,02,80,FFFFFFFF,32,2.93200380,3.04614448,2.20688397,1.34869116,1.10110644,0.49448020,2.20795445,1.19209657,1.04728771,1.49496267,2.20504790,0.88923570,1.00870476,0.95949455,2.20727232,0.63911499,1.98280521,0.97683812,2.20763336,1.00364358,0.76577044,0.81031628,2.20735126,1.17521502,1.81848928,1.35976339,2.20510468,1.13913501,1.06002223,0.80725064,2.20747757,0.70932256,SD 02 80 FFFFFFFF 91F90D 945CB7 7FE8E2 61052C 5521F5 2ECE6F 7FF0D4 59B3DA 524F3A 674BF5 7FDB3F 4973A7 503A39 4D7F94 7FEBC4 396D12 791068 4E7845 7FEE72 4FF35B 41E0B8 44AE8F 7FEC5A 58DF8D 738F6D 618368 7FDBAB 5712A3 52FC63 447DD6 7FED4A 3E339D 7CB7B3 000FFF 02 0DC468,2026-07-22T19:40:10.908+00:00,serial_request_midpoint,356.5374,True,matched,59.4215,59.4215,2026-07-22T19:40:10.965+00:00,88.964132,1784749210896.842,2670,False,,,,,,,,,,,,,,False,,,,,,,,,,,,,,True,0.08285456337462241,-10.756615069846681,10.291086350410506,50.307293617008106,-0.034125355778691135,-0.5196205793954134,-3.0016876733353937,7.29079389885451,-29.2723007064848,-23.737452264528564,0.29858231195415136,0.19041345809261503,1.7502017357226907,False,,,,,,,,,,,,,,False,,,,,,,,,,,,,,False,,,,,,,,,,,,,,True,0.16725848312997812,-41.94224277273125,6.520324375192044,72.36920385253717,-0.07711058621527106,-0.019382830165951402,1.4819161031431933,-3.552713678800501e-16,0.0,0.0,0.0,0.0,0.0,True,2,0.08285456337462083,-10.927213826779205,12.000549136653234,55.0601197642104,2.8270088723274616,0.12797752082477307,0.0018502093621911885,8.813848065502452,-29.25696156606083,-18.918656351110677,2.28249444764821,-1.8895645555175113,-0.3332547305980495,True,-7.6895550069317435,-18.448725692506635,73.16897236388397,-21.830285825193624,-36.271782057483556,-2.2663091803855764
2026-07-22T19:40:11.644+00:00,143.600000,90226.000000,1.219776,4095,2,02,80,FFFFFFFF,32,2.93204160,3.04591872,2.20502004,1.34856103,1.10111767,0.49448020,2.20715233,1.19204475,1.04730860,1.49494638,2.20765441,0.88922248,1.00869637,0.95946827,2.20766125,0.63911258,1.98280095,0.97683292,2.20744809,1.00360180,0.76576925,0.81033302,2.20781285,1.17518504,1.81855406,1.35969741,2.20760651,1.13909447,1.06001444,0.80725407,2.20546747,0.70932371,SD 02 80 FFFFFFFF 91F942 945B88 7FDB0A 6103AF 55221B 2ECE6F 7FEAE0 59B334 524F83 674BC9 7FEE9A 497374 503A1B 4D7F33 7FEEA7 396D07 79105F 4E7832 7FED12 4FF2C5 41E0B3 44AED3 7FEFC7 58DF2C 739001 6182A8 7FEE3F 57121D 52FC48 447DE4 7FDE5D 3E33A2 7CE7B3 000FFF 02 0DC474,2026-07-22T19:40:11.465+00:00,serial_request_midpoint,358.4588,True,matched,45.299,45.299,2026-07-22T19:40:11.509+00:00,89.507864,1784749211430.222,2686,False,,,,,,,,,,,,,,False,,,,,,,,,,,,,,True,0.10966198517522063,-10.926322351992605,8.965912160858597,50.38251126928897,-0.03315994274423915,-0.5041738532998608,-3.0090009600662473,6.087181944321394,-29.148298962681206,-23.96988594920301,0.2903108616954646,0.17413523957392857,1.74852662182498,False,,,,,,,,,,,,,,False,,,,,,,,,,,,,,False,,,,,,,,,,,,,,True,0.11672712116209617,-42.016649885238095,6.525374839452427,72.4883444433011,-0.08463649271967912,-0.020381847458535284,1.4806541042585777,1.3322676295501878e-16,0.0,0.0,0.0,0.0,0.0,True,2,0.10966198517524745,-11.093677494431144,10.624963415972285,55.153283188503714,2.837995216646394,0.12156749216337252,0.0028689101978800068,7.5403895254295366,-29.167495891412955,-19.129581958739198,2.2910813334013276,-1.9030355882254026,-0.3241213396400274,True,-8.014607000675639,-20.031868850032055,72.93668204925886,-23.370707467129062,-36.147705700467796,-2.9631949637932506
2026-07-22T19:40:12.200+00:00,144.800000,90227.200000,1.217945,4095,2,02,80,FFFFFFFF,32,2.93228335,3.04594927,2.20699131,1.34862080,1.10112359,0.49447625,2.20775758,1.19206629,1.04731117,1.49492972,2.20527976,0.88923103,1.00868352,0.95947098,2.20496274,0.63912002,1.98282181,0.97678745,2.20438769,1.00363411,0.76577139,0.81033277,2.20727810,1.17521038,1.81851205,1.35981289,2.20778547,1.13912744,1.05999973,0.80723639,2.20790549,0.70933681,SD 02 80 FFFFFFFF 91FA95 945BB1 7FE9AE 61045E 55222F 2ECE5B 7FEF5E 59B379 524F8C 674B9C 7FDCF8 497395 5039ED 4D7F3D 7FDA9D 396D29 79108B 4E778C 7FD657 4FF339 41E0BC 44AED2 7FEBCF 58DF7E 738FA1 6183F8 7FEF93 57128A 52FC15 447D9C 7FF077 3E33DB 7CB7B3 000FFF 02 0DC480,2026-07-22T19:40:12.022+00:00,serial_request_midpoint,355.6711,True,matched,40.73975,40.73975,2026-07-22T19:40:12.062+00:00,90.060732,1784749211996.942,2703,False,,,,,,,,,,,,,,False,,,,,,,,,,,,,,True,0.1007012534521133,-10.800507681298757,7.652159924055733,50.538180910788846,-0.03394518580749164,-0.5038311912585561,-3.0157884719915242,4.686475885044163,-29.4706158384577,-23.647188563360476,0.2891914222286369,0.17953674978271117,1.7403028174327242,False,,,,,,,,,,,,,,False,,,,,,,,,,,,,,False,,,,,,,,,,,,,,True,0.0905921906192027,-41.958690875276986,6.5216979387468985,72.39131470941015,-0.07813982541130758,-0.019251467604367866,1.481342876525132,-1.9984014443252818e-16,0.0,-1.1368683772161604e-14,0.0,0.0,0.0,True,2,0.10070125345213655,-10.959697248625826,9.308195566000993,55.31027980702923,2.839217001917465,0.11202828955006601,0.002338654927791161,6.153117895602525,-29.474616827882716,-18.81090192522719,2.2796809950214665,-1.9090159304879124,-0.32255344347631687,True,-8.095194660345028,-21.383668931158507,73.06909151676594,-24.76218430802478,-36.143882420414045,-2.521755205806221
2026-07-22T19:40:12.755+00:00,145.300000,90227.700000,1.218555,4095,2,02,80,FFFFFFFF,32,2.93289106,3.04641199,2.20720759,1.34893198,1.10113719,0.49446659,2.20779863,1.19213278,1.04739244,1.49494157,2.20758546,0.88924606,1.00870783,0.95951893,2.20779916,0.63911915,1.98281327,0.97682415,2.20790339,1.00367087,0.76580841,0.81036598,2.20802657,1.17536956,1.81850460,1.36018103,2.20761125,1.13936070,1.06018778,0.80722215,2.20804183,0.70944853,SD 02 80 FFFFFFFF 91FDE9 945E1E 7FEB49 6107ED 55225D 2ECE2A 7FEFAC 59B44E 5250A8 674BBC 7FEE17 4973CF 503A44 4D7FEE 7FEFAD 396D25 791079 4E7812 7FF073 4FF3BD 41E157 44AF59 7FF15D 58E181 738F90 618827 7FEE48 57158D 52FEA1 447D62 7FF17A 3E35C1 7CC7B3 000FFF 02 0DC485,2026-07-22T19:40:12.579+00:00,serial_request_midpoint,354.8638,True,matched,30.9119,30.9119,2026-07-22T19:40:12.609+00:00,90.60743,1784749212530.309,2719,False,,,,,,,,,,,,,,False,,,,,,,,,,,,,,True,0.09542181285369643,-10.642004407759156,6.485689980427539,50.75769820148845,-0.02063252729202794,-0.4991381144286648,-3.0202672996481037,3.61081246860923,-29.70460670565668,-23.6201039051512,0.2788159264665974,0.1786111050368253,1.7380148617299023,False,,,,,,,,,,,,,,False,,,,,,,,,,,,,,False,,,,,,,,,,,,,,True,0.10074013383712509,-41.994381318549,6.525345771631196,72.44497152418492,-0.08270276424666169,-0.019148557262320388,1.4809084154335668,-3.6637359812630164e-16,0.0,0.0,0.0,0.0,0.0,True,2,0.09542181285366777,-10.84084461514165,8.12383561258202,55.53448211835344,2.842836790588748,0.10718594611558477,0.0149372840699513,5.041928973179307,-29.68514280187581,-18.773223482091897,2.278383183585561,-1.913870233574821,-0.309203636012104,True,-8.201252752165933,-22.641613846755597,73.20057928479073,-26.008148387686685,-36.18949265904547,-2.674855752662836
2026-07-22T19:40:13.313+00:00,146.500000,90228.900000,1.220387,4095,2,02,80,FFFFFFFF,32,2.93615313,3.04933550,2.20773810,1.35005554,1.10118036,0.49445554,2.20798761,1.19229886,1.04793712,1.49495490,2.20747335,0.88941912,1.00884782,0.95964113,2.20751020,0.63914936,1.98302143,0.97692988,2.20732810,1.00397869,0.76588699,0.81057046,2.20728337,1.17596870,1.81878081,1.36170596,2.20750178,1.13986121,1.06069375,0.80730195,2.20758546,0.70973268,SD 02 80 FFFFFFFF 920FC3 946D6F 7FEF39 6114C5 5522EF 2ECDF2 7FF113 59B662 525817 674BE0 7FED42 49766B 503C39 4D81B1 7FED88 396DAF 791230 4E7994 7FEC2E 4FF80E 41E2A0 44B298 7FEBD9 58E913 739207 619979 7FED78 571C03 53057B 447EA7 7FEE17 3E3A95 7CF7B4 000FFF 02 0DC491,2026-07-22T19:40:13.135+00:00,serial_request_midpoint,356.3979,True,matched,22.09705,22.09705,2026-07-22T19:40:13.157+00:00,91.155321,1784749213097.015,2736,False,,,,,,,,,,,,,,False,,,,,,,,,,,,,,True,0.14785067607371694,-10.487329434357134,5.275258668493938,51.020453668201824,-0.011714127946164492,-0.49363860676958193,-3.0273458793923713,2.4795219061866947,-30.031588080604656,-23.33820763572968,0.2681081233150173,0.1809248625125631,1.7334063164097013,False,,,,,,,,,,,,,,False,,,,,,,,,,,,,,False,,,,,,,,,,,,,,True,0.07892401385182767,-41.9941547523089,6.520451079331563,72.43273288875358,-0.08151810971486512,-0.016778886252711882,1.4794187262418508,7.993605777301127e-16,0.0,0.0,0.0,0.0,0.0,True,2,0.14785067607381747,-10.70934329392669,6.893070523051803,55.803143094727815,2.847292992714471,0.09865807677730135,0.023473255116046532,3.883546489649506,-29.978221237664787,-18.483664356460338,2.272794013595357,-1.9192382296562847,-0.29521860716425924,True,-8.341815840494405,-23.963905994954395,73.3477470702129,-27.283249297698603,-36.22083673279793,-2.507685298455408
2026-07-22T19:40:13.869+00:00,147.000000,90229.400000,1.218556,4095,2,02,80,FFFFFFFF,32,2.94304348,3.05523417,2.20731021,1.35274704,1.10140866,0.49447547,2.20520458,1.19258486,1.04903963,1.49501228,2.20719969,0.88979122,1.00919129,0.95997309,2.20737599,0.63925905,1.98367732,0.97726712,2.20775021,1.00461011,0.76608883,0.81081581,2.20546958,1.17676387,1.81922168,1.36378359,2.20712286,1.14066948,1.06156616,0.80739624,2.20792602,0.70998561,SD 02 80 FFFFFFFF 923565 948C49 7FEC0C 613381 5525F3 2ECE57 7FDC69 59B9F6 526721 674C7B 7FEB3A 497C07 504106 4D867A 7FEC89 396FA4 791797 4E7E63 7FEF50 5000E8 41E5ED 44B67D 7FDE61 58F31E 7395F6 61B10C 7FEAA8 572671 53114A 448027 7FF09E 3E3EE1 7CC7B4 000FFF 02 0DC496,2026-07-22T19:40:13.692+00:00,serial_request_midpoint,356.1436,True,matched,13.7713,13.7713,2026-07-22T19:40:13.705+00:00,91.703522,1784749213630.397,2752,False,,,,,,,,,,,,,,False,,,,,,,,,,,,,,True,0.16007131106024877,-10.365533151288048,3.9199299174207107,51.160800335615804,-0.009644153646797674,-0.48655365939076334,-3.0290422018609275,0.9520604753487067,-30.337404173522838,-22.952143005883727,0.2640344286330992,0.1857739289381606,1.729420958267484,False,,,,,,,,,,,,,,False,,,,,,,,,,,,,,False,,,,,,,,,,,,,,True,0.12229492827735919,-41.91703048299419,6.499595703108052,72.27746958671773,-0.07357255028362833,-0.016900244525452888,1.482119352513673,1.3322676295501878e-16,0.0,0.0,0.0,0.0,0.0,True,2,0.16007131106026168,-10.59294169333035,5.514952258564373,55.95088517190676,2.8520321800473254,0.09795976991129324,0.025442607039912343,2.3573635891362046,-30.2592063697424,-18.098306181837323,2.266030129705622,-1.9212077754707289,-0.2896564983655214,True,-8.258245786609223,-25.42634862810473,73.35078198757489,-28.825531018156966,-36.30565942224863,-2.078355990702744
2026-07-22T19:40:14.426+00:00,148.200000,90230.600000,1.216114,4095,2,02,80,FFFFFFFF,32,2.94925585,3.06083810,2.20746967,1.35559964,1.10174347,0.49448355,2.20787759,1.19285779,1.05011192,1.49501413,2.20735020,0.89024220,1.00958963,0.96033007,2.20537072,0.63937072,1.98459392,0.97767843,2.20459583,1.00524541,0.76627780,0.81104939,2.20720759,1.17732699,1.81947609,1.36540055,2.20752125,1.14140726,1.06255602,0.80745886,2.20781390,0.71016660,SD 02 80 FFFFFFFF 92573D 94A988 7FED3B 615407 552A5F 2ECE80 7FF042 59BD60 5275BF 674C80 7FEC58 4982D3 504697 4D8B9F 7FDDA5 3971A2 791F23 4E8440 7FD7E3 5009CF 41E904 44BA32 7FEB49 58FA3A 73983B 61C360 7FED9D 572FF5 531EAE 448126 7FEFC9 3E41F4 7C87B4 000FFF 02 0DC4A2,2026-07-22T19:40:14.249+00:00,serial_request_midpoint,356.7089,True,matched,8.02495,8.02495,2026-07-22T19:40:14.256+00:00,92.254738,1784749214197.094,2769,False,,,,,,,,,,,,,,False,,,,,,,,,,,,,,True,0.2140582773416258,-10.442627639634944,2.4001295713606217,51.40034732885979,-0.006001166982082358,-0.4780752713354592,-3.036769582286763,-0.4502005719974008,-30.3899133906828,-22.923861055697635,0.25567419129751356,0.177365644038494,1.725294361201268,False,,,,,,,,,,,,,,False,,,,,,,,,,,,,,False,,,,,,,,,,,,,,True,0.07770637384679642,-41.96181890644563,6.5050215119738395,72.35132263291791,-0.07852940743162057,-0.015635602999601872,1.4808356514574375,-4.3853809472693685e-16,0.0,0.0,0.0,0.0,0.0,True,2,0.21405827734157068,-10.67570433792938,3.966284033058207,56.199676203156926,2.858436737983834,0.08898671710858784,0.029037408330915046,0.9062984802990016,-30.319961921705364,-18.056034096781353,2.2672731024323625,-1.9323712656568885,-0.2795942259353814,True,-8.577644958155567,-27.097157204696583,73.41107010486189,-30.46834915528091,-36.205959813321094,-2.353874076731768
2026-07-22T19:40:14.984+00:00,148.700000,90231.100000,1.214893,4095,2,02,80,FFFFFFFF,32,2.95205357,3.06345290,2.20750125,1.35737772,1.10207273,0.49446777,2.20753020,1.19314826,1.05068733,1.49506300,2.20771126,0.89052064,1.00988991,0.96058355,2.20767494,0.63944320,1.98535759,0.97803172,2.20761230,1.00569687,0.76643095,0.81119168,2.20789602,1.17752567,1.81951069,1.36618129,2.20771389,1.14196141,1.06333319,0.80750184,2.20764599,0.71026366,SD 02 80 FFFFFFFF 926674 94B728 7FED77 616846 552EB8 2ECE30 7FEDAE 59C102 527D96 674D04 7FEF06 498705 504AC9 4D8F46 7FEEC1 3972ED 79256C 4E8949 7FEE4A 501022 41EB85 44BC74 7FF065 58FCBC 73988A 61CC38 7FEF0B 57371A 532930 4481D5 7FEE8A 3E439A 7C67B4 000FFF 02 0DC4A7,2026-07-22T19:40:14.807+00:00,serial_request_midpoint,356.3343,True,matched,86.39165,86.39165,2026-07-22T19:40:14.892+00:00,92.890196,1784749214830.417,2788,False,,,,,,,,,,,,,,False,,,,,,,,,,,,,,True,0.23594631073635539,-10.564240137020214,0.38208928999542646,51.532634486787835,-0.02020164729369198,-0.4810064874977665,-3.048008630962306,-2.277905560662645,-30.430295714947295,-23.03326022868731,0.2628020840028126,0.16658237604465612,1.7183099692937254,False,,,,,,,,,,,,,,False,,,,,,,,,,,,,,False,,,,,,,,,,,,,,True,0.08333266384506546,-41.9922424940155,6.516821705136053,72.42207090446524,-0.08316777909035439,-0.014918689924253192,1.4766621505380186,0.0,5.684341886080802e-15,0.0,0.0,0.0,0.0,True,2,0.23594631073633218,-10.742329981214914,1.9560567759166276,56.3317627960649,2.858044093763389,0.07201300808954932,0.01602599791196618,-0.9256587728337007,-30.421649606902662,-18.163755527193644,2.2665178110177324,-1.945860329112788,-0.2901535266111757,True,-8.920348475262712,-29.114145777081944,73.56238122488972,-32.36426568340347,-36.20308531983922,-2.5509303071379916
2026-07-22T19:40:15.539+00:00,149.900000,90232.300000,1.218556,4095,2,02,80,FFFFFFFF,32,2.95174959,3.06395172,2.20754704,1.35803478,1.10232039,0.49447487,2.20531709,1.19329726,1.05077680,1.49506263,2.20493540,0.89065832,1.00998946,0.96068495,2.20439558,0.63948853,1.98608686,0.97827872,2.20448913,1.00587816,0.76651004,0.81120029,2.20660144,1.17739445,1.81962148,1.36619750,2.20751072,1.14220991,1.06373232,0.80751854,2.20783180,0.71024618,SD 02 80 FFFFFFFF 9264CD 94B9C1 7FEDCE 616FC0 5531FD 2ECE54 7FDD3F 59C2DF 527ECE 674D03 7FDA69 498918 504C2D 4D90BC 7FD666 3973BC 792B6C 4E8CCE 7FD718 5012AC 41ECD0 44BC97 7FE6C9 58FB14 739987 61CC67 7FED89 573A4E 532E95 448219 7FEFEB 3E434E 7CC7B5 000FFF 02 0DC4B3,2026-07-22T19:40:15.362+00:00,serial_request_midpoint,355.7238,True,matched,81.7129,81.7129,2026-07-22T19:40:15.443+00:00,93.44176,1784749215363.773,2804,False,,,,,,,,,,,,,,False,,,,,,,,,,,,,,True,0.2534960688421399,-10.511447325672409,-1.3049175515773634,51.67934650684076,-0.024276689046447662,-0.47485385255046125,-3.0447622186567185,-4.525566378722726,-30.545857292555525,-23.050060365831882,0.2766491629431575,0.16720873800285932,1.7136178581938146,False,,,,,,,,,,,,,,False,,,,,,,,,,,,,,False,,,,,,,,,,,,,,True,0.1265144034370248,-42.00393268845827,6.53379852274431,72.45465222383989,-0.0761704800310596,-0.027968782227812378,1.4852605666359966,-1.7763568394002506e-16,0.0,0.0,0.0,0.0,0.0,True,2,0.25349606884217485,-10.679042905629636,0.25130036512266996,56.48463746703165,2.8615799179174988,0.07793246580991256,0.012091994456396596,-3.1252479192331686,-30.577145253089554,-18.194254256614794,2.2608829991324755,-1.9484488160010485,-0.30851851146850223,True,-8.686425382050873,-30.873211004048965,73.59795339841037,-34.43399330599361,-36.32640191406125,-2.310935180129934
2026-07-22T19:40:16.098+00:00,150.500000,90232.900000,1.218556,4095,2,02,80,FFFFFFFF,32,2.94870743,3.06154852,2.20508576,1.35750438,1.10249764,0.49448000,2.20748178,1.19326539,1.05040032,1.49507041,2.20732599,0.89061113,1.01002078,0.96065295,2.20764441,0.63951284,1.98616997,0.97836371,2.20760020,1.00580843,0.76651028,0.81110601,2.20775810,1.17706211,1.81949667,1.36552984,2.20755388,1.14218688,1.06378406,0.80753131,2.20791181,0.71016269,SD 02 80 FFFFFFFF 925441 94AD3C 7FDB87 6169B7 553454 2ECE6E 7FED52 59C279 5279AD 674D18 7FEC2A 498862 504C9D 4D9046 7FEE87 39742B 792C1B 4E8E04 7FEE33 5011B2 41ECD1 44BB18 7FEF5F 58F6E2 73986A 61C4D7 7FEDDB 573A02 532F48 44824D 7FF083 3E41E3 7CC7B5 000FFF 02 0DC4B9,2026-07-22T19:40:15.919+00:00,serial_request_midpoint,357.7141,True,matched,71.14075,71.14075,2026-07-22T19:40:15.989+00:00,93.988077,1784749215930.475,2821,False,,,,,,,,,,,,,,False,,,,,,,,,,,,,,True,0.24851918781091278,-10.665574267928985,-3.141394169849398,51.82027493125672,-0.031019050265244565,-0.4705451178916312,-3.0540464511553416,-6.412185187596558,-30.55792045425077,-22.848871613546386,0.2769877745331226,0.16228201490158667,1.7037247042791022,False,,,,,,,,,,,,,,False,,,,,,,,,,,,,,False,,,,,,,,,,,,,,True,0.11731880352047787,-41.97696463217055,6.518751374805044,72.3933635884042,-0.07451608495970252,-0.027366411358008456,1.4864819406155279,5.329070518200751e-16,0.0,1.1368683772161604e-14,0.0,0.0,0.0,True,2,0.2485191878109203,-10.804292990315862,-1.6005091311428028,56.63142384385204,2.865440213836073,0.06545052573218359,0.006026728306920334,-5.021692507362044,-30.614086748539364,-17.99046663874059,2.253807096808747,-1.962428917057932,-0.3098653257333787,True,-9.04580365818442,-32.8016199195906,73.63053310192598,-36.41965390279629,-36.068577799519275,-2.1794621697718752
2026-07-22T19:40:16.656+00:00,151.600000,90234.000000,1.218556,4095,2,02,80,FFFFFFFF,32,2.94466539,3.05861591,2.20738915,1.35629790,1.10251362,0.49447192,2.20769915,1.19318386,1.04988520,1.49510262,2.20769915,0.89050301,1.00988013,0.96048378,2.20779495,0.63945437,1.98603700,0.97833574,2.20751599,1.00556775,0.76644051,0.81100410,2.20769020,1.17673077,1.81937625,1.36470320,2.20523823,1.14204989,1.06366208,0.80751854,2.20488756,0.71009002,SD 02 80 FFFFFFFF 923E3D 949DF1 7FECA2 615BFB 55348A 2ECE45 7FEEEF 59C174 5272A8 674D6F 7FEEEF 4986C1 504AA6 4D8DD6 7FEFA5 397320 792B03 4E8D9E 7FED93 500E53 41EBAD 44B97A 7FEEDE 58F2B3 739757 61BB79 7FDCA9 57383E 532DA2 448219 7FDA0E 3E40A7 7CC7B5 000FFF 02 0DC4C4,2026-07-22T19:40:16.478+00:00,serial_request_midpoint,357.8604,True,matched,54.6762,54.6762,2026-07-22T19:40:16.532+00:00,94.529938,1784749216463.868,2837,False,,,,,,,,,,,,,,False,,,,,,,,,,,,,,True,0.24202487385993465,-10.84680430575877,-4.373166872379846,51.884634120189254,-0.05835631619595271,-0.472105646876221,-3.0634602930146206,-7.476484320371496,-30.530942389264585,-22.635951069304177,0.2860618465784186,0.14954824107432385,1.6968452933991796,False,,,,,,,,,,,,,,False,,,,,,,,,,,,,,False,,,,,,,,,,,,,,True,0.1277903138431069,-41.91610233892213,6.512221814227059,72.29614005799917,-0.07433293559202298,-0.022079147868689593,1.4830566937727088,-7.993605777301127e-16,0.0,1.1368683772161604e-14,0.0,0.0,0.0,True,2,0.24202487385991733,-10.89001454983654,-2.8281582645267345,56.69626632422304,2.8654101601416615,0.05070303898963408,-0.01917409044073473,-6.090639874109715,-30.660675510740838,-17.777625464902393,2.2541185994720694,-1.9766000109377257,-0.3233566557944149,True,-9.2518777126508,-34.039921712275024,73.68784202857157,-37.54756539025432,-36.0458061596787,-2.0603254519310665
2026-07-22T19:40:17.213+00:00,152.800000,90235.200000,1.219166,4095,2,02,80,FFFFFFFF,32,2.94120644,3.05583762,2.20443184,1.35508676,1.10243224,0.49446698,2.20720864,1.19309172,1.04936537,1.49509003,2.20750546,0.89032231,1.00974787,0.96035148,2.20764230,0.63941539,1.98584184,0.97823979,2.20713128,1.00537896,0.76639535,0.81093469,2.20545748,1.17642176,1.81915513,1.36401405,2.20475036,1.14186505,1.06350746,0.80747212,2.20501216,0.70998630,SD 02 80 FFFFFFFF 922B5F 948F70 7FD6AB 614E2F 553377 2ECE2C 7FEB4B 59C04D 526B92 674D4D 7FED7F 498408 5048CD 4D8BEE 7FEE83 39726E 792968 4E8C40 7FEAB8 500BAE 41EAF0 44B860 7FDE4A 58EECC 73955E 61B3A9 7FD909 5735DC 532B8B 44815C 7FDAFB 3E3EE4 7CD7B5 000FFF 02 0DC4D0,2026-07-22T19:40:17.036+00:00,serial_request_midpoint,355.8421,True,matched,32.75735,32.75735,2026-07-22T19:40:17.067+00:00,95.065857,1784749216997.263,2853,False,,,,,,,,,,,,,,False,,,,,,,,,,,,,,True,0.2418691419740319,-11.00577346293762,-5.5768355054941825,51.90520767202129,-0.07600222309262822,-0.463793105639011,-3.065776489507152,-8.612311558540167,-30.475836781957685,-22.9435891076879,0.29257405162319117,0.1312921838444744,1.6969172435067812,False,,,,,,,,,,,,,,False,,,,,,,,,,,,,,False,,,,,,,,,,,,,,True,0.11843344599634689,-42.01156003257261,6.516316599094014,72.44185030069455,-0.07919249454976128,-0.023412533007948887,1.4823101647576666,8.881784197001252e-16,0.0,0.0,0.0,0.0,0.0,True,2,0.24186914197403944,-10.990510565901927,-4.057112657076064,56.725055456565556,2.870775582216064,0.048385233117271026,-0.03565629206243236,-7.256930846589765,-30.685350022700742,-18.079458097339547,2.2649955507433712,-1.9869774233830493,-0.3337521834298359,True,-9.266072149037367,-35.36322779185248,73.53352897579727,-38.82376061638759,-36.23653251111007,-2.6427827429398008
2026-07-22T19:40:17.770+00:00,153.300000,90235.700000,1.219166,4095,2,02,80,FFFFFFFF,32,2.93909469,3.05380945,2.20453854,1.35408369,1.10233193,0.49447192,2.20499165,1.19298147,1.04900267,1.49509077,2.20465154,0.89018906,1.00961255,0.96022028,2.20462736,0.63939109,1.98550522,0.97813178,2.20693659,1.00515647,0.76635545,0.81083403,2.20504370,1.17614032,1.81907807,1.36335306,2.20702131,1.14170870,1.06316068,0.80745911,2.20763704,0.70993502,SD 02 80 FFFFFFFF 921FD7 9484D7 7FD776 6142C0 553224 2ECE45 7FDAD4 59BEEC 5266A0 674D4F 7FD84D 498206 5046E9 4D8A0A 7FD81F 3971FF 7926A3 4E8AB6 7FE946 500890 41EA49 44B6C7 7FDB37 58EB3E 7394AE 61AC2A 7FE9E7 5733D8 5326DB 448127 7FEE79 3E3E05 7CD7B5 000FFF 02 0DC4D5,2026-07-22T19:40:17.592+00:00,serial_request_midpoint,355.7598,True,matched,14.6217,14.6217,2026-07-22T19:40:17.606+00:00,95.60408,1784749217530.607,2869,False,,,,,,,,,,,,,,False,,,,,,,,,,,,,,True,0.27317802442654116,-10.208704913565981,-5.78801406037441,51.944388882505656,-0.07103664337048018,-0.47206894920998616,-3.0572507122189174,-8.738845462117427,-31.319332014313808,-22.895475065479445,0.29196081585648087,0.13955521237125137,1.7037831507293368,False,,,,,,,,,,,,,,False,,,,,,,,,,,,,,False,,,,,,,,,,,,,,True,0.11328851404232515,-41.99399734057305,6.5264978837015,72.42654543928553,-0.07853309239515927,-0.020785151599366877,1.482400237872932,4.440892098500626e-16,0.0,-1.1368683772161604e-14,0.0,0.0,0.0,True,2,0.27317802442655037,-10.215413382789198,-4.240001604936355,56.755244911297744,2.864629701957565,0.059026497095765,-0.031249921639605903,-7.363563128534632,-31.494158513519046,-18.035561743862832,2.2670314248231778,-1.9742566529043823,-0.3317921065859391,True,-8.281003002145837,-35.43259985783235,73.75086744902309,-38.826903374468436,-37.22021088614052,-2.452177659308313
2026-07-22T19:40:18.324+00:00,154.500000,90236.900000,1.218556,4095,2,02,80,FFFFFFFF,32,2.93744697,3.05224136,2.20710918,1.35335514,1.10223842,0.49444154,2.20500585,1.19292525,1.04868617,1.49502968,2.20470674,0.89011208,1.00948955,0.96012894,2.20711655,0.63937291,1.98524603,0.97801253,2.20696974,1.00492703,0.76628759,0.81076561,2.20779600,1.17596530,1.81890733,1.36286170,2.20770652,1.14149208,1.06290007,0.80748391,2.20799393,0.70989248,SD 02 80 FFFFFFFF 9216D6 947CA4 7FEA8E 613A71 5530E8 2ECDAB 7FDAEF 59BE38 52624F 674CAA 7FD8B6 4980DD 504531 4D88B9 7FEA9C 3971AC 792481 4E8903 7FE985 500559 41E92D 44B5B1 7FEFA7 58E908 739328 61A697 7FEEFD 57310D 532355 44818C 7FF11F 3E3D4C 7CC7B5 000FFF 02 0DC4E1,2026-07-22T19:40:18.147+00:00,serial_request_midpoint,355.1804,True,matched,83.5822,83.5822,2026-07-22T19:40:18.230+00:00,96.228819,1784749218163.951,2888,False,,,,,,,,,,,,,,False,,,,,,,,,,,,,,True,0.31081427581092175,-9.68268184654018,-5.963908945410531,52.00736093420596,-0.0862033230693914,-0.4655699446511057,-3.0393214555470816,-8.778681706018304,-31.863655504332712,-22.77176235134531,0.2968559548797312,0.13026244625631497,1.724052157283176,False,,,,,,,,,,,,,,False,,,,,,,,,,,,,,False,,,,,,,,,,,,,,True,0.15953030455043704,-41.95189998204519,6.515271286889541,72.35136685323494,-0.0785020960856279,-0.019183193935065658,1.480462487135145,2.886579864025407e-16,0.0,0.0,0.0,0.0,0.0,True,2,0.3108142758109178,-9.652957253721453,-4.428102971484686,56.82204048582821,2.866439611509647,0.08531110248691313,-0.04633359888590416,-7.417544495442928,-32.06845034438176,-17.909038084717565,2.2931211697448153,-1.9566122571558402,-0.33817523896989254,True,-6.98621729928129,-35.626387957056714,73.70773936702861,-38.823027156601896,-38.559450101398326,-2.5098856500475675
2026-07-22T19:40:18.881+00:00,155.000000,90237.400000,1.218556,4095,2,02,80,FFFFFFFF,32,2.93626956,3.05122286,2.20511993,1.35271623,1.10214551,0.49445022,2.20738546,1.19283593,1.04848456,1.49506078,2.20746178,0.89000762,1.00943196,0.96004356,2.20772599,0.63933525,1.98498260,0.97789988,2.20729231,1.00481553,0.76623647,0.81072426,2.20785390,1.17584997,1.81887362,1.36250333,2.20783232,1.14132819,1.06267965,0.80743038,2.20816871,0.70985155,SD 02 80 FFFFFFFF 921066 947750 7FDBC8 613327 552FAE 2ECDD7 7FEC9B 59BD1A 525F8F 674CFE 7FED2C 497F4A 504463 4D877E 7FEF22 397100 792256 4E8768 7FEBEA 5003C9 41E857 44B509 7FF015 58E793 7392DB 61A286 7FEFEC 572EF0 53205A 4480B2 7FF26B 3E3C9A 7CC7B5 000FFF 02 0DC4E6,2026-07-22T19:40:18.704+00:00,serial_request_midpoint,357.0397,True,matched,74.41015,74.41015,2026-07-22T19:40:18.779+00:00,96.77613,1784749218697.284,2904,False,,,,,,,,,,,,,,False,,,,,,,,,,,,,,True,0.27954183144927364,-9.072801498097636,-6.123923744234489,51.98821039119324,-0.08036598171417669,-0.47228224802525576,-3.027366533605298,-8.885693226487518,-32.463629305574486,-22.91615645418468,0.29863490241463164,0.1360904749845596,1.734653891614993,False,,,,,,,,,,,,,,False,,,,,,,,,,,,,,False,,,,,,,,,,,,,,True,0.14865074850547316,-41.970439281411586,6.520693698243218,72.38066184875308,-0.08004780584480906,-0.0198056643737601,1.4808357832631347,1.1102230246251565e-16,0.0,0.0,0.0,0.0,0.0,True,2,0.27954183144927636,-9.070861184964578,-4.563513009330656,56.79506361229572,2.8606808983173395,0.10116746091968744,-0.041254457136704815,-7.504889634136975,-32.645603646247125,-18.058071430810752,2.300161857503346,-1.940768897640549,-0.3394109700487003,True,-6.079909435317893,-35.643027166813624,73.8446771591844,-38.77931256025635,-39.46878546659464,-2.5362810953872894
2026-07-22T19:40:19.439+00:00,156.200000,90238.600000,1.218555,4095,2,02,80,FFFFFFFF,32,2.93533330,3.05020103,2.20529974,1.35211279,1.10205764,0.49445870,2.20510153,1.19282843,1.04826321,1.49506115,2.20462316,0.88991665,1.00936208,0.95999342,2.20699184,0.63931269,1.98473296,0.97782012,2.20749704,1.00467143,0.76620302,0.81067160,2.20504265,1.17574918,1.81885479,1.36208653,2.20705814,1.14118704,1.06248034,0.80742350,2.20545380,0.70980350,SD 02 80 FFFFFFFF 920B47 9471F7 7FDD1E 612C44 552E85 2ECE02 7FDBA5 59BD02 525C8A 674CFF 7FD817 497DEB 504369 4D86C5 7FE9AF 397099 792048 4E8645 7FED6F 5001C4 41E7CB 44B433 7FDB35 58E64D 7392B0 619DCB 7FEA2D 572D1E 531DA8 448096 7FDE43 3E3BC9 7CC7B3 000FFF 02 0DC4F2,2026-07-22T19:40:19.262+00:00,serial_request_midpoint,354.5273,True,matched,63.29195,63.29195,2026-07-22T19:40:19.326+00:00,97.322961,1784749219263.969,2921,False,,,,,,,,,,,,,,False,,,,,,,,,,,,,,True,0.36433297082716015,-8.891866847479026,-5.162352655252869,51.77384723058727,-0.10588377306471947,-0.4828395433052069,-3.03216097093115,-7.9506238718766316,-32.554820424349714,-23.195574335721723,0.31870051476850525,0.128972432620709,1.7266093009362764,False,,,,,,,,,,,,,,False,,,,,,,,,,,,,,False,,,,,,,,,,,,,,True,0.10759275691127682,-41.99770248073825,6.540125205435318,72.46488588314,-0.07963636884190921,-0.021091233161821106,1.4810685255563067,1.3322676295501878e-16,0.0,0.0,0.0,0.0,0.0,True,2,0.3643329708271256,-8.803267593311885,-3.568196311048246,56.568796436742026,2.85416252543009,0.09043889321795699,-0.06478885757311778,-6.522592597312771,-32.821944613040706,-18.355110151999817,2.2955048686577615,-1.9504893155878773,-0.3670849174309141,True,-5.846995870827587,-34.553635207439676,73.79477532425321,-37.69641294926126,-39.61636597735451,-2.6197970721546424
2026-07-22T19:40:19.998+00:00,156.700000,90239.100000,1.220386,4095,2,02,80,FFFFFFFF,32,2.93480212,3.04962274,2.20703025,1.35170321,1.10198250,0.49446087,2.20790075,1.19273756,1.04812464,1.49504597,2.20787496,0.88984642,1.00930673,0.95991293,2.20793550,0.63927722,1.98454457,0.97773735,2.20754493,1.00455744,0.76613709,0.81062164,2.20786127,1.17563788,1.81868845,1.36190724,2.20779284,1.14108134,1.06227904,0.80740705,2.20785180,0.70977039,SD 02 80 FFFFFFFF 92085F 946EF0 7FE9F8 612797 552D87 2ECE0D 7FF06E 59BBDF 525AA6 674CD6 7FF03D 497CDC 5042A3 4D859C 7FF0B0 396FF7 791EBB 4E8517 7FEDCA 50002B 41E6B7 44B368 7FF023 58E4E5 739134 619BC2 7FEFA1 572BC1 531AEF 448053 7FF011 3E3B39 7CF7B3 000FFF 02 0DC4F7,2026-07-22T19:40:19.818+00:00,serial_request_midpoint,357.5755,True,matched,54.20085,54.20085,2026-07-22T19:40:19.871+00:00,97.870147,1784749219797.343,2937,False,,,,,,,,,,,,,,False,,,,,,,,,,,,,,True,0.1981062166416077,-9.473622418023346,-4.988994298118892,51.672273357651775,-0.13135934816177072,-0.4883014107686391,-3.019909651730896,-7.959695238732971,-31.947576024808814,-23.25640890883716,0.33992487532828397,0.12186262141948884,1.7339145001382152,False,,,,,,,,,,,,,,False,,,,,,,,,,,,,,False,,,,,,,,,,,,,,True,0.13993374182150667,-42.016484401828436,6.53328658362283,72.48246544409706,-0.07740391095718609,-0.024134827732645456,1.483113548745289,-3.552713678800501e-16,0.0,0.0,0.0,0.0,0.0,True,2,0.19810621664162872,-9.31051901228348,-3.3699034931910505,56.456901380422494,2.8484215433668165,0.10479255540859475,-0.08919154456295449,-6.483590128719888,-32.29054203433701,-18.435183847470466,2.3061914979527955,-1.9423994681484178,-0.39551438975283576,True,-5.804092323080131,-34.24413061449346,73.77909484047903,-37.45910768692883,-39.575712998563404,-2.528741418214622
2026-07-22T19:40:20.553+00:00,157.900000,90240.300000,1.219166,4095,2,02,80,FFFFFFFF,32,2.93437240,3.04908933,2.20750651,1.35133408,1.10194404,0.49444864,2.20773336,1.19266542,1.04803102,1.49503042,2.20756914,0.88979277,1.00922931,0.95987363,2.20502057,0.63925445,1.98445441,0.97763156,2.20695290,1.00446659,0.76613374,0.81061008,2.20784338,1.17560078,1.81869107,1.36171937,2.20530342,1.14096019,1.06210837,0.80739305,2.20460476,0.70973406,SD 02 80 FFFFFFFF 920605 946C25 7FED81 612360 552D05 2ECDCF 7FEF30 59BAF8 52595F 674CAC 7FEDF8 497C0D 50418E 4D850B 7FDB0B 396F8F 791DFD 4E8395 7FE965 4FFEE5 41E6A9 44B339 7FF001 58E46D 73913A 6199A0 7FDD25 572A31 5318A0 44801A 7FD7F4 3E3A9B 7CD7B5 000FFF 02 0DC503,2026-07-22T19:40:20.376+00:00,serial_request_midpoint,354.6871,True,matched,46.27655,46.27655,2026-07-22T19:40:20.421+00:00,98.419309,1784749220364.006,2954,False,,,,,,,,,,,,,,False,,,,,,,,,,,,,,True,0.22268889112131773,-9.453795858805597,-4.823380203420912,51.66502197374507,-0.11900627969243911,-0.48776982723857926,-3.0198585128377364,-7.666198754047033,-31.951186718564077,-23.36005278306188,0.33040532033201697,0.12446346778602244,1.7369632011887859,False,,,,,,,,,,,,,,False,,,,,,,,,,,,,,False,,,,,,,,,,,,,,True,0.09020319177084932,-42.02963821481781,6.545260180452577,72.51950620872285,-0.08100659347677074,-0.021956941966749743,1.4814204317479358,5.329070518200751e-16,0.0,0.0,0.0,0.0,0.0,True,2,0.22268889112133305,-9.3312273065009,-3.207295497549187,56.45187587557884,2.849059513947574,0.10588904519178008,-0.07761495346462223,-6.214305780911362,-32.25718250422388,-18.528997362371125,2.3081449674615007,-1.9393004041249386,-0.38246512395592464,True,-5.902247206824257,-34.08683887794826,73.78009594649846,-37.25029365435012,-39.53071701774701,-2.7355029063459257
2026-07-22T19:40:21.110+00:00,158.500000,90240.900000,1.219166,4095,2,02,80,FFFFFFFF,32,2.93415257,3.04844565,2.20692396,1.35103240,1.10184227,0.49445258,2.20769810,1.19266792,1.04793712,1.49506078,2.20782601,0.88971814,1.00916474,0.95980670,2.20537808,0.63925029,1.98425845,0.97759758,2.20718233,1.00437490,0.76607211,0.81057243,2.20776863,1.17548702,1.81864949,1.36143451,2.20744809,1.14086328,1.06192906,0.80738888,2.20758230,0.70970026,SD 02 80 FFFFFFFF 9204D1 9468C6 7FE92E 611FEE 552BAD 2ECDE3 7FEEED 59BB00 525817 674CFE 7FEFE0 497AED 5040A7 4D8414 7FDDB3 396F7C 791C60 4E8319 7FEB19 4FFD9C 41E5A7 44B2A0 7FEF73 58E2FD 7390DB 619664 7FED12 5728F1 531633 448009 7FEE11 3E3A08 7CD7B5 000FFF 02 0DC509,2026-07-22T19:40:20.932+00:00,serial_request_midpoint,357.9898,True,matched,31.1292,31.1292,2026-07-22T19:40:20.962+00:00,98.96069,1784749220897.308,2970,False,,,,,,,,,,,,,,False,,,,,,,,,,,,,,True,0.2594683434795273,-9.171259707966094,-4.921538205299366,51.36624910113271,-0.11974773651112675,-0.48588643536014425,-3.0194953450579995,-7.598851612010963,-32.196496088391925,-23.623422343514356,0.32580460399189454,0.12048645011413707,1.7390964309071568,False,,,,,,,,,,,,,,False,,,,,,,,,,,,,,False,,,,,,,,,,,,,,True,0.09253835642787496,-41.98394785042571,6.54013535631221,72.44658414220824,-0.0838450326683856,-0.01815085886188869,1.4803509515748494,-7.549516567451064e-16,0.0,0.0,0.0,0.0,0.0,True,2,0.2594683434795379,-9.046447621313524,-3.3110363619100567,56.15492626218732,2.8501936353746045,0.1067979486049047,-0.0783789332721586,-6.173097458325037,-32.50193908384542,-18.784553377824476,2.3129768540454894,-1.940235729838425,-0.3767005625946903,True,-5.59140734945704,-34.209299266827806,73.44455786354257,-37.28568928289444,-39.82082272149552,-3.16367353741781
2026-07-22T19:40:21.668+00:00,159.600000,90242.000000,1.217945,4095,2,02,80,FFFFFFFF,32,2.93374436,3.04815109,2.20506420,1.35070375,1.10179198,0.49444035,2.20718812,1.19259953,1.04779514,1.49501154,2.20766862,0.88971917,1.00912561,0.95980778,2.20755388,0.63922555,1.98413367,0.97753455,2.20756335,1.00428880,0.76607474,0.81054684,2.20777916,1.17547002,1.81872741,1.36125185,2.20778390,1.14075336,1.06179740,0.80735695,2.20789970,0.70967888,SD 02 80 FFFFFFFF 920295 94673B 7FDB5E 611C2D 552B03 2ECDA5 7FEB24 59BA25 525627 674C79 7FEEB5 497AF1 50401B 4D8418 7FEDDB 396F0B 791B59 4E8233 7FEDED 4FFC67 41E5B2 44B238 7FEF87 58E2C6 73918D 619451 7FEF90 572786 53146B 447F87 7FF06C 3E39AB 7CB7B5 000FFF 02 0DC514,2026-07-22T19:40:21.490+00:00,serial_request_midpoint,356.7595,True,matched,23.68025,23.68025,2026-07-22T19:40:21.513+00:00,99.511814,1784749221463.961,2987,False,,,,,,,,,,,,,,False,,,,,,,,,,,,,,True,0.30271244804521946,-8.962646589919654,-4.313311313203698,51.55173351545194,-0.09500880747738856,-0.49010194999647017,-3.0178220466138446,-7.15278414984761,-32.404839707506525,-23.26449226091529,0.3180102203585682,0.14181449473521693,1.738977338651329,False,,,,,,,,,,,,,,False,,,,,,,,,,,,,,False,,,,,,,,,,,,,,True,0.1450193022790669,-41.973303292745285,6.533424562000303,72.41120193205946,-0.07731229993805738,-0.02125178202483967,1.4815969985881072,-2.6645352591003756e-16,0.0,1.1368683772161604e-14,0.0,0.0,0.0,True,2,0.302712448045221,-8.920324411139525,-2.692073310839733,56.33822689663403,2.847759179262926,0.10976517286168509,-0.05512395239425589,-5.694248274742809,-32.61665159724142,-18.430391357993948,2.3000970542487615,-1.9287849369360484,-0.3641326769346547,True,-5.59933771800381,-33.53757941742215,73.74791141832915,-36.68089844399766,-39.73594443260511,-2.4706139302004773
2026-07-22T19:40:22.226+00:00,160.800000,90243.200000,1.217335,4095,2,02,80,FFFFFFFF,32,2.93353458,3.04786253,2.20518249,1.35045518,1.10173371,0.49444430,2.20513255,1.19254146,1.04775049,1.49501487,2.20697342,0.88964765,1.00907447,0.95974979,2.20730600,0.63922446,1.98408576,0.97746111,2.20743020,1.00421830,0.76607474,0.81051435,2.20798498,1.17543725,1.81872478,1.36112114,2.20767757,1.14065101,1.06163458,0.80737955,2.20553636,0.70963221,SD 02 80 FFFFFFFF 92016F 9465B8 7FDC3F 611956 552A3E 2ECDB9 7FDBE0 59B96B 52558B 674C82 7FE98C 4979DD 503F64 4D8342 7FEC04 396F06 791AF4 4E8127 7FECF0 4FFB6A 41E5B2 44B1B4 7FF10E 58E25C 739187 6192D5 7FEEC6 572634 531237 447FE3 7FDEE0 3E38E0 7CA7B6 000FFF 02 0DC520,2026-07-22T19:40:22.048+00:00,serial_request_midpoint,355.7486,True,matched,15.7274,15.7274,2026-07-22T19:40:22.062+00:00,100.060703,1784749221997.285,3003,False,,,,,,,,,,,,,,False,,,,,,,,,,,,,,True,0.2916478772490985,-9.129350510967651,-3.468925997103935,51.48351470049188,-0.08833468000288475,-0.49675843526589253,-3.0207348116534205,-6.268737440620967,-32.13177095170242,-23.4030246918848,0.3173876532475796,0.14574130177685926,1.7359871049006916,False,,,,,,,,,,,,,,False,,,,,,,,,,,,,,False,,,,,,,,,,,,,,True,0.16169220901907486,-41.99074074590054,6.532297002646014,72.44905568225074,-0.08012209399964307,-0.02145906428674961,1.4810718955960422,-3.552713678800501e-16,0.0,0.0,0.0,0.0,0.0,True,2,0.2916478772490954,-9.106863278261422,-1.8290747016755304,56.263797620287995,2.844028059091633,0.10442203979420607,-0.048593577110788926,-4.800909727311132,-32.33088942353604,-18.571197255162566,2.2947229842437644,-1.9298344592326147,-0.363062746373483,True,-5.962907395069329,-32.61542287386077,73.8105244477529,-35.77169276040938,-39.32443792153341,-2.5252571937308064
2026-07-22T19:40:22.780+00:00,161.300000,90243.700000,1.219166,4095,2,02,80,FFFFFFFF,32,2.93332838,3.04761053,2.20694764,1.35028936,1.10166154,0.49446560,2.20741283,1.19255363,1.04770097,1.49500969,2.20528292,0.88963573,1.00901382,0.95973733,2.20470568,0.63920935,1.98385188,0.97738604,2.20689923,1.00411521,0.76602625,0.81053355,2.20779337,1.17537543,1.81864205,1.36099526,2.20779074,1.14056653,1.06154798,0.80736088,2.20776968,0.70962761,SD 02 80 FFFFFFFF 92004E 946466 7FE95B 611771 55294A 2ECE25 7FECCF 59B992 5254DE 674C74 7FDCFE 4979AF 503E8B 4D8314 7FD8B4 396EC1 791907 4E8015 7FE8FF 4FF9F8 41E4E7 44B202 7FEFA2 58E194 7390CA 619167 7FEF9D 57251D 53110B 447F97 7FEF75 3E38CC 7CD7B6 000FFF 02 0DC525,2026-07-22T19:40:22.604+00:00,serial_request_midpoint,354.3153,True,matched,88.57655,88.57655,2026-07-22T19:40:22.692+00:00,100.690145,1784749222630.579,3022,False,,,,,,,,,,,,,,False,,,,,,,,,,,,,,True,0.24983251532271897,-9.250529279144114,-2.3285305454372254,51.38400345978274,-0.11453506941806363,-0.4975062069506406,-3.0151685232397227,-5.116779808910115,-31.92256042664888,-23.332098102883617,0.33018510379693655,0.13432496753653392,1.7400488708711734,False,,,,,,,,,,,,,,False,,,,,,,,,,,,,,False,,,,,,,,,,,,,,True,0.12376776486034352,-41.956363122222776,6.530048652762337,72.39524114123934,-0.07930543804187738,-0.018978566717973742,1.481028423058898,5.773159728050814e-16,-5.684341886080802e-15,1.1368683772161604e-14,0.0,0.0,0.0,True,2,0.24983251532274695,-9.146411163025723,-0.6808261106858958,56.160503517047005,2.8422755031786426,0.11051390927396172,-0.0734215310689629,-3.6392883662552835,-32.19187567977331,-18.506622829424533,2.3051776508174564,-1.9298124195672266,-0.38090669168346186,True,-5.639974827632901,-31.433066728148635,73.69834591466424,-34.561916707154346,-39.50872985269909,-2.512060746175325
2026-07-22T19:40:23.337+00:00,162.500000,90244.900000,1.218556,4095,2,02,80,FFFFFFFF,32,2.93303302,3.04732650,2.20740915,1.35011365,1.10165385,0.49444311,2.20804394,1.19254052,1.04766004,1.49505190,2.20741336,0.88957924,1.00898895,0.95969045,2.20763178,0.63918745,1.98374610,0.97734302,2.20768810,1.00405949,0.76601430,0.81050107,2.20775652,1.17536152,1.81865255,1.36088177,2.20756756,1.14046390,1.06139875,0.80732233,2.20803552,0.70960830,SD 02 80 FFFFFFFF 91FEB0 9462E9 7FECC8 61156F 552930 2ECDB3 7FF17E 59B968 52544F 674CE6 7FECD0 4978D5 503E32 4D8267 7FEE6F 396E5D 791828 4E7F78 7FEEDA 4FF930 41E4B5 44B17E 7FEF5C 58E167 7390E2 61901D 7FEDF5 5723CA 530F06 447EFA 7FF16E 3E3878 7CC7B6 000FFF 02 0DC531,2026-07-22T19:40:23.160+00:00,serial_request_midpoint,356.4487,True,matched,75.03325,75.03325,2026-07-22T19:40:23.235+00:00,101.232168,1784749223163.872,3038,False,,,,,,,,,,,,,,False,,,,,,,,,,,,,,True,0.2504555702520438,-9.07314494479695,-1.3225334181231225,51.34443782483074,-0.11595398973411092,-0.4976096603338737,-3.0191215697226537,-3.950271028812631,-32.034326468104425,-23.226803709061016,0.3260411776788463,0.13285365656964915,1.7382845717287234,False,,,,,,,,,,,,,,False,,,,,,,,,,,,,,False,,,,,,,,,,,,,,True,0.12306944804567213,-41.92523313864965,6.522121712580858,72.33226313354405,-0.08029159182155751,-0.014731103693427323,1.4789158131420548,-3.108624468950438e-16,0.0,1.1368683772161604e-14,0.0,0.0,0.0,True,2,0.25045557025208787,-8.961454041271535,0.32392255867339226,56.12119731526313,2.8427452181809825,0.10479570933413125,-0.07454277657659644,-2.4898991050746426,-32.29891405040206,-18.395858602092108,2.304520453514435,-1.9335268789680193,-0.3757084047313279,True,-5.576702625749574,-30.445285948727395,73.65318466454463,-33.48243294409222,-39.525279312717814,-2.4957389149609526
2026-07-22T19:40:23.894+00:00,163.000000,90245.400000,1.220997,4095,2,02,80,FFFFFFFF,32,2.93312148,3.04729668,2.20737336,1.34996667,1.10165266,0.49443858,2.20794234,1.19249649,1.04763943,1.49503450,2.20534023,0.88957588,1.00898504,0.95967690,2.20722127,0.63919249,1.98371479,0.97728740,2.20775179,1.00403776,0.76597322,0.81049541,2.20800551,1.17531763,1.81867925,1.36081540,2.20760599,1.14036641,1.06127290,0.80735229,2.20784917,0.70958439,SD 02 80 FFFFFFFF 91FF2C 9462C1 7FEC84 6113C1 55292C 2ECD9C 7FF0BD 59B8DB 525407 674CB7 7FDD6B 4978C8 503E24 4D8235 7FEB63 396E74 7917E6 4E7EAD 7FEF53 4FF8E2 41E409 44B167 7FF135 58E0D9 73911F 618F5C 7FEE3E 572288 530D52 447F74 7FF00C 3E3810 7D07B6 000FFF 02 0DC536,2026-07-22T19:40:23.716+00:00,serial_request_midpoint,357.0928,True,matched,51.2592,51.2592,2026-07-22T19:40:23.767+00:00,101.765373,1784749223697.155,3054,False,,,,,,,,,,,,,,False,,,,,,,,,,,,,,True,0.2570020368970564,-9.050517509413933,-0.4963030152097804,51.270897605669894,-0.11551166464675014,-0.5008717654109172,-3.019494739986097,-3.326137492667928,-31.903688113162282,-23.54929165184701,0.3366540734089589,0.13399174217874393,1.735097932864863,False,,,,,,,,,,,,,,False,,,,,,,,,,,,,,False,,,,,,,,,,,,,,True,0.12143129084189205,-41.994402300411124,6.5323252829028675,72.45524282260519,-0.08040098070839323,-0.02358766925454079,1.4811709871378156,4.4408920985006264e-17,0.0,0.0,0.0,0.0,0.0,True,2,0.25700203689703544,-8.940093779188027,1.1599967286817399,56.04428217720253,2.840727405543438,0.10351081490284761,-0.07402779374505797,-1.827718926036796,-32.19558777968732,-18.731588994623802,2.300087082191629,-1.9342904559728102,-0.38974991588001756,True,-5.586897933607711,-29.575164063852554,73.6419321171915,-32.71051784769695,-39.41870073353126,-2.617908944664191
2026-07-22T19:40:24.452+00:00,164.200000,90246.600000,1.220387,4095,2,02,80,FFFFFFFF,32,2.93300377,3.04707082,2.20517671,1.34979953,1.10159291,0.49445475,2.20715970,1.19246964,1.04762913,1.49507078,2.20483762,0.88957069,1.00895625,0.95965603,2.20718549,0.63917957,1.98365076,0.97724575,2.20761862,1.00398399,0.76595411,0.81048409,2.20801235,1.17531701,1.81872653,1.36067784,2.20744809,1.14029194,1.06120017,0.80733657,2.20549850,0.70957726,SD 02 80 FFFFFFFF 91FE87 946192 7FDC34 6111D8 552862 2ECDEE 7FEAEE 59B885 5253E3 674D19 7FD9AF 4978B4 503DBD 4D81E8 7FEB1F 396E39 79175F 4E7E15 7FEE56 4FF821 41E3B9 44B139 7FF142 58E0D7 73918B 618DCC 7FED12 572192 530C56 447F34 7FDE98 3E37F1 7CF7B6 000FFF 02 0DC542,2026-07-22T19:40:24.274+00:00,serial_request_midpoint,356.5159,True,matched,41.34335,41.34335,2026-07-22T19:40:24.314+00:00,102.31276,1784749224263.813,3071,False,,,,,,,,,,,,,,False,,,,,,,,,,,,,,True,0.28139379128442216,-9.02807060877803,1.0388433523749938,51.14531229132013,-0.12301300269368502,-0.5020606417133942,-3.0178649494785814,-1.7747942882780017,-31.8188690954241,-23.663308604427915,0.339948574869811,0.13019783376683913,1.735749650542625,False,,,,,,,,,,,,,,False,,,,,,,,,,,,,,False,,,,,,,,,,,,,,True,0.09771732220992296,-42.0242825348154,6.53907547066329,72.51210766551723,-0.08114729114194116,-0.022072606896231497,1.4815912435524152,0.0,0.0,1.1368683772161604e-14,0.0,0.0,0.0,True,2,0.28139379128434383,-8.894309074450717,2.7003849717579227,55.91627752325172,2.839564130734811,0.10500536104933934,-0.08110668877206935,-0.27615967113564743,-32.13201378177498,-18.847007468180287,2.302903561633437,-1.9352132679026484,-0.39448355597236934,True,-5.44224436556677,-28.014413952087505,73.53035402602559,-31.157396076214987,-39.43095245198697,-2.7645310694960585
2026-07-22T19:40:25.010+00:00,164.800000,90247.200000,1.217946,4095,2,02,80,FFFFFFFF,32,2.93280189,3.04706188,2.20449333,1.34971443,1.10153199,0.49444509,2.20495170,1.19248213,1.04760423,1.49503857,2.20707130,0.88955230,1.00895206,0.95963084,2.20781127,0.63918745,1.98362609,0.97724712,2.20536336,1.00394526,0.76594551,0.81049024,2.20507104,1.17531856,1.81864555,1.36062523,2.20451226,1.14023684,1.06106540,0.80733215,2.20475142,0.70955496,SD 02 80 FFFFFFFF 91FD6C 946186 7FD720 6110DF 552794 2ECDBD 7FDA88 59B8AD 52538C 674CC2 7FEA46 49786D 503DAE 4D818B 7FEFC4 396E5D 79172B 4E7E1A 7FDD97 4FF796 41E395 44B152 7FDB6B 58E0DC 7390D2 618D33 7FD744 5720DC 530A83 447F22 7FD90B 3E3790 7CB7B6 000FFF 02 0DC548,2026-07-22T19:40:24.831+00:00,serial_request_midpoint,357.1834,True,matched,40.2117,40.2117,2026-07-22T19:40:24.870+00:00,102.868701,1784749224797.198,3087,False,,,,,,,,,,,,,,False,,,,,,,,,,,,,,True,0.2140539395852639,-8.802463103407792,2.2666274032723734,51.138559706080265,-0.11013971968775015,-0.5017426098590694,-3.0151909195960953,-0.5121993355619334,-31.969466541618736,-23.487171954413064,0.331653407387902,0.13972469869895468,1.7398160694714682,False,,,,,,,,,,,,,,False,,,,,,,,,,,,,,False,,,,,,,,,,,,,,True,0.09831572935851535,-41.991320557087526,6.533702276743183,72.45165892873483,-0.07847802650476814,-0.020717145628383744,1.480496426531646,-4.440892098500626e-16,0.0,0.0,0.0,0.0,0.0,True,2,0.21405393958531027,-8.71288853690065,3.9268658918944404,55.91101275158729,2.8396683436890986,0.10974675411589949,-0.06919609976213231,0.9847421605313729,-32.22450997199905,-18.666918587677024,2.30155155211326,-1.9264621467485787,-0.3822556615586985,True,-5.258553998115774,-26.779090536015183,73.54005491143315,-29.86871926148718,-39.51819158359308,-2.528844304762811
2026-07-22T19:40:25.564+00:00,165.900000,90248.300000,1.214894,4095,2,02,80,FFFFFFFF,32,2.93296667,3.04699628,2.20688134,1.34962968,1.10152282,0.49443029,2.20781390,1.19243436,1.04757732,1.49503524,2.20762020,0.88952043,1.00896435,0.95962758,2.20804815,0.63916381,1.98359052,0.97721863,2.20774705,1.00395250,0.76594981,0.81045161,2.20792918,1.17530898,1.81858252,1.36060976,2.20716444,1.14023593,1.06101808,0.80732675,2.20768178,0.70954761,SD 02 80 FFFFFFFF 91FE53 94612E 7FE8DD 610FE7 552775 2ECD72 7FEFC9 59B814 52532E 674CB9 7FEE59 4977F2 503DDA 4D817F 7FF186 396DF1 7916E0 4E7DB2 7FEF4A 4FF7B0 41E3A7 44B0B5 7FF0A4 58E0BD 739042 618D06 7FEAF7 5720D9 5309DF 447F0C 7FEECE 3E3770 7C67B6 000FFF 02 0DC553,2026-07-22T19:40:25.387+00:00,serial_request_midpoint,355.39,True,matched,39.583,39.583,2026-07-22T19:40:25.426+00:00,103.424648,1784749225363.847,3104,False,,,,,,,,,,,,,,False,,,,,,,,,,,,,,True,0.13036072642292584,-8.449071627738617,3.9802303560967305,51.24577245800164,-0.1082861278619941,-0.49707651896263527,-3.019331145073371,1.4667861085247094,-32.16374130117523,-23.286416962737395,0.32111255171828657,0.1326008466467357,1.7395958755170435,False,,,,,,,,,,,,,,False,,,,,,,,,,,,,,False,,,,,,,,,,,,,,True,0.11568897188524399,-41.97780000570675,6.522295315844301,72.41833040541103,-0.08407479483208703,-0.0145002546438977,1.4783971142307109,4.440892098500626e-16,0.0,0.0,0.0,0.0,0.0,True,2,0.13036072642294497,-8.362333631980551,5.624057553532067,56.02395535084622,2.8432774025402288,0.10513681241610846,-0.06735868533916112,2.910222012818709,-32.4148481641699,-18.449665860400124,2.306232877993079,-1.9331652992710988,-0.3691647313725706,True,-5.034239304724876,-25.151959599498884,73.55483870216032,-28.130815512839888,-39.63650157761809,-2.6422933387304965
2026-07-22T19:40:26.125+00:00,166.500000,90248.900000,1.217946,4095,2,02,80,FFFFFFFF,32,2.93300092,3.04706039,2.20750704,1.34967957,1.10148023,0.49443404,2.20745493,1.19241250,1.04764515,1.49505560,2.20783338,0.88951835,1.00895849,0.95962244,2.20800972,0.63916468,1.98352507,0.97718383,2.20771810,1.00395724,0.76594623,0.81047744,2.20555634,1.17535472,1.81855669,1.36082021,2.20479294,1.14023200,1.06104462,0.80732872,2.20476035,0.70958738,SD 02 80 FFFFFFFF 91FE83 946184 7FED82 611079 5526E5 2ECD85 7FED1F 59B7CE 52541B 674CF0 7FEFEE 4977EA 503DC5 4D816C 7FF13D 396DF5 791656 4E7D33 7FEF13 4FF7C1 41E398 44B11E 7FDF06 58E151 739007 618F6A 7FD95A 5720CC 530A3B 447F14 7FD91C 3E381D 7CB7B6 000FFF 02 0DC559,2026-07-22T19:40:25.946+00:00,serial_request_midpoint,359.0148,True,matched,23.3552,23.3552,2026-07-22T19:40:25.969+00:00,103.96646,1784749225897.119,3120,False,,,,,,,,,,,,,,False,,,,,,,,,,,,,,True,0.1309194030026297,-8.359141977139746,5.177375319326444,51.156116962788516,-0.11915507995478167,-0.49679856950845624,-3.020012699696613,2.4865338268799873,-32.14957742541965,-23.638104197418,0.3338728925669247,0.1268233457965849,1.7360208554245091,False,,,,,,,,,,,,,,False,,,,,,,,,,,,,,False,,,,,,,,,,,,,,True,0.11426999802707258,-42.08044436450707,6.5380048565624405,72.59348157962977,-0.08353679232726847,-0.021097974376999108,1.4807916561455874,-6.647460359943125e-16,0.0,0.0,0.0,0.0,0.0,True,2,0.130919403002634,-8.236280356663583,6.821296807938761,55.933475058682134,2.8433164320281925,0.10350780538417674,-0.0775153647071714,3.956260818691922,-32.45764152297322,-18.81257600910062,2.3055665780989205,-1.9382195496018004,-0.38683517754611135,True,-4.855380141814399,-23.960802992448635,73.44356244705263,-27.023902212056065,-39.72241263737244,-2.9058505768875307
2026-07-22T19:40:26.681+00:00,167.600000,90250.000000,1.218556,4095,2,02,80,FFFFFFFF,32,2.93445020,3.04810933,2.20436089,1.35013006,1.10155121,0.49443818,2.20726495,1.19249462,1.04784666,1.49506782,2.20778337,0.88955385,1.00901550,0.95967690,2.20777863,0.63919161,1.98373566,0.97727370,2.20779495,1.00412998,0.76600953,0.81057144,2.20727653,1.17570280,1.81874798,1.36165159,2.20717707,1.14051052,1.06131591,0.80738176,2.20725758,0.70978142,SD 02 80 FFFFFFFF 920672 946703 7FD624 61159F 5527D5 2ECD9A 7FEBB6 59B8D5 5256DB 674D11 7FEF8F 497873 503E91 4D8235 7FEF86 396E70 791812 4E7E7B 7FEFA5 4FFA2D 41E4A1 44B29C 7FEBCC 58E5B7 7391BC 6198DB 7FEB0F 572464 530DE7 447FEC 7FEBA8 3E3B69 7CC7B6 000FFF 02 0DC564,2026-07-22T19:40:26.503+00:00,serial_request_midpoint,356.3033,True,matched,6.10495,6.10495,2026-07-22T19:40:26.508+00:00,104.507051,1784749226430.452,3136,False,,,,,,,,,,,,,,False,,,,,,,,,,,,,,True,0.08093419477881679,-8.361524255297173,6.794323238955743,51.10048385153815,-0.11516823610225821,-0.4935769048872057,-3.019716339375813,4.012655593068065,-31.988924137542927,-23.343847014035383,0.3292229613512998,0.1307845093788742,1.7351712563294643,False,,,,,,,,,,,,,,False,,,,,,,,,,,,,,False,,,,,,,,,,,,,,True,0.09355840386025317,-41.975441216105295,6.524390594840925,72.41619610143219,-0.07977395151940413,-0.019988306556848925,1.482253329975989,7.549516567451064e-16,0.0,0.0,0.0,0.0,0.0,True,2,0.08093419477882526,-8.251844359308727,8.42797811947062,55.88168298188638,2.845419762374369,0.10497374547482363,-0.07387523691190323,5.478262594894575,-32.271645289642535,-18.515515217378343,2.302508488258279,-1.9376781843153275,-0.3803075142944517,True,-4.8722339023129875,-22.38790372862705,73.33249883144477,-25.517720444449512,-39.44002657925489,-2.595883945154162
2026-07-22T19:40:27.237+00:00,168.800000,90251.200000,1.219166,4095,2,02,80,FFFFFFFF,32,2.94036282,3.05307123,2.20691765,1.35229315,1.10164527,0.49444252,2.20786127,1.19277659,1.04876694,1.49502709,2.20761125,0.88982231,1.00926620,0.95991645,2.20786601,0.63926934,1.98399182,0.97748550,2.20540806,1.00465471,0.76615715,0.81085150,2.20488546,1.17660085,1.81917921,1.36382665,2.20455746,1.14140483,1.06216093,0.80745223,2.20676822,0.71014820,SD 02 80 FFFFFFFF 9226C4 9480FB 7FE922 612E53 552913 2ECDB0 7FF023 59BC5C 526369 674CA3 7FEE48 497C7F 504212 4D85A9 7FF02C 396FD3 791A2E 4E8180 7FDDEC 500188 41E70B 44B70E 7FDA0A 58F10F 739595 61B189 7FD79A 572FED 531956 44810B 7FE806 3E41A4 7CD7B7 000FFF 02 0DC570,2026-07-22T19:40:27.060+00:00,serial_request_midpoint,355.0682,True,matched,4.4884,4.4884,2026-07-22T19:40:27.063+00:00,105.061885,1784749226997.137,3153,False,,,,,,,,,,,,,,False,,,,,,,,,,,,,,True,0.09079258433882666,-8.27643366025843,8.572195669367376,51.07788117072978,-0.10254848625607152,-0.4902758862920468,-3.015114305335503,5.803463877916554,-31.989328657789343,-23.331163723955264,0.3206309727914311,0.1378576964354306,1.741580676268547,False,,,,,,,,,,,,,,False,,,,,,,,,,,,,,False,,,,,,,,,,,,,,True,0.1234269652779581,-42.018898260545356,6.529579387122172,72.49316410358504,-0.07786576550950829,-0.01947020447996657,1.4813555304878863,2.220446049250313e-16,0.0,1.1368683772161604e-14,0.0,0.0,0.0,True,2,0.09079258433884514,-8.211408045744518,10.196040592650846,55.86323618444828,2.8471266319803443,0.11310903374659996,-0.06233673708007202,7.259235999487291,-32.219644807925626,-18.497075880961404,2.3050089941869705,-1.9277881033536453,-0.36785832661523676,True,-4.749373279447825,-20.634896653111465,73.27124981487057,-23.72356922994986,-39.47172846111585,-2.589707225711038
2026-07-22T19:40:27.794+00:00,169.300000,90251.700000,1.219777,4095,2,02,80,FFFFFFFF,32,2.95011028,3.06154702,2.20738652,1.35606054,1.10202303,0.49445219,2.20509627,1.19318761,1.05033438,1.49510299,2.20721864,0.89037597,1.00975151,0.96042603,2.20771494,0.63940335,1.98501535,0.97797525,2.20757599,1.00557361,0.76646081,0.81120989,2.20786706,1.17775657,1.81967754,1.36687162,2.20763125,1.14259759,1.06356497,0.80756225,2.20734652,0.71055993,SD 02 80 FFFFFFFF 925BE3 94AD3A 7FEC9D 615947 552E10 2ECDE1 7FDB9B 59C180 5278C7 674D70 7FEB5E 4984D7 5048DA 4D8D01 7FEF0D 397237 79229B 4E887B 7FEE05 500E68 41EC02 44BCBE 7FF02E 58FFA6 739A07 61D409 7FEE6E 573F4D 532C52 4482CB 7FEC51 3E48A2 7CE7B7 000FFF 02 0DC575,2026-07-22T19:40:27.616+00:00,serial_request_midpoint,356.2606,True,matched,93.2299,93.2299,2026-07-22T19:40:27.708+00:00,105.706479,1784749227630.503,3172,False,,,,,,,,,,,,,,False,,,,,,,,,,,,,,True,0.09936162854109153,-8.008689961248031,10.9641790403131,50.608885635587534,-0.07811011875879538,-0.5070134461237936,-2.9972370982165706,8.226141547176052,-31.971744805552913,-23.674689692693516,0.31695813339703327,0.15954235127010946,1.7564343051859577,False,,,,,,,,,,,,,,False,,,,,,,,,,,,,,False,,,,,,,,,,,,,,True,0.18765752624095647,-41.98330269492381,6.5250319684216525,72.43484416165867,-0.07912265605260539,-0.01928937678913531,1.4818979047276013,8.881784197001253e-17,0.0,1.1368683772161604e-14,0.0,0.0,0.0,True,2,0.09936162854107974,-8.038374396980819,12.643399550187986,55.37544208649355,2.8340967815869225,0.1356702001550122,-0.03983069339809433,9.724903038131208,-32.10629947114662,-18.85013457109112,2.3066393576214654,-1.898408183565774,-0.35994571317914964,True,-4.24812634260153,-17.917786509898235,73.18609173829498,-20.99257880196829,-39.68123422683239,-2.5827442584930282
2026-07-22T19:40:28.349+00:00,170.500000,90252.900000,1.217945,4095,2,02,80,FFFFFFFF,32,2.95930223,3.07007421,2.20737231,1.36022503,1.10250297,0.49443937,2.20765178,1.19368903,1.05180576,1.49515557,2.20729652,0.89100478,1.01028758,0.96092682,2.20769862,0.63955949,1.98635328,0.97856825,2.20759914,1.00649722,0.76673490,0.81154547,2.20785443,1.17846432,1.82003275,1.36911005,2.20497115,1.14357248,1.06491815,0.80766589,2.20723495,0.71076561,SD 02 80 FFFFFFFF 928DCC 94D999 7FEC82 6188A7 553466 2ECDA0 7FEE95 59C7C5 528CD1 674DFE 7FEBF2 498E50 505057 4D9438 7FEEEE 397500 792D9D 4E90EE 7FEE31 501B57 41F07D 44C211 7FF016 590894 739D32 61ED5C 7FDAAD 574BDC 533E9A 448471 7FEB7D 3E4C20 7CB7B5 000FFF 02 0DC581,2026-07-22T19:40:28.172+00:00,serial_request_midpoint,355.5436,True,matched,92.193,92.193,2026-07-22T19:40:28.263+00:00,106.261981,1784749228197.209,3189,False,,,,,,,,,,,,,,False,,,,,,,,,,,,,,True,0.09506593395061083,-7.952590735589193,9.57163409503243,48.36656483010078,-0.1011225439338489,-0.6305587218624137,-2.9813138924640983,6.611845963779348,-32.001334873739424,-25.978213926927566,0.40021853209967884,0.22289854086122887,1.7385331677925921,False,,,,,,,,,,,,,,False,,,,,,,,,,,,,,False,,,,,,,,,,,,,,True,0.12999641631030354,-41.95744669904316,6.523729561116015,72.38842130373854,-0.07223922797159125,-0.026406797566377732,1.4845896690321176,-3.552713678800501e-16,5.684341886080802e-15,1.1368683772161604e-14,0.0,0.0,0.0,True,2,0.09506593395061883,-7.922292293084366,11.637550301720546,52.978700487228664,2.7525279209487796,0.1224456541957297,-0.0594985013710876,8.548571924103044,-32.1553520808237,-21.31279922478634,2.2462572818747737,-1.8610134935181717,-0.4611965296324578,True,-4.175048528493754,-17.38399423640767,73.20935622356913,-20.572123285126406,-39.63922289178172,-2.2983809337052437
2026-07-22T19:40:28.907+00:00,171.100000,90253.500000,1.221607,4095,2,02,80,FFFFFFFF,32,2.96181796,3.07298120,2.20723390,1.36229922,1.10299400,0.49445436,2.20796708,1.19399245,1.05232608,1.49519740,2.20786391,0.89132874,1.01063136,0.96119098,2.20766652,0.63968169,1.98737986,0.97901994,2.20755072,1.00699229,0.76688858,0.81163461,2.20783811,1.17843088,1.82011861,1.36955579,2.20770810,1.14409185,1.06574246,0.80772803,2.20767599,0.71073754,SD 02 80 FFFFFFFF 929B6D 94E8B1 7FEB7B 61A035 553AE1 2ECDEC 7FF0EC 59CB90 5293E6 674E6F 7FF028 499331 505524 4D9806 7FEEB1 39772E 79360E 4E975D 7FEDD5 502245 41F300 44C37B 7FEFF7 590828 739DF6 61F266 7FEF00 57528C 5349BB 44856E 7FEEC3 3E4BA6 7D17B5 000FFF 02 0DC587,2026-07-22T19:40:28.729+00:00,serial_request_midpoint,356.8881,True,matched,89.72195,89.72195,2026-07-22T19:40:28.818+00:00,106.816734,1784749228763.926,3206,False,,,,,,,,,,,,,,False,,,,,,,,,,,,,,True,0.22113285967018378,-7.9207567400959835,9.43803462843658,47.35311971338561,-0.13549175998156962,-0.6938616780956537,-2.97316417267123,6.749691245218233,-31.93166914837952,-26.96389199813246,0.4462494321981688,0.23627436345236605,1.730687293387083,False,,,,,,,,,,,,,,False,,,,,,,,,,,,,,False,,,,,,,,,,,,,,True,0.09369838657961818,-41.94616187497008,6.517506237531843,72.37278432984087,-0.07705413498015574,-0.022360690346379095,1.4818357996352676,8.881784197001253e-17,0.0,0.0,0.0,0.0,0.0,True,2,0.22113285967023327,-7.7835450996937485,11.698566009818196,51.8710721653117,2.710442697541657,0.11151549949061731,-0.08959527948538003,8.866148187775329,-32.16743890538428,-22.380689389658585,2.2276973717559856,-1.8495062914476688,-0.5185383269686109,True,-3.9248911860997167,-16.469383992999617,73.25444648617159,-19.522469676955442,-39.85061200135313,-2.365031977527019
2026-07-22T19:40:29.464+00:00,172.200000,90254.600000,1.218556,4095,2,02,80,FFFFFFFF,32,2.95782883,3.07031408,2.20523717,1.36184944,1.10323528,0.49448217,2.20515884,1.19398401,1.05188094,1.49517223,2.20474406,0.89130332,1.01062688,0.96116060,2.20709813,0.63968432,1.98779710,0.97916641,2.20765704,1.00692559,0.76687806,0.81152036,2.20793550,1.17792714,1.81997274,1.36869792,2.20752335,1.14407577,1.06589730,0.80770126,2.20735547,0.71063240,SD 02 80 FFFFFFFF 9285CF 94DAD8 7FDCA7 619B1A 553E10 2ECE79 7FDC12 59CB75 528DD7 674E2B 7FD8FD 4992CF 505514 4D9796 7FEA79 39773A 79397C 4E9973 7FEE9F 502156 41F2D4 44C1AB 7FF0B0 5901CD 739CA9 61E8B3 7FEDA1 575257 534BD2 448501 7FEC62 3E49DD 7CC7B7 000FFF 02 0DC592,2026-07-22T19:40:29.287+00:00,serial_request_midpoint,353.7979,True,matched,5.10925,5.10925,2026-07-22T19:40:29.291+00:00,107.289554,1784749229230.644,3220,False,,,,,,,,,,,,,,False,,,,,,,,,,,,,,True,0.12241744589373013,-8.054200695049705,11.07570970390913,47.467911406533545,-0.14925861582540179,-0.6830307294373145,-2.9707006929273003,8.545973325293996,-31.685161049830505,-26.698343576857734,0.44328208322776763,0.22098573324903006,1.73736959464135,False,,,,,,,,,,,,,,False,,,,,,,,,,,,,,False,,,,,,,,,,,,,,True,0.09285393153447154,-41.94787142026412,6.52501847700281,72.37363232977478,-0.0802747403190684,-0.01708052813198816,1.4803490937206407,-1.1102230246251565e-16,0.0,0.0,0.0,0.0,0.0,True,2,0.12241744589370673,-7.8752412705646275,13.307904432433393,51.99847464939469,2.7164289033127407,0.11723919917232385,-0.10255988923882099,10.612228384782174,-31.958087369350523,-22.094342671940286,2.2434818629697855,-1.8526723413509796,-0.5164932032040355,True,-3.755128084756561,-14.987839368060715,73.16322990063912,-17.973184250204806,-39.91220118146997,-2.4684013522602073
2026-07-22T19:40:30.020+00:00,172.800000,90255.200000,1.216725,4095,2,02,80,FFFFFFFF,32,2.95214844,3.06575950,2.20761441,1.36042993,1.10324860,0.49449026,2.20797603,1.19389057,1.05117115,1.49522925,2.20781811,0.89114535,1.01051163,0.96101089,2.20797235,0.63965344,1.98772486,0.97914913,2.20766125,1.00669422,0.76684078,0.81137706,2.20543067,1.17740745,1.81987463,1.36760088,2.20684399,1.14392832,1.06571844,0.80770175,2.20522666,0.71054038,SD 02 80 FFFFFFFF 9266F8 94C32A 7FEE4E 618AFB 553E3D 2ECEA2 7FF0FD 59CA4A 52842D 674EC5 7FEFD1 49906E 505378 4D956E 7FF0F6 3976AD 7938E4 4E9934 7FEEA7 501E19 41F238 44BF65 7FDE17 58FB3E 739BC9 61DC4A 7FE896 575071 534968 448503 7FDC93 3E484D 7C97B7 000FFF 02 0DC598,2026-07-22T19:40:29.843+00:00,serial_request_midpoint,355.9014,True,matched,84.7674,84.7674,2026-07-22T19:40:29.927+00:00,107.925184,1784749229864.062,3239,False,,,,,,,,,,,,,,False,,,,,,,,,,,,,,True,0.0735043376176744,-7.871659333717178,12.185612345571508,47.158588443493976,-0.1765001575929212,-0.7031904907763467,-2.9713513030140266,9.479086718890219,-31.710166773647064,-27.33261720697306,0.47569389880735036,0.21640567043541234,1.7266093011622965,False,,,,,,,,,,,,,,False,,,,,,,,,,,,,,False,,,,,,,,,,,,,,True,0.14093399815940882,-42.03213001710631,6.53450229830799,72.52760346463148,-0.08082449312810033,-0.024542013446863634,1.4828774014235444,6.661338147750939e-16,0.0,0.0,0.0,0.0,0.0,True,2,0.073504337617675,-7.602047311384088,14.478053538103074,51.654447180880254,2.703035420798427,0.10749281916842675,-0.12645732270092286,11.635720305881362,-32.09335446963691,-22.778188394109883,2.2332987847931993,-1.8583328339641274,-0.5592899065354922,True,-3.4284162847032915,-13.562766109432658,73.1454814109877,-16.626749966029557,-40.133020557007214,-2.724065175552357
2026-07-22T19:40:30.578+00:00,173.900000,90256.300000,1.217946,4095,2,02,80,FFFFFFFF,32,2.94726732,3.06184008,2.20456324,1.35876800,1.10318051,0.49447132,2.20444393,1.19379027,1.05054884,1.49517482,2.20701447,0.89096276,1.01031499,0.96084385,2.20753335,0.63958380,1.98740932,0.97902021,2.20526767,1.00636356,0.76676526,0.81124731,2.20490807,1.17705067,1.81968148,1.36659560,2.20454537,1.14371960,1.06543080,0.80768922,2.20687135,0.71045089,SD 02 80 FFFFFFFF 924C6A 94AEC1 7FD7A5 617817 553D57 2ECE42 7FD6C2 59C909 527BB3 674E32 7FE9DA 498DAE 5050B9 4D9306 7FEDB4 39756F 79364C 4E975E 7FDCE1 501978 41F0FC 44BD56 7FDA35 58F6BD 739A10 61D0E9 7FD783 574DC1 534586 4484D0 7FE8CA 3E46C8 7CB7B7 000FFF 02 0DC5A3,2026-07-22T19:40:30.400+00:00,serial_request_midpoint,357.3999,True,matched,77.68885,77.68885,2026-07-22T19:40:30.476+00:00,108.474915,1784749230397.413,3255,False,,,,,,,,,,,,,,False,,,,,,,,,,,,,,True,0.11898895181566427,-7.839872827938431,13.021049250340146,47.037971614101025,-0.17515044115081307,-0.7084930956415645,-2.9663368542410806,10.289545072401486,-31.680090620750327,-27.222189635841055,0.47696818454564166,0.2235769053724578,1.7292529996367108,False,,,,,,,,,,,,,,False,,,,,,,,,,,,,,False,,,,,,,,,,,,,,True,0.12202096910357449,-41.96398156697877,6.528363353217273,72.41395870254902,-0.07787094270139937,-0.023100717064347416,1.4829567077369876,-5.329070518200751e-16,0.0,0.0,0.0,0.0,0.0,True,2,0.11898895181569404,-7.5795071100521145,15.331967206780769,51.524907207356044,2.6988153415204543,0.1126200456326728,-0.12535180922937667,12.467910320521685,-32.038921453839656,-22.676126679229526,2.2315829646373833,-1.8505993792765632,-0.5595697525002421,True,-3.2918337709534287,-12.608209353532004,73.12429853785144,-15.671048062194112,-40.13183087347735,-2.4703068989415558
2026-07-22T19:40:31.136+00:00,174.500000,90256.900000,1.220997,4095,2,02,80,FFFFFFFF,32,2.94386434,3.05875741,2.20715444,1.35735472,1.10309258,0.49446225,2.20555792,1.19367497,1.04998637,1.49517815,2.20506263,0.89081857,1.01016508,0.96067600,2.20722127,0.63953277,1.98701687,0.97888417,2.20485182,1.00604023,0.76671029,0.81114195,2.20474090,1.17675242,1.81946208,1.36572363,2.20660828,1.14345510,1.06505208,0.80765042,2.20718496,0.71034853,SD 02 80 FFFFFFFF 9239DF 949EAE 7FEAE4 616803 553C2E 2ECE14 7FDF09 59C798 527409 674E3B 7FDB5B 498B82 504EA1 4D909B 7FEB63 397486 793312 4E956E 7FD9CA 5014F1 41F016 44BBAA 7FD8F7 58F2F9 73981B 61C709 7FE6D6 574A59 534069 448432 7FEB1E 3E450B 7D07B7 000FFF 02 0DC5A9,2026-07-22T19:40:30.958+00:00,serial_request_midpoint,357.7875,True,matched,63.58865,63.58865,2026-07-22T19:40:31.020+00:00,109.018646,1784749230964.076,3272,False,,,,,,,,,,,,,,False,,,,,,,,,,,,,,True,0.07675421690122612,-7.7431546327524,14.088529240007844,46.91822773849205,-0.19650601463605366,-0.7151440805117973,-2.962651938377277,11.404175479283904,-31.695764988043738,-27.334026101396194,0.49126275085144444,0.21550709515868124,1.729321731793365,False,,,,,,,,,,,,,,False,,,,,,,,,,,,,,False,,,,,,,,,,,,,,True,0.17084262180812734,-41.988105090142014,6.532343243223115,72.45277572361081,-0.07905360582037849,-0.021981410484649144,1.4829070965265236,4.4408920985006264e-17,0.0,-1.1368683772161604e-14,0.0,0.0,0.0,True,2,0.07675421690120154,-7.4164708488706355,16.42274413636133,51.38873571612193,2.693161806098477,0.1132886033525951,-0.14457888553621603,13.605399431505669,-32.11794040047948,-22.804445095567722,2.2353313867309135,-1.8514223630005588,-0.5790075112561802,True,-2.8942556545957623,-11.411410547494324,73.07699792184083,-14.440324269291514,-40.442603089262114,-2.5631830808443623
2026-07-22T19:40:31.693+00:00,175.600000,90258.000000,1.218556,4095,2,02,80,FFFFFFFF,32,2.94136318,3.05642027,2.20758230,1.35621352,1.10295641,0.49447251,2.20512046,1.19357249,1.04957397,1.49516741,2.20711445,0.89061450,1.00997912,0.96053800,2.20727547,0.63949094,1.98675939,0.97875390,2.20745178,1.00583214,0.76660968,0.81102872,2.20757441,1.17645021,1.81939070,1.36492689,2.20757546,1.14325251,1.06473390,0.80764993,2.20795497,0.71026274,SD 02 80 FFFFFFFF 922C3A 94927B 7FEE11 615B05 553A62 2ECE48 7FDBC9 59C650 526E6A 674E1E 7FEA98 49886F 504C08 4D8E9E 7FEBCA 3973C7 7930F4 4E9393 7FED19 501207 41EE71 44B9DE 7FEE02 58EF28 739778 61BE02 7FEE04 5747BD 533C1D 448430 7FF0D5 3E4396 7CC7B7 000FFF 02 0DC5B4,2026-07-22T19:40:31.515+00:00,serial_request_midpoint,356.0626,True,matched,57.2625,57.2625,2026-07-22T19:40:31.572+00:00,109.570246,1784749231497.438,3288,False,,,,,,,,,,,,,,False,,,,,,,,,,,,,,True,0.1066800062158158,-8.224633642090206,14.473169785551036,46.78162170724857,-0.23067530120191926,-0.7205808768858414,-2.9644496273323404,11.510575784183358,-31.185828731645568,-27.516919728256077,0.5176443285637798,0.20324064860146307,1.7189164997240616,False,,,,,,,,,,,,,,False,,,,,,,,,,,,,,False,,,,,,,,,,,,,,True,0.17218029342438898,-41.98993258235904,6.535739945799494,72.45518661178706,-0.07567497224047053,-0.026960253574678565,1.4858227475082642,-1.7763568394002506e-16,0.0,0.0,0.0,0.0,0.0,True,2,0.10668000621581453,-7.784214282622868,16.82348864794467,51.23389697798518,2.6886236003778556,0.10533880677112317,-0.17491957593662735,13.761877197478697,-31.72816946647207,-23.024901080991583,2.23019618154312,-1.8623325807062077,-0.6154950548590938,True,-3.106222059679702,-10.960047045224822,72.95399936910223,-14.131150789446348,-40.146988961630015,-2.612312250548905
2026-07-22T19:40:32.248+00:00,176.800000,90259.200000,1.218556,4095,2,02,80,FFFFFFFF,32,2.93951876,3.05460244,2.20524138,1.35530581,1.10284185,0.49447113,2.20526083,1.19351563,1.04923472,1.49516445,2.20705340,0.89049523,1.00983819,0.96040326,2.20767441,0.63944977,1.98636136,0.97861514,2.20527976,1.00557500,0.76654660,0.81096250,2.20504948,1.17627732,1.81924795,1.36438409,2.20494487,1.14301295,1.06438629,0.80760744,2.20475877,0.71020455,SD 02 80 FFFFFFFF 922228 9488FC 7FDCAF 6150AE 5538DF 2ECE41 7FDCD4 59C59A 5269CA 674E16 7FEA24 4986A3 504A10 4D8CAD 7FEEC0 39730B 792DAE 4E9199 7FDCF8 500E6D 41ED69 44B8D1 7FDB42 58ECF9 739632 61B7DB 7FDA7B 5744A7 53376B 448383 7FD919 3E4299 7CC7B7 000FFF 02 0DC5C0,2026-07-22T19:40:32.071+00:00,serial_request_midpoint,354.8027,True,matched,56.17625,56.17625,2026-07-22T19:40:32.128+00:00,110.125364,1784749232064.144,3305,False,,,,,,,,,,,,,,False,,,,,,,,,,,,,,True,0.12394396545944775,-8.19244131922704,14.549818935494722,46.76838879641426,-0.23615082009440375,-0.7209028752762886,-2.9647538971233693,11.990424393435436,-31.12131618995079,-27.482775039902993,0.5142902482187839,0.1952404175429327,1.725243825046942,False,,,,,,,,,,,,,,False,,,,,,,,,,,,,,False,,,,,,,,,,,,,,True,0.16381522817894106,-41.99745423810667,6.530336854122031,72.46894387066166,-0.0826138663521896,-0.02135097819485463,1.480110133554105,-7.494005416219807e-16,0.0,1.1368683772161604e-14,0.0,0.0,0.0,True,2,0.12394396545944819,-7.733816230124205,16.901037529709107,51.218350278506726,2.688216952207937,0.1041774809296398,-0.17979233088177105,14.210138945510266,-31.674788731561357,-22.976417475835195,2.2414631720145577,-1.8614623405483643,-0.6120450941541151,True,-3.0289018037561233,-10.882048141733605,72.93321259780262,-13.801516909330497,-40.29354767612323,-2.8112136519794033
2026-07-22T19:40:32.806+00:00,177.300000,90259.700000,1.219166,4095,2,02,80,FFFFFFFF,32,2.93824818,3.05350158,2.20462999,1.35455345,1.10270570,0.49445594,2.20465207,1.19338847,1.04893908,1.49516852,2.20435826,0.89039775,1.00972243,0.96028697,2.20472986,0.63941298,1.98608876,0.97846351,2.20472145,1.00539151,0.76649785,0.81092140,2.20496484,1.17613414,1.81914812,1.36386730,2.20709971,1.14284346,1.06412635,0.80759123,2.20533707,0.71014774,SD 02 80 FFFFFFFF 921B37 94833B 7FD824 61481B 553713 2ECDF4 7FD84E 59C403 5265C2 674E21 7FD61F 49852B 504872 4D8B00 7FD8E2 397263 792B70 4E8F70 7FD8D2 500BDB 41EC9D 44B82A 7FDAA1 58EB2A 73954E 61B1FF 7FEA7C 574278 5333E8 448341 7FDD65 3E41A2 7CD7B7 000FFF 02 0DC5C5,2026-07-22T19:40:32.628+00:00,serial_request_midpoint,356.1629,True,matched,54.74055,54.74055,2026-07-22T19:40:32.682+00:00,110.680528,1784749232630.872,3322,False,,,,,,,,,,,,,,False,,,,,,,,,,,,,,True,0.11762741072419028,-7.5588315707912255,14.201209612468498,46.73055432802098,-0.24187262631187392,-0.7133659305164614,-2.9513207805382393,11.577484525004824,-31.85450473058874,-27.446192248343955,0.5163199229381424,0.19337228715044197,1.7370277922482378,False,,,,,,,,,,,,,,False,,,,,,,,,,,,,,False,,,,,,,,,,,,,,True,0.15152438317882624,-41.96727921012417,6.529473007440214,72.40630703373994,-0.07848967748196743,-0.02104163048179854,1.4819435698293693,1.7763568394002506e-16,0.0,-1.1368683772161604e-14,0.0,0.0,0.0,True,2,0.1176274107241849,-7.095067311835182,16.542057955116846,51.18544768261977,2.690038102221376,0.12393462790057272,-0.18638056496098304,13.797002132431421,-32.40488303964933,-22.939358730312485,2.2540330778042086,-1.8490812967157206,-0.6139073572904259,True,-1.8707718855048008,-11.257100726624046,72.76054510112434,-14.146049097333485,-41.42414666878539,-2.8542875008887334
2026-07-22T19:40:33.364+00:00,178.500000,90260.900000,1.219167,4095,2,02,80,FFFFFFFF,32,2.93704682,3.05221522,2.20457743,1.35390761,1.10262993,0.49444035,2.20510311,1.19334443,1.04869505,1.49515557,2.20477875,0.89030701,1.00961395,0.96020673,2.20670140,0.63939349,1.98585846,0.97835795,2.20739809,1.00518184,0.76642928,0.81083329,2.20537966,1.17601354,1.81905093,1.36341677,2.20487600,1.14261729,1.06376036,0.80757011,2.20746020,0.71009117,SD 02 80 FFFFFFFF 9214A6 947C81 7FD7C0 6140BE 553613 2ECDA5 7FDBA8 59C376 52626E 674DFE 7FD93F 4983CD 5046EE 4D89D8 7FE787 39720A 79298B 4E8DEF 7FECB3 5008EB 41EB7E 44B6C4 7FDDB6 58E9A4 739470 61ACE3 7FD9F8 573F8E 532EF6 4482EB 7FED29 3E40AC 7CD7B8 000FFF 02 0DC5D1,2026-07-22T19:40:33.186+00:00,serial_request_midpoint,356.3934,True,matched,46.3579,46.3579,2026-07-22T19:40:33.230+00:00,111.229212,1784749233164.254,3338,False,,,,,,,,,,,,,,False,,,,,,,,,,,,,,True,0.045402720735633985,-6.428287015709158,13.851301361692412,46.79607179871947,-0.2304142189552627,-0.7214223133764711,-2.93301814640118,11.279953106229907,-32.99656341682094,-27.65827044551728,0.5201020228073856,0.2038385898290052,1.7530135508806692,False,,,,,,,,,,,,,,False,,,,,,,,,,,,,,False,,,,,,,,,,,,,,True,0.11047661623169812,-42.02238691742919,6.536403147665065,72.49709862142056,-0.07992181063401389,-0.02378106718339499,1.4826361825338024,-4.4408920985006264e-17,0.0,0.0,0.0,0.0,0.0,True,2,0.045402720735654066,-6.020574982625011,16.228283631193065,51.23729339090479,2.6818008738035624,0.14701169784257184,-0.1770267655209552,13.535016937713598,-33.50059231987551,-23.16367758040092,2.263127750537698,-1.8239113229822481,-0.6154764355339318,True,-0.3465430108487439,-11.33345946695476,73.00256373857357,-14.124373665449358,-42.99446344100796,-2.90544870102608
2026-07-22T19:40:33.919+00:00,179.100000,90261.500000,1.220387,4095,2,02,80,FFFFFFFF,32,2.93644457,3.05136994,2.20758125,1.35335000,1.10248077,0.49442852,2.20802288,1.19329569,1.04855014,1.49511188,2.20792971,0.89020021,1.00953064,0.96013029,2.20773178,0.63936809,1.98548006,0.97826556,2.20749756,1.00510015,0.76639439,0.81077693,2.20793076,1.17590934,1.81900802,1.36304796,2.20724127,1.14247967,1.06356468,0.80753843,2.20536915,0.71001919,SD 02 80 FFFFFFFF 92115B 947815 7FEE0F 613A62 55341B 2ECD69 7FF156 59C2DA 526074 674D88 7FF0A5 498231 5045C4 4D88BE 7FEF2D 397196 79266E 4E8C9E 7FED70 5007C6 41EAEC 44B5DF 7FF0A7 58E853 73940E 61A8B4 7FEB89 573DC8 532C51 44826A 7FDDA2 3E3F73 7CF7B8 000FFF 02 0DC5D7,2026-07-22T19:40:33.742+00:00,serial_request_midpoint,354.92,True,matched,49.7191,49.7191,2026-07-22T19:40:33.790+00:00,111.789131,1784749233730.933,3355,False,,,,,,,,,,,,,,False,,,,,,,,,,,,,,True,0.0474560778406282,-6.197560603755219,13.094371973011452,47.02242432935824,-0.21110082704248503,-0.7180791948525698,-2.9310691418385715,10.449063479515427,-33.330020177237294,-27.424828032721457,0.509158478875614,0.2144616457221719,1.7562634714548282,False,,,,,,,,,,,,,,False,,,,,,,,,,,,,,False,,,,,,,,,,,,,,True,0.1489609549195009,-42.00084360512882,6.535156667687197,72.46443655599401,-0.07744348871138078,-0.024526663602028983,1.48368248040014,-6.217248937900876e-16,0.0,0.0,0.0,0.0,0.0,True,2,0.0474560778406309,-5.855498594410574,15.461243908204057,51.47457368332224,2.684343212958248,0.15294343622180545,-0.15984011066957435,12.696777572906871,-33.767156114123566,-22.919562605147473,2.260865670913684,-1.8172289865657305,-0.5995483987612388,True,-0.23822552810393702,-12.124241981640859,73.22448233259848,-14.95792529952556,-43.154824105101156,-2.605517871003542
2026-07-22T19:40:34.477+00:00,180.200000,90262.600000,1.219167,4095,2,02,80,FFFFFFFF,32,2.93573033,3.05066151,2.20694133,1.35282989,1.10234938,0.49443325,2.20754125,1.19317855,1.04837918,1.49514927,2.20796234,0.89012037,1.00947445,0.96005467,2.20785127,0.63935014,1.98532341,0.97816577,2.20496747,1.00497498,0.76633084,0.81076708,2.20492068,1.17585677,1.81893710,1.36276220,2.20461633,1.14227234,1.06338521,0.80753008,2.20720443,0.70998998,SD 02 80 FFFFFFFF 920D73 947460 7FE94F 613473 55325F 2ECD81 7FEDC3 59C163 525E1F 674DED 7FF0E3 4980FD 5044FB 4D87A7 7FF010 397144 792524 4E8B32 7FDAA6 500605 41E9E2 44B5B7 7FDA4D 58E7A9 73936C 61A576 7FD80A 573B1C 5329E4 448248 7FEB43 3E3EF4 7CD7B8 000FFF 02 0DC5E2,2026-07-22T19:40:34.299+00:00,serial_request_midpoint,356.6762,True,matched,50.8899,50.8899,2026-07-22T19:40:34.349+00:00,112.347504,1784749234297.638,3372,False,,,,,,,,,,,,,,False,,,,,,,,,,,,,,True,0.10757664329159293,-6.0634578834394555,11.722646708622287,47.110331563469764,-0.20348309393211697,-0.7156066780429472,-2.9325076349733408,9.11823537923874,-33.615346106261875,-27.20614870501231,0.5008407957815028,0.21858072722241764,1.7560713510589359,False,,,,,,,,,,,,,,False,,,,,,,,,,,,,,False,,,,,,,,,,,,,,True,0.15390716829842113,-41.9535166686154,6.525495958585712,72.37298269339334,-0.07595469509526186,-0.02190045760371514,1.4836432845593799,-7.105427357601002e-16,0.0,0.0,0.0,0.0,0.0,True,2,0.10757664329161488,-5.745009574051101,14.08051568057967,51.5690048677645,2.6865133537550694,0.1526881988740547,-0.15294191931076842,11.350898260536093,-34.018381422200264,-22.69023218212511,2.258900889580117,-1.817432441984424,-0.5883755041669539,True,-0.21335907110206379,-13.545894205996523,73.28889515810108,-16.368203623177767,-43.26957037501085,-2.401363104430436
2026-07-22T19:40:35.034+00:00,180.800000,90263.200000,1.219777,4095,2,02,80,FFFFFFFF,32,2.93525690,3.05000626,2.20750388,1.35241021,1.10223753,0.49442043,2.20744178,1.19310296,1.04828641,1.49511891,2.20539649,0.89009393,1.00941239,0.96000616,2.20495328,0.63933678,1.98517008,0.97806736,2.20450805,1.00485539,0.76627589,0.81072795,2.20727389,1.17575938,1.81885523,1.36260591,2.20756230,1.14212535,1.06315779,0.80752369,2.20765546,0.70994468,SD 02 80 FFFFFFFF 920ADC 9470F2 7FED7C 612FA9 5530E5 2ECD40 7FED06 59C071 525CDB 674D9B 7FDDD6 498097 50441D 4D86F4 7FDA8B 397107 7923E1 4E89CB 7FD73C 500458 41E8FC 44B518 7FEBC7 58E66E 7392B1 61A3B0 7FEDEB 573937 5326D1 44822E 7FEE9C 3E3E2F 7CE7B8 000FFF 02 0DC5E8,2026-07-22T19:40:34.856+00:00,serial_request_midpoint,356.023,True,matched,49.098,49.098,2026-07-22T19:40:34.904+00:00,112.902405,1784749234831.04,3388,False,,,,,,,,,,,,,,False,,,,,,,,,,,,,,True,0.13702045829915668,-6.127443413972873,10.591893923150895,47.17701889648442,-0.21447249234177215,-0.7169379730321421,-2.9381320439503913,7.965265440215489,-33.61184356768515,-27.437336616219056,0.5097917998910778,0.20997573739674807,1.7495660283101089,False,,,,,,,,,,,,,,False,,,,,,,,,,,,,,False,,,,,,,,,,,,,,True,0.07990345482129568,-42.02359953763604,6.532292006267491,72.49488867190944,-0.07865761803993032,-0.02516723785161997,1.4838937317084353,2.6645352591003756e-16,0.0,0.0,0.0,0.0,0.0,True,2,0.13702045829913273,-5.766986058717962,12.950701935744837,51.63199570117424,2.6863981642964854,0.14354321072287618,-0.16244305343962012,10.204971531580421,-34.07410803201892,-22.930591530808066,2.256970848680464,-1.8271474726318955,-0.6016884831762496,True,-0.3416282076997582,-14.7015269142291,73.34584028358785,-17.540167501082852,-43.29249487251242,-2.6623918364753196
2026-07-22T19:40:35.591+00:00,182.000000,90264.400000,1.217946,4095,2,02,80,FFFFFFFF,32,2.93484923,3.04962199,2.20749756,1.35210869,1.10218723,0.49441353,2.20778811,1.19307329,1.04817846,1.49511373,2.20779284,0.89000166,1.00934614,0.96000562,2.20782758,0.63932671,1.98497738,0.97801418,2.20723127,1.00476285,0.76626944,0.81071762,2.20780390,1.17565581,1.81884122,1.36227582,2.20782916,1.14203141,1.06294340,0.80748882,2.20810343,0.70991157,SD 02 80 FFFFFFFF 9208A1 946EEF 7FED70 612C38 55303B 2ECD1D 7FEF98 59C012 525B62 674D8D 7FEFA1 497F33 504330 4D86F2 7FEFE3 3970D9 79224B 4E8909 7FEB76 50030C 41E8E1 44B4EE 7FEFB6 58E51F 739291 619FF1 7FEFE6 573801 5323EB 4481A0 7FF1EF 3E3D9F 7CB7B8 000FFF 02 0DC5F4,2026-07-22T19:40:35.413+00:00,serial_request_midpoint,358.1783,True,matched,43.86045,43.86045,2026-07-22T19:40:35.456+00:00,113.454529,1784749235397.746,3405,False,,,,,,,,,,,,,,False,,,,,,,,,,,,,,True,0.14192847684126372,-6.2210549237648305,9.339104293514163,47.311960661032195,-0.21014046919072354,-0.7101100526938574,-2.942301694079684,7.11713517980415,-33.627798287036924,-27.148622004331617,0.49416044490312483,0.2055260074640688,1.7546586296236717,False,,,,,,,,,,,,,,False,,,,,,,,,,,,,,False,,,,,,,,,,,,,,True,0.1567519887875018,-41.98968734325578,6.524064335197177,72.43586546119705,-0.08296829000310808,-0.016897135112633844,1.4782041104633665,-1.7763568394002506e-16,0.0,0.0,0.0,0.0,0.0,True,2,0.14192847684125914,-5.8706478990326785,11.674936075308041,51.77982680162482,2.691724031179069,0.14075151622268423,-0.15854236019804732,9.296921196724247,-34.06105970419834,-22.60973001278644,2.265832463175401,-1.8289944196834582,-0.5821773985603851,True,-0.5639329692748631,-16.09531059803141,73.372035838412,-18.69216482618321,-43.267281257847756,-2.6741371437605155
2026-07-22T19:40:36.148+00:00,182.500000,90264.900000,1.219777,4095,2,02,80,FFFFFFFF,32,2.93445448,3.04920868,2.20709077,1.35179148,1.10217333,0.49441589,2.20515410,1.19301207,1.04806681,1.49509670,2.20681031,0.88994386,1.00927235,0.95994274,2.20524874,0.63928773,1.98477947,0.97794209,2.20718812,1.00468899,0.76620541,0.81069891,2.20537914,1.17560573,1.81886705,1.36205453,2.20705551,1.14189262,1.06277931,0.80748121,2.20538177,0.70990191,SD 02 80 FFFFFFFF 920678 946CC5 7FEA6B 612899 55300C 2ECD29 7FDC09 59BF4E 5259DC 674D5F 7FE856 497E54 504228 4D860A 7FDCBD 397027 7920AA 4E8802 7FEB24 500203 41E7D5 44B4A2 7FDDB5 58E47D 7392CC 619D6E 7FEA28 573637 5321B3 448181 7FDDBA 3E3D75 7CE7B8 000FFF 02 0DC5F9,2026-07-22T19:40:35.970+00:00,serial_request_midpoint,357.2002,True,matched,39.9276,39.9276,2026-07-22T19:40:36.010+00:00,114.008465,1784749235931.101,3421,False,,,,,,,,,,,,,,False,,,,,,,,,,,,,,True,0.19904196804904886,-6.120513608551519,8.152269825952143,47.33362047136501,-0.21050188031489753,-0.7128427590255415,-2.9430083537452663,5.877777986010346,-33.83516553947133,-27.21610710699924,0.4973087350744806,0.20739339935222229,1.7521776592961154,False,,,,,,,,,,,,,,False,,,,,,,,,,,,,,False,,,,,,,,,,,,,,True,0.145921423146929,-41.99563881364744,6.5238851328416505,72.44152643753124,-0.08207176067003373,-0.018497911161076974,1.4789559890511204,-3.552713678800501e-16,0.0,0.0,0.0,0.0,0.0,True,2,0.19904196804905014,-5.768161340632004,10.495423391097876,51.797497977870535,2.6901398411783504,0.1388504926352499,-0.15869177413826555,8.072394281262767,-34.27267938354531,-22.684775724667407,2.262054378677419,-1.8296442558854409,-0.5860768004680045,True,-0.4997052969889765,-17.243758257388045,73.43895095868149,-19.86439250915501,-43.43008966941512,-2.6535726800389283
2026-07-22T19:40:36.707+00:00,183.600000,90266.000000,1.220387,4095,2,02,80,FFFFFFFF,32,2.93419539,3.04885586,2.20713392,1.35152085,1.10207894,0.49440465,2.20799182,1.19300333,1.04798837,1.49508559,2.20769599,0.88993583,1.00926033,0.95992892,2.20782653,0.63929277,1.98455786,0.97785684,2.20777337,1.00461903,0.76620135,0.81065856,2.20786706,1.17561346,1.81883334,1.36194785,2.20771126,1.14173991,1.06263372,0.80747777,2.20773231,0.70986673,SD 02 80 FFFFFFFF 92050D 946AEC 7FEABD 612582 552ECD 2ECCF0 7FF11B 59BF32 5258CA 674D41 7FEEE9 497E35 5041FD 4D85D7 7FEFE1 39703E 791ED7 4E86CB 7FEF7C 500108 41E7C4 44B3FE 7FF02E 58E496 73927F 619C38 7FEF06 57343F 531FBB 448173 7FEF2E 3E3CDC 7CF7B8 000FFF 02 0DC604,2026-07-22T19:40:36.529+00:00,serial_request_midpoint,356.7338,True,matched,27.3629,27.3629,2026-07-22T19:40:36.554+00:00,114.553111,1784749236497.782,3438,False,,,,,,,,,,,,,,False,,,,,,,,,,,,,,True,0.1927902658543804,-6.032534112665442,6.934423575040715,47.449088369059645,-0.21396652834132876,-0.7164654227818472,-2.9485984483028522,4.536010267692204,-34.035226014887385,-27.157642096321904,0.5025976159756014,0.2085175661290401,1.7432891980014749,False,,,,,,,,,,,,,,False,,,,,,,,,,,,,,False,,,,,,,,,,,,,,True,0.11047433848677266,-41.9850840591484,6.525711831709574,72.424208595427,-0.08001293489447137,-0.02083683100562598,1.4805954976443134,-8.881784197001253e-17,0.0,1.1368683772161604e-14,0.0,0.0,0.0,True,2,0.19279026585441153,-5.663014473349946,9.284092457232608,51.90815042956136,2.688854428372419,0.1297871834171932,-0.1612532758026451,6.751289005644759,-34.49254770985762,-22.638336833378116,2.252289308611058,-1.8371241178975732,-0.5933615864601046,True,-0.5717332870758185,-18.44626387815935,73.60325375097071,-21.150307142169815,-43.43569225312626,-2.4618055949661994
2026-07-22T19:40:37.263+00:00,184.800000,90267.200000,1.219167,4095,2,02,80,FFFFFFFF,32,2.93427890,3.04865224,2.20732231,1.35132347,1.10200468,0.49440761,2.20806921,1.19295461,1.04792682,1.49509188,2.20756125,0.88986844,1.00921896,0.95985683,2.20773442,0.63928226,1.98432915,0.97780888,2.20779337,1.00457611,0.76617985,0.81065388,2.20759704,1.17558935,1.81880139,1.36181640,2.20762020,1.14163295,1.06251385,0.80746402,2.20741809,0.70986466,SD 02 80 FFFFFFFF 920582 9469DB 7FEC23 612341 552DD2 2ECCFF 7FF1AE 59BE96 5257F3 674D52 7FEDE9 497D31 504169 4D84CD 7FEF32 39700E 791CF5 4E861C 7FEFA2 50006E 41E76A 44B3EB 7FEE2D 58E448 739236 619ABA 7FEE59 5732DE 531E1C 44813B 7FECD9 3E3CD3 7CD7B9 000FFF 02 0DC610,2026-07-22T19:40:37.085+00:00,serial_request_midpoint,355.4048,True,matched,22.8864,22.8864,2026-07-22T19:40:37.108+00:00,115.105084,1784749237031.126,3454,False,,,,,,,,,,,,,,False,,,,,,,,,,,,,,True,0.2540890587030564,-5.912019229868928,5.569151649484205,47.5816169748807,-0.2168528619786841,-0.7143878025118496,-2.959811240419342,3.1137973616415224,-34.26770514530148,-27.14416146140323,0.5031365824111318,0.20437266318615735,1.7318687850327446,False,,,,,,,,,,,,,,False,,,,,,,,,,,,,,False,,,,,,,,,,,,,,True,0.15509902393170377,-41.99660322632726,6.53000510105183,72.43632296438236,-0.07997748898941945,-0.02267055638605892,1.4815774432188917,-5.773159728050814e-16,0.0,1.1368683772161604e-14,0.0,0.0,0.0,True,2,0.2540890587030517,-5.521722205213581,7.904761393193043,52.0462914931433,2.6922406193415833,0.11517042174347987,-0.16314201411611498,5.3221521622418395,-34.754360500472714,-22.624531074265963,2.2434939835751497,-1.8520144759957857,-0.595719896933008,True,-0.7537352187757286,-19.92728350970423,73.68456525406097,-22.689891262193424,-43.37774265537956,-2.461842311847988
2026-07-22T19:40:37.819+00:00,185.400000,90267.800000,1.217946,4095,2,02,80,FFFFFFFF,32,2.93430388,3.04883646,2.20741178,1.35124001,1.10197835,0.49439479,2.20559683,1.19294617,1.04792109,1.49510558,2.20688134,0.88985341,1.00919465,0.95986632,2.20531604,0.63927416,1.98446200,0.97778586,2.20743967,1.00457054,0.76618988,0.81063690,2.20768757,1.17562459,1.81879745,1.36183154,2.20761546,1.14162690,1.06241276,0.80746574,2.20799288,0.70986880,SD 02 80 FFFFFFFF 9205A5 946AD2 7FECCD 61224D 552D79 2ECCBE 7FDF53 59BE7B 5257DF 674D77 7FE8DD 497CF7 504112 4D84F0 7FDD3D 396FE9 791E0D 4E85C8 7FED02 50005A 41E794 44B3A6 7FEED9 58E4BA 73922D 619AE6 7FEE50 5732CA 531CBE 448142 7FF11D 3E3CE5 7CB7B9 000FFF 02 0DC616,2026-07-22T19:40:37.641+00:00,serial_request_midpoint,356.1342,True,matched,22.7645,22.7645,2026-07-22T19:40:37.664+00:00,115.661705,1784749237597.774,3471,False,,,,,,,,,,,,,,False,,,,,,,,,,,,,,True,0.33031328524898257,-5.973604373779555,4.263845724777096,47.7217487821784,-0.2277377286491787,-0.7085498879489431,-2.9669135037893932,1.719346177003592,-34.3938551596741,-26.865341723089482,0.5052049904432674,0.2003820887982974,1.724451152294942,False,,,,,,,,,,,,,,False,,,,,,,,,,,,,,False,,,,,,,,,,,,,,True,0.155537298952105,-41.95881229361885,6.526429571530019,72.37099897811211,-0.07460287721642671,-0.022624560667310233,1.481566863651492,3.552713678800501e-16,0.0,0.0,0.0,0.0,0.0,True,2,0.33031328524895404,-5.540849951747765,6.578134249073853,52.193606855549355,2.6967563528306866,0.10634226671321212,-0.17269652216436435,3.924891848382021,-34.908253850945954,-22.347412477324962,2.238367892058718,-1.8619482107221519,-0.5996617100262503,True,-0.8843697533084309,-21.378885065942903,73.69462027151351,-24.14989324797106,-43.35350075294452,-2.196592114619557
2026-07-22T19:40:38.376+00:00,186.500000,90268.900000,1.217335,4095,2,02,80,FFFFFFFF,32,2.93509554,3.04946382,2.20760599,1.35151743,1.10193723,0.49440642,2.20813186,1.19295835,1.04803159,1.49505745,2.20783232,0.88988425,1.00922148,0.95987499,2.20783917,0.63927613,1.98448383,0.97778312,2.20763809,1.00461123,0.76618033,0.81069473,2.20791076,1.17585492,1.81883641,1.36233398,2.20769810,1.14177536,1.06253147,0.80748293,2.20758283,0.70998515,SD 02 80 FFFFFFFF 9209FA 946E1B 7FEE3E 612578 552CEE 2ECCF9 7FF225 59BEA2 525961 674CF5 7FEFEC 497D6E 504172 4D8510 7FEFF9 396FF2 791E3B 4E85BE 7FEE7B 5000EC 41E76C 44B491 7FF081 58E7A3 739286 61A09A 7FEEED 5734B4 531E59 448188 7FEE12 3E3EDF 7CA7B7 000FFF 02 0DC621,2026-07-22T19:40:38.199+00:00,serial_request_midpoint,355.2515,True,matched,6.10765,6.10765,2026-07-22T19:40:38.204+00:00,116.201919,1784749238131.089,3487,False,,,,,,,,,,,,,,False,,,,,,,,,,,,,,True,0.30688511933388485,-6.006962178124938,3.0464300228432775,47.944213406359566,-0.21703489629164413,-0.6952987504564461,-2.974124351126052,0.5687112685195892,-34.460361194898006,-26.70155019997016,0.48981461339510574,0.1953496745239835,1.723061719754748,False,,,,,,,,,,,,,,False,,,,,,,,,,,,,,False,,,,,,,,,,,,,,True,0.10621410475179474,-41.95455082735331,6.5244389822803015,72.36729743060279,-0.07719554148441395,-0.020808640143785,1.481607342234581,5.773159728050814e-16,0.0,0.0,0.0,0.0,0.0,True,2,0.3068851193338964,-5.602647193294549,5.317055930177774,52.441046810392834,2.7068885768889297,0.10216439238805905,-0.16316554362308552,2.7146294738863292,-34.955082516707705,-22.152813105867132,2.24117708831665,-1.8712312189178046,-0.580971732158184,True,-1.1685314746156457,-22.853846675855856,73.70863197859849,-25.642959848199986,-43.19105519809075,-2.3137809580138424
2026-07-22T19:40:38.933+00:00,187.100000,90269.500000,1.217946,4095,2,02,80,FFFFFFFF,32,2.93888661,3.05256476,2.20737967,1.35270219,1.10199847,0.49441214,2.20798340,1.19312701,1.04861830,1.49510077,2.20783022,0.89004806,1.00939786,0.96004817,2.20778705,0.63932474,1.98477662,0.97788398,2.20761072,1.00493567,0.76628258,0.81086184,2.20783706,1.17646228,1.81916914,1.36375707,2.20765020,1.14229811,1.06301766,0.80752664,2.20555739,0.71024020,SD 02 80 FFFFFFFF 921EB4 947E55 7FEC90 6132FE 552DBD 2ECD16 7FF10B 59C0BE 526162 674D6A 7FEFE8 497FE6 5043E9 4D878F 7FEF96 3970D0 7920A4 4E872E 7FEE47 500578 41E918 44B738 7FEFF5 58EF4F 73957E 61B0BF 7FEE92 573B71 5324EC 44823A 7FDF08 3E4334 7CB7B7 000FFF 02 0DC627,2026-07-22T19:40:38.755+00:00,serial_request_midpoint,354.7627,True,matched,77.16645,77.16645,2026-07-22T19:40:38.833+00:00,116.829482,1784749238764.403,3506,False,,,,,,,,,,,,,,False,,,,,,,,,,,,,,True,0.3265863862674906,-5.946139669463813,1.3041749265654263,48.00079975871219,-0.22670756735139083,-0.6933332319628792,-2.9809055279030523,-0.9672339128428996,-34.62884689417679,-27.051077984142182,0.49208053861411594,0.1812124317360186,1.7195215916889113,False,,,,,,,,,,,,,,False,,,,,,,,,,,,,,False,,,,,,,,,,,,,,True,0.08848099825929587,-42.04762237746388,6.533254042130006,72.52003866724627,-0.08494350208136463,-0.020344151904415454,1.4798965641916924,-5.10702591327572e-16,0.0,0.0,0.0,0.0,0.0,True,2,0.32658638626751024,-5.503804109301425,3.564499643075539,52.49924334135395,2.7089033157502334,0.09256291910846876,-0.17146336045324861,1.149213871141223,-35.18154432264101,-22.495213898340317,2.2458787520678047,-1.883198836990736,-0.5864986826468267,True,-1.2079461218271397,-24.674371074555673,73.70497604448197,-27.375243064239335,-43.42113032251153,-2.898380127944995
2026-07-22T19:40:39.487+00:00,188.200000,90270.600000,1.217946,4095,2,02,80,FFFFFFFF,32,2.94592982,3.05841378,2.20458952,1.35538501,1.10224404,0.49441708,2.20444340,1.19341503,1.04974591,1.49511002,2.20442764,0.89038427,1.00967658,0.96037967,2.20731073,0.63940532,1.98526454,0.97816467,2.20762915,1.00554293,0.76645890,0.81113038,2.20742967,1.17722673,1.81948529,1.36589709,2.20519248,1.14310270,1.06392253,0.80763151,2.20440609,0.71053532,SD 02 80 FFFFFFFF 924521 949CE3 7FD7D7 615195 5530FB 2ECD2F 7FD6C1 59C458 5270C2 674D83 7FD6A3 4984F7 5047CE 4D8C56 7FEC0D 397240 7924A8 4E8B2E 7FEE6A 500DFA 41EBFA 44BB7B 7FECEF 58F8F6 739850 61C900 7FDC52 5745CF 533127 4483E5 7FD67A 3E4837 7CB7B9 000FFF 02 0DC632,2026-07-22T19:40:39.311+00:00,serial_request_midpoint,354.6715,True,matched,67.23925,67.23925,2026-07-22T19:40:39.377+00:00,117.375957,1784749239297.699,3522,False,,,,,,,,,,,,,,False,,,,,,,,,,,,,,True,0.404063280867295,-5.680249455295158,-0.20713515313953548,48.16130002800982,-0.2163069178376435,-0.6926531478599002,-2.9881785178341382,-2.4444479178181107,-35.1065084933996,-26.66149176505699,0.4812374436112656,0.1896780686913863,1.713106331881436,False,,,,,,,,,,,,,,False,,,,,,,,,,,,,,False,,,,,,,,,,,,,,True,0.09535701622804942,-41.97464711924845,6.518697359868037,72.38437337917767,-0.08088174846265184,-0.01673008063421542,1.4796790169941187,8.437694987151189e-16,5.684341886080802e-15,0.0,0.0,0.0,0.0,True,2,0.4040632808672722,-5.264870828025361,2.0454074149757453,52.66621236007819,2.711090102928155,0.08415324734158057,-0.1616023551738349,-0.3380877297762792,-35.610485192460274,-22.095314283856567,2.2352806361882904,-1.8881442422284342,-0.571731343057198,True,-1.2718810314818434,-26.239727841027122,73.86947792853418,-28.933332603644175,-43.461849476390775,-2.442340864633195
2026-07-22T19:40:40.046+00:00,188.800000,90271.200000,1.219777,4095,2,02,80,FFFFFFFF,32,2.95332162,3.06508472,2.20427575,1.35859077,1.10256689,0.49441708,2.20730652,1.19380777,1.05093596,1.49513705,2.20524927,0.89082039,1.01014131,0.96074677,2.20683925,0.63951109,1.98618896,0.97862831,2.20508050,1.00627819,0.76668711,0.81141227,2.20695922,1.17801475,1.81990441,1.36822132,2.20746230,1.14401418,1.06511254,0.80771575,2.20763020,0.71081416,SD 02 80 FFFFFFFF 926D58 94BFA7 7FD582 617613 55353E 2ECD2F 7FEC05 59C941 5280F9 674DCC 7FDCBE 498B89 504E4C 4D91A0 7FE88D 397423 792C43 4E91C9 7FDB7D 501846 41EFB5 44BFF4 7FE971 5902E8 739C0D 61E34F 7FED2D 57518C 53413A 44853C 7FEE6C 3E4CF3 7CE7B9 000FFF 02 0DC638,2026-07-22T19:40:39.868+00:00,serial_request_midpoint,357.148,True,matched,53.8606,53.8606,2026-07-22T19:40:39.921+00:00,117.9194,1784749239864.302,3539,False,,,,,,,,,,,,,,False,,,,,,,,,,,,,,True,0.5062782201015281,-5.754386516578814,-2.1073255307115404,48.28794654008029,-0.230356523464685,-0.695876827824051,-2.9951926850761024,-4.6358885801589595,-35.19866642120586,-26.726494097162504,0.49810614749747023,0.1878175168537982,1.700793369460328,False,,,,,,,,,,,,,,False,,,,,,,,,,,,,,False,,,,,,,,,,,,,,True,0.06498094651950914,-42.02768980707489,6.522589608330293,72.46469364495891,-0.07600095207592825,-0.025176092177673293,1.481729314157543,0.0,0.0,0.0,0.0,0.0,0.0,True,2,0.5062782201015451,-5.286447019943638,0.1492599852667194,52.785676797934386,2.709622373434534,0.07208267695617461,-0.17352113458356666,-2.4816058496593043,-35.76641056289168,-22.190256058599857,2.2227539418303413,-1.897642581133377,-0.5947185361758881,True,-1.4423892765975488,-28.135542878834837,74.01689112347125,-30.930929406235173,-43.461554987814644,-2.265596558749337
2026-07-22T19:40:40.604+00:00,190.000000,90272.400000,1.217946,4095,2,02,80,FFFFFFFF,32,2.95951701,3.07076681,2.20761546,1.36152120,1.10297565,0.49441313,2.20763599,1.19418090,1.05194034,1.49517593,2.20485970,0.89122602,1.01054856,0.96110175,2.20469097,0.63963899,1.98730336,0.97912362,2.20478243,1.00694540,0.76690889,0.81163781,2.20484656,1.17842809,1.82013920,1.36979356,2.20471988,1.14479501,1.06614826,0.80778010,2.20498061,0.71094670,SD 02 80 FFFFFFFF 928EF6 94DD32 7FEE50 619760 553AA3 2ECD1B 7FEE77 59CDEB 528EA6 674E35 7FD9D9 4991A5 5053FC 4D96BD 7FD898 39766B 79356D 4E98D7 7FD946 50219D 41F355 44C388 7FD9C0 59081F 739E25 61F516 7FD8CF 575B99 534F35 448642 7FDABF 3E4F33 7CB7B8 000FFF 02 0DC644,2026-07-22T19:40:40.426+00:00,serial_request_midpoint,357.6157,True,matched,44.66585,44.66585,2026-07-22T19:40:40.469+00:00,118.467891,1784749240397.643,3555,False,,,,,,,,,,,,,,False,,,,,,,,,,,,,,True,0.41479279451931816,-5.850222548897849,-3.5310348372082485,48.483267479152964,-0.23672088339412742,-0.6828617566867281,-3.0024084851179147,-5.810545257294147,-35.22025653858667,-26.744803577521065,0.48854701785052673,0.16953223126674838,1.6998633501345863,False,,,,,,,,,,,,,,False,,,,,,,,,,,,,,False,,,,,,,,,,,,,,True,0.12552245282961497,-42.05920492357653,6.521164280626648,72.51192356967773,-0.08371392658851347,-0.020009669771712087,1.4804881504055076,4.2188474935755947e-16,0.0,-1.1368683772161604e-14,0.0,0.0,0.0,True,2,0.4147927945193124,-5.355742747262953,-1.3169348077688352,52.999236200178,2.718656026648268,0.06562848677405875,-0.17931453513922918,-3.733831828262815,-35.826560870165494,-22.177487177811646,2.2333737374429714,-1.9129789194848486,-0.5855389289668267,True,-1.6230941794621097,-29.80996779897103,73.97030485114823,-32.54715841521204,-43.476364283773975,-2.765016097109492
2026-07-22T19:40:41.162+00:00,190.500000,90272.900000,1.219167,4095,2,02,80,FFFFFFFF,32,2.96073826,3.07234145,2.20689765,1.36284724,1.10330782,0.49440564,2.20541068,1.19434031,1.05222992,1.49515816,2.20715760,0.89145249,1.01078467,0.96124305,2.20765599,0.63972265,1.98805518,0.97945117,2.20755072,1.00729265,0.76701837,0.81168534,2.20795234,1.17831197,1.82016241,1.36991764,2.20755283,1.14505213,1.06666129,0.80779680,2.20803868,0.71089308,SD 02 80 FFFFFFFF 929594 94E55F 7FE8FC 61A66D 553F05 2ECCF5 7FDDF1 59CFE9 529297 674E05 7FEAEA 49950E 505748 4D98C6 7FEE9D 3977E9 793B9B 4E9D81 7FEDD5 502679 41F51F 44C449 7FF0D0 5906A8 739E5A 61F67D 7FEDD9 575EE8 535621 448686 7FF174 3E4E4A 7CD7B9 000FFF 02 0DC649,2026-07-22T19:40:40.984+00:00,serial_request_midpoint,356.9319,True,matched,19.59005,19.59005,2026-07-22T19:40:41.002+00:00,119.000863,1784749240931.022,3571,False,,,,,,,,,,,,,,False,,,,,,,,,,,,,,True,0.47534376465885064,-6.074509785808027,-5.153038798781905,48.699683282345106,-0.24505307046110533,-0.6748490867550835,-3.004760634581854,-7.7919974954159485,-35.17198495824119,-26.226586938727245,0.49333430833351244,0.17059014357234603,1.6943076999681468,False,,,,,,,,,,,,,,False,,,,,,,,,,,,,,False,,,,,,,,,,,,,,True,0.1429091658602453,-41.964012968056565,6.538779052439438,72.38222051954091,-0.07346679999341786,-0.0239898007967842,1.4828423371603314,-7.993605777301127e-16,0.0,0.0,0.0,0.0,0.0,True,2,0.4753437646588437,-5.551333699017283,-2.9635908885705846,53.22442938884967,2.7236278829403964,0.06387777216505186,-0.18700868423154896,-5.697454616768342,-35.79347066824129,-21.669464124997205,2.2267617739830023,-1.9169141763533568,-0.5920135278237829,True,-1.7927174812400353,-31.57437916799812,74.02988331058332,-34.45875195740199,-43.325515571408715,-2.1341783683854487
2026-07-22T19:40:41.719+00:00,191.600000,90274.000000,1.217946,4095,2,02,80,FFFFFFFF,32,2.95628500,3.06948553,2.20765546,1.36207449,1.10345202,0.49441313,2.20783706,1.19433343,1.05178711,1.49519037,2.20781916,0.89137881,1.01074103,0.96117877,2.20754651,0.63971608,1.98829238,0.97953705,2.20741020,1.00713465,0.76698825,0.81155163,2.20537072,1.17782251,1.82002531,1.36893489,2.20666405,1.14503513,1.06658427,0.80780368,2.20782969,0.71079506,SD 02 80 FFFFFFFF 927D6F 94D68A 7FEE9C 619DA8 5540EC 2ECD1B 7FEFF5 59CFD3 528C90 674E5C 7FEFD3 4993F2 5056AC 4D97D9 7FEDCD 3977CB 793D8E 4E9EBA 7FECCA 502443 41F4A1 44C22A 7FDDA5 59007B 739D21 61EB61 7FE740 575EB0 535517 4486A2 7FEFE7 3E4CA0 7CB7B9 000FFF 02 0DC654,2026-07-22T19:40:41.541+00:00,serial_request_midpoint,356.6341,True,matched,86.74425,86.74425,2026-07-22T19:40:41.627+00:00,119.625011,1784749241564.319,3590,False,,,,,,,,,,,,,,False,,,,,,,,,,,,,,True,0.47463134124609013,-5.712082221919035,-6.90970481823597,48.87028807205097,-0.22594942179568425,-0.6689561718675532,-3.008464838722586,-9.401209522616403,-35.675270670973894,-26.38585588433522,0.4789002214659856,0.17139249857540514,1.6956081205631552,False,,,,,,,,,,,,,,False,,,,,,,,,,,,,,False,,,,,,,,,,,,,,True,0.05701598944903717,-42.036031450363026,6.527741912447138,72.47805811696983,-0.0787213202861234,-0.02337138071013439,1.4827740231075623,5.329070518200751e-16,0.0,0.0,0.0,0.0,0.0,True,2,0.47463134124608425,-5.247912751513955,-4.739845990233009,53.41088079682322,2.7288730443696863,0.0629157485908103,-0.16987324348859872,-7.348575876814721,-36.2553921489768,-21.804275686427978,2.228699099310199,-1.9193038720814088,-0.5731168433836461,True,-1.7014406601820162,-33.43827579349308,74.1327044922634,-36.28477158792704,-43.637245834707684,-2.4709850026666005
2026-07-22T19:40:42.273+00:00,192.800000,90275.200000,1.219167,4095,2,02,80,FFFFFFFF,32,2.95070209,3.06508922,2.20755335,1.36042925,1.10343840,0.49441195,2.20749756,1.19417903,1.05105212,1.49517593,2.20771494,0.89121072,1.01056086,0.96100710,2.20755809,0.63966943,1.98804758,0.97942785,2.20528923,1.00681702,0.76691463,0.81138371,2.20742230,1.17732173,1.81984704,1.36772378,2.20529974,1.14472702,1.06633701,0.80776143,2.20506315,0.71065080,SD 02 80 FFFFFFFF 925F1B 94BFAD 7FEDDA 618AF9 5540BE 2ECD15 7FED70 59CDE5 52828E 674E35 7FEF0D 49916A 505428 4D9560 7FEDE3 3976F6 793B8B 4E9D2C 7FDD0A 501FD1 41F36D 44BF80 7FECE1 58FA29 739B8A 61DDAE 7FDD1E 575AB9 5351C1 4485F6 7FDB5C 3E4A2D 7CD7B8 000FFF 02 0DC660,2026-07-22T19:40:42.097+00:00,serial_request_midpoint,355.2681,True,matched,67.88615,67.88615,2026-07-22T19:40:42.164+00:00,120.162316,1784749242097.608,3606,False,,,,,,,,,,,,,,False,,,,,,,,,,,,,,True,0.49416890391525126,-6.169613158552086,-8.708979020974587,48.91244542709052,-0.26223876180486305,-0.6690018175762077,-3.0150305500026326,-10.983749615008094,-35.39326928062373,-26.425751788705572,0.49324024184542303,0.14960549616562727,1.6895747727889474,False,,,,,,,,,,,,,,False,,,,,,,,,,,,,,False,,,,,,,,,,,,,,True,0.13566079835587844,-42.02391770041375,6.520283699917155,72.45358019947788,-0.08260335238084977,-0.019753810338007147,1.4793285311181747,-5.662137425588298e-16,0.0,0.0,0.0,0.0,0.0,True,2,0.49416890391521306,-5.582035066582319,-6.5447836087139795,53.44143351391116,2.727969799925045,0.04951616440756376,-0.20185806340048887,-8.945807746030777,-36.090776264162145,-21.853990658270128,2.2344241864297505,-1.9351908661431139,-0.5958297637380638,True,-2.0145708005336695,-35.28530733545165,74.10122076730377,-37.99085019056899,-43.59361688097137,-2.7316422981476194
2026-07-22T19:40:42.832+00:00,193.400000,90275.800000,1.219167,4095,2,02,80,FFFFFFFF,32,2.94608254,3.06115656,2.20685083,1.35874361,1.10333210,0.49440702,2.20506000,1.19404839,1.05035158,1.49515482,2.20731021,0.89101956,1.01035387,0.96082676,2.20751651,0.63960438,1.98762744,0.97927477,2.20786970,1.00647266,0.76684078,0.81125593,2.20554635,1.17691886,1.81964426,1.36673774,2.20719601,1.14445993,1.06596387,0.80774841,2.20523717,0.71054498,SD 02 80 FFFFFFFF 9245F6 94AB31 7FE8A3 6177D0 553F57 2ECCFC 7FDB56 59CC43 527903 674DFC 7FEC0C 498E89 505144 4D92C7 7FED94 3975CD 793817 4E9AFE 7FF033 501AFF 41F238 44BD79 7FDEF3 58F513 7399BB 61D285 7FEB33 575749 534CB8 4485C1 7FDCA7 3E4861 7CD7B8 000FFF 02 0DC666,2026-07-22T19:40:42.653+00:00,serial_request_midpoint,356.705,True,matched,51.5453,51.5453,2026-07-22T19:40:42.704+00:00,120.702166,1784749242630.945,3622,False,,,,,,,,,,,,,,False,,,,,,,,,,,,,,True,0.5755936602965068,-6.233868541447658,-9.988259873688607,49.143849488158125,-0.27174853038958074,-0.6595160205996391,-3.0187732083049714,-12.476971748190035,-35.45944061616929,-26.228968866956688,0.49788609164436254,0.14300604843301976,1.6847234972835432,False,,,,,,,,,,,,,,False,,,,,,,,,,,,,,False,,,,,,,,,,,,,,True,0.10117761951890568,-42.04575913190895,6.534442604372536,72.50009824087638,-0.07863950667075163,-0.024143004081640388,1.481036052582034,8.437694987151189e-16,0.0,-1.1368683772161604e-14,0.0,0.0,0.0,True,2,0.5755936602965144,-5.612873170658015,-7.854435331984469,53.68277894483568,2.73392196053843,0.04596730606125049,-0.2105772461330901,-10.442730005525203,-36.196715323672876,-21.66180239570871,2.2330389315543697,-1.9431605125986509,-0.6034152284199865,True,-2.056609885046965,-36.7361602224185,74.14665622967217,-39.52946669933081,-43.64566208658482,-2.5818061860477997
2026-07-22T19:40:43.387+00:00,194.500000,90276.900000,1.219167,4095,2,02,80,FFFFFFFF,32,2.94275201,3.05794295,2.20454852,1.35730324,1.10321012,0.49439242,2.20490859,1.19393901,1.04983991,1.49515742,2.20705867,0.89080431,1.01017375,0.96066624,2.20785654,0.63953014,1.98721784,0.97910195,2.20788601,1.00621877,0.76672272,0.81115106,2.20790233,1.17661167,1.81946646,1.36582433,2.20770441,1.14417013,1.06551384,0.80772901,2.20769441,0.71044974,SD 02 80 FFFFFFFF 9233CE 949A6E 7FD789 61676D 553DBB 2ECCB2 7FDA36 59CAE5 52720A 674E03 7FEA2E 498B4B 504EC0 4D9077 7FF01A 39747A 7934B9 4E9888 7FF052 501771 41F04A 44BBCF 7FF071 58F132 739825 61C82D 7FEEF9 57538E 5346A5 448572 7FEEE6 3E46C3 7CD7BA 000FFF 02 0DC671,2026-07-22T19:40:43.210+00:00,serial_request_midpoint,355.1956,True,matched,26.7604,26.7604,2026-07-22T19:40:43.235+00:00,121.233666,1784749243164.283,3638,False,,,,,,,,,,,,,,False,,,,,,,,,,,,,,True,0.6379729124269576,-5.935747203956524,-10.105735644626407,49.09124505070703,-0.2733842840680128,-0.6568501336479924,-3.0270584229032287,-12.494533443723261,-35.75672853286974,-26.13377791070119,0.4933216248497011,0.14098525109431478,1.678679494098174,False,,,,,,,,,,,,,,False,,,,,,,,,,,,,,False,,,,,,,,,,,,,,True,0.1392587202189299,-41.96312095520296,6.542331644522835,72.38290762252596,-0.07817471660631749,-0.02155583729763714,1.4795632954726883,-2.6645352591003756e-16,0.0,0.0,0.0,0.0,0.0,True,2,0.6379729124269518,-5.302718688526339,-7.986439079361588,53.63531591313097,2.736720299302385,0.035240750748583925,-0.21146178858854614,-10.479682392483678,-36.49598025313874,-21.558342940010505,2.228406920150758,-1.9524079333827808,-0.5983282874556113,True,-1.9933717784287466,-36.93831775479445,74.0413997834818,-39.675112877323215,-43.70659238390227,-2.552943016916629
2026-07-22T19:40:43.943+00:00,195.100000,90277.500000,1.219167,4095,2,02,80,FFFFFFFF,32,2.94040432,3.05593784,2.20753283,1.35617030,1.10307896,0.49440485,2.20746546,1.19380777,1.04943786,1.49518074,2.20752178,0.89067206,1.01000400,0.96054450,2.20795392,0.63949138,1.98687815,0.97894040,2.20780811,1.00590605,0.76665676,0.81104570,2.20766073,1.17636176,1.81934648,1.36506649,2.20756546,1.14391922,1.06518747,0.80768234,2.20553951,0.71035658,SD 02 80 FFFFFFFF 9226FE 948FF6 7FEDB3 615A87 553C00 2ECCF1 7FED33 59C941 526C8F 674E42 7FED9E 49894D 504C61 4D8EB6 7FF0D3 3973C9 7931EE 4E963B 7FEFBE 501310 41EF36 44BA23 7FEEA6 58EE0A 739713 61BF97 7FEDF1 575053 53423D 4484B4 7FDEE6 3E452E 7CD7BA 000FFF 02 0DC677,2026-07-22T19:40:43.765+00:00,serial_request_midpoint,357.1357,True,matched,9.23075,9.23075,2026-07-22T19:40:43.774+00:00,121.772528,1784749243697.633,3654,False,,,,,,,,,,,,,,False,,,,,,,,,,,,,,True,0.5412860131662256,-5.156510535545087,-10.153555545907015,49.23547301435785,-0.2566022328215747,-0.664465747648481,-3.0074329243951468,-12.349689952003821,-36.55131885248049,-26.081193461363785,0.4878074934630472,0.15221270705506373,1.698821855730779,False,,,,,,,,,,,,,,False,,,,,,,,,,,,,,False,,,,,,,,,,,,,,True,0.12192085149297599,-41.96338340053889,6.536746172701095,72.37484082286582,-0.08118129239165059,-0.018151214515623033,1.4790458018090633,-3.108624468950438e-16,0.0,0.0,0.0,0.0,0.0,True,2,0.5412860131662146,-4.594028501754098,-7.995931920959906,53.77077864038451,2.7299361094896937,0.0619231841274255,-0.1977047236642268,-10.32163270719144,-37.21544325716299,-21.500075098605,2.242689600348949,-1.9251148675008696,-0.5875504898490993,True,-0.7886633084092629,-36.75660099342006,74.35996087236893,-39.36426217955771,-44.92257485567748,-2.4554666598323593
2026-07-22T19:40:44.501+00:00,196.300000,90278.700000,1.219167,4095,2,02,80,FFFFFFFF,32,2.93867283,3.05409642,2.20696553,1.35516217,1.10293095,0.49440997,2.20729705,1.19371215,1.04910380,1.49514001,2.20726811,0.89052038,1.00985748,0.96038591,2.20733231,0.63945503,1.98638795,0.97879970,2.20768178,1.00566201,0.76661351,0.81096374,2.20813554,1.17620310,1.81918534,1.36448161,2.20778126,1.14363831,1.06478770,0.80766982,2.20556633,0.71028528,SD 02 80 FFFFFFFF 921D89 948657 7FE97D 614F0B 553A0C 2ECD0B 7FEBF3 59C80F 526801 674DD4 7FEBBC 498704 504A55 4D8C6D 7FEC36 397323 792DE6 4E943A 7FEECE 500FA5 41EE81 44B8D6 7FF22C 58EC09 7395A3 61B8F6 7FEF8B 574CB5 533CD7 448481 7FDF19 3E43F8 7CD7BA 000FFF 02 0DC683,2026-07-22T19:40:44.323+00:00,serial_request_midpoint,357.0768,True,matched,90.9982,90.9982,2026-07-22T19:40:44.413+00:00,122.411567,1784749244330.982,3673,False,,,,,,,,,,,,,,False,,,,,,,,,,,,,,True,0.5197995132791798,-4.354727413980276,-10.268348257574859,49.22019921518471,-0.2726992456085518,-0.6606524108333469,-2.9938408746236713,-12.458053532642017,-37.34755859393352,-26.27620930024899,0.5005457944379997,0.14330870233857368,1.7106877424277458,False,,,,,,,,,,,,,,False,,,,,,,,,,,,,,False,,,,,,,,,,,,,,True,0.11418918520067163,-42.00948095550303,6.545008520691437,72.45622674817471,-0.08094201865887357,-0.021478296003090085,1.4792771532487679,2.886579864025407e-16,0.0,-1.1368683772161604e-14,0.0,0.0,0.0,True,2,0.5197995132791587,-3.751744064232015,-8.110761056249826,53.750315258275194,2.7291772903934843,0.07938667976581215,-0.21355807402848404,-10.415265382737248,-38.060467393668425,-21.708989091727165,2.2590165941786235,-1.9136716882200022,-0.6045663992019569,True,0.6182376196834192,-36.85728882469446,74.24694220205387,-39.344108402000174,-46.35338390593428,-2.7374079235804176
2026-07-22T19:40:45.058+00:00,196.800000,90279.200000,1.219167,4095,2,02,80,FFFFFFFF,32,2.93746984,3.05287999,2.20698816,1.35441741,1.10281876,0.49440524,2.20757809,1.19361498,1.04883253,1.49516556,2.20717180,0.89040967,1.00972327,0.96027639,2.20771178,0.63942349,1.98612580,0.97864695,2.20744704,1.00550835,0.76655854,0.81090639,2.20772073,1.17606209,1.81908070,1.36392655,2.20767704,1.14342204,1.06445887,0.80765803,2.20543172,0.71023077,SD 02 80 FFFFFFFF 9216F6 947FFB 7FE9A8 61468E 553891 2ECCF3 7FEE09 59C6D8 52644E 674E19 7FEB05 498559 504875 4D8AD9 7FEF07 397293 792BBE 4E920D 7FED10 500D7E 41ED9B 44B7ED 7FEF18 58EA41 7394B4 61B2AB 7FEEC5 5749EC 533866 448451 7FDE19 3E430B 7CD7BA 000FFF 02 0DC688,2026-07-22T19:40:44.880+00:00,serial_request_midpoint,356.8411,True,matched,72.91385,72.91385,2026-07-22T19:40:44.952+00:00,122.950601,1784749244897.662,3690,False,,,,,,,,,,,,,,False,,,,,,,,,,,,,,True,0.5800008584471112,-4.455054496553864,-9.416350522852534,49.23228327599723,-0.279102903898885,-0.6597869043125266,-2.995981975902622,-11.912920486514286,-37.175432018705216,-25.992080335067318,0.5075755259014806,0.1461522313008224,1.7032237373074495,False,,,,,,,,,,,,,,False,,,,,,,,,,,,,,False,,,,,,,,,,,,,,True,0.14810607453552255,-41.975304137654724,6.536886406904907,72.41080261551653,-0.07346621515546245,-0.02540627714111641,1.482407841516245,-1.7763568394002506e-16,0.0,-1.1368683772161604e-14,0.0,0.0,0.0,True,2,0.5800008584471127,-3.8294031910647712,-7.26306839228545,53.761373642587465,2.729691323275863,0.07585548950879195,-0.21918163394312967,-9.840887870541284,-37.90517335339093,-21.440719938283145,2.249201696656939,-1.9179504829751899,-0.6138475310416817,True,0.5145088840523435,-36.03433556377617,74.22880943612304,-38.67885422364762,-46.04148635434408,-2.2640825349275473
2026-07-22T19:40:45.616+00:00,198.000000,90280.400000,1.218556,4095,2,02,80,FFFFFFFF,32,2.93636385,3.05200313,2.20473512,1.35382608,1.10269652,0.49439005,2.20742073,1.19352062,1.04858909,1.49518259,2.20523980,0.89031090,1.00962989,0.96019372,2.20746020,0.63939941,1.98582855,0.97851835,2.20745072,1.00528472,0.76648901,0.81083107,2.20538282,1.17595046,1.81901284,1.36345672,2.20723443,1.14320914,1.06418938,0.80759270,2.20495801,0.71017074,SD 02 80 FFFFFFFF 9210EA 947B65 7FD8EC 613FD0 5536F4 2ECCA6 7FECDE 59C5AA 5260FC 674E47 7FDCAC 4983DC 504727 4D89A8 7FED29 397225 79294C 4E9038 7FED17 500A5C 41EC78 44B6BB 7FDDBC 58E8D8 739419 61AD57 7FEB7C 57472E 5334C2 448347 7FDA94 3E4206 7CC7BA 000FFF 02 0DC694,2026-07-22T19:40:45.438+00:00,serial_request_midpoint,357.75,True,matched,52.4835,52.4835,2026-07-22T19:40:45.490+00:00,123.487642,1784749245431.059,3706,False,,,,,,,,,,,,,,False,,,,,,,,,,,,,,True,0.4099202288268965,-4.2154899915301005,-8.49274812900668,49.25168264826071,-0.27631204223053896,-0.6606840977592704,-2.9866180315829562,-10.775559387521744,-37.36707550585611,-25.843712070971783,0.5013104877191126,0.1467753888014205,1.7145441725284853,False,,,,,,,,,,,,,,False,,,,,,,,,,,,,,False,,,,,,,,,,,,,,True,0.16313109575306803,-41.92854742279052,6.532674501797901,72.32266961314392,-0.07600845308148434,-0.018837123506877808,1.4809968799266975,2.220446049250313e-16,0.0,1.1368683772161604e-14,0.0,0.0,0.0,True,2,0.40992022882689494,-3.6069175163212286,-6.329146134887923,53.77818116395432,2.727712070032323,0.08867990045764425,-0.21744955924540757,-8.721312886787526,-38.06568867975891,-21.279423100432815,2.260755787147288,-1.907056730415723,-0.6046258714764976,True,1.0203373923915628,-35.037867017421746,74.27133055663452,-37.577899270994294,-46.46900823755582,-2.246479098190025
2026-07-22T19:40:46.173+00:00,199.200000,90281.600000,1.217946,4095,2,02,80,FFFFFFFF,32,2.93567963,3.05109744,2.20455798,1.35326302,1.10257163,0.49439084,2.20725179,1.19341065,1.04845420,1.49516334,2.20481029,0.89026294,1.00951107,0.96014005,2.20672666,0.63936152,1.98557264,0.97842677,2.20513045,1.00515061,0.76641470,0.81080548,2.20727074,1.17583204,1.81892177,1.36307964,2.20744546,1.14301750,1.06392195,0.80760596,2.20779863,0.71012704,SD 02 80 FFFFFFFF 920D2C 9476A8 7FD79B 613964 55354E 2ECCAA 7FEB9D 59C44A 525F25 674E13 7FD97B 498323 50457E 4D88E2 7FE7B7 397178 792731 4E8EEA 7FDBDC 50087B 41EB41 44B653 7FEBC1 58E759 739349 61A910 7FED0D 5744B6 533125 44837D 7FEFAC 3E4148 7CB7BA 000FFF 02 0DC6A0,2026-07-22T19:40:45.995+00:00,serial_request_midpoint,356.9807,True,matched,32.41825,32.41825,2026-07-22T19:40:46.027+00:00,124.025172,1784749245964.479,3722,False,,,,,,,,,,,,,,False,,,,,,,,,,,,,,True,0.5603926275543017,-4.0524143116601845,-7.316925541562343,49.163587662510494,-0.2814004833319911,-0.6670198818572375,-2.984105340582105,-9.723754951658186,-37.327668178864904,-26.180655981248936,0.5148483536079247,0.14564406097832525,1.7134457813654347,False,,,,,,,,,,,,,,False,,,,,,,,,,,,,,False,,,,,,,,,,,,,,True,0.08252171911690441,-41.995713881468355,6.538033134744092,72.4375883386616,-0.0776086571918955,-0.02594406385931248,1.4822375258714549,5.329070518200751e-16,0.0,0.0,0.0,0.0,0.0,True,2,0.5603926275543175,-3.429345527777021,-5.1331493030488655,53.678410988671104,2.7229935950228006,0.08944044051818996,-0.2218777948348834,-7.631078910927229,-38.06526259145035,-21.640018965712123,2.2592187966680672,-1.9047084552173754,-0.6224422756230525,True,1.2752414688663776,-33.749613923200165,74.2826855104006,-36.32840970280946,-46.61758715491636,-2.433450695597526
2026-07-22T19:40:46.730+00:00,199.700000,90282.100000,1.218556,4095,2,02,80,FFFFFFFF,32,2.93526618,3.05049955,2.20763178,1.35281859,1.10249202,0.49437269,2.20809501,1.19337098,1.04828841,1.49508374,2.20723864,0.89018673,1.00948424,0.96007934,2.20724337,0.63935189,1.98542215,0.97829352,2.20517987,1.00503491,0.76640490,0.81075306,2.20450437,1.17579370,1.81882897,1.36279732,2.20656409,1.14285528,1.06365226,0.80760474,2.20745651,0.71006978,SD 02 80 FFFFFFFF 920AE9 947387 7FEE6F 613452 553441 2ECC4E 7FF1DF 59C3CB 525CE2 674D3C 7FEB84 4981FD 50451E 4D8802 7FEB8D 39714C 7925F4 4E8D04 7FDC3A 5006DC 41EB18 44B57E 7FD735 58E6DD 739275 61A5DC 7FE682 57429F 532D80 448378 7FED22 3E404F 7CC7BA 000FFF 02 0DC6A5,2026-07-22T19:40:46.553+00:00,serial_request_midpoint,355.7861,True,matched,25.19665,25.19665,2026-07-22T19:40:46.576+00:00,124.575044,1784749246497.827,3738,False,,,,,,,,,,,,,,False,,,,,,,,,,,,,,True,0.7149370766299546,-3.8968986000596324,-5.932284548516007,49.10480059678571,-0.27862251316385894,-0.6694892687730809,-2.9806063442092507,-8.277198812729388,-37.33515885832947,-26.489761576897696,0.516126809736552,0.1445445509259447,1.7175633359842126,False,,,,,,,,,,,,,,False,,,,,,,,,,,,,,False,,,,,,,,,,,,,,True,0.08765685450264796,-42.070126552012944,6.548973972608172,72.58152159909153,-0.08167561101718343,-0.027017665649164642,1.4820116911328052,-3.552713678800501e-16,0.0,0.0,0.0,0.0,0.0,True,2,0.7149370766299477,-3.285928259482361,-3.7385626146800233,53.61645465292348,2.7209999697782608,0.09380595529048015,-0.219538433975924,-6.183605261433374,-38.07475902432388,-21.94987384274001,2.263910110827972,-1.9004224786163981,-0.6239175432280669,True,1.5014947542303083,-32.30267161823199,74.27422734150548,-34.8562109629547,-46.77767636364523,-2.774049823882956
2026-07-22T19:40:47.286+00:00,200.800000,90283.200000,1.218556,4095,2,02,80,FFFFFFFF,32,2.93489707,3.04994731,2.20744125,1.35243006,1.10241863,0.49438374,2.20818819,1.19330944,1.04820996,1.49509781,2.20780811,0.89013955,1.00940736,0.96002730,2.20775705,0.63932211,1.98510031,0.97820826,2.20754651,1.00492006,0.76636620,0.81074518,2.20794287,1.17573434,1.81888194,1.36252364,2.20788707,1.14263912,1.06343896,0.80757453,2.20796392,0.71004172,SD 02 80 FFFFFFFF 9208E4 9470A3 7FED05 612FE3 553349 2ECC86 7FF290 59C306 525BD0 674D62 7FEFBE 498147 50440B 4D8742 7FEF5D 3970C4 79234E 4E8BCD 7FEDCD 500540 41EA76 44B55E 7FF0BE 58E61D 7392EE 61A2C1 7FF054 573FD6 532A9E 4482FD 7FF0E6 3E3FD5 7CC7BA 000FFF 02 0DC6B0,2026-07-22T19:40:47.108+00:00,serial_request_midpoint,355.9177,True,matched,11.36075,11.36075,2026-07-22T19:40:47.121+00:00,125.117648,1784749247064.497,3755,False,,,,,,,,,,,,,,False,,,,,,,,,,,,,,True,0.3996259013947635,-3.722132807123502,-4.646301034997029,48.68746331393069,-0.2696700914831366,-0.6851666063568294,-2.974808593923582,-6.650027780658436,-37.43793237879366,-26.719669334613865,0.5110507417640615,0.1566424185680402,1.7242646399388635,False,,,,,,,,,,,,,,False,,,,,,,,,,,,,,False,,,,,,,,,,,,,,True,0.09919479463811336,-42.02515539231008,6.540717161154532,72.5095426596012,-0.08429619865750282,-0.01883738935391772,1.478425164223069,-4.4408920985006264e-17,0.0,0.0,0.0,0.0,0.0,True,2,0.39962590139476456,-3.1454323622003297,-2.4032718120376932,53.17934035189571,2.710665077602372,0.09797205443671496,-0.21105326828959148,-4.540359710542169,-38.11592209790242,-22.17760445208122,2.2637719766234707,-1.8872558649505626,-0.6146467885065178,True,1.6830556130409928,-30.728754068567554,74.15370741124009,-33.09391091795174,-46.890854641383086,-2.8574960922569517
2026-07-22T19:40:47.843+00:00,201.400000,90283.800000,1.216725,4095,2,02,80,FFFFFFFF,32,2.93454727,3.04929895,2.20754651,1.35210287,1.10234169,0.49434804,2.20761125,1.19327070,1.04810202,1.49508374,2.20496905,0.89007501,1.00935649,0.95996063,2.20444235,0.63928620,1.98499731,0.97813315,2.20691502,1.00486208,0.76629596,0.81070088,2.20723916,1.17562521,1.81888281,1.36229681,2.20718549,1.14252180,1.06321963,0.80756078,2.20506841,0.70999895,SD 02 80 FFFFFFFF 9206FA 946D3E 7FEDCD 612C27 553245 2ECBD1 7FEE48 59C28A 525A57 674D3C 7FDAA9 49804E 504355 4D864C 7FD6BF 397020 792275 4E8ABB 7FE91D 500470 41E950 44B4AA 7FEB85 58E4BC 7392F0 61A02E 7FEB1F 573E53 5327A7 4482C5 7FDB66 3E3F1B 7C97BA 000FFF 02 0DC6B6,2026-07-22T19:40:47.665+00:00,serial_request_midpoint,355.8285,True,matched,84.59085,84.59085,2026-07-22T19:40:47.749+00:00,125.747364,1784749247697.889,3774,False,,,,,,,,,,,,,,False,,,,,,,,,,,,,,True,0.5169435105780151,-3.7634860309112854,-3.02308633279616,48.592248052632016,-0.2962804725775191,-0.695851697684044,-2.972941843479944,-5.0805514947500425,-37.28634351872323,-26.63392093010563,0.5305463957157925,0.1515511617868603,1.7186793140286007,False,,,,,,,,,,,,,,False,,,,,,,,,,,,,,False,,,,,,,,,,,,,,True,0.16055983543302482,-42.01570234686304,6.537086674936196,72.48409184037725,-0.08177905127956582,-0.018441840939466173,1.4788184492178442,8.881784197001252e-16,0.0,0.0,0.0,0.0,0.0,True,2,0.516943510578005,-3.101391501011242,-0.7482198628036031,53.05625257920177,2.7020159798219394,0.09333815111483156,-0.23446071163955826,-2.9246285275172954,-38.03642721477056,-22.125030418645245,2.2595954937969647,-1.890264333471993,-0.6411714358548476,True,1.8912352365970713,-28.936259341945593,74.17684497888126,-31.30975206740187,-46.92475359792654,-2.6095562900432925
2026-07-22T19:40:48.399+00:00,202.600000,90285.000000,1.220998,4095,2,02,80,FFFFFFFF,32,2.93415114,3.04918630,2.20697711,1.35179011,1.10226505,0.49436559,2.20792602,1.19318449,1.04801384,1.49506930,2.20793286,0.89002602,1.00929779,0.95992133,2.20797340,0.63929649,1.98486347,0.97808408,2.20749335,1.00474529,0.76625940,0.81067283,2.20749178,1.17559831,1.81883291,1.36212507,2.20763441,1.14232478,1.06304279,0.80754211,2.20795287,0.70996469,SD 02 80 FFFFFFFF 9204CF 946CA7 7FE993 612895 553142 2ECC2A 7FF09E 59C176 525923 674D15 7FF0AB 497F91 504283 4D85BB 7FF0F8 39704F 79215B 4E8A08 7FED68 5002CD 41E8B7 44B438 7FED65 58E465 73927E 619E3B 7FEE74 573BC9 532543 448279 7FF0D1 3E3E86 7D07BA 000FFF 02 0DC6C2,2026-07-22T19:40:48.221+00:00,serial_request_midpoint,356.7973,True,matched,60.54005,60.54005,2026-07-22T19:40:48.281+00:00,126.279805,1784749248231.247,3790,False,,,,,,,,,,,,,,False,,,,,,,,,,,,,,True,0.5779248044849783,-4.137935499194566,-2.1411761301255594,48.48146723592812,-0.2962315167713552,-0.69719897248782,-2.966934772052121,-4.224916002735818,-36.89364690957708,-26.267132761925318,0.5274168693623401,0.15762065863654395,1.7231230483486457,False,,,,,,,,,,,,,,False,,,,,,,,,,,,,,False,,,,,,,,,,,,,,True,0.1323489100427645,-41.91038788664263,6.5212307130175775,72.29654458984756,-0.07724393132698622,-0.013541089683342526,1.4788913748103851,4.884981308350689e-16,5.684341886080802e-15,0.0,0.0,0.0,0.0,True,2,0.577924804484973,-3.4814227505603803,0.1427267694752875,52.94168041255551,2.700066673867035,0.10097772196903221,-0.23488472430858182,-2.062753386934532,-37.61002341469476,-21.755749321046927,2.2606682483133937,-1.8826904684016104,-0.635640732988061,True,1.6973626228291274,-27.991800840291223,74.08878075666419,-30.389408741729873,-46.558733944500275,-2.1830006383365683
2026-07-22T19:40:48.957+00:00,203.100000,90285.500000,1.217946,4095,2,02,80,FFFFFFFF,32,2.93394703,3.04884914,2.20518197,1.35152975,1.10221505,0.49438828,2.20512151,1.19319417,1.04800640,1.49509299,2.20481765,0.88996537,1.00927179,0.95988502,2.20491069,0.63928730,1.98474910,0.97800239,2.20706025,1.00466892,0.76624985,0.81063542,2.20765757,1.17559089,1.81878869,1.36200187,2.20718391,1.14217991,1.06295352,0.80751903,2.20507314,0.70994123,SD 02 80 FFFFFFFF 9203B1 946AE3 7FDC3E 61259C 553099 2ECC9D 7FDBCB 59C195 525909 674D55 7FD989 497EA7 504226 4D8535 7FDA3A 397025 79206A 4E88DE 7FEA31 5001BB 41E88F 44B3A0 7FEEA0 58E44D 739219 619CD5 7FEB1C 5739EB 53240E 44821B 7FDB6F 3E3E20 7CB7BA 000FFF 02 0DC6C7,2026-07-22T19:40:48.779+00:00,serial_request_midpoint,355.6735,True,matched,44.81915,44.81915,2026-07-22T19:40:48.823+00:00,126.821447,1784749248764.554,3806,False,,,,,,,,,,,,,,False,,,,,,,,,,,,,,True,0.41150622118449126,-3.758785502473342,-1.0056766006512117,48.31453759501602,-0.2588743340255111,-0.7007784273014055,-2.948014675544569,-3.2007455665264786,-37.116590370687305,-26.763760413613095,0.517836436433864,0.1773104645668752,1.7428000129971029,False,,,,,,,,,,,,,,False,,,,,,,,,,,,,,False,,,,,,,,,,,,,,True,0.059858307823020006,-42.01330515896997,6.535337377961999,72.4787623586908,-0.07950211591229873,-0.018772714577407926,1.4814165580294996,3.774758283725532e-16,0.0,0.0,0.0,0.0,0.0,True,2,0.41150622118447383,-3.242460379506938,1.3031302480933875,52.78035685530752,2.6963758283624113,0.13036756054437287,-0.20268583892752898,-1.0183268776021062,-37.71851236111599,-22.245413265962895,2.2691757733874116,-1.8520483984267202,-0.6180995337558591,True,2.284255846039153,-26.646192396948056,74.08439605396202,-29.113395332196838,-47.03167186720678,-2.509570155573738
2026-07-22T19:40:49.515+00:00,204.300000,90286.700000,1.219167,4095,2,02,80,FFFFFFFF,32,2.93382571,3.04865298,2.20642468,1.35141241,1.10216475,0.49437763,2.20507156,1.19313732,1.04795687,1.49505523,2.20494539,0.88996563,1.00924021,0.95989125,2.20680295,0.63928598,1.98463331,0.97794483,2.20488967,1.00461764,0.76622667,0.81064797,2.20484814,1.17558965,1.81881539,1.36195129,2.20479925,1.14211505,1.06281918,0.80753253,2.20726284,0.70995549,SD 02 80 FFFFFFFF 920307 9469DC 7FE579 612445 552FEF 2ECC67 7FDB6C 59C0DF 52585C 674CEF 7FDA7C 497EA8 5041B5 4D854C 7FE848 39701F 791F76 4E880C 7FDA12 500103 41E82E 44B3D3 7FD9C3 58E449 739256 619C42 7FD966 573915 53223D 448252 7FEBB2 3E3E5E 7CD7BA 000FFF 02 0DC6D3,2026-07-22T19:40:49.336+00:00,serial_request_midpoint,357.9009,True,matched,26.22675,26.22675,2026-07-22T19:40:49.363+00:00,127.359832,1784749249297.873,3822,False,,,,,,,,,,,,,,False,,,,,,,,,,,,,,True,0.4515934158220874,-4.075592771536787,0.35827287556739135,48.13185075739458,-0.23991905127895755,-0.6960707761003925,-2.944177756029989,-2.0895832672761507,-36.634114358970216,-26.801626199929785,0.5111813322621073,0.18848860411184526,1.7470210340458547,False,,,,,,,,,,,,,,False,,,,,,,,,,,,,,False,,,,,,,,,,,,,,True,0.08011008587495552,-41.978836635152696,6.533411527230266,72.42101762877476,-0.07525257290777185,-0.023552825659660437,1.4833904142093768,4.440892098500626e-16,0.0,1.1368683772161604e-14,0.0,0.0,0.0,True,2,0.45159341582207935,-3.6253117098767964,2.6553262883352455,52.61085908693823,2.6995429796832204,0.1394614958901192,-0.18609513630535984,0.10048590039890319,-37.1764868992543,-22.27944176095957,2.267180904695391,-1.8426643698894987,-0.6073145324470501,True,1.925552139835684,-25.321764361662396,73.87212960438187,-27.918127610447602,-46.46669240391465,-2.4244501129347213
2026-07-22T19:40:50.070+00:00,204.800000,90287.200000,1.219167,4095,2,02,80,FFFFFFFF,32,2.93452158,3.04925643,2.20719338,1.35150717,1.10211682,0.49437072,2.20772020,1.19311202,1.04801986,1.49505005,2.20779548,0.88991898,1.00923070,0.95990019,2.20765073,0.63928007,1.98456640,0.97795305,2.20776442,1.00463129,0.76622046,0.81066889,2.20755862,1.17569260,1.81877512,1.36220767,2.20779232,1.14221233,1.06276544,0.80752836,2.20546379,0.71000401,SD 02 80 FFFFFFFF 9206D6 946D05 7FEB2E 61255A 552F4D 2ECC44 7FEF17 59C08E 525938 674CE1 7FEFA6 497DF4 504193 4D856D 7FEE93 397004 791EE9 4E882A 7FEF6B 500134 41E814 44B428 7FEDE4 58E596 7391FA 619F2B 7FEFA0 573A56 532183 448241 7FDE56 3E3F31 7CD7BA 000FFF 02 0DC6D8,2026-07-22T19:40:49.893+00:00,serial_request_midpoint,355.8666,True,matched,17.7788,17.7788,2026-07-22T19:40:49.910+00:00,127.908515,1784749249831.211,3838,False,,,,,,,,,,,,,,False,,,,,,,,,,,,,,True,0.40690508524959434,-3.8856330762366538,1.7940944255972806,48.02121055426277,-0.21934145774364738,-0.7024274906010247,-2.929717510078022,-0.49675164729926724,-36.675400894244554,-26.859712696202372,0.5020168634512675,0.2014498754801502,1.7631357944991237,False,,,,,,,,,,,,,,False,,,,,,,,,,,,,,False,,,,,,,,,,,,,,True,0.13261156889243292,-41.96300022418761,6.534019410689455,72.40200589180309,-0.07834667194621969,-0.020420222955237117,1.482212933107052,-7.549516567451064e-16,0.0,0.0,0.0,0.0,0.0,True,2,0.40690508524960356,-3.5176384200164357,4.118119198987005,52.493817380180154,2.6935195206622,0.15913444167595042,-0.16817648530134677,1.695308719477828,-37.131662776087936,-22.328993164255998,2.275873117815257,-1.819752172043622,-0.5920800187084759,True,2.3087058418376722,-23.666144957727266,73.93349304340862,-26.183741227948907,-46.7218726992023,-2.4202573331783923
2026-07-22T19:40:50.629+00:00,206.000000,90288.400000,1.217946,4095,2,02,80,FFFFFFFF,32,2.93645814,3.05048612,2.20452329,1.35205667,1.10215114,0.49436776,2.20686977,1.19319011,1.04831704,1.49503820,2.20519038,0.89005194,1.00930058,0.95994681,2.20439663,0.63929540,1.98463426,0.97798594,2.20460266,1.00477372,0.76627565,0.81076512,2.20448282,1.17601199,1.81890820,1.36285033,2.20650254,1.14240631,1.06300321,0.80755734,2.20763125,0.71012222,SD 02 80 FFFFFFFF 92116E 947375 7FD759 612BA0 552FC1 2ECC35 7FE8C7 59C188 525D46 674CC1 7FDC4E 497FF5 50428D 4D8619 7FD668 39704A 791F78 4E88A2 7FD7F0 500333 41E8FB 44B5AF 7FD70C 58E99F 73932A 61A676 7FE60D 573CD6 5324BA 4482B7 7FEE6E 3E4133 7CB7B9 000FFF 02 0DC6E4,2026-07-22T19:40:50.451+00:00,serial_request_midpoint,356.4363,True,matched,7.96255,7.96255,2026-07-22T19:40:50.457+00:00,128.455895,1784749250397.916,3855,False,,,,,,,,,,,,,,False,,,,,,,,,,,,,,True,0.33289806740696426,-3.9351356248096314,3.4253265765872833,47.84289857580865,-0.22192906605630383,-0.7062461011543291,-2.9267455020326802,1.1883510880980654,-36.50641366578025,-27.04420136348253,0.5056693767892916,0.20258624783596466,1.766010628784132,False,,,,,,,,,,,,,,False,,,,,,,,,,,,,,False,,,,,,,,,,,,,,True,0.12515529394194028,-42.00578670956567,6.53805444176489,72.46921977192625,-0.07864614987326418,-0.02035797182704358,1.4808337717744624,-1.7763568394002506e-16,0.0,0.0,0.0,0.0,0.0,True,2,0.332898067406963,-3.561674169283104,5.762801093709266,52.3080370946646,2.6903713242368426,0.16152129701300919,-0.17056259209840963,3.3939182762955937,-36.96412506031014,-22.52018807579275,2.277677986308351,-1.8147664749113452,-0.5962664808988271,True,2.352579530422821,-21.950363822595516,73.81555690121964,-24.401146381573973,-46.68105085592043,-2.5555431132695503
2026-07-22T19:40:51.185+00:00,207.200000,90289.600000,1.219777,4095,2,02,80,FFFFFFFF,32,2.94014534,3.05376760,2.20745388,1.35339144,1.10221653,0.49436599,2.20744809,1.19336130,1.04895283,1.49508892,2.20772073,0.89021162,1.00950269,0.96011918,2.20563837,0.63934904,1.98491141,0.97811752,2.20482711,1.00511465,0.76637408,0.81092140,2.20496852,1.17652506,1.81916520,1.36413188,2.20708919,1.14291350,1.06341555,0.80761726,2.20537808,0.71032783,SD 02 80 FFFFFFFF 922594 94849F 7FED1D 613ADB 55309E 2ECC2C 7FED12 59C3AC 5265F2 674D4A 7FEF18 49825D 504560 4D8895 7FDFA2 39713F 7921C0 4E8A82 7FD99B 5007FA 41EA97 44B82A 7FDAA8 58F01A 739575 61B4FF 7FEA68 57435F 532A4D 4483AB 7FDDB3 3E44B1 7CE7BA 000FFF 02 0DC6F0,2026-07-22T19:40:51.007+00:00,serial_request_midpoint,356.3034,True,matched,87.2542,87.2542,2026-07-22T19:40:51.094+00:00,129.092012,1784749251031.324,3874,False,,,,,,,,,,,,,,False,,,,,,,,,,,,,,True,0.29557797702751437,-3.737294504120365,5.002424050124622,47.657948623115615,-0.20043478256025907,-0.7148771780053724,-2.912026273644804,2.7958899561633292,-36.542448062292785,-27.039156179963573,0.4991108392879008,0.2210191935765223,1.7794374165776032,False,,,,,,,,,,,,,,False,,,,,,,,,,,,,,False,,,,,,,,,,,,,,True,0.15792874464610893,-41.95463193085125,6.528746797941309,72.38422891024524,-0.07794383281563255,-0.018967300145705718,1.4808597163059396,-2.220446049250313e-16,0.0,0.0,0.0,0.0,0.0,True,2,0.29557797702746913,-3.4503588132278677,7.3722424899735675,52.11242398217595,2.6826252644813016,0.1805503380047807,-0.15161628881461153,5.0239288634138175,-36.904724264865976,-22.517505946491404,2.2800905705686807,-1.790662729163843,-0.5837865611585696,True,2.7125557857721097,-20.10810458478805,73.84765627972045,-22.5354690531135,-46.835173847724036,-2.33243541669209
2026-07-22T19:40:51.740+00:00,207.700000,90290.100000,1.219777,4095,2,02,80,FFFFFFFF,32,2.94558642,3.05841378,2.20666458,1.35556295,1.10242396,0.49434626,2.20761336,1.19360654,1.04979434,1.49512409,2.20730915,0.89050430,1.00976661,0.96035772,2.20722916,0.63942853,1.98557169,0.97840374,2.20536389,1.00566257,0.76654373,0.81111955,2.20719759,1.17712276,1.81945551,1.36583847,2.20742546,1.14357218,1.06416191,0.80769094,2.20770547,0.71055487,SD 02 80 FFFFFFFF 924342 949CE3 7FE741 61539C 55335B 2ECBC8 7FEE4C 59C6BD 52716B 674DA9 7FEC0A 4986C6 504910 4D8C05 7FEB72 3972AA 79272F 4E8E96 7FDD98 500FA7 41ED5D 44BB4F 7FEB36 58F7A6 73980C 61C856 7FECE7 574BDB 533463 4484D7 7FEEFB 3E488C 7CE7BA 000FFF 02 0DC6F5,2026-07-22T19:40:51.564+00:00,serial_request_midpoint,354.228,True,matched,81.3002,81.3002,2026-07-22T19:40:51.644+00:00,129.643093,1784749251564.681,3890,False,,,,,,,,,,,,,,False,,,,,,,,,,,,,,True,0.23728344927043865,-3.48043724366329,6.141114841370797,47.65173328868292,-0.19019559914808856,-0.7115779659440803,-2.910612083039388,3.6798815471660475,-36.648431287991826,-27.20892775270242,0.5004989147908507,0.2258678910404651,1.7793914713089833,False,,,,,,,,,,,,,,False,,,,,,,,,,,,,,False,,,,,,,,,,,,,,True,0.08130769861175036,-41.9868813082163,6.528070800677483,72.43234716551453,-0.07560350502594597,-0.026747253931384937,1.4837065004912733,-5.329070518200751e-16,0.0,0.0,0.0,0.0,0.0,True,2,0.2372834492704575,-3.2288219275523753,8.500725508698602,52.11375643962107,2.684770379238884,0.18462895831848483,-0.14250400887341047,5.924035475850799,-36.99733416941241,-22.694200375342632,2.2770372732623967,-1.7873540741183687,-0.5847467057609843,True,2.923619601342243,-19.009277506526335,73.81441338976882,-21.553298264008884,-46.91228690518294,-2.389985110330463
2026-07-22T19:40:52.299+00:00,208.800000,90291.200000,1.219167,4095,2,02,80,FFFFFFFF,32,2.95091544,3.06328940,2.20549639,1.35798191,1.10265686,0.49436678,2.20489703,1.19388807,1.05066898,1.49515816,2.20471883,0.89088159,1.01009433,0.96066543,2.20712234,0.63952423,1.98625117,0.97874211,2.20502898,1.00619198,0.76667205,0.81132708,2.20453223,1.17764143,1.81971827,1.36734959,2.20702078,1.14421595,1.06501708,0.80773908,2.20502688,0.71071798,SD 02 80 FFFFFFFF 926044 94B64E 7FDE94 616F26 55366E 2ECC30 7FDA20 59CA42 527D56 674E05 7FD8CD 498C75 504DA4 4D9074 7FEAA7 39745F 792CC6 4E9368 7FDB1B 501711 41EF76 44BE9A 7FD76A 58FE32 739A64 61D972 7FE9E6 575425 533FF0 44859B 7FDB17 3E4B51 7CD7B9 000FFF 02 0DC700,2026-07-22T19:40:52.121+00:00,serial_request_midpoint,357.5808,True,matched,60.8545,60.8545,2026-07-22T19:40:52.180+00:00,130.179164,1784749252131.368,3907,False,,,,,,,,,,,,,,False,,,,,,,,,,,,,,True,0.24088339263817682,-3.2377501838881706,7.537563480156382,47.51570115972553,-0.17966714633644654,-0.7094370974045136,-2.9043056188316,5.40127865449004,-36.790218541926,-27.29708270904531,0.48667803356925,0.22642514062856164,1.790818889484495,False,,,,,,,,,,,,,,False,,,,,,,,,,,,,,False,,,,,,,,,,,,,,True,0.07082546873081111,-42.012835902409144,6.533735637501685,72.48187373531763,-0.08113756381837699,-0.01969791511315226,1.4811095753706538,-3.885780586188048e-16,0.0,1.1368683772161604e-14,0.0,0.0,0.0,True,2,0.2408833926382597,-3.027675777893005,9.89329457179464,51.9819214317091,2.6850553792453873,0.1948066765292054,-0.13336567333950958,7.601229795629744,-37.09055869677133,-22.757178027443718,2.288692516360226,-1.7783859116987812,-0.5663207853178553,True,3.257196359636069,-17.59182410537814,73.67615910554284,-19.98297981109043,-47.18373771020324,-2.687040197635656
2026-07-22T19:40:52.856+00:00,209.400000,90291.800000,1.217946,4095,2,02,80,FFFFFFFF,32,2.95396811,3.06619268,2.20446758,1.35972628,1.10298808,0.49435987,2.20483447,1.19417122,1.05122766,1.49511595,2.20707182,0.89113576,1.01033625,0.96088479,2.20763441,0.63957482,1.98700689,0.97904600,2.20749704,1.00657646,0.76681401,0.81142211,2.20512834,1.17780919,1.81976557,1.36807422,2.20462684,1.14467603,1.06566664,0.80777248,2.20679295,0.71077919,SD 02 80 FFFFFFFF 9270DB 94C56B 7FD6EF 6182FC 553ACD 2ECC0D 7FD9A9 59CDCC 5284F2 674D93 7FEA47 499049 505105 4D939D 7FEE74 397546 7932FD 4E97BC 7FED6F 501C73 41F1C8 44C01C 7FDBD8 590050 739AD0 61E1A5 7FD81E 575A11 5348B5 448623 7FE835 3E4C5B 7CB7B9 000FFF 02 0DC706,2026-07-22T19:40:52.679+00:00,serial_request_midpoint,354.9295,True,matched,36.73255,36.73255,2026-07-22T19:40:52.714+00:00,130.7126,1784749252664.721,3923,False,,,,,,,,,,,,,,False,,,,,,,,,,,,,,True,0.18363744829704715,-3.2867850465533848,8.62542831534227,47.38815221322655,-0.18815673985967385,-0.7135847515116254,-2.9019161605063553,6.521241774543753,-36.64004293142267,-27.34812564823722,0.4932394789368492,0.22444879501002202,1.7915951217347443,False,,,,,,,,,,,,,,False,,,,,,,,,,,,,,False,,,,,,,,,,,,,,True,0.1125238621670354,-42.01140114537789,6.525791016711146,72.46672769077671,-0.0813809432130825,-0.01909611163771319,1.48069792817976,3.4902636336653357e-16,0.0,1.1368683772161604e-14,0.0,0.0,0.0,True,2,0.1836374482971187,-3.0512469993960085,10.996330052418042,51.84506483312775,2.6815962228510513,0.19571001956398024,-0.14112680168748512,8.736469129488167,-36.961936679628806,-22.817135083169354,2.290096306074719,-1.7768047230523751,-0.574810053099727,True,3.345634083289693,-16.416537754298083,73.59790156210711,-18.775402792789595,-47.170456878911935,-2.706085050782633
2026-07-22T19:40:53.413+00:00,210.600000,90293.000000,1.218556,4095,2,02,80,FFFFFFFF,32,2.95358480,3.06651705,2.20502214,1.36024291,1.10325956,0.49436027,2.20694764,1.19420810,1.05129106,1.49516778,2.20521930,0.89124573,1.01044114,0.96098866,2.20690344,0.63963395,1.98734233,0.97926462,2.20752125,1.00670288,0.76687376,0.81143787,2.20766073,1.17768414,1.81988208,1.36806593,2.20730442,1.14482658,1.06595982,0.80778575,2.20539438,0.71076676,SD 02 80 FFFFFFFF 926EC6 94C71B 7FDB0E 6188DB 553E62 2ECC0F 7FE95B 59CE42 5285CF 674E1F 7FDC85 4991F1 50527C 4D951C 7FE907 397654 7935BF 4E9AD9 7FED9D 501E38 41F2C2 44C05C 7FEEA6 58FEBC 739BDA 61E18D 7FEC01 575C01 534CAA 448659 7FDDD2 3E4C25 7CC7BA 000FFF 02 0DC712,2026-07-22T19:40:53.235+00:00,serial_request_midpoint,357.0289,True,matched,20.60395,20.60395,2026-07-22T19:40:53.254+00:00,131.252866,1784749253198.064,3939,False,,,,,,,,,,,,,,False,,,,,,,,,,,,,,True,0.13985554936572375,-3.3867847556829402,9.993950696823442,47.203119673293415,-0.18033629156005,-0.718856143336782,-2.890165026873253,7.877741877298567,-36.39506334240248,-27.513071573562172,0.49464886379624085,0.2331678451508872,1.802442059417992,False,,,,,,,,,,,,,,False,,,,,,,,,,,,,,False,,,,,,,,,,,,,,True,0.08867505100439209,-42.02029588388243,6.528570512843561,72.48298356300916,-0.08121257474690322,-0.02026306790683561,1.4801355498946318,-4.274358644806853e-16,0.0,0.0,0.0,0.0,0.0,True,2,0.13985554936571434,-3.1901332103872253,12.386338883761796,51.650425614236255,2.675793705079113,0.21023034964450027,-0.13449568355588107,10.11528186305343,-36.67714656518632,-22.990399015528943,2.2950141762165295,-1.759035249258392,-0.5742566533347914,True,3.4768774185376317,-14.856577054983006,73.5352563232099,-17.184118357278383,-47.17650801408466,-2.7400293520466676
2026-07-22T19:40:53.970+00:00,211.100000,90293.500000,1.217946,4095,2,02,80,FFFFFFFF,32,2.95117478,3.06498716,2.20689345,1.35984966,1.10330160,0.49437979,2.20787601,1.19427967,1.05098730,1.49517593,2.20739178,0.89120475,1.01044254,0.96091977,2.20544591,0.63963482,1.98742453,0.97929068,2.20487022,1.00667999,0.76684866,0.81137804,2.20448703,1.17747461,1.81979973,1.36766129,2.20439558,1.14486604,1.06600989,0.80780098,2.20434407,0.71070740,SD 02 80 FFFFFFFF 9261AD 94BF25 7FE8F4 618463 553EF0 2ECC72 7FF03F 59CF27 5281AC 674E35 7FECA7 499153 505281 4D941E 7FDE34 397658 79366C 4E9B38 7FD9ED 501DE6 41F259 44BF69 7FD714 58FC17 739B1E 61DCF9 7FD666 575C83 534D57 448697 7FD604 3E4B23 7CB7BA 000FFF 02 0DC717,2026-07-22T19:40:53.792+00:00,serial_request_midpoint,354.9683,True,matched,8.55935,8.55935,2026-07-22T19:40:53.799+00:00,131.797957,1784749253731.379,3955,False,,,,,,,,,,,,,,False,,,,,,,,,,,,,,True,0.13637974400217207,-3.2304003247701436,11.076575033080125,47.05389850596687,-0.2038615593387082,-0.7305019253414021,-2.8824136075389246,8.702954961989434,-36.46357813768636,-27.47546839910578,0.5188812821748916,0.23299505752802002,1.799560337873198,False,,,,,,,,,,,,,,False,,,,,,,,,,,,,,False,,,,,,,,,,,,,,True,0.12119909999114972,-41.94707046972899,6.524577450941114,72.36267347281361,-0.0754216596003636,-0.0231709975959696,1.4833921441865079,-6.217248937900876e-16,0.0,0.0,0.0,0.0,0.0,True,2,0.1363797440021958,-2.964514543473315,13.51253435904844,51.47386797312248,2.665738653246108,0.21393386286915303,-0.15607049427853442,11.015367943289874,-36.806411303123205,-22.994850718289275,2.2904048694763435,-1.7550694210564983,-0.6048081849834848,True,4.045323426371558,-13.514549234194774,73.51860065039742,-15.961047816610002,-47.513957020576285,-2.4232009985943024
2026-07-22T19:40:54.527+00:00,212.300000,90294.700000,1.220387,4095,2,02,80,FFFFFFFF,32,2.94802566,3.06256352,2.20638418,1.35897961,1.10329361,0.49435908,2.20547273,1.19419153,1.05057952,1.49517334,2.20492962,0.89110826,1.01036982,0.96082947,2.20471988,0.63959978,1.98744354,0.97927779,2.20450753,1.00648633,0.76682046,0.81129286,2.20484656,1.17713514,1.81965302,1.36686748,2.20441712,1.14466480,1.06586112,0.80775554,2.20490754,0.71063493,SD 02 80 FFFFFFFF 92508B 94B286 7FE52C 617A7F 553ED5 2ECC09 7FDE67 59CE0D 527C1E 674E2E 7FDA5E 498FDF 50517D 4D92D1 7FD8CF 3975B8 793694 4E9B09 7FD73B 501B30 41F1E3 44BE0F 7FD9C0 58F7CE 7399CF 61D3FD 7FD68F 5759EC 534B55 4485DE 7FDA34 3E49E8 7CF7B9 000FFF 02 0DC723,2026-07-22T19:40:54.349+00:00,serial_request_midpoint,355.4488,True,matched,92.3948,92.3948,2026-07-22T19:40:54.440+00:00,132.438703,1784749254364.72,3974,False,,,,,,,,,,,,,,False,,,,,,,,,,,,,,True,0.15116219136598105,-3.3337259601467175,12.118809601578281,46.668338574493575,-0.2234779711588643,-0.7543254965442291,-2.8802680883350558,9.813675820664338,-36.20735580002688,-28.04896939979715,0.5427439523575693,0.23193164690172666,1.7935513445634625,False,,,,,,,,,,,,,,False,,,,,,,,,,,,,,False,,,,,,,,,,,,,,True,0.16854626066019274,-42.01567680107345,6.53244605537481,72.48547925667148,-0.07954612719046487,-0.02424053561931921,1.4828474931255198,0.0,0.0,1.1368683772161604e-14,0.0,0.0,0.0,True,2,0.1511621913660065,-3.0060217156947706,14.627858975512229,51.0430390681398,2.649475348920274,0.2059033338160128,-0.172972660338186,12.1977062654077,-36.6165591304586,-23.611664506657736,2.2833008916794557,-1.7548608530040781,-0.635287863194413,True,4.048137398390713,-12.067292689163773,73.47469151563593,-14.489733141359114,-47.448862012776914,-2.730737637669938
2026-07-22T19:40:55.084+00:00,212.800000,90295.200000,1.219777,4095,2,02,80,FFFFFFFF,32,2.94471484,3.05958709,2.20452014,1.35785384,1.10325926,0.49436283,2.20443552,1.19408246,1.05012539,1.49520148,2.20697869,0.89097158,1.01022745,0.96070122,2.20493751,0.63956036,1.98713232,0.97918123,2.20447441,1.00625085,0.76675928,0.81119734,2.20466048,1.17682698,1.81947697,1.36612196,2.20714234,1.14451669,1.06558734,0.80772238,2.20790339,0.71054544,SD 02 80 FFFFFFFF 923E82 94A302 7FD753 616DB1 553E61 2ECC1C 7FD6B2 59CCB0 5275EE 674E7A 7FE996 498DD0 504F80 4D90F8 7FDA6D 397504 793405 4E99A9 7FD6FC 5017E4 41F0E3 44BC8B 7FD85E 58F3EA 73983D 61CB8C 7FEACD 575804 5347A3 448557 7FF073 3E4863 7CE7B9 000FFF 02 0DC728,2026-07-22T19:40:54.906+00:00,serial_request_midpoint,355.4608,True,matched,78.8404,78.8404,2026-07-22T19:40:54.985+00:00,132.982083,1784749254931.429,3991,False,,,,,,,,,,,,,,False,,,,,,,,,,,,,,True,0.11359725793745709,-3.42800853074595,12.503230367952916,46.6489597362678,-0.22478978564762175,-0.74917085137428,-2.8794377854631734,10.002633589534991,-36.13183443541915,-27.786905024326167,0.5429174572951305,0.23561628525647138,1.7927666812312972,False,,,,,,,,,,,,,,False,,,,,,,,,,,,,,False,,,,,,,,,,,,,,True,0.1659107798638891,-41.92770653090039,6.521269888822502,72.3328775049608,-0.07215411478883081,-0.025285698730216327,1.4841065626354772,-1.7763568394002506e-16,0.0,0.0,0.0,0.0,0.0,True,2,0.11359725793744434,-3.0966508441551452,14.998524378498583,51.03124601119028,2.6524371498014414,0.20873480628860197,-0.17449105047760807,12.396111854923031,-36.52967885413615,-23.353655119063376,2.280347735951689,-1.753461982567007,-0.6349301907448227,True,4.031317258134271,-11.759400560171533,73.36455831459455,-14.244858206367704,-47.31649846782001,-2.3900067832558873
2026-07-22T19:40:55.641+00:00,214.000000,90296.400000,1.218557,4095,2,02,80,FFFFFFFF,32,2.94226369,3.05741759,2.20766546,1.35679707,1.10316363,0.49436737,2.20786391,1.19394932,1.04966882,1.49518926,2.20760651,0.89083309,1.01009209,0.96057650,2.20776547,0.63951612,1.98676461,0.97905038,2.20749756,1.00605668,0.76671435,0.81108558,2.20547063,1.17660487,1.81936925,1.36545158,2.20669825,1.14433005,1.06532577,0.80771452,2.20537703,0.71047068,SD 02 80 FFFFFFFF 923124 9497B0 7FEEAF 6161AA 553D1E 2ECC33 7FF028 59CB06 526FB5 674E59 7FEE3F 498BBA 504D9C 4D8F2C 7FEF6D 39743A 7930FF 4E97CC 7FED70 50152C 41F027 44BAC5 7FDE63 58F11C 739747 61C3F4 7FE781 57559D 53441B 448537 7FDDB1 3E471E 7CC7BB 000FFF 02 0DC734,2026-07-22T19:40:55.463+00:00,serial_request_midpoint,357.5237,True,matched,84.43405,84.43405,2026-07-22T19:40:55.548+00:00,133.544945,1784749255464.796,4007,False,,,,,,,,,,,,,,False,,,,,,,,,,,,,,True,0.10829112207784963,-3.097330063985329,12.552451694600256,46.66989923566451,-0.20481254974903262,-0.7455007583565895,-2.873658814207117,10.460629206673005,-36.40016000840712,-27.92751374786412,0.5246704836258665,0.23688321577188273,1.8075045100923732,False,,,,,,,,,,,,,,False,,,,,,,,,,,,,,False,,,,,,,,,,,,,,True,0.13331841651216825,-41.99858262269006,6.5290307086352355,72.45271105214383,-0.08136858160366599,-0.02028842093738214,1.4803365467731417,4.4408920985006264e-17,0.0,1.1368683772161604e-14,0.0,0.0,0.0,True,2,0.10829112207784122,-2.8387541502086058,15.037671185737093,51.06279642291599,2.6541356918399464,0.21991092119843972,-0.15684230011990857,12.797772049411952,-36.73296236735494,-23.458987252184944,2.295051657724263,-1.742088367438826,-0.6106471619262054,True,4.341728222037191,-11.710888265601266,73.39050465533951,-13.982732424525427,-47.72569436364495,-2.7820499037449964
2026-07-22T19:40:56.198+00:00,215.200000,90297.600000,1.219777,4095,2,02,80,FFFFFFFF,32,2.93988067,3.05540764,2.20466206,1.35584551,1.10305587,0.49435593,2.20742441,1.19382714,1.04930491,1.49519815,2.20518933,0.89067595,1.00993661,0.96042495,2.20442711,0.63947955,1.98651667,0.97890282,2.20453275,1.00579393,0.76662020,0.81103438,2.20453906,1.17636639,1.81930181,1.36482866,2.20656725,1.14402085,1.06500117,0.80769708,2.20776284,0.71036578,SD 02 80 FFFFFFFF 922422 948D31 7FD861 6156D4 553BB2 2ECBF9 7FECE5 59C97F 526ABF 674E71 7FDC4C 49895C 504B70 4D8CFD 7FD6A2 397393 792EF5 4E95B2 7FD76B 50117E 41EE9D 44B9F5 7FD777 58EE19 7396AD 61BCE5 7FE688 5751A2 533FB9 4484F0 7FEF68 3E4556 7CE7BA 000FFF 02 0DC740,2026-07-22T19:40:56.020+00:00,serial_request_midpoint,355.7322,True,matched,65.8195,65.8195,2026-07-22T19:40:56.085+00:00,134.083598,1784749256031.493,4024,False,,,,,,,,,,,,,,False,,,,,,,,,,,,,,True,0.12705031892664206,-2.2390069908809327,12.310586879192764,46.71548167484564,-0.20993938534130566,-0.7472307411038733,-2.8468470854716164,10.095417719238378,-37.337093036532465,-27.801702476798198,0.5357911692850517,0.24381951312512512,1.82866431765933,False,,,,,,,,,,,,,,False,,,,,,,,,,,,,,False,,,,,,,,,,,,,,True,0.1293479562887067,-41.95029846564826,6.528336759225624,72.37653287913597,-0.07552483029631442,-0.021714983769777933,1.4822917291674957,1.7763568394002506e-16,0.0,0.0,0.0,0.0,0.0,True,2,0.1270503189266774,-1.9936922896627842,14.820593444608454,51.09502628346492,2.6459157406664517,0.2538964719981022,-0.16331887459554134,12.476529243575218,-37.64429531174103,-23.354607030248076,2.309616267122442,-1.7107836856047858,-0.6213042556535523,True,6.046976597045068,-11.652460713773177,73.4578606770267,-13.877912805362772,-49.36052551141607,-2.52806989779275
2026-07-22T19:40:56.755+00:00,215.700000,90298.100000,1.217336,4095,2,02,80,FFFFFFFF,32,2.93848409,3.05375041,2.20744757,1.35498152,1.10291497,0.49433660,2.20746546,1.19371340,1.04900411,1.49519333,2.20750967,0.89054968,1.00983846,0.96033630,2.20760862,0.63946006,1.98611441,0.97876679,2.20764388,1.00560233,0.76657312,0.81093100,2.20728126,1.17617743,1.81924795,1.36428761,2.20742967,1.14379756,1.06467490,0.80768038,2.20758283,0.71030782,SD 02 80 FFFFFFFF 921C81 948488 7FED11 614CFC 5539D6 2ECB97 7FED33 59C813 5266A5 674E64 7FED87 498775 504A11 4D8BB6 7FEE43 39733A 792BA6 4E93C2 7FEE86 500ECF 41EDD8 44B851 7FEBD5 58EBB6 739632 61B6C3 7FECEF 574EC2 533B51 4484AC 7FEE12 3E445A 7CA7BA 000FFF 02 0DC745,2026-07-22T19:40:56.576+00:00,serial_request_midpoint,356.1944,True,matched,48.933,48.933,2026-07-22T19:40:56.624+00:00,134.62285,1784749256564.863,4040,False,,,,,,,,,,,,,,False,,,,,,,,,,,,,,True,0.12341653414154373,-2.0642898349276413,12.278490439087989,46.79179103599762,-0.210529555503693,-0.741307306923551,-2.8512846008152333,10.050661104396571,-37.57116511346004,-27.842181271189645,0.5326114303018329,0.23919763240660816,1.8256602798258081,False,,,,,,,,,,,,,,False,,,,,,,,,,,,,,False,,,,,,,,,,,,,,True,0.15390851645358078,-42.00908658494673,6.533912634960683,72.4668437722255,-0.07570873439892331,-0.02194592043270647,1.4829997258512708,-4.440892098500626e-16,0.0,0.0,0.0,0.0,0.0,True,2,0.12341653414155103,-1.811441649371941,14.768562604183575,51.18227297431712,2.6507826607921543,0.2502343018309825,-0.16384051360413165,12.412322987084362,-37.89115714003422,-23.385626380040993,2.3098953156447766,-1.7178946449721617,-0.6184394824490689,True,6.140992510592839,-11.827590156802637,73.43030129095362,-14.075645356281523,-49.5098792014133,-2.674176758312001
2026-07-22T19:40:57.312+00:00,216.900000,90299.300000,1.217946,4095,2,02,80,FFFFFFFF,32,2.93736908,3.05263647,2.20755441,1.35418647,1.10280900,0.49432595,2.20759599,1.19368465,1.04881620,1.49515223,2.20780232,0.89041745,1.00976577,0.96023655,2.20755230,0.63941473,1.98581525,0.97861871,2.20749020,1.00543501,0.76650980,0.81088054,2.20535968,1.17608435,1.81914725,1.36372021,2.20430413,1.14360009,1.06439959,0.80763224,2.20680926,0.71024089,SD 02 80 FFFFFFFF 921669 947EB5 7FEDDC 6143EC 553870 2ECB61 7FEE2B 59C7B7 526415 674DF5 7FEFB3 498577 50490D 4D8A46 7FEDD8 39726B 792930 4E91A6 7FED62 500C77 41ECCF 44B784 7FDD90 58EA89 73954C 61B054 7FD5B8 574C37 533799 4483E8 7FE854 3E4337 7CB7BB 000FFF 02 0DC751,2026-07-22T19:40:57.133+00:00,serial_request_midpoint,356.5349,True,matched,30.68345,30.68345,2026-07-22T19:40:57.162+00:00,135.161134,1784749257098.23,4056,False,,,,,,,,,,,,,,False,,,,,,,,,,,,,,True,0.14741748194745175,-2.005853505629577,11.110560482493117,46.94468756091353,-0.19618006370883223,-0.7369882107044733,-2.855074398242524,9.073408693915368,-37.63785106580358,-27.836196004810233,0.5196326007837371,0.2381718311593423,1.8278572820780463,False,,,,,,,,,,,,,,False,,,,,,,,,,,,,,False,,,,,,,,,,,,,,True,0.08906642958255782,-42.01688636899821,6.5284225387911805,72.47720892618348,-0.08188077483402881,-0.020833334695533084,1.4814504365410774,2.886579864025407e-16,0.0,0.0,0.0,0.0,0.0,True,2,0.14741748194745571,-1.7964236027250977,13.582127342636388,51.34789317886613,2.6550462657253076,0.24840370708312823,-0.15057185519876726,11.392233101443157,-37.92937175172681,-23.355259451020324,2.3136787872677984,-1.7200639880970658,-0.60232099066453,True,5.957287777789399,-13.104036713673244,73.55824937861124,-15.280787129582404,-49.46297655885631,-2.8346048162283637
2026-07-22T19:40:57.868+00:00,217.400000,90299.800000,1.218557,4095,2,02,80,FFFFFFFF,32,2.93633670,3.05170070,2.20749651,1.35357809,1.10273293,0.49435810,2.20750335,1.19357436,1.04858221,1.49513372,2.20779284,0.89033527,1.00967546,0.96013653,2.20743651,0.63937532,1.98557216,0.97852767,2.20488441,1.00525098,0.76646774,0.81085002,2.20454064,1.17593407,1.81912142,1.36340885,2.20460581,1.14333743,1.06411623,0.80762021,2.20705761,0.71019420,SD 02 80 FFFFFFFF 9210C4 9479D0 7FED6E 613CFC 55376F 2ECC04 7FED7B 59C656 5260E4 674DC3 7FEFA1 49843A 5047CA 4D88D5 7FECFC 3971B7 792730 4E905A 7FDA08 5009E3 41EC1F 44B708 7FD77A 58E8A3 739511 61ACCC 7FD7F6 5748D5 5333C5 4483B7 7FEA2C 3E426C 7CC7BB 000FFF 02 0DC756,2026-07-22T19:40:57.691+00:00,serial_request_midpoint,355.5124,True,matched,11.5466,11.5466,2026-07-22T19:40:57.702+00:00,135.699944,1784749257631.538,4072,False,,,,,,,,,,,,,,False,,,,,,,,,,,,,,True,0.13353948942874272,-1.951653866726619,10.108635225497746,47.099418791239415,-0.1890237243075537,-0.7276210060325609,-2.856058711996023,8.056450653007252,-37.793402189743524,-27.779022740400347,0.5123165087346906,0.23765186815069306,1.8309919727847244,False,,,,,,,,,,,,,,False,,,,,,,,,,,,,,False,,,,,,,,,,,,,,True,0.03795230860627359,-42.036126693845105,6.534919410496431,72.50385431059979,-0.08092191235144348,-0.02234694280446609,1.4807615370140945,-1.7763568394002506e-16,0.0,-1.1368683772161604e-14,0.0,0.0,0.0,True,2,0.13353948942870864,-1.7642591678429564,12.550659743047495,51.52006610578127,2.661446366780621,0.2513043938399279,-0.14432482043552908,10.350569234343576,-38.06629401632325,-23.28421760749377,2.317519008915429,-1.7190679189540052,-0.5930448518791854,True,5.972002227927428,-14.267631240786974,73.57683021692966,-16.409025826529668,-49.60962872363454,-2.8820900040985977
2026-07-22T19:40:58.425+00:00,218.600000,90301.000000,1.217946,4095,2,02,80,FFFFFFFF,32,2.93564820,3.05086006,2.20711866,1.35309934,1.10264562,0.49433029,2.20742546,1.19354249,1.04842815,1.49513520,2.20771073,0.89024972,1.00954741,0.96008395,2.20543329,0.63934773,1.98538132,0.97837029,2.20473039,1.00512552,0.76642951,0.81079982,2.20737336,1.17583235,1.81906450,1.36307241,2.20746862,1.14314910,1.06386703,0.80758705,2.20539701,0.71014475,SD 02 80 FFFFFFFF 920D00 94756A 7FEAA0 613786 553648 2ECB77 7FECE7 59C5F0 525ECA 674DC7 7FEF05 4982F0 504600 4D8813 7FDE1C 397139 79259E 4E8E1C 7FD8E3 500821 41EB7F 44B63C 7FEC84 58E75A 73948F 61A8FB 7FED39 574668 533067 448330 7FDDD7 3E4195 7CB7BB 000FFF 02 0DC762,2026-07-22T19:40:58.247+00:00,serial_request_midpoint,355.1368,True,matched,82.9797,82.9797,2026-07-22T19:40:58.329+00:00,136.327377,1784749258264.848,4091,False,,,,,,,,,,,,,,False,,,,,,,,,,,,,,True,0.22683911349465313,-1.9807597530191798,8.753001890675403,47.15347340201056,-0.19898500781999318,-0.730022304563455,-2.8618114206966028,6.455188048632574,-37.948895848568554,-27.556688279974548,0.5217175786057968,0.24062054786351433,1.8198085449016255,False,,,,,,,,,,,,,,False,,,,,,,,,,,,,,False,,,,,,,,,,,,,,True,0.20315905553979413,-41.97054841426672,6.518836903308708,72.39202580634591,-0.07272732180170012,-0.02484746631092775,1.4827987335678459,1.7763568394002506e-16,0.0,0.0,0.0,0.0,0.0,True,2,0.2268391134946998,-1.7538212555530008,11.200618947753146,51.56917191885337,2.6610619825437327,0.2418125985824307,-0.15302094224849613,8.788493529984308,-38.24658801914015,-23.083681614022407,2.3045543060065548,-1.727010327038209,-0.6052310680275946,True,5.864764458693308,-15.643370046191217,73.63563337826784,-17.888147930865003,-49.54788862249012,-2.4388585396009375
2026-07-22T19:40:58.982+00:00,219.100000,90301.500000,1.219167,4095,2,02,80,FFFFFFFF,32,2.93508340,3.05036745,2.20689345,1.35272033,1.10255801,0.49433147,2.20790391,1.19347657,1.04829299,1.49514890,2.20725653,0.89021784,1.00949514,0.96004979,2.20778916,0.63934839,1.98515395,0.97832752,2.20743230,1.00504021,0.76637313,0.81078037,2.20780127,1.17576093,1.81895023,1.36273707,2.20740441,1.14296140,1.06366498,0.80758263,2.20723074,0.71010198,SD 02 80 FFFFFFFF 9209E9 9472D6 7FE8F4 613333 553520 2ECB7D 7FF074 59C51D 525CF2 674DEC 7FEBA6 498275 504545 4D8795 7FEF9A 39713C 7923BF 4E8D80 7FECF4 5006EF 41EA93 44B5ED 7FEFB1 58E673 73938A 61A52D 7FECBF 5743FD 532DAC 44831E 7FEB75 3E40DB 7CD7BB 000FFF 02 0DC767,2026-07-22T19:40:58.803+00:00,serial_request_midpoint,357.1629,True,matched,67.93845,67.93845,2026-07-22T19:40:58.870+00:00,136.86868,1784749258798.185,4107,False,,,,,,,,,,,,,,False,,,,,,,,,,,,,,True,0.2813724196111034,-2.0547779794573313,7.421924244190977,47.284876216027726,-0.20159146336156544,-0.7306973242456225,-2.8840311299272403,5.275390582719304,-37.99359160329315,-27.480557633112927,0.5152493635352701,0.2333114987029636,1.799989766442421,False,,,,,,,,,,,,,,False,,,,,,,,,,,,,,False,,,,,,,,,,,,,,True,0.19875589154809292,-41.98496925227478,6.526742582452485,72.41060548412284,-0.07674944569256498,-0.021337401423377794,1.481858364460314,7.549516567451064e-16,0.0,0.0,0.0,0.0,0.0,True,2,0.2813724196111846,-1.7946899192075478,9.856875869771622,51.70574589360295,2.6660994826298157,0.21196788099199504,-0.15387133466930117,7.577322412371203,-38.326354562628936,-22.993787905498642,2.2909262324135695,-1.7555155965648226,-0.6001849222362441,True,5.14542797200212,-17.18113161710934,73.75914085963095,-19.44412036805148,-49.00012690774211,-2.4637238841374485
2026-07-22T19:40:59.539+00:00,220.300000,90302.700000,1.219167,4095,2,02,80,FFFFFFFF,32,2.93484067,3.05007715,2.20743757,1.35241637,1.10243135,0.49433305,2.20803236,1.19341159,1.04819564,1.49512335,2.20776073,0.89013644,1.00943531,0.95996930,2.20805973,0.63933678,1.98502104,0.97825185,2.20766283,1.00492285,0.76634685,0.81073977,2.20750441,1.17572754,1.81881890,1.36262484,2.20751020,1.14289318,1.06348896,0.80756888,2.20536441,0.71008381,SD 02 80 FFFFFFFF 920895 947151 7FECFE 612FBB 553374 2ECB85 7FF168 59C44D 525B9E 674DA7 7FEF64 49813B 50446F 4D866C 7FF19C 397107 7922A7 4E8C6C 7FEEAA 50054A 41EA25 44B548 7FED7D 58E607 73925E 61A3E7 7FED88 57431C 532B4B 4482E6 7FDD99 3E408C 7CD7BB 000FFF 02 0DC773,2026-07-22T19:40:59.360+00:00,serial_request_midpoint,357.0458,True,matched,53.1545,53.1545,2026-07-22T19:40:59.413+00:00,137.411187,1784749259331.524,4123,False,,,,,,,,,,,,,,False,,,,,,,,,,,,,,True,0.29705294119593717,-1.3316502739926013,5.88747098722807,47.32945014084465,-0.18304921134326824,-0.7336908918713331,-2.8996840063670786,3.9522395029258917,-38.788582270597864,-27.698092713019907,0.5021549633326456,0.23817913624804213,1.7882094368208672,False,,,,,,,,,,,,,,False,,,,,,,,,,,,,,False,,,,,,,,,,,,,,True,0.11293223229673567,-42.012280647893135,6.5338818010180475,72.4695996438283,-0.08166172282492035,-0.020653104014348465,1.4805089865493022,5.218048215738236e-16,0.0,0.0,0.0,0.0,0.0,True,2,0.29705294119593306,-1.1160160367891157,8.31682034365784,51.75579026294415,2.6686373563275843,0.19207580540952546,-0.13575405708450705,6.228940799577096,-39.088166315956926,-23.19613714882995,2.277955224524059,-1.7696103684286246,-0.584061151575607,True,5.165427661118143,-18.809520185954067,73.89797690459507,-21.002597303703126,-49.21231213020324,-2.665274556293184
2026-07-22T19:41:00.096+00:00,220.800000,90303.200000,1.218557,4095,2,02,80,FFFFFFFF,32,2.93490920,3.04989060,2.20445286,1.35222710,1.10238253,0.49433246,2.20738283,1.19340659,1.04823258,1.49506411,2.20730073,0.89013696,1.00938640,0.95997608,2.20768283,0.63932824,1.98489907,0.97819017,2.20527030,1.00489720,0.76632964,0.81074641,2.20728916,1.17576958,1.81884648,1.36253293,2.20505526,1.14281132,1.06336903,0.80757969,2.20731442,0.71009991,SD 02 80 FFFFFFFF 9208F5 947057 7FD6D3 612D92 5532CF 2ECB82 7FEC96 59C43D 525C1F 674D07 7FEBFA 49813D 5043C0 4D8685 7FEED0 3970E0 7921A6 4E8B8B 7FDCE6 5004EE 41E9DD 44B563 7FEBE4 58E68F 73929D 61A2DC 7FDB4D 57420E 5329AC 448312 7FEC14 3E40D2 7CC7BB 000FFF 02 0DC778,2026-07-22T19:40:59.918+00:00,serial_request_midpoint,357.1053,True,matched,38.44395,38.44395,2026-07-22T19:40:59.955+00:00,137.953822,1784749259898.199,4140,False,,,,,,,,,,,,,,False,,,,,,,,,,,,,,True,0.3345392206268113,-1.3615734648194429,4.171122145488989,47.42643748959812,-0.1901838994778385,-0.7379988895238814,-2.905230010300811,2.241315699838864,-38.96853672422141,-27.39752298117555,0.5055510827861507,0.24094302462862865,1.780897466909709,False,,,,,,,,,,,,,,False,,,,,,,,,,,,,,False,,,,,,,,,,,,,,True,0.08767324890007909,-41.94803924273777,6.525966878591314,72.35409518016793,-0.07735349521455005,-0.018789452260156138,1.479466355796646,-7.771561172376096e-16,0.0,0.0,0.0,0.0,0.0,True,2,0.33453922062676283,-1.1162578722351855,6.610245996072594,51.845851303498854,2.6669675793873795,0.18249888425350846,-0.1417113620742728,4.5371112905389435,-39.27555915821343,-22.905776863272727,2.269087420092627,-1.774991173993598,-0.5884895288609773,True,5.0161330244053755,-20.50536145598273,74.04289906055408,-22.660373941346315,-49.20060150504477,-2.2330497522422093
2026-07-22T19:41:00.654+00:00,222.000000,90304.400000,1.217946,4095,2,02,80,FFFFFFFF,32,2.93574104,3.05043238,2.20500637,1.35240336,1.10234968,0.49431746,2.20500690,1.19343002,1.04831762,1.49509336,2.20716496,0.89010923,1.00940373,0.95999965,2.20543382,0.63932277,1.98488341,0.97817893,2.20501005,1.00494125,0.76633872,0.81078234,2.20480819,1.17593778,1.81903998,1.36293710,2.20728600,1.14287135,1.06338174,0.80756176,2.20767389,0.71015165,SD 02 80 FFFFFFFF 920D82 94732D 7FDAF0 612F95 553260 2ECB36 7FDAF1 59C488 525D48 674D56 7FEAF8 4980D2 5043FE 4D86DC 7FDE1D 3970C7 792185 4E8B62 7FDAF7 50058C 41EA03 44B5F5 7FD977 58E8AF 739457 61A772 7FEBDE 5742D4 5329D8 4482C9 7FEEBF 3E41B3 7CB7BC 000FFF 02 0DC784,2026-07-22T19:41:00.476+00:00,serial_request_midpoint,357.1545,True,matched,28.95455,28.95455,2026-07-22T19:41:00.505+00:00,138.502398,1784749260431.505,4156,False,,,,,,,,,,,,,,False,,,,,,,,,,,,,,True,0.2985123229171307,-1.662148101906854,2.5291914820589136,47.86405653509361,-0.23135662485485742,-0.7209884200869545,-2.920941970111677,0.410629063799667,-38.845936893944874,-27.213141822338976,0.5209179334599233,0.20701836694208114,1.7647197996802881,False,,,,,,,,,,,,,,False,,,,,,,,,,,,,,False,,,,,,,,,,,,,,True,0.12166321382882417,-42.01462729086802,6.53835623001398,72.46760381119445,-0.07765358096402956,-0.0219832545917118,1.4820131078834633,-4.440892098500626e-16,0.0,0.0,0.0,0.0,0.0,True,2,0.29851232291708385,-1.2637468012636435,4.91423616694155,52.30179936372732,2.6794343268346137,0.16311671930677227,-0.1788181310800661,2.674055049817377,-39.326510037127164,-22.720183396290203,2.272512463451683,-1.8087968704883661,-0.6149075262480282,True,4.803898807746696,-22.564328975957814,74.06606937636597,-24.85815659897056,-49.168501490947946,-2.4548474582551876
2026-07-22T19:41:01.211+00:00,223.200000,90305.600000,1.217946,4095,2,02,80,FFFFFFFF,32,2.93796226,3.05217414,2.20501216,1.35313735,1.10236300,0.49434646,2.20505737,1.19344533,1.04864923,1.49510854,2.20479978,0.89022743,1.00947277,0.96009126,2.20722811,0.63933547,1.98502057,0.97822389,2.20484341,1.00508203,0.76638029,0.81087242,2.20441607,1.17630516,1.81909909,1.36386351,2.20697658,1.14322613,1.06366931,0.80758484,2.20780284,0.71035934,SD 02 80 FFFFFFFF 9219A7 947C4A 7FDAFB 6137F5 55328D 2ECBC9 7FDB51 59C4B9 5261CE 674D7F 7FD967 49829A 5044F5 4D882E 7FEB70 397101 7922A6 4E8C06 7FD9BA 500785 41EAB1 44B763 7FD68D 58ED53 7394DE 61B1F4 7FE992 574766 532DBB 448327 7FEFB4 3E453A 7CB7BA 000FFF 02 0DC790,2026-07-22T19:41:01.033+00:00,serial_request_midpoint,355.5323,True,matched,12.32575,12.32575,2026-07-22T19:41:01.045+00:00,139.042334,1784749260964.789,4172,False,,,,,,,,,,,,,,False,,,,,,,,,,,,,,True,0.38344247793020436,-1.6367551235019246,0.4681722969035871,47.8611264462741,-0.23407372952430722,-0.7260095881501323,-2.9248766583139343,-1.467859867030337,-39.06525538375017,-27.098054254319685,0.5185924593394597,0.20733265996114236,1.7608601093649918,False,,,,,,,,,,,,,,False,,,,,,,,,,,,,,False,,,,,,,,,,,,,,True,0.057178259233823525,-41.95879471607736,6.522728486857167,72.35661189960584,-0.0788918342606452,-0.01685717542007723,1.4805944678668037,2.7478019859472625e-16,0.0,-1.1368683772161604e-14,0.0,0.0,0.0,True,2,0.3834424779302214,-1.225375219978053,2.8647737455378435,52.29145272033526,2.677016633356045,0.15583121242139306,-0.18072074803680394,0.7899643181076688,-39.54395909779802,-22.602078773245704,2.2687872544105447,-1.8135999232098867,-0.6122644027457004,True,4.702881374391178,-24.577717926826136,74.13949014468301,-26.79589003246585,-49.23661042793203,-2.3377143698516534
2026-07-22T19:41:01.766+00:00,223.700000,90306.100000,1.217336,4095,2,02,80,FFFFFFFF,32,2.94389443,3.05707264,2.20508733,1.35518617,1.10248906,0.49433877,2.20522088,1.19369059,1.04960090,1.49511447,2.20695816,0.89048227,1.00971404,0.96033657,2.20766178,0.63940838,1.98551947,0.97844953,2.20519406,1.00564221,0.76655066,0.81115303,2.20731915,1.17720569,1.81943756,1.36608954,2.20751020,1.14400963,1.06456529,0.80764870,2.20799288,0.71068808,SD 02 80 FFFFFFFF 923A09 9495E3 7FDB8A 614F51 553437 2ECBA2 7FDC88 59C7CA 526EC8 674D8F 7FE96F 498671 504854 4D8BB7 7FEEA8 39724E 7926C1 4E8F3D 7FDC55 500F5E 41ED7A 44BBD7 7FEC1D 58F8B2 7397E3 61CB2E 7FED88 57517D 5339D6 44842B 7FF11D 3E4ACF 7CA7BA 000FFF 02 0DC795,2026-07-22T19:41:01.589+00:00,serial_request_midpoint,355.4726,True,matched,78.7373,78.7373,2026-07-22T19:41:01.668+00:00,139.664979,1784749261598.112,4191,False,,,,,,,,,,,,,,False,,,,,,,,,,,,,,True,0.4167615813890988,-1.7989820343936498,-1.536686641328511,48.017148601290316,-0.25109369025287376,-0.7210494692649322,-2.930992680389891,-3.534910974677463,-39.082438335025664,-27.30371371244933,0.5278955180721305,0.19275742665334958,1.7542716342099245,False,,,,,,,,,,,,,,False,,,,,,,,,,,,,,False,,,,,,,,,,,,,,True,0.11883105612339454,-42.054555494558265,6.529192007653009,72.50910179646377,-0.08080179738398102,-0.02021336016502979,1.4813846047956143,-7.771561172376096e-16,0.0,0.0,0.0,0.0,0.0,True,2,0.41676158138910435,-1.3251861332093928,0.8426785084126479,52.45052898524453,2.680586376620216,0.14729950286108787,-0.1959047896528415,-1.2841247494250958,-39.64163665297902,-22.813504217333968,2.2703050933087465,-1.826790972486228,-0.6271591551023583,True,4.562508344485462,-26.71755790669291,74.16088912074113,-28.970529369425854,-49.34261571550075,-2.6907479653126303
2026-07-22T19:41:02.322+00:00,224.900000,90307.300000,1.219777,4095,2,02,80,FFFFFFFF,32,2.95325619,3.06508247,2.20770862,1.35885800,1.10284836,0.49433581,2.20815081,1.19413621,1.05104667,1.49515038,2.20785285,0.89099025,1.01018075,0.96078256,2.20544381,0.63953321,1.98648484,0.97893272,2.20701131,1.00647992,0.76679417,0.81148195,2.20529764,1.17815592,1.82004721,1.36885751,2.20702867,1.14510435,1.06578732,0.80777740,2.20760546,0.71102885,SD 02 80 FFFFFFFF 926CFD 94BFA4 7FEF01 61791D 5538F5 2ECB93 7FF249 59CD5C 52827B 674DF0 7FF013 498E18 504ED9 4D9224 7FDE30 397488 792EB2 4E961F 7FE9D4 501B19 41F175 44C10F 7FDD1A 5904B0 739D53 61EA81 7FE9F5 575F94 534A56 448637 7FEE3D 3E5098 7CE7BB 000FFF 02 0DC7A1,2026-07-22T19:41:02.144+00:00,serial_request_midpoint,356.7611,True,matched,64.20545,64.20545,2026-07-22T19:41:02.210+00:00,140.206737,1784749262131.453,4207,False,,,,,,,,,,,,,,False,,,,,,,,,,,,,,True,0.4879952580603965,-2.0725111614170513,-3.3067215506486383,48.3187554599704,-0.26161204706963426,-0.7181792414086184,-2.938988302556862,-5.20130417394296,-38.99826920947848,-26.877194911672518,0.5265728572338672,0.18499062827410653,1.7477778949187477,False,,,,,,,,,,,,,,False,,,,,,,,,,,,,,False,,,,,,,,,,,,,,True,0.10215775115077624,-41.997550535192104,6.517848342093271,72.39719457445639,-0.08128220178764914,-0.016256680326298623,1.4800276859010661,-6.661338147750939e-17,0.0,-1.1368683772161604e-14,0.0,0.0,0.0,True,2,0.48799525806038335,-1.5560691750994238,-0.9411499275185637,52.754753801280586,2.6834960030998074,0.13626447776744255,-0.2049101054459102,-2.9732837856771877,-39.588957169114856,-22.37966941454531,2.2687217672353697,-1.8391040781953,-0.627438656150661,True,4.167532191770424,-28.60095949832217,74.38220479838598,-30.81894752762387,-49.12162493083807,-2.3967124049536666
2026-07-22T19:41:02.880+00:00,225.400000,90307.800000,1.218557,4095,2,02,80,FFFFFFFF,32,2.96124235,3.07241520,2.20720864,1.36242347,1.10330841,0.49434626,2.20809764,1.19450973,1.05225891,1.49515482,2.20792023,0.89148232,1.01063807,0.96124414,2.20800077,0.63968914,1.98786744,0.97949233,2.20783495,1.00730215,0.76704538,0.81173927,2.20783601,1.17870836,1.82032231,1.37066371,2.20764967,1.14592913,1.06699578,0.80786582,2.20795129,0.71117107,SD 02 80 FFFFFFFF 92984F 94E5C1 7FEB4B 61A19E 553F07 2ECBC8 7FF1E4 59D207 5292FC 674DFC 7FF093 499581 50553C 4D98CA 7FF12C 397750 793A10 4E9E17 7FEFF1 50269B 41F590 44C524 7FEFF3 590BA8 739FC7 61FEEB 7FEE91 576A30 535AA4 44879F 7FF0CE 3E5302 7CC7BB 000FFF 02 0DC7A6,2026-07-22T19:41:02.702+00:00,serial_request_midpoint,357.3912,True,matched,45.4117,45.4117,2026-07-22T19:41:02.748+00:00,140.745448,1784749262664.844,4223,False,,,,,,,,,,,,,,False,,,,,,,,,,,,,,True,0.5197701619441992,-2.1242057269769115,-5.394337653667183,48.49676247181735,-0.29235071066323143,-0.7112855591354544,-2.948259267262197,-7.4319853540115535,-39.17276892592688,-26.823636063526333,0.5415199966535834,0.16717916163608665,1.7354381372091363,False,,,,,,,,,,,,,,False,,,,,,,,,,,,,,False,,,,,,,,,,,,,,True,0.07819644667830358,-42.02951941416502,6.533456805137109,72.46635450360733,-0.07825463288400092,-0.019168189508025433,1.4809161123365673,6.661338147750939e-17,0.0,0.0,0.0,0.0,0.0,True,2,0.5197701619441686,-1.4977246340883996,-3.0546287633703213,52.93230150311564,2.687895257275376,0.12194285784586605,-0.23220324434523873,-5.20291376564312,-39.87563452791912,-22.342794340287696,2.265943633812687,-1.8586602394581215,-0.6508356862213711,True,4.1742168367796655,-30.88367864655688,74.35528862635104,-33.14430193117116,-49.33363709545249,-2.4582191738937467
2026-07-22T19:41:03.437+00:00,226.600000,90309.000000,1.218557,4095,2,02,80,FFFFFFFF,32,2.96263616,3.07450595,2.20751072,1.36397650,1.10371735,0.49433443,2.20751493,1.19473858,1.05270358,1.49521036,2.20761599,0.89173892,1.01090862,0.96138736,2.20500269,0.63977325,1.98857762,0.97984301,2.20696711,1.00763774,0.76716657,0.81178902,2.20499954,1.17859810,1.82043228,1.37091339,2.20452540,1.14631159,1.06757368,0.80793411,2.20481397,0.71115795,SD 02 80 FFFFFFFF 929FDB 94F09A 7FED89 61B33C 55446C 2ECB8C 7FED91 59D4E3 529909 674E92 7FEE51 49995E 505903 4D9ADA 7FDAE9 3978D0 793FE6 4EA315 7FE980 502B4D 41F78B 44C5EE 7FDAE3 590A44 73A0C2 6201BD 7FD75D 576F1B 53626F 4488B5 7FD982 3E52C9 7CC7BC 000FFF 02 0DC7B2,2026-07-22T19:41:03.260+00:00,serial_request_midpoint,355.3819,True,matched,24.28145,24.28145,2026-07-22T19:41:03.285+00:00,141.281552,1784749263231.569,4240,False,,,,,,,,,,,,,,False,,,,,,,,,,,,,,True,0.3752410601765364,-1.688757497916643,-7.176721821235004,48.411183549071154,-0.27795713645898434,-0.7157626311514313,-2.9552319094967885,-9.301844936149472,-39.67549078036144,-27.087408096822685,0.5398629518648685,0.17643686016847476,1.7278763326676092,False,,,,,,,,,,,,,,False,,,,,,,,,,,,,,False,,,,,,,,,,,,,,True,0.06837156847126594,-42.03366747723301,6.528300276092618,72.47063436065767,-0.07765264051084948,-0.024349464049361016,1.4820448846501733,8.881784197001253e-17,0.0,0.0,0.0,0.0,0.0,True,2,0.37524106017651343,-1.1028251906134994,-4.830782464222721,52.84897296849725,2.687345459576719,0.11319755482368303,-0.2183749261242114,-7.053520928367202,-40.35231571654649,-22.612179585508535,2.25307820214859,-1.8619174122561197,-0.6477450476305151,True,4.224521895554005,-32.63937758989253,74.38667769514407,-34.940435186570305,-49.502254606675464,-2.5082012181633786
2026-07-22T19:41:03.993+00:00,227.100000,90309.500000,1.219167,4095,2,02,80,FFFFFFFF,32,2.95871926,3.07198025,2.20441345,1.36344088,1.10390868,0.49433758,2.20441555,1.19477140,1.05229020,1.49521740,2.20459057,0.89170778,1.01090414,0.96133555,2.20479347,0.63975375,1.98888573,0.97995278,2.20465995,1.00751042,0.76714601,0.81165628,2.20481817,1.17816459,1.82027237,1.37008840,2.20476351,1.14627240,1.06764380,0.80789554,2.20450542,0.71105623,SD 02 80 FFFFFFFF 928AA3 94E37F 7FD688 61AD29 5546F2 2ECB9C 7FD68C 59D54C 529369 674EA5 7FD7D9 4998E6 5058F3 4D9A1B 7FD95B 397877 79426E 4EA4A5 7FD85D 502985 41F735 44C3D3 7FD98A 5904CC 739F55 61F86B 7FD922 576E9A 536361 448818 7FD737 3E510F 7CD7BC 000FFF 02 0DC7B7,2026-07-22T19:41:03.816+00:00,serial_request_midpoint,355.9657,True,matched,13.93085,13.93085,2026-07-22T19:41:03.829+00:00,141.827402,1784749263764.941,4256,False,,,,,,,,,,,,,,False,,,,,,,,,,,,,,True,0.49393758258500237,-2.141361369796198,-8.849686807045746,48.70029487735468,-0.3275196720809548,-0.7068067132617862,-2.965301743229419,-10.88756116491636,-39.4405011273916,-26.751078430788475,0.5545589288789043,0.14398302872484744,1.7149765744253165,False,,,,,,,,,,,,,,False,,,,,,,,,,,,,,False,,,,,,,,,,,,,,True,0.15627346151388785,-42.01710310788745,6.5287497795628315,72.43089165658623,-0.07926864908429629,-0.018766764048902745,1.4817191588095715,-4.884981308350689e-16,0.0,1.1368683772161604e-14,0.0,0.0,0.0,True,2,0.49393758258497156,-1.384044881513147,-6.537919003372802,53.13007187295769,2.6916446383619435,0.09525278870852384,-0.2624000676871071,-8.678862351676084,-40.27933970309887,-22.283559850122664,2.2582921713062842,-1.8908764290750388,-0.6738450172024555,True,3.9795160774365725,-34.553935175653194,74.38816130748361,-36.85301734975918,-49.421679537622424,-2.5806177544298974
2026-07-22T19:41:04.550+00:00,228.300000,90310.700000,1.217946,4095,2,02,80,FFFFFFFF,32,2.95354597,3.06769698,2.20430728,1.36189623,1.10391668,0.49435356,2.20516830,1.19471419,1.05163274,1.49520296,2.20446968,0.89156249,1.01078131,0.96121620,2.20713444,0.63974390,1.98875164,0.97988033,2.20534233,1.00725497,0.76709294,0.81155286,2.20463210,1.17769126,1.82007349,1.36898187,2.20471830,1.14605914,1.06739725,0.80790684,2.20713181,0.71092668,SD 02 80 FFFFFFFF 926E90 94CD3E 7FD5BE 619BA2 55470D 2ECBED 7FDC24 59D495 528A76 674E7E 7FD6F3 4996B6 50573C 4D9863 7FEABE 39784A 794154 4EA39D 7FDD6F 5025F2 41F657 44C22F 7FD828 58FED3 739D8F 61EBE9 7FD8CC 576BDC 53600E 448846 7FEAB9 3E4EDC 7CB7BC 000FFF 02 0DC7C3,2026-07-22T19:41:04.372+00:00,serial_request_midpoint,356.5889,True,matched,89.45245,89.45245,2026-07-22T19:41:04.461+00:00,142.459364,1784749264398.321,4275,False,,,,,,,,,,,,,,False,,,,,,,,,,,,,,True,0.6060444706602802,-2.318543512112207,-9.677183612623104,48.84761307891388,-0.3469163002789269,-0.700899926762273,-2.9681362625924357,-11.662427949417937,-39.36381163760626,-26.73187507310981,0.5616543631491565,0.12962389845619265,1.7129727851757561,False,,,,,,,,,,,,,,False,,,,,,,,,,,,,,False,,,,,,,,,,,,,,True,0.14746614295201052,-42.045944664156835,6.5497407085554,72.48097005628655,-0.08074008025947918,-0.018881771949623444,1.4800895829575273,7.882583474838611e-16,0.0,-1.1368683772161604e-14,0.0,0.0,0.0,True,2,0.6060444706602865,-1.495448566121405,-7.385325890056086,53.27600171680855,2.6944276784582954,0.09015788279950346,-0.2798546311817016,-9.470133645454606,-40.270844482496116,-22.269604334803898,2.264244323561473,-1.899284327625784,-0.6859426297549729,True,3.920512057288448,-35.507364713067375,74.38025763107542,-37.74219819022302,-49.52997139201338,-2.7624197613691424
2026-07-22T19:41:05.109+00:00,228.900000,90311.300000,1.219777,4095,2,02,80,FFFFFFFF,32,2.94859475,3.06351591,2.20778705,1.36016109,1.10384678,0.49434034,2.20807132,1.19457163,1.05088004,1.49519185,2.20794497,0.89134820,1.01058660,0.96101089,2.20799498,0.63967709,1.98840980,0.97969427,2.20782127,1.00690661,0.76698897,0.81138863,2.20784969,1.17724065,1.81970250,1.36778419,2.20759230,1.14571044,1.06699114,0.80786459,2.20790181,0.71079046,SD 02 80 FFFFFFFF 9253A4 94B77C 7FEF96 6187ED 554621 2ECBAA 7FF1B2 59D2CD 528036 674E60 7FF0C2 49937C 505484 4D956E 7FF121 397719 793E85 4EA0F7 7FEFD7 502112 41F4A4 44BF94 7FF00D 58F923 739A40 61DE5D 7FEE24 576760 535A94 44879A 7FF070 3E4C8C 7CE7BC 000FFF 02 0DC7C9,2026-07-22T19:41:04.930+00:00,serial_request_midpoint,357.5486,True,matched,74.5547,74.5547,2026-07-22T19:41:05.003+00:00,143.001739,1784749264931.691,4291,False,,,,,,,,,,,,,,False,,,,,,,,,,,,,,True,0.5320425463217235,-2.441932023582611,-10.851496853202311,49.011635877515964,-0.3359119614017467,-0.699966963004975,-2.9735985440079618,-12.72502143436908,-39.372260288868105,-26.620971222269908,0.5503135089425963,0.1321283929929356,1.7110599182042567,False,,,,,,,,,,,,,,False,,,,,,,,,,,,,,False,,,,,,,,,,,,,,True,0.08433863639347895,-42.038784315893146,6.548104193288725,72.46628001338692,-0.08314169405255568,-0.015217334114452096,1.4794727098273186,4.884981308350689e-16,0.0,1.1368683772161604e-14,0.0,0.0,0.0,True,2,0.5320425463217208,-1.6499570306663915,-8.566868399444852,53.44942488556145,2.6968360476605486,0.0849760657871515,-0.2695464332515137,-10.5604430238756,-40.245783422196595,-22.13852986945584,2.261851667483872,-1.9038219734907955,-0.6709987474461496,True,3.532070516623891,-36.7265237554603,74.56225784236058,-38.964648838719874,-49.276432113878336,-2.7163829498297334
2026-07-22T19:41:05.668+00:00,230.000000,90312.400000,1.218557,4095,2,02,80,FFFFFFFF,32,2.94461022,3.06011064,2.20748388,1.35854131,1.10368063,0.49434981,2.20761283,1.19435844,1.05023691,1.49515853,2.20531026,0.89113472,1.01038268,0.96078500,2.20728337,0.63960789,1.98788930,0.97949562,2.20763020,1.00653070,0.76690674,0.81127119,2.20793971,1.17678955,1.81963637,1.36671911,2.20754283,1.14537761,1.06644442,0.80781252,2.20791391,0.71068508,SD 02 80 FFFFFFFF 923DF0 94A5BD 7FED56 617583 5543F0 2ECBDA 7FEE4B 59D023 527773 674E06 7FDD32 499045 5051AB 4D922D 7FEBD9 3975DD 793A3E 4E9E23 7FEE6C 501BCF 41F34C 44BDB7 7FF0B8 58F371 7399A9 61D24F 7FEDC6 576318 535334 4486C6 7FF087 3E4AC2 7CC7BC 000FFF 02 0DC7D4,2026-07-22T19:41:05.489+00:00,serial_request_midpoint,357.5814,True,matched,54.6091,54.6091,2026-07-22T19:41:05.543+00:00,143.540484,1784749265465.059,4307,False,,,,,,,,,,,,,,False,,,,,,,,,,,,,,True,0.470722001984435,-2.3562721914395834,-11.10228677743379,48.92967085725608,-0.34661002656790457,-0.7020699520994325,-2.978170943044261,-13.159036465320224,-39.430083682376974,-26.622464485792,0.5602173176633998,0.13051881874586607,1.7016689956619766,False,,,,,,,,,,,,,,False,,,,,,,,,,,,,,False,,,,,,,,,,,,,,True,0.1232911644529257,-42.012080372805386,6.549084439748414,72.43484745365902,-0.07955538588831779,-0.019088478127701227,1.4812324003686994,3.108624468950438e-16,0.0,-1.1368683772161604e-14,0.0,0.0,0.0,True,2,0.470722001984423,-1.5255095229760411,-8.816781670815033,53.35991045354653,2.695546162141152,0.07639762705245831,-0.2784490543132632,-10.969389486414801,-40.34490023494756,-22.16048287812639,2.252426139832242,-1.9117262836035127,-0.6850317062803732,True,3.556471146889572,-36.98150273777644,74.4902979186055,-39.30733906342198,-49.23336109268974,-2.5766325906182717
2026-07-22T19:41:06.224+00:00,231.200000,90313.600000,1.218557,4095,2,02,80,FFFFFFFF,32,2.94143403,3.05714895,2.20768073,1.35721984,1.10350739,0.49434291,2.20536704,1.19428780,1.04970779,1.49519074,2.20488073,0.89093190,1.01016481,0.96061581,2.20447599,0.63954175,1.98756566,0.97932278,2.20706603,1.00623523,0.76680158,0.81114121,2.20777653,1.17654331,1.81959433,1.36576708,2.20770441,1.14505274,1.06604202,0.80778133,2.20740809,0.71056982,SD 02 80 FFFFFFFF 922C9D 949649 7FEECC 61667A 5541A7 2ECBB7 7FDD9E 59CF41 52703D 674E5D 7FDA01 498D37 504EA0 4D8FBD 7FD6FF 3974AF 793795 4E9BAD 7FEA3C 5017AC 41F194 44BBA7 7FEF82 58F055 739949 61C787 7FEEF9 575EEA 534DC6 448647 7FECC6 3E48CD 7CC7BC 000FFF 02 0DC7E0,2026-07-22T19:41:06.046+00:00,serial_request_midpoint,355.6447,True,matched,33.43665,33.43665,2026-07-22T19:41:06.078+00:00,144.076609,1784749265998.428,4323,False,,,,,,,,,,,,,,False,,,,,,,,,,,,,,True,0.5592005029097682,-1.9821498542706635,-11.26682090755106,49.009328882063684,-0.3203106704045189,-0.6917261119656531,-2.9696944201299726,-13.209428187565289,-39.8471300842836,-26.507173476442745,0.5395270637512098,0.13826466718359331,1.7172268985082222,False,,,,,,,,,,,,,,False,,,,,,,,,,,,,,False,,,,,,,,,,,,,,True,0.07315399405311442,-41.995440412579114,6.537824554641896,72.39402886663669,-0.08037607619152015,-0.015733919740567922,1.4810847851892033,-4.551914400963141e-16,0.0,0.0,0.0,0.0,0.0,True,2,0.5592005029097709,-1.244489316295501,-9.001058485696039,53.46611029260053,2.702388035322158,0.09534891887571904,-0.25657585773547636,-11.061149507052288,-40.66599490979981,-22.006608837281497,2.265331764667981,-1.8969486211784836,-0.6553205033979462,True,4.020832614293806,-37.23601434879712,74.4574172340022,-39.500847821697924,-49.705278549678,-2.6404985984668543
2026-07-22T19:41:06.778+00:00,231.700000,90314.100000,1.217946,4095,2,02,80,FFFFFFFF,32,2.93921697,3.05497099,2.20752441,1.35601973,1.10333684,0.49434607,2.20800814,1.19415559,1.04933786,1.49514187,2.20757862,0.89076334,1.01004791,0.96048513,2.20778811,0.63951218,1.98699074,0.97913542,2.20771599,1.00593785,0.76670694,0.81104521,2.20774600,1.17633423,1.81941698,1.36504236,2.20738652,1.14468604,1.06559689,0.80774645,2.20759178,0.71049851,SD 02 80 FFFFFFFF 922082 948AE9 7FEDA3 6158D0 553F67 2ECBC7 7FF13A 59CD9A 526B32 674DD9 7FEE0A 498AAD 504CFE 4D8DDB 7FEF98 397428 7932DB 4E9902 7FEF0F 501382 41F008 44BA21 7FEF48 58EDB1 7397B4 61BF51 7FEC9D 575A32 5347C4 4485B9 7FEE23 3E4797 7CB7BC 000FFF 02 0DC7E5,2026-07-22T19:41:06.601+00:00,serial_request_midpoint,355.1052,True,matched,11.9648,11.9648,2026-07-22T19:41:06.613+00:00,144.611153,1784749266531.777,4339,False,,,,,,,,,,,,,,False,,,,,,,,,,,,,,True,0.5354295451000737,-1.6006508071853822,-11.155321685083898,49.15660208136315,-0.33127783605558975,-0.6911753810724145,-2.952641315047433,-13.114700323930313,-40.209956047573115,-26.455844988315697,0.5520068651941763,0.13436016867110898,1.7324614704811256,False,,,,,,,,,,,,,,False,,,,,,,,,,,,,,False,,,,,,,,,,,,,,True,0.058629074588827795,-42.01396710737287,6.549901559951714,72.43828156211578,-0.0798069818552023,-0.018985643098088457,1.4804446287618191,-7.993605777301127e-16,0.0,0.0,0.0,0.0,0.0,True,2,0.5354295451000557,-0.8420399630141631,-8.875703013373254,53.60278821946183,2.6987164307712512,0.11663993439233013,-0.2681517802806762,-10.938445223679969,-41.053352046370875,-21.973287704379082,2.2817932672331325,-1.8781340259659074,-0.6706710299925919,True,5.042280702288255,-37.01795440075521,74.55415504574412,-39.17287305395656,-50.74960931151753,-2.6246186318784455
2026-07-22T19:41:07.334+00:00,232.900000,90315.300000,1.217336,4095,2,02,80,FFFFFFFF,32,2.93780573,3.05351877,2.20742125,1.35507339,1.10316956,0.49432240,2.20805921,1.19399589,1.04898377,1.49510743,2.20748651,0.89060594,1.00988768,0.96036910,2.20735968,0.63948131,1.98659504,0.97897496,2.20746704,1.00576883,0.76663334,0.81098269,2.20777653,1.17614032,1.81925452,1.36454709,2.20770652,1.14444810,1.06522335,0.80773196,2.20543645,0.71040903,SD 02 80 FFFFFFFF 9218CC 948352 7FECDF 614E08 553D32 2ECB4F 7FF19B 59CB9B 52665E 674D7C 7FED5B 49884E 504AC1 4D8C2F 7FEC6A 39739B 792F9A 4E96B9 7FED36 501124 41EED4 44B923 7FEF82 58EB3E 739641 61B9B4 7FEEFD 575722 5342B9 44857E 7FDE22 3E4612 7CA7BC 000FFF 02 0DC7F1,2026-07-22T19:41:07.158+00:00,serial_request_midpoint,355.2896,True,matched,79.4579,79.4579,2026-07-22T19:41:07.236+00:00,145.234831,1784749267165.12,4358,False,,,,,,,,,,,,,,False,,,,,,,,,,,,,,True,0.5237938939880854,-1.0004785874638689,-11.55368448884472,49.244790952755196,-0.3058771810313343,-0.6911910552700663,-2.927819532035914,-13.463718727851813,-40.837268438298295,-26.567007852227146,0.5436557960383455,0.14743093545252248,1.7595790345080833,False,,,,,,,,,,,,,,False,,,,,,,,,,,,,,False,,,,,,,,,,,,,,True,0.15989159463694322,-42.06150170677124,6.545758788431965,72.50769393482065,-0.08161006163549892,-0.019543410446178584,1.4812308885166028,6.328271240363392e-16,0.0,0.0,0.0,0.0,0.0,True,2,0.5237938939880594,-0.34781987266427095,-9.252532735260418,53.696696164047,2.695405383585048,0.1538892514716097,-0.24763006172383953,-11.279605154781335,-41.582638717755074,-22.070921348634602,2.3014106474805356,-1.842830639037895,-0.6548684096620546,True,6.186956785854398,-37.20792316940914,74.70536471847313,-39.2932376194582,-51.92011962566183,-2.7332844882316976
2026-07-22T19:41:07.892+00:00,233.400000,90315.800000,1.218557,4095,2,02,80,FFFFFFFF,32,2.93661244,3.05233621,2.20708761,1.35437047,1.10302124,0.49431845,2.20757125,1.19391651,1.04876723,1.49510817,2.20544539,0.89052323,1.00974815,0.96026555,2.20743336,0.63942765,1.98627872,0.97883453,2.20741336,1.00554851,0.76659893,0.81092682,2.20723706,1.17603209,1.81909515,1.36402783,2.20759020,1.14417681,1.06481142,0.80768898,2.20514201,0.71034370,SD 02 80 FFFFFFFF 921246 947D23 7FEA65 614605 553B3D 2ECB3B 7FEDFC 59CA9D 52636A 674D7E 7FDE33 49870F 5048CE 4D8AB1 7FECF6 3972A6 792D00 4E94B9 7FECD0 500E0E 41EE44 44B840 7FEB81 58E9E0 7394D5 61B3D1 7FEE20 5753A4 533D29 4484CF 7FDBF2 3E44F6 7CC7BC 000FFF 02 0DC7F6,2026-07-22T19:41:07.714+00:00,serial_request_midpoint,357.1824,True,matched,65.4495,65.4495,2026-07-22T19:41:07.778+00:00,145.777234,1784749267698.422,4374,False,,,,,,,,,,,,,,False,,,,,,,,,,,,,,True,0.6360424419506893,-0.8350393728189097,-11.34014410502375,49.209030558857165,-0.3137798782032274,-0.6952059066698272,-2.921120842897938,-13.204653644594435,-41.034828913591205,-26.531429074837103,0.5507566310325845,0.1484887125906905,1.7647545977299004,False,,,,,,,,,,,,,,False,,,,,,,,,,,,,,False,,,,,,,,,,,,,,True,0.09911195210222742,-42.05136683573803,6.558604770578556,72.51108904629685,-0.07973873555126983,-0.018980247245757507,1.4797275850098128,4.884981308350689e-16,0.0,1.1368683772161604e-14,0.0,0.0,0.0,True,2,0.6360424419506994,-0.16267305948057473,-9.021287523338314,53.64879977955735,2.690929068428091,0.16028172442387933,-0.2551597598976615,-10.99633762915674,-41.78678690037002,-22.048280337521362,2.305171995891914,-1.8339913084690243,-0.663244421561323,True,6.611324576720294,-36.87967895258371,74.71047819633698,-38.863834010498074,-52.36846097082599,-2.631737544461737
2026-07-22T19:41:08.449+00:00,234.600000,90317.000000,1.219167,4095,2,02,80,FFFFFFFF,32,2.93586173,3.05144086,2.20458479,1.35372606,1.10292799,0.49432871,2.20502793,1.19381339,1.04858909,1.49513150,2.20490334,0.89042367,1.00967406,0.96018477,2.20486286,0.63939919,1.98597907,0.97871222,2.20648307,1.00537422,0.76649833,0.81087513,2.20741441,1.17593902,1.81911791,1.36359208,2.20712760,1.14390738,1.06453897,0.80767719,2.20794550,0.71030897,SD 02 80 FFFFFFFF 920E2B 947874 7FD7CE 613EAC 553A02 2ECB6F 7FDB19 59C953 5260FC 674DBD 7FDA2C 49858F 5047C5 4D8987 7FD9DF 397224 792A89 4E92FB 7FE5E8 500B9D 41EC9F 44B76E 7FECD2 58E8B3 739509 61AEE0 7FEAB1 57502C 53397B 44849F 7FF0C3 3E445F 7CD7BC 000FFF 02 0DC802,2026-07-22T19:41:08.271+00:00,serial_request_midpoint,356.3379,True,matched,46.46985,46.46985,2026-07-22T19:41:08.317+00:00,146.315209,1784749268265.053,4391,False,,,,,,,,,,,,,,False,,,,,,,,,,,,,,True,0.5775940482687197,-0.859602650637323,-10.169119060218046,48.938184408745535,-0.36259399077542553,-0.7021132054684386,-2.9134338200931027,-12.129494493143088,-40.841724970014,-26.660459373544263,0.5836355800087271,0.12849701183990625,1.7604448229849863,False,,,,,,,,,,,,,,False,,,,,,,,,,,,,,False,,,,,,,,,,,,,,True,0.13454731181092278,-42.011159653020115,6.543133696315,72.458413856505,-0.07826238520571803,-0.019972070185327134,1.4813621291531756,8.881784197001252e-16,0.0,0.0,0.0,0.0,0.0,True,2,0.5775940482687393,-0.033307002586138154,-7.8217459603011905,53.336797565294845,2.6813631117403243,0.16002003455408767,-0.2996072076145029,-9.871424774083387,-41.743356725317255,-22.230007478887842,2.3099605019853757,-1.8390126579896315,-0.7095460559424657,True,7.228939144993447,-35.56598758457818,74.38645676248494,-37.565891329794496,-52.7488225009558,-2.801483088497423
2026-07-22T19:41:09.005+00:00,235.200000,90317.600000,1.218557,4095,2,02,80,FFFFFFFF,32,2.93539613,3.05048985,2.20748756,1.35318871,1.10285014,0.49431510,2.20768599,1.19374621,1.04842700,1.49513890,2.20769494,0.89032697,1.00960193,0.96014547,2.20492016,0.63939546,1.98572931,0.97857730,2.20671087,1.00522617,0.76647109,0.81081089,2.20720075,1.17584812,1.81904261,1.36327454,2.20507577,1.14368441,1.06421164,0.80766908,2.20687713,0.71023445,SD 02 80 FFFFFFFF 920B9F 94737A 7FED5D 61388B 5538FB 2ECB2A 7FEED6 59C87C 525EC6 674DD1 7FEEE7 49841A 5046C3 4D88F6 7FDA4C 397213 79287B 4E910F 7FE799 50098A 41EC2D 44B669 7FEB3C 58E78D 73945D 61AB46 7FDB74 574D4D 53350F 44847E 7FE8D5 3E431B 7CC7BC 000FFF 02 0DC808,2026-07-22T19:41:08.828+00:00,serial_request_midpoint,356.8838,True,matched,26.9704,26.9704,2026-07-22T19:41:08.854+00:00,146.852585,1784749268798.358,4407,False,,,,,,,,,,,,,,False,,,,,,,,,,,,,,True,0.42934450224897297,-0.44539033946337075,-9.313928971596102,48.8997459743151,-0.334981062339405,-0.7024989196972252,-2.907422039799525,-11.215129118916192,-41.14347664547153,-26.716396657104575,0.5691864365717186,0.1418298708856816,1.77048100790495,False,,,,,,,,,,,,,,False,,,,,,,,,,,,,,False,,,,,,,,,,,,,,True,0.12743148965315643,-42.003329541302236,6.5324099404578515,72.44038900611781,-0.07990619563275046,-0.01933415487809665,1.481851067663307,-2.886579864025407e-16,0.0,1.1368683772161604e-14,0.0,0.0,0.0,True,2,0.42934450224895726,0.28396811319729043,-6.960933065907365,53.312474081999426,2.6818625598443697,0.17265050868035192,-0.2752094356025401,-8.967408365342603,-41.95360007133989,-22.263063715832754,2.3130533860419003,-1.8250683796975287,-0.6874452353420575,True,7.5798730771119525,-34.632834378070115,74.44555154978909,-36.62347242707613,-52.99043618772432,-2.797666625469765
2026-07-22T19:41:09.564+00:00,236.300000,90318.700000,1.219777,4095,2,02,80,FFFFFFFF,32,2.93478784,3.04997865,2.20745704,1.35278059,1.10273322,0.49431746,2.20791813,1.19363747,1.04827438,1.49510077,2.20546221,0.89026813,1.00951135,0.96006822,2.20759599,0.63937576,1.98559400,0.97845693,2.20494119,1.00510991,0.76642951,0.81080326,2.20722969,1.17573867,1.81893316,1.36294777,2.20708603,1.14348513,1.06398208,0.80763666,2.20784706,0.71021076,SD 02 80 FFFFFFFF 92084B 9470CD 7FED23 6133E3 553770 2ECB36 7FF08F 59C720 525CB1 674D6A 7FDE53 498337 50457F 4D87D9 7FEE2B 3971B9 79275E 4E8F58 7FDA74 5007E9 41EB7F 44B64A 7FEB73 58E62B 739363 61A791 7FEA62 574ABC 5331F5 4483FA 7FF008 3E42B4 7CE7BC 000FFF 02 0DC813,2026-07-22T19:41:09.385+00:00,serial_request_midpoint,357.5583,True,matched,8.18385,8.18385,2026-07-22T19:41:09.393+00:00,147.391191,1784749269331.662,4423,False,,,,,,,,,,,,,,False,,,,,,,,,,,,,,True,0.5314942675084113,-0.8983826719459259,-8.47022094786443,48.36050027317346,-0.3401416222814112,-0.722293434378435,-2.899365858698289,-10.427122369676555,-40.53723026139101,-27.264709634863586,0.5859675294155127,0.1503539663161159,1.7717684059091763,False,,,,,,,,,,,,,,False,,,,,,,,,,,,,,False,,,,,,,,,,,,,,True,0.16351773822925494,-42.002550372486624,6.543482103285773,72.45183539575181,-0.0803403316801295,-0.02198077347252851,1.4814097068514838,3.108624468950438e-16,0.0,0.0,0.0,0.0,0.0,True,2,0.5314942675084049,-0.1611917531125761,-6.053850599571418,52.73753428393174,2.6672767216998485,0.17565996034482873,-0.2792065315335802,-8.107324065388912,-41.35459332552151,-22.84982840304385,2.3074676413584427,-1.812690025326583,-0.7069981355143582,True,7.302833578626064,-33.4057153629598,74.22555733270532,-35.407368667196735,-52.605836708397284,-3.008245759243846
2026-07-22T19:41:10.122+00:00,236.900000,90319.300000,1.218557,4095,2,02,80,FFFFFFFF,32,2.93415899,3.04928850,2.20738020,1.35239241,1.10265302,0.49430484,2.20759757,1.19357530,1.04817503,1.49505819,2.20779705,0.89020954,1.00945880,0.96002107,2.20777863,0.63934598,1.98540221,0.97836755,2.20780653,1.00500341,0.76639224,0.81076192,2.20783653,1.17571888,1.81897694,1.36267717,2.20780653,1.14327707,1.06372683,0.80762414,2.20790970,0.71016407,SD 02 80 FFFFFFFF 9204DA 946D30 7FEC91 612F75 553661 2ECAF6 7FEE2E 59C659 525B56 674CF7 7FEFA9 498255 5044C3 4D872B 7FEF86 397131 7925CA 4E8E12 7FEFBB 50066B 41EAE3 44B5A2 7FEFF4 58E5EB 7393C7 61A47F 7FEFBB 57480E 532E82 4483C7 7FF07F 3E41E9 7CC7BC 000FFF 02 0DC819,2026-07-22T19:41:09.943+00:00,serial_request_midpoint,357.5374,True,matched,85.3325,85.3325,2026-07-22T19:41:10.028+00:00,148.026189,1784749269964.964,4442,False,,,,,,,,,,,,,,False,,,,,,,,,,,,,,True,0.5979141819342247,-1.2627842818296764,-7.484535334220375,48.38474796067028,-0.33968289066543933,-0.740587889328425,-2.884262256973176,-9.432279211308794,-40.10446884945638,-27.25527450791613,0.5970442248443818,0.16118069715637356,1.7811183137375157,False,,,,,,,,,,,,,,False,,,,,,,,,,,,,,False,,,,,,,,,,,,,,True,0.1325276911937219,-42.02679529797929,6.541065554555696,72.50453707465228,-0.08142387856893413,-0.021349406656212617,1.4810928497073843,2.2204460492503132e-17,0.0,0.0,0.0,0.0,0.0,True,2,0.5979141819342333,-0.5434175276481658,-5.00310741341854,52.72822007229236,2.652332574204707,0.18918082748787154,-0.2789192342000333,-7.0527786207043475,-40.897023897471016,-22.867728898720145,2.30881132549816,-1.791840760593529,-0.7178726099078586,True,7.282980654450656,-31.985675669166096,74.55159782531935,-33.983436522277444,-52.512927336025065,-2.7336342573717163
2026-07-22T19:41:10.678+00:00,238.000000,90320.400000,1.217946,4095,2,02,80,FFFFFFFF,32,2.93395631,3.04901846,2.20735915,1.35205701,1.10252990,0.49430188,2.20794181,1.19348626,1.04804734,1.49507929,2.20539123,0.89015200,1.00937969,0.95994382,2.20691554,0.63931729,1.98509461,0.97826309,2.20758020,1.00493930,0.76636644,0.81070138,2.20545748,1.17561006,1.81893316,1.36239490,2.20484709,1.14311999,1.06353954,0.80761333,2.20682978,0.71010888,SD 02 80 FFFFFFFF 9203BE 946BC6 7FEC69 612BA1 5534C1 2ECAE7 7FF0BC 59C53C 525998 674D30 7FDDCC 498177 5043A8 4D860E 7FE91E 3970AE 792342 4E8C95 7FEE0D 500585 41EA77 44B4AC 7FDE4A 58E48B 739363 61A14B 7FD9C1 574608 532BFA 44839B 7FE87B 3E40F9 7CB7BC 000FFF 02 0DC824,2026-07-22T19:41:10.500+00:00,serial_request_midpoint,356.3451,True,matched,78.44685,78.44685,2026-07-22T19:41:10.578+00:00,148.576408,1784749270498.319,4458,False,,,,,,,,,,,,,,False,,,,,,,,,,,,,,True,0.549190544359634,-1.132417793205502,-6.552664274849311,48.159762851889276,-0.34734608291922864,-0.7560024744399317,-2.8698702894912325,-8.315879458242009,-40.174324849292674,-27.368152367909374,0.6067389564697542,0.16625966689815236,1.790703033190622,False,,,,,,,,,,,,,,False,,,,,,,,,,,,,,False,,,,,,,,,,,,,,True,0.12590149834802244,-41.999204548178554,6.537261225280091,72.46419831166143,-0.08305146473209235,-0.0165557447795574,1.4796063107298152,1.3322676295501878e-16,0.0,0.0,0.0,0.0,0.0,True,2,0.5491905443596427,-0.40348833863404227,-4.014459639360681,52.468695635889745,2.6386464341997504,0.2011441500423589,-0.2860986185426001,-5.895400955662803,-40.95779060003479,-23.001438741581467,2.3139186165156884,-1.7745191414553079,-0.7280217465268836,True,7.824776402405021,-30.67007271086008,74.54459348549108,-32.544845896999206,-52.958298456607416,-2.7192739104997488
2026-07-22T19:41:11.235+00:00,239.200000,90321.600000,1.219778,4095,2,02,80,FFFFFFFF,32,2.93379432,3.04877754,2.20733915,1.35175932,1.10241537,0.49430524,2.20775179,1.19342065,1.04796546,1.49509410,2.20522824,0.89010275,1.00934614,0.95991591,2.20494329,0.63929211,1.98499589,0.97815946,2.20462474,1.00477902,0.76631483,0.81067873,2.20480503,1.17556090,1.81879832,1.36221524,2.20707972,1.14296716,1.06329042,0.80760032,2.20791339,0.71008427,SD 02 80 FFFFFFFF 9202DB 946A83 7FEC43 61283B 55333E 2ECAF8 7FEF53 59C46A 52587A 674D58 7FDC96 4980B9 504330 4D85A7 7FDA78 39703B 792272 4E8B1B 7FD81A 500346 41E99F 44B450 7FD971 58E3EC 73922F 619F41 7FEA56 574410 53289C 448366 7FF086 3E408E 7CE7BD 000FFF 02 0DC830,2026-07-22T19:41:11.056+00:00,serial_request_midpoint,356.8329,True,matched,50.29045,50.29045,2026-07-22T19:41:11.106+00:00,149.105049,1784749271031.693,4474,False,,,,,,,,,,,,,,False,,,,,,,,,,,,,,True,0.5461942933495824,-0.8687784646169833,-4.848861085074566,48.13786688596859,-0.32020011436992296,-0.7556522749499192,-2.880185852024409,-7.026318296569625,-40.295005219070774,-27.190808138432878,0.5965371379479162,0.1856675517388494,1.7780299658643561,False,,,,,,,,,,,,,,False,,,,,,,,,,,,,,False,,,,,,,,,,,,,,True,0.12359820678675175,-42.00134119425396,6.528664089237227,72.44960984757252,-0.07500971200460278,-0.02288363330922156,1.484551596889601,-2.6645352591003756e-16,0.0,0.0,0.0,0.0,0.0,True,2,0.5461942933495869,-0.2195017191740425,-2.3233662710617846,52.46695901834242,2.643297926685889,0.19226219791596,-0.2606021036615885,-4.588756051578667,-41.0063480052217,-22.821253838421832,2.291131455130801,-1.781199860197714,-0.712702239253458,True,7.514051227729401,-29.053812366770604,74.63104539865586,-31.221161332562776,-52.37587918419638,-2.1567900309120547
2026-07-22T19:41:11.791+00:00,239.700000,90322.100000,1.219167,4095,2,02,80,FFFFFFFF,32,2.93355955,3.04834796,2.20516620,1.35153351,1.10236596,0.49428906,2.20535390,1.19338472,1.04791422,1.49506930,2.20492752,0.89005739,1.00932741,0.95985277,2.20437193,0.63928708,1.98472157,0.97810710,2.20452119,1.00475142,0.76629811,0.81066668,2.20728600,1.17557018,1.81874710,1.36206898,2.20738546,1.14282466,1.06316328,0.80759786,2.20749809,0.71004862,SD 02 80 FFFFFFFF 920192 946843 7FDC20 6125A7 553297 2ECAA6 7FDD85 59C3F7 5257C7 674D15 7FDA5A 49800A 5042ED 4D84BE 7FD639 397024 792030 4E8A5C 7FD755 5002E3 41E959 44B41F 7FEBDE 58E40A 7391BA 619D98 7FEC9B 57423A 5326E4 44835C 7FED71 3E3FF3 7CD7BD 000FFF 02 0DC835,2026-07-22T19:41:11.614+00:00,serial_request_midpoint,355.4677,True,matched,20.23065,20.23065,2026-07-22T19:41:11.635+00:00,149.632176,1784749271565.056,4490,False,,,,,,,,,,,,,,False,,,,,,,,,,,,,,True,0.46866436629403385,-0.7998731495029736,-3.128476105635941,48.28174631160313,-0.31331714866565646,-0.7269246722102487,-2.882218553910997,-5.024241230094029,-40.284792664913724,-26.906478572103232,0.5703898707977416,0.17061894155516938,1.7901688086826146,False,,,,,,,,,,,,,,False,,,,,,,,,,,,,,False,,,,,,,,,,,,,,True,0.09680026501362334,-41.98802174958846,6.532185003026067,72.41210376824215,-0.07872671653891873,-0.015532698933290835,1.4818608263838016,4.843347944927245e-16,0.0,0.0,0.0,0.0,0.0,True,2,0.4686643662940539,-0.16906034316997318,-0.6857713727376591,52.66078636962429,2.662178415596236,0.20103437565797833,-0.25621714092372216,-2.70296429464135,-40.973306044484744,-22.470450421426268,2.3144149959862435,-1.785637098230489,-0.6814643043008817,True,7.645039683173721,-27.812717238990935,74.3088801305033,-29.82650212967503,-52.4468147575098,-2.5144085329208337
2026-07-22T19:41:12.349+00:00,240.900000,90323.300000,1.218557,4095,2,02,80,FFFFFFFF,32,2.93336476,3.04830993,2.20734705,1.35130226,1.10228724,0.49428038,2.20806184,1.19339878,1.04789218,1.49506004,2.20794445,0.88999907,1.00927906,0.95987147,2.20781443,0.63928992,1.98461338,0.97804351,2.20490386,1.00466390,0.76625104,0.81064945,2.20472724,1.17553123,1.81875673,1.36193030,2.20662512,1.14266519,1.06307400,0.80757674,2.20516409,0.71002080,SD 02 80 FFFFFFFF 920081 946810 7FEC52 612303 55318D 2ECA7A 7FF1A0 59C424 52577A 674CFC 7FF0C1 497F29 504240 4D8503 7FEFCA 397031 791F4C 4E8974 7FDA2D 5001A9 41E894 44B3D9 7FD8DD 58E38C 7391D0 619C05 7FE6F6 57402C 5325AF 448306 7FDC1C 3E3F7A 7CC7BD 000FFF 02 0DC841,2026-07-22T19:41:12.171+00:00,serial_request_midpoint,355.2096,True,matched,68.8771,68.8771,2026-07-22T19:41:12.238+00:00,150.237069,1784749272165.088,4508,False,,,,,,,,,,,,,,False,,,,,,,,,,,,,,True,0.4087843048623498,-0.5217577616684959,-1.8634690947348134,48.21552038339054,-0.3124742757263573,-0.7264062455354166,-2.887717757597391,-3.810583422826695,-40.42967931316388,-27.030871263611903,0.5714834961229831,0.17023004016330137,1.7844004861421079,False,,,,,,,,,,,,,,False,,,,,,,,,,,,,,False,,,,,,,,,,,,,,True,0.07901622489543184,-42.015480493953945,6.529695992091417,72.45543107421307,-0.0783597820848586,-0.018339386114557057,1.4824880015579687,-7.993605777301127e-16,0.0,0.0,0.0,0.0,0.0,True,2,0.40878430486235773,0.11178272908858397,0.5728618799271685,52.597716288319816,2.663880518290371,0.19409429896307712,-0.2549696653479376,-1.4864424505849176,-41.12948890515676,-22.598111581787634,2.3090194355639326,-1.791993712454967,-0.6835072739291324,True,7.7496883871643645,-26.607842194354227,74.24126123633667,-28.64250360537353,-52.44728765232927,-2.5974343730521925
2026-07-22T19:41:12.905+00:00,241.400000,90323.800000,1.219167,4095,2,02,80,FFFFFFFF,32,2.93334479,3.04795424,2.20687503,1.35119110,1.10220173,0.49428393,2.20804710,1.19333724,1.04787901,1.49506634,2.20783917,0.88998741,1.00924272,0.95986117,2.20782022,0.63927482,1.98461812,0.97802432,2.20754388,1.00463408,0.76623169,0.81061500,2.20790444,1.17552968,1.81880664,1.36185701,2.20757757,1.14261002,1.06290353,0.80755562,2.20754493,0.71000953,SD 02 80 FFFFFFFF 920065 946633 7FE8D1 6121BE 55306C 2ECA8C 7FF184 59C35F 52574C 674D0D 7FEFF9 497EFC 5041BE 4D84DD 7FEFD5 396FEC 791F56 4E892E 7FEDC8 50013E 41E843 44B34D 7FF075 58E387 739242 619B30 7FEE08 573F76 532361 4482B0 7FEDCA 3E3F49 7CD7BD 000FFF 02 0DC846,2026-07-22T19:41:12.727+00:00,serial_request_midpoint,357.3191,True,matched,41.67135,41.67135,2026-07-22T19:41:12.768+00:00,150.766357,1784749272698.432,4524,False,,,,,,,,,,,,,,False,,,,,,,,,,,,,,True,0.4473764032895587,-0.3667576928488564,-1.0633961006993327,48.237370530787544,-0.3140588141678101,-0.725809627330837,-2.8935385609061384,-3.0922107925783577,-40.521017118039495,-26.941586478527608,0.5744201392482982,0.17218583218097777,1.778484691008354,False,,,,,,,,,,,,,,False,,,,,,,,,,,,,,False,,,,,,,,,,,,,,True,0.1355142069166385,-42.003692475954054,6.539228158051661,72.44335004193034,-0.07476300888076513,-0.021550579542159994,1.481753775284872,-7.105427357601002e-16,0.0,0.0,0.0,0.0,0.0,True,2,0.44737640328953887,0.2778798925120044,1.3662733200625168,52.62164600651188,2.6655281392979617,0.18637030520190248,-0.255900397753858,-0.7539285067737044,-41.228452955893815,-22.517482835427177,2.3018674985039818,-1.7964811424678304,-0.687446492440066,True,7.745024917596635,-25.8726041995455,74.25163933471926,-27.88533255471766,-52.39639811525674,-2.3994503760433417
2026-07-22T19:41:13.462+00:00,242.600000,90325.000000,1.217946,4095,2,02,80,FFFFFFFF,32,2.93404766,3.04838898,2.20517513,1.35120067,1.10214315,0.49427525,2.20705867,1.19330569,1.04788416,1.49510558,2.20527030,0.88995734,1.00920890,0.95984626,2.20498324,0.63925642,1.98450566,0.97800047,2.20683452,1.00464523,0.76622166,0.81065585,2.20768178,1.17561748,1.81864905,1.36200325,2.20710655,1.14261669,1.06286482,0.80755095,2.20532656,0.71004195,SD 02 80 FFFFFFFF 92043E 94687A 7FDC31 6121DA 552FA6 2ECA60 7FEA2E 59C2FA 52575E 674D77 7FDCE6 497E88 504145 4D84A6 7FDAC4 396F98 791E69 4E88D7 7FE884 500166 41E819 44B3F3 7FEECE 58E4A3 7390DA 619CD9 7FEA89 573F8C 5322DB 44829D 7FDD51 3E3FD6 7CB7BB 000FFF 02 0DC852,2026-07-22T19:41:13.284+00:00,serial_request_midpoint,355.3215,True,matched,90.95475,90.95475,2026-07-22T19:41:13.374+00:00,151.372221,1784749273298.449,4542,False,,,,,,,,,,,,,,False,,,,,,,,,,,,,,True,0.44399599600415224,-0.15761553879601237,-0.1389859291715822,48.23366139431034,-0.3196512275253445,-0.7221576451852072,-2.8895837483104327,-1.9530949944653724,-40.622349184669865,-27.12545048758156,0.5731359205847701,0.16152192019431497,1.7855583632931327,False,,,,,,,,,,,,,,False,,,,,,,,,,,,,,False,,,,,,,,,,,,,,True,0.09755907032563402,-42.05028962293444,6.54827075863569,72.52490165833197,-0.08122416844203723,-0.018701809173375057,1.4804772498484435,3.4113337155083912e-16,0.0,0.0,0.0,0.0,0.0,True,2,0.4439959960041372,0.5020334135888184,2.2844032792789637,52.61917968689473,2.6665050283130594,0.19199685056313692,-0.2616116170976303,0.35472172170453303,-41.354386381302774,-22.689368180193433,2.3152552269241564,-1.7951822891483797,-0.6871371027848164,True,8.15311390147343,-24.973181217249625,74.16114732020678,-26.882502893112285,-52.78071387585904,-2.86151025248696
2026-07-22T19:41:14.017+00:00,243.200000,90325.600000,1.219167,4095,2,02,80,FFFFFFFF,32,2.93560179,3.04949292,2.20670509,1.35169191,1.10211889,0.49426520,2.20736547,1.19338941,1.04810689,1.49505634,2.20521141,0.89002784,1.00924663,0.95987065,2.20453381,0.63927263,1.98459060,0.97803227,2.20692870,1.00471658,0.76624817,0.81073115,2.20530447,1.17583575,1.81885786,1.36249472,2.20715391,1.14270309,1.06297894,0.80758042,2.20769968,0.71011072,SD 02 80 FFFFFFFF 920CBF 946E42 7FE78E 612776 552F54 2ECA2D 7FEC75 59C406 525A68 674CF2 7FDC76 497F98 5041CC 4D8500 7FD76D 396FE2 791F1C 4E894B 7FE937 500266 41E888 44B525 7FDD27 58E765 7392B7 61A26D 7FEAE3 5740A9 532466 448315 7FEEF0 3E4101 7CD7BB 000FFF 02 0DC858,2026-07-22T19:41:13.840+00:00,serial_request_midpoint,357.2032,True,matched,69.3036,69.3036,2026-07-22T19:41:13.909+00:00,151.906982,1784749273831.803,4558,False,,,,,,,,,,,,,,False,,,,,,,,,,,,,,True,0.38479911789611915,0.17225017151347324,1.0098947780334853,48.17837905656789,-0.31014142594413785,-0.7237594499665989,-2.8908691729154468,-0.8723537660740173,-40.83325632003766,-27.098099002537204,0.5706975615108806,0.169216693131369,1.783801484684191,False,,,,,,,,,,,,,,False,,,,,,,,,,,,,,False,,,,,,,,,,,,,,True,0.14541712425311293,-42.03098761459663,6.535939325346225,72.48418791726104,-0.0789929764987661,-0.0207745113916634,1.4812784682901596,3.9968028886505636e-16,0.0,0.0,0.0,0.0,0.0,True,2,0.3847991178961129,0.8013866131814652,3.435778198783754,52.56700069009105,2.6664374180289627,0.19123032594553543,-0.25273963433679747,1.4469784028725194,-41.53555773128342,-22.66321525057874,2.309134589152509,-1.7935343341145598,-0.682768442347624,True,8.341516477587172,-23.80512456963059,74.1691064374908,-25.737995948289996,-52.83116106874324,-2.689286505798657
2026-07-22T19:41:14.576+00:00,244.300000,90326.700000,1.214895,4095,2,02,80,FFFFFFFF,32,2.93789436,3.05164992,2.20736389,1.35254233,1.10212510,0.49426441,2.20783917,1.19346158,1.04848771,1.49509151,2.20793444,0.89012919,1.00934782,0.96001537,2.20794076,0.63932430,1.98469642,0.97810080,2.20530553,1.00491978,0.76631053,0.81080966,2.20681557,1.17610229,1.81881671,1.36320326,2.20511835,1.14290986,1.06322916,0.80760228,2.20480714,0.71021490,SD 02 80 FFFFFFFF 921948 94798C 7FEC72 61312B 552F69 2ECA29 7FEFF9 59C4ED 525F9A 674D51 7FF0AE 49811F 504336 4D8716 7FF0BA 3970CE 791FFB 4E8A45 7FDD29 50053F 41E98D 44B664 7FE860 58EAC3 739259 61AA77 7FDBC5 574353 5327C8 44836E 7FD975 3E42C6 7C67BD 000FFF 02 0DC863,2026-07-22T19:41:14.398+00:00,serial_request_midpoint,358.0238,True,matched,44.6394,44.6394,2026-07-22T19:41:14.441+00:00,152.440167,1784749274365.161,4574,False,,,,,,,,,,,,,,False,,,,,,,,,,,,,,True,0.3354664924353123,0.372785042968517,2.243081249066415,48.160125105295194,-0.2953655289115444,-0.7191209311175588,-2.888229674102216,0.42182058222015684,-40.8989755333872,-27.020586974802846,0.5590251940707777,0.17344017589997407,1.7903340242665038,False,,,,,,,,,,,,,,False,,,,,,,,,,,,,,False,,,,,,,,,,,,,,True,0.11254815646747096,-42.001032996001214,6.535324547460195,72.43052775986094,-0.08033698078062468,-0.019209380346309517,1.4811696169433495,0.0,0.0,0.0,0.0,0.0,0.0,True,2,0.3354664924353229,0.9505039044250905,4.656541717439298,52.56264401776658,2.6696494079224924,0.19859973621479612,-0.23985664348296454,2.7153359548037335,-41.55183683274751,-22.564772498248647,2.313948037202972,-1.7877087082608862,-0.6665762456940664,True,8.508997254023237,-22.613613869442368,74.12138023498245,-24.532707459766694,-52.86500994884578,-2.686956751667617
2026-07-22T19:41:15.135+00:00,244.900000,90327.300000,1.219777,4095,2,02,80,FFFFFFFF,32,2.93981129,3.05331853,2.20417380,1.35351644,1.10231979,0.49428709,2.20468308,1.19355499,1.04883482,1.49509262,2.20422057,0.89026942,1.00949094,0.96013680,2.20671245,0.63934182,1.98495175,0.97819017,2.20741546,1.00511158,0.76636668,0.81088867,2.20799814,1.17631536,1.81887975,1.36378876,2.20785338,1.14315971,1.06351006,0.80761530,2.20505474,0.71026849,SD 02 80 FFFFFFFF 9223C1 948246 7FD4C0 613C48 5531FB 2ECA9C 7FD889 59C618 526456 674D54 7FD519 49833C 504536 4D88D6 7FE79C 39711E 792215 4E8B8B 7FECD4 5007EF 41EA78 44B7A5 7FF127 58ED74 7392E9 61B11B 7FF014 57468B 532B94 4483A3 7FDB4C 3E43AF 7CE7BB 000FFF 02 0DC869,2026-07-22T19:41:14.956+00:00,serial_request_midpoint,358.3859,True,matched,13.85685,13.85685,2026-07-22T19:41:14.969+00:00,152.967865,1784749274898.52,4590,False,,,,,,,,,,,,,,False,,,,,,,,,,,,,,True,0.3368728067037151,0.572604639589635,3.198822872723688,48.17444490915884,-0.28392138623111246,-0.7145529053617744,-2.891197555780105,1.3271601650585092,-41.02820389574826,-26.975151033083996,0.5518280053932211,0.17843672879961925,1.789767048446499,False,,,,,,,,,,,,,,False,,,,,,,,,,,,,,False,,,,,,,,,,,,,,True,0.11308443108678914,-42.00931463259263,6.533035655786085,72.43133709441454,-0.07841604033476424,-0.02099996034416758,1.481318519736271,-7.549516567451064e-16,0.0,-1.1368683772161604e-14,0.0,0.0,0.0,True,2,0.33687280670375713,1.115559450532327,5.595439218852187,52.59056917474917,2.6739077122291817,0.19794760383802792,-0.2294565210721882,3.610929145310159,-41.64813689001664,-22.50963810690747,2.3110492796655335,-1.7878512265233717,-0.6566273356616599,True,8.534395549161596,-21.753311190926365,74.09819658219375,-23.679130391224327,-52.82091277649347,-2.6100641362136914
2026-07-22T19:41:15.690+00:00,246.000000,90328.400000,1.217336,4095,2,02,80,FFFFFFFF,32,2.94127586,3.05496426,2.20677243,1.35424266,1.10238194,0.49428748,2.20740809,1.19364529,1.04914791,1.49509077,2.20772231,0.89039023,1.00958152,0.96020212,2.20763809,0.63938714,1.98530015,0.97832478,2.20489703,1.00528193,0.76642856,0.81096103,2.20447284,1.17653187,1.81901371,1.36433585,2.20679874,1.14335047,1.06377308,0.80764870,2.20731652,0.71033174,SD 02 80 FFFFFFFF 922BC0 948AE0 7FE80E 614490 5532CD 2ECA9E 7FECC6 59C739 52689B 674D4F 7FEF1B 49850E 50467A 4D89C7 7FEE7B 3971ED 7924F3 4E8D76 7FDA20 500A52 41EB7B 44B8CB 7FD6F9 58F030 73941B 61B74F 7FE840 574900 532F22 44842B 7FEC18 3E44C2 7CA7BB 000FFF 02 0DC874,2026-07-22T19:41:15.513+00:00,serial_request_midpoint,354.7152,True,matched,85.8497,85.8497,2026-07-22T19:41:15.598+00:00,153.596746,1784749275531.911,4609,False,,,,,,,,,,,,,,False,,,,,,,,,,,,,,True,0.29064612540238444,0.6208680063164107,4.145001379409429,48.05988856828818,-0.29170936086088445,-0.7195988317294162,-2.8911987535641313,2.5225828834641164,-40.94777774147728,-26.988268194311452,0.5535632556535188,0.17379005365473077,1.7907868651795034,False,,,,,,,,,,,,,,False,,,,,,,,,,,,,,False,,,,,,,,,,,,,,True,0.0947683580324963,-41.976377665270654,6.52837006425888,72.37541367888342,-0.08269577151150413,-0.016558108628778358,1.478839794132324,-4.884981308350689e-16,0.0,0.0,0.0,0.0,0.0,True,2,0.29064612540237666,1.1893365869326824,6.55688872441119,52.46447325053198,2.6702796440382093,0.19504327887776127,-0.23622778763104174,4.800225339996678,-41.586424862969224,-22.522263491045397,2.314682243673705,-1.7888389689576372,-0.6595688001850439,True,8.626682194166879,-20.730071503357927,74.0440702481325,-22.517520557132762,-52.840440236139194,-2.706632998616692
2026-07-22T19:41:16.247+00:00,247.200000,90329.600000,1.217336,4095,2,02,80,FFFFFFFF,32,2.94278495,3.05651153,2.20764283,1.35508744,1.10248285,0.49425553,2.20788338,1.19371028,1.04943671,1.49518074,2.20788338,0.89050923,1.00969922,0.96031489,2.20787022,0.63942262,1.98551614,0.97846214,2.20798814,1.00554321,0.76649259,0.81103782,2.20528817,1.17668096,1.81910565,1.36493516,2.20698447,1.14363891,1.06410755,0.80765656,2.20551638,0.71040788,SD 02 80 FFFFFFFF 9233FC 9492F5 7FEE84 614E31 553422 2EC9FC 7FF04D 59C809 526C8B 674E42 7FF04D 4986D9 50481F 4D8B67 7FF034 39728F 7926BA 4E8F6B 7FF114 500DFB 41EC87 44BA03 7FDD08 58F212 7394ED 61BE1A 7FE9A1 574CB7 5333A7 44844B 7FDEBA 3E460D 7CA7BD 000FFF 02 0DC880,2026-07-22T19:41:16.070+00:00,serial_request_midpoint,355.5758,True,matched,81.5607,81.5607,2026-07-22T19:41:16.151+00:00,154.148451,1784749276098.644,4626,False,,,,,,,,,,,,,,False,,,,,,,,,,,,,,True,0.33267555408104527,0.4601204647295726,5.117929560735027,48.111655535930154,-0.273974203771292,-0.7131518451643258,-2.9027187955793354,3.5259190465567536,-40.78276550214397,-26.866190949604032,0.5354536578592246,0.17858117423185796,1.7841081659978577,False,,,,,,,,,,,,,,False,,,,,,,,,,,,,,False,,,,,,,,,,,,,,True,0.12545076503150507,-42.0141397799835,6.52663419866972,72.4305998216875,-0.08266437617722819,-0.0138998891705272,1.4788263201809224,6.661338147750939e-16,0.0,0.0,0.0,0.0,0.0,True,2,0.3326755540810517,0.9815868689733962,7.499921128880851,52.53826966409973,2.6780494590477435,0.18455616014893658,-0.21947730519775244,5.76062151108736,-41.37155332993241,-22.37173242047593,2.3070324220072997,-1.799541788185234,-0.6364495422111177,True,7.97749530808103,-19.95765326990021,74.04896904787556,-21.800549099940227,-52.16308399750774,-2.6360780068833036
2026-07-22T19:41:16.804+00:00,247.700000,90330.100000,1.219167,4095,2,02,80,FFFFFFFF,32,2.94416596,3.05758446,2.20660618,1.35577452,1.10265302,0.49428374,2.20549271,1.19384276,1.04971611,1.49514261,2.20724811,0.89061994,1.00980966,0.96041817,2.20772705,0.63944824,1.98572789,0.97856469,2.20772547,1.00573173,0.76655544,0.81109346,2.20515253,1.17682822,1.81922212,1.36532366,2.20467257,1.14382851,1.06438686,0.80765828,2.20481029,0.71047896,SD 02 80 FFFFFFFF 923B84 94988F 7FE6D2 615605 553661 2ECA8B 7FDE8D 59C9B1 52705A 674DDB 7FEB96 498884 5049AA 4D8CE4 7FEF24 397304 792878 4E90E1 7FEF21 50109F 41ED8E 44BAE5 7FDC06 58F3EE 7395F7 61C281 7FD875 574F28 53376D 448452 7FD97B 3E4742 7CD7BD 000FFF 02 0DC885,2026-07-22T19:41:16.625+00:00,serial_request_midpoint,356.6356,True,matched,72.9378,72.9378,2026-07-22T19:41:16.698+00:00,154.696153,1784749276631.982,4642,False,,,,,,,,,,,,,,False,,,,,,,,,,,,,,True,0.29381861066394044,0.3763307677339392,6.176062258966316,48.23694695315226,-0.28995418790661875,-0.7022506380020566,-2.902635506579583,4.681487117168838,-40.548793928521754,-26.613158316805198,0.5366419136275836,0.16153555925076646,1.78697475124344,False,,,,,,,,,,,,,,False,,,,,,,,,,,,,,False,,,,,,,,,,,,,,True,0.14866376054788175,-41.9652162697667,6.516463823119286,72.35040227435255,-0.08554962497358617,-0.011758629664838595,1.478015429990795,-1.7763568394002506e-16,0.0,1.1368683772161604e-14,0.0,0.0,0.0,True,2,0.2938186106639274,0.9516462828171885,8.52881782224729,52.67251646963683,2.683924415893084,0.18614722292518646,-0.2347341443178325,6.877548023747221,-41.19559900816077,-22.10764133186734,2.3200436220670313,-1.8059324757213044,-0.6407199626331276,True,8.125066326663339,-19.079232414433513,73.93066600659333,-20.862032360808776,-52.191488581780824,-2.738144505525736
2026-07-22T19:41:17.361+00:00,248.900000,90331.300000,1.217947,4095,2,02,80,FFFFFFFF,32,2.94499076,3.05837410,2.20447179,1.35637165,1.10269652,0.49430228,2.20471357,1.19390839,1.04985596,1.49515149,2.20461475,0.89069799,1.00991592,0.96049679,2.20709340,0.63946357,1.98613815,0.97869494,2.20733810,1.00587314,0.76660490,0.81112964,2.20782601,1.17693186,1.81927160,1.36568742,2.20772073,1.14405514,1.06468415,0.80769119,2.20812765,0.71052313,SD 02 80 FFFFFFFF 924003 949CAE 7FD6F7 615CD2 5536F4 2ECAE9 7FD8C3 59CA83 527242 674DF3 7FD807 4989B1 504B26 4D8E06 7FEA70 39734A 792BD8 4E92BC 7FEC41 50129A 41EE5D 44BB78 7FEFE0 58F53D 739668 61C6A0 7FEF18 575213 533B71 4484D8 7FF21D 3E4802 7CB7BD 000FFF 02 0DC891,2026-07-22T19:41:17.183+00:00,serial_request_midpoint,357.3195,True,matched,49.36305,49.36305,2026-07-22T19:41:17.231+00:00,155.229756,1784749277165.318,4658,False,,,,,,,,,,,,,,False,,,,,,,,,,,,,,True,0.22255427736802894,1.048392111471697,7.0503799137608265,48.19533054077922,-0.2799235491026263,-0.7044803066203241,-2.885761114192943,5.438026826152041,-41.19044240171134,-26.660054965883102,0.5392197470411947,0.17434757455321323,1.8015784275698565,False,,,,,,,,,,,,,,False,,,,,,,,,,,,,,False,,,,,,,,,,,,,,True,0.09184551613490906,-41.98177896484874,6.527712314670825,72.38446875440752,-0.08057778423862214,-0.01498956767277552,1.4789462940511657,0.0,0.0,0.0,0.0,0.0,0.0,True,2,0.2225542773679868,1.5735509492773359,9.422122250171848,52.62700853550175,2.6791647697026004,0.20925335233493866,-0.2269184424924975,7.67171465018748,-41.78091988987068,-22.165313771454827,2.3259610968231508,-1.7810450014998318,-0.6402923551805901,True,9.203636817348832,-18.009323702925393,73.95466375824739,-19.758318933229287,-53.173335063725276,-2.585286987731956
2026-07-22T19:41:17.918+00:00,249.500000,90331.900000,1.218557,4095,2,02,80,FFFFFFFF,32,2.94544018,3.05888169,2.20749178,1.35673668,1.10280989,0.49427447,2.20759072,1.19397057,1.04997978,1.49517112,2.20534706,0.89078123,1.00998219,0.96056375,2.20727179,0.63948788,1.98639270,0.97880190,2.20758704,1.00595710,0.76664959,0.81115204,2.20794181,1.17696001,1.81939377,1.36585502,2.20763757,1.14419107,1.06489009,0.80773024,2.20550796,0.71051438,SD 02 80 FFFFFFFF 924276 949F54 7FED65 6160FA 553873 2ECA5C 7FEE21 59CB4A 5273F2 674E28 7FDD78 498AF2 504C13 4D8EFD 7FEBC3 3973B9 792DF0 4E9442 7FEE1A 5013C7 41EF18 44BBD3 7FF0BC 58F598 73977F 61C886 7FEE7A 5753D3 533E39 448577 7FDEAA 3E47DC 7CC7BD 000FFF 02 0DC897,2026-07-22T19:41:17.740+00:00,serial_request_midpoint,355.397,True,matched,38.0723,38.0723,2026-07-22T19:41:17.777+00:00,155.775994,1784749277698.646,4674,False,,,,,,,,,,,,,,False,,,,,,,,,,,,,,True,0.22067441904244398,1.3007084531168847,8.563059569695868,48.15378898071569,-0.23788657386164766,-0.6954655557234732,-2.8769386973172586,6.788447333098553,-41.29193205007813,-26.86823417552601,0.5179651937606936,0.19199709528576547,1.815330806630016,False,,,,,,,,,,,,,,False,,,,,,,,,,,,,,False,,,,,,,,,,,,,,True,0.1065267741970761,-42.03266268506406,6.528937407891999,72.46613091161475,-0.08005922776267306,-0.01985197034803696,1.481230646538818,0.0,0.0,1.1368683772161604e-14,0.0,0.0,0.0,True,2,0.220674419042468,1.6773805609803376,10.908374623428022,52.61454434865719,2.6849240494365745,0.22972268346890198,-0.1895233475681411,8.996660624472813,-41.75575652444032,-22.34613466893568,2.330109649860978,-1.7619019913866898,-0.6091277785374559,True,9.357488594026513,-16.541710665494538,73.90022199734307,-18.398134810691893,-53.1907079996686,-2.741584621643051
2026-07-22T19:41:18.474+00:00,250.600000,90333.000000,1.217947,4095,2,02,80,FFFFFFFF,32,2.94494561,3.05884875,2.20697711,1.35684099,1.10287678,0.49425829,2.20778442,1.19399901,1.04993736,1.49514113,2.20792865,0.89080327,1.01001659,0.96056999,2.20798814,0.63950627,1.98641882,0.97887156,2.20807132,1.00597412,0.76666464,0.81117986,2.20770547,1.17686132,1.81938019,1.36570018,2.20751809,1.14422172,1.06498613,0.80769782,2.20762125,0.71051553,SD 02 80 FFFFFFFF 923FC4 949F28 7FE993 61622A 553955 2ECA0A 7FEF91 59CBA5 52735E 674DD7 7FF0A3 498B47 504C8E 4D8F14 7FF114 39740D 792E27 4E9540 7FF1B2 501404 41EF57 44BC44 7FEEFB 58F459 739760 61C6C5 7FED97 575438 533F85 4484F3 7FEE5B 3E47E1 7CB7BD 000FFF 02 0DC8A2,2026-07-22T19:41:18.296+00:00,serial_request_midpoint,356.8988,True,matched,18.7791,18.7791,2026-07-22T19:41:18.314+00:00,156.313148,1784749278265.315,4691,False,,,,,,,,,,,,,,False,,,,,,,,,,,,,,True,0.13508795278381203,1.282361872592054,9.70343009141551,48.22311821982693,-0.2573660751865323,-0.6870365708273254,-2.8697903405377625,7.9261638340975455,-41.19569023462507,-26.692597583417886,0.5243792158424201,0.17689151150345847,1.8218522117627822,False,,,,,,,,,,,,,,False,,,,,,,,,,,,,,False,,,,,,,,,,,,,,True,0.10527843535863514,-42.02434822445025,6.525291129320931,72.44773433837,-0.08065872132635339,-0.01811588002064417,1.4820291964254504,4.6074255521944e-16,0.0,0.0,0.0,0.0,0.0,True,2,0.13508795278378982,1.718234872685592,12.033352662500409,52.68654726569182,2.6874726928702835,0.2396844520046532,-0.20857132988494184,10.117025090060036,-41.718808273199876,-22.168528863584832,2.3449189370910486,-1.7612223853469244,-0.6191772592101965,True,9.815619735840595,-15.468702977199097,73.74932506685018,-17.323316635940344,-53.521994775022776,-2.847976358657445
2026-07-22T19:41:19.032+00:00,251.200000,90333.600000,1.218557,4095,2,02,80,FFFFFFFF,32,2.94363940,3.05791077,2.20735652,1.35651916,1.10287264,0.49426815,2.20780600,1.19399776,1.04974792,1.49516001,2.20747388,0.89076022,1.01001016,0.96052797,2.20795708,0.63950036,1.98644067,0.97886607,2.20759283,1.00588904,0.76665102,0.81111463,2.20726916,1.17672706,1.81935261,1.36530849,2.20774231,1.14417924,1.06492278,0.80771501,2.20772073,0.71046424,SD 02 80 FFFFFFFF 9238A5 949A43 7FEC64 615E80 553947 2ECA3C 7FEFBA 59CBA1 5270C9 674E0A 7FED43 498AA1 504C77 4D8E79 7FF0D9 3973F2 792E55 4E952C 7FEE25 5012D3 41EF1E 44BB3B 7FEBBE 58F2A7 739721 61C255 7FEF41 5753AC 533EAA 448539 7FEF18 3E4702 7CC7BD 000FFF 02 0DC8A8,2026-07-22T19:41:18.855+00:00,serial_request_midpoint,354.4592,True,matched,13.0873,13.0873,2026-07-22T19:41:18.866+00:00,156.864946,1784749278798.676,4707,False,,,,,,,,,,,,,,False,,,,,,,,,,,,,,True,0.13637605764186198,1.7658104602717724,11.1592596076165,48.22478363431365,-0.23424156692038245,-0.6759471141230634,-2.86009594535893,9.540190781408247,-41.53266143514941,-26.733718768206227,0.507018930942167,0.18321769309704963,1.83984843987753,False,,,,,,,,,,,,,,False,,,,,,,,,,,,,,False,,,,,,,,,,,,,,True,0.07454963328419915,-42.053635691981604,6.537453066320199,72.49748369867717,-0.08203561528776573,-0.017962495389136704,1.4795374039552247,7.327471962526033e-16,0.0,0.0,0.0,0.0,0.0,True,2,0.1363760576417916,2.115879415320326,13.458638744136099,52.71154532414787,2.6931704223497164,0.25944062747655405,-0.18850396585775325,11.688472382876387,-41.97304646106539,-22.18051436494726,2.359386277304262,-1.7422953168569026,-0.5945681160466402,True,10.431721478076044,-14.083750736644285,73.63604931369203,-15.757816599537893,-54.070540003710164,-3.0513955715573955
2026-07-22T19:41:19.590+00:00,252.400000,90334.800000,1.219167,4095,2,02,80,FFFFFFFF,32,2.94196301,3.05625272,2.20508944,1.35592473,1.10290905,0.49427644,2.20471830,1.19391839,1.04954789,1.49512261,2.20659986,0.89069799,1.00993773,0.96045667,2.20519248,0.63946751,1.98631481,0.97879065,2.20712023,1.00579811,0.76661661,0.81105112,2.20755599,1.17655352,1.81926941,1.36496377,2.20778811,1.14406394,1.06473882,0.80767129,2.20769757,0.71042421,SD 02 80 FFFFFFFF 922F80 94919B 7FDB8E 6157BB 5539C2 2ECA66 7FD8CC 59CAA3 526E0F 674DA5 7FE6C6 4989B1 504B74 4D8D72 7FDC52 39735C 792D4C 4E9419 7FEAA3 50118D 41EE8E 44BA39 7FEDDF 58F076 739663 61BE6D 7FEF98 575230 533C2E 448487 7FEEEC 3E4654 7CD7BD 000FFF 02 0DC8B4,2026-07-22T19:41:19.411+00:00,serial_request_midpoint,357.891,True,matched,6.7413,6.7413,2026-07-22T19:41:19.417+00:00,157.415145,1784749279365.374,4724,False,,,,,,,,,,,,,,False,,,,,,,,,,,,,,True,0.10415319234150736,2.216539102027077,12.391891866424508,48.469298286636175,-0.23396974084234187,-0.6574771251904442,-2.8659602079523445,10.991182490040252,-41.875160360329986,-26.039345712586815,0.48854948162354755,0.17234780074556663,1.8412571700112326,False,,,,,,,,,,,,,,False,,,,,,,,,,,,,,False,,,,,,,,,,,,,,True,0.08704683503486399,-41.93853647190983,6.523628383213628,72.30782713436223,-0.08297355568915894,-0.010500457588101144,1.4781120495692217,3.552713678800501e-16,0.0,0.0,0.0,0.0,0.0,True,2,0.10415319234140244,2.574465688235552,14.63249467648652,52.9850829056342,2.706357982335531,0.2580203327071476,-0.18879285948193414,13.05521185105564,-42.309880148395294,-21.44679471978525,2.368988574091551,-1.7524179380170273,-0.572905342741769,True,10.82417439004102,-13.198621987139168,73.55065039897511,-14.762282955253005,-54.30182062838317,-2.7933322809357604
2026-07-22T19:41:20.147+00:00,252.900000,90335.300000,1.217947,4095,2,02,80,FFFFFFFF,32,2.94046942,3.05516762,2.20500900,1.35531233,1.10286405,0.49427900,2.20482711,1.19387995,1.04927569,1.49511965,2.20719759,0.89062098,1.00987509,0.96040245,2.20507104,0.63945875,1.98614907,0.97872895,2.20711392,1.00565113,0.76658148,0.81101026,2.20834877,1.17644031,1.81921117,1.36461394,2.20805500,1.14397777,1.06459276,0.80766589,2.20779811,0.71037153,SD 02 80 FFFFFFFF 922759 948BF0 7FDAF5 6150C1 55392A 2ECA73 7FD99B 59CA28 526A59 674D9D 7FEB36 498888 504A94 4D8CAA 7FDB6B 397334 792BEF 4E9338 7FEA97 500F7E 41EDFB 44B993 7FF3C1 58EF08 7395DE 61BA76 7FF193 575114 533A35 448471 7FEFAB 3E456F 7CB7BE 000FFF 02 0DC8B9,2026-07-22T19:41:19.968+00:00,serial_request_midpoint,357.6204,True,matched,-3.8233,3.8233,2026-07-22T19:41:19.965+00:00,157.962483,1784749279898.735,4740,False,,,,,,,,,,,,,,False,,,,,,,,,,,,,,True,0.04770015462743188,2.088603177217955,13.660384929988442,49.32937521307921,-0.28290986029062526,-0.6151945164562648,-2.881195561672053,12.155458010936657,-41.70124511529154,-25.383854305009965,0.4958108670982728,0.11841076229463837,1.8316158850795525,False,,,,,,,,,,,,,,False,,,,,,,,,,,,,,False,,,,,,,,,,,,,,True,0.0648836638739903,-42.027298515496476,6.518686316018278,72.43505463925528,-0.08462743862662234,-0.013613115207259227,1.4790941369400807,6.217248937900876e-16,0.0,0.0,0.0,0.0,0.0,True,2,0.04770015462746357,2.6330442602459048,15.774611050947186,53.88726453115604,2.7342630016710956,0.24490845900358227,-0.23578951852731642,14.113848421436737,-42.351201408335484,-20.77050551736495,2.3929866508906295,-1.7920235032937477,-0.5917964627584527,True,10.965984538860885,-12.739085357352934,73.46026987475305,-14.322805525590798,-54.453044494646846,-3.1502495333149567
2026-07-22T19:41:20.704+00:00,254.000000,90336.400000,1.217947,4095,2,02,80,FFFFFFFF,32,2.93942936,3.05408671,2.20751178,1.35477073,1.10282912,0.49425829,2.20777968,1.19381027,1.04906111,1.49513853,2.20742494,0.89053308,1.00978646,0.96032573,2.20776389,0.63944473,1.98597527,0.97867794,2.20532656,1.00555743,0.76653967,0.81095487,2.20486917,1.17627114,1.81917308,1.36426280,2.20458321,1.14387462,1.06444961,0.80765287,2.20493593,0.71033220,SD 02 80 FFFFFFFF 9221AB 94864A 7FED8B 614A95 5538B4 2ECA0A 7FEF88 59C949 52676C 674DD0 7FECE6 498735 504957 4D8B8F 7FEF6A 3972F4 792A81 4E927E 7FDD51 500E2E 41ED4C 44B8B2 7FD9EB 58ECE5 739587 61B67B 7FD7CB 574FC0 533846 44843C 7FDA6A 3E44C4 7CB7BE 000FFF 02 0DC8C4,2026-07-22T19:41:20.526+00:00,serial_request_midpoint,357.0909,True,matched,8.24265,8.24265,2026-07-22T19:41:20.534+00:00,158.532055,1784749280465.442,4757,False,,,,,,,,,,,,,,False,,,,,,,,,,,,,,True,0.14872022101092394,1.7456583599807893,15.166845236476172,49.784015085580386,-0.2828450666520005,-0.5557462022026962,-2.9254431485286156,13.451418535370797,-41.24239279153714,-24.753696839717826,0.4618576433143098,0.08530855161951066,1.8012480714993888,False,,,,,,,,,,,,,,False,,,,,,,,,,,,,,False,,,,,,,,,,,,,,True,0.07912719523481379,-41.96948174111706,6.509714238102077,72.33754562596775,-0.08052072125439232,-0.016432768188697624,1.480271739673293,1.554312234475219e-16,0.0,1.1368683772161604e-14,0.0,0.0,0.0,True,2,0.14872022101014618,2.3360286686013847,17.069080104323316,54.42876336144276,2.7820191725313954,0.20249694089301312,-0.2354665239847162,15.219602168631733,-41.95953812704526,-20.073958562131374,2.387602799355902,-1.8563197357820311,-0.5558872148649062,True,9.542955729135599,-12.510710436373799,72.83168456012133,-14.268319361812846,-52.91496093745957,-3.4603343460987843
2026-07-22T19:41:21.261+00:00,255.200000,90337.600000,1.215505,4095,2,02,80,FFFFFFFF,32,2.93890162,3.05364505,2.20676033,1.35445819,1.10280101,0.49427387,2.20763072,1.19378558,1.04897117,1.49515742,2.20759125,0.89049238,1.00976269,0.96028181,2.20776863,0.63941276,1.98591876,0.97864092,2.20747388,1.00548325,0.76650669,0.81094208,2.20771810,1.17625784,1.81908420,1.36412154,2.20776652,1.14374175,1.06438571,0.80767227,2.20545906,0.71033841,SD 02 80 FFFFFFFF 921EC9 9483FB 7FE7F7 614705 553855 2ECA59 7FEE6D 59C8FA 526632 674E03 7FEE22 498698 504902 4D8AED 7FEF73 397262 792A0A 4E91F7 7FED43 500D24 41ECC2 44B87E 7FEF13 58ECBA 7394BC 61B4E1 7FEF6F 574E0A 533769 44848B 7FDE4D 3E44DF 7C77BE 000FFF 02 0DC8D0,2026-07-22T19:41:21.084+00:00,serial_request_midpoint,354.7756,True,matched,12.2822,12.2822,2026-07-22T19:41:21.095+00:00,159.093034,1784749281032.161,4774,False,,,,,,,,,,,,,,False,,,,,,,,,,,,,,True,0.19671725628602552,2.4180697366348296,15.876474643905249,50.45696796759477,-0.23156054138022308,-0.5101187320152507,-2.945063626308514,14.215767782086028,-41.90389735175092,-24.095007276783896,0.40697937850856614,0.08618232235793853,1.7990601894775593,False,,,,,,,,,,,,,,False,,,,,,,,,,,,,,False,,,,,,,,,,,,,,True,0.13586989823259052,-41.9786671012747,6.526269017951558,72.36809426147414,-0.07972575895937595,-0.016083250194961353,1.4792624923713336,3.3306690738754696e-16,0.0,0.0,0.0,0.0,0.0,True,2,0.19671725628378645,2.8587076494721773,17.617503928337957,55.18088323991626,2.8180606269813997,0.19481681440308565,-0.18800637477680646,15.80851473874382,-42.48627024763222,-19.334259522307264,2.3890311794413144,-1.873159957303358,-0.4840369294411854,True,9.351446622645936,-12.600323008030031,72.79617746402992,-14.335085459419034,-52.756125666691005,-3.4766193606346065
2026-07-22T19:41:21.820+00:00,255.800000,90338.200000,1.218557,4095,2,02,80,FFFFFFFF,32,2.93882941,3.05354642,2.20714497,1.35432695,1.10274625,0.49428314,2.20474879,1.19379245,1.04894137,1.49510817,2.20606068,0.89047138,1.00970705,0.96025986,2.20700499,0.63940050,1.98584659,0.97856963,2.20683662,1.00542888,0.76650478,0.81092042,2.20743020,1.17622104,1.81912361,1.36405298,2.20728337,1.14371717,1.06428103,0.80761947,2.20771652,0.71031265,SD 02 80 FFFFFFFF 921E64 948377 7FEAD2 614586 55379C 2ECA88 7FD906 59C910 5265CA 674D7E 7FE2C5 498647 50483B 4D8A9C 7FE9C8 39722A 792972 4E90F3 7FE888 500C61 41ECBA 44B826 7FECF0 58EC43 739516 61B41A 7FEBD9 574DB9 5335FF 4483B4 7FEF10 3E446F 7CC7BE 000FFF 02 0DC8D6,2026-07-22T19:41:21.641+00:00,serial_request_midpoint,357.4784,True,matched,6.7843,6.7843,2026-07-22T19:41:21.646+00:00,159.644748,1784749281565.521,4790,False,,,,,,,,,,,,,,False,,,,,,,,,,,,,,True,0.35882295646735074,1.6679041817500433,16.95114282674544,52.8853767999071,-0.39438925295600336,-0.47590591493853535,-2.9524987103346287,14.999553689141532,-41.215496015766256,-21.673326926805544,0.4820057307915226,-0.01852614898684537,1.7728113084463142,False,,,,,,,,,,,,,,False,,,,,,,,,,,,,,False,,,,,,,,,,,,,,True,0.10748940270697273,-41.98197064366201,6.517609205117713,72.3601457758796,-0.07983631798936722,-0.018781512646948467,1.4815998144765248,5.329070518200751e-16,0.0,0.0,0.0,0.0,0.0,True,2,0.3588229564673308,2.6612006593351647,18.59955318534318,57.558366036746676,2.8293876987961704,0.1666421209650339,-0.34326856153168567,16.558799276268168,-42.36395724309729,-17.005295969466328,-2.390156288023421,1.914222114273325,0.5938193153657052,True,9.772651654544658,-12.113448171073665,74.04199813515325,-13.975138836971274,-53.1780105075347,-2.2979444056081206
2026-07-22T19:41:22.374+00:00,256.900000,90339.300000,1.218557,4095,2,02,80,FFFFFFFF,32,2.93842904,3.05303164,2.20756651,1.35415084,1.10262431,0.49426815,2.20808711,1.19372434,1.04889039,1.49513113,2.20770336,0.89043197,1.00966316,0.96021893,2.20779863,0.63940685,1.98570890,0.97851670,2.20762283,1.00538594,0.76649020,0.81089162,2.20778126,1.17613940,1.81904699,1.36377360,2.20764020,1.14359432,1.06421482,0.80764182,2.20753862,0.71028896,SD 02 80 FFFFFFFF 921C34 9480C6 7FEDF3 614384 553600 2ECA3C 7FF1D0 59C836 526518 674DBC 7FEEF7 4985AF 50479E 4D8A05 7FEFAC 397247 792850 4E9032 7FEE5E 500BC7 41EC7D 44B7B1 7FEF8B 58EB3B 739467 61B0EF 7FEE7F 574C24 53351A 44840F 7FEDBE 3E4408 7CC7BD 000FFF 02 0DC8E1,2026-07-22T19:41:22.198+00:00,serial_request_midpoint,352.4231,True,matched,88.32155,88.32155,2026-07-22T19:41:22.285+00:00,160.283086,1784749282232.217,4810,False,,,,,,,,,,,,,,False,,,,,,,,,,,,,,True,0.24153909895191733,5.4318387790052185,19.444328973495693,56.001957061076666,0.09535744970536547,-0.3382076678600172,-3.004389488887837,17.664558555092277,-44.91136653876477,-18.64093896051087,0.13552470597782296,0.1560755624741212,1.7768475496869267,False,,,,,,,,,,,,,,False,,,,,,,,,,,,,,False,,,,,,,,,,,,,,True,0.11885052082510682,-41.93587166562149,6.523948974913713,72.30888401195554,-0.07740543008617669,-0.0200285486684621,1.4813425049920794,1.7763568394002506e-16,0.0,0.0,0.0,0.0,0.0,True,2,0.24153909895078746,4.851332410820006,20.548628017330763,60.89932939303859,2.9419113941974135,0.16409478223523588,0.12724046880813664,18.544660449761302,-44.5526471296996,-13.677325274883765,2.3344424614263954,-1.9009462175246656,-0.12144833900458533,True,7.929483115499922,-11.794950058302664,75.39033557745628,-13.867980215806028,-51.36950586590829,-0.6957045444997902
2026-07-22T19:41:22.929+00:00,257.500000,90339.900000,1.220388,4095,2,02,80,FFFFFFFF,32,2.93792438,3.05251173,2.20751756,1.35380141,1.10258643,0.49425750,2.20791865,1.19369747,1.04873257,1.49511817,2.20746862,0.89035964,1.00964051,0.96020050,2.20553110,0.63940422,1.98555602,0.97847832,2.20721127,1.00531706,0.76644863,0.81087931,2.20533655,1.17614311,1.81906888,1.36367509,2.20708287,1.14352304,1.06403528,0.80762831,2.20545170,0.71025469,SD 02 80 FFFFFFFF 921972 947E0E 7FED96 613F88 553580 2ECA06 7FF090 59C7E0 5262F1 674D99 7FED39 498498 50474D 4D89C1 7FDED6 39723B 79270E 4E8FA6 7FEB50 500AD0 41EBCF 44B77F 7FDD64 58EB47 739499 61AFD1 7FEA5C 574B39 5332AD 4483D8 7FDE3F 3E4373 7CF7BD 000FFF 02 0DC8E7,2026-07-22T19:41:22.751+00:00,serial_request_midpoint,355.7551,True,matched,72.40705,72.40705,2026-07-22T19:41:22.823+00:00,160.821446,1784749282765.573,4826,False,,,,,,,,,,,,,,False,,,,,,,,,,,,,,True,0.26613889927106915,7.236257213379636,20.51749266549647,56.86921728798313,0.12633912077346612,-0.25658680662299327,-3.0763341381624407,18.86158081273478,-46.64766542400077,-17.908705911925175,0.07857034085171119,0.12111783210958599,1.7129423269587105,False,,,,,,,,,,,,,,False,,,,,,,,,,,,,,False,,,,,,,,,,,,,,True,0.17075261678742132,-41.94012465640368,6.531730969449474,72.31485109444432,-0.07757130219314833,-0.021378143757933416,1.4809914444396262,2.6645352591003756e-16,0.0,0.0,0.0,0.0,0.0,True,2,0.26613889927109957,6.605046197791637,21.359635271056376,61.81220139045439,3.0010503906750903,0.06879858134968617,0.15889937264806203,19.47844659949063,-46.26882860005155,-12.907037928788691,2.292375190889014,-1.9981372700473212,-0.04774438132454504,True,7.388825873847243,-11.922425656547464,74.35259311331602,-13.99699809765362,-50.78473940674761,-1.7458342908941291
2026-07-22T19:41:23.486+00:00,258.600000,90341.000000,1.215505,4095,2,02,80,FFFFFFFF,32,2.93775142,3.05236534,2.20721022,1.35365789,1.10258791,0.49425928,2.20755441,1.19368465,1.04871052,1.49513002,2.20774284,0.89037571,1.00961898,0.96014656,2.20774336,0.63938780,1.98550380,0.97844761,2.20755072,1.00528472,0.76643597,0.81086184,2.20779179,1.17608559,1.81898088,1.36350322,2.20757809,1.14342962,1.06396618,0.80761137,2.20784022,0.71023997,SD 02 80 FFFFFFFF 921880 947D4A 7FEB4E 613DE5 553585 2ECA0F 7FEDDC 59C7B7 5262A4 674DB9 7FEF42 4984D6 504700 4D88FA 7FEF43 3971F0 7926A0 4E8F36 7FEDD5 500A5C 41EB9A 44B738 7FEF9F 58EA8D 7393D0 61ADDE 7FEE09 574A05 5331BE 448393 7FEFFB 3E4333 7C77BE 000FFF 02 0DC8F2,2026-07-22T19:41:23.309+00:00,serial_request_midpoint,356.7091,True,matched,53.73365,53.73365,2026-07-22T19:41:23.361+00:00,161.360019,1784749283298.918,4842,False,,,,,,,,,,,,,,False,,,,,,,,,,,,,,True,0.2620925222419409,7.094193362684803,19.961201960666724,56.53813031063494,0.06431095732810262,-0.21260237846074825,-3.0987587771420175,18.380804711311917,-46.54287510007676,-18.301912317255677,0.0870831466158991,0.05988947897246032,1.696233003371529,False,,,,,,,,,,,,,,False,,,,,,,,,,,,,,False,,,,,,,,,,,,,,True,0.1728461809700291,-41.97357903313676,6.530178897445691,72.38156839939343,-0.08320699743223675,-0.01815547226686015,1.4814980950171666,-4.4408920985006264e-17,0.0,0.0,0.0,0.0,0.0,True,2,0.2620925222419441,6.6749491836755706,20.669307583813918,61.524466105834165,3.0330329540094674,0.04194447989066805,0.09920857651832433,18.853809818533765,-46.3988018347567,-13.272376257099335,2.313162830661956,-2.055117317651571,-0.060744790250744155,True,7.291050687223551,-12.97590153679335,73.06533422309812,-15.024543915447358,-50.70768929483364,-3.3093470057226453
2026-07-22T19:41:24.045+00:00,259.200000,90341.600000,1.218557,4095,2,02,80,FFFFFFFF,32,2.93749342,3.05196579,2.20549692,1.35341062,1.10253848,0.49425731,2.20707340,1.19365466,1.04863090,1.49516408,2.20742757,0.89035264,1.00955217,0.96014032,2.20528186,0.63938036,1.98540790,0.97837468,2.20439400,1.00518490,0.76641948,0.81083230,2.20671877,1.17601045,1.81899926,1.36327936,2.20731547,1.14332105,1.06383841,0.80763249,2.20788759,0.71020386,SD 02 80 FFFFFFFF 921717 947B33 7FDE95 613B13 5534DE 2ECA05 7FEA4A 59C757 52618E 674E15 7FECEB 49847D 504611 4D88E3 7FDCFC 3971CE 7925D6 4E8E2C 7FD663 5008F6 41EB55 44B6C0 7FE7A8 58E99A 7393FA 61AB54 7FEC16 57489F 533004 4483E9 7FF055 3E4296 7CC7BE 000FFF 02 0DC8F8,2026-07-22T19:41:23.867+00:00,serial_request_midpoint,356.6602,True,matched,38.1601,38.1601,2026-07-22T19:41:23.904+00:00,161.902217,1784749283832.238,4858,False,,,,,,,,,,,,,,False,,,,,,,,,,,,,,True,0.1984401411876365,7.339563930066288,20.01211876956597,56.97786802354655,0.06839251357718695,-0.16735905000826956,-3.1224412352984565,18.366683195630195,-46.86494218525769,-17.765288218263617,0.0633050562885308,0.041877716569156904,1.6745769146666132,False,,,,,,,,,,,,,,False,,,,,,,,,,,,,,False,,,,,,,,,,,,,,True,0.15806362082702974,-41.963721581033845,6.530988293574287,72.36320136456969,-0.07823731910472549,-0.018333426694476695,1.4818546185611725,4.4408920985006264e-17,0.0,1.1368683772161604e-14,0.0,0.0,0.0,True,2,0.1984401411876183,6.917150401072156,20.577013646528748,61.98218453355713,3.0628121772071752,0.009683932956102483,0.1039895030953055,18.71226711904981,-46.71517070104031,-12.725559713844973,2.301650318071895,-2.0917805868002004,-0.028631659478806186,True,6.8160432046375785,-13.408277997674137,72.4969857169106,-15.500892468310656,-50.235125805573,-3.6348533692297336
2026-07-22T19:41:24.603+00:00,260.400000,90342.800000,1.219167,4095,2,02,80,FFFFFFFF,32,2.93655958,3.05137964,2.20766704,1.35310585,1.10250386,0.49423896,2.20621059,1.19359967,1.04848255,1.49510743,2.20794234,0.89029016,1.00953959,0.96009099,2.20795971,0.63937882,1.98533670,0.97831792,2.20731600,1.00509541,0.76639869,0.81081015,2.20734599,1.17593191,1.81890777,1.36301939,2.20776705,1.14319155,1.06364821,0.80759860,2.20746335,0.71015326,SD 02 80 FFFFFFFF 9211FC 947822 7FEEB2 613799 553469 2EC9A8 7FE3E2 59C6A7 525F88 674D7C 7FF0BD 49838C 5045E4 4D882D 7FF0DE 3971C7 792540 4E8D5D 7FEC17 5007B5 41EAFE 44B666 7FEC50 58E89C 739329 61A861 7FEF70 5746F4 532D72 44835F 7FED2F 3E41BA 7CD7BE 000FFF 02 0DC904,2026-07-22T19:41:24.424+00:00,serial_request_midpoint,357.7505,True,matched,25.19275,25.19275,2026-07-22T19:41:24.449+00:00,162.447063,1784749284398.867,4875,False,,,,,,,,,,,,,,False,,,,,,,,,,,,,,True,0.28115999116027535,8.065087155275162,20.051712846285454,57.1277690118712,-0.09498716601029976,0.10584755199899983,3.110720358722473,18.40460316382075,-47.60663138063811,-17.664599427406564,0.022067349243233718,0.024436287510096737,1.6314130003157703,False,,,,,,,,,,,,,,False,,,,,,,,,,,,,,False,,,,,,,,,,,,,,True,0.0982628288517861,-41.95969099914097,6.526736653046898,72.35128475345309,-0.07662802164985301,-0.01956682229126864,1.482596756737749,6.217248937900876e-16,0.0,0.0,0.0,0.0,0.0,True,2,0.2811599911598866,7.565435298787875,20.434145501589082,62.14222950361896,3.099918029481329,-0.054991047808939764,0.13272498462646612,18.570762252559867,-47.3950661555167,-12.617981545143072,2.2658287923933087,-2.1519119555455,0.028286768180464363,True,5.918946677948975,-13.910091562993207,71.27096273476164,-16.074797083232514,-49.295792491476355,-4.766626729697054
2026-07-22T19:41:25.160+00:00,260.900000,90343.300000,1.221609,4095,2,02,80,FFFFFFFF,32,2.93572033,3.05065330,2.20751178,1.35271178,1.10247870,0.49422930,2.20548903,1.19354218,1.04834969,1.49511299,2.20477507,0.89026061,1.00949374,0.96003597,2.20477087,0.63935955,1.98512547,0.97825898,2.20478033,1.00500676,0.76637958,0.81077373,2.20490281,1.17583235,1.81882634,1.36275394,2.20697921,1.14305631,1.06346035,0.80760203,2.20499008,0.71010474,SD 02 80 FFFFFFFF 920D65 947455 7FED8B 61331A 553414 2EC977 7FDE86 59C5EF 525DB8 674D8B 7FD938 49831A 504540 4D8762 7FD930 39716F 792383 4E8C86 7FD942 500677 41EAAE 44B5D2 7FDA2B 58E75A 73926F 61A55E 7FE997 574536 532AE8 44836D 7FDAD1 3E40E7 7D17BE 000FFF 02 0DC909,2026-07-22T19:41:24.982+00:00,serial_request_midpoint,356.3744,True,matched,98.0876,98.0876,2026-07-22T19:41:25.081+00:00,163.078225,1784749284998.797,4893,False,,,,,,,,,,,,,,False,,,,,,,,,,,,,,True,0.24188838303147756,8.093712932059153,20.075094869471425,57.2153178164683,-0.08834026753040367,0.10847332030060541,3.11046980523349,18.62704387609368,-47.60580788870817,-17.861351324737473,0.027516217406876233,0.01834340410320446,1.6344514265266028,False,,,,,,,,,,,,,,False,,,,,,,,,,,,,,False,,,,,,,,,,,,,,True,0.08952813403796357,-42.05398322713863,6.533484701962553,72.5169825442098,-0.08080568135554683,-0.02027054048549308,1.4792978961734076,-4.274358644806853e-16,0.0,0.0,0.0,0.0,0.0,True,2,0.2418883830314638,7.615692392652322,20.465923170836383,62.23123964722099,3.0984660288550305,-0.05558023056319898,0.12606572453418244,18.791657132255068,-47.430785581563235,-12.813283191544178,2.2729941846901145,-2.1524057482411934,0.02068689772981025,True,5.989409712496011,-13.862570087341538,71.42259808869224,-15.849615843221624,-49.49062507760043,-4.983175745204631
2026-07-22T19:41:25.716+00:00,262.000000,90344.400000,1.220388,4095,2,02,80,FFFFFFFF,32,2.93514195,3.04993537,2.20461370,1.35234654,1.10240502,0.49424528,2.20464892,1.19348532,1.04823487,1.49510706,2.20679716,0.89017532,1.00942889,0.95999451,2.20520405,0.63932561,1.98504478,0.97819729,2.20732757,1.00494097,0.76633203,0.81072525,2.20765915,1.17574547,1.81880226,1.36245617,2.20529869,1.14289652,1.06330429,0.80757355,2.20727705,0.71005437,SD 02 80 FFFFFFFF 920A3B 947093 7FD805 612EEF 55331B 2EC9C8 7FD848 59C539 525C27 674D7B 7FE83D 4981D1 504458 4D86C9 7FDC68 3970D4 7922D9 4E8BA5 7FEC2D 50058B 41E9E7 44B50D 7FEEA3 58E641 739238 61A1FD 7FDD1C 574327 5328CC 4482F9 7FEBCD 3E400C 7CF7BE 000FFF 02 0DC914,2026-07-22T19:41:25.539+00:00,serial_request_midpoint,354.9905,True,matched,83.75395,83.75395,2026-07-22T19:41:25.621+00:00,163.619968,1784749285565.437,4910,False,,,,,,,,,,,,,,False,,,,,,,,,,,,,,True,0.22622825831809745,8.089714150324383,20.07308558959479,57.22111329198667,-0.08385653796551565,0.10923664450532149,3.110830434494425,18.769517621345802,-47.60428038347118,-17.680751813768996,0.02371316228767868,0.01155308941155578,1.6353252219279975,False,,,,,,,,,,,,,,False,,,,,,,,,,,,,,False,,,,,,,,,,,,,,True,0.05918791842951161,-42.05084818122196,6.540543280277637,72.5137780365334,-0.0856179687802665,-0.013819399173346816,1.4785052559804464,0.0,0.0,0.0,0.0,0.0,0.0,True,2,0.22622825831807872,7.626177383523954,20.466094578660876,62.2382239734355,3.0981573998238496,-0.05522188260621544,0.12157288578236039,18.9005488916545,-47.43978495404468,-12.63134649735107,2.2781652872703226,-2.155745866009129,0.02600489027841895,True,6.031695945199793,-13.858510370018331,71.44965376430375,-15.790202990673833,-49.54291104344636,-5.035300866698265
2026-07-22T19:41:26.273+00:00,263.200000,90345.600000,1.219167,4095,2,02,80,FFFFFFFF,32,2.93445234,3.04929596,2.20737283,1.35197215,1.10230618,0.49424212,2.20766073,1.19344439,1.04807425,1.49507892,2.20793444,0.89007294,1.00939227,0.95994166,2.20742283,0.63932518,1.98490619,0.97813013,2.20759441,1.00480689,0.76629309,0.81068193,2.20771968,1.17567343,1.81881715,1.36224863,2.20753599,1.14271764,1.06309307,0.80755488,2.20787654,0.71002264,SD 02 80 FFFFFFFF 920675 946D3A 7FEC83 612AA9 5531CD 2EC9B8 7FEEA6 59C4B6 5259F6 674D2F 7FF0AE 498046 5043D5 4D8606 7FECE2 3970D2 7921B5 4E8AB0 7FEE28 5003AA 41E944 44B45D 7FEF16 58E558 73925A 619FA2 7FEDB9 5740D9 5325F1 4482AD 7FF040 3E3F82 7CD7BE 000FFF 02 0DC920,2026-07-22T19:41:26.096+00:00,serial_request_midpoint,355.3085,True,matched,75.00635,75.00635,2026-07-22T19:41:26.169+00:00,164.167545,1784749286098.756,4926,False,,,,,,,,,,,,,,False,,,,,,,,,,,,,,True,0.24131844565349833,8.08951093713112,20.05753021648211,57.177577446100315,-0.09409885066983957,0.1103646692903816,3.1111511892359918,18.39461852068058,-47.637792188611684,-18.02882336724888,0.03034291562901428,0.026366203863706316,1.633046446513831,False,,,,,,,,,,,,,,False,,,,,,,,,,,,,,False,,,,,,,,,,,,,,True,0.06611154658094051,-42.05465896161022,6.5386881503645995,72.52563404919219,-0.07671336448763362,-0.025126427774330655,1.4817636184607619,3.552713678800501e-16,0.0,0.0,0.0,0.0,0.0,True,2,0.24131844565336283,7.592877954535121,20.45426302260305,62.19122683598523,3.0970893776466166,-0.054032590636182466,0.13171161740342288,18.59352406288224,-47.44526702192549,-12.982627563574386,2.266479804027342,-2.148847744643139,0.016750003860615245,True,5.967708057064611,-13.86412172682634,71.42045246583287,-15.996680287682576,-49.433025701947386,-4.911822575946905
2026-07-22T19:41:26.829+00:00,263.800000,90346.200000,1.219167,4095,2,02,80,FFFFFFFF,32,2.93386782,3.04870146,2.20765862,1.35157114,1.10229790,0.49424094,2.20807553,1.19333662,1.04794313,1.49512372,2.20790023,0.89001047,1.00931428,0.95989450,2.20723600,0.63929255,1.98464659,0.97803830,2.20745020,1.00470655,0.76625510,0.81065216,2.20549534,1.17553710,1.81878431,1.36193684,2.20710287,1.14255970,1.06292520,0.80754211,2.20760441,0.70998538,SD 02 80 FFFFFFFF 920342 946A1D 7FEEA2 612615 5531B1 2EC9B2 7FF1BA 59C35D 52582C 674DA8 7FF06D 497F55 5042BE 4D8558 7FEB7F 39703D 791F92 4E8961 7FED16 500242 41E8A5 44B3E4 7FDE92 58E39F 73920F 619C18 7FEA82 573ED0 5323AC 448279 7FEE3B 3E3EE0 7CD7BE 000FFF 02 0DC926,2026-07-22T19:41:26.652+00:00,serial_request_midpoint,354.9252,True,matched,54.9677,54.9677,2026-07-22T19:41:26.706+00:00,164.704532,1784749286632.14,4942,False,,,,,,,,,,,,,,False,,,,,,,,,,,,,,True,0.2337530130754476,8.093351104007,20.064055652305886,57.18987311985124,-0.0941583581467193,0.11170617994252677,3.1108230555919856,18.423052186324632,-47.64390301716785,-17.728763236523662,0.027198403997966254,0.028066889870932865,1.6325254779285017,False,,,,,,,,,,,,,,False,,,,,,,,,,,,,,False,,,,,,,,,,,,,,True,0.08008741922042108,-41.99333696749936,6.530432522627336,72.41564454456076,-0.07573597369318649,-0.021431997767416926,1.4819197093328313,3.552713678800501e-16,0.0,0.0,0.0,0.0,0.0,True,2,0.23375301307533772,7.5966251789704655,20.46525094453335,62.20315817541914,3.0962083006263295,-0.054431637661944775,0.13175535537511648,18.616991116249245,-47.43614754516377,-12.682978192469431,2.26482806482372,-2.14834749424194,0.021132829477916434,True,5.960665428957347,-13.844689220335406,71.46182742707788,-15.982235558135262,-49.382910474883786,-4.640904929797932
2026-07-22T19:41:27.385+00:00,264.900000,90347.300000,1.219167,4095,2,02,80,FFFFFFFF,32,2.93336048,3.04824505,2.20741283,1.35121093,1.10225144,0.49421766,2.20784653,1.19325914,1.04785353,1.49508596,2.20764073,0.88996641,1.00922148,0.95986903,2.20562628,0.63926956,1.98455786,0.97798841,2.20496432,1.00459785,0.76623456,0.81062730,2.20680558,1.17547837,1.81873397,1.36167946,2.20764862,1.14240662,1.06274898,0.80754678,2.20764336,0.70994008,SD 02 80 FFFFFFFF 92007B 9467B9 7FECCF 6121F8 553114 2EC93C 7FF007 59C265 5256F3 674D42 7FEE80 497EAB 504172 4D84FA 7FDF8B 396FD4 791ED7 4E88AB 7FDAA0 5000BC 41E84F 44B37F 7FE84D 58E2E1 73919C 61992C 7FEE8F 573CD7 53214A 44828C 7FEE85 3E3E1B 7CD7BC 000FFF 02 0DC931,2026-07-22T19:41:27.208+00:00,serial_request_midpoint,355.2429,True,matched,41.05345,41.05345,2026-07-22T19:41:27.249+00:00,165.246126,1784749287165.528,4958,False,,,,,,,,,,,,,,False,,,,,,,,,,,,,,True,0.2670203381847825,8.092029649576673,20.07508829577745,57.22120989484991,-0.08300128506713762,0.11224317230502806,3.1096765933567334,18.743455590808434,-47.637527408768236,-17.612253896269987,0.025597145909580857,0.0157959651062226,1.6343391637198048,False,,,,,,,,,,,,,,False,,,,,,,,,,,,,,False,,,,,,,,,,,,,,True,0.08596240256092921,-42.04739541063104,6.539641800748463,72.50755593386305,-0.08266232633279326,-0.013790690842686958,1.4785114698845794,-4.440892098500626e-16,0.0,0.0,0.0,0.0,0.0,True,2,0.26702033818450754,7.631547692727068,20.47825281453958,62.23779608249801,3.096188874942172,-0.056819332506445365,0.12071248526520062,18.893942393050974,-47.46497257629839,-12.56365995418904,2.2744481232984066,-2.154156110341278,0.023367424904375624,True,6.002751782919926,-13.826771612044272,71.51592292512251,-15.769449677107014,-49.523428626511304,-4.831692312508255
2026-07-22T19:41:27.943+00:00,265.500000,90347.900000,1.218557,4095,2,02,80,FFFFFFFF,32,2.93310079,3.04773056,2.20738283,1.35086242,1.10215025,0.49422161,2.20795445,1.19319011,1.04780459,1.49506004,2.20790654,0.88994075,1.00917648,0.95981185,2.20790918,0.63925817,1.98436141,0.97791139,2.20766599,1.00451173,0.76620398,0.81059211,2.20748125,1.17547466,1.81869239,1.36151948,2.20758388,1.14225325,1.06261610,0.80752910,2.20798340,0.70990835,SD 02 80 FFFFFFFF 91FF0F 946507 7FEC96 611DFD 552FBE 2EC950 7FF0D4 59C188 525648 674CFC 7FF079 497E48 5040D1 4D8427 7FF07E 396FA0 791D39 4E8792 7FEEB0 4FFF87 41E7CF 44B2F0 7FED51 58E2D5 73913D 61975B 7FEE14 573ADD 531F7E 448244 7FF10B 3E3D91 7CC7BC 000FFF 02 0DC937,2026-07-22T19:41:27.764+00:00,serial_request_midpoint,357.9288,True,matched,13.7031,13.7031,2026-07-22T19:41:27.777+00:00,165.775532,1784749287698.852,4974,False,,,,,,,,,,,,,,False,,,,,,,,,,,,,,True,0.22627144175310523,8.092515354489073,20.064929536368275,57.2083006586196,-0.08273697320149347,0.11123848297144985,3.109833234826635,18.492564160858436,-47.67009986243743,-17.765637806179836,0.031124838919123637,0.01960702854399895,1.6316534011793937,False,,,,,,,,,,,,,,False,,,,,,,,,,,,,,False,,,,,,,,,,,,,,True,0.08683177690277474,-42.03981267452788,6.533730058690262,72.4951434943695,-0.07836477879867731,-0.019491702174324,1.481510427444851,5.10702591327572e-16,0.0,0.0,0.0,0.0,0.0,True,2,0.2262714417526768,7.632821556275983,20.46478655702638,62.22522366448337,3.0968509049551973,-0.05667128221251225,0.12046390211830213,18.673501235378264,-47.50233685602673,-12.71788208501082,2.269178448501374,-2.154725637193909,0.01564344457733526,True,6.009853973934936,-13.846444326938302,71.48139599358824,-15.94862887169183,-49.47651632235985,-4.781759794120421
2026-07-22T19:41:28.500+00:00,266.700000,90349.100000,1.219167,4095,2,02,80,FFFFFFFF,32,2.93267635,3.04739881,2.20513570,1.35062477,1.10211001,0.49420642,2.20503897,1.19321010,1.04766805,1.49511447,2.20502688,0.88986767,1.00912505,0.95975467,2.20495328,0.63925051,1.98434243,0.97786123,2.20457165,1.00441141,0.76616599,0.81056800,2.20728916,1.17539985,1.81867794,1.36129691,2.20743072,1.14212626,1.06240843,0.80749717,2.20781548,0.70987961,SD 02 80 FFFFFFFF 91FCBC 94634A 7FDBE6 611B46 552F36 2EC903 7FDB2E 59C1C8 52546B 674D8F 7FDB17 497D2E 504019 4D8354 7FDA8B 396F7D 791D11 4E86DB 7FD7B5 4FFE1F 41E730 44B28E 7FEBE4 58E1E3 73911C 6194D4 7FECF1 57393A 531CAF 4481C2 7FEFCC 3E3D14 7CD7BE 000FFF 02 0DC943,2026-07-22T19:41:28.322+00:00,serial_request_midpoint,356.2987,True,matched,87.98425,87.98425,2026-07-22T19:41:28.409+00:00,166.407558,1784749288332.175,4993,False,,,,,,,,,,,,,,False,,,,,,,,,,,,,,True,0.2699408638668172,8.093533041387243,20.075080823914043,57.21958849984385,-0.09190402905272037,0.11679943206098373,3.111481685590335,18.578682148836926,-47.62441103377245,-17.693371635251697,0.02790354000089588,0.025975383726577116,1.634963029430185,False,,,,,,,,,,,,,,False,,,,,,,,,,,,,,False,,,,,,,,,,,,,,True,0.0766753492331311,-42.014227804883255,6.533880560229221,72.45624019620058,-0.07929012118123842,-0.01858192923592571,1.4802336537755818,2.6645352591003756e-16,0.0,0.0,0.0,0.0,0.0,True,2,0.2699408638668223,7.6042246568501906,20.492281973179594,62.23229672512614,3.09307701763376,-0.053146136504628516,0.12936325118070915,18.767946643214234,-47.425446788169346,-12.647054619240986,2.2687924584487082,-2.1469602969649886,0.020152529073853138,True,6.003949758838088,-13.788352955689039,71.60504999492754,-15.833154640399595,-49.46988261897874,-4.6373488302029955
2026-07-22T19:41:29.056+00:00,267.200000,90349.600000,1.217947,4095,2,02,80,FFFFFFFF,32,2.93252442,3.04722512,2.20764230,1.35042338,1.10202184,0.49422969,2.20572988,1.19316356,1.04756931,1.49506856,2.20718128,0.88981843,1.00907866,0.95973055,2.20739967,0.63924920,1.98424944,0.97777380,2.20734494,1.00437936,0.76614115,0.81054684,2.20791023,1.17534329,1.81862366,1.36117755,2.20779232,1.14201323,1.06236886,0.80749938,2.20804078,0.70985385,SD 02 80 FFFFFFFF 91FBE7 946261 7FEE83 6118F9 552E0C 2EC979 7FE050 59C133 525312 674D13 7FEB17 497C70 503F73 4D82FB 7FECB6 396F77 791C4D 4E859C 7FEC4E 4FFDAC 41E6C8 44B238 7FF080 58E12C 7390A0 619379 7FEFA0 5737C5 531C26 4481CB 7FF178 3E3CA4 7CB7BE 000FFF 02 0DC948,2026-07-22T19:41:28.878+00:00,serial_request_midpoint,355.6933,True,matched,71.63555,71.63555,2026-07-22T19:41:28.949+00:00,166.947387,1784749288898.838,5010,False,,,,,,,,,,,,,,False,,,,,,,,,,,,,,True,0.245367500370884,8.091550941493953,20.06313058204153,57.189451731111845,-0.08862720775067144,0.11135907869099464,3.110879142929036,18.383089882947523,-47.677674287497,-17.758058335472573,0.0303958315853209,0.02654658047671993,1.63215412158208,False,,,,,,,,,,,,,,False,,,,,,,,,,,,,,False,,,,,,,,,,,,,,True,0.09261354119642101,-42.01422157797314,6.539025536502761,72.45239371160424,-0.07442098911015174,-0.02185495572943234,1.482253759245066,-3.552713678800501e-16,0.0,0.0,0.0,0.0,0.0,True,2,0.24536750037080834,7.612678178869165,20.463057837362115,62.204574979789,3.096635914653251,-0.05470565754815287,0.1262652569313654,18.58292296003078,-47.48481775624501,-12.711911762947034,2.265394841675926,-2.149729141252652,0.01667479028894591,True,6.00134536036573,-13.849051416768443,71.45952391604847,-16.007824516758845,-49.44101288786351,-4.635724275267455
2026-07-22T19:41:29.614+00:00,268.400000,90350.800000,1.220388,4095,2,02,80,FFFFFFFF,32,2.93220419,3.04670934,2.20774021,1.35023842,1.10202480,0.49423009,2.20821873,1.19313420,1.04750034,1.49507041,2.20763599,0.88977955,1.00902668,0.95969912,2.20780021,0.63922139,1.98408481,0.97776092,2.20735073,1.00431666,0.76613995,0.81054364,2.20801762,1.17534267,1.81862191,1.36106164,2.20538124,1.14191686,1.06215746,0.80752148,2.20732757,0.70983063,SD 02 80 FFFFFFFF 91FA26 945FAD 7FEF3D 6116DC 552E16 2EC97B 7FF2CA 59C0D5 525221 674D18 7FEE77 497BDA 503EB9 4D8287 7FEFAF 396EF8 791AF2 4E856D 7FEC59 4FFCCB 41E6C3 44B22B 7FF14C 58E12A 73909C 619228 7FDDB9 573687 53194A 448225 7FEC2D 3E3C3F 7CF7BE 000FFF 02 0DC954,2026-07-22T19:41:29.435+00:00,serial_request_midpoint,358.5173,True,matched,47.29815,47.29815,2026-07-22T19:41:29.482+00:00,167.480339,1784749289432.17,5026,False,,,,,,,,,,,,,,False,,,,,,,,,,,,,,True,0.20652762768657704,8.095930612740817,20.077240271261388,57.235016701135535,-0.08381754473714831,0.11015445909296842,3.110519102551079,18.66536388351694,-47.62296697977685,-17.64450272600245,0.02717645604710589,0.016994204275701627,1.634453565379323,False,,,,,,,,,,,,,,False,,,,,,,,,,,,,,False,,,,,,,,,,,,,,True,0.08000272066906527,-42.025446797997716,6.531056129007522,72.46720928603226,-0.08080401206765982,-0.0167837962080201,1.479255342212411,-1.3322676295501878e-16,0.0,0.0,0.0,0.0,0.0,True,2,0.20652762768654578,7.632601496549535,20.473337050831343,62.25190378725231,3.0975517071533627,-0.05563445265411086,0.12152904731976172,18.824705929651866,-47.451331888785084,-12.596149125924956,2.273837078509027,-2.1532636003809036,0.021160739939788058,True,6.028110258979386,-13.845370704475846,71.4835461441966,-15.824765503777218,-49.515782605956545,-4.803621464600906
2026-07-22T19:41:30.172+00:00,269.600000,90352.000000,1.216726,4095,2,02,80,FFFFFFFF,32,2.93221061,3.04667729,2.20754546,1.35006135,1.10196297,0.49421964,2.20778337,1.19308454,1.04747343,1.49507966,2.20767125,0.88974690,1.00901270,0.95971754,2.20726600,0.63921307,1.98401032,0.97767404,2.20787601,1.00424310,0.76611487,0.81052838,2.20778758,1.17531825,1.81854137,1.36097462,2.20759493,1.14177021,1.06205149,0.80748661,2.20498166,0.70979016,SD 02 80 FFFFFFFF 91FA2F 945F82 7FEDCB 6114D6 552D45 2EC946 7FEF8F 59C036 5251C3 674D31 7FEEBA 497B5C 503E87 4D82CB 7FEBB8 396ED2 791A55 4E8430 7FF03F 4FFBC3 41E65A 44B1ED 7FEF97 58E0DB 738FE4 61912B 7FEE29 5734A3 5317DB 448197 7FDAC1 3E3B8F 7C97BE 000FFF 02 0DC960,2026-07-22T19:41:29.993+00:00,serial_request_midpoint,356.556,True,matched,30.7087,30.7087,2026-07-22T19:41:30.023+00:00,168.021493,1784749289965.503,5042,False,,,,,,,,,,,,,,False,,,,,,,,,,,,,,True,0.2695851614196696,8.089858940724639,20.060076643373737,57.173096706791206,-0.09350231678481861,0.11104410459060222,3.1106595803947505,18.50779214871313,-47.63652615881089,-17.99348272017097,0.02695320035103302,0.021297618428655782,1.6328065849251,False,,,,,,,,,,,,,,False,,,,,,,,,,,,,,False,,,,,,,,,,,,,,True,0.08081678930607468,-42.07363999023231,6.542234177604508,72.54949827460482,-0.08171321544203909,-0.021096825004301385,1.481365068827416,6.439293542825908e-16,0.0,1.1368683772161604e-14,0.0,0.0,0.0,True,2,0.2695851614195974,7.595244141251891,20.459205147782043,62.186755479079295,3.0966457336386153,-0.05477668319433516,0.13112767190286975,18.68000483604026,-47.45021818829389,-12.946072118855136,2.269349662385773,-2.1523643174023124,0.021472317794628985,True,5.955875984991755,-13.854398300118808,71.43123519405489,-15.953120521171389,-49.436727879750386,-5.061167428907334
2026-07-22T19:41:30.727+00:00,270.100000,90352.500000,1.216116,4095,2,02,80,FFFFFFFF,32,2.93209223,3.04663332,2.20657409,1.34988737,1.10191889,0.49423798,2.20801393,1.19299989,1.04744081,1.49503672,2.20741388,0.88971658,1.00895960,0.95969207,2.20784653,0.63920979,1.98404306,0.97765075,2.20523665,1.00421635,0.76608859,0.81053552,2.20495222,1.17527127,1.81857289,1.36089621,2.20450805,1.14167507,1.06192762,0.80746574,2.20474195,0.70976234,SD 02 80 FFFFFFFF 91F989 945F47 7FE695 6112D9 552CB0 2EC9A3 7FF145 59BF27 525151 674CBD 7FECD1 497AE7 503DC9 4D826D 7FF007 396EC3 791A9A 4E83DB 7FDCA6 4FFB63 41E5EC 44B20A 7FDA89 58E043 73902C 619047 7FD73C 573369 53162E 448142 7FD8F9 3E3B16 7C87BE 000FFF 02 0DC965,2026-07-22T19:41:30.550+00:00,serial_request_midpoint,355.3443,True,matched,12.17755,12.17755,2026-07-22T19:41:30.561+00:00,168.559212,1784749290498.831,5058,False,,,,,,,,,,,,,,False,,,,,,,,,,,,,,True,0.21192504001603152,8.093090265259452,20.071628939966896,57.20557747425968,-0.09351089670415062,0.11238655322322316,3.110582705119955,18.509434484753132,-47.664939998619744,-17.819428417881692,0.02671256873119741,0.02541676735967872,1.6331333701981197,False,,,,,,,,,,,,,,False,,,,,,,,,,,,,,False,,,,,,,,,,,,,,True,0.15539781245037504,-42.05338236050799,6.5400555422762805,72.51261845981487,-0.07836900352817451,-0.020288270675335937,1.4810353427137173,-8.881784197001253e-17,0.0,0.0,0.0,0.0,0.0,True,2,0.21192504001575752,7.5985168270003856,20.475106329578338,62.21889212503462,3.0957818870584717,-0.05478958633593856,0.1311081416635043,18.693476937850086,-47.464327031726484,-12.772983779286506,2.26713647105413,-2.1493653955151073,0.02180981037764177,True,5.957316191081955,-13.830425644786672,71.49295548262656,-15.920162734003977,-49.442128194467045,-4.800809298013462
2026-07-22T19:41:31.283+00:00,271.200000,90353.600000,1.217947,4095,2,02,80,FFFFFFFF,32,2.93212717,3.04654091,2.20456902,1.34982995,1.10185736,0.49421904,2.20460687,1.19297959,1.04740618,1.49502117,2.20698289,0.88968911,1.00897777,0.95966823,2.20540069,0.63920782,1.98384050,0.97760964,2.20482396,1.00420994,0.76605300,0.81049615,2.20505789,1.17523511,1.81855757,1.36078066,2.20471988,1.14157812,1.06184793,0.80747261,2.20736178,0.70975222,SD 02 80 FFFFFFFF 91F9BA 945ECB 7FD7B0 611231 552BE0 2EC943 7FD7F8 59BEE6 5250D8 674C93 7FE99E 497A7D 503E0A 4D8215 7FDDDE 396EBA 7918EF 4E8345 7FD995 4FFB4C 41E557 44B16A 7FDB52 58DFCE 739009 618EF7 7FD8CF 573229 53151A 44815E 7FEC6E 3E3AEA 7CB7BD 000FFF 02 0DC970,2026-07-22T19:41:31.105+00:00,serial_request_midpoint,356.1211,True,matched,79.47285,79.47285,2026-07-22T19:41:31.184+00:00,169.182402,1784749291132.153,5077,False,,,,,,,,,,,,,,False,,,,,,,,,,,,,,True,0.22836432547456967,8.098835345247808,20.08075304225207,57.24596890428855,-0.0779221083692505,0.10928792873361963,3.1089233207609976,18.542905236689073,-47.62261140908756,-17.98827983848339,0.03640874634438374,0.014041267227310998,1.6317913820431231,False,,,,,,,,,,,,,,False,,,,,,,,,,,,,,False,,,,,,,,,,,,,,True,0.17438042370254844,-42.07645870242752,6.542681438025258,72.55907270637651,-0.08060052517315892,-0.023064837126121365,1.4803692500952474,1.3322676295501878e-16,0.0,1.1368683772161604e-14,0.0,0.0,0.0,True,2,0.22836432547453417,7.654753958512686,20.474595567419954,62.2647737053894,3.098200026672822,-0.058495945891046466,0.11575841543592823,18.72398797240195,-47.48943030475657,-12.939498432985214,2.2728435715734157,-2.15809280296226,0.008240373673773732,True,6.019280607867715,-13.846767678833867,71.48109436876565,-15.897806305141017,-49.51960057104675,-5.016046885489482
2026-07-22T19:41:31.840+00:00,271.800000,90354.200000,1.218557,4095,2,02,80,FFFFFFFF,32,2.93199453,3.04639485,2.20745230,1.34968436,1.10184020,0.49423127,2.20789812,1.19291869,1.04737985,1.49506337,2.20788075,0.88969067,1.00895401,0.95964032,2.20780442,0.63921110,1.98377219,0.97753483,2.20758283,1.00411577,0.76605754,0.81047966,2.20754546,1.17521533,1.81854268,1.36066375,2.20764494,1.14151631,1.06179856,0.80747752,2.20734705,0.70971866,SD 02 80 FFFFFFFF 91F900 945E07 7FED1A 611087 552BA6 2EC981 7FF069 59BE23 52507C 674D05 7FF048 497A83 503DB5 4D81AE 7FEFB7 396EC9 79185F 4E8234 7FEE12 4FF9FA 41E56A 44B127 7FEDCB 58DF8E 738FE7 618DA3 7FEE88 57315D 53146F 448172 7FEC52 3E3A58 7CC7BD 000FFF 02 0DC976,2026-07-22T19:41:31.662+00:00,serial_request_midpoint,357.2955,True,matched,70.77265,70.77265,2026-07-22T19:41:31.732+00:00,169.730586,1784749291665.541,5093,False,,,,,,,,,,,,,,False,,,,,,,,,,,,,,True,0.26205027443085976,8.079055373884776,20.038193581733886,57.109616146998825,-0.10074766836216846,0.10987875858823785,3.1110706485194184,18.46631016097105,-47.61140490955046,-18.032613231772324,0.023687818487502448,0.026172905087263068,1.6335989708594283,False,,,,,,,,,,,,,,False,,,,,,,,,,,,,,False,,,,,,,,,,,,,,True,0.11728960110427022,-42.05520119691145,6.540644320104292,72.51734506506124,-0.07977067363764992,-0.022281319348243653,1.4811172897990228,2.6645352591003756e-16,0.0,0.0,0.0,0.0,0.0,True,2,0.26205027443065837,7.560932416477226,20.433542999979846,62.12119959368048,3.097139897538006,-0.05377386949953117,0.13833357001972915,18.642643725015645,-47.39893453535508,-12.986378594061318,2.2671467234686413,-2.1483600926132524,0.02602638300692847,True,5.905665273387671,-13.887576997372822,71.334891988398,-15.982008400638406,-49.375184997752754,-5.061783082651175
2026-07-22T19:41:32.396+00:00,273.000000,90355.400000,1.217336,4095,2,02,80,FFFFFFFF,32,2.93196886,3.04641795,2.20714181,1.34961567,1.10177483,0.49421687,2.20515095,1.19289964,1.04735839,1.49502672,2.20674981,0.88965387,1.00892383,0.95961864,2.20765073,0.63918264,1.98371195,0.97750660,2.20752809,1.00412050,0.76602959,0.81047449,2.20548588,1.17523387,1.81848622,1.36059291,2.20716759,1.14139514,1.06165739,0.80744536,2.20796234,0.70971383,SD 02 80 FFFFFFFF 91F8DC 945E26 7FEACC 610FBE 552AC9 2EC938 7FDC03 59BDE6 525031 674CA2 7FE7E3 4979F5 503D49 4D815E 7FEE93 396E47 7917E0 4E81CD 7FEDAA 4FFA0B 41E4F5 44B112 7FDE80 58DFCA 738F66 618CD5 7FEAFD 572FCD 531286 4480EF 7FF0E3 3E3A43 7CA7BE 000FFF 02 0DC982,2026-07-22T19:41:32.219+00:00,serial_request_midpoint,356.5381,True,matched,53.45195,53.45195,2026-07-22T19:41:32.273+00:00,170.27036,1784749292198.938,5109,False,,,,,,,,,,,,,,False,,,,,,,,,,,,,,True,0.2697470199625052,8.092064927639923,20.06780100372583,57.19771599520696,-0.08680219603101348,0.10813310319589704,3.1102711008605564,18.609064707178767,-47.63781600656772,-17.742912940254065,0.026217493809082993,0.018983584462500258,1.6339524017574243,False,,,,,,,,,,,,,,False,,,,,,,,,,,,,,False,,,,,,,,,,,,,,True,0.05815127621600883,-42.04234442439354,6.537379810255002,72.49276303688082,-0.07925383985491286,-0.018361710331648223,1.4795165335321327,-1.1379786002407854e-16,0.0,0.0,0.0,0.0,0.0,True,2,0.2697470199624592,7.619026912743332,20.4575851683471,62.21419137875032,3.0987254947332397,-0.05600388137054952,0.12455350293431798,18.77148782244542,-47.45673280609286,-12.694987669575415,2.2720386464912803,-2.152558263437237,0.022500331342286836,True,5.992020835380709,-13.872608226022592,71.39906957399867,-15.874312708462195,-49.4901522146596,-4.878017296497774
2026-07-22T19:41:32.954+00:00,273.500000,90355.900000,1.219167,4095,2,02,80,FFFFFFFF,32,2.93178346,3.04620931,2.20753704,1.34960610,1.10172247,0.49421668,2.20789444,1.19288277,1.04728571,1.49503561,2.20794655,0.88969145,1.00889058,0.95957556,2.20770020,0.63919884,1.98370436,0.97746029,2.20496694,1.00409041,0.76600857,0.81045382,2.20465995,1.17521625,1.81851380,1.36054649,2.20451383,1.14136091,1.06156530,0.80742694,2.20447757,0.70969061,SD 02 80 FFFFFFFF 91F7D8 945D0E 7FEDBB 610FA2 552A18 2EC937 7FF062 59BDB0 524F33 674CBA 7FF0C5 497A86 503CD2 4D80BF 7FEEF1 396E91 7917D0 4E8124 7FDAA5 4FF99F 41E49D 44B0BE 7FD85D 58DF91 738FA5 618C4E 7FD747 572F5C 531147 4480A4 7FD702 3E39DE 7CD7BE 000FFF 02 0DC987,2026-07-22T19:41:32.776+00:00,serial_request_midpoint,357.3782,True,matched,30.1798,30.1798,2026-07-22T19:41:32.805+00:00,170.804249,1784749292732.344,5125,False,,,,,,,,,,,,,,False,,,,,,,,,,,,,,True,0.24486163011236917,8.098733912345358,20.081337088078584,57.23408164963985,-0.08738641103462193,0.11309410722992719,3.110274008988897,18.649034045710195,-47.60738005537472,-17.971067817592974,0.030761904220936383,0.01806128005706619,1.6345205183013107,False,,,,,,,,,,,,,,False,,,,,,,,,,,,,,False,,,,,,,,,,,,,,True,0.10889234972637403,-42.085608227425496,6.542335459986434,72.5779932758326,-0.08304493773893339,-0.020726477923556492,1.4792408765181944,-2.7755575615628914e-17,0.0,0.0,0.0,0.0,0.0,True,2,0.24486163011229628,7.624028650424842,20.487083548907133,62.24913364565149,3.095531287345715,-0.05557725299614329,0.125022767324074,18.823426956926177,-47.44328204627275,-12.922961167095526,2.2732717647304295,-2.1525001435613293,0.016153242986789412,True,5.998078747443158,-13.813794846083079,71.54307484286358,-15.802467619736683,-49.5223534236257,-5.030166876994644
2026-07-22T19:41:33.512+00:00,274.700000,90357.100000,1.218557,4095,2,02,80,FFFFFFFF,32,2.93193677,3.04611691,2.20425946,1.34945779,1.10168609,0.49420386,2.20687135,1.19283811,1.04728685,1.49503227,2.20511467,0.88961267,1.00888751,0.95956797,2.20478821,0.63916468,1.98359621,0.97748523,2.20477402,1.00404946,0.76599472,0.81044447,2.20708235,1.17521378,1.81852912,1.36047566,2.20749704,1.14124701,1.06150439,0.80744216,2.20771126,0.70967980,SD 02 80 FFFFFFFF 91F8AF 945C92 7FD563 610DF0 55299D 2EC8F6 7FE8CA 59BD21 524F37 674CB1 7FDBBE 497956 503CC7 4D80A3 7FD951 396DF5 7916EC 4E817F 7FD936 4FF90C 41E463 44B098 7FEA5B 58DF89 738FC8 618B80 7FED6F 572DE4 531074 4480E2 7FEF06 3E39AF 7CC7BE 000FFF 02 0DC993,2026-07-22T19:41:33.334+00:00,serial_request_midpoint,356.9734,True,matched,9.5248,9.5248,2026-07-22T19:41:33.344+00:00,171.340964,1784749293265.749,5141,False,,,,,,,,,,,,,,False,,,,,,,,,,,,,,True,0.25110027510786564,8.090569033751027,20.06161679962413,57.18225035046822,-0.09530128427982475,0.11213358866765097,3.1109514775569806,18.525060224536137,-47.64267759852036,-17.72002691234129,0.024243169140166006,0.02653447096461203,1.633727957229561,False,,,,,,,,,,,,,,False,,,,,,,,,,,,,,False,,,,,,,,,,,,,,True,0.09342109044523185,-42.01568205724523,6.531792763435776,72.45671931044055,-0.07795933993074307,-0.018951396343088497,1.4807881017277542,-5.10702591327572e-16,0.0,0.0,0.0,0.0,0.0,True,2,0.25110027510766336,7.590152903754456,20.464150900817977,62.195061068405025,3.0959002729361758,-0.05412867167432507,0.13287382348699148,18.704301421378506,-47.43071939775693,-12.673873167742295,2.2670671168513463,-2.1479851926698843,0.025252199990381658,True,5.9542373683251455,-13.843455372981301,71.46238251826625,-15.915473464178964,-49.41238308394626,-4.729346080475739
2026-07-22T19:41:34.067+00:00,275.200000,90357.600000,1.218557,4095,2,02,80,FFFFFFFF,32,2.93169362,3.04626519,2.20520510,1.34940961,1.10165473,0.49422654,2.20703815,1.19278096,1.04727025,1.49501339,2.20751020,0.88958546,1.00885760,0.95954955,2.20779021,0.63916600,1.98350847,0.97742412,2.20765230,1.00404639,0.76598827,0.81044644,2.20786391,1.17524005,1.81851292,1.36051520,2.20774179,1.14112616,1.06143540,0.80742301,2.20772810,0.70966785,SD 02 80 FFFFFFFF 91F75A 945D59 7FDC6A 610D63 552933 2EC969 7FEA07 59BC6A 524EFD 674C7E 7FED88 4978ED 503C5C 4D805F 7FEF9C 396DFB 791633 4E80A0 7FEE96 4FF901 41E448 44B0A0 7FF028 58DFDE 738FA3 618BF3 7FEF40 572C55 530F85 448094 7FEF26 3E397B 7CC7BE 000FFF 02 0DC998,2026-07-22T19:41:33.891+00:00,serial_request_midpoint,354.5497,True,matched,81.44955,81.44955,2026-07-22T19:41:33.971+00:00,171.969923,1784749293899.143,5160,False,,,,,,,,,,,,,,False,,,,,,,,,,,,,,True,0.27758749703589103,8.091563014244855,20.06690075539985,57.182472594841045,-0.09675740220099706,0.11214715481567535,3.1103806638285767,18.51173476490917,-47.67070889590353,-17.821518976068887,0.0233877117589857,0.025030995910618536,1.6323219580320563,False,,,,,,,,,,,,,,False,,,,,,,,,,,,,,False,,,,,,,,,,,,,,True,0.04954031956384236,-42.05453045876221,6.538952693108696,72.51711572336208,-0.08015521421154911,-0.01877424111521357,1.4816248844855417,3.9968028886505636e-16,0.0,-1.1368683772161604e-14,0.0,0.0,0.0,True,2,0.27758749703540736,7.586513392680151,20.46977530849201,62.19479113763517,3.0957997932040766,-0.05491903892371523,0.1343491908744147,18.683855394994733,-47.461183677234104,-12.775015843042002,2.2664625772325198,-2.150518015471062,0.026445035733522054,True,5.924814313471462,-13.836848134154172,71.46116361378702,-15.950356044083335,-49.39691821463019,-4.882256849754936
2026-07-22T19:41:34.625+00:00,276.400000,90358.800000,1.219167,4095,2,02,80,FFFFFFFF,32,2.93180628,3.04578387,2.20734441,1.34930130,1.10161776,0.49420918,2.20531604,1.19276785,1.04727684,1.49503413,2.20706025,0.88960153,1.00882044,0.95956689,2.20491648,0.63916578,1.98346246,0.97739398,2.20701394,1.00402020,0.76596390,0.81042774,2.20732863,1.17516649,1.81841444,1.36040827,2.20749914,1.14104317,1.06133669,0.80740336,2.20804289,0.70964462,SD 02 80 FFFFFFFF 91F7F8 945AD3 7FEC4D 610C26 5528B6 2EC911 7FDD3D 59BC40 524F14 674CB6 7FEA31 49792B 503BD7 4D809F 7FDA45 396DFA 7915D2 4E8032 7FE9D9 4FF8A3 41E3E2 44B054 7FEC2F 58DEF0 738EC2 618ABC 7FED73 572B43 530E2F 448044 7FF17C 3E3916 7CD7BE 000FFF 02 0DC9A4,2026-07-22T19:41:34.447+00:00,serial_request_midpoint,358.1714,True,matched,60.2669,60.2669,2026-07-22T19:41:34.507+00:00,172.505344,1784749294432.519,5176,False,,,,,,,,,,,,,,False,,,,,,,,,,,,,,True,0.23811138782714722,8.088851075440271,20.060403174532915,57.181575134872105,-0.08863461546869834,0.1086058920943238,3.111286597776044,18.424237310308797,-47.66034333691065,-17.985772431762236,0.030048271881381136,0.02071964247344445,1.6325340736614453,False,,,,,,,,,,,,,,False,,,,,,,,,,,,,,False,,,,,,,,,,,,,,True,0.096338446447491,-42.06801866702049,6.5400714405426585,72.54184547320264,-0.07870152926201415,-0.02278418638887039,1.4821388312228712,4.884981308350689e-16,0.0,0.0,0.0,0.0,0.0,True,2,0.2381113878268844,7.609782505271745,20.451298137200165,62.1973916765136,3.0984225249077744,-0.05428866951221413,0.12631515934112691,18.604887777299105,-47.48551164650921,-12.938246261946574,2.2694378204468744,-2.153032505667202,0.0171506253968161,True,6.010742830806462,-13.877685048871092,71.39169971257976,-16.015664241960927,-49.479998459032586,-5.000317377878105
2026-07-22T19:41:35.182+00:00,277.600000,90360.000000,1.218557,4095,2,02,80,FFFFFFFF,32,2.93172856,3.04580995,2.20770652,1.34929515,1.10163580,0.49422082,2.20804183,1.19270102,1.04725080,1.49503450,2.20753230,0.88960671,1.00881038,0.95955145,2.20782601,0.63913425,1.98341835,0.97735261,2.20765178,1.00399262,0.76597465,0.81040215,2.20765283,1.17514610,1.81845690,1.36038111,2.20745230,1.14104681,1.06125703,0.80741712,2.20770283,0.70963313,SD 02 80 FFFFFFFF 91F78B 945AF6 7FEEFD 610C14 5528F3 2EC94C 7FF17A 59BB6A 524EB9 674CB7 7FEDB2 49793F 503BB3 4D8066 7FEFE0 396D6A 791575 4E7F9B 7FEE95 4FF840 41E40F 44AFEC 7FEE97 58DEAE 738F23 618A6D 7FED1A 572B4F 530D1B 44807C 7FEEF6 3E38E4 7CC7BE 000FFF 02 0DC9B0,2026-07-22T19:41:35.005+00:00,serial_request_midpoint,355.4851,True,matched,32.17065,32.17065,2026-07-22T19:41:35.036+00:00,173.03493,1784749294965.889,5192,False,,,,,,,,,,,,,,False,,,,,,,,,,,,,,True,0.208176894225825,8.091903428777751,20.071500530792186,57.20930619453846,-0.09004626695476887,0.11173323329504332,3.110822965741743,18.42230621284137,-47.65227576691507,-17.756200479355403,0.029928174527836658,0.026190473810368115,1.6324691849389459,False,,,,,,,,,,,,,,False,,,,,,,,,,,,,,False,,,,,,,,,,,,,,True,0.1080722188761496,-42.00891926597468,6.5336156058373245,72.44205527330078,-0.07564149734889282,-0.021953565057033875,1.4819197996853677,-1.7763568394002506e-16,0.0,-1.1368683772161604e-14,0.0,0.0,0.0,True,2,0.20817689422577987,7.60846767833481,20.472689085079825,62.22389092638032,3.0963420572279263,-0.05467906548884191,0.1276694434378402,18.619437047813953,-47.45911120119688,-12.70995937352493,2.265956497285291,-2.149606631229662,0.017326694142978178,True,5.989525905572142,-13.837108448318466,71.48607940890261,-15.974926682679992,-49.425636990341346,-4.6517902802964155
2026-07-22T19:41:35.739+00:00,278.100000,90360.500000,1.220388,4095,2,02,80,FFFFFFFF,32,2.93157312,3.04574811,2.20759441,1.34920358,1.10161924,0.49421313,2.20795655,1.19272382,1.04722418,1.49501043,2.20735126,0.88956733,1.00882491,0.95953681,2.20551900,0.63915221,1.98343163,0.97730192,2.20728810,1.00391267,0.76594718,0.81042577,2.20777758,1.17510592,1.81847790,1.36029654,2.20522876,1.14095141,1.06122615,0.80736702,2.20455168,0.70961589,SD 02 80 FFFFFFFF 91F6B1 945AA3 7FEE28 610B08 5528BB 2EC925 7FF0D8 59BBB3 524E5C 674C76 7FEC5A 4978A7 503BE7 4D8030 7FDEBF 396DBC 791591 4E7EE2 7FEBE2 4FF721 41E39C 44B04C 7FEF84 58DE2C 738F53 618977 7FDC97 572A14 530CB0 447FB0 7FD78F 3E3899 7CF7BE 000FFF 02 0DC9B5,2026-07-22T19:41:35.562+00:00,serial_request_midpoint,357.1739,True,matched,7.83115,7.83115,2026-07-22T19:41:35.569+00:00,173.567409,1784749295499.229,5208,False,,,,,,,,,,,,,,False,,,,,,,,,,,,,,True,0.2835219209860163,8.090191747162308,20.064665369294655,57.18885385500092,-0.08920991802187316,0.11370090884554984,3.1105553824498284,18.44497680863493,-47.70039442147856,-17.707439935679417,0.028840087413071678,0.02708833338828425,1.6323034833181396,False,,,,,,,,,,,,,,False,,,,,,,,,,,,,,False,,,,,,,,,,,,,,True,0.11956655787294408,-42.03243806199417,6.535622152199332,72.47888973316753,-0.07536288002234866,-0.019514429800050432,1.481827878061899,4.440892098500626e-16,-5.684341886080802e-15,0.0,0.0,0.0,0.0,True,2,0.2835219209860093,7.60958077159936,20.472278725087733,62.20319207018171,3.095096429527656,-0.054986931961768494,0.1268066247156477,18.641339864812032,-47.50094157530337,-12.661413438900365,2.2652083070139257,-2.1492195921870145,0.01884414490966817,True,5.986189633059944,-13.825422278222913,71.50929876583936,-15.954580435618286,-49.452347266753826,-4.606251793979936
2026-07-22T19:41:36.297+00:00,279.200000,90361.600000,1.219778,4095,2,02,80,FFFFFFFF,32,2.93159380,3.04576227,2.20459215,1.34914242,1.10159676,0.49419932,2.20501584,1.19268260,1.04718670,1.49501969,2.20476561,0.88956448,1.00882715,0.95952679,2.20706130,0.63913294,1.98340081,0.97729863,2.20473775,1.00392994,0.76594360,0.81039945,2.20681873,1.17512075,1.81838643,1.36028691,2.20763915,1.14091174,1.06117045,0.80739624,2.20789602,0.70960945,SD 02 80 FFFFFFFF 91F6CE 945AB6 7FD7DC 610A55 55286F 2EC8DF 7FDB02 59BB2F 524DD9 674C8F 7FD926 49789C 503BEF 4D800B 7FEA33 396D64 791550 4E7ED6 7FD8F1 4FF75F 41E38D 44AFE1 7FE866 58DE5C 738E82 61895B 7FEE7D 572991 530BEF 448027 7FF065 3E387D 7CE7BE 000FFF 02 0DC9C0,2026-07-22T19:41:36.119+00:00,serial_request_midpoint,355.9216,True,matched,71.4724,71.4724,2026-07-22T19:41:36.189+00:00,174.187756,1784749296132.551,5227,False,,,,,,,,,,,,,,False,,,,,,,,,,,,,,True,0.237668379020616,8.090907530393682,20.06775142598826,57.19430264292782,-0.08311267909681118,0.10818337978944,3.1101829236189724,18.51404885404736,-47.64760061535458,-17.759636200628314,0.02881996431827764,0.016582570513545232,1.631812763731,False,,,,,,,,,,,,,,False,,,,,,,,,,,,,,False,,,,,,,,,,,,,,True,0.07054620903558725,-42.0285252280859,6.534298409482444,72.4703177243334,-0.07989808737715202,-0.018867537851257787,1.481524513334492,-1.7763568394002506e-16,0.0,-1.1368683772161604e-14,0.0,0.0,0.0,True,2,0.2376683790203663,7.629813915445736,20.457639361587916,62.21188198563334,3.0988154145919893,-0.0563473136448918,0.12088685027290143,18.67805897170806,-47.48263719071103,-12.711209699801362,2.2712229418653282,-2.1564851369537794,0.018859451763677405,True,6.015247244856537,-13.872157991511466,71.40043480386876,-15.970238758952586,-49.4650382505978,-4.892203040550749
2026-07-22T19:41:36.854+00:00,279.800000,90362.200000,1.217947,4095,2,02,80,FFFFFFFF,32,2.93158311,3.04561699,2.20512676,1.34905155,1.10155713,0.49421983,2.20753335,1.19265262,1.04719528,1.49502117,2.20528344,0.88952094,1.00878663,0.95952191,2.20708919,0.63911827,1.98331022,0.97726411,2.20752230,1.00388759,0.76592569,0.81042725,2.20792655,1.17511488,1.81838249,1.36015799,2.20540175,1.14082089,1.06113553,0.80736702,2.20504107,0.70960945,SD 02 80 FFFFFFFF 91F6BF 9459F3 7FDBD5 61094B 5527E9 2EC947 7FEDB4 59BACF 524DF7 674C93 7FDCFF 4977F4 503B5E 4D7FF9 7FEA68 396D21 791491 4E7E58 7FED9F 4FF6C7 41E342 44B052 7FF09F 58DE49 738E79 6187E4 7FDDE0 572865 530B76 447FB0 7FDB32 3E387D 7CB7BE 000FFF 02 0DC9C6,2026-07-22T19:41:36.675+00:00,serial_request_midpoint,356.9646,True,matched,46.9928,46.9928,2026-07-22T19:41:36.721+00:00,174.719905,1784749296665.935,5243,False,,,,,,,,,,,,,,False,,,,,,,,,,,,,,True,0.2582851786102937,8.087649637610614,20.05640933550437,57.15911043112319,-0.09362513053114987,0.11129848703913885,3.1109948214536822,18.684649256622613,-47.621177305093504,-17.844224745968507,0.02204780008662776,0.01946924070276611,1.6352904184766162,False,,,,,,,,,,,,,,False,,,,,,,,,,,,,,False,,,,,,,,,,,,,,True,0.09694441253719822,-42.070213938636115,6.542420533686366,72.54968646588404,-0.08360385108595003,-0.01632114271227367,1.4790534917923566,4.884981308350689e-16,0.0,0.0,0.0,0.0,0.0,True,2,0.25828517861022754,7.592607317211369,20.45620400073577,62.17267399493154,3.0964998594063684,-0.05423076168317182,0.13122666326283078,18.834582268696998,-47.425528827143594,-12.7964565216295,2.2731578598196926,-2.1507437744873883,0.028323256963234948,True,5.964545383788965,-13.856419596231135,71.42278701942806,-15.827303543942836,-49.483706112138144,-5.0576650845122915
2026-07-22T19:41:37.410+00:00,281.000000,90363.400000,1.216726,4095,2,02,80,FFFFFFFF,32,2.93151110,3.04570639,2.20691554,1.34903754,1.10154175,0.49418571,2.20791918,1.19267916,1.04718384,1.49503227,2.20787812,0.88952172,1.00876567,0.95954061,2.20794971,0.63912703,1.98326470,0.97725178,2.20743599,1.00388871,0.76593643,0.81039108,2.20726337,1.17505771,1.81829496,1.36020440,2.20768441,1.14079757,1.06111013,0.80739256,2.20799604,0.70957680,SD 02 80 FFFFFFFF 91F65A 945A6B 7FE91E 610922 5527B5 2EC89A 7FF091 59BB24 524DCF 674CB1 7FF043 4977F7 503B13 4D803E 7FF0CB 396D49 791431 4E7E2B 7FECFB 4FF6CB 41E36F 44AFBF 7FEBB3 58DD90 738DB1 61886B 7FEED3 572818 530B1E 448018 7FF123 3E37EF 7C97BE 000FFF 02 0DC9D2,2026-07-22T19:41:37.232+00:00,serial_request_midpoint,356.2638,True,matched,23.1541,23.1541,2026-07-22T19:41:37.254+00:00,175.252965,1784749297199.32,5259,False,,,,,,,,,,,,,,False,,,,,,,,,,,,,,True,0.23547449948277505,8.09107726549789,20.067558653800425,57.18794154118954,-0.0931142062168931,0.11099340410375962,3.110605944167626,18.393999108675434,-47.68503177273788,-17.662687000787322,0.025484789996318407,0.026918004000386745,1.631177436718924,False,,,,,,,,,,,,,,False,,,,,,,,,,,,,,False,,,,,,,,,,,,,,True,0.10367837643568402,-41.99913896240504,6.537536433513106,72.42213687357304,-0.07598126238028571,-0.019488310060192006,1.4829355145916752,-2.6645352591003756e-16,0.0,0.0,0.0,0.0,0.0,True,2,0.23547449948260785,7.59772119091259,20.466539900646374,62.20173600977442,3.096689146408682,-0.05488738689765968,0.13074593398631196,18.579080501265498,-47.47589680230723,-12.616626292954198,2.2640578662622355,-2.1505897282922306,0.02351910512993951,True,5.958054364943026,-13.847280569365967,71.44535717162034,-16.037270962676743,-49.37301817998943,-4.636622750642073
2026-07-22T19:41:37.967+00:00,281.500000,90363.900000,1.219167,4095,2,02,80,FFFFFFFF,32,2.93160877,3.04541959,2.20747757,1.34902251,1.10156837,0.49419123,2.20810185,1.19264481,1.04716753,1.49502968,2.20781495,0.88951265,1.00877461,0.95950322,2.20791760,0.63913163,1.98325426,0.97725671,2.20777284,1.00382408,0.76591804,0.81038518,2.20780548,1.17506420,1.81828620,1.36011846,2.20717549,1.14069189,1.06103770,0.80735499,2.20531289,0.70957634,SD 02 80 FFFFFFFF 91F6E3 9458EA 7FED4A 6108F6 55280F 2EC8B6 7FF1EC 59BAB6 524D96 674CAA 7FEFCB 4977D4 503B33 4D7FB4 7FF08E 396D5E 79141B 4E7E3D 7FEF7B 4FF5E3 41E322 44AFA7 7FEFB9 58DDA5 738D9D 618771 7FEB0C 5726BB 530A23 447F7F 7FDD37 3E37ED 7CD7BE 000FFF 02 0DC9D7,2026-07-22T19:41:37.789+00:00,serial_request_midpoint,356.5249,True,matched,86.91015,86.91015,2026-07-22T19:41:37.875+00:00,175.873274,1784749297799.305,5277,False,,,,,,,,,,,,,,False,,,,,,,,,,,,,,True,0.29085993999575444,8.092455525501268,20.06523964770158,57.189693849988984,-0.09202283399970276,0.11134899064983396,3.1107633201721745,18.640207520584678,-47.65900011508619,-17.497198839023337,0.019915471088147854,0.021924048932592675,1.6338483985649772,False,,,,,,,,,,,,,,False,,,,,,,,,,,,,,False,,,,,,,,,,,,,,True,0.11512722448298456,-42.0040145419262,6.529733024731845,72.42528845064214,-0.08043951975359438,-0.013354915936641149,1.4801768094467278,1.7763568394002506e-16,0.0,0.0,0.0,0.0,0.0,True,2,0.2908599399956655,7.602622392808938,20.465266400109968,62.20375043458398,3.0965120305595337,-0.05468260986398097,0.12964521343306115,18.791009874923837,-47.448833535909024,-12.450040233137372,2.270031890173159,-2.150786857380767,0.03129437934385773,True,5.9731576279118155,-13.84670260688886,71.45604432176997,-15.872815012620146,-49.43580531811419,-4.701330531867404
2026-07-22T19:41:38.523+00:00,282.700000,90365.100000,1.217947,4095,2,02,80,FFFFFFFF,32,2.93151252,3.04537936,2.20707445,1.34894325,1.10151128,0.49419991,2.20749809,1.19264481,1.04715751,1.49500895,2.20769389,0.88950384,1.00875980,0.95952652,2.20791918,0.63912506,1.98320305,0.97726246,2.20756020,1.00384776,0.76591757,0.81039551,2.20771810,1.17507779,1.81835623,1.36012534,2.20529080,1.14066040,1.06099614,0.80739379,2.20716865,0.70956439,SD 02 80 FFFFFFFF 91F65C 9458B4 7FEA4C 61080E 55274E 2EC8E2 7FED71 59BAB6 524D73 674C72 7FEEE5 4977B2 503AFE 4D800A 7FF091 396D40 7913AF 4E7E52 7FEDE7 4FF638 41E320 44AFD1 7FEF13 58DDD1 738E3D 618785 7FDD0D 572653 530993 44801D 7FEAFF 3E37B9 7CB7BE 000FFF 02 0DC9E3,2026-07-22T19:41:38.345+00:00,serial_request_midpoint,357.0046,True,matched,58.8139,58.8139,2026-07-22T19:41:38.404+00:00,176.402109,1784749298332.635,5293,False,,,,,,,,,,,,,,False,,,,,,,,,,,,,,True,0.23394300624912603,8.08489452019572,20.055409118060666,57.157597039668715,-0.09518163665368262,0.11029854670940892,3.1110976298706006,18.597963113515224,-47.631069442758026,-17.731961299598616,0.02089423377500233,0.021798681120161884,1.634018552056138,False,,,,,,,,,,,,,,False,,,,,,,,,,,,,,False,,,,,,,,,,,,,,True,0.09672425306386861,-42.03085058713577,6.533476395768373,72.4740877458897,-0.08154739915013867,-0.016446381117234784,1.4804314896030006,6.661338147750939e-16,0.0,0.0,0.0,0.0,0.0,True,2,0.23394300624904882,7.584766753070831,20.451977879716388,62.17091207508123,3.0970876166945986,-0.054053515144686655,0.13279179658631143,18.751556467166726,-47.42431815872836,-12.68474571090718,2.2703051651336206,-2.1506798966587555,0.029928888321505705,True,5.953260051164501,-13.866710806132115,71.3978892343462,-15.907597649440731,-49.422286598489066,-4.917991384477057
2026-07-22T19:41:39.081+00:00,283.200000,90365.600000,1.219167,4095,2,02,80,FFFFFFFF,32,2.93151965,3.04555516,2.20750493,1.34892412,1.10150418,0.49421096,2.20524559,1.19260516,1.04710286,1.49503042,2.20468518,0.88949478,1.00874443,0.95947098,2.20661249,0.63911849,1.98322202,0.97719781,2.20756546,1.00383411,0.76589201,0.81039083,2.20728810,1.17511828,1.81833610,1.36010540,2.20740336,1.14060014,1.06098085,0.80737783,2.20737125,0.70956255,SD 02 80 FFFFFFFF 91F666 9459A0 7FED7E 6107D6 552736 2EC91A 7FDCB7 59BA37 524CB4 674CAC 7FD88D 49778F 503AC7 4D7F3D 7FE6DE 396D22 7913D7 4E7D66 7FEDF1 4FF607 41E2B5 44AFBE 7FEBE2 58DE54 738E0F 61874B 7FECBD 57258C 53095E 447FDC 7FEC80 3E37B1 7CD7BE 000FFF 02 0DC9E8,2026-07-22T19:41:38.902+00:00,serial_request_midpoint,356.8083,True,matched,40.73615,40.73615,2026-07-22T19:41:38.942+00:00,176.941128,1784749298865.999,5309,False,,,,,,,,,,,,,,False,,,,,,,,,,,,,,True,0.25057471241767487,8.086529104170722,20.060734950872924,57.15887553601679,-0.09594277101327764,0.11026380392733537,3.1107014025173108,18.53029055681974,-47.654018879141354,-17.743920887580042,0.021826985274088846,0.024110427871547567,1.6328923492017249,False,,,,,,,,,,,,,,False,,,,,,,,,,,,,,False,,,,,,,,,,,,,,True,0.07459676898952464,-42.03068628835431,6.535554101274258,72.47090075162183,-0.07966338463114794,-0.017749398399072133,1.481237609711402,-5.10702591327572e-16,0.0,0.0,0.0,0.0,0.0,True,2,0.2505747124175424,7.583988647329941,20.457391714833808,62.1719422592942,3.0970558579097527,-0.054621630369648996,0.1335692491761953,18.69432118478884,-47.442648607380406,-12.697225133674056,2.267643925668754,-2.150465890586892,0.02862312048772711,True,5.935583017379554,-13.860879992564373,71.39746666869719,-15.951219199541034,-49.395174691087334,-4.858507885146662
2026-07-22T19:41:39.640+00:00,284.400000,90366.800000,1.220388,4095,2,02,80,FFFFFFFF,32,2.93146261,3.04560284,2.20738599,1.34887459,1.10151720,0.49419952,2.20559841,1.19262733,1.04712118,1.49503227,2.20479767,0.88948908,1.00872180,0.95947016,2.20723758,0.63913381,1.98310062,0.97719561,2.20714970,1.00383355,0.76589464,0.81039551,2.20551480,1.17507996,1.81838555,1.36001259,2.20464471,1.14057380,1.06089111,0.80737660,2.20707445,0.70955451,SD 02 80 FFFFFFFF 91F616 9459E0 7FEC9C 610745 552762 2EC8E0 7FDF56 59BA7E 524CF4 674CB1 7FD963 497779 503A76 4D7F3A 7FEB82 396D68 7912D7 4E7D5E 7FEADB 4FF605 41E2C0 44AFD1 7FDEB7 58DDD8 738E80 61863D 7FD840 572535 530827 447FD7 7FEA4C 3E378E 7CF7BD 000FFF 02 0DC9F4,2026-07-22T19:41:39.461+00:00,serial_request_midpoint,359.3573,True,matched,26.25625,26.25625,2026-07-22T19:41:39.488+00:00,177.485053,1784749299432.69,5326,False,,,,,,,,,,,,,,False,,,,,,,,,,,,,,True,0.2595717352893394,8.097105577563067,20.07943981691693,57.23806542316906,-0.0829622554826727,0.11057460767025724,3.1101656769051154,18.614299794967078,-47.61787909140982,-17.920402869128782,0.031806703855281095,0.01547175608375711,1.6336795171456102,False,,,,,,,,,,,,,,False,,,,,,,,,,,,,,False,,,,,,,,,,,,,,True,0.07738883402438754,-42.07454831648049,6.539485199637541,72.5537495251357,-0.08217636220418299,-0.020621220535847036,1.4797826873464401,8.0629947163402e-16,0.0,0.0,0.0,0.0,0.0,True,2,0.25957173528927013,7.636608254428244,20.4770213800033,62.25509572167025,3.0972894311532007,-0.05619654889444313,0.12068644355864483,18.784317817039792,-47.46559850887397,-12.871776680119297,2.2739804647064155,-2.155089746567969,0.014685861654846906,True,6.023754154089049,-13.838659030309714,71.49652928797516,-15.850448513350774,-49.53230094342387,-5.01474053291862
2026-07-22T19:41:40.196+00:00,285.600000,90368.000000,1.217947,4095,2,02,80,FFFFFFFF,32,2.93144479,3.04530040,2.20742915,1.34887698,1.10150980,0.49423403,2.20800604,1.19254989,1.04714979,1.49500673,2.20534759,0.88946109,1.00875170,0.95947396,2.20722337,0.63913250,1.98315420,0.97717096,2.20507261,1.00378564,0.76587123,0.81038296,2.20710234,1.17511395,1.81832516,1.36000159,2.20745336,1.14047691,1.06086283,0.80736997,2.20787128,0.70954048,SD 02 80 FFFFFFFF 91F5FD 94584A 7FECEE 61074C 552749 2EC98F 7FF136 59B986 524D58 674C6C 7FDD79 49770D 503AE1 4D7F48 7FEB67 396D62 791348 4E7D04 7FDB6E 4FF559 41E25E 44AF9E 7FEA81 58DE46 738DF6 61861D 7FED1C 5723F5 5307C5 447FBC 7FF036 3E3751 7CB7BF 000FFF 02 0DCA00,2026-07-22T19:41:40.018+00:00,serial_request_midpoint,355.0761,True,matched,84.77675,84.77675,2026-07-22T19:41:40.104+00:00,178.101111,1784749300032.706,5344,False,,,,,,,,,,,,,,False,,,,,,,,,,,,,,True,0.29353859910181124,8.08670692277544,20.05540399911853,57.15210682948591,-0.09991880620984747,0.11198274771161364,3.11080463665628,18.77157078667865,-47.57066120031986,-17.81584787243321,0.018859356140998696,0.02235402882080034,1.6367976430034947,False,,,,,,,,,,,,,,False,,,,,,,,,,,,,,False,,,,,,,,,,,,,,True,0.07048362728505513,-42.05295428701655,6.533328720603974,72.51153280111829,-0.08411522127552347,-0.016217748154925028,1.4774825448578377,7.105427357601002e-16,0.0,0.0,0.0,0.0,0.0,True,2,0.2935385991017804,7.571385024836069,20.45761979301026,62.16343291006301,3.0958099978160987,-0.05407485021316103,0.13747125179074923,18.919562345296832,-47.355587750656596,-12.768812584360443,2.2729678996657716,-2.1472028509861336,0.03276614642008037,True,5.911462995002297,-13.85064664459403,71.42403913392202,-15.741588430551891,-49.438273027788554,-5.033286509008633
2026-07-22T19:41:40.751+00:00,286.100000,90368.500000,1.219168,4095,2,02,80,FFFFFFFF,32,2.93147545,3.04534957,2.20721759,1.34880593,1.10145065,0.49420760,2.20789707,1.19258298,1.04711975,1.49500229,2.20755493,0.88944270,1.00874807,0.95947314,2.20793655,0.63913097,1.98311010,0.97714822,2.20794497,1.00379511,0.76589081,0.81034507,2.20756599,1.17509325,1.81842363,1.35995243,2.20794234,1.14048206,1.06083513,0.80735106,2.20775337,0.70953910,SD 02 80 FFFFFFFF 91F628 94588C 7FEB5C 61067C 552681 2EC909 7FF067 59B9F0 524CEF 674C60 7FEDDD 4976C6 503AD4 4D7F45 7FF0B2 396D5B 7912EB 4E7CB1 7FF0C2 4FF57B 41E2B0 44AF04 7FEDF2 58DE03 738ED7 61858E 7FF0BD 572406 530765 447F6F 7FEF56 3E374B 7CD7BF 000FFF 02 0DCA05,2026-07-22T19:41:40.574+00:00,serial_request_midpoint,355.8754,True,matched,61.2865,61.2865,2026-07-22T19:41:40.635+00:00,178.633288,1784749300566.023,5360,False,,,,,,,,,,,,,,False,,,,,,,,,,,,,,True,0.24927245476182328,8.08515350341459,20.05069441393538,57.1438063638612,-0.09420690428535794,0.11246125532944512,3.1100764420882645,18.560809251982825,-47.642567505638404,-17.92319594520213,0.025111773124352647,0.022857471694332516,1.63315312411782,False,,,,,,,,,,,,,,False,,,,,,,,,,,,,,False,,,,,,,,,,,,,,True,0.12603423474106426,-42.07248687101205,6.541832793516183,72.54772149274854,-0.08124563574904431,-0.01901155373494521,1.4804575531411637,-8.555656183517612e-16,0.0,0.0,0.0,0.0,0.0,True,2,0.2492724547614775,7.588398137719041,20.45466134477515,62.156865869832245,3.0956755481352167,-0.055523610978451855,0.13182347900213598,18.731706808580697,-47.445421671423276,-12.876152421497727,2.2687392258246217,-2.1509801784089517,0.02404248361513506,True,5.926790889188221,-13.8496219842968,71.4319141911368,-15.902614536941158,-49.4281148213871,-4.995541560633944
2026-07-22T19:41:41.310+00:00,287.300000,90369.700000,1.219778,4095,2,02,80,FFFFFFFF,32,2.93137706,3.04535999,2.20512624,1.34876358,1.10141901,0.49420563,2.20721390,1.19256331,1.04711459,1.49498526,2.20737073,0.88943259,1.00872264,0.95947694,2.20751125,0.63912747,1.98320210,0.97714192,2.20749756,1.00378536,0.76587195,0.81034999,2.20737810,1.17505060,1.81836980,1.35996653,2.20758599,1.14042756,1.06077021,0.80733756,2.20758388,0.70951910,SD 02 80 FFFFFFFF 91F59E 94589A 7FDBD4 610600 552616 2EC8FF 7FEB55 59B9B1 524CDD 674C32 7FEC7F 49769F 503A79 4D7F53 7FED8A 396D4B 7913AD 4E7C9A 7FED70 4FF558 41E261 44AF18 7FEC8D 58DD79 738E5C 6185B7 7FEE18 572352 530684 447F38 7FEE14 3E36F4 7CE7BF 000FFF 02 0DCA11,2026-07-22T19:41:41.131+00:00,serial_request_midpoint,356.6799,True,matched,31.79685,31.79685,2026-07-22T19:41:41.162+00:00,179.160253,1784749301099.324,5376,False,,,,,,,,,,,,,,False,,,,,,,,,,,,,,True,0.2713526827450594,8.087622627831516,20.075940364435326,57.19919816193707,-0.08929701986056283,0.11243400082889819,3.1107171095273896,18.543527575645605,-47.64674548820193,-18.003451762891803,0.029711250373401006,0.019581905766672052,1.6329858417867373,False,,,,,,,,,,,,,,False,,,,,,,,,,,,,,False,,,,,,,,,,,,,,True,0.10561761994926312,-42.09402427512391,6.536007169094387,72.58333184303207,-0.08211316260293633,-0.020950879298913604,1.4812331436712405,8.215650382226159e-16,0.0,0.0,0.0,0.0,0.0,True,2,0.27135268274500696,7.606653100365159,20.479411317167582,62.21383700533876,3.0959140294103995,-0.05483212184680929,0.12691418767301912,18.719470540218587,-47.47456544764371,-12.955667958819607,2.270638488344402,-2.1532540570082497,0.017620249208088884,True,5.987633286136879,-13.826070696964075,71.49198301364098,-15.907483575683703,-49.488326664416874,-5.050598120471181
2026-07-22T19:41:41.865+00:00,287.800000,90370.200000,1.217947,4095,2,02,80,FFFFFFFF,32,2.93134926,3.04527880,2.20762336,1.34868262,1.10141014,0.49421017,2.20568465,1.19253989,1.04708770,1.49500895,2.20743546,0.88942093,1.00873521,0.95945310,2.20769704,0.63911827,1.98311911,0.97712603,2.20780969,1.00378647,0.76588222,0.81034606,2.20792234,1.17509634,1.81834222,1.35994315,2.20747967,1.14034643,1.06065798,0.80734247,2.20530763,0.70951037,SD 02 80 FFFFFFFF 91F577 94582D 7FEE5F 610513 5525F8 2EC916 7FDFFA 59B966 524C7F 674C72 7FECFA 497672 503AA6 4D7EFB 7FEEEB 396D21 7912FE 4E7C60 7FEFC1 4FF55C 41E28C 44AF08 7FF097 58DE0D 738E1D 618573 7FED4E 572246 5304FF 447F4C 7FDD2D 3E36CE 7CB7BF 000FFF 02 0DCA16,2026-07-22T19:41:41.688+00:00,serial_request_midpoint,354.4914,True,matched,90.5505,90.5505,2026-07-22T19:41:41.778+00:00,179.776255,1784749301699.281,5394,False,,,,,,,,,,,,,,False,,,,,,,,,,,,,,True,0.2581694497943166,8.08354129467053,20.044264451936805,57.12713106161033,-0.09837593045210295,0.1114502308416321,3.1107963944629393,18.425354932438047,-47.65403503559442,-18.042890694727692,0.0261273420424163,0.0270544648466161,1.6327515162073594,False,,,,,,,,,,,,,,False,,,,,,,,,,,,,,False,,,,,,,,,,,,,,True,0.07073680986936445,-42.07429909515027,6.54438844335196,72.55084849172313,-0.07861642879825366,-0.022668372786181078,1.4817478434383002,5.329070518200751e-16,0.0,0.0,0.0,0.0,0.0,True,2,0.2581694497943252,7.573180862267238,20.4447414919343,62.13910408120679,3.0962099832842793,-0.05422835190344559,0.1359525522982576,18.61260737266007,-47.44627657471638,-12.996853028869918,2.2656954123256563,-2.14874422736825,0.022625274770050004,True,5.918901635147533,-13.866664694239262,71.38908140541034,-15.996758931779715,-49.40048943783749,-5.000345614825369
2026-07-22T19:41:42.421+00:00,289.000000,90371.400000,1.216116,4095,2,02,80,FFFFFFFF,32,2.93129294,3.04513058,2.20711076,1.34864232,1.10139594,0.49418768,2.20804341,1.19247870,1.04705966,1.49496119,2.20772705,0.88942352,1.00871482,0.95945635,2.20539386,0.63912155,1.98310346,0.97708713,2.20478506,1.00377533,0.76587171,0.81033548,2.20731073,1.17507378,1.81835579,1.35990672,2.20758599,1.14025500,1.06073588,0.80735327,2.20502582,0.70948715,SD 02 80 FFFFFFFF 91F528 945766 7FEA91 61049D 5525C8 2EC8A4 7FF17D 59B8A2 524C1D 674BF1 7FEF24 49767C 503A5D 4D7F07 7FDDD1 396D30 7912DD 4E7BD2 7FD94B 4FF534 41E260 44AEDD 7FEC0D 58DDC4 738E3C 618509 7FEE18 572118 53060D 447F78 7FDB15 3E3669 7C87BF 000FFF 02 0DCA22,2026-07-22T19:41:42.243+00:00,serial_request_midpoint,356.8891,True,matched,66.60765,66.60765,2026-07-22T19:41:42.310+00:00,180.308147,1784749302232.573,5410,False,,,,,,,,,,,,,,False,,,,,,,,,,,,,,True,0.2540972031869636,8.089894476721797,20.06471364314894,57.1867549269197,-0.08997489052435746,0.11073063428959955,3.1102547034891526,18.53277186968101,-47.62897150656122,-18.104224328477347,0.029874006575432377,0.018274947411557996,1.632739772262285,False,,,,,,,,,,,,,,False,,,,,,,,,,,,,,False,,,,,,,,,,,,,,True,0.07265493590496573,-42.103152277496534,6.543680145159139,72.60055423654427,-0.08286641156079763,-0.022254675290840988,1.4809730232952756,7.993605777301127e-16,0.0,0.0,0.0,0.0,0.0,True,2,0.25409720318673235,7.606718001006965,20.462935922368274,62.201600923898624,3.0969495611291795,-0.0556408066333984,0.12764980981584786,18.70527159039428,-47.46161207357668,-13.056159795380381,2.2711871551078158,-2.1543635117452697,0.017390461413386765,True,5.967659293264659,-13.851900365423495,71.44155827373375,-15.927675185080778,-49.47357375151954,-5.176926166038664
2026-07-22T19:41:42.980+00:00,289.500000,90371.900000,1.217947,4095,2,02,80,FFFFFFFF,32,2.93126300,3.04511717,2.20689713,1.34873318,1.10135690,0.49419873,2.20764336,1.19244185,1.04703019,1.49498711,2.20538492,0.88940072,1.00870420,0.95942302,2.20705498,0.63911192,1.98311200,0.97707726,2.20742757,1.00372268,0.76585976,0.81035221,2.20764809,1.17506791,1.81844639,1.35987991,2.20741073,1.14023805,1.06065625,0.80733756,2.20785443,0.70949611,SD 02 80 FFFFFFFF 91F4FE 945754 7FE8FB 6105A7 552544 2EC8DC 7FEE85 59B82C 524BB6 674C37 7FDDC0 497624 503A37 4D7E8C 7FEA27 396D04 7912EF 4E7BAE 7FECEB 4FF477 41E22E 44AF21 7FEE8E 58DDB1 738F0B 6184BB 7FECCB 5720E0 5304F9 447F38 7FF016 3E3690 7CB7BF 000FFF 02 0DCA27,2026-07-22T19:41:42.802+00:00,serial_request_midpoint,358.2134,True,matched,43.1487,43.1487,2026-07-22T19:41:42.844+00:00,180.842474,1784749302765.891,5426,False,,,,,,,,,,,,,,False,,,,,,,,,,,,,,True,0.2374891972003677,8.09626169179547,20.06907321681793,57.19658884746904,-0.0936457372507237,0.11170128814659916,3.11108706989562,18.533515763717602,-47.66877119319569,-17.738334767236655,0.025516944672912257,0.02677346463730856,1.634266974343675,False,,,,,,,,,,,,,,False,,,,,,,,,,,,,,False,,,,,,,,,,,,,,True,0.09778068821221048,-42.03835797455889,6.535596969192161,72.4876452371601,-0.07671602324616163,-0.019583496958161514,1.480364915340137,-2.6645352591003756e-16,0.0,-1.1368683772161604e-14,0.0,0.0,0.0,True,2,0.23748919720007933,7.601158903806879,20.470119796806465,62.2100463066303,3.096247405441342,-0.054055303183991064,0.1312328304257736,18.71755306226005,-47.459901346329374,-12.69222493047829,2.2675168497782754,-2.1472303155909467,0.023477586269681504,True,5.976477633053681,-13.840263774208049,71.46905838732603,-15.893407166615038,-49.46517350535122,-4.715281259144831
2026-07-22T19:41:43.536+00:00,290.700000,90373.100000,1.217336,4095,2,02,80,FFFFFFFF,32,2.93116747,3.04513058,2.20764125,1.34870483,1.10136134,0.49419005,2.20788707,1.19248119,1.04701302,1.49498526,2.20502635,0.88943207,1.00866676,0.95939241,2.20497641,0.63908302,1.98303328,0.97710466,2.20666458,1.00371683,0.76585308,0.81032613,2.20529238,1.17503669,1.81836236,1.35985963,2.20479347,1.14021050,1.06058672,0.80731128,2.20504002,0.70947611,SD 02 80 FFFFFFFF 91F478 945766 7FEE81 610554 552553 2EC8B0 7FF054 59B8AA 524B7A 674C32 7FDB16 49769D 5039B1 4D7E1B 7FDAB7 396C80 791249 4E7C12 7FE741 4FF462 41E212 44AEB7 7FDD10 58DD4C 738E4B 618480 7FD95B 572085 530408 447ECD 7FDB30 3E3639 7CA7BE 000FFF 02 0DCA33,2026-07-22T19:41:43.359+00:00,serial_request_midpoint,354.04,True,matched,-239.8915,239.8915,2026-07-22T19:41:43.119+00:00,181.116855,1784749303065.882,5435,False,,,,,,,,,,,,,,False,,,,,,,,,,,,,,True,0.27453693790511036,8.083838393535306,20.04894430702785,57.13259231978901,-0.09852438747501188,0.11073233089822838,3.1098904587650718,18.58702698262008,-47.632700291327296,-17.789595752752952,0.019224920885483936,0.022806256262295585,1.6325412026649462,False,,,,,,,,,,,,,,False,,,,,,,,,,,,,,False,,,,,,,,,,,,,,True,0.13335566904891907,-42.03779311513915,6.534512389368659,72.4950013429218,-0.08241915833140523,-0.016272851300526935,1.4807652453686777,2.6645352591003756e-16,0.0,1.1368683772161604e-14,0.0,0.0,0.0,True,2,0.27453693790507727,7.573074644857366,20.447541525050156,62.14467410847011,3.0966052397905277,-0.05567610462243916,0.13616513050272402,18.738574296228624,-47.41761420158458,-12.74266652882435,2.2680485477442485,-2.151683428569092,0.032255766412995726,True,5.886274873995033,-13.866669903097426,71.37835784409552,-15.927062798610214,-49.351925563366215,-4.988741129598202
