session,source,encounter,distance_bin,distance_bin_start_cm,distance_bin_stop_cm,channel,exit_minus_entry_kohm
mint-only-horizontal-run01,mint,0,0,0.0,1.0,S1,-0.0001119375228881836
mint-only-horizontal-run01,mint,0,0,0.0,1.0,S2,-0.0001308917999267578
mint-only-horizontal-run01,mint,0,0,0.0,1.0,S3,-0.0015056133270263672
mint-only-horizontal-run01,mint,0,0,0.0,1.0,S4,-6.288290023803711e-05
mint-only-horizontal-run01,mint,0,0,0.0,1.0,S5,-2.4378299713134766e-05
mint-only-horizontal-run01,mint,0,0,0.0,1.0,S6,-6.154179573059082e-06
mint-only-horizontal-run01,mint,0,0,0.0,1.0,S7,-0.001466512680053711
mint-only-horizontal-run01,mint,0,0,0.0,1.0,S8,-3.4749507904052734e-05
mint-only-horizontal-run01,mint,0,0,0.0,1.0,S9,-1.7881393432617188e-07
mint-only-horizontal-run01,mint,0,0,0.0,1.0,S10,-5.543231964111328e-06
mint-only-horizontal-run01,mint,0,0,0.0,1.0,S11,-0.0012596845626831055
mint-only-horizontal-run01,mint,0,0,0.0,1.0,S12,-1.1146068572998047e-05
mint-only-horizontal-run01,mint,0,0,0.0,1.0,S13,-1.2576580047607422e-05
mint-only-horizontal-run01,mint,0,0,0.0,1.0,S14,-1.5437602996826172e-05
mint-only-horizontal-run01,mint,0,0,0.0,1.0,S15,-0.0015938282012939453
mint-only-horizontal-run01,mint,0,0,0.0,1.0,S16,-5.155801773071289e-06
mint-only-horizontal-run01,mint,0,0,0.0,1.0,S17,-7.838010787963867e-05
mint-only-horizontal-run01,mint,0,0,0.0,1.0,S18,-3.2335519790649414e-05
mint-only-horizontal-run01,mint,0,0,0.0,1.0,S19,-0.001457810401916504
mint-only-horizontal-run01,mint,0,0,0.0,1.0,S20,-4.26173210144043e-05
mint-only-horizontal-run01,mint,0,0,0.0,1.0,S21,-2.0295381546020508e-05
mint-only-horizontal-run01,mint,0,0,0.0,1.0,S22,-1.6510486602783203e-05
mint-only-horizontal-run01,mint,0,0,0.0,1.0,S23,0.0010074377059936523
mint-only-horizontal-run01,mint,0,0,0.0,1.0,S24,-6.973743438720703e-06
mint-only-horizontal-run01,mint,0,0,0.0,1.0,S25,-3.7550926208496094e-06
mint-only-horizontal-run01,mint,0,0,0.0,1.0,S26,7.37309455871582e-05
mint-only-horizontal-run01,mint,0,0,0.0,1.0,S27,0.001454472541809082
mint-only-horizontal-run01,mint,0,0,0.0,1.0,S28,2.0325183868408203e-05
mint-only-horizontal-run01,mint,0,0,0.0,1.0,S29,3.0159950256347656e-05
mint-only-horizontal-run01,mint,0,0,0.0,1.0,S30,9.208917617797852e-06
mint-only-horizontal-run01,mint,0,0,0.0,1.0,S31,0.0002663135528564453
mint-only-horizontal-run01,mint,0,0,0.0,1.0,S32,0.00012180209159851074
mint-only-horizontal-run01,mint,0,6,6.0,7.0,S1,0.0487363338470459
mint-only-horizontal-run01,mint,0,6,6.0,7.0,S2,0.042343854904174805
mint-only-horizontal-run01,mint,0,6,6.0,7.0,S3,-0.002221822738647461
mint-only-horizontal-run01,mint,0,6,6.0,7.0,S4,0.01724398136138916
mint-only-horizontal-run01,mint,0,6,6.0,7.0,S5,0.0017538070678710938
mint-only-horizontal-run01,mint,0,6,6.0,7.0,S6,9.59634780883789e-06
mint-only-horizontal-run01,mint,0,6,6.0,7.0,S7,-0.0028934478759765625
mint-only-horizontal-run01,mint,0,6,6.0,7.0,S8,0.0017129182815551758
mint-only-horizontal-run01,mint,0,6,6.0,7.0,S9,0.005682945251464844
mint-only-horizontal-run01,mint,0,6,6.0,7.0,S10,0.0001500844955444336
mint-only-horizontal-run01,mint,0,6,6.0,7.0,S11,-0.003045320510864258
mint-only-horizontal-run01,mint,0,6,6.0,7.0,S12,0.002238750457763672
mint-only-horizontal-run01,mint,0,6,6.0,7.0,S13,0.0025017261505126953
mint-only-horizontal-run01,mint,0,6,6.0,7.0,S14,0.0022211670875549316
mint-only-horizontal-run01,mint,0,6,6.0,7.0,S15,-0.0004711151123046875
mint-only-horizontal-run01,mint,0,6,6.0,7.0,S16,0.0006744265556335449
mint-only-horizontal-run01,mint,0,6,6.0,7.0,S17,0.007362008094787598
mint-only-horizontal-run01,mint,0,6,6.0,7.0,S18,0.0031572580337524414
mint-only-horizontal-run01,mint,0,6,6.0,7.0,S19,-0.002156972885131836
mint-only-horizontal-run01,mint,0,6,6.0,7.0,S20,0.004686236381530762
mint-only-horizontal-run01,mint,0,6,6.0,7.0,S21,0.0015503168106079102
mint-only-horizontal-run01,mint,0,6,6.0,7.0,S22,0.0018939375877380371
mint-only-horizontal-run01,mint,0,6,6.0,7.0,S23,0.00010848045349121094
mint-only-horizontal-run01,mint,0,6,6.0,7.0,S24,0.004734396934509277
mint-only-horizontal-run01,mint,0,6,6.0,7.0,S25,0.0026816129684448242
mint-only-horizontal-run01,mint,0,6,6.0,7.0,S26,0.012145519256591797
mint-only-horizontal-run01,mint,0,6,6.0,7.0,S27,-0.00018668174743652344
mint-only-horizontal-run01,mint,0,6,6.0,7.0,S28,0.005743145942687988
mint-only-horizontal-run01,mint,0,6,6.0,7.0,S29,0.00806736946105957
mint-only-horizontal-run01,mint,0,6,6.0,7.0,S30,0.0005584955215454102
mint-only-horizontal-run01,mint,0,6,6.0,7.0,S31,-0.0021512508392333984
mint-only-horizontal-run01,mint,0,6,6.0,7.0,S32,0.0016818046569824219
mint-only-horizontal-run01,mint,1,0,0.0,1.0,S1,0.0053064823150634766
mint-only-horizontal-run01,mint,1,0,0.0,1.0,S2,0.004827141761779785
mint-only-horizontal-run01,mint,1,0,0.0,1.0,S3,-0.001479506492614746
mint-only-horizontal-run01,mint,1,0,0.0,1.0,S4,0.0021902918815612793
mint-only-horizontal-run01,mint,1,0,0.0,1.0,S5,0.00027823448181152344
mint-only-horizontal-run01,mint,1,0,0.0,1.0,S6,-1.952052116394043e-06
mint-only-horizontal-run01,mint,1,0,0.0,1.0,S7,-0.001784682273864746
mint-only-horizontal-run01,mint,1,0,0.0,1.0,S8,0.00030308961868286133
mint-only-horizontal-run01,mint,1,0,0.0,1.0,S9,0.0007097721099853516
mint-only-horizontal-run01,mint,1,0,0.0,1.0,S10,5.3048133850097656e-05
mint-only-horizontal-run01,mint,1,0,0.0,1.0,S11,-0.001230001449584961
mint-only-horizontal-run01,mint,1,0,0.0,1.0,S12,0.00032010674476623535
mint-only-horizontal-run01,mint,1,0,0.0,1.0,S13,0.0003056526184082031
mint-only-horizontal-run01,mint,1,0,0.0,1.0,S14,0.00027310848236083984
mint-only-horizontal-run01,mint,1,0,0.0,1.0,S15,-0.0015338659286499023
mint-only-horizontal-run01,mint,1,0,0.0,1.0,S16,8.958578109741211e-05
mint-only-horizontal-run01,mint,1,0,0.0,1.0,S17,0.0007474422454833984
mint-only-horizontal-run01,mint,1,0,0.0,1.0,S18,0.00036644935607910156
mint-only-horizontal-run01,mint,1,0,0.0,1.0,S19,-0.0001577138900756836
mint-only-horizontal-run01,mint,1,0,0.0,1.0,S20,0.0003853440284729004
mint-only-horizontal-run01,mint,1,0,0.0,1.0,S21,0.00013843178749084473
mint-only-horizontal-run01,mint,1,0,0.0,1.0,S22,8.559226989746094e-05
mint-only-horizontal-run01,mint,1,0,0.0,1.0,S23,0.0013971328735351562
mint-only-horizontal-run01,mint,1,0,0.0,1.0,S24,-1.8894672393798828e-05
mint-only-horizontal-run01,mint,1,0,0.0,1.0,S25,2.9325485229492188e-05
mint-only-horizontal-run01,mint,1,0,0.0,1.0,S26,0.0004086494445800781
mint-only-horizontal-run01,mint,1,0,0.0,1.0,S27,0.00031757354736328125
mint-only-horizontal-run01,mint,1,0,0.0,1.0,S28,0.0003616213798522949
mint-only-horizontal-run01,mint,1,0,0.0,1.0,S29,0.00044840574264526367
mint-only-horizontal-run01,mint,1,0,0.0,1.0,S30,2.6404857635498047e-05
mint-only-horizontal-run01,mint,1,0,0.0,1.0,S31,0.0012458562850952148
mint-only-horizontal-run01,mint,1,0,0.0,1.0,S32,2.658367156982422e-05
mint-only-horizontal-run01,mint,1,2,2.0,3.0,S1,0.020020723342895508
mint-only-horizontal-run01,mint,1,2,2.0,3.0,S2,0.020169496536254883
mint-only-horizontal-run01,mint,1,2,2.0,3.0,S3,0.0022270679473876953
mint-only-horizontal-run01,mint,1,2,2.0,3.0,S4,0.013116240501403809
mint-only-horizontal-run01,mint,1,2,2.0,3.0,S5,0.0029288530349731445
mint-only-horizontal-run01,mint,1,2,2.0,3.0,S6,5.5342912673950195e-05
mint-only-horizontal-run01,mint,1,2,2.0,3.0,S7,0.00019311904907226562
mint-only-horizontal-run01,mint,1,2,2.0,3.0,S8,0.002460479736328125
mint-only-horizontal-run01,mint,1,2,2.0,3.0,S9,0.00393831729888916
mint-only-horizontal-run01,mint,1,2,2.0,3.0,S10,0.00032198429107666016
mint-only-horizontal-run01,mint,1,2,2.0,3.0,S11,0.0006003379821777344
mint-only-horizontal-run01,mint,1,2,2.0,3.0,S12,0.0021506547927856445
mint-only-horizontal-run01,mint,1,2,2.0,3.0,S13,0.0022275447845458984
mint-only-horizontal-run01,mint,1,2,2.0,3.0,S14,0.0018041729927062988
mint-only-horizontal-run01,mint,1,2,2.0,3.0,S15,0.0002956390380859375
mint-only-horizontal-run01,mint,1,2,2.0,3.0,S16,0.0007106661796569824
mint-only-horizontal-run01,mint,1,2,2.0,3.0,S17,0.00699007511138916
mint-only-horizontal-run01,mint,1,2,2.0,3.0,S18,0.0036037564277648926
mint-only-horizontal-run01,mint,1,2,2.0,3.0,S19,0.0018134117126464844
mint-only-horizontal-run01,mint,1,2,2.0,3.0,S20,0.004187583923339844
mint-only-horizontal-run01,mint,1,2,2.0,3.0,S21,0.0016250014305114746
mint-only-horizontal-run01,mint,1,2,2.0,3.0,S22,0.001545548439025879
mint-only-horizontal-run01,mint,1,2,2.0,3.0,S23,0.00017213821411132812
mint-only-horizontal-run01,mint,1,2,2.0,3.0,S24,0.0032193660736083984
mint-only-horizontal-run01,mint,1,2,2.0,3.0,S25,0.0022461414337158203
mint-only-horizontal-run01,mint,1,2,2.0,3.0,S26,0.011159420013427734
mint-only-horizontal-run01,mint,1,2,2.0,3.0,S27,-0.0020308494567871094
mint-only-horizontal-run01,mint,1,2,2.0,3.0,S28,0.007050514221191406
mint-only-horizontal-run01,mint,1,2,2.0,3.0,S29,0.009296774864196777
mint-only-horizontal-run01,mint,1,2,2.0,3.0,S30,0.0006670355796813965
mint-only-horizontal-run01,mint,1,2,2.0,3.0,S31,-0.0009911060333251953
mint-only-horizontal-run01,mint,1,2,2.0,3.0,S32,0.0018145442008972168
mint-only-horizontal-run01,mint,1,7,7.0,8.0,S1,0.016353368759155273
mint-only-horizontal-run01,mint,1,7,7.0,8.0,S2,0.017586469650268555
mint-only-horizontal-run01,mint,1,7,7.0,8.0,S3,-0.002308368682861328
mint-only-horizontal-run01,mint,1,7,7.0,8.0,S4,0.01353597640991211
mint-only-horizontal-run01,mint,1,7,7.0,8.0,S5,0.0034027099609375
mint-only-horizontal-run01,mint,1,7,7.0,8.0,S6,2.0325183868408203e-05
mint-only-horizontal-run01,mint,1,7,7.0,8.0,S7,0.002193450927734375
mint-only-horizontal-run01,mint,1,7,7.0,8.0,S8,0.002997756004333496
mint-only-horizontal-run01,mint,1,7,7.0,8.0,S9,0.00372314453125
mint-only-horizontal-run01,mint,1,7,7.0,8.0,S10,0.00037169456481933594
mint-only-horizontal-run01,mint,1,7,7.0,8.0,S11,0.002911806106567383
mint-only-horizontal-run01,mint,1,7,7.0,8.0,S12,0.0024257898330688477
mint-only-horizontal-run01,mint,1,7,7.0,8.0,S13,0.0023244619369506836
mint-only-horizontal-run01,mint,1,7,7.0,8.0,S14,0.0018883347511291504
mint-only-horizontal-run01,mint,1,7,7.0,8.0,S15,0.0032415390014648438
mint-only-horizontal-run01,mint,1,7,7.0,8.0,S16,0.0007243156433105469
mint-only-horizontal-run01,mint,1,7,7.0,8.0,S17,0.007291555404663086
mint-only-horizontal-run01,mint,1,7,7.0,8.0,S18,0.0037865042686462402
mint-only-horizontal-run01,mint,1,7,7.0,8.0,S19,0.0004162788391113281
mint-only-horizontal-run01,mint,1,7,7.0,8.0,S20,0.003911852836608887
mint-only-horizontal-run01,mint,1,7,7.0,8.0,S21,0.0015561580657958984
mint-only-horizontal-run01,mint,1,7,7.0,8.0,S22,0.0012323856353759766
mint-only-horizontal-run01,mint,1,7,7.0,8.0,S23,0.0002243518829345703
mint-only-horizontal-run01,mint,1,7,7.0,8.0,S24,0.001807570457458496
mint-only-horizontal-run01,mint,1,7,7.0,8.0,S25,0.0015639066696166992
mint-only-horizontal-run01,mint,1,7,7.0,8.0,S26,0.008376002311706543
mint-only-horizontal-run01,mint,1,7,7.0,8.0,S27,4.76837158203125e-06
mint-only-horizontal-run01,mint,1,7,7.0,8.0,S28,0.006865143775939941
mint-only-horizontal-run01,mint,1,7,7.0,8.0,S29,0.008439064025878906
mint-only-horizontal-run01,mint,1,7,7.0,8.0,S30,0.000661313533782959
mint-only-horizontal-run01,mint,1,7,7.0,8.0,S31,0.002992391586303711
mint-only-horizontal-run01,mint,1,7,7.0,8.0,S32,0.0015112757682800293
mint-only-horizontal-run01,mint,2,0,0.0,1.0,S1,-0.00019812583923339844
mint-only-horizontal-run01,mint,2,0,0.0,1.0,S2,-0.00037670135498046875
mint-only-horizontal-run01,mint,2,0,0.0,1.0,S3,-0.0025179386138916016
mint-only-horizontal-run01,mint,2,0,0.0,1.0,S4,-0.0002218484878540039
mint-only-horizontal-run01,mint,2,0,0.0,1.0,S5,-6.306171417236328e-05
mint-only-horizontal-run01,mint,2,0,0.0,1.0,S6,-2.0742416381835938e-05
mint-only-horizontal-run01,mint,2,0,0.0,1.0,S7,-0.0004215240478515625
mint-only-horizontal-run01,mint,2,0,0.0,1.0,S8,-5.6743621826171875e-05
mint-only-horizontal-run01,mint,2,0,0.0,1.0,S9,-8.106231689453125e-05
mint-only-horizontal-run01,mint,2,0,0.0,1.0,S10,-2.7418136596679688e-05
mint-only-horizontal-run01,mint,2,0,0.0,1.0,S11,-0.00021266937255859375
mint-only-horizontal-run01,mint,2,0,0.0,1.0,S12,-7.486343383789062e-05
mint-only-horizontal-run01,mint,2,0,0.0,1.0,S13,-4.029273986816406e-05
mint-only-horizontal-run01,mint,2,0,0.0,1.0,S14,-3.653764724731445e-05
mint-only-horizontal-run01,mint,2,0,0.0,1.0,S15,0.00010895729064941406
mint-only-horizontal-run01,mint,2,0,0.0,1.0,S16,-1.1861324310302734e-05
mint-only-horizontal-run01,mint,2,0,0.0,1.0,S17,-0.00021886825561523438
mint-only-horizontal-run01,mint,2,0,0.0,1.0,S18,-8.487701416015625e-05
mint-only-horizontal-run01,mint,2,0,0.0,1.0,S19,-0.0003483295440673828
mint-only-horizontal-run01,mint,2,0,0.0,1.0,S20,-6.35385513305664e-05
mint-only-horizontal-run01,mint,2,0,0.0,1.0,S21,-7.152557373046875e-07
mint-only-horizontal-run01,mint,2,0,0.0,1.0,S22,3.272294998168945e-05
mint-only-horizontal-run01,mint,2,0,0.0,1.0,S23,0.0025069713592529297
mint-only-horizontal-run01,mint,2,0,0.0,1.0,S24,0.00026094913482666016
mint-only-horizontal-run01,mint,2,0,0.0,1.0,S25,-4.291534423828125e-05
mint-only-horizontal-run01,mint,2,0,0.0,1.0,S26,0.0003223419189453125
mint-only-horizontal-run01,mint,2,0,0.0,1.0,S27,0.0007996559143066406
mint-only-horizontal-run01,mint,2,0,0.0,1.0,S28,2.4318695068359375e-05
mint-only-horizontal-run01,mint,2,0,0.0,1.0,S29,-1.1920928955078125e-06
mint-only-horizontal-run01,mint,2,0,0.0,1.0,S30,-2.4437904357910156e-06
mint-only-horizontal-run01,mint,2,0,0.0,1.0,S31,0.0004937648773193359
mint-only-horizontal-run01,mint,2,0,0.0,1.0,S32,6.467103958129883e-05
mint-only-horizontal-run01,mint,2,1,1.0,2.0,S1,0.003025054931640625
mint-only-horizontal-run01,mint,2,1,1.0,2.0,S2,0.002336740493774414
mint-only-horizontal-run01,mint,2,1,1.0,2.0,S3,-0.0008196830749511719
mint-only-horizontal-run01,mint,2,1,1.0,2.0,S4,0.0008466243743896484
mint-only-horizontal-run01,mint,2,1,1.0,2.0,S5,-9.739398956298828e-05
mint-only-horizontal-run01,mint,2,1,1.0,2.0,S6,8.612871170043945e-06
mint-only-horizontal-run01,mint,2,1,1.0,2.0,S7,0.0006384849548339844
mint-only-horizontal-run01,mint,2,1,1.0,2.0,S8,-6.079673767089844e-05
mint-only-horizontal-run01,mint,2,1,1.0,2.0,S9,0.00034928321838378906
mint-only-horizontal-run01,mint,2,1,1.0,2.0,S10,4.76837158203125e-07
mint-only-horizontal-run01,mint,2,1,1.0,2.0,S11,-2.3603439331054688e-05
mint-only-horizontal-run01,mint,2,1,1.0,2.0,S12,4.9233436584472656e-05
mint-only-horizontal-run01,mint,2,1,1.0,2.0,S13,5.173683166503906e-05
mint-only-horizontal-run01,mint,2,1,1.0,2.0,S14,9.959936141967773e-05
mint-only-horizontal-run01,mint,2,1,1.0,2.0,S15,-0.00021839141845703125
mint-only-horizontal-run01,mint,2,1,1.0,2.0,S16,-4.649162292480469e-06
mint-only-horizontal-run01,mint,2,1,1.0,2.0,S17,1.430511474609375e-06
mint-only-horizontal-run01,mint,2,1,1.0,2.0,S18,-6.085634231567383e-05
mint-only-horizontal-run01,mint,2,1,1.0,2.0,S19,-0.0006937980651855469
mint-only-horizontal-run01,mint,2,1,1.0,2.0,S20,8.022785186767578e-05
mint-only-horizontal-run01,mint,2,1,1.0,2.0,S21,-1.341104507446289e-05
mint-only-horizontal-run01,mint,2,1,1.0,2.0,S22,6.127357482910156e-05
mint-only-horizontal-run01,mint,2,1,1.0,2.0,S23,-0.00043582916259765625
mint-only-horizontal-run01,mint,2,1,1.0,2.0,S24,0.0002557039260864258
mint-only-horizontal-run01,mint,2,1,1.0,2.0,S25,1.2636184692382812e-05
mint-only-horizontal-run01,mint,2,1,1.0,2.0,S26,9.381771087646484e-05
mint-only-horizontal-run01,mint,2,1,1.0,2.0,S27,-0.0003120899200439453
mint-only-horizontal-run01,mint,2,1,1.0,2.0,S28,-0.0003039836883544922
mint-only-horizontal-run01,mint,2,1,1.0,2.0,S29,-0.00028693675994873047
mint-only-horizontal-run01,mint,2,1,1.0,2.0,S30,-1.9371509552001953e-05
mint-only-horizontal-run01,mint,2,1,1.0,2.0,S31,0.00023221969604492188
mint-only-horizontal-run01,mint,2,1,1.0,2.0,S32,-2.7120113372802734e-05
mint-only-horizontal-run01,mint,2,9,9.0,10.0,S1,0.021783828735351562
mint-only-horizontal-run01,mint,2,9,9.0,10.0,S2,0.021154046058654785
mint-only-horizontal-run01,mint,2,9,9.0,10.0,S3,0.0014573335647583008
mint-only-horizontal-run01,mint,2,9,9.0,10.0,S4,0.01025015115737915
mint-only-horizontal-run01,mint,2,9,9.0,10.0,S5,0.0010886788368225098
mint-only-horizontal-run01,mint,2,9,9.0,10.0,S6,8.210539817810059e-06
mint-only-horizontal-run01,mint,2,9,9.0,10.0,S7,-0.00039589405059814453
mint-only-horizontal-run01,mint,2,9,9.0,10.0,S8,0.0008813142776489258
mint-only-horizontal-run01,mint,2,9,9.0,10.0,S9,0.0034992098808288574
mint-only-horizontal-run01,mint,2,9,9.0,10.0,S10,8.988380432128906e-05
mint-only-horizontal-run01,mint,2,9,9.0,10.0,S11,0.001138448715209961
mint-only-horizontal-run01,mint,2,9,9.0,10.0,S12,0.0013302862644195557
mint-only-horizontal-run01,mint,2,9,9.0,10.0,S13,0.001564323902130127
mint-only-horizontal-run01,mint,2,9,9.0,10.0,S14,0.0014050006866455078
mint-only-horizontal-run01,mint,2,9,9.0,10.0,S15,0.0010118484497070312
mint-only-horizontal-run01,mint,2,9,9.0,10.0,S16,0.0003997683525085449
mint-only-horizontal-run01,mint,2,9,9.0,10.0,S17,0.0032553672790527344
mint-only-horizontal-run01,mint,2,9,9.0,10.0,S18,0.0013642609119415283
mint-only-horizontal-run01,mint,2,9,9.0,10.0,S19,-0.0002689361572265625
mint-only-horizontal-run01,mint,2,9,9.0,10.0,S20,0.002570807933807373
mint-only-horizontal-run01,mint,2,9,9.0,10.0,S21,0.0008415281772613525
mint-only-horizontal-run01,mint,2,9,9.0,10.0,S22,0.0009171664714813232
mint-only-horizontal-run01,mint,2,9,9.0,10.0,S23,-0.00019609928131103516
mint-only-horizontal-run01,mint,2,9,9.0,10.0,S24,0.0019397139549255371
mint-only-horizontal-run01,mint,2,9,9.0,10.0,S25,0.0010704398155212402
mint-only-horizontal-run01,mint,2,9,9.0,10.0,S26,0.005405604839324951
mint-only-horizontal-run01,mint,2,9,9.0,10.0,S27,0.0012400150299072266
mint-only-horizontal-run01,mint,2,9,9.0,10.0,S28,0.002508997917175293
mint-only-horizontal-run01,mint,2,9,9.0,10.0,S29,0.003753066062927246
mint-only-horizontal-run01,mint,2,9,9.0,10.0,S30,0.00029909610748291016
mint-only-horizontal-run01,mint,2,9,9.0,10.0,S31,0.002264857292175293
mint-only-horizontal-run01,mint,2,9,9.0,10.0,S32,0.000710904598236084
mint-only-horizontal-run01,mint,3,0,0.0,1.0,S1,0.0
mint-only-horizontal-run01,mint,3,0,0.0,1.0,S2,0.0
mint-only-horizontal-run01,mint,3,0,0.0,1.0,S3,0.0
mint-only-horizontal-run01,mint,3,0,0.0,1.0,S4,0.0
mint-only-horizontal-run01,mint,3,0,0.0,1.0,S5,0.0
mint-only-horizontal-run01,mint,3,0,0.0,1.0,S6,0.0
mint-only-horizontal-run01,mint,3,0,0.0,1.0,S7,0.0
mint-only-horizontal-run01,mint,3,0,0.0,1.0,S8,0.0
mint-only-horizontal-run01,mint,3,0,0.0,1.0,S9,0.0
mint-only-horizontal-run01,mint,3,0,0.0,1.0,S10,0.0
mint-only-horizontal-run01,mint,3,0,0.0,1.0,S11,0.0
mint-only-horizontal-run01,mint,3,0,0.0,1.0,S12,0.0
mint-only-horizontal-run01,mint,3,0,0.0,1.0,S13,0.0
mint-only-horizontal-run01,mint,3,0,0.0,1.0,S14,0.0
mint-only-horizontal-run01,mint,3,0,0.0,1.0,S15,0.0
mint-only-horizontal-run01,mint,3,0,0.0,1.0,S16,0.0
mint-only-horizontal-run01,mint,3,0,0.0,1.0,S17,0.0
mint-only-horizontal-run01,mint,3,0,0.0,1.0,S18,0.0
mint-only-horizontal-run01,mint,3,0,0.0,1.0,S19,0.0
mint-only-horizontal-run01,mint,3,0,0.0,1.0,S20,0.0
mint-only-horizontal-run01,mint,3,0,0.0,1.0,S21,0.0
mint-only-horizontal-run01,mint,3,0,0.0,1.0,S22,0.0
mint-only-horizontal-run01,mint,3,0,0.0,1.0,S23,0.0
mint-only-horizontal-run01,mint,3,0,0.0,1.0,S24,0.0
mint-only-horizontal-run01,mint,3,0,0.0,1.0,S25,0.0
mint-only-horizontal-run01,mint,3,0,0.0,1.0,S26,0.0
mint-only-horizontal-run01,mint,3,0,0.0,1.0,S27,0.0
mint-only-horizontal-run01,mint,3,0,0.0,1.0,S28,0.0
mint-only-horizontal-run01,mint,3,0,0.0,1.0,S29,0.0
mint-only-horizontal-run01,mint,3,0,0.0,1.0,S30,0.0
mint-only-horizontal-run01,mint,3,0,0.0,1.0,S31,0.0
mint-only-horizontal-run01,mint,3,0,0.0,1.0,S32,0.0
mint-only-horizontal-run01,mint,3,1,1.0,2.0,S1,0.010586142539978027
mint-only-horizontal-run01,mint,3,1,1.0,2.0,S2,0.009827136993408203
mint-only-horizontal-run01,mint,3,1,1.0,2.0,S3,-0.0015736818313598633
mint-only-horizontal-run01,mint,3,1,1.0,2.0,S4,0.0050948262214660645
mint-only-horizontal-run01,mint,3,1,1.0,2.0,S5,0.0008080005645751953
mint-only-horizontal-run01,mint,3,1,1.0,2.0,S6,9.879469871520996e-06
mint-only-horizontal-run01,mint,3,1,1.0,2.0,S7,-0.002588629722595215
mint-only-horizontal-run01,mint,3,1,1.0,2.0,S8,0.0009729266166687012
mint-only-horizontal-run01,mint,3,1,1.0,2.0,S9,0.0019444823265075684
mint-only-horizontal-run01,mint,3,1,1.0,2.0,S10,6.759166717529297e-05
mint-only-horizontal-run01,mint,3,1,1.0,2.0,S11,-0.0017731189727783203
mint-only-horizontal-run01,mint,3,1,1.0,2.0,S12,0.0009109675884246826
mint-only-horizontal-run01,mint,3,1,1.0,2.0,S13,0.0009613037109375
mint-only-horizontal-run01,mint,3,1,1.0,2.0,S14,0.0008649826049804688
mint-only-horizontal-run01,mint,3,1,1.0,2.0,S15,-0.0012015104293823242
mint-only-horizontal-run01,mint,3,1,1.0,2.0,S16,0.00027939677238464355
mint-only-horizontal-run01,mint,3,1,1.0,2.0,S17,0.0028072595596313477
mint-only-horizontal-run01,mint,3,1,1.0,2.0,S18,0.0013270974159240723
mint-only-horizontal-run01,mint,3,1,1.0,2.0,S19,-0.002436399459838867
mint-only-horizontal-run01,mint,3,1,1.0,2.0,S20,0.002057015895843506
mint-only-horizontal-run01,mint,3,1,1.0,2.0,S21,0.0007325410842895508
mint-only-horizontal-run01,mint,3,1,1.0,2.0,S22,0.0009298920631408691
mint-only-horizontal-run01,mint,3,1,1.0,2.0,S23,-3.814697265625e-05
mint-only-horizontal-run01,mint,3,1,1.0,2.0,S24,0.0025527477264404297
mint-only-horizontal-run01,mint,3,1,1.0,2.0,S25,0.001537024974822998
mint-only-horizontal-run01,mint,3,1,1.0,2.0,S26,0.006619453430175781
mint-only-horizontal-run01,mint,3,1,1.0,2.0,S27,0.0002747774124145508
mint-only-horizontal-run01,mint,3,1,1.0,2.0,S28,0.0036845803260803223
mint-only-horizontal-run01,mint,3,1,1.0,2.0,S29,0.004491627216339111
mint-only-horizontal-run01,mint,3,1,1.0,2.0,S30,0.00034102797508239746
mint-only-horizontal-run01,mint,3,1,1.0,2.0,S31,-0.0013599395751953125
mint-only-horizontal-run01,mint,3,1,1.0,2.0,S32,0.0011456608772277832
mint-only-horizontal-run01,mint,3,3,3.0,4.0,S1,0.0025768280029296875
mint-only-horizontal-run01,mint,3,3,3.0,4.0,S2,0.0030944347381591797
mint-only-horizontal-run01,mint,3,3,3.0,4.0,S3,0.0024137496948242188
mint-only-horizontal-run01,mint,3,3,3.0,4.0,S4,0.0030541419982910156
mint-only-horizontal-run01,mint,3,3,3.0,4.0,S5,0.001106858253479004
mint-only-horizontal-run01,mint,3,3,3.0,4.0,S6,3.126263618469238e-05
mint-only-horizontal-run01,mint,3,3,3.0,4.0,S7,0.0003917217254638672
mint-only-horizontal-run01,mint,3,3,3.0,4.0,S8,0.0012181997299194336
mint-only-horizontal-run01,mint,3,3,3.0,4.0,S9,0.0007370710372924805
mint-only-horizontal-run01,mint,3,3,3.0,4.0,S10,8.83340835571289e-05
mint-only-horizontal-run01,mint,3,3,3.0,4.0,S11,9.799003601074219e-05
mint-only-horizontal-run01,mint,3,3,3.0,4.0,S12,0.0006758570671081543
mint-only-horizontal-run01,mint,3,3,3.0,4.0,S13,0.0006358623504638672
mint-only-horizontal-run01,mint,3,3,3.0,4.0,S14,0.0004467964172363281
mint-only-horizontal-run01,mint,3,3,3.0,4.0,S15,6.628036499023438e-05
mint-only-horizontal-run01,mint,3,3,3.0,4.0,S16,0.00019443035125732422
mint-only-horizontal-run01,mint,3,3,3.0,4.0,S17,0.0021991729736328125
mint-only-horizontal-run01,mint,3,3,3.0,4.0,S18,0.0010879039764404297
mint-only-horizontal-run01,mint,3,3,3.0,4.0,S19,0.002445697784423828
mint-only-horizontal-run01,mint,3,3,3.0,4.0,S20,0.000970005989074707
mint-only-horizontal-run01,mint,3,3,3.0,4.0,S21,0.00041168928146362305
mint-only-horizontal-run01,mint,3,3,3.0,4.0,S22,0.0002512931823730469
mint-only-horizontal-run01,mint,3,3,3.0,4.0,S23,0.0005538463592529297
mint-only-horizontal-run01,mint,3,3,3.0,4.0,S24,-1.1920928955078125e-06
mint-only-horizontal-run01,mint,3,3,3.0,4.0,S25,0.0004055500030517578
mint-only-horizontal-run01,mint,3,3,3.0,4.0,S26,0.0021713972091674805
mint-only-horizontal-run01,mint,3,3,3.0,4.0,S27,-0.002634763717651367
mint-only-horizontal-run01,mint,3,3,3.0,4.0,S28,0.0026079416275024414
mint-only-horizontal-run01,mint,3,3,3.0,4.0,S29,0.0024213790893554688
mint-only-horizontal-run01,mint,3,3,3.0,4.0,S30,0.0002338886260986328
mint-only-horizontal-run01,mint,3,3,3.0,4.0,S31,-0.0033111572265625
mint-only-horizontal-run01,mint,3,3,3.0,4.0,S32,0.0005007386207580566
mint-only-horizontal-run01,mint,3,7,7.0,8.0,S1,0.039542317390441895
mint-only-horizontal-run01,mint,3,7,7.0,8.0,S2,0.03641688823699951
mint-only-horizontal-run01,mint,3,7,7.0,8.0,S3,0.001122117042541504
mint-only-horizontal-run01,mint,3,7,7.0,8.0,S4,0.019188344478607178
mint-only-horizontal-run01,mint,3,7,7.0,8.0,S5,0.0033168792724609375
mint-only-horizontal-run01,mint,3,7,7.0,8.0,S6,3.3229589462280273e-05
mint-only-horizontal-run01,mint,3,7,7.0,8.0,S7,0.001251220703125
mint-only-horizontal-run01,mint,3,7,7.0,8.0,S8,0.0029290318489074707
mint-only-horizontal-run01,mint,3,7,7.0,8.0,S9,0.005473494529724121
mint-only-horizontal-run01,mint,3,7,7.0,8.0,S10,0.00031125545501708984
mint-only-horizontal-run01,mint,3,7,7.0,8.0,S11,-0.0010426044464111328
mint-only-horizontal-run01,mint,3,7,7.0,8.0,S12,0.0026811063289642334
mint-only-horizontal-run01,mint,3,7,7.0,8.0,S13,0.0027313828468322754
mint-only-horizontal-run01,mint,3,7,7.0,8.0,S14,0.00225028395652771
mint-only-horizontal-run01,mint,3,7,7.0,8.0,S15,0.0007302761077880859
mint-only-horizontal-run01,mint,3,7,7.0,8.0,S16,0.0008425414562225342
mint-only-horizontal-run01,mint,3,7,7.0,8.0,S17,0.008662819862365723
mint-only-horizontal-run01,mint,3,7,7.0,8.0,S18,0.0037919282913208008
mint-only-horizontal-run01,mint,3,7,7.0,8.0,S19,-0.0025986433029174805
mint-only-horizontal-run01,mint,3,7,7.0,8.0,S20,0.0044081807136535645
mint-only-horizontal-run01,mint,3,7,7.0,8.0,S21,0.0016235411167144775
mint-only-horizontal-run01,mint,3,7,7.0,8.0,S22,0.0014562904834747314
mint-only-horizontal-run01,mint,3,7,7.0,8.0,S23,0.0007787942886352539
mint-only-horizontal-run01,mint,3,7,7.0,8.0,S24,0.002508103847503662
mint-only-horizontal-run01,mint,3,7,7.0,8.0,S25,0.002088189125061035
mint-only-horizontal-run01,mint,3,7,7.0,8.0,S26,0.010320663452148438
mint-only-horizontal-run01,mint,3,7,7.0,8.0,S27,-0.0011020898818969727
mint-only-horizontal-run01,mint,3,7,7.0,8.0,S28,0.006404995918273926
mint-only-horizontal-run01,mint,3,7,7.0,8.0,S29,0.00824958086013794
mint-only-horizontal-run01,mint,3,7,7.0,8.0,S30,0.0005824565887451172
mint-only-horizontal-run01,mint,3,7,7.0,8.0,S31,-0.0002588033676147461
mint-only-horizontal-run01,mint,3,7,7.0,8.0,S32,0.0015326142311096191
mint-only-horizontal-run01,mint,4,0,0.0,1.0,S1,0.0027608871459960938
mint-only-horizontal-run01,mint,4,0,0.0,1.0,S2,0.0025489330291748047
mint-only-horizontal-run01,mint,4,0,0.0,1.0,S3,-0.0005544424057006836
mint-only-horizontal-run01,mint,4,0,0.0,1.0,S4,0.0020557045936584473
mint-only-horizontal-run01,mint,4,0,0.0,1.0,S5,0.0005432963371276855
mint-only-horizontal-run01,mint,4,0,0.0,1.0,S6,3.814697265625e-06
mint-only-horizontal-run01,mint,4,0,0.0,1.0,S7,7.009506225585938e-05
mint-only-horizontal-run01,mint,4,0,0.0,1.0,S8,0.0004894733428955078
mint-only-horizontal-run01,mint,4,0,0.0,1.0,S9,0.0005568861961364746
mint-only-horizontal-run01,mint,4,0,0.0,1.0,S10,4.51207160949707e-05
mint-only-horizontal-run01,mint,4,0,0.0,1.0,S11,4.601478576660156e-05
mint-only-horizontal-run01,mint,4,0,0.0,1.0,S12,0.0003472566604614258
mint-only-horizontal-run01,mint,4,0,0.0,1.0,S13,0.00033277273178100586
mint-only-horizontal-run01,mint,4,0,0.0,1.0,S14,0.00025644898414611816
mint-only-horizontal-run01,mint,4,0,0.0,1.0,S15,0.00011682510375976562
mint-only-horizontal-run01,mint,4,0,0.0,1.0,S16,0.0001252889633178711
mint-only-horizontal-run01,mint,4,0,0.0,1.0,S17,0.0011699199676513672
mint-only-horizontal-run01,mint,4,0,0.0,1.0,S18,0.0005317330360412598
mint-only-horizontal-run01,mint,4,0,0.0,1.0,S19,0.00014317035675048828
mint-only-horizontal-run01,mint,4,0,0.0,1.0,S20,0.0005171298980712891
mint-only-horizontal-run01,mint,4,0,0.0,1.0,S21,0.00022241473197937012
mint-only-horizontal-run01,mint,4,0,0.0,1.0,S22,0.00011041760444641113
mint-only-horizontal-run01,mint,4,0,0.0,1.0,S23,0.00022077560424804688
mint-only-horizontal-run01,mint,4,0,0.0,1.0,S24,2.753734588623047e-05
mint-only-horizontal-run01,mint,4,0,0.0,1.0,S25,0.00012260675430297852
mint-only-horizontal-run01,mint,4,0,0.0,1.0,S26,0.0010010004043579102
mint-only-horizontal-run01,mint,4,0,0.0,1.0,S27,0.0012683868408203125
mint-only-horizontal-run01,mint,4,0,0.0,1.0,S28,0.0009562373161315918
mint-only-horizontal-run01,mint,4,0,0.0,1.0,S29,0.001163184642791748
mint-only-horizontal-run01,mint,4,0,0.0,1.0,S30,9.009242057800293e-05
mint-only-horizontal-run01,mint,4,0,0.0,1.0,S31,0.0006422996520996094
mint-only-horizontal-run01,mint,4,0,0.0,1.0,S32,0.00015279650688171387
mint-only-horizontal-run01,mint,4,2,2.0,3.0,S1,0.029495954513549805
mint-only-horizontal-run01,mint,4,2,2.0,3.0,S2,0.026052236557006836
mint-only-horizontal-run01,mint,4,2,2.0,3.0,S3,-0.002210378646850586
mint-only-horizontal-run01,mint,4,2,2.0,3.0,S4,0.010822534561157227
mint-only-horizontal-run01,mint,4,2,2.0,3.0,S5,0.0007320642471313477
mint-only-horizontal-run01,mint,4,2,2.0,3.0,S6,-1.4662742614746094e-05
mint-only-horizontal-run01,mint,4,2,2.0,3.0,S7,-0.0006418228149414062
mint-only-horizontal-run01,mint,4,2,2.0,3.0,S8,0.0009369850158691406
mint-only-horizontal-run01,mint,4,2,2.0,3.0,S9,0.0042400360107421875
mint-only-horizontal-run01,mint,4,2,2.0,3.0,S10,4.971027374267578e-05
mint-only-horizontal-run01,mint,4,2,2.0,3.0,S11,0.0022783279418945312
mint-only-horizontal-run01,mint,4,2,2.0,3.0,S12,0.001430213451385498
mint-only-horizontal-run01,mint,4,2,2.0,3.0,S13,0.0016362667083740234
mint-only-horizontal-run01,mint,4,2,2.0,3.0,S14,0.0015465021133422852
mint-only-horizontal-run01,mint,4,2,2.0,3.0,S15,-0.00238037109375
mint-only-horizontal-run01,mint,4,2,2.0,3.0,S16,0.0004222989082336426
mint-only-horizontal-run01,mint,4,2,2.0,3.0,S17,0.0036925077438354492
mint-only-horizontal-run01,mint,4,2,2.0,3.0,S18,0.0018003582954406738
mint-only-horizontal-run01,mint,4,2,2.0,3.0,S19,-0.002857685089111328
mint-only-horizontal-run01,mint,4,2,2.0,3.0,S20,0.003118753433227539
mint-only-horizontal-run01,mint,4,2,2.0,3.0,S21,0.0010048747062683105
mint-only-horizontal-run01,mint,4,2,2.0,3.0,S22,0.0014390945434570312
mint-only-horizontal-run01,mint,4,2,2.0,3.0,S23,-0.0014514923095703125
mint-only-horizontal-run01,mint,4,2,2.0,3.0,S24,0.004389762878417969
mint-only-horizontal-run01,mint,4,2,2.0,3.0,S25,0.0020362138748168945
mint-only-horizontal-run01,mint,4,2,2.0,3.0,S26,0.009920716285705566
mint-only-horizontal-run01,mint,4,2,2.0,3.0,S27,-0.000568389892578125
mint-only-horizontal-run01,mint,4,2,2.0,3.0,S28,0.004023313522338867
mint-only-horizontal-run01,mint,4,2,2.0,3.0,S29,0.005797624588012695
mint-only-horizontal-run01,mint,4,2,2.0,3.0,S30,0.00043827295303344727
mint-only-horizontal-run01,mint,4,2,2.0,3.0,S31,-0.00013828277587890625
mint-only-horizontal-run01,mint,4,2,2.0,3.0,S32,0.001646876335144043
mint-only-horizontal-run01,mint,4,6,6.0,7.0,S1,-0.0003540515899658203
mint-only-horizontal-run01,mint,4,6,6.0,7.0,S2,-0.0004184246063232422
mint-only-horizontal-run01,mint,4,6,6.0,7.0,S3,-0.00022840499877929688
mint-only-horizontal-run01,mint,4,6,6.0,7.0,S4,-9.179115295410156e-06
mint-only-horizontal-run01,mint,4,6,6.0,7.0,S5,0.0002663135528564453
mint-only-horizontal-run01,mint,4,6,6.0,7.0,S6,7.212162017822266e-06
mint-only-horizontal-run01,mint,4,6,6.0,7.0,S7,0.00014495849609375
mint-only-horizontal-run01,mint,4,6,6.0,7.0,S8,0.00027573108673095703
mint-only-horizontal-run01,mint,4,6,6.0,7.0,S9,0.00012290477752685547
mint-only-horizontal-run01,mint,4,6,6.0,7.0,S10,1.0728836059570312e-06
mint-only-horizontal-run01,mint,4,6,6.0,7.0,S11,0.002017498016357422
mint-only-horizontal-run01,mint,4,6,6.0,7.0,S12,4.0471553802490234e-05
mint-only-horizontal-run01,mint,4,6,6.0,7.0,S13,6.0439109802246094e-05
mint-only-horizontal-run01,mint,4,6,6.0,7.0,S14,4.988908767700195e-05
mint-only-horizontal-run01,mint,4,6,6.0,7.0,S15,-0.00030112266540527344
mint-only-horizontal-run01,mint,4,6,6.0,7.0,S16,5.5849552154541016e-05
mint-only-horizontal-run01,mint,4,6,6.0,7.0,S17,0.00017249584197998047
mint-only-horizontal-run01,mint,4,6,6.0,7.0,S18,0.0002181529998779297
mint-only-horizontal-run01,mint,4,6,6.0,7.0,S19,-0.002763509750366211
mint-only-horizontal-run01,mint,4,6,6.0,7.0,S20,0.00024056434631347656
mint-only-horizontal-run01,mint,4,6,6.0,7.0,S21,0.0001405477523803711
mint-only-horizontal-run01,mint,4,6,6.0,7.0,S22,0.00015091896057128906
mint-only-horizontal-run01,mint,4,6,6.0,7.0,S23,-0.0033435821533203125
mint-only-horizontal-run01,mint,4,6,6.0,7.0,S24,0.0006297826766967773
mint-only-horizontal-run01,mint,4,6,6.0,7.0,S25,0.0001405477523803711
mint-only-horizontal-run01,mint,4,6,6.0,7.0,S26,0.0020006895065307617
mint-only-horizontal-run01,mint,4,6,6.0,7.0,S27,0.0013480186462402344
mint-only-horizontal-run01,mint,4,6,6.0,7.0,S28,0.00121307373046875
mint-only-horizontal-run01,mint,4,6,6.0,7.0,S29,0.0015320777893066406
mint-only-horizontal-run01,mint,4,6,6.0,7.0,S30,0.00016963481903076172
mint-only-horizontal-run01,mint,4,6,6.0,7.0,S31,0.0018835067749023438
mint-only-horizontal-run01,mint,4,6,6.0,7.0,S32,0.0005730986595153809
mint-only-horizontal-run01,mint,4,8,8.0,9.0,S1,-0.0052378177642822266
mint-only-horizontal-run01,mint,4,8,8.0,9.0,S2,-0.006487131118774414
mint-only-horizontal-run01,mint,4,8,8.0,9.0,S3,-0.0006110668182373047
mint-only-horizontal-run01,mint,4,8,8.0,9.0,S4,-0.006071329116821289
mint-only-horizontal-run01,mint,4,8,8.0,9.0,S5,-0.0019272565841674805
mint-only-horizontal-run01,mint,4,8,8.0,9.0,S6,-2.6017427444458008e-05
mint-only-horizontal-run01,mint,4,8,8.0,9.0,S7,0.002041339874267578
mint-only-horizontal-run01,mint,4,8,8.0,9.0,S8,-0.0011965036392211914
mint-only-horizontal-run01,mint,4,8,8.0,9.0,S9,-0.0008913278579711914
mint-only-horizontal-run01,mint,4,8,8.0,9.0,S10,-0.00019681453704833984
mint-only-horizontal-run01,mint,4,8,8.0,9.0,S11,0.0026574134826660156
mint-only-horizontal-run01,mint,4,8,8.0,9.0,S12,-0.0008088350296020508
mint-only-horizontal-run01,mint,4,8,8.0,9.0,S13,-0.0007574558258056641
mint-only-horizontal-run01,mint,4,8,8.0,9.0,S14,-0.00046771764755249023
mint-only-horizontal-run01,mint,4,8,8.0,9.0,S15,0.0012285709381103516
mint-only-horizontal-run01,mint,4,8,8.0,9.0,S16,-0.0002843141555786133
mint-only-horizontal-run01,mint,4,8,8.0,9.0,S17,-0.003663778305053711
mint-only-horizontal-run01,mint,4,8,8.0,9.0,S18,-0.0014264583587646484
mint-only-horizontal-run01,mint,4,8,8.0,9.0,S19,0.0020055770874023438
mint-only-horizontal-run01,mint,4,8,8.0,9.0,S20,-0.0008345842361450195
mint-only-horizontal-run01,mint,4,8,8.0,9.0,S21,-0.00043457746505737305
mint-only-horizontal-run01,mint,4,8,8.0,9.0,S22,-4.488229751586914e-05
mint-only-horizontal-run01,mint,4,8,8.0,9.0,S23,0.0004875659942626953
mint-only-horizontal-run01,mint,4,8,8.0,9.0,S24,0.0012509822845458984
mint-only-horizontal-run01,mint,4,8,8.0,9.0,S25,-0.00012481212615966797
mint-only-horizontal-run01,mint,4,8,8.0,9.0,S26,-0.0010694265365600586
mint-only-horizontal-run01,mint,4,8,8.0,9.0,S27,-0.0023462772369384766
mint-only-horizontal-run01,mint,4,8,8.0,9.0,S28,-0.001639723777770996
mint-only-horizontal-run01,mint,4,8,8.0,9.0,S29,-0.0023196935653686523
mint-only-horizontal-run01,mint,4,8,8.0,9.0,S30,-0.00010889768600463867
mint-only-horizontal-run01,mint,4,8,8.0,9.0,S31,-0.003263711929321289
mint-only-horizontal-run01,mint,4,8,8.0,9.0,S32,-6.35981559753418e-05
mint-only-horizontal-run01,mint,5,0,0.0,1.0,S1,-0.00016546249389648438
mint-only-horizontal-run01,mint,5,0,0.0,1.0,S2,-0.00027871131896972656
mint-only-horizontal-run01,mint,5,0,0.0,1.0,S3,-0.0008088350296020508
mint-only-horizontal-run01,mint,5,0,0.0,1.0,S4,-0.0010732412338256836
mint-only-horizontal-run01,mint,5,0,0.0,1.0,S5,-0.00046956539154052734
mint-only-horizontal-run01,mint,5,0,0.0,1.0,S6,-3.919005393981934e-06
mint-only-horizontal-run01,mint,5,0,0.0,1.0,S7,-0.0015434026718139648
mint-only-horizontal-run01,mint,5,0,0.0,1.0,S8,-0.00038552284240722656
mint-only-horizontal-run01,mint,5,0,0.0,1.0,S9,-0.00011140108108520508
mint-only-horizontal-run01,mint,5,0,0.0,1.0,S10,-5.424022674560547e-05
mint-only-horizontal-run01,mint,5,0,0.0,1.0,S11,-0.0004125833511352539
mint-only-horizontal-run01,mint,5,0,0.0,1.0,S12,-0.0002124309539794922
mint-only-horizontal-run01,mint,5,0,0.0,1.0,S13,-0.0001595616340637207
mint-only-horizontal-run01,mint,5,0,0.0,1.0,S14,-8.413195610046387e-05
mint-only-horizontal-run01,mint,5,0,0.0,1.0,S15,-0.00018846988677978516
mint-only-horizontal-run01,mint,5,0,0.0,1.0,S16,-8.115172386169434e-05
mint-only-horizontal-run01,mint,5,0,0.0,1.0,S17,-0.0008248090744018555
mint-only-horizontal-run01,mint,5,0,0.0,1.0,S18,-0.000359266996383667
mint-only-horizontal-run01,mint,5,0,0.0,1.0,S19,-9.608268737792969e-05
mint-only-horizontal-run01,mint,5,0,0.0,1.0,S20,-0.00013273954391479492
mint-only-horizontal-run01,mint,5,0,0.0,1.0,S21,-8.377432823181152e-05
mint-only-horizontal-run01,mint,5,0,0.0,1.0,S22,0.00010699033737182617
mint-only-horizontal-run01,mint,5,0,0.0,1.0,S23,-0.0012058019638061523
mint-only-horizontal-run01,mint,5,0,0.0,1.0,S24,0.0007259845733642578
mint-only-horizontal-run01,mint,5,0,0.0,1.0,S25,0.00023573637008666992
mint-only-horizontal-run01,mint,5,0,0.0,1.0,S26,0.0006676316261291504
mint-only-horizontal-run01,mint,5,0,0.0,1.0,S27,-0.00033211708068847656
mint-only-horizontal-run01,mint,5,0,0.0,1.0,S28,-0.0002371668815612793
mint-only-horizontal-run01,mint,5,0,0.0,1.0,S29,-0.0002772212028503418
mint-only-horizontal-run01,mint,5,0,0.0,1.0,S30,4.649162292480469e-06
mint-only-horizontal-run01,mint,5,0,0.0,1.0,S31,-0.00026476383209228516
mint-only-horizontal-run01,mint,5,0,0.0,1.0,S32,0.00017392635345458984
mint-only-horizontal-run01,mint,5,6,6.0,7.0,S1,0.005844831466674805
mint-only-horizontal-run01,mint,5,6,6.0,7.0,S2,0.005865931510925293
mint-only-horizontal-run01,mint,5,6,6.0,7.0,S3,-0.00012159347534179688
mint-only-horizontal-run01,mint,5,6,6.0,7.0,S4,0.002279520034790039
mint-only-horizontal-run01,mint,5,6,6.0,7.0,S5,0.0001024007797241211
mint-only-horizontal-run01,mint,5,6,6.0,7.0,S6,-1.8358230590820312e-05
mint-only-horizontal-run01,mint,5,6,6.0,7.0,S7,-0.0015846490859985352
mint-only-horizontal-run01,mint,5,6,6.0,7.0,S8,-2.1517276763916016e-05
mint-only-horizontal-run01,mint,5,6,6.0,7.0,S9,0.0007240176200866699
mint-only-horizontal-run01,mint,5,6,6.0,7.0,S10,-1.3113021850585938e-06
mint-only-horizontal-run01,mint,5,6,6.0,7.0,S11,-0.00020074844360351562
mint-only-horizontal-run01,mint,5,6,6.0,7.0,S12,0.00019732117652893066
mint-only-horizontal-run01,mint,5,6,6.0,7.0,S13,0.00020885467529296875
mint-only-horizontal-run01,mint,5,6,6.0,7.0,S14,0.00016242265701293945
mint-only-horizontal-run01,mint,5,6,6.0,7.0,S15,0.0003279447555541992
mint-only-horizontal-run01,mint,5,6,6.0,7.0,S16,2.8580427169799805e-05
mint-only-horizontal-run01,mint,5,6,6.0,7.0,S17,0.00023746490478515625
mint-only-horizontal-run01,mint,5,6,6.0,7.0,S18,0.00014269351959228516
mint-only-horizontal-run01,mint,5,6,6.0,7.0,S19,0.0027933120727539062
mint-only-horizontal-run01,mint,5,6,6.0,7.0,S20,0.00017833709716796875
mint-only-horizontal-run01,mint,5,6,6.0,7.0,S21,-3.844499588012695e-06
mint-only-horizontal-run01,mint,5,6,6.0,7.0,S22,-3.874301910400391e-06
mint-only-horizontal-run01,mint,5,6,6.0,7.0,S23,0.0032842159271240234
mint-only-horizontal-run01,mint,5,6,6.0,7.0,S24,-0.0002650022506713867
mint-only-horizontal-run01,mint,5,6,6.0,7.0,S25,-0.0001214146614074707
mint-only-horizontal-run01,mint,5,6,6.0,7.0,S26,-0.0008254647254943848
mint-only-horizontal-run01,mint,5,6,6.0,7.0,S27,0.0010193586349487305
mint-only-horizontal-run01,mint,5,6,6.0,7.0,S28,-0.0009654760360717773
mint-only-horizontal-run01,mint,5,6,6.0,7.0,S29,-0.0007370114326477051
mint-only-horizontal-run01,mint,5,6,6.0,7.0,S30,-4.5359134674072266e-05
mint-only-horizontal-run01,mint,5,6,6.0,7.0,S31,0.0011339187622070312
mint-only-horizontal-run01,mint,5,6,6.0,7.0,S32,-0.0004576444625854492
mint-only-horizontal-run01,mint,6,0,0.0,1.0,S1,0.0006036758422851562
mint-only-horizontal-run01,mint,6,0,0.0,1.0,S2,0.0002620220184326172
mint-only-horizontal-run01,mint,6,0,0.0,1.0,S3,-0.0015510320663452148
mint-only-horizontal-run01,mint,6,0,0.0,1.0,S4,2.4616718292236328e-05
mint-only-horizontal-run01,mint,6,0,0.0,1.0,S5,-0.00010520219802856445
mint-only-horizontal-run01,mint,6,0,0.0,1.0,S6,5.960464477539062e-07
mint-only-horizontal-run01,mint,6,0,0.0,1.0,S7,-0.0015221834182739258
mint-only-horizontal-run01,mint,6,0,0.0,1.0,S8,-7.450580596923828e-05
mint-only-horizontal-run01,mint,6,0,0.0,1.0,S9,8.26120376586914e-05
mint-only-horizontal-run01,mint,6,0,0.0,1.0,S10,-1.0371208190917969e-05
mint-only-horizontal-run01,mint,6,0,0.0,1.0,S11,-0.00028014183044433594
mint-only-horizontal-run01,mint,6,0,0.0,1.0,S12,-1.5288591384887695e-05
mint-only-horizontal-run01,mint,6,0,0.0,1.0,S13,-8.940696716308594e-06
mint-only-horizontal-run01,mint,6,0,0.0,1.0,S14,1.800060272216797e-05
mint-only-horizontal-run01,mint,6,0,0.0,1.0,S15,0.0010571479797363281
mint-only-horizontal-run01,mint,6,0,0.0,1.0,S16,-4.26173210144043e-06
mint-only-horizontal-run01,mint,6,0,0.0,1.0,S17,-4.1484832763671875e-05
mint-only-horizontal-run01,mint,6,0,0.0,1.0,S18,-4.470348358154297e-05
mint-only-horizontal-run01,mint,6,0,0.0,1.0,S19,0.00026619434356689453
mint-only-horizontal-run01,mint,6,0,0.0,1.0,S20,0.00011181831359863281
mint-only-horizontal-run01,mint,6,0,0.0,1.0,S21,3.263354301452637e-05
mint-only-horizontal-run01,mint,6,0,0.0,1.0,S22,0.00014004111289978027
mint-only-horizontal-run01,mint,6,0,0.0,1.0,S23,8.606910705566406e-05
mint-only-horizontal-run01,mint,6,0,0.0,1.0,S24,0.0006624460220336914
mint-only-horizontal-run01,mint,6,0,0.0,1.0,S25,0.00022166967391967773
mint-only-horizontal-run01,mint,6,0,0.0,1.0,S26,0.0011621713638305664
mint-only-horizontal-run01,mint,6,0,0.0,1.0,S27,2.8133392333984375e-05
mint-only-horizontal-run01,mint,6,0,0.0,1.0,S28,0.00033611059188842773
mint-only-horizontal-run01,mint,6,0,0.0,1.0,S29,0.0004910826683044434
mint-only-horizontal-run01,mint,6,0,0.0,1.0,S30,2.962350845336914e-05
mint-only-horizontal-run01,mint,6,0,0.0,1.0,S31,-0.0012743473052978516
mint-only-horizontal-run01,mint,6,0,0.0,1.0,S32,0.00029858946800231934
mint-only-horizontal-run01,mint,6,3,3.0,4.0,S1,0.08251619338989258
mint-only-horizontal-run01,mint,6,3,3.0,4.0,S2,0.07213640213012695
mint-only-horizontal-run01,mint,6,3,3.0,4.0,S3,-0.0003151893615722656
mint-only-horizontal-run01,mint,6,3,3.0,4.0,S4,0.03011012077331543
mint-only-horizontal-run01,mint,6,3,3.0,4.0,S5,0.0029526948928833008
mint-only-horizontal-run01,mint,6,3,3.0,4.0,S6,2.98917293548584e-05
mint-only-horizontal-run01,mint,6,3,3.0,4.0,S7,2.956390380859375e-05
mint-only-horizontal-run01,mint,6,3,3.0,4.0,S8,0.0027998685836791992
mint-only-horizontal-run01,mint,6,3,3.0,4.0,S9,0.010410070419311523
mint-only-horizontal-run01,mint,6,3,3.0,4.0,S10,0.00033462047576904297
mint-only-horizontal-run01,mint,6,3,3.0,4.0,S11,-0.0007424354553222656
mint-only-horizontal-run01,mint,6,3,3.0,4.0,S12,0.003908216953277588
mint-only-horizontal-run01,mint,6,3,3.0,4.0,S13,0.004324555397033691
mint-only-horizontal-run01,mint,6,3,3.0,4.0,S14,0.003932774066925049
mint-only-horizontal-run01,mint,6,3,3.0,4.0,S15,-0.00019049644470214844
mint-only-horizontal-run01,mint,6,3,3.0,4.0,S16,0.0011957883834838867
mint-only-horizontal-run01,mint,6,3,3.0,4.0,S17,0.012012839317321777
mint-only-horizontal-run01,mint,6,3,3.0,4.0,S18,0.005096554756164551
mint-only-horizontal-run01,mint,6,3,3.0,4.0,S19,-0.0026547908782958984
mint-only-horizontal-run01,mint,6,3,3.0,4.0,S20,0.00816488265991211
mint-only-horizontal-run01,mint,6,3,3.0,4.0,S21,0.0027047395706176758
mint-only-horizontal-run01,mint,6,3,3.0,4.0,S22,0.003485739231109619
mint-only-horizontal-run01,mint,6,3,3.0,4.0,S23,-0.0030624866485595703
mint-only-horizontal-run01,mint,6,3,3.0,4.0,S24,0.009250998497009277
mint-only-horizontal-run01,mint,6,3,3.0,4.0,S25,0.0052536725997924805
mint-only-horizontal-run01,mint,6,3,3.0,4.0,S26,0.024104595184326172
mint-only-horizontal-run01,mint,6,3,3.0,4.0,S27,-0.0031270980834960938
mint-only-horizontal-run01,mint,6,3,3.0,4.0,S28,0.010319828987121582
mint-only-horizontal-run01,mint,6,3,3.0,4.0,S29,0.014781475067138672
mint-only-horizontal-run01,mint,6,3,3.0,4.0,S30,0.001042485237121582
mint-only-horizontal-run01,mint,6,3,3.0,4.0,S31,-0.0035164356231689453
mint-only-horizontal-run01,mint,6,3,3.0,4.0,S32,0.0032935142517089844
mint-only-horizontal-run01,mint,6,5,5.0,6.0,S1,0.06145310401916504
mint-only-horizontal-run01,mint,6,5,5.0,6.0,S2,0.05511772632598877
mint-only-horizontal-run01,mint,6,5,5.0,6.0,S3,-0.001263737678527832
mint-only-horizontal-run01,mint,6,5,5.0,6.0,S4,0.027962207794189453
mint-only-horizontal-run01,mint,6,5,5.0,6.0,S5,0.004793107509613037
mint-only-horizontal-run01,mint,6,5,5.0,6.0,S6,5.511939525604248e-05
mint-only-horizontal-run01,mint,6,5,5.0,6.0,S7,-0.00048470497131347656
mint-only-horizontal-run01,mint,6,5,5.0,6.0,S8,0.00412362813949585
mint-only-horizontal-run01,mint,6,5,5.0,6.0,S9,0.007662773132324219
mint-only-horizontal-run01,mint,6,5,5.0,6.0,S10,0.00042891502380371094
mint-only-horizontal-run01,mint,6,5,5.0,6.0,S11,0.00023674964904785156
mint-only-horizontal-run01,mint,6,5,5.0,6.0,S12,0.0037158727645874023
mint-only-horizontal-run01,mint,6,5,5.0,6.0,S13,0.003812849521636963
mint-only-horizontal-run01,mint,6,5,5.0,6.0,S14,0.0031352639198303223
mint-only-horizontal-run01,mint,6,5,5.0,6.0,S15,0.0003285408020019531
mint-only-horizontal-run01,mint,6,5,5.0,6.0,S16,0.0011774301528930664
mint-only-horizontal-run01,mint,6,5,5.0,6.0,S17,0.013615727424621582
mint-only-horizontal-run01,mint,6,5,5.0,6.0,S18,0.005405783653259277
mint-only-horizontal-run01,mint,6,5,5.0,6.0,S19,0.0025701522827148438
mint-only-horizontal-run01,mint,6,5,5.0,6.0,S20,0.006284475326538086
mint-only-horizontal-run01,mint,6,5,5.0,6.0,S21,0.0023322999477386475
mint-only-horizontal-run01,mint,6,5,5.0,6.0,S22,0.0021254420280456543
mint-only-horizontal-run01,mint,6,5,5.0,6.0,S23,0.0008276700973510742
mint-only-horizontal-run01,mint,6,5,5.0,6.0,S24,0.0036911368370056152
mint-only-horizontal-run01,mint,6,5,5.0,6.0,S25,0.0035157203674316406
mint-only-horizontal-run01,mint,6,5,5.0,6.0,S26,0.015589475631713867
mint-only-horizontal-run01,mint,6,5,5.0,6.0,S27,-0.0004178285598754883
mint-only-horizontal-run01,mint,6,5,5.0,6.0,S28,0.009213268756866455
mint-only-horizontal-run01,mint,6,5,5.0,6.0,S29,0.011976003646850586
mint-only-horizontal-run01,mint,6,5,5.0,6.0,S30,0.0008411407470703125
mint-only-horizontal-run01,mint,6,5,5.0,6.0,S31,-0.0005201101303100586
mint-only-horizontal-run01,mint,6,5,5.0,6.0,S32,0.0021173059940338135
mint-only-horizontal-run01,mint,6,6,6.0,7.0,S1,0.014429569244384766
mint-only-horizontal-run01,mint,6,6,6.0,7.0,S2,0.013208150863647461
mint-only-horizontal-run01,mint,6,6,6.0,7.0,S3,0.0001595020294189453
mint-only-horizontal-run01,mint,6,6,6.0,7.0,S4,0.008521080017089844
mint-only-horizontal-run01,mint,6,6,6.0,7.0,S5,0.002041339874267578
mint-only-horizontal-run01,mint,6,6,6.0,7.0,S6,3.7342309951782227e-05
mint-only-horizontal-run01,mint,6,6,6.0,7.0,S7,0.0002510547637939453
mint-only-horizontal-run01,mint,6,6,6.0,7.0,S8,0.0019210577011108398
mint-only-horizontal-run01,mint,6,6,6.0,7.0,S9,0.0022896528244018555
mint-only-horizontal-run01,mint,6,6,6.0,7.0,S10,0.00022327899932861328
mint-only-horizontal-run01,mint,6,6,6.0,7.0,S11,-5.793571472167969e-05
mint-only-horizontal-run01,mint,6,6,6.0,7.0,S12,0.0014115571975708008
mint-only-horizontal-run01,mint,6,6,6.0,7.0,S13,0.0013365745544433594
mint-only-horizontal-run01,mint,6,6,6.0,7.0,S14,0.0010371804237365723
mint-only-horizontal-run01,mint,6,6,6.0,7.0,S15,1.6450881958007812e-05
mint-only-horizontal-run01,mint,6,6,6.0,7.0,S16,0.0004406571388244629
mint-only-horizontal-run01,mint,6,6,6.0,7.0,S17,0.005303621292114258
mint-only-horizontal-run01,mint,6,6,6.0,7.0,S18,0.0021179914474487305
mint-only-horizontal-run01,mint,6,6,6.0,7.0,S19,0.0001614093780517578
mint-only-horizontal-run01,mint,6,6,6.0,7.0,S20,0.0021924972534179688
mint-only-horizontal-run01,mint,6,6,6.0,7.0,S21,0.0009292364120483398
mint-only-horizontal-run01,mint,6,6,6.0,7.0,S22,0.0006768107414245605
mint-only-horizontal-run01,mint,6,6,6.0,7.0,S23,7.152557373046875e-05
mint-only-horizontal-run01,mint,6,6,6.0,7.0,S24,0.0009489059448242188
mint-only-horizontal-run01,mint,6,6,6.0,7.0,S25,0.0012941360473632812
mint-only-horizontal-run01,mint,6,6,6.0,7.0,S26,0.005630850791931152
mint-only-horizontal-run01,mint,6,6,6.0,7.0,S27,-0.002874612808227539
mint-only-horizontal-run01,mint,6,6,6.0,7.0,S28,0.004361629486083984
mint-only-horizontal-run01,mint,6,6,6.0,7.0,S29,0.004841208457946777
mint-only-horizontal-run01,mint,6,6,6.0,7.0,S30,0.00030356645584106445
mint-only-horizontal-run01,mint,6,6,6.0,7.0,S31,-0.0032281875610351562
mint-only-horizontal-run01,mint,6,6,6.0,7.0,S32,0.0009140968322753906
mint-only-horizontal-run01,mint,6,7,7.0,8.0,S1,0.003507852554321289
mint-only-horizontal-run01,mint,6,7,7.0,8.0,S2,0.003179788589477539
mint-only-horizontal-run01,mint,6,7,7.0,8.0,S3,-0.002904176712036133
mint-only-horizontal-run01,mint,6,7,7.0,8.0,S4,0.002246379852294922
mint-only-horizontal-run01,mint,6,7,7.0,8.0,S5,0.0007251501083374023
mint-only-horizontal-run01,mint,6,7,7.0,8.0,S6,4.124641418457031e-05
mint-only-horizontal-run01,mint,6,7,7.0,8.0,S7,-0.0008447170257568359
mint-only-horizontal-run01,mint,6,7,7.0,8.0,S8,0.0007455348968505859
mint-only-horizontal-run01,mint,6,7,7.0,8.0,S9,0.00043976306915283203
mint-only-horizontal-run01,mint,6,7,7.0,8.0,S10,6.246566772460938e-05
mint-only-horizontal-run01,mint,6,7,7.0,8.0,S11,-0.0005421638488769531
mint-only-horizontal-run01,mint,6,7,7.0,8.0,S12,0.0004349946975708008
mint-only-horizontal-run01,mint,6,7,7.0,8.0,S13,0.0003720521926879883
mint-only-horizontal-run01,mint,6,7,7.0,8.0,S14,0.0002753138542175293
mint-only-horizontal-run01,mint,6,7,7.0,8.0,S15,-0.0026617050170898438
mint-only-horizontal-run01,mint,6,7,7.0,8.0,S16,0.00013512372970581055
mint-only-horizontal-run01,mint,6,7,7.0,8.0,S17,0.0021260976791381836
mint-only-horizontal-run01,mint,6,7,7.0,8.0,S18,0.0007466673851013184
mint-only-horizontal-run01,mint,6,7,7.0,8.0,S19,-0.0004899501800537109
mint-only-horizontal-run01,mint,6,7,7.0,8.0,S20,0.0006824731826782227
mint-only-horizontal-run01,mint,6,7,7.0,8.0,S21,0.0002791881561279297
mint-only-horizontal-run01,mint,6,7,7.0,8.0,S22,0.00019180774688720703
mint-only-horizontal-run01,mint,6,7,7.0,8.0,S23,5.698204040527344e-05
mint-only-horizontal-run01,mint,6,7,7.0,8.0,S24,8.404254913330078e-05
mint-only-horizontal-run01,mint,6,7,7.0,8.0,S25,0.0005621910095214844
mint-only-horizontal-run01,mint,6,7,7.0,8.0,S26,0.0016326904296875
mint-only-horizontal-run01,mint,6,7,7.0,8.0,S27,-0.0023980140686035156
mint-only-horizontal-run01,mint,6,7,7.0,8.0,S28,0.0018819570541381836
mint-only-horizontal-run01,mint,6,7,7.0,8.0,S29,0.0016858577728271484
mint-only-horizontal-run01,mint,6,7,7.0,8.0,S30,0.0001277923583984375
mint-only-horizontal-run01,mint,6,7,7.0,8.0,S31,-0.0007884502410888672
mint-only-horizontal-run01,mint,6,7,7.0,8.0,S32,0.0003726482391357422
mint-only-horizontal-run01,mint,7,0,0.0,1.0,S1,-0.017223119735717773
mint-only-horizontal-run01,mint,7,0,0.0,1.0,S2,-0.014275550842285156
mint-only-horizontal-run01,mint,7,0,0.0,1.0,S3,-0.0001188516616821289
mint-only-horizontal-run01,mint,7,0,0.0,1.0,S4,-0.004145562648773193
mint-only-horizontal-run01,mint,7,0,0.0,1.0,S5,0.00043761730194091797
mint-only-horizontal-run01,mint,7,0,0.0,1.0,S6,1.0371208190917969e-05
mint-only-horizontal-run01,mint,7,0,0.0,1.0,S7,2.5033950805664062e-05
mint-only-horizontal-run01,mint,7,0,0.0,1.0,S8,0.0004267096519470215
mint-only-horizontal-run01,mint,7,0,0.0,1.0,S9,-0.0021327733993530273
mint-only-horizontal-run01,mint,7,0,0.0,1.0,S10,6.759166717529297e-05
mint-only-horizontal-run01,mint,7,0,0.0,1.0,S11,0.0007069110870361328
mint-only-horizontal-run01,mint,7,0,0.0,1.0,S12,-0.00024211406707763672
mint-only-horizontal-run01,mint,7,0,0.0,1.0,S13,-0.0005258321762084961
mint-only-horizontal-run01,mint,7,0,0.0,1.0,S14,-0.0006359219551086426
mint-only-horizontal-run01,mint,7,0,0.0,1.0,S15,-0.00015294551849365234
mint-only-horizontal-run01,mint,7,0,0.0,1.0,S16,-6.93202018737793e-05
mint-only-horizontal-run01,mint,7,0,0.0,1.0,S17,0.0005124807357788086
mint-only-horizontal-run01,mint,7,0,0.0,1.0,S18,3.987550735473633e-05
mint-only-horizontal-run01,mint,7,0,0.0,1.0,S19,0.0011216402053833008
mint-only-horizontal-run01,mint,7,0,0.0,1.0,S20,-0.0011954307556152344
mint-only-horizontal-run01,mint,7,0,0.0,1.0,S21,-0.00025460124015808105
mint-only-horizontal-run01,mint,7,0,0.0,1.0,S22,-0.0008729696273803711
mint-only-horizontal-run01,mint,7,0,0.0,1.0,S23,0.0011096000671386719
mint-only-horizontal-run01,mint,7,0,0.0,1.0,S24,-0.0036982297897338867
mint-only-horizontal-run01,mint,7,0,0.0,1.0,S25,-0.001129448413848877
mint-only-horizontal-run01,mint,7,0,0.0,1.0,S26,-0.005070984363555908
mint-only-horizontal-run01,mint,7,0,0.0,1.0,S27,-0.00035202503204345703
mint-only-horizontal-run01,mint,7,0,0.0,1.0,S28,0.0002830624580383301
mint-only-horizontal-run01,mint,7,0,0.0,1.0,S29,-0.0015946626663208008
mint-only-horizontal-run01,mint,7,0,0.0,1.0,S30,2.1696090698242188e-05
mint-only-horizontal-run01,mint,7,0,0.0,1.0,S31,-0.002140522003173828
mint-only-horizontal-run01,mint,7,0,0.0,1.0,S32,-0.0006836354732513428
mint-only-horizontal-run01,mint,7,1,1.0,2.0,S1,0.06437873840332031
mint-only-horizontal-run01,mint,7,1,1.0,2.0,S2,0.05732107162475586
mint-only-horizontal-run01,mint,7,1,1.0,2.0,S3,0.0023751258850097656
mint-only-horizontal-run01,mint,7,1,1.0,2.0,S4,0.024482369422912598
mint-only-horizontal-run01,mint,7,1,1.0,2.0,S5,0.0027761459350585938
mint-only-horizontal-run01,mint,7,1,1.0,2.0,S6,-3.516674041748047e-06
mint-only-horizontal-run01,mint,7,1,1.0,2.0,S7,0.0008761882781982422
mint-only-horizontal-run01,mint,7,1,1.0,2.0,S8,0.002723097801208496
mint-only-horizontal-run01,mint,7,1,1.0,2.0,S9,0.008273959159851074
mint-only-horizontal-run01,mint,7,1,1.0,2.0,S10,0.00029969215393066406
mint-only-horizontal-run01,mint,7,1,1.0,2.0,S11,0.002562999725341797
mint-only-horizontal-run01,mint,7,1,1.0,2.0,S12,0.0032390952110290527
mint-only-horizontal-run01,mint,7,1,1.0,2.0,S13,0.0035513639450073242
mint-only-horizontal-run01,mint,7,1,1.0,2.0,S14,0.0031133294105529785
mint-only-horizontal-run01,mint,7,1,1.0,2.0,S15,0.00022840499877929688
mint-only-horizontal-run01,mint,7,1,1.0,2.0,S16,0.0009934306144714355
mint-only-horizontal-run01,mint,7,1,1.0,2.0,S17,0.01017141342163086
mint-only-horizontal-run01,mint,7,1,1.0,2.0,S18,0.0044626593589782715
mint-only-horizontal-run01,mint,7,1,1.0,2.0,S19,6.628036499023438e-05
mint-only-horizontal-run01,mint,7,1,1.0,2.0,S20,0.006526947021484375
mint-only-horizontal-run01,mint,7,1,1.0,2.0,S21,0.0022280216217041016
mint-only-horizontal-run01,mint,7,1,1.0,2.0,S22,0.002610921859741211
mint-only-horizontal-run01,mint,7,1,1.0,2.0,S23,-3.838539123535156e-05
mint-only-horizontal-run01,mint,7,1,1.0,2.0,S24,0.006513118743896484
mint-only-horizontal-run01,mint,7,1,1.0,2.0,S25,0.004148244857788086
mint-only-horizontal-run01,mint,7,1,1.0,2.0,S26,0.018764495849609375
mint-only-horizontal-run01,mint,7,1,1.0,2.0,S27,0.0001506805419921875
mint-only-horizontal-run01,mint,7,1,1.0,2.0,S28,0.008905649185180664
mint-only-horizontal-run01,mint,7,1,1.0,2.0,S29,0.011931300163269043
mint-only-horizontal-run01,mint,7,1,1.0,2.0,S30,0.0008597970008850098
mint-only-horizontal-run01,mint,7,1,1.0,2.0,S31,-0.002279996871948242
mint-only-horizontal-run01,mint,7,1,1.0,2.0,S32,0.0024653077125549316
mint-only-horizontal-run01,mint,7,2,2.0,3.0,S1,-0.001184225082397461
mint-only-horizontal-run01,mint,7,2,2.0,3.0,S2,-0.0007288455963134766
mint-only-horizontal-run01,mint,7,2,2.0,3.0,S3,-0.0008714199066162109
mint-only-horizontal-run01,mint,7,2,2.0,3.0,S4,0.0004172325134277344
mint-only-horizontal-run01,mint,7,2,2.0,3.0,S5,0.0006004571914672852
mint-only-horizontal-run01,mint,7,2,2.0,3.0,S6,2.98917293548584e-05
mint-only-horizontal-run01,mint,7,2,2.0,3.0,S7,-0.0002827644348144531
mint-only-horizontal-run01,mint,7,2,2.0,3.0,S8,0.0009387731552124023
mint-only-horizontal-run01,mint,7,2,2.0,3.0,S9,-7.343292236328125e-05
mint-only-horizontal-run01,mint,7,2,2.0,3.0,S10,0.00012254714965820312
mint-only-horizontal-run01,mint,7,2,2.0,3.0,S11,0.0
mint-only-horizontal-run01,mint,7,2,2.0,3.0,S12,0.0003173947334289551
mint-only-horizontal-run01,mint,7,2,2.0,3.0,S13,0.00015735626220703125
mint-only-horizontal-run01,mint,7,2,2.0,3.0,S14,0.00013083219528198242
mint-only-horizontal-run01,mint,7,2,2.0,3.0,S15,0.00231170654296875
mint-only-horizontal-run01,mint,7,2,2.0,3.0,S16,6.026029586791992e-05
mint-only-horizontal-run01,mint,7,2,2.0,3.0,S17,0.0011138916015625
mint-only-horizontal-run01,mint,7,2,2.0,3.0,S18,0.0004661679267883301
mint-only-horizontal-run01,mint,7,2,2.0,3.0,S19,0.0028772354125976562
mint-only-horizontal-run01,mint,7,2,2.0,3.0,S20,0.0003846883773803711
mint-only-horizontal-run01,mint,7,2,2.0,3.0,S21,0.00019240379333496094
mint-only-horizontal-run01,mint,7,2,2.0,3.0,S22,5.561113357543945e-05
mint-only-horizontal-run01,mint,7,2,2.0,3.0,S23,0.00341796875
mint-only-horizontal-run01,mint,7,2,2.0,3.0,S24,-0.00030112266540527344
mint-only-horizontal-run01,mint,7,2,2.0,3.0,S25,0.0003432035446166992
mint-only-horizontal-run01,mint,7,2,2.0,3.0,S26,0.0009655952453613281
mint-only-horizontal-run01,mint,7,2,2.0,3.0,S27,0.000522613525390625
mint-only-horizontal-run01,mint,7,2,2.0,3.0,S28,0.0023893117904663086
mint-only-horizontal-run01,mint,7,2,2.0,3.0,S29,0.0010466575622558594
mint-only-horizontal-run01,mint,7,2,2.0,3.0,S30,0.00022262334823608398
mint-only-horizontal-run01,mint,7,2,2.0,3.0,S31,-0.0022928714752197266
mint-only-horizontal-run01,mint,7,2,2.0,3.0,S32,0.0003605484962463379
mint-only-horizontal-run01,mint,7,6,6.0,7.0,S1,-0.013669967651367188
mint-only-horizontal-run01,mint,7,6,6.0,7.0,S2,-0.011472702026367188
mint-only-horizontal-run01,mint,7,6,6.0,7.0,S3,5.7816505432128906e-05
mint-only-horizontal-run01,mint,7,6,6.0,7.0,S4,-0.0031321048736572266
mint-only-horizontal-run01,mint,7,6,6.0,7.0,S5,0.0007571578025817871
mint-only-horizontal-run01,mint,7,6,6.0,7.0,S6,5.014240741729736e-05
mint-only-horizontal-run01,mint,7,6,6.0,7.0,S7,-0.0002186298370361328
mint-only-horizontal-run01,mint,7,6,6.0,7.0,S8,0.0009417533874511719
mint-only-horizontal-run01,mint,7,6,6.0,7.0,S9,-0.0019246935844421387
mint-only-horizontal-run01,mint,7,6,6.0,7.0,S10,0.00010716915130615234
mint-only-horizontal-run01,mint,7,6,6.0,7.0,S11,0.0006132125854492188
mint-only-horizontal-run01,mint,7,6,6.0,7.0,S12,-7.346272468566895e-05
mint-only-horizontal-run01,mint,7,6,6.0,7.0,S13,-0.00041240453720092773
mint-only-horizontal-run01,mint,7,6,6.0,7.0,S14,-0.0005047917366027832
mint-only-horizontal-run01,mint,7,6,6.0,7.0,S15,0.0008721351623535156
mint-only-horizontal-run01,mint,7,6,6.0,7.0,S16,-6.133317947387695e-05
mint-only-horizontal-run01,mint,7,6,6.0,7.0,S17,7.832050323486328e-05
mint-only-horizontal-run01,mint,7,6,6.0,7.0,S18,7.337331771850586e-05
mint-only-horizontal-run01,mint,7,6,6.0,7.0,S19,0.00026488304138183594
mint-only-horizontal-run01,mint,7,6,6.0,7.0,S20,-0.000901341438293457
mint-only-horizontal-run01,mint,7,6,6.0,7.0,S21,-0.00018969178199768066
mint-only-horizontal-run01,mint,7,6,6.0,7.0,S22,-0.0006551146507263184
mint-only-horizontal-run01,mint,7,6,6.0,7.0,S23,7.641315460205078e-05
mint-only-horizontal-run01,mint,7,6,6.0,7.0,S24,-0.0023204684257507324
mint-only-horizontal-run01,mint,7,6,6.0,7.0,S25,-0.0003521442413330078
mint-only-horizontal-run01,mint,7,6,6.0,7.0,S26,-0.002386927604675293
mint-only-horizontal-run01,mint,7,6,6.0,7.0,S27,-0.00010943412780761719
mint-only-horizontal-run01,mint,7,6,6.0,7.0,S28,0.0017822980880737305
mint-only-horizontal-run01,mint,7,6,6.0,7.0,S29,-1.3709068298339844e-05
mint-only-horizontal-run01,mint,7,6,6.0,7.0,S30,0.0001411736011505127
mint-only-horizontal-run01,mint,7,6,6.0,7.0,S31,0.0006109476089477539
mint-only-horizontal-run01,mint,7,6,6.0,7.0,S32,0.00024136900901794434
mint-only-horizontal-run01,mint,8,0,0.0,1.0,S1,0.01038813591003418
mint-only-horizontal-run01,mint,8,0,0.0,1.0,S2,0.010315418243408203
mint-only-horizontal-run01,mint,8,0,0.0,1.0,S3,0.0023996829986572266
mint-only-horizontal-run01,mint,8,0,0.0,1.0,S4,0.006676077842712402
mint-only-horizontal-run01,mint,8,0,0.0,1.0,S5,0.001263737678527832
mint-only-horizontal-run01,mint,8,0,0.0,1.0,S6,-5.692243576049805e-06
mint-only-horizontal-run01,mint,8,0,0.0,1.0,S7,0.00036525726318359375
mint-only-horizontal-run01,mint,8,0,0.0,1.0,S8,0.0010190010070800781
mint-only-horizontal-run01,mint,8,0,0.0,1.0,S9,0.0021266937255859375
mint-only-horizontal-run01,mint,8,0,0.0,1.0,S10,0.00015628337860107422
mint-only-horizontal-run01,mint,8,0,0.0,1.0,S11,-7.867813110351562e-05
mint-only-horizontal-run01,mint,8,0,0.0,1.0,S12,0.00106048583984375
mint-only-horizontal-run01,mint,8,0,0.0,1.0,S13,0.0010854005813598633
mint-only-horizontal-run01,mint,8,0,0.0,1.0,S14,0.0008143782615661621
mint-only-horizontal-run01,mint,8,0,0.0,1.0,S15,0.0023920536041259766
mint-only-horizontal-run01,mint,8,0,0.0,1.0,S16,0.0003192424774169922
mint-only-horizontal-run01,mint,8,0,0.0,1.0,S17,0.0030115842819213867
mint-only-horizontal-run01,mint,8,0,0.0,1.0,S18,0.0014620423316955566
mint-only-horizontal-run01,mint,8,0,0.0,1.0,S19,0.00018715858459472656
mint-only-horizontal-run01,mint,8,0,0.0,1.0,S20,0.0016883611679077148
mint-only-horizontal-run01,mint,8,0,0.0,1.0,S21,0.0006468892097473145
mint-only-horizontal-run01,mint,8,0,0.0,1.0,S22,0.000546872615814209
mint-only-horizontal-run01,mint,8,0,0.0,1.0,S23,-0.0005767345428466797
mint-only-horizontal-run01,mint,8,0,0.0,1.0,S24,0.0011724233627319336
mint-only-horizontal-run01,mint,8,0,0.0,1.0,S25,0.0006268024444580078
mint-only-horizontal-run01,mint,8,0,0.0,1.0,S26,0.00394749641418457
mint-only-horizontal-run01,mint,8,0,0.0,1.0,S27,0.002394437789916992
mint-only-horizontal-run01,mint,8,0,0.0,1.0,S28,0.0022925138473510742
mint-only-horizontal-run01,mint,8,0,0.0,1.0,S29,0.0033409595489501953
mint-only-horizontal-run01,mint,8,0,0.0,1.0,S30,0.00022906064987182617
mint-only-horizontal-run01,mint,8,0,0.0,1.0,S31,-0.0013086795806884766
mint-only-horizontal-run01,mint,8,0,0.0,1.0,S32,0.0005857944488525391
mint-only-horizontal-run01,mint,8,2,2.0,3.0,S1,-0.025303959846496582
mint-only-horizontal-run01,mint,8,2,2.0,3.0,S2,-0.022286534309387207
mint-only-horizontal-run01,mint,8,2,2.0,3.0,S3,-0.00017309188842773438
mint-only-horizontal-run01,mint,8,2,2.0,3.0,S4,-0.010387599468231201
mint-only-horizontal-run01,mint,8,2,2.0,3.0,S5,-0.001091301441192627
mint-only-horizontal-run01,mint,8,2,2.0,3.0,S6,-3.851950168609619e-05
mint-only-horizontal-run01,mint,8,2,2.0,3.0,S7,0.0019910335540771484
mint-only-horizontal-run01,mint,8,2,2.0,3.0,S8,-0.0012378692626953125
mint-only-horizontal-run01,mint,8,2,2.0,3.0,S9,-0.0031189918518066406
mint-only-horizontal-run01,mint,8,2,2.0,3.0,S10,-0.00016611814498901367
mint-only-horizontal-run01,mint,8,2,2.0,3.0,S11,0.002628803253173828
mint-only-horizontal-run01,mint,8,2,2.0,3.0,S12,-0.0013228356838226318
mint-only-horizontal-run01,mint,8,2,2.0,3.0,S13,-0.0013453960418701172
mint-only-horizontal-run01,mint,8,2,2.0,3.0,S14,-0.0012099742889404297
mint-only-horizontal-run01,mint,8,2,2.0,3.0,S15,0.00036454200744628906
mint-only-horizontal-run01,mint,8,2,2.0,3.0,S16,-0.00041535496711730957
mint-only-horizontal-run01,mint,8,2,2.0,3.0,S17,-0.003380119800567627
mint-only-horizontal-run01,mint,8,2,2.0,3.0,S18,-0.0014992356300354004
mint-only-horizontal-run01,mint,8,2,2.0,3.0,S19,-0.0004904270172119141
mint-only-horizontal-run01,mint,8,2,2.0,3.0,S20,-0.002124488353729248
mint-only-horizontal-run01,mint,8,2,2.0,3.0,S21,-0.0006840825080871582
mint-only-horizontal-run01,mint,8,2,2.0,3.0,S22,-0.0007493793964385986
mint-only-horizontal-run01,mint,8,2,2.0,3.0,S23,-0.0008393526077270508
mint-only-horizontal-run01,mint,8,2,2.0,3.0,S24,-0.0014486908912658691
mint-only-horizontal-run01,mint,8,2,2.0,3.0,S25,-0.0008243322372436523
mint-only-horizontal-run01,mint,8,2,2.0,3.0,S26,-0.004618227481842041
mint-only-horizontal-run01,mint,8,2,2.0,3.0,S27,0.002241969108581543
mint-only-horizontal-run01,mint,8,2,2.0,3.0,S28,-0.0025571584701538086
mint-only-horizontal-run01,mint,8,2,2.0,3.0,S29,-0.00290524959564209
mint-only-horizontal-run01,mint,8,2,2.0,3.0,S30,-0.00018036365509033203
mint-only-horizontal-run01,mint,8,2,2.0,3.0,S31,0.001466512680053711
mint-only-horizontal-run01,mint,8,2,2.0,3.0,S32,-0.0006127357482910156
mint-only-horizontal-run01,mint,8,4,4.0,5.0,S1,0.015213489532470703
mint-only-horizontal-run01,mint,8,4,4.0,5.0,S2,0.014702677726745605
mint-only-horizontal-run01,mint,8,4,4.0,5.0,S3,3.4928321838378906e-05
mint-only-horizontal-run01,mint,8,4,4.0,5.0,S4,0.0076007843017578125
mint-only-horizontal-run01,mint,8,4,4.0,5.0,S5,0.0010432600975036621
mint-only-horizontal-run01,mint,8,4,4.0,5.0,S6,1.220405101776123e-05
mint-only-horizontal-run01,mint,8,4,4.0,5.0,S7,0.0016202926635742188
mint-only-horizontal-run01,mint,8,4,4.0,5.0,S8,0.0008003711700439453
mint-only-horizontal-run01,mint,8,4,4.0,5.0,S9,0.0026459693908691406
mint-only-horizontal-run01,mint,8,4,4.0,5.0,S10,8.83340835571289e-05
mint-only-horizontal-run01,mint,8,4,4.0,5.0,S11,0.00016605854034423828
mint-only-horizontal-run01,mint,8,4,4.0,5.0,S12,0.0011020302772521973
mint-only-horizontal-run01,mint,8,4,4.0,5.0,S13,0.0011922121047973633
mint-only-horizontal-run01,mint,8,4,4.0,5.0,S14,0.0010401606559753418
mint-only-horizontal-run01,mint,8,4,4.0,5.0,S15,0.0015308856964111328
mint-only-horizontal-run01,mint,8,4,4.0,5.0,S16,0.00032269954681396484
mint-only-horizontal-run01,mint,8,4,4.0,5.0,S17,0.002856314182281494
mint-only-horizontal-run01,mint,8,4,4.0,5.0,S18,0.001381009817123413
mint-only-horizontal-run01,mint,8,4,4.0,5.0,S19,0.00046324729919433594
mint-only-horizontal-run01,mint,8,4,4.0,5.0,S20,0.0020092129707336426
mint-only-horizontal-run01,mint,8,4,4.0,5.0,S21,0.0006663501262664795
mint-only-horizontal-run01,mint,8,4,4.0,5.0,S22,0.0008057951927185059
mint-only-horizontal-run01,mint,8,4,4.0,5.0,S23,-0.0023592710494995117
mint-only-horizontal-run01,mint,8,4,4.0,5.0,S24,0.0021979212760925293
mint-only-horizontal-run01,mint,8,4,4.0,5.0,S25,0.0011498332023620605
mint-only-horizontal-run01,mint,8,4,4.0,5.0,S26,0.004908204078674316
mint-only-horizontal-run01,mint,8,4,4.0,5.0,S27,-0.0028378963470458984
mint-only-horizontal-run01,mint,8,4,4.0,5.0,S28,0.002193927764892578
mint-only-horizontal-run01,mint,8,4,4.0,5.0,S29,0.003401815891265869
mint-only-horizontal-run01,mint,8,4,4.0,5.0,S30,0.00028321146965026855
mint-only-horizontal-run01,mint,8,4,4.0,5.0,S31,-0.001944899559020996
mint-only-horizontal-run01,mint,8,4,4.0,5.0,S32,0.0006997585296630859
mint-only-horizontal-run01,mint,8,7,7.0,8.0,S1,0.016647815704345703
mint-only-horizontal-run01,mint,8,7,7.0,8.0,S2,0.01576972007751465
mint-only-horizontal-run01,mint,8,7,7.0,8.0,S3,0.00018787384033203125
mint-only-horizontal-run01,mint,8,7,7.0,8.0,S4,0.0078352689743042
mint-only-horizontal-run01,mint,8,7,7.0,8.0,S5,0.0009076595306396484
mint-only-horizontal-run01,mint,8,7,7.0,8.0,S6,1.195073127746582e-05
mint-only-horizontal-run01,mint,8,7,7.0,8.0,S7,-0.002624034881591797
mint-only-horizontal-run01,mint,8,7,7.0,8.0,S8,0.0006744861602783203
mint-only-horizontal-run01,mint,8,7,7.0,8.0,S9,0.002753734588623047
mint-only-horizontal-run01,mint,8,7,7.0,8.0,S10,8.571147918701172e-05
mint-only-horizontal-run01,mint,8,7,7.0,8.0,S11,0.002218008041381836
mint-only-horizontal-run01,mint,8,7,7.0,8.0,S12,0.0010225772857666016
mint-only-horizontal-run01,mint,8,7,7.0,8.0,S13,0.0011556148529052734
mint-only-horizontal-run01,mint,8,7,7.0,8.0,S14,0.0010222196578979492
mint-only-horizontal-run01,mint,8,7,7.0,8.0,S15,0.000194549560546875
mint-only-horizontal-run01,mint,8,7,7.0,8.0,S16,0.0002905726432800293
mint-only-horizontal-run01,mint,8,7,7.0,8.0,S17,0.002530694007873535
mint-only-horizontal-run01,mint,8,7,7.0,8.0,S18,0.0012679696083068848
mint-only-horizontal-run01,mint,8,7,7.0,8.0,S19,0.0025806427001953125
mint-only-horizontal-run01,mint,8,7,7.0,8.0,S20,0.0018497705459594727
mint-only-horizontal-run01,mint,8,7,7.0,8.0,S21,0.000622868537902832
mint-only-horizontal-run01,mint,8,7,7.0,8.0,S22,0.0007696151733398438
mint-only-horizontal-run01,mint,8,7,7.0,8.0,S23,0.0004994869232177734
mint-only-horizontal-run01,mint,8,7,7.0,8.0,S24,0.0020627975463867188
mint-only-horizontal-run01,mint,8,7,7.0,8.0,S25,0.0008900165557861328
mint-only-horizontal-run01,mint,8,7,7.0,8.0,S26,0.004557490348815918
mint-only-horizontal-run01,mint,8,7,7.0,8.0,S27,0.00030159950256347656
mint-only-horizontal-run01,mint,8,7,7.0,8.0,S28,0.0018157958984375
mint-only-horizontal-run01,mint,8,7,7.0,8.0,S29,0.0029244422912597656
mint-only-horizontal-run01,mint,8,7,7.0,8.0,S30,0.0002644062042236328
mint-only-horizontal-run01,mint,8,7,7.0,8.0,S31,0.00043010711669921875
mint-only-horizontal-run01,mint,8,7,7.0,8.0,S32,0.0006083250045776367
mint-only-horizontal-run01,mint,8,9,9.0,10.0,S1,0.016529321670532227
mint-only-horizontal-run01,mint,8,9,9.0,10.0,S2,0.015511274337768555
mint-only-horizontal-run01,mint,8,9,9.0,10.0,S3,-0.00025331974029541016
mint-only-horizontal-run01,mint,8,9,9.0,10.0,S4,0.007907450199127197
mint-only-horizontal-run01,mint,8,9,9.0,10.0,S5,0.0008221268653869629
mint-only-horizontal-run01,mint,8,9,9.0,10.0,S6,-1.9744038581848145e-05
mint-only-horizontal-run01,mint,8,9,9.0,10.0,S7,0.0017741918563842773
mint-only-horizontal-run01,mint,8,9,9.0,10.0,S8,0.0007621645927429199
mint-only-horizontal-run01,mint,8,9,9.0,10.0,S9,0.002805054187774658
mint-only-horizontal-run01,mint,8,9,9.0,10.0,S10,0.00011605024337768555
mint-only-horizontal-run01,mint,8,9,9.0,10.0,S11,0.0022429227828979492
mint-only-horizontal-run01,mint,8,9,9.0,10.0,S12,0.0010845363140106201
mint-only-horizontal-run01,mint,8,9,9.0,10.0,S13,0.0012196898460388184
mint-only-horizontal-run01,mint,8,9,9.0,10.0,S14,0.001075834035873413
mint-only-horizontal-run01,mint,8,9,9.0,10.0,S15,-5.125999450683594e-06
mint-only-horizontal-run01,mint,8,9,9.0,10.0,S16,0.00029793381690979004
mint-only-horizontal-run01,mint,8,9,9.0,10.0,S17,0.002652883529663086
mint-only-horizontal-run01,mint,8,9,9.0,10.0,S18,0.0013253092765808105
mint-only-horizontal-run01,mint,8,9,9.0,10.0,S19,1.8715858459472656e-05
mint-only-horizontal-run01,mint,8,9,9.0,10.0,S20,0.002014338970184326
mint-only-horizontal-run01,mint,8,9,9.0,10.0,S21,0.0006674230098724365
mint-only-horizontal-run01,mint,8,9,9.0,10.0,S22,0.0008490085601806641
mint-only-horizontal-run01,mint,8,9,9.0,10.0,S23,-0.0002703666687011719
mint-only-horizontal-run01,mint,8,9,9.0,10.0,S24,0.0023764967918395996
mint-only-horizontal-run01,mint,8,9,9.0,10.0,S25,0.0011730194091796875
mint-only-horizontal-run01,mint,8,9,9.0,10.0,S26,0.005240499973297119
mint-only-horizontal-run01,mint,8,9,9.0,10.0,S27,-0.000274658203125
mint-only-horizontal-run01,mint,8,9,9.0,10.0,S28,0.0019335746765136719
mint-only-horizontal-run01,mint,8,9,9.0,10.0,S29,0.0031164884567260742
mint-only-horizontal-run01,mint,8,9,9.0,10.0,S30,0.00023233890533447266
mint-only-horizontal-run01,mint,8,9,9.0,10.0,S31,0.0019114017486572266
mint-only-horizontal-run01,mint,8,9,9.0,10.0,S32,0.0007057785987854004
mint-only-horizontal-run01,mint,9,0,0.0,1.0,S1,0.03467857837677002
mint-only-horizontal-run01,mint,9,0,0.0,1.0,S2,0.03125357627868652
mint-only-horizontal-run01,mint,9,0,0.0,1.0,S3,-0.00028312206268310547
mint-only-horizontal-run01,mint,9,0,0.0,1.0,S4,0.015432298183441162
mint-only-horizontal-run01,mint,9,0,0.0,1.0,S5,0.0025442838668823242
mint-only-horizontal-run01,mint,9,0,0.0,1.0,S6,3.509223461151123e-05
mint-only-horizontal-run01,mint,9,0,0.0,1.0,S7,-0.00229489803314209
mint-only-horizontal-run01,mint,9,0,0.0,1.0,S8,0.00270235538482666
mint-only-horizontal-run01,mint,9,0,0.0,1.0,S9,0.0052915215492248535
mint-only-horizontal-run01,mint,9,0,0.0,1.0,S10,0.00029355287551879883
mint-only-horizontal-run01,mint,9,0,0.0,1.0,S11,-0.0006659030914306641
mint-only-horizontal-run01,mint,9,0,0.0,1.0,S12,0.0024568140506744385
mint-only-horizontal-run01,mint,9,0,0.0,1.0,S13,0.002557218074798584
mint-only-horizontal-run01,mint,9,0,0.0,1.0,S14,0.0021882951259613037
mint-only-horizontal-run01,mint,9,0,0.0,1.0,S15,-0.001283884048461914
mint-only-horizontal-run01,mint,9,0,0.0,1.0,S16,0.0007461011409759521
mint-only-horizontal-run01,mint,9,0,0.0,1.0,S17,0.008560657501220703
mint-only-horizontal-run01,mint,9,0,0.0,1.0,S18,0.003582894802093506
mint-only-horizontal-run01,mint,9,0,0.0,1.0,S19,-0.0003509521484375
mint-only-horizontal-run01,mint,9,0,0.0,1.0,S20,0.0046533942222595215
mint-only-horizontal-run01,mint,9,0,0.0,1.0,S21,0.001728445291519165
mint-only-horizontal-run01,mint,9,0,0.0,1.0,S22,0.00181502103805542
mint-only-horizontal-run01,mint,9,0,0.0,1.0,S23,-0.00022125244140625
mint-only-horizontal-run01,mint,9,0,0.0,1.0,S24,0.003838479518890381
mint-only-horizontal-run01,mint,9,0,0.0,1.0,S25,0.00299990177154541
mint-only-horizontal-run01,mint,9,0,0.0,1.0,S26,0.013497352600097656
mint-only-horizontal-run01,mint,9,0,0.0,1.0,S27,-0.00033724308013916016
mint-only-horizontal-run01,mint,9,0,0.0,1.0,S28,0.008108675479888916
mint-only-horizontal-run01,mint,9,0,0.0,1.0,S29,0.009573400020599365
mint-only-horizontal-run01,mint,9,0,0.0,1.0,S30,0.000727236270904541
mint-only-horizontal-run01,mint,9,0,0.0,1.0,S31,0.0007065534591674805
mint-only-horizontal-run01,mint,9,0,0.0,1.0,S32,0.002209216356277466
mint-only-horizontal-run01,mint,9,2,2.0,3.0,S1,0.04664790630340576
mint-only-horizontal-run01,mint,9,2,2.0,3.0,S2,0.04335308074951172
mint-only-horizontal-run01,mint,9,2,2.0,3.0,S3,0.0008311271667480469
mint-only-horizontal-run01,mint,9,2,2.0,3.0,S4,0.02387183904647827
mint-only-horizontal-run01,mint,9,2,2.0,3.0,S5,0.0050032734870910645
mint-only-horizontal-run01,mint,9,2,2.0,3.0,S6,0.00010272860527038574
mint-only-horizontal-run01,mint,9,2,2.0,3.0,S7,0.002824544906616211
mint-only-horizontal-run01,mint,9,2,2.0,3.0,S8,0.004577517509460449
mint-only-horizontal-run01,mint,9,2,2.0,3.0,S9,0.006119430065155029
mint-only-horizontal-run01,mint,9,2,2.0,3.0,S10,0.0004915595054626465
mint-only-horizontal-run01,mint,9,2,2.0,3.0,S11,0.0024088621139526367
mint-only-horizontal-run01,mint,9,2,2.0,3.0,S12,0.003468245267868042
mint-only-horizontal-run01,mint,9,2,2.0,3.0,S13,0.0034356117248535156
mint-only-horizontal-run01,mint,9,2,2.0,3.0,S14,0.002735048532485962
mint-only-horizontal-run01,mint,9,2,2.0,3.0,S15,-0.0020552873611450195
mint-only-horizontal-run01,mint,9,2,2.0,3.0,S16,0.0010835826396942139
mint-only-horizontal-run01,mint,9,2,2.0,3.0,S17,0.013931035995483398
mint-only-horizontal-run01,mint,9,2,2.0,3.0,S18,0.005374997854232788
mint-only-horizontal-run01,mint,9,2,2.0,3.0,S19,-0.00042951107025146484
mint-only-horizontal-run01,mint,9,2,2.0,3.0,S20,0.005634784698486328
mint-only-horizontal-run01,mint,9,2,2.0,3.0,S21,0.0022428035736083984
mint-only-horizontal-run01,mint,9,2,2.0,3.0,S22,0.001789093017578125
mint-only-horizontal-run01,mint,9,2,2.0,3.0,S23,0.001560211181640625
mint-only-horizontal-run01,mint,9,2,2.0,3.0,S24,0.002672433853149414
mint-only-horizontal-run01,mint,9,2,2.0,3.0,S25,0.0034752488136291504
mint-only-horizontal-run01,mint,9,2,2.0,3.0,S26,0.014707684516906738
mint-only-horizontal-run01,mint,9,2,2.0,3.0,S27,0.0012770891189575195
mint-only-horizontal-run01,mint,9,2,2.0,3.0,S28,0.010815262794494629
mint-only-horizontal-run01,mint,9,2,2.0,3.0,S29,0.012325763702392578
mint-only-horizontal-run01,mint,9,2,2.0,3.0,S30,0.0009410381317138672
mint-only-horizontal-run01,mint,9,2,2.0,3.0,S31,0.0012816190719604492
mint-only-horizontal-run01,mint,9,2,2.0,3.0,S32,0.0021404623985290527
mint-only-horizontal-run01,mint,9,4,4.0,5.0,S1,0.0805823802947998
mint-only-horizontal-run01,mint,9,4,4.0,5.0,S2,0.07151579856872559
mint-only-horizontal-run01,mint,9,4,4.0,5.0,S3,-0.0025789737701416016
mint-only-horizontal-run01,mint,9,4,4.0,5.0,S4,0.03234517574310303
mint-only-horizontal-run01,mint,9,4,4.0,5.0,S5,0.004073977470397949
mint-only-horizontal-run01,mint,9,4,4.0,5.0,S6,1.9550323486328125e-05
mint-only-horizontal-run01,mint,9,4,4.0,5.0,S7,-0.0005464553833007812
mint-only-horizontal-run01,mint,9,4,4.0,5.0,S8,0.0037840604782104492
mint-only-horizontal-run01,mint,9,4,4.0,5.0,S9,0.010526537895202637
mint-only-horizontal-run01,mint,9,4,4.0,5.0,S10,0.00038993358612060547
mint-only-horizontal-run01,mint,9,4,4.0,5.0,S11,-0.0024700164794921875
mint-only-horizontal-run01,mint,9,4,4.0,5.0,S12,0.004308521747589111
mint-only-horizontal-run01,mint,9,4,4.0,5.0,S13,0.004604697227478027
mint-only-horizontal-run01,mint,9,4,4.0,5.0,S14,0.004051804542541504
mint-only-horizontal-run01,mint,9,4,4.0,5.0,S15,0.0017547607421875
mint-only-horizontal-run01,mint,9,4,4.0,5.0,S16,0.0012940764427185059
mint-only-horizontal-run01,mint,9,4,4.0,5.0,S17,0.013583183288574219
mint-only-horizontal-run01,mint,9,4,4.0,5.0,S18,0.005807459354400635
mint-only-horizontal-run01,mint,9,4,4.0,5.0,S19,0.0004227161407470703
mint-only-horizontal-run01,mint,9,4,4.0,5.0,S20,0.008292436599731445
mint-only-horizontal-run01,mint,9,4,4.0,5.0,S21,0.002904951572418213
mint-only-horizontal-run01,mint,9,4,4.0,5.0,S22,0.003306150436401367
mint-only-horizontal-run01,mint,9,4,4.0,5.0,S23,-0.00023317337036132812
mint-only-horizontal-run01,mint,9,4,4.0,5.0,S24,0.00825345516204834
mint-only-horizontal-run01,mint,9,4,4.0,5.0,S25,0.005110502243041992
mint-only-horizontal-run01,mint,9,4,4.0,5.0,S26,0.024261474609375
mint-only-horizontal-run01,mint,9,4,4.0,5.0,S27,9.846687316894531e-05
mint-only-horizontal-run01,mint,9,4,4.0,5.0,S28,0.011602282524108887
mint-only-horizontal-run01,mint,9,4,4.0,5.0,S29,0.016112446784973145
mint-only-horizontal-run01,mint,9,4,4.0,5.0,S30,0.0010932087898254395
mint-only-horizontal-run01,mint,9,4,4.0,5.0,S31,-0.002496957778930664
mint-only-horizontal-run01,mint,9,4,4.0,5.0,S32,0.0034731626510620117
mint-only-horizontal-run01,mint,9,6,6.0,7.0,S1,0.052307844161987305
mint-only-horizontal-run01,mint,9,6,6.0,7.0,S2,0.04983115196228027
mint-only-horizontal-run01,mint,9,6,6.0,7.0,S3,0.002411365509033203
mint-only-horizontal-run01,mint,9,6,6.0,7.0,S4,0.024953007698059082
mint-only-horizontal-run01,mint,9,6,6.0,7.0,S5,0.005251288414001465
mint-only-horizontal-run01,mint,9,6,6.0,7.0,S6,7.447600364685059e-05
mint-only-horizontal-run01,mint,9,6,6.0,7.0,S7,0.0023589134216308594
mint-only-horizontal-run01,mint,9,6,6.0,7.0,S8,0.004259586334228516
mint-only-horizontal-run01,mint,9,6,6.0,7.0,S9,0.005563497543334961
mint-only-horizontal-run01,mint,9,6,6.0,7.0,S10,0.0005092620849609375
mint-only-horizontal-run01,mint,9,6,6.0,7.0,S11,-0.00191497802734375
mint-only-horizontal-run01,mint,9,6,6.0,7.0,S12,0.0032466650009155273
mint-only-horizontal-run01,mint,9,6,6.0,7.0,S13,0.003219008445739746
mint-only-horizontal-run01,mint,9,6,6.0,7.0,S14,0.002486884593963623
mint-only-horizontal-run01,mint,9,6,6.0,7.0,S15,-0.0031332969665527344
mint-only-horizontal-run01,mint,9,6,6.0,7.0,S16,0.0010278820991516113
mint-only-horizontal-run01,mint,9,6,6.0,7.0,S17,0.014454364776611328
mint-only-horizontal-run01,mint,9,6,6.0,7.0,S18,0.005245804786682129
mint-only-horizontal-run01,mint,9,6,6.0,7.0,S19,0.0021584033966064453
mint-only-horizontal-run01,mint,9,6,6.0,7.0,S20,0.005184531211853027
mint-only-horizontal-run01,mint,9,6,6.0,7.0,S21,0.0020956993103027344
mint-only-horizontal-run01,mint,9,6,6.0,7.0,S22,0.0014217495918273926
mint-only-horizontal-run01,mint,9,6,6.0,7.0,S23,-0.0024220943450927734
mint-only-horizontal-run01,mint,9,6,6.0,7.0,S24,0.0014897584915161133
mint-only-horizontal-run01,mint,9,6,6.0,7.0,S25,0.003329634666442871
mint-only-horizontal-run01,mint,9,6,6.0,7.0,S26,0.013373851776123047
mint-only-horizontal-run01,mint,9,6,6.0,7.0,S27,0.0021905899047851562
mint-only-horizontal-run01,mint,9,6,6.0,7.0,S28,0.009806394577026367
mint-only-horizontal-run01,mint,9,6,6.0,7.0,S29,0.011849284172058105
mint-only-horizontal-run01,mint,9,6,6.0,7.0,S30,0.0008583664894104004
mint-only-horizontal-run01,mint,9,6,6.0,7.0,S31,-0.0015926361083984375
mint-only-horizontal-run01,mint,9,6,6.0,7.0,S32,0.0018090605735778809
mint-only-horizontal-run01,mint,9,8,8.0,9.0,S1,0.09284162521362305
mint-only-horizontal-run01,mint,9,8,8.0,9.0,S2,0.08431267738342285
mint-only-horizontal-run01,mint,9,8,8.0,9.0,S3,3.838539123535156e-05
mint-only-horizontal-run01,mint,9,8,8.0,9.0,S4,0.040418267250061035
mint-only-horizontal-run01,mint,9,8,8.0,9.0,S5,0.006552577018737793
mint-only-horizontal-run01,mint,9,8,8.0,9.0,S6,6.48796558380127e-05
mint-only-horizontal-run01,mint,9,8,8.0,9.0,S7,0.002079486846923828
mint-only-horizontal-run01,mint,9,8,8.0,9.0,S8,0.006335854530334473
mint-only-horizontal-run01,mint,9,8,8.0,9.0,S9,0.011858701705932617
mint-only-horizontal-run01,mint,9,8,8.0,9.0,S10,0.0006618499755859375
mint-only-horizontal-run01,mint,9,8,8.0,9.0,S11,0.0026023387908935547
mint-only-horizontal-run01,mint,9,8,8.0,9.0,S12,0.0055890679359436035
mint-only-horizontal-run01,mint,9,8,8.0,9.0,S13,0.005718588829040527
mint-only-horizontal-run01,mint,9,8,8.0,9.0,S14,0.004808187484741211
mint-only-horizontal-run01,mint,9,8,8.0,9.0,S15,0.002799510955810547
mint-only-horizontal-run01,mint,9,8,8.0,9.0,S16,0.0016974210739135742
mint-only-horizontal-run01,mint,9,8,8.0,9.0,S17,0.01942574977874756
mint-only-horizontal-run01,mint,9,8,8.0,9.0,S18,0.008111000061035156
mint-only-horizontal-run01,mint,9,8,8.0,9.0,S19,0.0031518936157226562
mint-only-horizontal-run01,mint,9,8,8.0,9.0,S20,0.010017156600952148
mint-only-horizontal-run01,mint,9,8,8.0,9.0,S21,0.003663003444671631
mint-only-horizontal-run01,mint,9,8,8.0,9.0,S22,0.003635108470916748
mint-only-horizontal-run01,mint,9,8,8.0,9.0,S23,0.003043651580810547
mint-only-horizontal-run01,mint,9,8,8.0,9.0,S24,0.007531285285949707
mint-only-horizontal-run01,mint,9,8,8.0,9.0,S25,0.006055116653442383
mint-only-horizontal-run01,mint,9,8,8.0,9.0,S26,0.027803897857666016
mint-only-horizontal-run01,mint,9,8,8.0,9.0,S27,0.0006883144378662109
mint-only-horizontal-run01,mint,9,8,8.0,9.0,S28,0.01720595359802246
mint-only-horizontal-run01,mint,9,8,8.0,9.0,S29,0.020028233528137207
mint-only-horizontal-run01,mint,9,8,8.0,9.0,S30,0.0014791488647460938
mint-only-horizontal-run01,mint,9,8,8.0,9.0,S31,0.000457763671875
mint-only-horizontal-run01,mint,9,8,8.0,9.0,S32,0.003985106945037842
mint-only-horizontal-run01,mint,10,0,0.0,1.0,S1,-0.028247475624084473
mint-only-horizontal-run01,mint,10,0,0.0,1.0,S2,-0.02572464942932129
mint-only-horizontal-run01,mint,10,0,0.0,1.0,S3,-0.00016498565673828125
mint-only-horizontal-run01,mint,10,0,0.0,1.0,S4,-0.011429846286773682
mint-only-horizontal-run01,mint,10,0,0.0,1.0,S5,-0.0014171600341796875
mint-only-horizontal-run01,mint,10,0,0.0,1.0,S6,2.034008502960205e-05
mint-only-horizontal-run01,mint,10,0,0.0,1.0,S7,-0.0011355876922607422
mint-only-horizontal-run01,mint,10,0,0.0,1.0,S8,-0.0009123682975769043
mint-only-horizontal-run01,mint,10,0,0.0,1.0,S9,-0.0037311315536499023
mint-only-horizontal-run01,mint,10,0,0.0,1.0,S10,-0.0001189112663269043
mint-only-horizontal-run01,mint,10,0,0.0,1.0,S11,-0.0003147125244140625
mint-only-horizontal-run01,mint,10,0,0.0,1.0,S12,-0.0014851689338684082
mint-only-horizontal-run01,mint,10,0,0.0,1.0,S13,-0.0016064047813415527
mint-only-horizontal-run01,mint,10,0,0.0,1.0,S14,-0.0013315975666046143
mint-only-horizontal-run01,mint,10,0,0.0,1.0,S15,0.00011682510375976562
mint-only-horizontal-run01,mint,10,0,0.0,1.0,S16,-0.0004686117172241211
mint-only-horizontal-run01,mint,10,0,0.0,1.0,S17,-0.006060898303985596
mint-only-horizontal-run01,mint,10,0,0.0,1.0,S18,-0.002165287733078003
mint-only-horizontal-run01,mint,10,0,0.0,1.0,S19,0.0025115013122558594
mint-only-horizontal-run01,mint,10,0,0.0,1.0,S20,-0.0026833415031433105
mint-only-horizontal-run01,mint,10,0,0.0,1.0,S21,-0.0010205507278442383
mint-only-horizontal-run01,mint,10,0,0.0,1.0,S22,-0.0009900331497192383
mint-only-horizontal-run01,mint,10,0,0.0,1.0,S23,0.0003197193145751953
mint-only-horizontal-run01,mint,10,0,0.0,1.0,S24,-0.002162158489227295
mint-only-horizontal-run01,mint,10,0,0.0,1.0,S25,-0.001834869384765625
mint-only-horizontal-run01,mint,10,0,0.0,1.0,S26,-0.00801926851272583
mint-only-horizontal-run01,mint,10,0,0.0,1.0,S27,-9.465217590332031e-05
mint-only-horizontal-run01,mint,10,0,0.0,1.0,S28,-0.0026151537895202637
mint-only-horizontal-run01,mint,10,0,0.0,1.0,S29,-0.005690515041351318
mint-only-horizontal-run01,mint,10,0,0.0,1.0,S30,-0.000265270471572876
mint-only-horizontal-run01,mint,10,0,0.0,1.0,S31,0.00020933151245117188
mint-only-horizontal-run01,mint,10,0,0.0,1.0,S32,-0.0010190010070800781
mint-only-horizontal-run01,mint,10,7,7.0,8.0,S1,-0.03459334373474121
mint-only-horizontal-run01,mint,10,7,7.0,8.0,S2,-0.03264117240905762
mint-only-horizontal-run01,mint,10,7,7.0,8.0,S3,0.0017273426055908203
mint-only-horizontal-run01,mint,10,7,7.0,8.0,S4,-0.018882155418395996
mint-only-horizontal-run01,mint,10,7,7.0,8.0,S5,-0.003729104995727539
mint-only-horizontal-run01,mint,10,7,7.0,8.0,S6,-2.893805503845215e-05
mint-only-horizontal-run01,mint,10,7,7.0,8.0,S7,0.0031223297119140625
mint-only-horizontal-run01,mint,10,7,7.0,8.0,S8,-0.0031969547271728516
mint-only-horizontal-run01,mint,10,7,7.0,8.0,S9,-0.0052144527435302734
mint-only-horizontal-run01,mint,10,7,7.0,8.0,S10,-0.00040602684020996094
mint-only-horizontal-run01,mint,10,7,7.0,8.0,S11,0.00047779083251953125
mint-only-horizontal-run01,mint,10,7,7.0,8.0,S12,-0.0026859045028686523
mint-only-horizontal-run01,mint,10,7,7.0,8.0,S13,-0.002732515335083008
mint-only-horizontal-run01,mint,10,7,7.0,8.0,S14,-0.002142190933227539
mint-only-horizontal-run01,mint,10,7,7.0,8.0,S15,0.0030269622802734375
mint-only-horizontal-run01,mint,10,7,7.0,8.0,S16,-0.0008630752563476562
mint-only-horizontal-run01,mint,10,7,7.0,8.0,S17,-0.010047674179077148
mint-only-horizontal-run01,mint,10,7,7.0,8.0,S18,-0.004012942314147949
mint-only-horizontal-run01,mint,10,7,7.0,8.0,S19,0.003132343292236328
mint-only-horizontal-run01,mint,10,7,7.0,8.0,S20,-0.004434466361999512
mint-only-horizontal-run01,mint,10,7,7.0,8.0,S21,-0.0017237067222595215
mint-only-horizontal-run01,mint,10,7,7.0,8.0,S22,-0.0014844536781311035
mint-only-horizontal-run01,mint,10,7,7.0,8.0,S23,0.0030455589294433594
mint-only-horizontal-run01,mint,10,7,7.0,8.0,S24,-0.002483844757080078
mint-only-horizontal-run01,mint,10,7,7.0,8.0,S25,-0.002541661262512207
mint-only-horizontal-run01,mint,10,7,7.0,8.0,S26,-0.011597394943237305
mint-only-horizontal-run01,mint,10,7,7.0,8.0,S27,0.003007650375366211
mint-only-horizontal-run01,mint,10,7,7.0,8.0,S28,-0.007912278175354004
mint-only-horizontal-run01,mint,10,7,7.0,8.0,S29,-0.009357571601867676
mint-only-horizontal-run01,mint,10,7,7.0,8.0,S30,-0.0006535053253173828
mint-only-horizontal-run01,mint,10,7,7.0,8.0,S31,0.002702951431274414
mint-only-horizontal-run01,mint,10,7,7.0,8.0,S32,-0.0016585588455200195
mint-only-horizontal-run01,mint,11,0,0.0,1.0,S1,0.00403285026550293
mint-only-horizontal-run01,mint,11,0,0.0,1.0,S2,0.004136085510253906
mint-only-horizontal-run01,mint,11,0,0.0,1.0,S3,0.001032114028930664
mint-only-horizontal-run01,mint,11,0,0.0,1.0,S4,0.002833247184753418
mint-only-horizontal-run01,mint,11,0,0.0,1.0,S5,0.0006038546562194824
mint-only-horizontal-run01,mint,11,0,0.0,1.0,S6,-1.0058283805847168e-05
mint-only-horizontal-run01,mint,11,0,0.0,1.0,S7,3.6597251892089844e-05
mint-only-horizontal-run01,mint,11,0,0.0,1.0,S8,0.00041025876998901367
mint-only-horizontal-run01,mint,11,0,0.0,1.0,S9,0.000856935977935791
mint-only-horizontal-run01,mint,11,0,0.0,1.0,S10,5.364418029785156e-05
mint-only-horizontal-run01,mint,11,0,0.0,1.0,S11,-3.552436828613281e-05
mint-only-horizontal-run01,mint,11,0,0.0,1.0,S12,0.000467449426651001
mint-only-horizontal-run01,mint,11,0,0.0,1.0,S13,0.00048100948333740234
mint-only-horizontal-run01,mint,11,0,0.0,1.0,S14,0.0003833174705505371
mint-only-horizontal-run01,mint,11,0,0.0,1.0,S15,-3.790855407714844e-05
mint-only-horizontal-run01,mint,11,0,0.0,1.0,S16,0.00014594197273254395
mint-only-horizontal-run01,mint,11,0,0.0,1.0,S17,0.0014082789421081543
mint-only-horizontal-run01,mint,11,0,0.0,1.0,S18,0.0006801784038543701
mint-only-horizontal-run01,mint,11,0,0.0,1.0,S19,0.0012722015380859375
mint-only-horizontal-run01,mint,11,0,0.0,1.0,S20,0.0007542967796325684
mint-only-horizontal-run01,mint,11,0,0.0,1.0,S21,0.0003089606761932373
mint-only-horizontal-run01,mint,11,0,0.0,1.0,S22,0.0002650618553161621
mint-only-horizontal-run01,mint,11,0,0.0,1.0,S23,0.0005470514297485352
mint-only-horizontal-run01,mint,11,0,0.0,1.0,S24,0.0004902482032775879
mint-only-horizontal-run01,mint,11,0,0.0,1.0,S25,0.00029850006103515625
mint-only-horizontal-run01,mint,11,0,0.0,1.0,S26,0.0016463994979858398
mint-only-horizontal-run01,mint,11,0,0.0,1.0,S27,-6.401538848876953e-05
mint-only-horizontal-run01,mint,11,0,0.0,1.0,S28,0.0009034872055053711
mint-only-horizontal-run01,mint,11,0,0.0,1.0,S29,0.0015377998352050781
mint-only-horizontal-run01,mint,11,0,0.0,1.0,S30,8.061528205871582e-05
mint-only-horizontal-run01,mint,11,0,0.0,1.0,S31,-0.0011937618255615234
mint-only-horizontal-run01,mint,11,0,0.0,1.0,S32,0.00025653839111328125
mint-only-horizontal-run01,mint,11,5,5.0,6.0,S1,0.009505033493041992
mint-only-horizontal-run01,mint,11,5,5.0,6.0,S2,0.007886052131652832
mint-only-horizontal-run01,mint,11,5,5.0,6.0,S3,-0.00034177303314208984
mint-only-horizontal-run01,mint,11,5,5.0,6.0,S4,0.003239274024963379
mint-only-horizontal-run01,mint,11,5,5.0,6.0,S5,5.340576171875e-05
mint-only-horizontal-run01,mint,11,5,5.0,6.0,S6,0.0
mint-only-horizontal-run01,mint,11,5,5.0,6.0,S7,0.0003478527069091797
mint-only-horizontal-run01,mint,11,5,5.0,6.0,S8,4.470348358154297e-06
mint-only-horizontal-run01,mint,11,5,5.0,6.0,S9,0.0012553930282592773
mint-only-horizontal-run01,mint,11,5,5.0,6.0,S10,-3.170967102050781e-05
mint-only-horizontal-run01,mint,11,5,5.0,6.0,S11,0.0013918876647949219
mint-only-horizontal-run01,mint,11,5,5.0,6.0,S12,0.0003050267696380615
mint-only-horizontal-run01,mint,11,5,5.0,6.0,S13,0.0003978610038757324
mint-only-horizontal-run01,mint,11,5,5.0,6.0,S14,0.00039574503898620605
mint-only-horizontal-run01,mint,11,5,5.0,6.0,S15,0.0014500617980957031
mint-only-horizontal-run01,mint,11,5,5.0,6.0,S16,7.686018943786621e-05
mint-only-horizontal-run01,mint,11,5,5.0,6.0,S17,0.0007799267768859863
mint-only-horizontal-run01,mint,11,5,5.0,6.0,S18,0.00028768181800842285
mint-only-horizontal-run01,mint,11,5,5.0,6.0,S19,0.0005006790161132812
mint-only-horizontal-run01,mint,11,5,5.0,6.0,S20,0.0007973909378051758
mint-only-horizontal-run01,mint,11,5,5.0,6.0,S21,0.00022336840629577637
mint-only-horizontal-run01,mint,11,5,5.0,6.0,S22,0.00039082765579223633
mint-only-horizontal-run01,mint,11,5,5.0,6.0,S23,-4.076957702636719e-05
mint-only-horizontal-run01,mint,11,5,5.0,6.0,S24,0.0013027191162109375
mint-only-horizontal-run01,mint,11,5,5.0,6.0,S25,0.000500023365020752
mint-only-horizontal-run01,mint,11,5,5.0,6.0,S26,0.002223789691925049
mint-only-horizontal-run01,mint,11,5,5.0,6.0,S27,-0.0003370046615600586
mint-only-horizontal-run01,mint,11,5,5.0,6.0,S28,0.00023484230041503906
mint-only-horizontal-run01,mint,11,5,5.0,6.0,S29,0.000876009464263916
mint-only-horizontal-run01,mint,11,5,5.0,6.0,S30,3.698468208312988e-05
mint-only-horizontal-run01,mint,11,5,5.0,6.0,S31,0.001999378204345703
mint-only-horizontal-run01,mint,11,5,5.0,6.0,S32,0.00028514862060546875
mint-only-horizontal-run01,mint,11,6,6.0,7.0,S1,0.00365602970123291
mint-only-horizontal-run01,mint,11,6,6.0,7.0,S2,0.002459287643432617
mint-only-horizontal-run01,mint,11,6,6.0,7.0,S3,0.0010896921157836914
mint-only-horizontal-run01,mint,11,6,6.0,7.0,S4,-0.00040340423583984375
mint-only-horizontal-run01,mint,11,6,6.0,7.0,S5,-0.0007656216621398926
mint-only-horizontal-run01,mint,11,6,6.0,7.0,S6,-5.532801151275635e-05
mint-only-horizontal-run01,mint,11,6,6.0,7.0,S7,-0.0023611783981323242
mint-only-horizontal-run01,mint,11,6,6.0,7.0,S8,-0.0006502270698547363
mint-only-horizontal-run01,mint,11,6,6.0,7.0,S9,0.00038939714431762695
mint-only-horizontal-run01,mint,11,6,6.0,7.0,S10,-0.00012087821960449219
mint-only-horizontal-run01,mint,11,6,6.0,7.0,S11,-0.0030483007431030273
mint-only-horizontal-run01,mint,11,6,6.0,7.0,S12,-0.00022608041763305664
mint-only-horizontal-run01,mint,11,6,6.0,7.0,S13,-0.00011342763900756836
mint-only-horizontal-run01,mint,11,6,6.0,7.0,S14,7.224082946777344e-05
mint-only-horizontal-run01,mint,11,6,6.0,7.0,S15,-0.003554701805114746
mint-only-horizontal-run01,mint,11,6,6.0,7.0,S16,-8.106231689453125e-05
mint-only-horizontal-run01,mint,11,6,6.0,7.0,S17,-0.0007974505424499512
mint-only-horizontal-run01,mint,11,6,6.0,7.0,S18,-0.0005303025245666504
mint-only-horizontal-run01,mint,11,6,6.0,7.0,S19,-0.0033403635025024414
mint-only-horizontal-run01,mint,11,6,6.0,7.0,S20,2.2292137145996094e-05
mint-only-horizontal-run01,mint,11,6,6.0,7.0,S21,-0.00010579824447631836
mint-only-horizontal-run01,mint,11,6,6.0,7.0,S22,0.0001799166202545166
mint-only-horizontal-run01,mint,11,6,6.0,7.0,S23,0.00018739700317382812
mint-only-horizontal-run01,mint,11,6,6.0,7.0,S24,0.001128077507019043
mint-only-horizontal-run01,mint,11,6,6.0,7.0,S25,5.602836608886719e-06
mint-only-horizontal-run01,mint,11,6,6.0,7.0,S26,0.000512540340423584
mint-only-horizontal-run01,mint,11,6,6.0,7.0,S27,0.0026851892471313477
mint-only-horizontal-run01,mint,11,6,6.0,7.0,S28,-0.0011202692985534668
mint-only-horizontal-run01,mint,11,6,6.0,7.0,S29,-0.0008644461631774902
mint-only-horizontal-run01,mint,11,6,6.0,7.0,S30,-8.377432823181152e-05
mint-only-horizontal-run01,mint,11,6,6.0,7.0,S31,0.001747727394104004
mint-only-horizontal-run01,mint,11,6,6.0,7.0,S32,6.556510925292969e-07
mint-only-horizontal-run01,mint,12,0,0.0,1.0,S1,-0.003229498863220215
mint-only-horizontal-run01,mint,12,0,0.0,1.0,S2,-0.0026781558990478516
mint-only-horizontal-run01,mint,12,0,0.0,1.0,S3,9.298324584960938e-06
mint-only-horizontal-run01,mint,12,0,0.0,1.0,S4,-0.0012559294700622559
mint-only-horizontal-run01,mint,12,0,0.0,1.0,S5,-4.857778549194336e-05
mint-only-horizontal-run01,mint,12,0,0.0,1.0,S6,1.0728836059570312e-06
mint-only-horizontal-run01,mint,12,0,0.0,1.0,S7,0.0013468265533447266
mint-only-horizontal-run01,mint,12,0,0.0,1.0,S8,-0.00012803077697753906
mint-only-horizontal-run01,mint,12,0,0.0,1.0,S9,-0.0004627704620361328
mint-only-horizontal-run01,mint,12,0,0.0,1.0,S10,-1.1146068572998047e-05
mint-only-horizontal-run01,mint,12,0,0.0,1.0,S11,0.001366734504699707
mint-only-horizontal-run01,mint,12,0,0.0,1.0,S12,-0.00017979741096496582
mint-only-horizontal-run01,mint,12,0,0.0,1.0,S13,-0.00015801191329956055
mint-only-horizontal-run01,mint,12,0,0.0,1.0,S14,-0.0001755356788635254
mint-only-horizontal-run01,mint,12,0,0.0,1.0,S15,0.0013388395309448242
mint-only-horizontal-run01,mint,12,0,0.0,1.0,S16,-5.27799129486084e-05
mint-only-horizontal-run01,mint,12,0,0.0,1.0,S17,-0.00032263994216918945
mint-only-horizontal-run01,mint,12,0,0.0,1.0,S18,-0.00015500187873840332
mint-only-horizontal-run01,mint,12,0,0.0,1.0,S19,0.00027740001678466797
mint-only-horizontal-run01,mint,12,0,0.0,1.0,S20,-0.0002955198287963867
mint-only-horizontal-run01,mint,12,0,0.0,1.0,S21,-7.826089859008789e-05
mint-only-horizontal-run01,mint,12,0,0.0,1.0,S22,-0.00012257695198059082
mint-only-horizontal-run01,mint,12,0,0.0,1.0,S23,0.00011050701141357422
mint-only-horizontal-run01,mint,12,0,0.0,1.0,S24,-0.00031691789627075195
mint-only-horizontal-run01,mint,12,0,0.0,1.0,S25,-0.00012940168380737305
mint-only-horizontal-run01,mint,12,0,0.0,1.0,S26,-0.0007381439208984375
mint-only-horizontal-run01,mint,12,0,0.0,1.0,S27,-0.0014276504516601562
mint-only-horizontal-run01,mint,12,0,0.0,1.0,S28,-0.00039184093475341797
mint-only-horizontal-run01,mint,12,0,0.0,1.0,S29,-0.00029522180557250977
mint-only-horizontal-run01,mint,12,0,0.0,1.0,S30,-2.8878450393676758e-05
mint-only-horizontal-run01,mint,12,0,0.0,1.0,S31,-0.00034880638122558594
mint-only-horizontal-run01,mint,12,0,0.0,1.0,S32,-0.00011602044105529785
mint-only-horizontal-run01,mint,12,1,1.0,2.0,S1,-0.0035071372985839844
mint-only-horizontal-run01,mint,12,1,1.0,2.0,S2,-0.0032328367233276367
mint-only-horizontal-run01,mint,12,1,1.0,2.0,S3,-0.0005826950073242188
mint-only-horizontal-run01,mint,12,1,1.0,2.0,S4,-0.0022852420806884766
mint-only-horizontal-run01,mint,12,1,1.0,2.0,S5,-0.00042045116424560547
mint-only-horizontal-run01,mint,12,1,1.0,2.0,S6,-3.919005393981934e-06
mint-only-horizontal-run01,mint,12,1,1.0,2.0,S7,-0.00047135353088378906
mint-only-horizontal-run01,mint,12,1,1.0,2.0,S8,-0.0005138516426086426
mint-only-horizontal-run01,mint,12,1,1.0,2.0,S9,-0.000638425350189209
mint-only-horizontal-run01,mint,12,1,1.0,2.0,S10,-3.910064697265625e-05
mint-only-horizontal-run01,mint,12,1,1.0,2.0,S11,0.001078486442565918
mint-only-horizontal-run01,mint,12,1,1.0,2.0,S12,-0.00040784478187561035
mint-only-horizontal-run01,mint,12,1,1.0,2.0,S13,-0.0003370046615600586
mint-only-horizontal-run01,mint,12,1,1.0,2.0,S14,-0.0002703070640563965
mint-only-horizontal-run01,mint,12,1,1.0,2.0,S15,0.0013535022735595703
mint-only-horizontal-run01,mint,12,1,1.0,2.0,S16,-9.918212890625e-05
mint-only-horizontal-run01,mint,12,1,1.0,2.0,S17,-0.0008867979049682617
mint-only-horizontal-run01,mint,12,1,1.0,2.0,S18,-0.000501781702041626
mint-only-horizontal-run01,mint,12,1,1.0,2.0,S19,-0.00015556812286376953
mint-only-horizontal-run01,mint,12,1,1.0,2.0,S20,-0.0005006790161132812
mint-only-horizontal-run01,mint,12,1,1.0,2.0,S21,-0.00019615888595581055
mint-only-horizontal-run01,mint,12,1,1.0,2.0,S22,-0.00014090538024902344
mint-only-horizontal-run01,mint,12,1,1.0,2.0,S23,0.0009170770645141602
mint-only-horizontal-run01,mint,12,1,1.0,2.0,S24,-0.00012499094009399414
mint-only-horizontal-run01,mint,12,1,1.0,2.0,S25,-0.0002319812774658203
mint-only-horizontal-run01,mint,12,1,1.0,2.0,S26,-0.0008507966995239258
mint-only-horizontal-run01,mint,12,1,1.0,2.0,S27,0.0012769699096679688
mint-only-horizontal-run01,mint,12,1,1.0,2.0,S28,-0.0009709596633911133
mint-only-horizontal-run01,mint,12,1,1.0,2.0,S29,-0.0008375048637390137
mint-only-horizontal-run01,mint,12,1,1.0,2.0,S30,-7.334351539611816e-05
mint-only-horizontal-run01,mint,12,1,1.0,2.0,S31,0.00017976760864257812
mint-only-horizontal-run01,mint,12,1,1.0,2.0,S32,-7.230043411254883e-05
mint-only-horizontal-run01,mint,12,5,5.0,6.0,S1,0.009675264358520508
mint-only-horizontal-run01,mint,12,5,5.0,6.0,S2,0.007838129997253418
mint-only-horizontal-run01,mint,12,5,5.0,6.0,S3,-0.0009844303131103516
mint-only-horizontal-run01,mint,12,5,5.0,6.0,S4,0.002237677574157715
mint-only-horizontal-run01,mint,12,5,5.0,6.0,S5,-1.4483928680419922e-05
mint-only-horizontal-run01,mint,12,5,5.0,6.0,S6,-2.9355287551879883e-06
mint-only-horizontal-run01,mint,12,5,5.0,6.0,S7,0.0008717775344848633
mint-only-horizontal-run01,mint,12,5,5.0,6.0,S8,0.00010305643081665039
mint-only-horizontal-run01,mint,12,5,5.0,6.0,S9,0.001495063304901123
mint-only-horizontal-run01,mint,12,5,5.0,6.0,S10,2.372264862060547e-05
mint-only-horizontal-run01,mint,12,5,5.0,6.0,S11,-0.001298069953918457
mint-only-horizontal-run01,mint,12,5,5.0,6.0,S12,0.00034117698669433594
mint-only-horizontal-run01,mint,12,5,5.0,6.0,S13,0.00041097402572631836
mint-only-horizontal-run01,mint,12,5,5.0,6.0,S14,0.0004680752754211426
mint-only-horizontal-run01,mint,12,5,5.0,6.0,S15,-0.0015478134155273438
mint-only-horizontal-run01,mint,12,5,5.0,6.0,S16,8.061528205871582e-05
mint-only-horizontal-run01,mint,12,5,5.0,6.0,S17,0.0009618401527404785
mint-only-horizontal-run01,mint,12,5,5.0,6.0,S18,0.00038245320320129395
mint-only-horizontal-run01,mint,12,5,5.0,6.0,S19,-0.0014443397521972656
mint-only-horizontal-run01,mint,12,5,5.0,6.0,S20,0.0010642409324645996
mint-only-horizontal-run01,mint,12,5,5.0,6.0,S21,0.000328749418258667
mint-only-horizontal-run01,mint,12,5,5.0,6.0,S22,0.0005552768707275391
mint-only-horizontal-run01,mint,12,5,5.0,6.0,S23,-0.0027456283569335938
mint-only-horizontal-run01,mint,12,5,5.0,6.0,S24,0.0018715858459472656
mint-only-horizontal-run01,mint,12,5,5.0,6.0,S25,0.0007673501968383789
mint-only-horizontal-run01,mint,12,5,5.0,6.0,S26,0.0038604140281677246
mint-only-horizontal-run01,mint,12,5,5.0,6.0,S27,-0.0005927085876464844
mint-only-horizontal-run01,mint,12,5,5.0,6.0,S28,0.0011984705924987793
mint-only-horizontal-run01,mint,12,5,5.0,6.0,S29,0.0018654465675354004
mint-only-horizontal-run01,mint,12,5,5.0,6.0,S30,0.00015941262245178223
mint-only-horizontal-run01,mint,12,5,5.0,6.0,S31,0.0010907649993896484
mint-only-horizontal-run01,mint,12,5,5.0,6.0,S32,0.000599592924118042
mint-only-horizontal-run01,mint,12,9,9.0,10.0,S1,-0.008171319961547852
mint-only-horizontal-run01,mint,12,9,9.0,10.0,S2,-0.006310462951660156
mint-only-horizontal-run01,mint,12,9,9.0,10.0,S3,0.0006413459777832031
mint-only-horizontal-run01,mint,12,9,9.0,10.0,S4,-0.0021477937698364258
mint-only-horizontal-run01,mint,12,9,9.0,10.0,S5,0.00010454654693603516
mint-only-horizontal-run01,mint,12,9,9.0,10.0,S6,-6.4373016357421875e-06
mint-only-horizontal-run01,mint,12,9,9.0,10.0,S7,-0.0020647048950195312
mint-only-horizontal-run01,mint,12,9,9.0,10.0,S8,-0.0002747774124145508
mint-only-horizontal-run01,mint,12,9,9.0,10.0,S9,-0.001072525978088379
mint-only-horizontal-run01,mint,12,9,9.0,10.0,S10,-2.300739288330078e-05
mint-only-horizontal-run01,mint,12,9,9.0,10.0,S11,-0.002802610397338867
mint-only-horizontal-run01,mint,12,9,9.0,10.0,S12,-0.0003082752227783203
mint-only-horizontal-run01,mint,12,9,9.0,10.0,S13,-0.0002753734588623047
mint-only-horizontal-run01,mint,12,9,9.0,10.0,S14,-0.0003979206085205078
mint-only-horizontal-run01,mint,12,9,9.0,10.0,S15,-0.0028269290924072266
mint-only-horizontal-run01,mint,12,9,9.0,10.0,S16,-7.158517837524414e-05
mint-only-horizontal-run01,mint,12,9,9.0,10.0,S17,-0.0003255605697631836
mint-only-horizontal-run01,mint,12,9,9.0,10.0,S18,-0.00016921758651733398
mint-only-horizontal-run01,mint,12,9,9.0,10.0,S19,-0.0033266544342041016
mint-only-horizontal-run01,mint,12,9,9.0,10.0,S20,-0.0007010698318481445
mint-only-horizontal-run01,mint,12,9,9.0,10.0,S21,-0.00016230344772338867
mint-only-horizontal-run01,mint,12,9,9.0,10.0,S22,-0.00039458274841308594
mint-only-horizontal-run01,mint,12,9,9.0,10.0,S23,-0.0032579898834228516
mint-only-horizontal-run01,mint,12,9,9.0,10.0,S24,-0.0012601613998413086
mint-only-horizontal-run01,mint,12,9,9.0,10.0,S25,-0.00031125545501708984
mint-only-horizontal-run01,mint,12,9,9.0,10.0,S26,-0.00213015079498291
mint-only-horizontal-run01,mint,12,9,9.0,10.0,S27,-0.0007674694061279297
mint-only-horizontal-run01,mint,12,9,9.0,10.0,S28,-0.001069784164428711
mint-only-horizontal-run01,mint,12,9,9.0,10.0,S29,-0.0005143880844116211
mint-only-horizontal-run01,mint,12,9,9.0,10.0,S30,-7.098913192749023e-05
mint-only-horizontal-run01,mint,12,9,9.0,10.0,S31,-0.0007266998291015625
mint-only-horizontal-run01,mint,12,9,9.0,10.0,S32,-0.00035756826400756836
caret-mint-left-lavender-right-run01,mint,0,0,0.0,1.0,S1,-0.00013697147369384766
caret-mint-left-lavender-right-run01,mint,0,0,0.0,1.0,S2,-0.00011944770812988281
caret-mint-left-lavender-right-run01,mint,0,0,0.0,1.0,S3,0.0006967782974243164
caret-mint-left-lavender-right-run01,mint,0,0,0.0,1.0,S4,-0.0002104043960571289
caret-mint-left-lavender-right-run01,mint,0,0,0.0,1.0,S5,-0.00012731552124023438
caret-mint-left-lavender-right-run01,mint,0,0,0.0,1.0,S6,1.043081283569336e-07
caret-mint-left-lavender-right-run01,mint,0,0,0.0,1.0,S7,5.4836273193359375e-06
caret-mint-left-lavender-right-run01,mint,0,0,0.0,1.0,S8,-0.0001647472381591797
caret-mint-left-lavender-right-run01,mint,0,0,0.0,1.0,S9,-3.403425216674805e-05
caret-mint-left-lavender-right-run01,mint,0,0,0.0,1.0,S10,-1.3232231140136719e-05
caret-mint-left-lavender-right-run01,mint,0,0,0.0,1.0,S11,-9.775161743164062e-05
caret-mint-left-lavender-right-run01,mint,0,0,0.0,1.0,S12,-7.653236389160156e-05
caret-mint-left-lavender-right-run01,mint,0,0,0.0,1.0,S13,-5.53131103515625e-05
caret-mint-left-lavender-right-run01,mint,0,0,0.0,1.0,S14,-7.227063179016113e-05
caret-mint-left-lavender-right-run01,mint,0,0,0.0,1.0,S15,-0.0003020763397216797
caret-mint-left-lavender-right-run01,mint,0,0,0.0,1.0,S16,-2.372264862060547e-05
caret-mint-left-lavender-right-run01,mint,0,0,0.0,1.0,S17,-0.0002760887145996094
caret-mint-left-lavender-right-run01,mint,0,0,0.0,1.0,S18,-7.024407386779785e-05
caret-mint-left-lavender-right-run01,mint,0,0,0.0,1.0,S19,-0.0014226436614990234
caret-mint-left-lavender-right-run01,mint,0,0,0.0,1.0,S20,-9.703636169433594e-05
caret-mint-left-lavender-right-run01,mint,0,0,0.0,1.0,S21,-5.838274955749512e-05
caret-mint-left-lavender-right-run01,mint,0,0,0.0,1.0,S22,-3.135204315185547e-05
caret-mint-left-lavender-right-run01,mint,0,0,0.0,1.0,S23,-0.0011709928512573242
caret-mint-left-lavender-right-run01,mint,0,0,0.0,1.0,S24,-1.138448715209961e-05
caret-mint-left-lavender-right-run01,mint,0,0,0.0,1.0,S25,7.152557373046875e-05
caret-mint-left-lavender-right-run01,mint,0,0,0.0,1.0,S26,-0.0001830458641052246
caret-mint-left-lavender-right-run01,mint,0,0,0.0,1.0,S27,0.000967860221862793
caret-mint-left-lavender-right-run01,mint,0,0,0.0,1.0,S28,-0.0003209114074707031
caret-mint-left-lavender-right-run01,mint,0,0,0.0,1.0,S29,-0.00028699636459350586
caret-mint-left-lavender-right-run01,mint,0,0,0.0,1.0,S30,-1.4394521713256836e-05
caret-mint-left-lavender-right-run01,mint,0,0,0.0,1.0,S31,0.0014799833297729492
caret-mint-left-lavender-right-run01,mint,0,0,0.0,1.0,S32,-7.31348991394043e-05
caret-mint-left-lavender-right-run01,mint,0,1,1.0,2.0,S1,-0.0003199577331542969
caret-mint-left-lavender-right-run01,mint,0,1,1.0,2.0,S2,-0.00044083595275878906
caret-mint-left-lavender-right-run01,mint,0,1,1.0,2.0,S3,-0.0014792680740356445
caret-mint-left-lavender-right-run01,mint,0,1,1.0,2.0,S4,-0.0009804964065551758
caret-mint-left-lavender-right-run01,mint,0,1,1.0,2.0,S5,-0.0005159974098205566
caret-mint-left-lavender-right-run01,mint,0,1,1.0,2.0,S6,-3.6954879760742188e-06
caret-mint-left-lavender-right-run01,mint,0,1,1.0,2.0,S7,-0.001627206802368164
caret-mint-left-lavender-right-run01,mint,0,1,1.0,2.0,S8,-0.0006374120712280273
caret-mint-left-lavender-right-run01,mint,0,1,1.0,2.0,S9,-0.00019931793212890625
caret-mint-left-lavender-right-run01,mint,0,1,1.0,2.0,S10,9.47713851928711e-06
caret-mint-left-lavender-right-run01,mint,0,1,1.0,2.0,S11,-0.00139617919921875
caret-mint-left-lavender-right-run01,mint,0,1,1.0,2.0,S12,-0.00031566619873046875
caret-mint-left-lavender-right-run01,mint,0,1,1.0,2.0,S13,-0.0002932548522949219
caret-mint-left-lavender-right-run01,mint,0,1,1.0,2.0,S14,-0.0002371072769165039
caret-mint-left-lavender-right-run01,mint,0,1,1.0,2.0,S15,-0.0017151832580566406
caret-mint-left-lavender-right-run01,mint,0,1,1.0,2.0,S16,-8.174777030944824e-05
caret-mint-left-lavender-right-run01,mint,0,1,1.0,2.0,S17,-0.0008756518363952637
caret-mint-left-lavender-right-run01,mint,0,1,1.0,2.0,S18,-0.0005879402160644531
caret-mint-left-lavender-right-run01,mint,0,1,1.0,2.0,S19,-0.001783132553100586
caret-mint-left-lavender-right-run01,mint,0,1,1.0,2.0,S20,-0.0004914402961730957
caret-mint-left-lavender-right-run01,mint,0,1,1.0,2.0,S21,-0.0002111494541168213
caret-mint-left-lavender-right-run01,mint,0,1,1.0,2.0,S22,-9.679794311523438e-05
caret-mint-left-lavender-right-run01,mint,0,1,1.0,2.0,S23,-0.0004349946975708008
caret-mint-left-lavender-right-run01,mint,0,1,1.0,2.0,S24,-6.747245788574219e-05
caret-mint-left-lavender-right-run01,mint,0,1,1.0,2.0,S25,-0.00013810396194458008
caret-mint-left-lavender-right-run01,mint,0,1,1.0,2.0,S26,-0.0009143352508544922
caret-mint-left-lavender-right-run01,mint,0,1,1.0,2.0,S27,-0.00015270709991455078
caret-mint-left-lavender-right-run01,mint,0,1,1.0,2.0,S28,-0.0015429854393005371
caret-mint-left-lavender-right-run01,mint,0,1,1.0,2.0,S29,-0.0012519359588623047
caret-mint-left-lavender-right-run01,mint,0,1,1.0,2.0,S30,-0.00013843178749084473
caret-mint-left-lavender-right-run01,mint,0,1,1.0,2.0,S31,0.0009377002716064453
caret-mint-left-lavender-right-run01,mint,0,1,1.0,2.0,S32,-0.00032848119735717773
caret-mint-left-lavender-right-run01,mint,0,2,2.0,3.0,S1,-0.0003147125244140625
caret-mint-left-lavender-right-run01,mint,0,2,2.0,3.0,S2,-0.00044465065002441406
caret-mint-left-lavender-right-run01,mint,0,2,2.0,3.0,S3,0.000396728515625
caret-mint-left-lavender-right-run01,mint,0,2,2.0,3.0,S4,-0.0008428096771240234
caret-mint-left-lavender-right-run01,mint,0,2,2.0,3.0,S5,-0.00041115283966064453
caret-mint-left-lavender-right-run01,mint,0,2,2.0,3.0,S6,3.8743019104003906e-07
caret-mint-left-lavender-right-run01,mint,0,2,2.0,3.0,S7,0.0025565624237060547
caret-mint-left-lavender-right-run01,mint,0,2,2.0,3.0,S8,-0.0006539821624755859
caret-mint-left-lavender-right-run01,mint,0,2,2.0,3.0,S9,-0.00019502639770507812
caret-mint-left-lavender-right-run01,mint,0,2,2.0,3.0,S10,8.821487426757812e-06
caret-mint-left-lavender-right-run01,mint,0,2,2.0,3.0,S11,0.00037932395935058594
caret-mint-left-lavender-right-run01,mint,0,2,2.0,3.0,S12,-0.00034546852111816406
caret-mint-left-lavender-right-run01,mint,0,2,2.0,3.0,S13,-0.0002624988555908203
caret-mint-left-lavender-right-run01,mint,0,2,2.0,3.0,S14,-0.00017946958541870117
caret-mint-left-lavender-right-run01,mint,0,2,2.0,3.0,S15,0.00010180473327636719
caret-mint-left-lavender-right-run01,mint,0,2,2.0,3.0,S16,-8.690357208251953e-05
caret-mint-left-lavender-right-run01,mint,0,2,2.0,3.0,S17,-0.0008134841918945312
caret-mint-left-lavender-right-run01,mint,0,2,2.0,3.0,S18,-0.0004528164863586426
caret-mint-left-lavender-right-run01,mint,0,2,2.0,3.0,S19,0.0
caret-mint-left-lavender-right-run01,mint,0,2,2.0,3.0,S20,-0.0003898143768310547
caret-mint-left-lavender-right-run01,mint,0,2,2.0,3.0,S21,-0.00021183490753173828
caret-mint-left-lavender-right-run01,mint,0,2,2.0,3.0,S22,-0.0001195669174194336
caret-mint-left-lavender-right-run01,mint,0,2,2.0,3.0,S23,-3.0994415283203125e-05
caret-mint-left-lavender-right-run01,mint,0,2,2.0,3.0,S24,-8.249282836914062e-05
caret-mint-left-lavender-right-run01,mint,0,2,2.0,3.0,S25,-0.0001977682113647461
caret-mint-left-lavender-right-run01,mint,0,2,2.0,3.0,S26,-0.0008128881454467773
caret-mint-left-lavender-right-run01,mint,0,2,2.0,3.0,S27,0.0002627372741699219
caret-mint-left-lavender-right-run01,mint,0,2,2.0,3.0,S28,-0.0013550519943237305
caret-mint-left-lavender-right-run01,mint,0,2,2.0,3.0,S29,-0.0011038780212402344
caret-mint-left-lavender-right-run01,mint,0,2,2.0,3.0,S30,-0.00011175870895385742
caret-mint-left-lavender-right-run01,mint,0,2,2.0,3.0,S31,3.981590270996094e-05
caret-mint-left-lavender-right-run01,mint,0,2,2.0,3.0,S32,-0.00029718875885009766
caret-mint-left-lavender-right-run01,mint,1,0,0.0,1.0,S1,4.565715789794922e-05
caret-mint-left-lavender-right-run01,mint,1,0,0.0,1.0,S2,-6.568431854248047e-05
caret-mint-left-lavender-right-run01,mint,1,0,0.0,1.0,S3,0.0008949041366577148
caret-mint-left-lavender-right-run01,mint,1,0,0.0,1.0,S4,-0.0004521608352661133
caret-mint-left-lavender-right-run01,mint,1,0,0.0,1.0,S5,-0.00021147727966308594
caret-mint-left-lavender-right-run01,mint,1,0,0.0,1.0,S6,-1.1429190635681152e-05
caret-mint-left-lavender-right-run01,mint,1,0,0.0,1.0,S7,0.0001266002655029297
caret-mint-left-lavender-right-run01,mint,1,0,0.0,1.0,S8,-0.0002173781394958496
caret-mint-left-lavender-right-run01,mint,1,0,0.0,1.0,S9,-1.71661376953125e-05
caret-mint-left-lavender-right-run01,mint,1,0,0.0,1.0,S10,-1.2814998626708984e-05
caret-mint-left-lavender-right-run01,mint,1,0,0.0,1.0,S11,0.0012052059173583984
caret-mint-left-lavender-right-run01,mint,1,0,0.0,1.0,S12,-0.00011873245239257812
caret-mint-left-lavender-right-run01,mint,1,0,0.0,1.0,S13,-6.443262100219727e-05
caret-mint-left-lavender-right-run01,mint,1,0,0.0,1.0,S14,-3.388524055480957e-05
caret-mint-left-lavender-right-run01,mint,1,0,0.0,1.0,S15,9.441375732421875e-05
caret-mint-left-lavender-right-run01,mint,1,0,0.0,1.0,S16,-2.7358531951904297e-05
caret-mint-left-lavender-right-run01,mint,1,0,0.0,1.0,S17,-0.00029397010803222656
caret-mint-left-lavender-right-run01,mint,1,0,0.0,1.0,S18,-0.00015115737915039062
caret-mint-left-lavender-right-run01,mint,1,0,0.0,1.0,S19,6.031990051269531e-05
caret-mint-left-lavender-right-run01,mint,1,0,0.0,1.0,S20,-5.8591365814208984e-05
caret-mint-left-lavender-right-run01,mint,1,0,0.0,1.0,S21,-4.076957702636719e-05
caret-mint-left-lavender-right-run01,mint,1,0,0.0,1.0,S22,3.7550926208496094e-05
caret-mint-left-lavender-right-run01,mint,1,0,0.0,1.0,S23,-0.0002855062484741211
caret-mint-left-lavender-right-run01,mint,1,0,0.0,1.0,S24,0.0003280043601989746
caret-mint-left-lavender-right-run01,mint,1,0,0.0,1.0,S25,3.170967102050781e-05
caret-mint-left-lavender-right-run01,mint,1,0,0.0,1.0,S26,0.0003922581672668457
caret-mint-left-lavender-right-run01,mint,1,0,0.0,1.0,S27,-0.0001316070556640625
caret-mint-left-lavender-right-run01,mint,1,0,0.0,1.0,S28,-0.00015920400619506836
caret-mint-left-lavender-right-run01,mint,1,0,0.0,1.0,S29,-0.00010150671005249023
caret-mint-left-lavender-right-run01,mint,1,0,0.0,1.0,S30,-3.0994415283203125e-06
caret-mint-left-lavender-right-run01,mint,1,0,0.0,1.0,S31,-0.0012099742889404297
caret-mint-left-lavender-right-run01,mint,1,0,0.0,1.0,S32,0.00011202692985534668
caret-mint-left-lavender-right-run01,mint,1,3,3.0,4.0,S1,0.00939321517944336
caret-mint-left-lavender-right-run01,mint,1,3,3.0,4.0,S2,0.007227897644042969
caret-mint-left-lavender-right-run01,mint,1,3,3.0,4.0,S3,-0.0006487369537353516
caret-mint-left-lavender-right-run01,mint,1,3,3.0,4.0,S4,0.0009627342224121094
caret-mint-left-lavender-right-run01,mint,1,3,3.0,4.0,S5,-0.0007125139236450195
caret-mint-left-lavender-right-run01,mint,1,3,3.0,4.0,S6,1.1622905731201172e-06
caret-mint-left-lavender-right-run01,mint,1,3,3.0,4.0,S7,0.002388477325439453
caret-mint-left-lavender-right-run01,mint,1,3,3.0,4.0,S8,-0.000545501708984375
caret-mint-left-lavender-right-run01,mint,1,3,3.0,4.0,S9,0.0011866092681884766
caret-mint-left-lavender-right-run01,mint,1,3,3.0,4.0,S10,-8.90493392944336e-05
caret-mint-left-lavender-right-run01,mint,1,3,3.0,4.0,S11,0.002655506134033203
caret-mint-left-lavender-right-run01,mint,1,3,3.0,4.0,S12,-2.8252601623535156e-05
caret-mint-left-lavender-right-run01,mint,1,3,3.0,4.0,S13,0.00016105175018310547
caret-mint-left-lavender-right-run01,mint,1,3,3.0,4.0,S14,0.00024276971817016602
caret-mint-left-lavender-right-run01,mint,1,3,3.0,4.0,S15,0.002432584762573242
caret-mint-left-lavender-right-run01,mint,1,3,3.0,4.0,S16,-3.0875205993652344e-05
caret-mint-left-lavender-right-run01,mint,1,3,3.0,4.0,S17,-0.0008248090744018555
caret-mint-left-lavender-right-run01,mint,1,3,3.0,4.0,S18,-0.0003032684326171875
caret-mint-left-lavender-right-run01,mint,1,3,3.0,4.0,S19,0.0029337406158447266
caret-mint-left-lavender-right-run01,mint,1,3,3.0,4.0,S20,0.0006781816482543945
caret-mint-left-lavender-right-run01,mint,1,3,3.0,4.0,S21,0.0001347661018371582
caret-mint-left-lavender-right-run01,mint,1,3,3.0,4.0,S22,0.0006470680236816406
caret-mint-left-lavender-right-run01,mint,1,3,3.0,4.0,S23,-0.0016126632690429688
caret-mint-left-lavender-right-run01,mint,1,3,3.0,4.0,S24,0.002794504165649414
caret-mint-left-lavender-right-run01,mint,1,3,3.0,4.0,S25,0.0009549856185913086
caret-mint-left-lavender-right-run01,mint,1,3,3.0,4.0,S26,0.004505276679992676
caret-mint-left-lavender-right-run01,mint,1,3,3.0,4.0,S27,-0.0022935867309570312
caret-mint-left-lavender-right-run01,mint,1,3,3.0,4.0,S28,0.00035202503204345703
caret-mint-left-lavender-right-run01,mint,1,3,3.0,4.0,S29,0.0010421276092529297
caret-mint-left-lavender-right-run01,mint,1,3,3.0,4.0,S30,8.33272933959961e-05
caret-mint-left-lavender-right-run01,mint,1,3,3.0,4.0,S31,-0.002824068069458008
caret-mint-left-lavender-right-run01,mint,1,3,3.0,4.0,S32,0.0007911920547485352
caret-mint-left-lavender-right-run01,mint,1,5,5.0,6.0,S1,0.009569644927978516
caret-mint-left-lavender-right-run01,mint,1,5,5.0,6.0,S2,0.005482673645019531
caret-mint-left-lavender-right-run01,mint,1,5,5.0,6.0,S3,-0.0006047487258911133
caret-mint-left-lavender-right-run01,mint,1,5,5.0,6.0,S4,-0.0022516250610351562
caret-mint-left-lavender-right-run01,mint,1,5,5.0,6.0,S5,-0.0020528435707092285
caret-mint-left-lavender-right-run01,mint,1,5,5.0,6.0,S6,-2.7060508728027344e-05
caret-mint-left-lavender-right-run01,mint,1,5,5.0,6.0,S7,-0.001667618751525879
caret-mint-left-lavender-right-run01,mint,1,5,5.0,6.0,S8,-0.0014639496803283691
caret-mint-left-lavender-right-run01,mint,1,5,5.0,6.0,S9,0.000767827033996582
caret-mint-left-lavender-right-run01,mint,1,5,5.0,6.0,S10,-0.00017189979553222656
caret-mint-left-lavender-right-run01,mint,1,5,5.0,6.0,S11,0.0007474422454833984
caret-mint-left-lavender-right-run01,mint,1,5,5.0,6.0,S12,-0.0005062222480773926
caret-mint-left-lavender-right-run01,mint,1,5,5.0,6.0,S13,-0.0003962516784667969
caret-mint-left-lavender-right-run01,mint,1,5,5.0,6.0,S14,-4.0918588638305664e-05
caret-mint-left-lavender-right-run01,mint,1,5,5.0,6.0,S15,0.001245260238647461
caret-mint-left-lavender-right-run01,mint,1,5,5.0,6.0,S16,-0.0002111196517944336
caret-mint-left-lavender-right-run01,mint,1,5,5.0,6.0,S17,-0.003884732723236084
caret-mint-left-lavender-right-run01,mint,1,5,5.0,6.0,S18,-0.0013287067413330078
caret-mint-left-lavender-right-run01,mint,1,5,5.0,6.0,S19,0.0001481771469116211
caret-mint-left-lavender-right-run01,mint,1,5,5.0,6.0,S20,-0.0001958608627319336
caret-mint-left-lavender-right-run01,mint,1,5,5.0,6.0,S21,-0.0003193318843841553
caret-mint-left-lavender-right-run01,mint,1,5,5.0,6.0,S22,0.00030493736267089844
caret-mint-left-lavender-right-run01,mint,1,5,5.0,6.0,S23,-0.0023823976516723633
caret-mint-left-lavender-right-run01,mint,1,5,5.0,6.0,S24,0.0022920966148376465
caret-mint-left-lavender-right-run01,mint,1,5,5.0,6.0,S25,-7.528066635131836e-05
caret-mint-left-lavender-right-run01,mint,1,5,5.0,6.0,S26,0.0006856918334960938
caret-mint-left-lavender-right-run01,mint,1,5,5.0,6.0,S27,-0.00044989585876464844
caret-mint-left-lavender-right-run01,mint,1,5,5.0,6.0,S28,-0.002463996410369873
caret-mint-left-lavender-right-run01,mint,1,5,5.0,6.0,S29,-0.002232789993286133
caret-mint-left-lavender-right-run01,mint,1,5,5.0,6.0,S30,-0.00016683340072631836
caret-mint-left-lavender-right-run01,mint,1,5,5.0,6.0,S31,-0.0002611875534057617
caret-mint-left-lavender-right-run01,mint,1,5,5.0,6.0,S32,-5.748867988586426e-05
caret-mint-left-lavender-right-run01,mint,2,0,0.0,1.0,S1,0.0
caret-mint-left-lavender-right-run01,mint,2,0,0.0,1.0,S2,0.0
caret-mint-left-lavender-right-run01,mint,2,0,0.0,1.0,S3,-1.7881393432617188e-05
caret-mint-left-lavender-right-run01,mint,2,0,0.0,1.0,S4,0.00018668174743652344
caret-mint-left-lavender-right-run01,mint,2,0,0.0,1.0,S5,0.00018072128295898438
caret-mint-left-lavender-right-run01,mint,2,0,0.0,1.0,S6,-7.808208465576172e-06
caret-mint-left-lavender-right-run01,mint,2,0,0.0,1.0,S7,0.0005810260772705078
caret-mint-left-lavender-right-run01,mint,2,0,0.0,1.0,S8,3.981590270996094e-05
caret-mint-left-lavender-right-run01,mint,2,0,0.0,1.0,S9,0.0
caret-mint-left-lavender-right-run01,mint,2,0,0.0,1.0,S10,4.565715789794922e-05
caret-mint-left-lavender-right-run01,mint,2,0,0.0,1.0,S11,0.00024962425231933594
caret-mint-left-lavender-right-run01,mint,2,0,0.0,1.0,S12,0.0
caret-mint-left-lavender-right-run01,mint,2,0,0.0,1.0,S13,0.0
caret-mint-left-lavender-right-run01,mint,2,0,0.0,1.0,S14,0.0
caret-mint-left-lavender-right-run01,mint,2,0,0.0,1.0,S15,0.0023071765899658203
caret-mint-left-lavender-right-run01,mint,2,0,0.0,1.0,S16,0.0
caret-mint-left-lavender-right-run01,mint,2,0,0.0,1.0,S17,0.00017213821411132812
caret-mint-left-lavender-right-run01,mint,2,0,0.0,1.0,S18,1.3172626495361328e-05
caret-mint-left-lavender-right-run01,mint,2,0,0.0,1.0,S19,0.003002643585205078
caret-mint-left-lavender-right-run01,mint,2,0,0.0,1.0,S20,0.0
caret-mint-left-lavender-right-run01,mint,2,0,0.0,1.0,S21,0.0
caret-mint-left-lavender-right-run01,mint,2,0,0.0,1.0,S22,-4.976987838745117e-05
caret-mint-left-lavender-right-run01,mint,2,0,0.0,1.0,S23,0.002760648727416992
caret-mint-left-lavender-right-run01,mint,2,0,0.0,1.0,S24,-0.0006879568099975586
caret-mint-left-lavender-right-run01,mint,2,0,0.0,1.0,S25,-0.00025916099548339844
caret-mint-left-lavender-right-run01,mint,2,0,0.0,1.0,S26,-0.00036013126373291016
caret-mint-left-lavender-right-run01,mint,2,0,0.0,1.0,S27,0.0004220008850097656
caret-mint-left-lavender-right-run01,mint,2,0,0.0,1.0,S28,0.0
caret-mint-left-lavender-right-run01,mint,2,0,0.0,1.0,S29,0.0
caret-mint-left-lavender-right-run01,mint,2,0,0.0,1.0,S30,0.0
caret-mint-left-lavender-right-run01,mint,2,0,0.0,1.0,S31,0.0
caret-mint-left-lavender-right-run01,mint,2,0,0.0,1.0,S32,-0.00032258033752441406
caret-mint-left-lavender-right-run01,mint,2,3,3.0,4.0,S1,-0.0062105655670166016
caret-mint-left-lavender-right-run01,mint,2,3,3.0,4.0,S2,-0.00704503059387207
caret-mint-left-lavender-right-run01,mint,2,3,3.0,4.0,S3,0.0002467632293701172
caret-mint-left-lavender-right-run01,mint,2,3,3.0,4.0,S4,-0.005646944046020508
caret-mint-left-lavender-right-run01,mint,2,3,3.0,4.0,S5,-0.0014734268188476562
caret-mint-left-lavender-right-run01,mint,2,3,3.0,4.0,S6,-3.069639205932617e-05
caret-mint-left-lavender-right-run01,mint,2,3,3.0,4.0,S7,-9.799003601074219e-05
caret-mint-left-lavender-right-run01,mint,2,3,3.0,4.0,S8,-0.001295328140258789
caret-mint-left-lavender-right-run01,mint,2,3,3.0,4.0,S9,-0.0010685920715332031
caret-mint-left-lavender-right-run01,mint,2,3,3.0,4.0,S10,-0.00011026859283447266
caret-mint-left-lavender-right-run01,mint,2,3,3.0,4.0,S11,-0.0004067420959472656
caret-mint-left-lavender-right-run01,mint,2,3,3.0,4.0,S12,-0.0009351372718811035
caret-mint-left-lavender-right-run01,mint,2,3,3.0,4.0,S13,-0.0006921291351318359
caret-mint-left-lavender-right-run01,mint,2,3,3.0,4.0,S14,-0.000553131103515625
caret-mint-left-lavender-right-run01,mint,2,3,3.0,4.0,S15,0.00021648406982421875
caret-mint-left-lavender-right-run01,mint,2,3,3.0,4.0,S16,-0.00023949146270751953
caret-mint-left-lavender-right-run01,mint,2,3,3.0,4.0,S17,-0.0025522708892822266
caret-mint-left-lavender-right-run01,mint,2,3,3.0,4.0,S18,-0.001035153865814209
caret-mint-left-lavender-right-run01,mint,2,3,3.0,4.0,S19,6.4849853515625e-05
caret-mint-left-lavender-right-run01,mint,2,3,3.0,4.0,S20,-0.0005271434783935547
caret-mint-left-lavender-right-run01,mint,2,3,3.0,4.0,S21,-0.00021517276763916016
caret-mint-left-lavender-right-run01,mint,2,3,3.0,4.0,S22,9.757280349731445e-05
caret-mint-left-lavender-right-run01,mint,2,3,3.0,4.0,S23,0.002210855484008789
caret-mint-left-lavender-right-run01,mint,2,3,3.0,4.0,S24,0.0011993646621704102
caret-mint-left-lavender-right-run01,mint,2,3,3.0,4.0,S25,6.151199340820312e-05
caret-mint-left-lavender-right-run01,mint,2,3,3.0,4.0,S26,0.0005775690078735352
caret-mint-left-lavender-right-run01,mint,2,3,3.0,4.0,S27,0.0003821849822998047
caret-mint-left-lavender-right-run01,mint,2,3,3.0,4.0,S28,-0.0009815692901611328
caret-mint-left-lavender-right-run01,mint,2,3,3.0,4.0,S29,-0.0003927946090698242
caret-mint-left-lavender-right-run01,mint,2,3,3.0,4.0,S30,7.62939453125e-06
caret-mint-left-lavender-right-run01,mint,2,3,3.0,4.0,S31,0.0001354217529296875
caret-mint-left-lavender-right-run01,mint,2,3,3.0,4.0,S32,0.00022870302200317383
caret-mint-left-lavender-right-run01,mint,2,4,4.0,5.0,S1,-0.007800698280334473
caret-mint-left-lavender-right-run01,mint,2,4,4.0,5.0,S2,-0.007430315017700195
caret-mint-left-lavender-right-run01,mint,2,4,4.0,5.0,S3,4.482269287109375e-05
caret-mint-left-lavender-right-run01,mint,2,4,4.0,5.0,S4,-0.004018068313598633
caret-mint-left-lavender-right-run01,mint,2,4,4.0,5.0,S5,-0.0006834864616394043
caret-mint-left-lavender-right-run01,mint,2,4,4.0,5.0,S6,-3.528594970703125e-05
caret-mint-left-lavender-right-run01,mint,2,4,4.0,5.0,S7,-0.0012373924255371094
caret-mint-left-lavender-right-run01,mint,2,4,4.0,5.0,S8,-0.0008625984191894531
caret-mint-left-lavender-right-run01,mint,2,4,4.0,5.0,S9,-0.0014142394065856934
caret-mint-left-lavender-right-run01,mint,2,4,4.0,5.0,S10,-2.855062484741211e-05
caret-mint-left-lavender-right-run01,mint,2,4,4.0,5.0,S11,-0.0001888275146484375
caret-mint-left-lavender-right-run01,mint,2,4,4.0,5.0,S12,-0.0007381141185760498
caret-mint-left-lavender-right-run01,mint,2,4,4.0,5.0,S13,-0.0006874799728393555
caret-mint-left-lavender-right-run01,mint,2,4,4.0,5.0,S14,-0.0006149113178253174
caret-mint-left-lavender-right-run01,mint,2,4,4.0,5.0,S15,-0.002437591552734375
caret-mint-left-lavender-right-run01,mint,2,4,4.0,5.0,S16,-0.00020301342010498047
caret-mint-left-lavender-right-run01,mint,2,4,4.0,5.0,S17,-0.001895129680633545
caret-mint-left-lavender-right-run01,mint,2,4,4.0,5.0,S18,-0.0008730888366699219
caret-mint-left-lavender-right-run01,mint,2,4,4.0,5.0,S19,-0.002150416374206543
caret-mint-left-lavender-right-run01,mint,2,4,4.0,5.0,S20,-0.0012410879135131836
caret-mint-left-lavender-right-run01,mint,2,4,4.0,5.0,S21,-0.00039654970169067383
caret-mint-left-lavender-right-run01,mint,2,4,4.0,5.0,S22,-0.0004630088806152344
caret-mint-left-lavender-right-run01,mint,2,4,4.0,5.0,S23,0.0007387399673461914
caret-mint-left-lavender-right-run01,mint,2,4,4.0,5.0,S24,-0.0011203289031982422
caret-mint-left-lavender-right-run01,mint,2,4,4.0,5.0,S25,-0.0008993148803710938
caret-mint-left-lavender-right-run01,mint,2,4,4.0,5.0,S26,-0.003269195556640625
caret-mint-left-lavender-right-run01,mint,2,4,4.0,5.0,S27,0.00031745433807373047
caret-mint-left-lavender-right-run01,mint,2,4,4.0,5.0,S28,-0.002098262310028076
caret-mint-left-lavender-right-run01,mint,2,4,4.0,5.0,S29,-0.0020135045051574707
caret-mint-left-lavender-right-run01,mint,2,4,4.0,5.0,S30,-0.00015169382095336914
caret-mint-left-lavender-right-run01,mint,2,4,4.0,5.0,S31,0.000202178955078125
caret-mint-left-lavender-right-run01,mint,2,4,4.0,5.0,S32,-0.0004284083843231201
caret-mint-left-lavender-right-run01,mint,2,16,16.0,17.0,S1,0.009281635284423828
caret-mint-left-lavender-right-run01,mint,2,16,16.0,17.0,S2,0.006306648254394531
caret-mint-left-lavender-right-run01,mint,2,16,16.0,17.0,S3,-4.696846008300781e-05
caret-mint-left-lavender-right-run01,mint,2,16,16.0,17.0,S4,-0.00016689300537109375
caret-mint-left-lavender-right-run01,mint,2,16,16.0,17.0,S5,-0.001157999038696289
caret-mint-left-lavender-right-run01,mint,2,16,16.0,17.0,S6,-2.1129846572875977e-05
caret-mint-left-lavender-right-run01,mint,2,16,16.0,17.0,S7,-0.00040793418884277344
caret-mint-left-lavender-right-run01,mint,2,16,16.0,17.0,S8,-0.0007985830307006836
caret-mint-left-lavender-right-run01,mint,2,16,16.0,17.0,S9,0.0007292032241821289
caret-mint-left-lavender-right-run01,mint,2,16,16.0,17.0,S10,-7.05718994140625e-05
caret-mint-left-lavender-right-run01,mint,2,16,16.0,17.0,S11,-0.00015473365783691406
caret-mint-left-lavender-right-run01,mint,2,16,16.0,17.0,S12,-0.0002790689468383789
caret-mint-left-lavender-right-run01,mint,2,16,16.0,17.0,S13,-0.00015294551849365234
caret-mint-left-lavender-right-run01,mint,2,16,16.0,17.0,S14,1.055002212524414e-05
caret-mint-left-lavender-right-run01,mint,2,16,16.0,17.0,S15,-0.0003247261047363281
caret-mint-left-lavender-right-run01,mint,2,16,16.0,17.0,S16,-8.344650268554688e-05
caret-mint-left-lavender-right-run01,mint,2,16,16.0,17.0,S17,-0.0017888545989990234
caret-mint-left-lavender-right-run01,mint,2,16,16.0,17.0,S18,-0.0007322430610656738
caret-mint-left-lavender-right-run01,mint,2,16,16.0,17.0,S19,1.71661376953125e-05
caret-mint-left-lavender-right-run01,mint,2,16,16.0,17.0,S20,-5.030632019042969e-05
caret-mint-left-lavender-right-run01,mint,2,16,16.0,17.0,S21,-0.00013375282287597656
caret-mint-left-lavender-right-run01,mint,2,16,16.0,17.0,S22,0.0001996159553527832
caret-mint-left-lavender-right-run01,mint,2,16,16.0,17.0,S23,0.002271413803100586
caret-mint-left-lavender-right-run01,mint,2,16,16.0,17.0,S24,0.0013031959533691406
caret-mint-left-lavender-right-run01,mint,2,16,16.0,17.0,S25,-0.0001558065414428711
caret-mint-left-lavender-right-run01,mint,2,16,16.0,17.0,S26,0.000813603401184082
caret-mint-left-lavender-right-run01,mint,2,16,16.0,17.0,S27,0.0004925727844238281
caret-mint-left-lavender-right-run01,mint,2,16,16.0,17.0,S28,-0.0013549327850341797
caret-mint-left-lavender-right-run01,mint,2,16,16.0,17.0,S29,-0.0009608268737792969
caret-mint-left-lavender-right-run01,mint,2,16,16.0,17.0,S30,-8.118152618408203e-05
caret-mint-left-lavender-right-run01,mint,2,16,16.0,17.0,S31,-0.002560853958129883
caret-mint-left-lavender-right-run01,mint,2,16,16.0,17.0,S32,-8.100271224975586e-05
caret-mint-left-lavender-right-run01,lavender,0,0,0.0,1.0,S1,-0.0035936832427978516
caret-mint-left-lavender-right-run01,lavender,0,0,0.0,1.0,S2,-0.0034275054931640625
caret-mint-left-lavender-right-run01,lavender,0,0,0.0,1.0,S3,0.00021183490753173828
caret-mint-left-lavender-right-run01,lavender,0,0,0.0,1.0,S4,-0.0017514824867248535
caret-mint-left-lavender-right-run01,lavender,0,0,0.0,1.0,S5,-0.00024169683456420898
caret-mint-left-lavender-right-run01,lavender,0,0,0.0,1.0,S6,-6.452202796936035e-06
caret-mint-left-lavender-right-run01,lavender,0,0,0.0,1.0,S7,-0.00016927719116210938
caret-mint-left-lavender-right-run01,lavender,0,0,0.0,1.0,S8,-0.0001887679100036621
caret-mint-left-lavender-right-run01,lavender,0,0,0.0,1.0,S9,-0.0005912184715270996
caret-mint-left-lavender-right-run01,lavender,0,0,0.0,1.0,S10,-1.5079975128173828e-05
caret-mint-left-lavender-right-run01,lavender,0,0,0.0,1.0,S11,0.00023627281188964844
caret-mint-left-lavender-right-run01,lavender,0,0,0.0,1.0,S12,-0.0002294480800628662
caret-mint-left-lavender-right-run01,lavender,0,0,0.0,1.0,S13,-0.00026983022689819336
caret-mint-left-lavender-right-run01,lavender,0,0,0.0,1.0,S14,-0.00021561980247497559
caret-mint-left-lavender-right-run01,lavender,0,0,0.0,1.0,S15,0.0002931356430053711
caret-mint-left-lavender-right-run01,lavender,0,0,0.0,1.0,S16,-7.706880569458008e-05
caret-mint-left-lavender-right-run01,lavender,0,0,0.0,1.0,S17,-0.0006876587867736816
caret-mint-left-lavender-right-run01,lavender,0,0,0.0,1.0,S18,-0.0003433525562286377
caret-mint-left-lavender-right-run01,lavender,0,0,0.0,1.0,S19,0.0001647472381591797
caret-mint-left-lavender-right-run01,lavender,0,0,0.0,1.0,S20,-0.0004749298095703125
caret-mint-left-lavender-right-run01,lavender,0,0,0.0,1.0,S21,-0.00016111135482788086
caret-mint-left-lavender-right-run01,lavender,0,0,0.0,1.0,S22,-0.0001817941665649414
caret-mint-left-lavender-right-run01,lavender,0,0,0.0,1.0,S23,3.552436828613281e-05
caret-mint-left-lavender-right-run01,lavender,0,0,0.0,1.0,S24,-0.0004928112030029297
caret-mint-left-lavender-right-run01,lavender,0,0,0.0,1.0,S25,-0.00020802021026611328
caret-mint-left-lavender-right-run01,lavender,0,0,0.0,1.0,S26,-0.0012912750244140625
caret-mint-left-lavender-right-run01,lavender,0,0,0.0,1.0,S27,-7.390975952148438e-05
caret-mint-left-lavender-right-run01,lavender,0,0,0.0,1.0,S28,-0.0006797909736633301
caret-mint-left-lavender-right-run01,lavender,0,0,0.0,1.0,S29,-0.0008653402328491211
caret-mint-left-lavender-right-run01,lavender,0,0,0.0,1.0,S30,-7.840991020202637e-05
caret-mint-left-lavender-right-run01,lavender,0,0,0.0,1.0,S31,-0.0013730525970458984
caret-mint-left-lavender-right-run01,lavender,0,0,0.0,1.0,S32,-0.00019469857215881348
caret-mint-left-lavender-right-run01,lavender,0,1,1.0,2.0,S1,0.00657808780670166
caret-mint-left-lavender-right-run01,lavender,0,1,1.0,2.0,S2,0.006004214286804199
caret-mint-left-lavender-right-run01,lavender,0,1,1.0,2.0,S3,-0.0001761913299560547
caret-mint-left-lavender-right-run01,lavender,0,1,1.0,2.0,S4,0.003415703773498535
caret-mint-left-lavender-right-run01,lavender,0,1,1.0,2.0,S5,0.00048804283142089844
caret-mint-left-lavender-right-run01,lavender,0,1,1.0,2.0,S6,8.314847946166992e-06
caret-mint-left-lavender-right-run01,lavender,0,1,1.0,2.0,S7,-8.487701416015625e-05
caret-mint-left-lavender-right-run01,lavender,0,1,1.0,2.0,S8,0.000569760799407959
caret-mint-left-lavender-right-run01,lavender,0,1,1.0,2.0,S9,0.000982820987701416
caret-mint-left-lavender-right-run01,lavender,0,1,1.0,2.0,S10,5.799531936645508e-05
caret-mint-left-lavender-right-run01,lavender,0,1,1.0,2.0,S11,0.0001361370086669922
caret-mint-left-lavender-right-run01,lavender,0,1,1.0,2.0,S12,0.0005271732807159424
caret-mint-left-lavender-right-run01,lavender,0,1,1.0,2.0,S13,0.000484466552734375
caret-mint-left-lavender-right-run01,lavender,0,1,1.0,2.0,S14,0.00036659836769104004
caret-mint-left-lavender-right-run01,lavender,0,1,1.0,2.0,S15,0.002274036407470703
caret-mint-left-lavender-right-run01,lavender,0,1,1.0,2.0,S16,0.00014868378639221191
caret-mint-left-lavender-right-run01,lavender,0,1,1.0,2.0,S17,0.0011158585548400879
caret-mint-left-lavender-right-run01,lavender,0,1,1.0,2.0,S18,0.0005034208297729492
caret-mint-left-lavender-right-run01,lavender,0,1,1.0,2.0,S19,0.0009859800338745117
caret-mint-left-lavender-right-run01,lavender,0,1,1.0,2.0,S20,0.0005846619606018066
caret-mint-left-lavender-right-run01,lavender,0,1,1.0,2.0,S21,0.00023311376571655273
caret-mint-left-lavender-right-run01,lavender,0,1,1.0,2.0,S22,0.00017204880714416504
caret-mint-left-lavender-right-run01,lavender,0,1,1.0,2.0,S23,0.0002319812774658203
caret-mint-left-lavender-right-run01,lavender,0,1,1.0,2.0,S24,0.0002728104591369629
caret-mint-left-lavender-right-run01,lavender,0,1,1.0,2.0,S25,0.00033479928970336914
caret-mint-left-lavender-right-run01,lavender,0,1,1.0,2.0,S26,0.0011112093925476074
caret-mint-left-lavender-right-run01,lavender,0,1,1.0,2.0,S27,-0.00026595592498779297
caret-mint-left-lavender-right-run01,lavender,0,1,1.0,2.0,S28,0.0006511807441711426
caret-mint-left-lavender-right-run01,lavender,0,1,1.0,2.0,S29,0.0008535385131835938
caret-mint-left-lavender-right-run01,lavender,0,1,1.0,2.0,S30,5.46872615814209e-05
caret-mint-left-lavender-right-run01,lavender,0,1,1.0,2.0,S31,0.0024039745330810547
caret-mint-left-lavender-right-run01,lavender,0,1,1.0,2.0,S32,0.00013062357902526855
caret-mint-left-lavender-right-run01,lavender,0,2,2.0,3.0,S1,0.011460065841674805
caret-mint-left-lavender-right-run01,lavender,0,2,2.0,3.0,S2,0.01080620288848877
caret-mint-left-lavender-right-run01,lavender,0,2,2.0,3.0,S3,-0.00021719932556152344
caret-mint-left-lavender-right-run01,lavender,0,2,2.0,3.0,S4,0.005349457263946533
caret-mint-left-lavender-right-run01,lavender,0,2,2.0,3.0,S5,0.0007361173629760742
caret-mint-left-lavender-right-run01,lavender,0,2,2.0,3.0,S6,9.879469871520996e-06
caret-mint-left-lavender-right-run01,lavender,0,2,2.0,3.0,S7,-0.0015712976455688477
caret-mint-left-lavender-right-run01,lavender,0,2,2.0,3.0,S8,0.0007447004318237305
caret-mint-left-lavender-right-run01,lavender,0,2,2.0,3.0,S9,0.0018737316131591797
caret-mint-left-lavender-right-run01,lavender,0,2,2.0,3.0,S10,4.369020462036133e-05
caret-mint-left-lavender-right-run01,lavender,0,2,2.0,3.0,S11,-0.001758575439453125
caret-mint-left-lavender-right-run01,lavender,0,2,2.0,3.0,S12,0.0008295774459838867
caret-mint-left-lavender-right-run01,lavender,0,2,2.0,3.0,S13,0.0008577704429626465
caret-mint-left-lavender-right-run01,lavender,0,2,2.0,3.0,S14,0.000702202320098877
caret-mint-left-lavender-right-run01,lavender,0,2,2.0,3.0,S15,-0.0017780065536499023
caret-mint-left-lavender-right-run01,lavender,0,2,2.0,3.0,S16,0.00023597478866577148
caret-mint-left-lavender-right-run01,lavender,0,2,2.0,3.0,S17,0.0019893646240234375
caret-mint-left-lavender-right-run01,lavender,0,2,2.0,3.0,S18,0.0009891092777252197
caret-mint-left-lavender-right-run01,lavender,0,2,2.0,3.0,S19,-0.002918839454650879
caret-mint-left-lavender-right-run01,lavender,0,2,2.0,3.0,S20,0.0013932585716247559
caret-mint-left-lavender-right-run01,lavender,0,2,2.0,3.0,S21,0.000515669584274292
caret-mint-left-lavender-right-run01,lavender,0,2,2.0,3.0,S22,0.0005598366260528564
caret-mint-left-lavender-right-run01,lavender,0,2,2.0,3.0,S23,0.0004113912582397461
caret-mint-left-lavender-right-run01,lavender,0,2,2.0,3.0,S24,0.0015259981155395508
caret-mint-left-lavender-right-run01,lavender,0,2,2.0,3.0,S25,0.0009326338768005371
caret-mint-left-lavender-right-run01,lavender,0,2,2.0,3.0,S26,0.0038928985595703125
caret-mint-left-lavender-right-run01,lavender,0,2,2.0,3.0,S27,-0.0024019479751586914
caret-mint-left-lavender-right-run01,lavender,0,2,2.0,3.0,S28,0.0019440650939941406
caret-mint-left-lavender-right-run01,lavender,0,2,2.0,3.0,S29,0.0025787353515625
caret-mint-left-lavender-right-run01,lavender,0,2,2.0,3.0,S30,0.00018021464347839355
caret-mint-left-lavender-right-run01,lavender,0,2,2.0,3.0,S31,-0.002407550811767578
caret-mint-left-lavender-right-run01,lavender,0,2,2.0,3.0,S32,0.0006375014781951904
caret-mint-left-lavender-right-run01,lavender,0,4,4.0,5.0,S1,-0.004092693328857422
caret-mint-left-lavender-right-run01,lavender,0,4,4.0,5.0,S2,-0.0037069320678710938
caret-mint-left-lavender-right-run01,lavender,0,4,4.0,5.0,S3,-0.0020291805267333984
caret-mint-left-lavender-right-run01,lavender,0,4,4.0,5.0,S4,-0.0017334222793579102
caret-mint-left-lavender-right-run01,lavender,0,4,4.0,5.0,S5,-0.00019848346710205078
caret-mint-left-lavender-right-run01,lavender,0,4,4.0,5.0,S6,-1.0162591934204102e-05
caret-mint-left-lavender-right-run01,lavender,0,4,4.0,5.0,S7,0.002082347869873047
caret-mint-left-lavender-right-run01,lavender,0,4,4.0,5.0,S8,-0.00018131732940673828
caret-mint-left-lavender-right-run01,lavender,0,4,4.0,5.0,S9,-0.0005960464477539062
caret-mint-left-lavender-right-run01,lavender,0,4,4.0,5.0,S10,-3.981590270996094e-05
caret-mint-left-lavender-right-run01,lavender,0,4,4.0,5.0,S11,-0.0019550323486328125
caret-mint-left-lavender-right-run01,lavender,0,4,4.0,5.0,S12,-0.00016492605209350586
caret-mint-left-lavender-right-run01,lavender,0,4,4.0,5.0,S13,-0.00016832351684570312
caret-mint-left-lavender-right-run01,lavender,0,4,4.0,5.0,S14,-0.0002002120018005371
caret-mint-left-lavender-right-run01,lavender,0,4,4.0,5.0,S15,-0.0005383491516113281
caret-mint-left-lavender-right-run01,lavender,0,4,4.0,5.0,S16,-6.240606307983398e-05
caret-mint-left-lavender-right-run01,lavender,0,4,4.0,5.0,S17,-0.0008535385131835938
caret-mint-left-lavender-right-run01,lavender,0,4,4.0,5.0,S18,-0.00037288665771484375
caret-mint-left-lavender-right-run01,lavender,0,4,4.0,5.0,S19,0.003064393997192383
caret-mint-left-lavender-right-run01,lavender,0,4,4.0,5.0,S20,-0.00046765804290771484
caret-mint-left-lavender-right-run01,lavender,0,4,4.0,5.0,S21,-0.00018143653869628906
caret-mint-left-lavender-right-run01,lavender,0,4,4.0,5.0,S22,-0.00021266937255859375
caret-mint-left-lavender-right-run01,lavender,0,4,4.0,5.0,S23,0.00304412841796875
caret-mint-left-lavender-right-run01,lavender,0,4,4.0,5.0,S24,-0.0004786252975463867
caret-mint-left-lavender-right-run01,lavender,0,4,4.0,5.0,S25,-0.00011479854583740234
caret-mint-left-lavender-right-run01,lavender,0,4,4.0,5.0,S26,-0.0013878345489501953
caret-mint-left-lavender-right-run01,lavender,0,4,4.0,5.0,S27,0.0011055469512939453
caret-mint-left-lavender-right-run01,lavender,0,4,4.0,5.0,S28,-0.0007259845733642578
caret-mint-left-lavender-right-run01,lavender,0,4,4.0,5.0,S29,-0.0009372234344482422
caret-mint-left-lavender-right-run01,lavender,0,4,4.0,5.0,S30,-7.104873657226562e-05
caret-mint-left-lavender-right-run01,lavender,0,4,4.0,5.0,S31,-0.0019965171813964844
caret-mint-left-lavender-right-run01,lavender,0,4,4.0,5.0,S32,-0.00022423267364501953
caret-mint-left-lavender-right-run01,lavender,0,5,5.0,6.0,S1,0.001394033432006836
caret-mint-left-lavender-right-run01,lavender,0,5,5.0,6.0,S2,0.001476287841796875
caret-mint-left-lavender-right-run01,lavender,0,5,5.0,6.0,S3,-0.00032210350036621094
caret-mint-left-lavender-right-run01,lavender,0,5,5.0,6.0,S4,0.001353144645690918
caret-mint-left-lavender-right-run01,lavender,0,5,5.0,6.0,S5,0.0002542734146118164
caret-mint-left-lavender-right-run01,lavender,0,5,5.0,6.0,S6,-5.662441253662109e-07
caret-mint-left-lavender-right-run01,lavender,0,5,5.0,6.0,S7,-0.0002410411834716797
caret-mint-left-lavender-right-run01,lavender,0,5,5.0,6.0,S8,0.00024700164794921875
caret-mint-left-lavender-right-run01,lavender,0,5,5.0,6.0,S9,0.00036537647247314453
caret-mint-left-lavender-right-run01,lavender,0,5,5.0,6.0,S10,1.71661376953125e-05
caret-mint-left-lavender-right-run01,lavender,0,5,5.0,6.0,S11,-8.320808410644531e-05
caret-mint-left-lavender-right-run01,lavender,0,5,5.0,6.0,S12,0.0002754330635070801
caret-mint-left-lavender-right-run01,lavender,0,5,5.0,6.0,S13,0.0002796649932861328
caret-mint-left-lavender-right-run01,lavender,0,5,5.0,6.0,S14,0.00018852949142456055
caret-mint-left-lavender-right-run01,lavender,0,5,5.0,6.0,S15,-9.274482727050781e-05
caret-mint-left-lavender-right-run01,lavender,0,5,5.0,6.0,S16,6.0617923736572266e-05
caret-mint-left-lavender-right-run01,lavender,0,5,5.0,6.0,S17,0.00043463706970214844
caret-mint-left-lavender-right-run01,lavender,0,5,5.0,6.0,S18,0.00022011995315551758
caret-mint-left-lavender-right-run01,lavender,0,5,5.0,6.0,S19,-1.9311904907226562e-05
caret-mint-left-lavender-right-run01,lavender,0,5,5.0,6.0,S20,0.0002701282501220703
caret-mint-left-lavender-right-run01,lavender,0,5,5.0,6.0,S21,7.361173629760742e-05
caret-mint-left-lavender-right-run01,lavender,0,5,5.0,6.0,S22,6.55055046081543e-05
caret-mint-left-lavender-right-run01,lavender,0,5,5.0,6.0,S23,0.0025701522827148438
caret-mint-left-lavender-right-run01,lavender,0,5,5.0,6.0,S24,8.249282836914062e-05
caret-mint-left-lavender-right-run01,lavender,0,5,5.0,6.0,S25,0.0001533031463623047
caret-mint-left-lavender-right-run01,lavender,0,5,5.0,6.0,S26,0.00024688243865966797
caret-mint-left-lavender-right-run01,lavender,0,5,5.0,6.0,S27,0.0005283355712890625
caret-mint-left-lavender-right-run01,lavender,0,5,5.0,6.0,S28,0.00024521350860595703
caret-mint-left-lavender-right-run01,lavender,0,5,5.0,6.0,S29,0.00030100345611572266
caret-mint-left-lavender-right-run01,lavender,0,5,5.0,6.0,S30,4.887580871582031e-06
caret-mint-left-lavender-right-run01,lavender,0,5,5.0,6.0,S31,-5.7697296142578125e-05
caret-mint-left-lavender-right-run01,lavender,0,5,5.0,6.0,S32,6.866455078125e-05
caret-mint-left-lavender-right-run01,lavender,1,0,0.0,1.0,S1,0.017447471618652344
caret-mint-left-lavender-right-run01,lavender,1,0,0.0,1.0,S2,0.01642167568206787
caret-mint-left-lavender-right-run01,lavender,1,0,0.0,1.0,S3,-0.0016262531280517578
caret-mint-left-lavender-right-run01,lavender,1,0,0.0,1.0,S4,0.006691932678222656
caret-mint-left-lavender-right-run01,lavender,1,0,0.0,1.0,S5,0.0009647011756896973
caret-mint-left-lavender-right-run01,lavender,1,0,0.0,1.0,S6,-1.3589859008789062e-05
caret-mint-left-lavender-right-run01,lavender,1,0,0.0,1.0,S7,-0.0018881559371948242
caret-mint-left-lavender-right-run01,lavender,1,0,0.0,1.0,S8,0.000801384449005127
caret-mint-left-lavender-right-run01,lavender,1,0,0.0,1.0,S9,0.0027505159378051758
caret-mint-left-lavender-right-run01,lavender,1,0,0.0,1.0,S10,7.68899917602539e-05
caret-mint-left-lavender-right-run01,lavender,1,0,0.0,1.0,S11,-0.0016113519668579102
caret-mint-left-lavender-right-run01,lavender,1,0,0.0,1.0,S12,0.0010989010334014893
caret-mint-left-lavender-right-run01,lavender,1,0,0.0,1.0,S13,0.0011580586433410645
caret-mint-left-lavender-right-run01,lavender,1,0,0.0,1.0,S14,0.0010083019733428955
caret-mint-left-lavender-right-run01,lavender,1,0,0.0,1.0,S15,-0.001627802848815918
caret-mint-left-lavender-right-run01,lavender,1,0,0.0,1.0,S16,0.0003114938735961914
caret-mint-left-lavender-right-run01,lavender,1,0,0.0,1.0,S17,0.0031557679176330566
caret-mint-left-lavender-right-run01,lavender,1,0,0.0,1.0,S18,0.0015918910503387451
caret-mint-left-lavender-right-run01,lavender,1,0,0.0,1.0,S19,0.0008425712585449219
caret-mint-left-lavender-right-run01,lavender,1,0,0.0,1.0,S20,0.0023086071014404297
caret-mint-left-lavender-right-run01,lavender,1,0,0.0,1.0,S21,0.0008568167686462402
caret-mint-left-lavender-right-run01,lavender,1,0,0.0,1.0,S22,0.0010063350200653076
caret-mint-left-lavender-right-run01,lavender,1,0,0.0,1.0,S23,-0.0017191171646118164
caret-mint-left-lavender-right-run01,lavender,1,0,0.0,1.0,S24,0.002972245216369629
caret-mint-left-lavender-right-run01,lavender,1,0,0.0,1.0,S25,0.0016533732414245605
caret-mint-left-lavender-right-run01,lavender,1,0,0.0,1.0,S26,0.007762491703033447
caret-mint-left-lavender-right-run01,lavender,1,0,0.0,1.0,S27,-0.00030803680419921875
caret-mint-left-lavender-right-run01,lavender,1,0,0.0,1.0,S28,0.0037148594856262207
caret-mint-left-lavender-right-run01,lavender,1,0,0.0,1.0,S29,0.005046844482421875
caret-mint-left-lavender-right-run01,lavender,1,0,0.0,1.0,S30,0.0004132688045501709
caret-mint-left-lavender-right-run01,lavender,1,0,0.0,1.0,S31,0.00019359588623046875
caret-mint-left-lavender-right-run01,lavender,1,0,0.0,1.0,S32,0.0013494491577148438
caret-mint-left-lavender-right-run01,lavender,1,3,3.0,4.0,S1,0.060456156730651855
caret-mint-left-lavender-right-run01,lavender,1,3,3.0,4.0,S2,0.055445194244384766
caret-mint-left-lavender-right-run01,lavender,1,3,3.0,4.0,S3,-0.00023937225341796875
caret-mint-left-lavender-right-run01,lavender,1,3,3.0,4.0,S4,0.02808743715286255
caret-mint-left-lavender-right-run01,lavender,1,3,3.0,4.0,S5,0.004444241523742676
caret-mint-left-lavender-right-run01,lavender,1,3,3.0,4.0,S6,1.6316771507263184e-05
caret-mint-left-lavender-right-run01,lavender,1,3,3.0,4.0,S7,-0.0004502534866333008
caret-mint-left-lavender-right-run01,lavender,1,3,3.0,4.0,S8,0.004161834716796875
caret-mint-left-lavender-right-run01,lavender,1,3,3.0,4.0,S9,0.008391320705413818
caret-mint-left-lavender-right-run01,lavender,1,3,3.0,4.0,S10,0.0004252195358276367
caret-mint-left-lavender-right-run01,lavender,1,3,3.0,4.0,S11,-9.381771087646484e-05
caret-mint-left-lavender-right-run01,lavender,1,3,3.0,4.0,S12,0.004020184278488159
caret-mint-left-lavender-right-run01,lavender,1,3,3.0,4.0,S13,0.0038494467735290527
caret-mint-left-lavender-right-run01,lavender,1,3,3.0,4.0,S14,0.003276050090789795
caret-mint-left-lavender-right-run01,lavender,1,3,3.0,4.0,S15,0.001257777214050293
caret-mint-left-lavender-right-run01,lavender,1,3,3.0,4.0,S16,0.001168370246887207
caret-mint-left-lavender-right-run01,lavender,1,3,3.0,4.0,S17,0.01187276840209961
caret-mint-left-lavender-right-run01,lavender,1,3,3.0,4.0,S18,0.004974991083145142
caret-mint-left-lavender-right-run01,lavender,1,3,3.0,4.0,S19,-0.0010613203048706055
caret-mint-left-lavender-right-run01,lavender,1,3,3.0,4.0,S20,0.006306469440460205
caret-mint-left-lavender-right-run01,lavender,1,3,3.0,4.0,S21,0.0022269785404205322
caret-mint-left-lavender-right-run01,lavender,1,3,3.0,4.0,S22,0.0022424161434173584
caret-mint-left-lavender-right-run01,lavender,1,3,3.0,4.0,S23,-0.00030612945556640625
caret-mint-left-lavender-right-run01,lavender,1,3,3.0,4.0,S24,0.004805386066436768
caret-mint-left-lavender-right-run01,lavender,1,3,3.0,4.0,S25,0.003909707069396973
caret-mint-left-lavender-right-run01,lavender,1,3,3.0,4.0,S26,0.017922937870025635
caret-mint-left-lavender-right-run01,lavender,1,3,3.0,4.0,S27,-0.0021810531616210938
caret-mint-left-lavender-right-run01,lavender,1,3,3.0,4.0,S28,0.009618937969207764
caret-mint-left-lavender-right-run01,lavender,1,3,3.0,4.0,S29,0.011654078960418701
caret-mint-left-lavender-right-run01,lavender,1,3,3.0,4.0,S30,0.000931471586227417
caret-mint-left-lavender-right-run01,lavender,1,3,3.0,4.0,S31,-0.0017726421356201172
caret-mint-left-lavender-right-run01,lavender,1,3,3.0,4.0,S32,0.00247114896774292
caret-mint-left-lavender-right-run01,lavender,1,6,6.0,7.0,S1,0.05599641799926758
caret-mint-left-lavender-right-run01,lavender,1,6,6.0,7.0,S2,0.05194902420043945
caret-mint-left-lavender-right-run01,lavender,1,6,6.0,7.0,S3,0.0021102428436279297
caret-mint-left-lavender-right-run01,lavender,1,6,6.0,7.0,S4,0.027106642723083496
caret-mint-left-lavender-right-run01,lavender,1,6,6.0,7.0,S5,0.0043294429779052734
caret-mint-left-lavender-right-run01,lavender,1,6,6.0,7.0,S6,2.092123031616211e-05
caret-mint-left-lavender-right-run01,lavender,1,6,6.0,7.0,S7,0.003180980682373047
caret-mint-left-lavender-right-run01,lavender,1,6,6.0,7.0,S8,0.004017829895019531
caret-mint-left-lavender-right-run01,lavender,1,6,6.0,7.0,S9,0.008333325386047363
caret-mint-left-lavender-right-run01,lavender,1,6,6.0,7.0,S10,0.00037729740142822266
caret-mint-left-lavender-right-run01,lavender,1,6,6.0,7.0,S11,0.0032236576080322266
caret-mint-left-lavender-right-run01,lavender,1,6,6.0,7.0,S12,0.0038707852363586426
caret-mint-left-lavender-right-run01,lavender,1,6,6.0,7.0,S13,0.003949880599975586
caret-mint-left-lavender-right-run01,lavender,1,6,6.0,7.0,S14,0.003392517566680908
caret-mint-left-lavender-right-run01,lavender,1,6,6.0,7.0,S15,0.0006666183471679688
caret-mint-left-lavender-right-run01,lavender,1,6,6.0,7.0,S16,0.0011600255966186523
caret-mint-left-lavender-right-run01,lavender,1,6,6.0,7.0,S17,0.011748075485229492
caret-mint-left-lavender-right-run01,lavender,1,6,6.0,7.0,S18,0.005041599273681641
caret-mint-left-lavender-right-run01,lavender,1,6,6.0,7.0,S19,-0.00021409988403320312
caret-mint-left-lavender-right-run01,lavender,1,6,6.0,7.0,S20,0.00665736198425293
caret-mint-left-lavender-right-run01,lavender,1,6,6.0,7.0,S21,0.002382516860961914
caret-mint-left-lavender-right-run01,lavender,1,6,6.0,7.0,S22,0.0024843215942382812
caret-mint-left-lavender-right-run01,lavender,1,6,6.0,7.0,S23,-0.0023174285888671875
caret-mint-left-lavender-right-run01,lavender,1,6,6.0,7.0,S24,0.005543351173400879
caret-mint-left-lavender-right-run01,lavender,1,6,6.0,7.0,S25,0.0039681196212768555
caret-mint-left-lavender-right-run01,lavender,1,6,6.0,7.0,S26,0.01885855197906494
caret-mint-left-lavender-right-run01,lavender,1,6,6.0,7.0,S27,-0.0003650188446044922
caret-mint-left-lavender-right-run01,lavender,1,6,6.0,7.0,S28,0.010335683822631836
caret-mint-left-lavender-right-run01,lavender,1,6,6.0,7.0,S29,0.012712478637695312
caret-mint-left-lavender-right-run01,lavender,1,6,6.0,7.0,S30,0.0009586811065673828
caret-mint-left-lavender-right-run01,lavender,1,6,6.0,7.0,S31,0.002429485321044922
caret-mint-left-lavender-right-run01,lavender,1,6,6.0,7.0,S32,0.002767324447631836
caret-mint-left-lavender-right-run01,lavender,1,11,11.0,12.0,S1,0.0452733039855957
caret-mint-left-lavender-right-run01,lavender,1,11,11.0,12.0,S2,0.041605234146118164
caret-mint-left-lavender-right-run01,lavender,1,11,11.0,12.0,S3,0.0001747608184814453
caret-mint-left-lavender-right-run01,lavender,1,11,11.0,12.0,S4,0.020439743995666504
caret-mint-left-lavender-right-run01,lavender,1,11,11.0,12.0,S5,0.0031801462173461914
caret-mint-left-lavender-right-run01,lavender,1,11,11.0,12.0,S6,-1.3887882232666016e-05
caret-mint-left-lavender-right-run01,lavender,1,11,11.0,12.0,S7,0.0025873184204101562
caret-mint-left-lavender-right-run01,lavender,1,11,11.0,12.0,S8,0.002732396125793457
caret-mint-left-lavender-right-run01,lavender,1,11,11.0,12.0,S9,0.005758047103881836
caret-mint-left-lavender-right-run01,lavender,1,11,11.0,12.0,S10,0.00025260448455810547
caret-mint-left-lavender-right-run01,lavender,1,11,11.0,12.0,S11,0.00070953369140625
caret-mint-left-lavender-right-run01,lavender,1,11,11.0,12.0,S12,0.00261688232421875
caret-mint-left-lavender-right-run01,lavender,1,11,11.0,12.0,S13,0.0027960538864135742
caret-mint-left-lavender-right-run01,lavender,1,11,11.0,12.0,S14,0.0023690462112426758
caret-mint-left-lavender-right-run01,lavender,1,11,11.0,12.0,S15,-0.00023365020751953125
caret-mint-left-lavender-right-run01,lavender,1,11,11.0,12.0,S16,0.0007892847061157227
caret-mint-left-lavender-right-run01,lavender,1,11,11.0,12.0,S17,0.00850820541381836
caret-mint-left-lavender-right-run01,lavender,1,11,11.0,12.0,S18,0.003525972366333008
caret-mint-left-lavender-right-run01,lavender,1,11,11.0,12.0,S19,0.000186920166015625
caret-mint-left-lavender-right-run01,lavender,1,11,11.0,12.0,S20,0.0045320987701416016
caret-mint-left-lavender-right-run01,lavender,1,11,11.0,12.0,S21,0.0015914440155029297
caret-mint-left-lavender-right-run01,lavender,1,11,11.0,12.0,S22,0.0015459060668945312
caret-mint-left-lavender-right-run01,lavender,1,11,11.0,12.0,S23,0.00038909912109375
caret-mint-left-lavender-right-run01,lavender,1,11,11.0,12.0,S24,0.0030443668365478516
caret-mint-left-lavender-right-run01,lavender,1,11,11.0,12.0,S25,0.002508997917175293
caret-mint-left-lavender-right-run01,lavender,1,11,11.0,12.0,S26,0.011390089988708496
caret-mint-left-lavender-right-run01,lavender,1,11,11.0,12.0,S27,-0.0024204254150390625
caret-mint-left-lavender-right-run01,lavender,1,11,11.0,12.0,S28,0.00604856014251709
caret-mint-left-lavender-right-run01,lavender,1,11,11.0,12.0,S29,0.008097290992736816
caret-mint-left-lavender-right-run01,lavender,1,11,11.0,12.0,S30,0.0006099343299865723
caret-mint-left-lavender-right-run01,lavender,1,11,11.0,12.0,S31,-0.0029861927032470703
caret-mint-left-lavender-right-run01,lavender,1,11,11.0,12.0,S32,0.0014553666114807129
caret-lavender-left-mint-right-run01,mint,0,0,0.0,1.0,S1,0.02770853042602539
caret-lavender-left-mint-right-run01,mint,0,0,0.0,1.0,S2,0.02657008171081543
caret-lavender-left-mint-right-run01,mint,0,0,0.0,1.0,S3,-0.00020968914031982422
caret-lavender-left-mint-right-run01,mint,0,0,0.0,1.0,S4,0.012952566146850586
caret-lavender-left-mint-right-run01,mint,0,0,0.0,1.0,S5,0.00205075740814209
caret-lavender-left-mint-right-run01,mint,0,0,0.0,1.0,S6,3.8743019104003906e-07
caret-lavender-left-mint-right-run01,mint,0,0,0.0,1.0,S7,-0.0011572837829589844
caret-lavender-left-mint-right-run01,mint,0,0,0.0,1.0,S8,0.0018060803413391113
caret-lavender-left-mint-right-run01,mint,0,0,0.0,1.0,S9,0.00404435396194458
caret-lavender-left-mint-right-run01,mint,0,0,0.0,1.0,S10,0.00020390748977661133
caret-lavender-left-mint-right-run01,mint,0,0,0.0,1.0,S11,-0.0012631416320800781
caret-lavender-left-mint-right-run01,mint,0,0,0.0,1.0,S12,0.0018020272254943848
caret-lavender-left-mint-right-run01,mint,0,0,0.0,1.0,S13,0.0016853809356689453
caret-lavender-left-mint-right-run01,mint,0,0,0.0,1.0,S14,0.0014303028583526611
caret-lavender-left-mint-right-run01,mint,0,0,0.0,1.0,S15,-0.0014156103134155273
caret-lavender-left-mint-right-run01,mint,0,0,0.0,1.0,S16,0.0005147755146026611
caret-lavender-left-mint-right-run01,mint,0,0,0.0,1.0,S17,0.005354106426239014
caret-lavender-left-mint-right-run01,mint,0,0,0.0,1.0,S18,0.0022787749767303467
caret-lavender-left-mint-right-run01,mint,0,0,0.0,1.0,S19,-0.0005459785461425781
caret-lavender-left-mint-right-run01,mint,0,0,0.0,1.0,S20,0.0028265714645385742
caret-lavender-left-mint-right-run01,mint,0,0,0.0,1.0,S21,0.0010106265544891357
caret-lavender-left-mint-right-run01,mint,0,0,0.0,1.0,S22,0.000958561897277832
caret-lavender-left-mint-right-run01,mint,0,0,0.0,1.0,S23,0.00010061264038085938
caret-lavender-left-mint-right-run01,mint,0,0,0.0,1.0,S24,0.0020169615745544434
caret-lavender-left-mint-right-run01,mint,0,0,0.0,1.0,S25,0.0014851093292236328
caret-lavender-left-mint-right-run01,mint,0,0,0.0,1.0,S26,0.00790393352508545
caret-lavender-left-mint-right-run01,mint,0,0,0.0,1.0,S27,-0.0011087656021118164
caret-lavender-left-mint-right-run01,mint,0,0,0.0,1.0,S28,0.004341244697570801
caret-lavender-left-mint-right-run01,mint,0,0,0.0,1.0,S29,0.005492091178894043
caret-lavender-left-mint-right-run01,mint,0,0,0.0,1.0,S30,0.00039461255073547363
caret-lavender-left-mint-right-run01,mint,0,0,0.0,1.0,S31,-0.00033652782440185547
caret-lavender-left-mint-right-run01,mint,0,0,0.0,1.0,S32,0.0010038018226623535
caret-lavender-left-mint-right-run01,mint,0,2,2.0,3.0,S1,0.021116018295288086
caret-lavender-left-mint-right-run01,mint,0,2,2.0,3.0,S2,0.020422697067260742
caret-lavender-left-mint-right-run01,mint,0,2,2.0,3.0,S3,-0.0022524595260620117
caret-lavender-left-mint-right-run01,mint,0,2,2.0,3.0,S4,0.010244429111480713
caret-lavender-left-mint-right-run01,mint,0,2,2.0,3.0,S5,0.0016687512397766113
caret-lavender-left-mint-right-run01,mint,0,2,2.0,3.0,S6,-1.691281795501709e-05
caret-lavender-left-mint-right-run01,mint,0,2,2.0,3.0,S7,-0.0007327795028686523
caret-lavender-left-mint-right-run01,mint,0,2,2.0,3.0,S8,0.001414179801940918
caret-lavender-left-mint-right-run01,mint,0,2,2.0,3.0,S9,0.00338590145111084
caret-lavender-left-mint-right-run01,mint,0,2,2.0,3.0,S10,0.00012797117233276367
caret-lavender-left-mint-right-run01,mint,0,2,2.0,3.0,S11,0.0008431673049926758
caret-lavender-left-mint-right-run01,mint,0,2,2.0,3.0,S12,0.001451253890991211
caret-lavender-left-mint-right-run01,mint,0,2,2.0,3.0,S13,0.0013655424118041992
caret-lavender-left-mint-right-run01,mint,0,2,2.0,3.0,S14,0.0011618435382843018
caret-lavender-left-mint-right-run01,mint,0,2,2.0,3.0,S15,-0.001845717430114746
caret-lavender-left-mint-right-run01,mint,0,2,2.0,3.0,S16,0.0004261434078216553
caret-lavender-left-mint-right-run01,mint,0,2,2.0,3.0,S17,0.004664063453674316
caret-lavender-left-mint-right-run01,mint,0,2,2.0,3.0,S18,0.001917809247970581
caret-lavender-left-mint-right-run01,mint,0,2,2.0,3.0,S19,-0.0013806819915771484
caret-lavender-left-mint-right-run01,mint,0,2,2.0,3.0,S20,0.0025249123573303223
caret-lavender-left-mint-right-run01,mint,0,2,2.0,3.0,S21,0.0009503066539764404
caret-lavender-left-mint-right-run01,mint,0,2,2.0,3.0,S22,0.0010121166706085205
caret-lavender-left-mint-right-run01,mint,0,2,2.0,3.0,S23,-0.0026203393936157227
caret-lavender-left-mint-right-run01,mint,0,2,2.0,3.0,S24,0.002532362937927246
caret-lavender-left-mint-right-run01,mint,0,2,2.0,3.0,S25,0.0016665458679199219
caret-lavender-left-mint-right-run01,mint,0,2,2.0,3.0,S26,0.00875157117843628
caret-lavender-left-mint-right-run01,mint,0,2,2.0,3.0,S27,-0.002911210060119629
caret-lavender-left-mint-right-run01,mint,0,2,2.0,3.0,S28,0.004320740699768066
caret-lavender-left-mint-right-run01,mint,0,2,2.0,3.0,S29,0.005485832691192627
caret-lavender-left-mint-right-run01,mint,0,2,2.0,3.0,S30,0.0004209280014038086
caret-lavender-left-mint-right-run01,mint,0,2,2.0,3.0,S31,-0.0009285211563110352
caret-lavender-left-mint-right-run01,mint,0,2,2.0,3.0,S32,0.0011789202690124512
caret-lavender-left-mint-right-run01,mint,1,0,0.0,1.0,S1,0.01615738868713379
caret-lavender-left-mint-right-run01,mint,1,0,0.0,1.0,S2,0.014971375465393066
caret-lavender-left-mint-right-run01,mint,1,0,0.0,1.0,S3,-0.00079345703125
caret-lavender-left-mint-right-run01,mint,1,0,0.0,1.0,S4,0.006804406642913818
caret-lavender-left-mint-right-run01,mint,1,0,0.0,1.0,S5,0.0009742379188537598
caret-lavender-left-mint-right-run01,mint,1,0,0.0,1.0,S6,1.6510486602783203e-05
caret-lavender-left-mint-right-run01,mint,1,0,0.0,1.0,S7,-0.00030493736267089844
caret-lavender-left-mint-right-run01,mint,1,0,0.0,1.0,S8,0.0008458495140075684
caret-lavender-left-mint-right-run01,mint,1,0,0.0,1.0,S9,0.002058267593383789
caret-lavender-left-mint-right-run01,mint,1,0,0.0,1.0,S10,7.909536361694336e-05
caret-lavender-left-mint-right-run01,mint,1,0,0.0,1.0,S11,-0.0012493133544921875
caret-lavender-left-mint-right-run01,mint,1,0,0.0,1.0,S12,0.0008565187454223633
caret-lavender-left-mint-right-run01,mint,1,0,0.0,1.0,S13,0.0008332133293151855
caret-lavender-left-mint-right-run01,mint,1,0,0.0,1.0,S14,0.0006765127182006836
caret-lavender-left-mint-right-run01,mint,1,0,0.0,1.0,S15,-0.0014702081680297852
caret-lavender-left-mint-right-run01,mint,1,0,0.0,1.0,S16,0.00023940205574035645
caret-lavender-left-mint-right-run01,mint,1,0,0.0,1.0,S17,0.002641916275024414
caret-lavender-left-mint-right-run01,mint,1,0,0.0,1.0,S18,0.0010841786861419678
caret-lavender-left-mint-right-run01,mint,1,0,0.0,1.0,S19,-0.0015461444854736328
caret-lavender-left-mint-right-run01,mint,1,0,0.0,1.0,S20,0.001331329345703125
caret-lavender-left-mint-right-run01,mint,1,0,0.0,1.0,S21,0.000467449426651001
caret-lavender-left-mint-right-run01,mint,1,0,0.0,1.0,S22,0.00040906667709350586
caret-lavender-left-mint-right-run01,mint,1,0,0.0,1.0,S23,-0.0014867782592773438
caret-lavender-left-mint-right-run01,mint,1,0,0.0,1.0,S24,0.0008237361907958984
caret-lavender-left-mint-right-run01,mint,1,0,0.0,1.0,S25,0.0007512569427490234
caret-lavender-left-mint-right-run01,mint,1,0,0.0,1.0,S26,0.0035268664360046387
caret-lavender-left-mint-right-run01,mint,1,0,0.0,1.0,S27,-0.0005481243133544922
caret-lavender-left-mint-right-run01,mint,1,0,0.0,1.0,S28,0.0017802715301513672
caret-lavender-left-mint-right-run01,mint,1,0,0.0,1.0,S29,0.0024147629737854004
caret-lavender-left-mint-right-run01,mint,1,0,0.0,1.0,S30,0.00017657876014709473
caret-lavender-left-mint-right-run01,mint,1,0,0.0,1.0,S31,-0.00041806697845458984
caret-lavender-left-mint-right-run01,mint,1,0,0.0,1.0,S32,0.0003628730773925781
caret-lavender-left-mint-right-run01,mint,1,2,2.0,3.0,S1,-0.0016527175903320312
caret-lavender-left-mint-right-run01,mint,1,2,2.0,3.0,S2,-0.0025110244750976562
caret-lavender-left-mint-right-run01,mint,1,2,2.0,3.0,S3,-0.002473592758178711
caret-lavender-left-mint-right-run01,mint,1,2,2.0,3.0,S4,-0.0023463964462280273
caret-lavender-left-mint-right-run01,mint,1,2,2.0,3.0,S5,-0.0006761550903320312
caret-lavender-left-mint-right-run01,mint,1,2,2.0,3.0,S6,-2.130866050720215e-05
caret-lavender-left-mint-right-run01,mint,1,2,2.0,3.0,S7,-0.0027391910552978516
caret-lavender-left-mint-right-run01,mint,1,2,2.0,3.0,S8,-0.0005379915237426758
caret-lavender-left-mint-right-run01,mint,1,2,2.0,3.0,S9,-0.0004115104675292969
caret-lavender-left-mint-right-run01,mint,1,2,2.0,3.0,S10,-5.125999450683594e-05
caret-lavender-left-mint-right-run01,mint,1,2,2.0,3.0,S11,-0.0030770301818847656
caret-lavender-left-mint-right-run01,mint,1,2,2.0,3.0,S12,-0.0003815293312072754
caret-lavender-left-mint-right-run01,mint,1,2,2.0,3.0,S13,-0.0003401041030883789
caret-lavender-left-mint-right-run01,mint,1,2,2.0,3.0,S14,-0.00026279687881469727
caret-lavender-left-mint-right-run01,mint,1,2,2.0,3.0,S15,-0.0010030269622802734
caret-lavender-left-mint-right-run01,mint,1,2,2.0,3.0,S16,-0.00013124942779541016
caret-lavender-left-mint-right-run01,mint,1,2,2.0,3.0,S17,-0.0011949539184570312
caret-lavender-left-mint-right-run01,mint,1,2,2.0,3.0,S18,-0.0004533529281616211
caret-lavender-left-mint-right-run01,mint,1,2,2.0,3.0,S19,-0.0005977153778076172
caret-lavender-left-mint-right-run01,mint,1,2,2.0,3.0,S20,-0.00033867359161376953
caret-lavender-left-mint-right-run01,mint,1,2,2.0,3.0,S21,-0.00010675191879272461
caret-lavender-left-mint-right-run01,mint,1,2,2.0,3.0,S22,2.9325485229492188e-05
caret-lavender-left-mint-right-run01,mint,1,2,2.0,3.0,S23,-0.000476837158203125
caret-lavender-left-mint-right-run01,mint,1,2,2.0,3.0,S24,0.0007166862487792969
caret-lavender-left-mint-right-run01,mint,1,2,2.0,3.0,S25,0.0001672506332397461
caret-lavender-left-mint-right-run01,mint,1,2,2.0,3.0,S26,0.0011390447616577148
caret-lavender-left-mint-right-run01,mint,1,2,2.0,3.0,S27,0.00025200843811035156
caret-lavender-left-mint-right-run01,mint,1,2,2.0,3.0,S28,-3.349781036376953e-05
caret-lavender-left-mint-right-run01,mint,1,2,2.0,3.0,S29,0.00018131732940673828
caret-lavender-left-mint-right-run01,mint,1,2,2.0,3.0,S30,6.699562072753906e-05
caret-lavender-left-mint-right-run01,mint,1,2,2.0,3.0,S31,-0.0001552104949951172
caret-lavender-left-mint-right-run01,mint,1,2,2.0,3.0,S32,0.0004659891128540039
caret-lavender-left-mint-right-run01,mint,1,5,5.0,6.0,S1,0.006870269775390625
caret-lavender-left-mint-right-run01,mint,1,5,5.0,6.0,S2,0.0034096240997314453
caret-lavender-left-mint-right-run01,mint,1,5,5.0,6.0,S3,8.797645568847656e-05
caret-lavender-left-mint-right-run01,mint,1,5,5.0,6.0,S4,-0.0024483203887939453
caret-lavender-left-mint-right-run01,mint,1,5,5.0,6.0,S5,-0.001256108283996582
caret-lavender-left-mint-right-run01,mint,1,5,5.0,6.0,S6,-3.165006637573242e-05
caret-lavender-left-mint-right-run01,mint,1,5,5.0,6.0,S7,0.0006928443908691406
caret-lavender-left-mint-right-run01,mint,1,5,5.0,6.0,S8,-0.0007154941558837891
caret-lavender-left-mint-right-run01,mint,1,5,5.0,6.0,S9,0.0006383657455444336
caret-lavender-left-mint-right-run01,mint,1,5,5.0,6.0,S10,-0.00010764598846435547
caret-lavender-left-mint-right-run01,mint,1,5,5.0,6.0,S11,0.0008556842803955078
caret-lavender-left-mint-right-run01,mint,1,5,5.0,6.0,S12,-0.00044471025466918945
caret-lavender-left-mint-right-run01,mint,1,5,5.0,6.0,S13,-0.00027239322662353516
caret-lavender-left-mint-right-run01,mint,1,5,5.0,6.0,S14,-5.453824996948242e-05
caret-lavender-left-mint-right-run01,mint,1,5,5.0,6.0,S15,0.002432584762573242
caret-lavender-left-mint-right-run01,mint,1,5,5.0,6.0,S16,-0.00013500452041625977
caret-lavender-left-mint-right-run01,mint,1,5,5.0,6.0,S17,-0.002057194709777832
caret-lavender-left-mint-right-run01,mint,1,5,5.0,6.0,S18,-0.00046193599700927734
caret-lavender-left-mint-right-run01,mint,1,5,5.0,6.0,S19,0.00029158592224121094
caret-lavender-left-mint-right-run01,mint,1,5,5.0,6.0,S20,0.0004981756210327148
caret-lavender-left-mint-right-run01,mint,1,5,5.0,6.0,S21,0.0001424551010131836
caret-lavender-left-mint-right-run01,mint,1,5,5.0,6.0,S22,0.0006197690963745117
caret-lavender-left-mint-right-run01,mint,1,5,5.0,6.0,S23,0.00023055076599121094
caret-lavender-left-mint-right-run01,mint,1,5,5.0,6.0,S24,0.0028057098388671875
caret-lavender-left-mint-right-run01,mint,1,5,5.0,6.0,S25,0.0008624792098999023
caret-lavender-left-mint-right-run01,mint,1,5,5.0,6.0,S26,0.0047643184661865234
caret-lavender-left-mint-right-run01,mint,1,5,5.0,6.0,S27,-0.0021440982818603516
caret-lavender-left-mint-right-run01,mint,1,5,5.0,6.0,S28,0.0008653402328491211
caret-lavender-left-mint-right-run01,mint,1,5,5.0,6.0,S29,0.0015609264373779297
caret-lavender-left-mint-right-run01,mint,1,5,5.0,6.0,S30,0.0001590251922607422
caret-lavender-left-mint-right-run01,mint,1,5,5.0,6.0,S31,-0.002615213394165039
caret-lavender-left-mint-right-run01,mint,1,5,5.0,6.0,S32,0.0008240938186645508
caret-lavender-left-mint-right-run01,mint,1,6,6.0,7.0,S1,0.037377119064331055
caret-lavender-left-mint-right-run01,mint,1,6,6.0,7.0,S2,0.03248786926269531
caret-lavender-left-mint-right-run01,mint,1,6,6.0,7.0,S3,-0.0030443668365478516
caret-lavender-left-mint-right-run01,mint,1,6,6.0,7.0,S4,0.012054443359375
caret-lavender-left-mint-right-run01,mint,1,6,6.0,7.0,S5,0.001059412956237793
caret-lavender-left-mint-right-run01,mint,1,6,6.0,7.0,S6,-1.677870750427246e-05
caret-lavender-left-mint-right-run01,mint,1,6,6.0,7.0,S7,-0.0003120899200439453
caret-lavender-left-mint-right-run01,mint,1,6,6.0,7.0,S8,0.0011000633239746094
caret-lavender-left-mint-right-run01,mint,1,6,6.0,7.0,S9,0.0041217803955078125
caret-lavender-left-mint-right-run01,mint,1,6,6.0,7.0,S10,8.213520050048828e-05
caret-lavender-left-mint-right-run01,mint,1,6,6.0,7.0,S11,0.00018596649169921875
caret-lavender-left-mint-right-run01,mint,1,6,6.0,7.0,S12,0.0013853907585144043
caret-lavender-left-mint-right-run01,mint,1,6,6.0,7.0,S13,0.0014185905456542969
caret-lavender-left-mint-right-run01,mint,1,6,6.0,7.0,S14,0.0012786388397216797
caret-lavender-left-mint-right-run01,mint,1,6,6.0,7.0,S15,-0.0003116130828857422
caret-lavender-left-mint-right-run01,mint,1,6,6.0,7.0,S16,0.0003839731216430664
caret-lavender-left-mint-right-run01,mint,1,6,6.0,7.0,S17,0.0038694143295288086
caret-lavender-left-mint-right-run01,mint,1,6,6.0,7.0,S18,0.0017392635345458984
caret-lavender-left-mint-right-run01,mint,1,6,6.0,7.0,S19,-5.9604644775390625e-05
caret-lavender-left-mint-right-run01,mint,1,6,6.0,7.0,S20,0.00254976749420166
caret-lavender-left-mint-right-run01,mint,1,6,6.0,7.0,S21,0.0008745193481445312
caret-lavender-left-mint-right-run01,mint,1,6,6.0,7.0,S22,0.0009561777114868164
caret-lavender-left-mint-right-run01,mint,1,6,6.0,7.0,S23,0.0004947185516357422
caret-lavender-left-mint-right-run01,mint,1,6,6.0,7.0,S24,0.0025218725204467773
caret-lavender-left-mint-right-run01,mint,1,6,6.0,7.0,S25,0.0015938282012939453
caret-lavender-left-mint-right-run01,mint,1,6,6.0,7.0,S26,0.007712364196777344
caret-lavender-left-mint-right-run01,mint,1,6,6.0,7.0,S27,-0.0001201629638671875
caret-lavender-left-mint-right-run01,mint,1,6,6.0,7.0,S28,0.0029926300048828125
caret-lavender-left-mint-right-run01,mint,1,6,6.0,7.0,S29,0.004601597785949707
caret-lavender-left-mint-right-run01,mint,1,6,6.0,7.0,S30,0.0003097057342529297
caret-lavender-left-mint-right-run01,mint,1,6,6.0,7.0,S31,-0.00018525123596191406
caret-lavender-left-mint-right-run01,mint,1,6,6.0,7.0,S32,0.0008442997932434082
caret-lavender-left-mint-right-run01,mint,1,9,9.0,10.0,S1,0.0029382705688476562
caret-lavender-left-mint-right-run01,mint,1,9,9.0,10.0,S2,0.002370595932006836
caret-lavender-left-mint-right-run01,mint,1,9,9.0,10.0,S3,-0.001607656478881836
caret-lavender-left-mint-right-run01,mint,1,9,9.0,10.0,S4,0.0002193450927734375
caret-lavender-left-mint-right-run01,mint,1,9,9.0,10.0,S5,3.0875205993652344e-05
caret-lavender-left-mint-right-run01,mint,1,9,9.0,10.0,S6,-3.6954879760742188e-06
caret-lavender-left-mint-right-run01,mint,1,9,9.0,10.0,S7,-0.0003440380096435547
caret-lavender-left-mint-right-run01,mint,1,9,9.0,10.0,S8,0.00015306472778320312
caret-lavender-left-mint-right-run01,mint,1,9,9.0,10.0,S9,0.0002721548080444336
caret-lavender-left-mint-right-run01,mint,1,9,9.0,10.0,S10,1.704692840576172e-05
caret-lavender-left-mint-right-run01,mint,1,9,9.0,10.0,S11,0.002180337905883789
caret-lavender-left-mint-right-run01,mint,1,9,9.0,10.0,S12,-2.086162567138672e-06
caret-lavender-left-mint-right-run01,mint,1,9,9.0,10.0,S13,-7.140636444091797e-05
caret-lavender-left-mint-right-run01,mint,1,9,9.0,10.0,S14,-2.8192996978759766e-05
caret-lavender-left-mint-right-run01,mint,1,9,9.0,10.0,S15,9.679794311523438e-05
caret-lavender-left-mint-right-run01,mint,1,9,9.0,10.0,S16,-4.8220157623291016e-05
caret-lavender-left-mint-right-run01,mint,1,9,9.0,10.0,S17,-7.152557373046875e-06
caret-lavender-left-mint-right-run01,mint,1,9,9.0,10.0,S18,5.882978439331055e-05
caret-lavender-left-mint-right-run01,mint,1,9,9.0,10.0,S19,-7.915496826171875e-05
caret-lavender-left-mint-right-run01,mint,1,9,9.0,10.0,S20,-3.1113624572753906e-05
caret-lavender-left-mint-right-run01,mint,1,9,9.0,10.0,S21,4.762411117553711e-05
caret-lavender-left-mint-right-run01,mint,1,9,9.0,10.0,S22,3.49879264831543e-05
caret-lavender-left-mint-right-run01,mint,1,9,9.0,10.0,S23,0.0020515918731689453
caret-lavender-left-mint-right-run01,mint,1,9,9.0,10.0,S24,0.00018143653869628906
caret-lavender-left-mint-right-run01,mint,1,9,9.0,10.0,S25,-2.849102020263672e-05
caret-lavender-left-mint-right-run01,mint,1,9,9.0,10.0,S26,0.0007066726684570312
caret-lavender-left-mint-right-run01,mint,1,9,9.0,10.0,S27,-0.0018939971923828125
caret-lavender-left-mint-right-run01,mint,1,9,9.0,10.0,S28,0.0003355741500854492
caret-lavender-left-mint-right-run01,mint,1,9,9.0,10.0,S29,0.0004329681396484375
caret-lavender-left-mint-right-run01,mint,1,9,9.0,10.0,S30,5.8591365814208984e-05
caret-lavender-left-mint-right-run01,mint,1,9,9.0,10.0,S31,-0.00015997886657714844
caret-lavender-left-mint-right-run01,mint,1,9,9.0,10.0,S32,4.750490188598633e-05
caret-lavender-left-mint-right-run01,lavender,0,0,0.0,1.0,S1,0.024962544441223145
caret-lavender-left-mint-right-run01,lavender,0,0,0.0,1.0,S2,0.022267818450927734
caret-lavender-left-mint-right-run01,lavender,0,0,0.0,1.0,S3,0.0006548166275024414
caret-lavender-left-mint-right-run01,lavender,0,0,0.0,1.0,S4,0.009454846382141113
caret-lavender-left-mint-right-run01,lavender,0,0,0.0,1.0,S5,0.0011332035064697266
caret-lavender-left-mint-right-run01,lavender,0,0,0.0,1.0,S6,1.7583370208740234e-06
caret-lavender-left-mint-right-run01,lavender,0,0,0.0,1.0,S7,-0.0008186101913452148
caret-lavender-left-mint-right-run01,lavender,0,0,0.0,1.0,S8,0.0011833906173706055
caret-lavender-left-mint-right-run01,lavender,0,0,0.0,1.0,S9,0.0033646225929260254
caret-lavender-left-mint-right-run01,lavender,0,0,0.0,1.0,S10,0.00011014938354492188
caret-lavender-left-mint-right-run01,lavender,0,0,0.0,1.0,S11,0.0021185874938964844
caret-lavender-left-mint-right-run01,lavender,0,0,0.0,1.0,S12,0.0013591647148132324
caret-lavender-left-mint-right-run01,lavender,0,0,0.0,1.0,S13,0.001317143440246582
caret-lavender-left-mint-right-run01,lavender,0,0,0.0,1.0,S14,0.0011485517024993896
caret-lavender-left-mint-right-run01,lavender,0,0,0.0,1.0,S15,0.0009123086929321289
caret-lavender-left-mint-right-run01,lavender,0,0,0.0,1.0,S16,0.0003587305545806885
caret-lavender-left-mint-right-run01,lavender,0,0,0.0,1.0,S17,0.0037918686866760254
caret-lavender-left-mint-right-run01,lavender,0,0,0.0,1.0,S18,0.0017505884170532227
caret-lavender-left-mint-right-run01,lavender,0,0,0.0,1.0,S19,-0.0010887384414672852
caret-lavender-left-mint-right-run01,lavender,0,0,0.0,1.0,S20,0.002532958984375
caret-lavender-left-mint-right-run01,lavender,0,0,0.0,1.0,S21,0.0008674561977386475
caret-lavender-left-mint-right-run01,lavender,0,0,0.0,1.0,S22,0.0008957386016845703
caret-lavender-left-mint-right-run01,lavender,0,0,0.0,1.0,S23,0.0004380941390991211
caret-lavender-left-mint-right-run01,lavender,0,0,0.0,1.0,S24,0.0016846060752868652
caret-lavender-left-mint-right-run01,lavender,0,0,0.0,1.0,S25,0.0013920068740844727
caret-lavender-left-mint-right-run01,lavender,0,0,0.0,1.0,S26,0.00753098726272583
caret-lavender-left-mint-right-run01,lavender,0,0,0.0,1.0,S27,-0.001590728759765625
caret-lavender-left-mint-right-run01,lavender,0,0,0.0,1.0,S28,0.003566443920135498
caret-lavender-left-mint-right-run01,lavender,0,0,0.0,1.0,S29,0.004448533058166504
caret-lavender-left-mint-right-run01,lavender,0,0,0.0,1.0,S30,0.000318676233291626
caret-lavender-left-mint-right-run01,lavender,0,0,0.0,1.0,S31,-0.001437067985534668
caret-lavender-left-mint-right-run01,lavender,0,0,0.0,1.0,S32,0.0007114410400390625
caret-lavender-left-mint-right-run01,lavender,0,2,2.0,3.0,S1,0.00569605827331543
caret-lavender-left-mint-right-run01,lavender,0,2,2.0,3.0,S2,0.005950212478637695
caret-lavender-left-mint-right-run01,lavender,0,2,2.0,3.0,S3,-0.0019078254699707031
caret-lavender-left-mint-right-run01,lavender,0,2,2.0,3.0,S4,0.004520058631896973
caret-lavender-left-mint-right-run01,lavender,0,2,2.0,3.0,S5,0.0012181997299194336
caret-lavender-left-mint-right-run01,lavender,0,2,2.0,3.0,S6,-1.3709068298339844e-06
caret-lavender-left-mint-right-run01,lavender,0,2,2.0,3.0,S7,-0.0003991127014160156
caret-lavender-left-mint-right-run01,lavender,0,2,2.0,3.0,S8,0.0012673139572143555
caret-lavender-left-mint-right-run01,lavender,0,2,2.0,3.0,S9,0.0011134147644042969
caret-lavender-left-mint-right-run01,lavender,0,2,2.0,3.0,S10,0.00013518333435058594
caret-lavender-left-mint-right-run01,lavender,0,2,2.0,3.0,S11,-0.0024373531341552734
caret-lavender-left-mint-right-run01,lavender,0,2,2.0,3.0,S12,0.0008402466773986816
caret-lavender-left-mint-right-run01,lavender,0,2,2.0,3.0,S13,0.0007865428924560547
caret-lavender-left-mint-right-run01,lavender,0,2,2.0,3.0,S14,0.000646054744720459
caret-lavender-left-mint-right-run01,lavender,0,2,2.0,3.0,S15,-0.0009446144104003906
caret-lavender-left-mint-right-run01,lavender,0,2,2.0,3.0,S16,0.0002613067626953125
caret-lavender-left-mint-right-run01,lavender,0,2,2.0,3.0,S17,0.0023088455200195312
caret-lavender-left-mint-right-run01,lavender,0,2,2.0,3.0,S18,0.0011399388313293457
caret-lavender-left-mint-right-run01,lavender,0,2,2.0,3.0,S19,-0.0001304149627685547
caret-lavender-left-mint-right-run01,lavender,0,2,2.0,3.0,S20,0.001300811767578125
caret-lavender-left-mint-right-run01,lavender,0,2,2.0,3.0,S21,0.00044465065002441406
caret-lavender-left-mint-right-run01,lavender,0,2,2.0,3.0,S22,0.00036972761154174805
caret-lavender-left-mint-right-run01,lavender,0,2,2.0,3.0,S23,0.0019974708557128906
caret-lavender-left-mint-right-run01,lavender,0,2,2.0,3.0,S24,0.0005508661270141602
caret-lavender-left-mint-right-run01,lavender,0,2,2.0,3.0,S25,0.0006736516952514648
caret-lavender-left-mint-right-run01,lavender,0,2,2.0,3.0,S26,0.0031708478927612305
caret-lavender-left-mint-right-run01,lavender,0,2,2.0,3.0,S27,0.0028018951416015625
caret-lavender-left-mint-right-run01,lavender,0,2,2.0,3.0,S28,0.003008246421813965
caret-lavender-left-mint-right-run01,lavender,0,2,2.0,3.0,S29,0.0025548934936523438
caret-lavender-left-mint-right-run01,lavender,0,2,2.0,3.0,S30,0.00029218196868896484
caret-lavender-left-mint-right-run01,lavender,0,2,2.0,3.0,S31,0.0005662441253662109
caret-lavender-left-mint-right-run01,lavender,0,2,2.0,3.0,S32,0.0006173253059387207
caret-lavender-left-mint-right-run01,lavender,0,4,4.0,5.0,S1,0.009698867797851562
caret-lavender-left-mint-right-run01,lavender,0,4,4.0,5.0,S2,0.009695768356323242
caret-lavender-left-mint-right-run01,lavender,0,4,4.0,5.0,S3,-0.0027806758880615234
caret-lavender-left-mint-right-run01,lavender,0,4,4.0,5.0,S4,0.006287932395935059
caret-lavender-left-mint-right-run01,lavender,0,4,4.0,5.0,S5,0.0014671087265014648
caret-lavender-left-mint-right-run01,lavender,0,4,4.0,5.0,S6,-9.179115295410156e-06
caret-lavender-left-mint-right-run01,lavender,0,4,4.0,5.0,S7,-0.0004634857177734375
caret-lavender-left-mint-right-run01,lavender,0,4,4.0,5.0,S8,0.0015000104904174805
caret-lavender-left-mint-right-run01,lavender,0,4,4.0,5.0,S9,0.0017865896224975586
caret-lavender-left-mint-right-run01,lavender,0,4,4.0,5.0,S10,0.00012028217315673828
caret-lavender-left-mint-right-run01,lavender,0,4,4.0,5.0,S11,0.0023193359375
caret-lavender-left-mint-right-run01,lavender,0,4,4.0,5.0,S12,0.0011159181594848633
caret-lavender-left-mint-right-run01,lavender,0,4,4.0,5.0,S13,0.001010298728942871
caret-lavender-left-mint-right-run01,lavender,0,4,4.0,5.0,S14,0.0008355379104614258
caret-lavender-left-mint-right-run01,lavender,0,4,4.0,5.0,S15,-0.0018491744995117188
caret-lavender-left-mint-right-run01,lavender,0,4,4.0,5.0,S16,0.0003191828727722168
caret-lavender-left-mint-right-run01,lavender,0,4,4.0,5.0,S17,0.0029462575912475586
caret-lavender-left-mint-right-run01,lavender,0,4,4.0,5.0,S18,0.0013260245323181152
caret-lavender-left-mint-right-run01,lavender,0,4,4.0,5.0,S19,0.0019598007202148438
caret-lavender-left-mint-right-run01,lavender,0,4,4.0,5.0,S20,0.001615285873413086
caret-lavender-left-mint-right-run01,lavender,0,4,4.0,5.0,S21,0.0005840659141540527
caret-lavender-left-mint-right-run01,lavender,0,4,4.0,5.0,S22,0.0005258321762084961
caret-lavender-left-mint-right-run01,lavender,0,4,4.0,5.0,S23,0.00020742416381835938
caret-lavender-left-mint-right-run01,lavender,0,4,4.0,5.0,S24,0.0008990764617919922
caret-lavender-left-mint-right-run01,lavender,0,4,4.0,5.0,S25,0.000855565071105957
caret-lavender-left-mint-right-run01,lavender,0,4,4.0,5.0,S26,0.004038572311401367
caret-lavender-left-mint-right-run01,lavender,0,4,4.0,5.0,S27,5.1021575927734375e-05
caret-lavender-left-mint-right-run01,lavender,0,4,4.0,5.0,S28,0.003412961959838867
caret-lavender-left-mint-right-run01,lavender,0,4,4.0,5.0,S29,0.0030339956283569336
caret-lavender-left-mint-right-run01,lavender,0,4,4.0,5.0,S30,0.0003199577331542969
caret-lavender-left-mint-right-run01,lavender,0,4,4.0,5.0,S31,-0.0001442432403564453
caret-lavender-left-mint-right-run01,lavender,0,4,4.0,5.0,S32,0.0007184743881225586
caret-lavender-left-mint-right-run01,lavender,0,7,7.0,8.0,S1,0.01621556282043457
caret-lavender-left-mint-right-run01,lavender,0,7,7.0,8.0,S2,0.015321969985961914
caret-lavender-left-mint-right-run01,lavender,0,7,7.0,8.0,S3,0.0022802352905273438
caret-lavender-left-mint-right-run01,lavender,0,7,7.0,8.0,S4,0.008485674858093262
caret-lavender-left-mint-right-run01,lavender,0,7,7.0,8.0,S5,0.001553177833557129
caret-lavender-left-mint-right-run01,lavender,0,7,7.0,8.0,S6,2.5600194931030273e-05
caret-lavender-left-mint-right-run01,lavender,0,7,7.0,8.0,S7,0.00048804283142089844
caret-lavender-left-mint-right-run01,lavender,0,7,7.0,8.0,S8,0.0017366409301757812
caret-lavender-left-mint-right-run01,lavender,0,7,7.0,8.0,S9,0.0025829076766967773
caret-lavender-left-mint-right-run01,lavender,0,7,7.0,8.0,S10,0.0001404285430908203
caret-lavender-left-mint-right-run01,lavender,0,7,7.0,8.0,S11,0.0003459453582763672
caret-lavender-left-mint-right-run01,lavender,0,7,7.0,8.0,S12,0.0013767480850219727
caret-lavender-left-mint-right-run01,lavender,0,7,7.0,8.0,S13,0.0012079477310180664
caret-lavender-left-mint-right-run01,lavender,0,7,7.0,8.0,S14,0.0010916590690612793
caret-lavender-left-mint-right-run01,lavender,0,7,7.0,8.0,S15,-9.322166442871094e-05
caret-lavender-left-mint-right-run01,lavender,0,7,7.0,8.0,S16,0.000362396240234375
caret-lavender-left-mint-right-run01,lavender,0,7,7.0,8.0,S17,0.003428220748901367
caret-lavender-left-mint-right-run01,lavender,0,7,7.0,8.0,S18,0.0015838146209716797
caret-lavender-left-mint-right-run01,lavender,0,7,7.0,8.0,S19,0.0001537799835205078
caret-lavender-left-mint-right-run01,lavender,0,7,7.0,8.0,S20,0.002053499221801758
caret-lavender-left-mint-right-run01,lavender,0,7,7.0,8.0,S21,0.0007128715515136719
caret-lavender-left-mint-right-run01,lavender,0,7,7.0,8.0,S22,0.0006909370422363281
caret-lavender-left-mint-right-run01,lavender,0,7,7.0,8.0,S23,0.0006120204925537109
caret-lavender-left-mint-right-run01,lavender,0,7,7.0,8.0,S24,0.0013974905014038086
caret-lavender-left-mint-right-run01,lavender,0,7,7.0,8.0,S25,0.0010981559753417969
caret-lavender-left-mint-right-run01,lavender,0,7,7.0,8.0,S26,0.00547182559967041
caret-lavender-left-mint-right-run01,lavender,0,7,7.0,8.0,S27,-0.0021805763244628906
caret-lavender-left-mint-right-run01,lavender,0,7,7.0,8.0,S28,0.003931403160095215
caret-lavender-left-mint-right-run01,lavender,0,7,7.0,8.0,S29,0.003767848014831543
caret-lavender-left-mint-right-run01,lavender,0,7,7.0,8.0,S30,0.0003559589385986328
caret-lavender-left-mint-right-run01,lavender,0,7,7.0,8.0,S31,-0.0028846263885498047
caret-lavender-left-mint-right-run01,lavender,0,7,7.0,8.0,S32,0.0008491873741149902
caret-lavender-left-mint-right-run01,lavender,1,0,0.0,1.0,S1,0.0015090703964233398
caret-lavender-left-mint-right-run01,lavender,1,0,0.0,1.0,S2,0.00226593017578125
caret-lavender-left-mint-right-run01,lavender,1,0,0.0,1.0,S3,0.001355290412902832
caret-lavender-left-mint-right-run01,lavender,1,0,0.0,1.0,S4,0.002507507801055908
caret-lavender-left-mint-right-run01,lavender,1,0,0.0,1.0,S5,0.0008007287979125977
caret-lavender-left-mint-right-run01,lavender,1,0,0.0,1.0,S6,1.8462538719177246e-05
caret-lavender-left-mint-right-run01,lavender,1,0,0.0,1.0,S7,0.0012613534927368164
caret-lavender-left-mint-right-run01,lavender,1,0,0.0,1.0,S8,0.0006729960441589355
caret-lavender-left-mint-right-run01,lavender,1,0,0.0,1.0,S9,0.00033652782440185547
caret-lavender-left-mint-right-run01,lavender,1,0,0.0,1.0,S10,0.00010192394256591797
caret-lavender-left-mint-right-run01,lavender,1,0,0.0,1.0,S11,0.001225113868713379
caret-lavender-left-mint-right-run01,lavender,1,0,0.0,1.0,S12,0.00040721893310546875
caret-lavender-left-mint-right-run01,lavender,1,0,0.0,1.0,S13,0.00037592649459838867
caret-lavender-left-mint-right-run01,lavender,1,0,0.0,1.0,S14,0.0002480149269104004
caret-lavender-left-mint-right-run01,lavender,1,0,0.0,1.0,S15,0.0003199577331542969
caret-lavender-left-mint-right-run01,lavender,1,0,0.0,1.0,S16,0.00011768937110900879
caret-lavender-left-mint-right-run01,lavender,1,0,0.0,1.0,S17,0.0017516613006591797
caret-lavender-left-mint-right-run01,lavender,1,0,0.0,1.0,S18,0.0005928575992584229
caret-lavender-left-mint-right-run01,lavender,1,0,0.0,1.0,S19,0.0011337995529174805
caret-lavender-left-mint-right-run01,lavender,1,0,0.0,1.0,S20,0.0003731250762939453
caret-lavender-left-mint-right-run01,lavender,1,0,0.0,1.0,S21,0.00016707181930541992
caret-lavender-left-mint-right-run01,lavender,1,0,0.0,1.0,S22,-1.5288591384887695e-05
caret-lavender-left-mint-right-run01,lavender,1,0,0.0,1.0,S23,0.0013893842697143555
caret-lavender-left-mint-right-run01,lavender,1,0,0.0,1.0,S24,-0.0005579590797424316
caret-lavender-left-mint-right-run01,lavender,1,0,0.0,1.0,S25,0.00012052059173583984
caret-lavender-left-mint-right-run01,lavender,1,0,0.0,1.0,S26,-0.00010150671005249023
caret-lavender-left-mint-right-run01,lavender,1,0,0.0,1.0,S27,0.00024962425231933594
caret-lavender-left-mint-right-run01,lavender,1,0,0.0,1.0,S28,0.0008342266082763672
caret-lavender-left-mint-right-run01,lavender,1,0,0.0,1.0,S29,0.0007105469703674316
caret-lavender-left-mint-right-run01,lavender,1,0,0.0,1.0,S30,6.940960884094238e-05
caret-lavender-left-mint-right-run01,lavender,1,0,0.0,1.0,S31,-0.00015425682067871094
caret-lavender-left-mint-right-run01,lavender,1,0,0.0,1.0,S32,-0.0001195073127746582
caret-lavender-left-mint-right-run01,lavender,1,1,1.0,2.0,S1,0.039235830307006836
caret-lavender-left-mint-right-run01,lavender,1,1,1.0,2.0,S2,0.03523063659667969
caret-lavender-left-mint-right-run01,lavender,1,1,1.0,2.0,S3,0.003004789352416992
caret-lavender-left-mint-right-run01,lavender,1,1,1.0,2.0,S4,0.014901161193847656
caret-lavender-left-mint-right-run01,lavender,1,1,1.0,2.0,S5,0.0019354820251464844
caret-lavender-left-mint-right-run01,lavender,1,1,1.0,2.0,S6,1.2308359146118164e-05
caret-lavender-left-mint-right-run01,lavender,1,1,1.0,2.0,S7,0.00010418891906738281
caret-lavender-left-mint-right-run01,lavender,1,1,1.0,2.0,S8,0.0019387006759643555
caret-lavender-left-mint-right-run01,lavender,1,1,1.0,2.0,S9,0.005056619644165039
caret-lavender-left-mint-right-run01,lavender,1,1,1.0,2.0,S10,0.0001742839813232422
caret-lavender-left-mint-right-run01,lavender,1,1,1.0,2.0,S11,0.002315044403076172
caret-lavender-left-mint-right-run01,lavender,1,1,1.0,2.0,S12,0.0020290017127990723
caret-lavender-left-mint-right-run01,lavender,1,1,1.0,2.0,S13,0.0019378662109375
caret-lavender-left-mint-right-run01,lavender,1,1,1.0,2.0,S14,0.0016986727714538574
caret-lavender-left-mint-right-run01,lavender,1,1,1.0,2.0,S15,0.0009462833404541016
caret-lavender-left-mint-right-run01,lavender,1,1,1.0,2.0,S16,0.0005356073379516602
caret-lavender-left-mint-right-run01,lavender,1,1,1.0,2.0,S17,0.005861163139343262
caret-lavender-left-mint-right-run01,lavender,1,1,1.0,2.0,S18,0.0025305747985839844
caret-lavender-left-mint-right-run01,lavender,1,1,1.0,2.0,S19,0.0026717185974121094
caret-lavender-left-mint-right-run01,lavender,1,1,1.0,2.0,S20,0.003630518913269043
caret-lavender-left-mint-right-run01,lavender,1,1,1.0,2.0,S21,0.0012774467468261719
caret-lavender-left-mint-right-run01,lavender,1,1,1.0,2.0,S22,0.0013958215713500977
caret-lavender-left-mint-right-run01,lavender,1,1,1.0,2.0,S23,0.0024759769439697266
caret-lavender-left-mint-right-run01,lavender,1,1,1.0,2.0,S24,0.0034464597702026367
caret-lavender-left-mint-right-run01,lavender,1,1,1.0,2.0,S25,0.0024377107620239258
caret-lavender-left-mint-right-run01,lavender,1,1,1.0,2.0,S26,0.012554526329040527
caret-lavender-left-mint-right-run01,lavender,1,1,1.0,2.0,S27,0.0006763935089111328
caret-lavender-left-mint-right-run01,lavender,1,1,1.0,2.0,S28,0.005798935890197754
caret-lavender-left-mint-right-run01,lavender,1,1,1.0,2.0,S29,0.007069945335388184
caret-lavender-left-mint-right-run01,lavender,1,1,1.0,2.0,S30,0.0005031228065490723
caret-lavender-left-mint-right-run01,lavender,1,1,1.0,2.0,S31,0.002508401870727539
caret-lavender-left-mint-right-run01,lavender,1,1,1.0,2.0,S32,0.0015496015548706055
caret-lavender-left-mint-right-run01,lavender,1,3,3.0,4.0,S1,0.03671860694885254
caret-lavender-left-mint-right-run01,lavender,1,3,3.0,4.0,S2,0.033925771713256836
caret-lavender-left-mint-right-run01,lavender,1,3,3.0,4.0,S3,-0.0029973983764648438
caret-lavender-left-mint-right-run01,lavender,1,3,3.0,4.0,S4,0.01640629768371582
caret-lavender-left-mint-right-run01,lavender,1,3,3.0,4.0,S5,0.0026493072509765625
caret-lavender-left-mint-right-run01,lavender,1,3,3.0,4.0,S6,1.6629695892333984e-05
caret-lavender-left-mint-right-run01,lavender,1,3,3.0,4.0,S7,-0.003145933151245117
caret-lavender-left-mint-right-run01,lavender,1,3,3.0,4.0,S8,0.0024802684783935547
caret-lavender-left-mint-right-run01,lavender,1,3,3.0,4.0,S9,0.004770755767822266
caret-lavender-left-mint-right-run01,lavender,1,3,3.0,4.0,S10,0.0002429485321044922
caret-lavender-left-mint-right-run01,lavender,1,3,3.0,4.0,S11,-0.00086212158203125
caret-lavender-left-mint-right-run01,lavender,1,3,3.0,4.0,S12,0.0022512078285217285
caret-lavender-left-mint-right-run01,lavender,1,3,3.0,4.0,S13,0.0021113157272338867
caret-lavender-left-mint-right-run01,lavender,1,3,3.0,4.0,S14,0.0017719268798828125
caret-lavender-left-mint-right-run01,lavender,1,3,3.0,4.0,S15,-0.00017690658569335938
caret-lavender-left-mint-right-run01,lavender,1,3,3.0,4.0,S16,0.0006256699562072754
caret-lavender-left-mint-right-run01,lavender,1,3,3.0,4.0,S17,0.006955385208129883
caret-lavender-left-mint-right-run01,lavender,1,3,3.0,4.0,S18,0.0027471184730529785
caret-lavender-left-mint-right-run01,lavender,1,3,3.0,4.0,S19,-0.0007467269897460938
caret-lavender-left-mint-right-run01,lavender,1,3,3.0,4.0,S20,0.003360152244567871
caret-lavender-left-mint-right-run01,lavender,1,3,3.0,4.0,S21,0.00121229887008667
caret-lavender-left-mint-right-run01,lavender,1,3,3.0,4.0,S22,0.001101851463317871
caret-lavender-left-mint-right-run01,lavender,1,3,3.0,4.0,S23,-0.0030732154846191406
caret-lavender-left-mint-right-run01,lavender,1,3,3.0,4.0,S24,0.002055525779724121
caret-lavender-left-mint-right-run01,lavender,1,3,3.0,4.0,S25,0.0021119117736816406
caret-lavender-left-mint-right-run01,lavender,1,3,3.0,4.0,S26,0.0093841552734375
caret-lavender-left-mint-right-run01,lavender,1,3,3.0,4.0,S27,-0.0008342266082763672
caret-lavender-left-mint-right-run01,lavender,1,3,3.0,4.0,S28,0.005363941192626953
caret-lavender-left-mint-right-run01,lavender,1,3,3.0,4.0,S29,0.006326556205749512
caret-lavender-left-mint-right-run01,lavender,1,3,3.0,4.0,S30,0.0004917383193969727
caret-lavender-left-mint-right-run01,lavender,1,3,3.0,4.0,S31,-0.0001609325408935547
caret-lavender-left-mint-right-run01,lavender,1,3,3.0,4.0,S32,0.0011327266693115234
caret-lavender-left-mint-right-run01,lavender,1,4,4.0,5.0,S1,0.051484107971191406
caret-lavender-left-mint-right-run01,lavender,1,4,4.0,5.0,S2,0.045922279357910156
caret-lavender-left-mint-right-run01,lavender,1,4,4.0,5.0,S3,0.0021355152130126953
caret-lavender-left-mint-right-run01,lavender,1,4,4.0,5.0,S4,0.019486069679260254
caret-lavender-left-mint-right-run01,lavender,1,4,4.0,5.0,S5,0.002562284469604492
caret-lavender-left-mint-right-run01,lavender,1,4,4.0,5.0,S6,6.616115570068359e-06
caret-lavender-left-mint-right-run01,lavender,1,4,4.0,5.0,S7,0.0002701282501220703
caret-lavender-left-mint-right-run01,lavender,1,4,4.0,5.0,S8,0.002492547035217285
caret-lavender-left-mint-right-run01,lavender,1,4,4.0,5.0,S9,0.006256699562072754
caret-lavender-left-mint-right-run01,lavender,1,4,4.0,5.0,S10,0.00020575523376464844
caret-lavender-left-mint-right-run01,lavender,1,4,4.0,5.0,S11,0.0024156570434570312
caret-lavender-left-mint-right-run01,lavender,1,4,4.0,5.0,S12,0.0025314688682556152
caret-lavender-left-mint-right-run01,lavender,1,4,4.0,5.0,S13,0.0023789405822753906
caret-lavender-left-mint-right-run01,lavender,1,4,4.0,5.0,S14,0.0021317005157470703
caret-lavender-left-mint-right-run01,lavender,1,4,4.0,5.0,S15,0.002856731414794922
caret-lavender-left-mint-right-run01,lavender,1,4,4.0,5.0,S16,0.0006963014602661133
caret-lavender-left-mint-right-run01,lavender,1,4,4.0,5.0,S17,0.0075261592864990234
caret-lavender-left-mint-right-run01,lavender,1,4,4.0,5.0,S18,0.003117203712463379
caret-lavender-left-mint-right-run01,lavender,1,4,4.0,5.0,S19,0.0027871131896972656
caret-lavender-left-mint-right-run01,lavender,1,4,4.0,5.0,S20,0.004215240478515625
caret-lavender-left-mint-right-run01,lavender,1,4,4.0,5.0,S21,0.001444697380065918
caret-lavender-left-mint-right-run01,lavender,1,4,4.0,5.0,S22,0.0015489459037780762
caret-lavender-left-mint-right-run01,lavender,1,4,4.0,5.0,S23,0.00077056884765625
caret-lavender-left-mint-right-run01,lavender,1,4,4.0,5.0,S24,0.003591179847717285
caret-lavender-left-mint-right-run01,lavender,1,4,4.0,5.0,S25,0.0026520490646362305
caret-lavender-left-mint-right-run01,lavender,1,4,4.0,5.0,S26,0.013435125350952148
caret-lavender-left-mint-right-run01,lavender,1,4,4.0,5.0,S27,-6.771087646484375e-05
caret-lavender-left-mint-right-run01,lavender,1,4,4.0,5.0,S28,0.006428837776184082
caret-lavender-left-mint-right-run01,lavender,1,4,4.0,5.0,S29,0.007887005805969238
caret-lavender-left-mint-right-run01,lavender,1,4,4.0,5.0,S30,0.0006084442138671875
caret-lavender-left-mint-right-run01,lavender,1,4,4.0,5.0,S31,-0.0025129318237304688
caret-lavender-left-mint-right-run01,lavender,1,4,4.0,5.0,S32,0.0016532540321350098
caret-lavender-left-mint-right-run01,lavender,1,9,9.0,10.0,S1,-0.013453006744384766
caret-lavender-left-mint-right-run01,lavender,1,9,9.0,10.0,S2,-0.01162862777709961
caret-lavender-left-mint-right-run01,lavender,1,9,9.0,10.0,S3,0.00010967254638671875
caret-lavender-left-mint-right-run01,lavender,1,9,9.0,10.0,S4,-0.00432133674621582
caret-lavender-left-mint-right-run01,lavender,1,9,9.0,10.0,S5,5.650520324707031e-05
caret-lavender-left-mint-right-run01,lavender,1,9,9.0,10.0,S6,1.4662742614746094e-05
caret-lavender-left-mint-right-run01,lavender,1,9,9.0,10.0,S7,-0.00013518333435058594
caret-lavender-left-mint-right-run01,lavender,1,9,9.0,10.0,S8,-3.8504600524902344e-05
caret-lavender-left-mint-right-run01,lavender,1,9,9.0,10.0,S9,-0.0017474889755249023
caret-lavender-left-mint-right-run01,lavender,1,9,9.0,10.0,S10,2.6345252990722656e-05
caret-lavender-left-mint-right-run01,lavender,1,9,9.0,10.0,S11,-6.699562072753906e-05
caret-lavender-left-mint-right-run01,lavender,1,9,9.0,10.0,S12,-0.0005154609680175781
caret-lavender-left-mint-right-run01,lavender,1,9,9.0,10.0,S13,-0.00039589405059814453
caret-lavender-left-mint-right-run01,lavender,1,9,9.0,10.0,S14,-0.0004197359085083008
caret-lavender-left-mint-right-run01,lavender,1,9,9.0,10.0,S15,-0.00012373924255371094
caret-lavender-left-mint-right-run01,lavender,1,9,9.0,10.0,S16,-7.146596908569336e-05
caret-lavender-left-mint-right-run01,lavender,1,9,9.0,10.0,S17,-0.000597834587097168
caret-lavender-left-mint-right-run01,lavender,1,9,9.0,10.0,S18,-0.0002550482749938965
caret-lavender-left-mint-right-run01,lavender,1,9,9.0,10.0,S19,-0.00010228157043457031
caret-lavender-left-mint-right-run01,lavender,1,9,9.0,10.0,S20,-0.000647425651550293
caret-lavender-left-mint-right-run01,lavender,1,9,9.0,10.0,S21,-0.0001665949821472168
caret-lavender-left-mint-right-run01,lavender,1,9,9.0,10.0,S22,-0.00031763315200805664
caret-lavender-left-mint-right-run01,lavender,1,9,9.0,10.0,S23,4.482269287109375e-05
caret-lavender-left-mint-right-run01,lavender,1,9,9.0,10.0,S24,-0.0012407302856445312
caret-lavender-left-mint-right-run01,lavender,1,9,9.0,10.0,S25,-0.00038886070251464844
caret-lavender-left-mint-right-run01,lavender,1,9,9.0,10.0,S26,-0.003031611442565918
caret-lavender-left-mint-right-run01,lavender,1,9,9.0,10.0,S27,-0.00034308433532714844
caret-lavender-left-mint-right-run01,lavender,1,9,9.0,10.0,S28,-0.000225067138671875
caret-lavender-left-mint-right-run01,lavender,1,9,9.0,10.0,S29,-0.0006906986236572266
caret-lavender-left-mint-right-run01,lavender,1,9,9.0,10.0,S30,5.662441253662109e-06
caret-lavender-left-mint-right-run01,lavender,1,9,9.0,10.0,S31,-6.413459777832031e-05
caret-lavender-left-mint-right-run01,lavender,1,9,9.0,10.0,S32,-0.0002636909484863281
caret-lavender-left-mint-right-run01,lavender,1,11,11.0,12.0,S1,-0.0045506954193115234
caret-lavender-left-mint-right-run01,lavender,1,11,11.0,12.0,S2,-0.0035724639892578125
caret-lavender-left-mint-right-run01,lavender,1,11,11.0,12.0,S3,0.00026035308837890625
caret-lavender-left-mint-right-run01,lavender,1,11,11.0,12.0,S4,-0.0003604888916015625
caret-lavender-left-mint-right-run01,lavender,1,11,11.0,12.0,S5,0.0004996061325073242
caret-lavender-left-mint-right-run01,lavender,1,11,11.0,12.0,S6,8.791685104370117e-06
caret-lavender-left-mint-right-run01,lavender,1,11,11.0,12.0,S7,0.00013399124145507812
caret-lavender-left-mint-right-run01,lavender,1,11,11.0,12.0,S8,0.0004203319549560547
caret-lavender-left-mint-right-run01,lavender,1,11,11.0,12.0,S9,-0.0006611347198486328
caret-lavender-left-mint-right-run01,lavender,1,11,11.0,12.0,S10,2.0503997802734375e-05
caret-lavender-left-mint-right-run01,lavender,1,11,11.0,12.0,S11,-0.0026700496673583984
caret-lavender-left-mint-right-run01,lavender,1,11,11.0,12.0,S12,1.6868114471435547e-05
caret-lavender-left-mint-right-run01,lavender,1,11,11.0,12.0,S13,4.792213439941406e-05
caret-lavender-left-mint-right-run01,lavender,1,11,11.0,12.0,S14,-3.826618194580078e-05
caret-lavender-left-mint-right-run01,lavender,1,11,11.0,12.0,S15,-0.0004673004150390625
caret-lavender-left-mint-right-run01,lavender,1,11,11.0,12.0,S16,2.6106834411621094e-05
caret-lavender-left-mint-right-run01,lavender,1,11,11.0,12.0,S17,0.0004801750183105469
caret-lavender-left-mint-right-run01,lavender,1,11,11.0,12.0,S18,0.00025725364685058594
caret-lavender-left-mint-right-run01,lavender,1,11,11.0,12.0,S19,-2.7894973754882812e-05
caret-lavender-left-mint-right-run01,lavender,1,11,11.0,12.0,S20,-4.088878631591797e-05
caret-lavender-left-mint-right-run01,lavender,1,11,11.0,12.0,S21,5.221366882324219e-05
caret-lavender-left-mint-right-run01,lavender,1,11,11.0,12.0,S22,-8.285045623779297e-05
caret-lavender-left-mint-right-run01,lavender,1,11,11.0,12.0,S23,0.00039649009704589844
caret-lavender-left-mint-right-run01,lavender,1,11,11.0,12.0,S24,-0.0007568597793579102
caret-lavender-left-mint-right-run01,lavender,1,11,11.0,12.0,S25,-0.00010263919830322266
caret-lavender-left-mint-right-run01,lavender,1,11,11.0,12.0,S26,-0.001269221305847168
caret-lavender-left-mint-right-run01,lavender,1,11,11.0,12.0,S27,-0.00015783309936523438
caret-lavender-left-mint-right-run01,lavender,1,11,11.0,12.0,S28,0.0007299184799194336
caret-lavender-left-mint-right-run01,lavender,1,11,11.0,12.0,S29,0.00018846988677978516
caret-lavender-left-mint-right-run01,lavender,1,11,11.0,12.0,S30,8.761882781982422e-05
caret-lavender-left-mint-right-run01,lavender,1,11,11.0,12.0,S31,1.6689300537109375e-06
caret-lavender-left-mint-right-run01,lavender,1,11,11.0,12.0,S32,-4.798173904418945e-05
caret-lavender-left-mint-right-run01,lavender,2,0,0.0,1.0,S1,0.005873680114746094
caret-lavender-left-mint-right-run01,lavender,2,0,0.0,1.0,S2,0.004200100898742676
caret-lavender-left-mint-right-run01,lavender,2,0,0.0,1.0,S3,-8.034706115722656e-05
caret-lavender-left-mint-right-run01,lavender,2,0,0.0,1.0,S4,0.00022178888320922852
caret-lavender-left-mint-right-run01,lavender,2,0,0.0,1.0,S5,-0.00048720836639404297
caret-lavender-left-mint-right-run01,lavender,2,0,0.0,1.0,S6,1.5497207641601562e-06
caret-lavender-left-mint-right-run01,lavender,2,0,0.0,1.0,S7,-0.0011887550354003906
caret-lavender-left-mint-right-run01,lavender,2,0,0.0,1.0,S8,-0.0002467632293701172
caret-lavender-left-mint-right-run01,lavender,2,0,0.0,1.0,S9,0.000796198844909668
caret-lavender-left-mint-right-run01,lavender,2,0,0.0,1.0,S10,-4.100799560546875e-05
caret-lavender-left-mint-right-run01,lavender,2,0,0.0,1.0,S11,-0.0012766122817993164
caret-lavender-left-mint-right-run01,lavender,2,0,0.0,1.0,S12,5.188584327697754e-05
caret-lavender-left-mint-right-run01,lavender,2,0,0.0,1.0,S13,5.900859832763672e-05
caret-lavender-left-mint-right-run01,lavender,2,0,0.0,1.0,S14,0.00015029311180114746
caret-lavender-left-mint-right-run01,lavender,2,0,0.0,1.0,S15,-0.0015064477920532227
caret-lavender-left-mint-right-run01,lavender,2,0,0.0,1.0,S16,-3.0338764190673828e-05
caret-lavender-left-mint-right-run01,lavender,2,0,0.0,1.0,S17,-0.00045615434646606445
caret-lavender-left-mint-right-run01,lavender,2,0,0.0,1.0,S18,-2.276897430419922e-05
caret-lavender-left-mint-right-run01,lavender,2,0,0.0,1.0,S19,-0.0005457401275634766
caret-lavender-left-mint-right-run01,lavender,2,0,0.0,1.0,S20,0.000604093074798584
caret-lavender-left-mint-right-run01,lavender,2,0,0.0,1.0,S21,0.00019472837448120117
caret-lavender-left-mint-right-run01,lavender,2,0,0.0,1.0,S22,0.0005225837230682373
caret-lavender-left-mint-right-run01,lavender,2,0,0.0,1.0,S23,0.0012900829315185547
caret-lavender-left-mint-right-run01,lavender,2,0,0.0,1.0,S24,0.0021770596504211426
caret-lavender-left-mint-right-run01,lavender,2,0,0.0,1.0,S25,0.0009069442749023438
caret-lavender-left-mint-right-run01,lavender,2,0,0.0,1.0,S26,0.005198240280151367
caret-lavender-left-mint-right-run01,lavender,2,0,0.0,1.0,S27,-0.0009275674819946289
caret-lavender-left-mint-right-run01,lavender,2,0,0.0,1.0,S28,0.0013915300369262695
caret-lavender-left-mint-right-run01,lavender,2,0,0.0,1.0,S29,0.0018768906593322754
caret-lavender-left-mint-right-run01,lavender,2,0,0.0,1.0,S30,0.00017958879470825195
caret-lavender-left-mint-right-run01,lavender,2,0,0.0,1.0,S31,0.0009484291076660156
caret-lavender-left-mint-right-run01,lavender,2,0,0.0,1.0,S32,0.001043468713760376
caret-lavender-left-mint-right-run01,lavender,2,3,3.0,4.0,S1,0.0030655860900878906
caret-lavender-left-mint-right-run01,lavender,2,3,3.0,4.0,S2,0.0030705928802490234
caret-lavender-left-mint-right-run01,lavender,2,3,3.0,4.0,S3,-0.0029091835021972656
caret-lavender-left-mint-right-run01,lavender,2,3,3.0,4.0,S4,0.0022655725479125977
caret-lavender-left-mint-right-run01,lavender,2,3,3.0,4.0,S5,0.00028204917907714844
caret-lavender-left-mint-right-run01,lavender,2,3,3.0,4.0,S6,-2.54213809967041e-05
caret-lavender-left-mint-right-run01,lavender,2,3,3.0,4.0,S7,0.0002760887145996094
caret-lavender-left-mint-right-run01,lavender,2,3,3.0,4.0,S8,0.0001366138458251953
caret-lavender-left-mint-right-run01,lavender,2,3,3.0,4.0,S9,0.0005882978439331055
caret-lavender-left-mint-right-run01,lavender,2,3,3.0,4.0,S10,5.638599395751953e-05
caret-lavender-left-mint-right-run01,lavender,2,3,3.0,4.0,S11,0.0002219676971435547
caret-lavender-left-mint-right-run01,lavender,2,3,3.0,4.0,S12,0.00028252601623535156
caret-lavender-left-mint-right-run01,lavender,2,3,3.0,4.0,S13,0.0004918575286865234
caret-lavender-left-mint-right-run01,lavender,2,3,3.0,4.0,S14,0.0003749728202819824
caret-lavender-left-mint-right-run01,lavender,2,3,3.0,4.0,S15,0.0002346038818359375
caret-lavender-left-mint-right-run01,lavender,2,3,3.0,4.0,S16,0.0001023411750793457
caret-lavender-left-mint-right-run01,lavender,2,3,3.0,4.0,S17,0.0005272626876831055
caret-lavender-left-mint-right-run01,lavender,2,3,3.0,4.0,S18,0.00032323598861694336
caret-lavender-left-mint-right-run01,lavender,2,3,3.0,4.0,S19,0.00223541259765625
caret-lavender-left-mint-right-run01,lavender,2,3,3.0,4.0,S20,0.0005675554275512695
caret-lavender-left-mint-right-run01,lavender,2,3,3.0,4.0,S21,0.00013118982315063477
caret-lavender-left-mint-right-run01,lavender,2,3,3.0,4.0,S22,0.00027817487716674805
caret-lavender-left-mint-right-run01,lavender,2,3,3.0,4.0,S23,0.0031211376190185547
caret-lavender-left-mint-right-run01,lavender,2,3,3.0,4.0,S24,0.0003260374069213867
caret-lavender-left-mint-right-run01,lavender,2,3,3.0,4.0,S25,6.67572021484375e-05
caret-lavender-left-mint-right-run01,lavender,2,3,3.0,4.0,S26,0.0008934736251831055
caret-lavender-left-mint-right-run01,lavender,2,3,3.0,4.0,S27,0.0007686614990234375
caret-lavender-left-mint-right-run01,lavender,2,3,3.0,4.0,S28,-0.00010597705841064453
caret-lavender-left-mint-right-run01,lavender,2,3,3.0,4.0,S29,0.000554203987121582
caret-lavender-left-mint-right-run01,lavender,2,3,3.0,4.0,S30,3.4689903259277344e-05
caret-lavender-left-mint-right-run01,lavender,2,3,3.0,4.0,S31,0.002310037612915039
caret-lavender-left-mint-right-run01,lavender,2,3,3.0,4.0,S32,9.649991989135742e-05
caret-lavender-left-mint-right-run01,lavender,3,0,0.0,1.0,S1,0.0010898113250732422
caret-lavender-left-mint-right-run01,lavender,3,0,0.0,1.0,S2,0.0005797147750854492
caret-lavender-left-mint-right-run01,lavender,3,0,0.0,1.0,S3,0.0014289617538452148
caret-lavender-left-mint-right-run01,lavender,3,0,0.0,1.0,S4,-0.00017452239990234375
caret-lavender-left-mint-right-run01,lavender,3,0,0.0,1.0,S5,-0.0003387928009033203
caret-lavender-left-mint-right-run01,lavender,3,0,0.0,1.0,S6,-2.275407314300537e-05
caret-lavender-left-mint-right-run01,lavender,3,0,0.0,1.0,S7,0.0015802383422851562
caret-lavender-left-mint-right-run01,lavender,3,0,0.0,1.0,S8,-0.00038355588912963867
caret-lavender-left-mint-right-run01,lavender,3,0,0.0,1.0,S9,7.456541061401367e-05
caret-lavender-left-mint-right-run01,lavender,3,0,0.0,1.0,S10,-8.893013000488281e-05
caret-lavender-left-mint-right-run01,lavender,3,0,0.0,1.0,S11,-0.002173781394958496
caret-lavender-left-mint-right-run01,lavender,3,0,0.0,1.0,S12,-0.00014451146125793457
caret-lavender-left-mint-right-run01,lavender,3,0,0.0,1.0,S13,-5.805492401123047e-05
caret-lavender-left-mint-right-run01,lavender,3,0,0.0,1.0,S14,-5.7309865951538086e-05
caret-lavender-left-mint-right-run01,lavender,3,0,0.0,1.0,S15,-0.0025483369827270508
caret-lavender-left-mint-right-run01,lavender,3,0,0.0,1.0,S16,-3.8295984268188477e-05
caret-lavender-left-mint-right-run01,lavender,3,0,0.0,1.0,S17,-0.00028628110885620117
caret-lavender-left-mint-right-run01,lavender,3,0,0.0,1.0,S18,-0.0001843869686126709
caret-lavender-left-mint-right-run01,lavender,3,0,0.0,1.0,S19,0.00040853023529052734
caret-lavender-left-mint-right-run01,lavender,3,0,0.0,1.0,S20,-2.8014183044433594e-05
caret-lavender-left-mint-right-run01,lavender,3,0,0.0,1.0,S21,8.612871170043945e-06
caret-lavender-left-mint-right-run01,lavender,3,0,0.0,1.0,S22,0.00010079145431518555
caret-lavender-left-mint-right-run01,lavender,3,0,0.0,1.0,S23,0.0009965896606445312
caret-lavender-left-mint-right-run01,lavender,3,0,0.0,1.0,S24,0.0006285309791564941
caret-lavender-left-mint-right-run01,lavender,3,0,0.0,1.0,S25,0.0002599954605102539
caret-lavender-left-mint-right-run01,lavender,3,0,0.0,1.0,S26,0.0011473298072814941
caret-lavender-left-mint-right-run01,lavender,3,0,0.0,1.0,S27,0.001509547233581543
caret-lavender-left-mint-right-run01,lavender,3,0,0.0,1.0,S28,-0.0003312230110168457
caret-lavender-left-mint-right-run01,lavender,3,0,0.0,1.0,S29,0.0001385211944580078
caret-lavender-left-mint-right-run01,lavender,3,0,0.0,1.0,S30,1.093745231628418e-05
caret-lavender-left-mint-right-run01,lavender,3,0,0.0,1.0,S31,0.00032591819763183594
caret-lavender-left-mint-right-run01,lavender,3,0,0.0,1.0,S32,0.0002894401550292969
caret-lavender-left-mint-right-run01,lavender,3,1,1.0,2.0,S1,0.022362709045410156
caret-lavender-left-mint-right-run01,lavender,3,1,1.0,2.0,S2,0.019107699394226074
caret-lavender-left-mint-right-run01,lavender,3,1,1.0,2.0,S3,0.0013730525970458984
caret-lavender-left-mint-right-run01,lavender,3,1,1.0,2.0,S4,0.006784558296203613
caret-lavender-left-mint-right-run01,lavender,3,1,1.0,2.0,S5,-3.266334533691406e-05
caret-lavender-left-mint-right-run01,lavender,3,1,1.0,2.0,S6,-3.49879264831543e-05
caret-lavender-left-mint-right-run01,lavender,3,1,1.0,2.0,S7,0.0025937557220458984
caret-lavender-left-mint-right-run01,lavender,3,1,1.0,2.0,S8,6.854534149169922e-05
caret-lavender-left-mint-right-run01,lavender,3,1,1.0,2.0,S9,0.003468632698059082
caret-lavender-left-mint-right-run01,lavender,3,1,1.0,2.0,S10,-3.5703182220458984e-05
caret-lavender-left-mint-right-run01,lavender,3,1,1.0,2.0,S11,0.0007249116897583008
caret-lavender-left-mint-right-run01,lavender,3,1,1.0,2.0,S12,0.0008632838726043701
caret-lavender-left-mint-right-run01,lavender,3,1,1.0,2.0,S13,0.0008687973022460938
caret-lavender-left-mint-right-run01,lavender,3,1,1.0,2.0,S14,0.000939786434173584
caret-lavender-left-mint-right-run01,lavender,3,1,1.0,2.0,S15,0.0022612810134887695
caret-lavender-left-mint-right-run01,lavender,3,1,1.0,2.0,S16,0.0002124309539794922
caret-lavender-left-mint-right-run01,lavender,3,1,1.0,2.0,S17,0.0015482306480407715
caret-lavender-left-mint-right-run01,lavender,3,1,1.0,2.0,S18,0.0006465613842010498
caret-lavender-left-mint-right-run01,lavender,3,1,1.0,2.0,S19,0.0007375478744506836
caret-lavender-left-mint-right-run01,lavender,3,1,1.0,2.0,S20,0.0020763278007507324
caret-lavender-left-mint-right-run01,lavender,3,1,1.0,2.0,S21,0.0006390213966369629
caret-lavender-left-mint-right-run01,lavender,3,1,1.0,2.0,S22,0.0011480748653411865
caret-lavender-left-mint-right-run01,lavender,3,1,1.0,2.0,S23,0.00013971328735351562
caret-lavender-left-mint-right-run01,lavender,3,1,1.0,2.0,S24,0.00420069694519043
caret-lavender-left-mint-right-run01,lavender,3,1,1.0,2.0,S25,0.0017978549003601074
caret-lavender-left-mint-right-run01,lavender,3,1,1.0,2.0,S26,0.009824872016906738
caret-lavender-left-mint-right-run01,lavender,3,1,1.0,2.0,S27,5.054473876953125e-05
caret-lavender-left-mint-right-run01,lavender,3,1,1.0,2.0,S28,0.002040565013885498
caret-lavender-left-mint-right-run01,lavender,3,1,1.0,2.0,S29,0.003594636917114258
caret-lavender-left-mint-right-run01,lavender,3,1,1.0,2.0,S30,0.000244826078414917
caret-lavender-left-mint-right-run01,lavender,3,1,1.0,2.0,S31,-0.0008997917175292969
caret-lavender-left-mint-right-run01,lavender,3,1,1.0,2.0,S32,0.001562565565109253
lavender-only-horizontal-run01,lavender,0,0,0.0,1.0,S1,0.015475034713745117
lavender-only-horizontal-run01,lavender,0,0,0.0,1.0,S2,0.014330387115478516
lavender-only-horizontal-run01,lavender,0,0,0.0,1.0,S3,0.00348663330078125
lavender-only-horizontal-run01,lavender,0,0,0.0,1.0,S4,0.007132887840270996
lavender-only-horizontal-run01,lavender,0,0,0.0,1.0,S5,0.001107335090637207
lavender-only-horizontal-run01,lavender,0,0,0.0,1.0,S6,0.0
lavender-only-horizontal-run01,lavender,0,0,0.0,1.0,S7,0.0
lavender-only-horizontal-run01,lavender,0,0,0.0,1.0,S8,0.0010083913803100586
lavender-only-horizontal-run01,lavender,0,0,0.0,1.0,S9,0.0019234418869018555
lavender-only-horizontal-run01,lavender,0,0,0.0,1.0,S10,6.878376007080078e-05
lavender-only-horizontal-run01,lavender,0,0,0.0,1.0,S11,0.0
lavender-only-horizontal-run01,lavender,0,0,0.0,1.0,S12,0.0009695291519165039
lavender-only-horizontal-run01,lavender,0,0,0.0,1.0,S13,0.0008705854415893555
lavender-only-horizontal-run01,lavender,0,0,0.0,1.0,S14,0.000726163387298584
lavender-only-horizontal-run01,lavender,0,0,0.0,1.0,S15,-0.0038988590240478516
lavender-only-horizontal-run01,lavender,0,0,0.0,1.0,S16,0.00028002262115478516
lavender-only-horizontal-run01,lavender,0,0,0.0,1.0,S17,0.002518773078918457
lavender-only-horizontal-run01,lavender,0,0,0.0,1.0,S18,0.0010793209075927734
lavender-only-horizontal-run01,lavender,0,0,0.0,1.0,S19,-0.0037758350372314453
lavender-only-horizontal-run01,lavender,0,0,0.0,1.0,S20,0.0012249946594238281
lavender-only-horizontal-run01,lavender,0,0,0.0,1.0,S21,0.0004181861877441406
lavender-only-horizontal-run01,lavender,0,0,0.0,1.0,S22,0.0003312230110168457
lavender-only-horizontal-run01,lavender,0,0,0.0,1.0,S23,0.0
lavender-only-horizontal-run01,lavender,0,0,0.0,1.0,S24,0.0003720521926879883
lavender-only-horizontal-run01,lavender,0,0,0.0,1.0,S25,0.00038170814514160156
lavender-only-horizontal-run01,lavender,0,0,0.0,1.0,S26,0.002689361572265625
lavender-only-horizontal-run01,lavender,0,0,0.0,1.0,S27,0.0
lavender-only-horizontal-run01,lavender,0,0,0.0,1.0,S28,0.0016219615936279297
lavender-only-horizontal-run01,lavender,0,0,0.0,1.0,S29,0.0019899606704711914
lavender-only-horizontal-run01,lavender,0,0,0.0,1.0,S30,0.0001608729362487793
lavender-only-horizontal-run01,lavender,0,0,0.0,1.0,S31,0.0
lavender-only-horizontal-run01,lavender,0,0,0.0,1.0,S32,0.0003667473793029785
lavender-only-horizontal-run01,lavender,0,1,1.0,2.0,S1,0.04643070697784424
lavender-only-horizontal-run01,lavender,0,1,1.0,2.0,S2,0.042081356048583984
lavender-only-horizontal-run01,lavender,0,1,1.0,2.0,S3,0.003087162971496582
lavender-only-horizontal-run01,lavender,0,1,1.0,2.0,S4,0.020246565341949463
lavender-only-horizontal-run01,lavender,0,1,1.0,2.0,S5,0.0029124021530151367
lavender-only-horizontal-run01,lavender,0,1,1.0,2.0,S6,3.649294376373291e-05
lavender-only-horizontal-run01,lavender,0,1,1.0,2.0,S7,-0.0018204450607299805
lavender-only-horizontal-run01,lavender,0,1,1.0,2.0,S8,0.002810359001159668
lavender-only-horizontal-run01,lavender,0,1,1.0,2.0,S9,0.00667804479598999
lavender-only-horizontal-run01,lavender,0,1,1.0,2.0,S10,0.0002945065498352051
lavender-only-horizontal-run01,lavender,0,1,1.0,2.0,S11,0.007584810256958008
lavender-only-horizontal-run01,lavender,0,1,1.0,2.0,S12,0.002952873706817627
lavender-only-horizontal-run01,lavender,0,1,1.0,2.0,S13,0.0028150081634521484
lavender-only-horizontal-run01,lavender,0,1,1.0,2.0,S14,0.0025043487548828125
lavender-only-horizontal-run01,lavender,0,1,1.0,2.0,S15,0.018259286880493164
lavender-only-horizontal-run01,lavender,0,1,1.0,2.0,S16,0.0008471012115478516
lavender-only-horizontal-run01,lavender,0,1,1.0,2.0,S17,0.008267700672149658
lavender-only-horizontal-run01,lavender,0,1,1.0,2.0,S18,0.0035735666751861572
lavender-only-horizontal-run01,lavender,0,1,1.0,2.0,S19,0.011976957321166992
lavender-only-horizontal-run01,lavender,0,1,1.0,2.0,S20,0.005026102066040039
lavender-only-horizontal-run01,lavender,0,1,1.0,2.0,S21,0.0017678141593933105
lavender-only-horizontal-run01,lavender,0,1,1.0,2.0,S22,0.0019333958625793457
lavender-only-horizontal-run01,lavender,0,1,1.0,2.0,S23,0.022655189037322998
lavender-only-horizontal-run01,lavender,0,1,1.0,2.0,S24,0.004601895809173584
lavender-only-horizontal-run01,lavender,0,1,1.0,2.0,S25,0.0031728148460388184
lavender-only-horizontal-run01,lavender,0,1,1.0,2.0,S26,0.01619255542755127
lavender-only-horizontal-run01,lavender,0,1,1.0,2.0,S27,0.01393038034439087
lavender-only-horizontal-run01,lavender,0,1,1.0,2.0,S28,0.007775783538818359
lavender-only-horizontal-run01,lavender,0,1,1.0,2.0,S29,0.009500682353973389
lavender-only-horizontal-run01,lavender,0,1,1.0,2.0,S30,0.0007867813110351562
lavender-only-horizontal-run01,lavender,0,1,1.0,2.0,S31,0.008669257164001465
lavender-only-horizontal-run01,lavender,0,1,1.0,2.0,S32,0.0022673308849334717
lavender-only-horizontal-run01,lavender,0,4,4.0,5.0,S1,0.0029425621032714844
lavender-only-horizontal-run01,lavender,0,4,4.0,5.0,S2,0.003905057907104492
lavender-only-horizontal-run01,lavender,0,4,4.0,5.0,S3,-0.04585909843444824
lavender-only-horizontal-run01,lavender,0,4,4.0,5.0,S4,0.004659891128540039
lavender-only-horizontal-run01,lavender,0,4,4.0,5.0,S5,0.001771688461303711
lavender-only-horizontal-run01,lavender,0,4,4.0,5.0,S6,4.500150680541992e-06
lavender-only-horizontal-run01,lavender,0,4,4.0,5.0,S7,-0.13408970832824707
lavender-only-horizontal-run01,lavender,0,4,4.0,5.0,S8,0.0018661022186279297
lavender-only-horizontal-run01,lavender,0,4,4.0,5.0,S9,0.0007207393646240234
lavender-only-horizontal-run01,lavender,0,4,4.0,5.0,S10,0.00016963481903076172
lavender-only-horizontal-run01,lavender,0,4,4.0,5.0,S11,-0.24666786193847656
lavender-only-horizontal-run01,lavender,0,4,4.0,5.0,S12,0.0010200142860412598
lavender-only-horizontal-run01,lavender,0,4,4.0,5.0,S13,0.000931859016418457
lavender-only-horizontal-run01,lavender,0,4,4.0,5.0,S14,0.000646054744720459
lavender-only-horizontal-run01,lavender,0,4,4.0,5.0,S15,-0.17636489868164062
lavender-only-horizontal-run01,lavender,0,4,4.0,5.0,S16,0.00032263994216918945
lavender-only-horizontal-run01,lavender,0,4,4.0,5.0,S17,0.00435948371887207
lavender-only-horizontal-run01,lavender,0,4,4.0,5.0,S18,0.0017658472061157227
lavender-only-horizontal-run01,lavender,0,4,4.0,5.0,S19,-0.1322791576385498
lavender-only-horizontal-run01,lavender,0,4,4.0,5.0,S20,0.0016113519668579102
lavender-only-horizontal-run01,lavender,0,4,4.0,5.0,S21,0.0006948113441467285
lavender-only-horizontal-run01,lavender,0,4,4.0,5.0,S22,0.00038826465606689453
lavender-only-horizontal-run01,lavender,0,4,4.0,5.0,S23,-0.24117302894592285
lavender-only-horizontal-run01,lavender,0,4,4.0,5.0,S24,1.7404556274414062e-05
lavender-only-horizontal-run01,lavender,0,4,4.0,5.0,S25,0.0008674860000610352
lavender-only-horizontal-run01,lavender,0,4,4.0,5.0,S26,0.0030105113983154297
lavender-only-horizontal-run01,lavender,0,4,4.0,5.0,S27,-0.1656203269958496
lavender-only-horizontal-run01,lavender,0,4,4.0,5.0,S28,0.004428386688232422
lavender-only-horizontal-run01,lavender,0,4,4.0,5.0,S29,0.00393521785736084
lavender-only-horizontal-run01,lavender,0,4,4.0,5.0,S30,0.00039398670196533203
lavender-only-horizontal-run01,lavender,0,4,4.0,5.0,S31,-0.10980236530303955
lavender-only-horizontal-run01,lavender,0,4,4.0,5.0,S32,0.0007494688034057617
lavender-only-horizontal-run01,lavender,0,7,7.0,8.0,S1,0.016213059425354004
lavender-only-horizontal-run01,lavender,0,7,7.0,8.0,S2,0.015516281127929688
lavender-only-horizontal-run01,lavender,0,7,7.0,8.0,S3,-0.06987857818603516
lavender-only-horizontal-run01,lavender,0,7,7.0,8.0,S4,0.010535001754760742
lavender-only-horizontal-run01,lavender,0,7,7.0,8.0,S5,0.0026404857635498047
lavender-only-horizontal-run01,lavender,0,7,7.0,8.0,S6,3.866851329803467e-05
lavender-only-horizontal-run01,lavender,0,7,7.0,8.0,S7,-0.2633056640625
lavender-only-horizontal-run01,lavender,0,7,7.0,8.0,S8,0.002543628215789795
lavender-only-horizontal-run01,lavender,0,7,7.0,8.0,S9,0.002597510814666748
lavender-only-horizontal-run01,lavender,0,7,7.0,8.0,S10,0.0002300739288330078
lavender-only-horizontal-run01,lavender,0,7,7.0,8.0,S11,-0.2533963918685913
lavender-only-horizontal-run01,lavender,0,7,7.0,8.0,S12,0.0018207430839538574
lavender-only-horizontal-run01,lavender,0,7,7.0,8.0,S13,0.0017237663269042969
lavender-only-horizontal-run01,lavender,0,7,7.0,8.0,S14,0.001274406909942627
lavender-only-horizontal-run01,lavender,0,7,7.0,8.0,S15,-0.1934947967529297
lavender-only-horizontal-run01,lavender,0,7,7.0,8.0,S16,0.0005348622798919678
lavender-only-horizontal-run01,lavender,0,7,7.0,8.0,S17,0.007141411304473877
lavender-only-horizontal-run01,lavender,0,7,7.0,8.0,S18,0.002705603837966919
lavender-only-horizontal-run01,lavender,0,7,7.0,8.0,S19,-0.13324874639511108
lavender-only-horizontal-run01,lavender,0,7,7.0,8.0,S20,0.0029235482215881348
lavender-only-horizontal-run01,lavender,0,7,7.0,8.0,S21,0.001138061285018921
lavender-only-horizontal-run01,lavender,0,7,7.0,8.0,S22,0.0008634328842163086
lavender-only-horizontal-run01,lavender,0,7,7.0,8.0,S23,-0.1579023003578186
lavender-only-horizontal-run01,lavender,0,7,7.0,8.0,S24,0.0011709928512573242
lavender-only-horizontal-run01,lavender,0,7,7.0,8.0,S25,0.0017409324645996094
lavender-only-horizontal-run01,lavender,0,7,7.0,8.0,S26,0.006968677043914795
lavender-only-horizontal-run01,lavender,0,7,7.0,8.0,S27,-0.11913841962814331
lavender-only-horizontal-run01,lavender,0,7,7.0,8.0,S28,0.006318032741546631
lavender-only-horizontal-run01,lavender,0,7,7.0,8.0,S29,0.006308436393737793
lavender-only-horizontal-run01,lavender,0,7,7.0,8.0,S30,0.0005474090576171875
lavender-only-horizontal-run01,lavender,0,7,7.0,8.0,S31,-0.08983200788497925
lavender-only-horizontal-run01,lavender,0,7,7.0,8.0,S32,0.0012991130352020264
lavender-only-horizontal-run01,lavender,1,0,0.0,1.0,S1,0.009038209915161133
lavender-only-horizontal-run01,lavender,1,0,0.0,1.0,S2,0.007952570915222168
lavender-only-horizontal-run01,lavender,1,0,0.0,1.0,S3,-0.022185146808624268
lavender-only-horizontal-run01,lavender,1,0,0.0,1.0,S4,0.0025870800018310547
lavender-only-horizontal-run01,lavender,1,0,0.0,1.0,S5,7.146596908569336e-05
lavender-only-horizontal-run01,lavender,1,0,0.0,1.0,S6,-8.89599323272705e-06
lavender-only-horizontal-run01,lavender,1,0,0.0,1.0,S7,0.117678701877594
lavender-only-horizontal-run01,lavender,1,0,0.0,1.0,S8,0.00020742416381835938
lavender-only-horizontal-run01,lavender,1,0,0.0,1.0,S9,0.0012941360473632812
lavender-only-horizontal-run01,lavender,1,0,0.0,1.0,S10,3.713369369506836e-05
lavender-only-horizontal-run01,lavender,1,0,0.0,1.0,S11,0.14009541273117065
lavender-only-horizontal-run01,lavender,1,0,0.0,1.0,S12,0.00047346949577331543
lavender-only-horizontal-run01,lavender,1,0,0.0,1.0,S13,0.0003892183303833008
lavender-only-horizontal-run01,lavender,1,0,0.0,1.0,S14,0.0004375874996185303
lavender-only-horizontal-run01,lavender,1,0,0.0,1.0,S15,0.11380618810653687
lavender-only-horizontal-run01,lavender,1,0,0.0,1.0,S16,9.056925773620605e-05
lavender-only-horizontal-run01,lavender,1,0,0.0,1.0,S17,0.0010135769844055176
lavender-only-horizontal-run01,lavender,1,0,0.0,1.0,S18,0.0005473196506500244
lavender-only-horizontal-run01,lavender,1,0,0.0,1.0,S19,0.08289384841918945
lavender-only-horizontal-run01,lavender,1,0,0.0,1.0,S20,0.0011209845542907715
lavender-only-horizontal-run01,lavender,1,0,0.0,1.0,S21,0.0004119277000427246
lavender-only-horizontal-run01,lavender,1,0,0.0,1.0,S22,0.0006580948829650879
lavender-only-horizontal-run01,lavender,1,0,0.0,1.0,S23,0.13162779808044434
lavender-only-horizontal-run01,lavender,1,0,0.0,1.0,S24,0.002415895462036133
lavender-only-horizontal-run01,lavender,1,0,0.0,1.0,S25,0.0009685158729553223
lavender-only-horizontal-run01,lavender,1,0,0.0,1.0,S26,0.005005538463592529
lavender-only-horizontal-run01,lavender,1,0,0.0,1.0,S27,0.12059003114700317
lavender-only-horizontal-run01,lavender,1,0,0.0,1.0,S28,0.002300739288330078
lavender-only-horizontal-run01,lavender,1,0,0.0,1.0,S29,0.0031239986419677734
lavender-only-horizontal-run01,lavender,1,0,0.0,1.0,S30,0.0002689957618713379
lavender-only-horizontal-run01,lavender,1,0,0.0,1.0,S31,0.09853088855743408
lavender-only-horizontal-run01,lavender,1,0,0.0,1.0,S32,0.00106087327003479
lavender-only-horizontal-run01,lavender,1,2,2.0,3.0,S1,0.023365378379821777
lavender-only-horizontal-run01,lavender,1,2,2.0,3.0,S2,0.020383834838867188
lavender-only-horizontal-run01,lavender,1,2,2.0,3.0,S3,0.034848690032958984
lavender-only-horizontal-run01,lavender,1,2,2.0,3.0,S4,0.008046388626098633
lavender-only-horizontal-run01,lavender,1,2,2.0,3.0,S5,0.0008543133735656738
lavender-only-horizontal-run01,lavender,1,2,2.0,3.0,S6,1.3560056686401367e-06
lavender-only-horizontal-run01,lavender,1,2,2.0,3.0,S7,-0.06555861234664917
lavender-only-horizontal-run01,lavender,1,2,2.0,3.0,S8,0.0011973977088928223
lavender-only-horizontal-run01,lavender,1,2,2.0,3.0,S9,0.0031057000160217285
lavender-only-horizontal-run01,lavender,1,2,2.0,3.0,S10,0.00011438131332397461
lavender-only-horizontal-run01,lavender,1,2,2.0,3.0,S11,-0.102541983127594
lavender-only-horizontal-run01,lavender,1,2,2.0,3.0,S12,0.0013895034790039062
lavender-only-horizontal-run01,lavender,1,2,2.0,3.0,S13,0.0011638402938842773
lavender-only-horizontal-run01,lavender,1,2,2.0,3.0,S14,0.001149207353591919
lavender-only-horizontal-run01,lavender,1,2,2.0,3.0,S15,-0.08262664079666138
lavender-only-horizontal-run01,lavender,1,2,2.0,3.0,S16,0.00033909082412719727
lavender-only-horizontal-run01,lavender,1,2,2.0,3.0,S17,0.0027418136596679688
lavender-only-horizontal-run01,lavender,1,2,2.0,3.0,S18,0.0013441741466522217
lavender-only-horizontal-run01,lavender,1,2,2.0,3.0,S19,-0.06100726127624512
lavender-only-horizontal-run01,lavender,1,2,2.0,3.0,S20,0.002137422561645508
lavender-only-horizontal-run01,lavender,1,2,2.0,3.0,S21,0.0006863176822662354
lavender-only-horizontal-run01,lavender,1,2,2.0,3.0,S22,0.0008973479270935059
lavender-only-horizontal-run01,lavender,1,2,2.0,3.0,S23,-0.07472580671310425
lavender-only-horizontal-run01,lavender,1,2,2.0,3.0,S24,0.0027625560760498047
lavender-only-horizontal-run01,lavender,1,2,2.0,3.0,S25,0.0014958381652832031
lavender-only-horizontal-run01,lavender,1,2,2.0,3.0,S26,0.00671839714050293
lavender-only-horizontal-run01,lavender,1,2,2.0,3.0,S27,-0.07895886898040771
lavender-only-horizontal-run01,lavender,1,2,2.0,3.0,S28,0.003208756446838379
lavender-only-horizontal-run01,lavender,1,2,2.0,3.0,S29,0.0035471320152282715
lavender-only-horizontal-run01,lavender,1,2,2.0,3.0,S30,0.00030934810638427734
lavender-only-horizontal-run01,lavender,1,2,2.0,3.0,S31,-0.06568259000778198
lavender-only-horizontal-run01,lavender,1,2,2.0,3.0,S32,0.0011120140552520752
lavender-only-horizontal-run01,lavender,1,4,4.0,5.0,S1,0.01931929588317871
lavender-only-horizontal-run01,lavender,1,4,4.0,5.0,S2,0.0164029598236084
lavender-only-horizontal-run01,lavender,1,4,4.0,5.0,S3,-0.045156002044677734
lavender-only-horizontal-run01,lavender,1,4,4.0,5.0,S4,0.007829070091247559
lavender-only-horizontal-run01,lavender,1,4,4.0,5.0,S5,0.0011038780212402344
lavender-only-horizontal-run01,lavender,1,4,4.0,5.0,S6,-7.420778274536133e-06
lavender-only-horizontal-run01,lavender,1,4,4.0,5.0,S7,-0.06462204456329346
lavender-only-horizontal-run01,lavender,1,4,4.0,5.0,S8,0.0014829635620117188
lavender-only-horizontal-run01,lavender,1,4,4.0,5.0,S9,0.002804875373840332
lavender-only-horizontal-run01,lavender,1,4,4.0,5.0,S10,0.00017118453979492188
lavender-only-horizontal-run01,lavender,1,4,4.0,5.0,S11,0.06416022777557373
lavender-only-horizontal-run01,lavender,1,4,4.0,5.0,S12,0.0013676881790161133
lavender-only-horizontal-run01,lavender,1,4,4.0,5.0,S13,0.0010608434677124023
lavender-only-horizontal-run01,lavender,1,4,4.0,5.0,S14,0.0010099411010742188
lavender-only-horizontal-run01,lavender,1,4,4.0,5.0,S15,0.029845714569091797
lavender-only-horizontal-run01,lavender,1,4,4.0,5.0,S16,0.00032967329025268555
lavender-only-horizontal-run01,lavender,1,4,4.0,5.0,S17,0.002167344093322754
lavender-only-horizontal-run01,lavender,1,4,4.0,5.0,S18,0.001153707504272461
lavender-only-horizontal-run01,lavender,1,4,4.0,5.0,S19,0.02761244773864746
lavender-only-horizontal-run01,lavender,1,4,4.0,5.0,S20,0.0016518831253051758
lavender-only-horizontal-run01,lavender,1,4,4.0,5.0,S21,0.0005347728729248047
lavender-only-horizontal-run01,lavender,1,4,4.0,5.0,S22,0.0006518363952636719
lavender-only-horizontal-run01,lavender,1,4,4.0,5.0,S23,0.05941665172576904
lavender-only-horizontal-run01,lavender,1,4,4.0,5.0,S24,0.0017919540405273438
lavender-only-horizontal-run01,lavender,1,4,4.0,5.0,S25,0.0011723041534423828
lavender-only-horizontal-run01,lavender,1,4,4.0,5.0,S26,0.005184650421142578
lavender-only-horizontal-run01,lavender,1,4,4.0,5.0,S27,0.014046549797058105
lavender-only-horizontal-run01,lavender,1,4,4.0,5.0,S28,0.002768993377685547
lavender-only-horizontal-run01,lavender,1,4,4.0,5.0,S29,0.0025069713592529297
lavender-only-horizontal-run01,lavender,1,4,4.0,5.0,S30,0.00029081106185913086
lavender-only-horizontal-run01,lavender,1,4,4.0,5.0,S31,0.010841131210327148
lavender-only-horizontal-run01,lavender,1,4,4.0,5.0,S32,0.0008438229560852051
lavender-only-horizontal-run01,lavender,1,5,5.0,6.0,S1,-0.033730149269104004
lavender-only-horizontal-run01,lavender,1,5,5.0,6.0,S2,-0.031012415885925293
lavender-only-horizontal-run01,lavender,1,5,5.0,6.0,S3,-0.09193092584609985
lavender-only-horizontal-run01,lavender,1,5,5.0,6.0,S4,-0.013310015201568604
lavender-only-horizontal-run01,lavender,1,5,5.0,6.0,S5,-0.0014475584030151367
lavender-only-horizontal-run01,lavender,1,5,5.0,6.0,S6,-2.294778823852539e-05
lavender-only-horizontal-run01,lavender,1,5,5.0,6.0,S7,-0.22569924592971802
lavender-only-horizontal-run01,lavender,1,5,5.0,6.0,S8,-0.000619053840637207
lavender-only-horizontal-run01,lavender,1,5,5.0,6.0,S9,-0.004084646701812744
lavender-only-horizontal-run01,lavender,1,5,5.0,6.0,S10,-6.74128532409668e-05
lavender-only-horizontal-run01,lavender,1,5,5.0,6.0,S11,-0.23977673053741455
lavender-only-horizontal-run01,lavender,1,5,5.0,6.0,S12,-0.0013269782066345215
lavender-only-horizontal-run01,lavender,1,5,5.0,6.0,S13,-0.0015892386436462402
lavender-only-horizontal-run01,lavender,1,5,5.0,6.0,S14,-0.001385807991027832
lavender-only-horizontal-run01,lavender,1,5,5.0,6.0,S15,-0.1865968108177185
lavender-only-horizontal-run01,lavender,1,5,5.0,6.0,S16,-0.00042945146560668945
lavender-only-horizontal-run01,lavender,1,5,5.0,6.0,S17,-0.005603492259979248
lavender-only-horizontal-run01,lavender,1,5,5.0,6.0,S18,-0.0017953217029571533
lavender-only-horizontal-run01,lavender,1,5,5.0,6.0,S19,-0.13154292106628418
lavender-only-horizontal-run01,lavender,1,5,5.0,6.0,S20,-0.0026587843894958496
lavender-only-horizontal-run01,lavender,1,5,5.0,6.0,S21,-0.0009026527404785156
lavender-only-horizontal-run01,lavender,1,5,5.0,6.0,S22,-0.0010405778884887695
lavender-only-horizontal-run01,lavender,1,5,5.0,6.0,S23,-0.26318109035491943
lavender-only-horizontal-run01,lavender,1,5,5.0,6.0,S24,-0.0022402405738830566
lavender-only-horizontal-run01,lavender,1,5,5.0,6.0,S25,-0.0018829107284545898
lavender-only-horizontal-run01,lavender,1,5,5.0,6.0,S26,-0.008652269840240479
lavender-only-horizontal-run01,lavender,1,5,5.0,6.0,S27,-0.25719761848449707
lavender-only-horizontal-run01,lavender,1,5,5.0,6.0,S28,-0.002587735652923584
lavender-only-horizontal-run01,lavender,1,5,5.0,6.0,S29,-0.004691898822784424
lavender-only-horizontal-run01,lavender,1,5,5.0,6.0,S30,-0.00026810169219970703
lavender-only-horizontal-run01,lavender,1,5,5.0,6.0,S31,-0.18310242891311646
lavender-only-horizontal-run01,lavender,1,5,5.0,6.0,S32,-0.0007711648941040039
lavender-only-horizontal-run01,lavender,2,0,0.0,1.0,S1,-0.009084343910217285
lavender-only-horizontal-run01,lavender,2,0,0.0,1.0,S2,-0.0076444149017333984
lavender-only-horizontal-run01,lavender,2,0,0.0,1.0,S3,-0.0004913806915283203
lavender-only-horizontal-run01,lavender,2,0,0.0,1.0,S4,-0.00328904390335083
lavender-only-horizontal-run01,lavender,2,0,0.0,1.0,S5,-0.00023627281188964844
lavender-only-horizontal-run01,lavender,2,0,0.0,1.0,S6,1.7657876014709473e-05
lavender-only-horizontal-run01,lavender,2,0,0.0,1.0,S7,-0.0006934404373168945
lavender-only-horizontal-run01,lavender,2,0,0.0,1.0,S8,-0.0003401041030883789
lavender-only-horizontal-run01,lavender,2,0,0.0,1.0,S9,-0.0012039542198181152
lavender-only-horizontal-run01,lavender,2,0,0.0,1.0,S10,-7.271766662597656e-06
lavender-only-horizontal-run01,lavender,2,0,0.0,1.0,S11,-0.0020570755004882812
lavender-only-horizontal-run01,lavender,2,0,0.0,1.0,S12,-0.0005110800266265869
lavender-only-horizontal-run01,lavender,2,0,0.0,1.0,S13,-0.00044989585876464844
lavender-only-horizontal-run01,lavender,2,0,0.0,1.0,S14,-0.0004121065139770508
lavender-only-horizontal-run01,lavender,2,0,0.0,1.0,S15,-0.0026445388793945312
lavender-only-horizontal-run01,lavender,2,0,0.0,1.0,S16,-0.00015604496002197266
lavender-only-horizontal-run01,lavender,2,0,0.0,1.0,S17,-0.0015854239463806152
lavender-only-horizontal-run01,lavender,2,0,0.0,1.0,S18,-0.0006121993064880371
lavender-only-horizontal-run01,lavender,2,0,0.0,1.0,S19,-0.0012466907501220703
lavender-only-horizontal-run01,lavender,2,0,0.0,1.0,S20,-0.000705718994140625
lavender-only-horizontal-run01,lavender,2,0,0.0,1.0,S21,-0.00024360418319702148
lavender-only-horizontal-run01,lavender,2,0,0.0,1.0,S22,-0.00039577484130859375
lavender-only-horizontal-run01,lavender,2,0,0.0,1.0,S23,-0.002676248550415039
lavender-only-horizontal-run01,lavender,2,0,0.0,1.0,S24,-0.0016208887100219727
lavender-only-horizontal-run01,lavender,2,0,0.0,1.0,S25,-0.0005785226821899414
lavender-only-horizontal-run01,lavender,2,0,0.0,1.0,S26,-0.0028842687606811523
lavender-only-horizontal-run01,lavender,2,0,0.0,1.0,S27,-0.0029295682907104492
lavender-only-horizontal-run01,lavender,2,0,0.0,1.0,S28,-0.0011225342750549316
lavender-only-horizontal-run01,lavender,2,0,0.0,1.0,S29,-0.001164853572845459
lavender-only-horizontal-run01,lavender,2,0,0.0,1.0,S30,-9.73045825958252e-05
lavender-only-horizontal-run01,lavender,2,0,0.0,1.0,S31,-0.0017703771591186523
lavender-only-horizontal-run01,lavender,2,0,0.0,1.0,S32,-0.0004591941833496094
lavender-only-horizontal-run01,lavender,2,1,1.0,2.0,S1,0.005612611770629883
lavender-only-horizontal-run01,lavender,2,1,1.0,2.0,S2,0.006546974182128906
lavender-only-horizontal-run01,lavender,2,1,1.0,2.0,S3,-0.003027200698852539
lavender-only-horizontal-run01,lavender,2,1,1.0,2.0,S4,0.005936980247497559
lavender-only-horizontal-run01,lavender,2,1,1.0,2.0,S5,0.0019019842147827148
lavender-only-horizontal-run01,lavender,2,1,1.0,2.0,S6,4.315376281738281e-05
lavender-only-horizontal-run01,lavender,2,1,1.0,2.0,S7,-0.0019290447235107422
lavender-only-horizontal-run01,lavender,2,1,1.0,2.0,S8,0.0017849206924438477
lavender-only-horizontal-run01,lavender,2,1,1.0,2.0,S9,0.0012568235397338867
lavender-only-horizontal-run01,lavender,2,1,1.0,2.0,S10,0.00017380714416503906
lavender-only-horizontal-run01,lavender,2,1,1.0,2.0,S11,-0.0009729862213134766
lavender-only-horizontal-run01,lavender,2,1,1.0,2.0,S12,0.0010925531387329102
lavender-only-horizontal-run01,lavender,2,1,1.0,2.0,S13,0.0010292530059814453
lavender-only-horizontal-run01,lavender,2,1,1.0,2.0,S14,0.0007815957069396973
lavender-only-horizontal-run01,lavender,2,1,1.0,2.0,S15,-0.00034332275390625
lavender-only-horizontal-run01,lavender,2,1,1.0,2.0,S16,0.00031828880310058594
lavender-only-horizontal-run01,lavender,2,1,1.0,2.0,S17,0.003813505172729492
lavender-only-horizontal-run01,lavender,2,1,1.0,2.0,S18,0.0016412734985351562
lavender-only-horizontal-run01,lavender,2,1,1.0,2.0,S19,0.0027146339416503906
lavender-only-horizontal-run01,lavender,2,1,1.0,2.0,S20,0.0015364885330200195
lavender-only-horizontal-run01,lavender,2,1,1.0,2.0,S21,0.000630497932434082
lavender-only-horizontal-run01,lavender,2,1,1.0,2.0,S22,0.0003952980041503906
lavender-only-horizontal-run01,lavender,2,1,1.0,2.0,S23,-0.0002620220184326172
lavender-only-horizontal-run01,lavender,2,1,1.0,2.0,S24,3.314018249511719e-05
lavender-only-horizontal-run01,lavender,2,1,1.0,2.0,S25,0.0008162260055541992
lavender-only-horizontal-run01,lavender,2,1,1.0,2.0,S26,0.0036344528198242188
lavender-only-horizontal-run01,lavender,2,1,1.0,2.0,S27,-0.0032987594604492188
lavender-only-horizontal-run01,lavender,2,1,1.0,2.0,S28,0.003708958625793457
lavender-only-horizontal-run01,lavender,2,1,1.0,2.0,S29,0.003354668617248535
lavender-only-horizontal-run01,lavender,2,1,1.0,2.0,S30,0.0003122687339782715
lavender-only-horizontal-run01,lavender,2,1,1.0,2.0,S31,-0.003812551498413086
lavender-only-horizontal-run01,lavender,2,1,1.0,2.0,S32,0.0006848573684692383
lavender-only-horizontal-run01,lavender,2,3,3.0,4.0,S1,-0.006528139114379883
lavender-only-horizontal-run01,lavender,2,3,3.0,4.0,S2,-0.007211208343505859
lavender-only-horizontal-run01,lavender,2,3,3.0,4.0,S3,-0.0007734298706054688
lavender-only-horizontal-run01,lavender,2,3,3.0,4.0,S4,-0.006207108497619629
lavender-only-horizontal-run01,lavender,2,3,3.0,4.0,S5,-0.0014520883560180664
lavender-only-horizontal-run01,lavender,2,3,3.0,4.0,S6,-1.5228986740112305e-05
lavender-only-horizontal-run01,lavender,2,3,3.0,4.0,S7,-0.003669261932373047
lavender-only-horizontal-run01,lavender,2,3,3.0,4.0,S8,-0.0012061595916748047
lavender-only-horizontal-run01,lavender,2,3,3.0,4.0,S9,-0.0009407997131347656
lavender-only-horizontal-run01,lavender,2,3,3.0,4.0,S10,-0.00014591217041015625
lavender-only-horizontal-run01,lavender,2,3,3.0,4.0,S11,-0.0014657974243164062
lavender-only-horizontal-run01,lavender,2,3,3.0,4.0,S12,-0.0009301900863647461
lavender-only-horizontal-run01,lavender,2,3,3.0,4.0,S13,-0.0008847713470458984
lavender-only-horizontal-run01,lavender,2,3,3.0,4.0,S14,-0.0006622076034545898
lavender-only-horizontal-run01,lavender,2,3,3.0,4.0,S15,-0.00046896934509277344
lavender-only-horizontal-run01,lavender,2,3,3.0,4.0,S16,-0.0002872943878173828
lavender-only-horizontal-run01,lavender,2,3,3.0,4.0,S17,-0.003505229949951172
lavender-only-horizontal-run01,lavender,2,3,3.0,4.0,S18,-0.0011138916015625
lavender-only-horizontal-run01,lavender,2,3,3.0,4.0,S19,-0.0003304481506347656
lavender-only-horizontal-run01,lavender,2,3,3.0,4.0,S20,-0.0008373260498046875
lavender-only-horizontal-run01,lavender,2,3,3.0,4.0,S21,-0.00030994415283203125
lavender-only-horizontal-run01,lavender,2,3,3.0,4.0,S22,-5.424022674560547e-06
lavender-only-horizontal-run01,lavender,2,3,3.0,4.0,S23,-0.0007750988006591797
lavender-only-horizontal-run01,lavender,2,3,3.0,4.0,S24,0.000987410545349121
lavender-only-horizontal-run01,lavender,2,3,3.0,4.0,S25,8.690357208251953e-05
lavender-only-horizontal-run01,lavender,2,3,3.0,4.0,S26,0.0006846189498901367
lavender-only-horizontal-run01,lavender,2,3,3.0,4.0,S27,0.0015811920166015625
lavender-only-horizontal-run01,lavender,2,3,3.0,4.0,S28,-0.0009022951126098633
lavender-only-horizontal-run01,lavender,2,3,3.0,4.0,S29,-0.0008820295333862305
lavender-only-horizontal-run01,lavender,2,3,3.0,4.0,S30,-6.22868537902832e-05
lavender-only-horizontal-run01,lavender,2,3,3.0,4.0,S31,-0.0025026798248291016
lavender-only-horizontal-run01,lavender,2,3,3.0,4.0,S32,0.00035059452056884766
lavender-only-horizontal-run01,lavender,2,9,9.0,10.0,S1,-0.016304731369018555
lavender-only-horizontal-run01,lavender,2,9,9.0,10.0,S2,-0.013876676559448242
lavender-only-horizontal-run01,lavender,2,9,9.0,10.0,S3,0.00021219253540039062
lavender-only-horizontal-run01,lavender,2,9,9.0,10.0,S4,-0.006268739700317383
lavender-only-horizontal-run01,lavender,2,9,9.0,10.0,S5,-0.0008234977722167969
lavender-only-horizontal-run01,lavender,2,9,9.0,10.0,S6,-2.3245811462402344e-06
lavender-only-horizontal-run01,lavender,2,9,9.0,10.0,S7,-0.0007672309875488281
lavender-only-horizontal-run01,lavender,2,9,9.0,10.0,S8,-0.0008410215377807617
lavender-only-horizontal-run01,lavender,2,9,9.0,10.0,S9,-0.0015388727188110352
lavender-only-horizontal-run01,lavender,2,9,9.0,10.0,S10,-0.00010955333709716797
lavender-only-horizontal-run01,lavender,2,9,9.0,10.0,S11,0.0013010501861572266
lavender-only-horizontal-run01,lavender,2,9,9.0,10.0,S12,-0.0008245706558227539
lavender-only-horizontal-run01,lavender,2,9,9.0,10.0,S13,-0.0007280111312866211
lavender-only-horizontal-run01,lavender,2,9,9.0,10.0,S14,-0.0005916357040405273
lavender-only-horizontal-run01,lavender,2,9,9.0,10.0,S15,5.7220458984375e-06
lavender-only-horizontal-run01,lavender,2,9,9.0,10.0,S16,-0.00022077560424804688
lavender-only-horizontal-run01,lavender,2,9,9.0,10.0,S17,-0.0029703378677368164
lavender-only-horizontal-run01,lavender,2,9,9.0,10.0,S18,-0.0007793307304382324
lavender-only-horizontal-run01,lavender,2,9,9.0,10.0,S19,-0.00035643577575683594
lavender-only-horizontal-run01,lavender,2,9,9.0,10.0,S20,-0.0009347200393676758
lavender-only-horizontal-run01,lavender,2,9,9.0,10.0,S21,-0.0003153681755065918
lavender-only-horizontal-run01,lavender,2,9,9.0,10.0,S22,-0.0003039836883544922
lavender-only-horizontal-run01,lavender,2,9,9.0,10.0,S23,-0.002760171890258789
lavender-only-horizontal-run01,lavender,2,9,9.0,10.0,S24,-0.0004843473434448242
lavender-only-horizontal-run01,lavender,2,9,9.0,10.0,S25,-0.0008273124694824219
lavender-only-horizontal-run01,lavender,2,9,9.0,10.0,S26,-0.003140091896057129
lavender-only-horizontal-run01,lavender,2,9,9.0,10.0,S27,-0.0012171268463134766
lavender-only-horizontal-run01,lavender,2,9,9.0,10.0,S28,-0.0013097524642944336
lavender-only-horizontal-run01,lavender,2,9,9.0,10.0,S29,-0.001349806785583496
lavender-only-horizontal-run01,lavender,2,9,9.0,10.0,S30,-0.00013071298599243164
lavender-only-horizontal-run01,lavender,2,9,9.0,10.0,S31,-0.0028641223907470703
lavender-only-horizontal-run01,lavender,2,9,9.0,10.0,S32,-0.0002752542495727539
lavender-only-horizontal-run01,lavender,3,0,0.0,1.0,S1,0.0070487260818481445
lavender-only-horizontal-run01,lavender,3,0,0.0,1.0,S2,0.006117463111877441
lavender-only-horizontal-run01,lavender,3,0,0.0,1.0,S3,-0.0008546113967895508
lavender-only-horizontal-run01,lavender,3,0,0.0,1.0,S4,0.002642333507537842
lavender-only-horizontal-run01,lavender,3,0,0.0,1.0,S5,0.0002900362014770508
lavender-only-horizontal-run01,lavender,3,0,0.0,1.0,S6,1.1026859283447266e-05
lavender-only-horizontal-run01,lavender,3,0,0.0,1.0,S7,-0.0013306140899658203
lavender-only-horizontal-run01,lavender,3,0,0.0,1.0,S8,0.0003038644790649414
lavender-only-horizontal-run01,lavender,3,0,0.0,1.0,S9,0.0009642839431762695
lavender-only-horizontal-run01,lavender,3,0,0.0,1.0,S10,2.0742416381835938e-05
lavender-only-horizontal-run01,lavender,3,0,0.0,1.0,S11,-0.00011515617370605469
lavender-only-horizontal-run01,lavender,3,0,0.0,1.0,S12,0.00036257505416870117
lavender-only-horizontal-run01,lavender,3,0,0.0,1.0,S13,0.0003190040588378906
lavender-only-horizontal-run01,lavender,3,0,0.0,1.0,S14,0.00029280781745910645
lavender-only-horizontal-run01,lavender,3,0,0.0,1.0,S15,0.00014889240264892578
lavender-only-horizontal-run01,lavender,3,0,0.0,1.0,S16,8.70823860168457e-05
lavender-only-horizontal-run01,lavender,3,0,0.0,1.0,S17,0.0008214712142944336
lavender-only-horizontal-run01,lavender,3,0,0.0,1.0,S18,0.000370025634765625
lavender-only-horizontal-run01,lavender,3,0,0.0,1.0,S19,0.00023066997528076172
lavender-only-horizontal-run01,lavender,3,0,0.0,1.0,S20,0.0005500316619873047
lavender-only-horizontal-run01,lavender,3,0,0.0,1.0,S21,0.00016260147094726562
lavender-only-horizontal-run01,lavender,3,0,0.0,1.0,S22,0.0001850426197052002
lavender-only-horizontal-run01,lavender,3,0,0.0,1.0,S23,-1.1920928955078125e-05
lavender-only-horizontal-run01,lavender,3,0,0.0,1.0,S24,0.0004558563232421875
lavender-only-horizontal-run01,lavender,3,0,0.0,1.0,S25,0.000240325927734375
lavender-only-horizontal-run01,lavender,3,0,0.0,1.0,S26,0.001502692699432373
lavender-only-horizontal-run01,lavender,3,0,0.0,1.0,S27,-0.0011854171752929688
lavender-only-horizontal-run01,lavender,3,0,0.0,1.0,S28,0.0005931258201599121
lavender-only-horizontal-run01,lavender,3,0,0.0,1.0,S29,0.0007694363594055176
lavender-only-horizontal-run01,lavender,3,0,0.0,1.0,S30,7.149577140808105e-05
lavender-only-horizontal-run01,lavender,3,0,0.0,1.0,S31,-0.0014376640319824219
lavender-only-horizontal-run01,lavender,3,0,0.0,1.0,S32,0.00016075372695922852
lavender-only-horizontal-run01,lavender,3,1,1.0,2.0,S1,0.00320279598236084
lavender-only-horizontal-run01,lavender,3,1,1.0,2.0,S2,0.0036391019821166992
lavender-only-horizontal-run01,lavender,3,1,1.0,2.0,S3,-0.0009379386901855469
lavender-only-horizontal-run01,lavender,3,1,1.0,2.0,S4,0.003165125846862793
lavender-only-horizontal-run01,lavender,3,1,1.0,2.0,S5,0.0007846355438232422
lavender-only-horizontal-run01,lavender,3,1,1.0,2.0,S6,2.3350119590759277e-05
lavender-only-horizontal-run01,lavender,3,1,1.0,2.0,S7,-0.004110217094421387
lavender-only-horizontal-run01,lavender,3,1,1.0,2.0,S8,0.0006881952285766602
lavender-only-horizontal-run01,lavender,3,1,1.0,2.0,S9,0.0007967352867126465
lavender-only-horizontal-run01,lavender,3,1,1.0,2.0,S10,5.829334259033203e-05
lavender-only-horizontal-run01,lavender,3,1,1.0,2.0,S11,-0.0050078630447387695
lavender-only-horizontal-run01,lavender,3,1,1.0,2.0,S12,0.0004932284355163574
lavender-only-horizontal-run01,lavender,3,1,1.0,2.0,S13,0.0005168914794921875
lavender-only-horizontal-run01,lavender,3,1,1.0,2.0,S14,0.00038182735443115234
lavender-only-horizontal-run01,lavender,3,1,1.0,2.0,S15,-0.004451632499694824
lavender-only-horizontal-run01,lavender,3,1,1.0,2.0,S16,0.00015413761138916016
lavender-only-horizontal-run01,lavender,3,1,1.0,2.0,S17,0.0014343857765197754
lavender-only-horizontal-run01,lavender,3,1,1.0,2.0,S18,0.0006154477596282959
lavender-only-horizontal-run01,lavender,3,1,1.0,2.0,S19,-0.00033092498779296875
lavender-only-horizontal-run01,lavender,3,1,1.0,2.0,S20,0.0006887912750244141
lavender-only-horizontal-run01,lavender,3,1,1.0,2.0,S21,0.0002428591251373291
lavender-only-horizontal-run01,lavender,3,1,1.0,2.0,S22,0.00015467405319213867
lavender-only-horizontal-run01,lavender,3,1,1.0,2.0,S23,-0.0005117654800415039
lavender-only-horizontal-run01,lavender,3,1,1.0,2.0,S24,3.0279159545898438e-05
lavender-only-horizontal-run01,lavender,3,1,1.0,2.0,S25,0.00021284818649291992
lavender-only-horizontal-run01,lavender,3,1,1.0,2.0,S26,0.0009362697601318359
lavender-only-horizontal-run01,lavender,3,1,1.0,2.0,S27,0.0011801719665527344
lavender-only-horizontal-run01,lavender,3,1,1.0,2.0,S28,0.0009146928787231445
lavender-only-horizontal-run01,lavender,3,1,1.0,2.0,S29,0.0009856224060058594
lavender-only-horizontal-run01,lavender,3,1,1.0,2.0,S30,8.651614189147949e-05
lavender-only-horizontal-run01,lavender,3,1,1.0,2.0,S31,0.0008351802825927734
lavender-only-horizontal-run01,lavender,3,1,1.0,2.0,S32,9.804964065551758e-06
lavender-only-horizontal-run01,lavender,3,3,3.0,4.0,S1,0.020438671112060547
lavender-only-horizontal-run01,lavender,3,3,3.0,4.0,S2,0.018053054809570312
lavender-only-horizontal-run01,lavender,3,3,3.0,4.0,S3,-0.002890467643737793
lavender-only-horizontal-run01,lavender,3,3,3.0,4.0,S4,0.008051931858062744
lavender-only-horizontal-run01,lavender,3,3,3.0,4.0,S5,0.0009014606475830078
lavender-only-horizontal-run01,lavender,3,3,3.0,4.0,S6,2.8133392333984375e-05
lavender-only-horizontal-run01,lavender,3,3,3.0,4.0,S7,-0.0034961700439453125
lavender-only-horizontal-run01,lavender,3,3,3.0,4.0,S8,0.0010161399841308594
lavender-only-horizontal-run01,lavender,3,3,3.0,4.0,S9,0.003077208995819092
lavender-only-horizontal-run01,lavender,3,3,3.0,4.0,S10,0.00010079145431518555
lavender-only-horizontal-run01,lavender,3,3,3.0,4.0,S11,-0.00044155120849609375
lavender-only-horizontal-run01,lavender,3,3,3.0,4.0,S12,0.0012045800685882568
lavender-only-horizontal-run01,lavender,3,3,3.0,4.0,S13,0.0011397004127502441
lavender-only-horizontal-run01,lavender,3,3,3.0,4.0,S14,0.0010246634483337402
lavender-only-horizontal-run01,lavender,3,3,3.0,4.0,S15,0.0002073049545288086
lavender-only-horizontal-run01,lavender,3,3,3.0,4.0,S16,0.00032144784927368164
lavender-only-horizontal-run01,lavender,3,3,3.0,4.0,S17,0.0029671788215637207
lavender-only-horizontal-run01,lavender,3,3,3.0,4.0,S18,0.0013583898544311523
lavender-only-horizontal-run01,lavender,3,3,3.0,4.0,S19,-0.0016993284225463867
lavender-only-horizontal-run01,lavender,3,3,3.0,4.0,S20,0.002136051654815674
lavender-only-horizontal-run01,lavender,3,3,3.0,4.0,S21,0.0007147789001464844
lavender-only-horizontal-run01,lavender,3,3,3.0,4.0,S22,0.000916898250579834
lavender-only-horizontal-run01,lavender,3,3,3.0,4.0,S23,-0.0008782148361206055
lavender-only-horizontal-run01,lavender,3,3,3.0,4.0,S24,0.0025627613067626953
lavender-only-horizontal-run01,lavender,3,3,3.0,4.0,S25,0.0014345049858093262
lavender-only-horizontal-run01,lavender,3,3,3.0,4.0,S26,0.0075667500495910645
lavender-only-horizontal-run01,lavender,3,3,3.0,4.0,S27,-0.002173900604248047
lavender-only-horizontal-run01,lavender,3,3,3.0,4.0,S28,0.003195643424987793
lavender-only-horizontal-run01,lavender,3,3,3.0,4.0,S29,0.004001975059509277
lavender-only-horizontal-run01,lavender,3,3,3.0,4.0,S30,0.0003306567668914795
lavender-only-horizontal-run01,lavender,3,3,3.0,4.0,S31,0.0004140138626098633
lavender-only-horizontal-run01,lavender,3,3,3.0,4.0,S32,0.0010206401348114014
lavender-only-horizontal-run01,lavender,3,6,6.0,7.0,S1,0.040456295013427734
lavender-only-horizontal-run01,lavender,3,6,6.0,7.0,S2,0.03561568260192871
lavender-only-horizontal-run01,lavender,3,6,6.0,7.0,S3,-0.0025634765625
lavender-only-horizontal-run01,lavender,3,6,6.0,7.0,S4,0.015024542808532715
lavender-only-horizontal-run01,lavender,3,6,6.0,7.0,S5,0.0015541315078735352
lavender-only-horizontal-run01,lavender,3,6,6.0,7.0,S6,2.6971101760864258e-05
lavender-only-horizontal-run01,lavender,3,6,6.0,7.0,S7,-0.0011632442474365234
lavender-only-horizontal-run01,lavender,3,6,6.0,7.0,S8,0.0016661882400512695
lavender-only-horizontal-run01,lavender,3,6,6.0,7.0,S9,0.005305171012878418
lavender-only-horizontal-run01,lavender,3,6,6.0,7.0,S10,0.00015854835510253906
lavender-only-horizontal-run01,lavender,3,6,6.0,7.0,S11,-0.00046133995056152344
lavender-only-horizontal-run01,lavender,3,6,6.0,7.0,S12,0.002067744731903076
lavender-only-horizontal-run01,lavender,3,6,6.0,7.0,S13,0.0018088817596435547
lavender-only-horizontal-run01,lavender,3,6,6.0,7.0,S14,0.0017137527465820312
lavender-only-horizontal-run01,lavender,3,6,6.0,7.0,S15,-0.0027015209197998047
lavender-only-horizontal-run01,lavender,3,6,6.0,7.0,S16,0.0005386471748352051
lavender-only-horizontal-run01,lavender,3,6,6.0,7.0,S17,0.004618287086486816
lavender-only-horizontal-run01,lavender,3,6,6.0,7.0,S18,0.002130448818206787
lavender-only-horizontal-run01,lavender,3,6,6.0,7.0,S19,-0.0028603076934814453
lavender-only-horizontal-run01,lavender,3,6,6.0,7.0,S20,0.0032281875610351562
lavender-only-horizontal-run01,lavender,3,6,6.0,7.0,S21,0.0010300874710083008
lavender-only-horizontal-run01,lavender,3,6,6.0,7.0,S22,0.001296401023864746
lavender-only-horizontal-run01,lavender,3,6,6.0,7.0,S23,-0.0008985996246337891
lavender-only-horizontal-run01,lavender,3,6,6.0,7.0,S24,0.0033899545669555664
lavender-only-horizontal-run01,lavender,3,6,6.0,7.0,S25,0.001963376998901367
lavender-only-horizontal-run01,lavender,3,6,6.0,7.0,S26,0.010389924049377441
lavender-only-horizontal-run01,lavender,3,6,6.0,7.0,S27,-0.0008225440979003906
lavender-only-horizontal-run01,lavender,3,6,6.0,7.0,S28,0.004088282585144043
lavender-only-horizontal-run01,lavender,3,6,6.0,7.0,S29,0.005286812782287598
lavender-only-horizontal-run01,lavender,3,6,6.0,7.0,S30,0.0004112720489501953
lavender-only-horizontal-run01,lavender,3,6,6.0,7.0,S31,-0.00035691261291503906
lavender-only-horizontal-run01,lavender,3,6,6.0,7.0,S32,0.001339256763458252
lavender-only-horizontal-run01,lavender,3,8,8.0,9.0,S1,0.009496808052062988
lavender-only-horizontal-run01,lavender,3,8,8.0,9.0,S2,0.007953763008117676
lavender-only-horizontal-run01,lavender,3,8,8.0,9.0,S3,-0.0033077001571655273
lavender-only-horizontal-run01,lavender,3,8,8.0,9.0,S4,0.0028720498085021973
lavender-only-horizontal-run01,lavender,3,8,8.0,9.0,S5,9.834766387939453e-05
lavender-only-horizontal-run01,lavender,3,8,8.0,9.0,S6,4.202127456665039e-06
lavender-only-horizontal-run01,lavender,3,8,8.0,9.0,S7,-0.004042506217956543
lavender-only-horizontal-run01,lavender,3,8,8.0,9.0,S8,0.000260770320892334
lavender-only-horizontal-run01,lavender,3,8,8.0,9.0,S9,0.001178145408630371
lavender-only-horizontal-run01,lavender,3,8,8.0,9.0,S10,-2.6345252990722656e-05
lavender-only-horizontal-run01,lavender,3,8,8.0,9.0,S11,-0.001231074333190918
lavender-only-horizontal-run01,lavender,3,8,8.0,9.0,S12,0.0003603696823120117
lavender-only-horizontal-run01,lavender,3,8,8.0,9.0,S13,0.00029098987579345703
lavender-only-horizontal-run01,lavender,3,8,8.0,9.0,S14,0.00030305981636047363
lavender-only-horizontal-run01,lavender,3,8,8.0,9.0,S15,-0.0024695396423339844
lavender-only-horizontal-run01,lavender,3,8,8.0,9.0,S16,8.234381675720215e-05
lavender-only-horizontal-run01,lavender,3,8,8.0,9.0,S17,0.00042694807052612305
lavender-only-horizontal-run01,lavender,3,8,8.0,9.0,S18,0.00018450617790222168
lavender-only-horizontal-run01,lavender,3,8,8.0,9.0,S19,-0.0028159618377685547
lavender-only-horizontal-run01,lavender,3,8,8.0,9.0,S20,0.0004973411560058594
lavender-only-horizontal-run01,lavender,3,8,8.0,9.0,S21,0.0001207888126373291
lavender-only-horizontal-run01,lavender,3,8,8.0,9.0,S22,0.00021257996559143066
lavender-only-horizontal-run01,lavender,3,8,8.0,9.0,S23,-0.0027000904083251953
lavender-only-horizontal-run01,lavender,3,8,8.0,9.0,S24,0.0007870793342590332
lavender-only-horizontal-run01,lavender,3,8,8.0,9.0,S25,0.00017249584197998047
lavender-only-horizontal-run01,lavender,3,8,8.0,9.0,S26,0.001867830753326416
lavender-only-horizontal-run01,lavender,3,8,8.0,9.0,S27,-0.006247282028198242
lavender-only-horizontal-run01,lavender,3,8,8.0,9.0,S28,0.0003260374069213867
lavender-only-horizontal-run01,lavender,3,8,8.0,9.0,S29,0.000597834587097168
lavender-only-horizontal-run01,lavender,3,8,8.0,9.0,S30,6.121397018432617e-05
lavender-only-horizontal-run01,lavender,3,8,8.0,9.0,S31,-0.007355451583862305
lavender-only-horizontal-run01,lavender,3,8,8.0,9.0,S32,0.00018456578254699707
lavender-only-horizontal-run01,lavender,4,0,0.0,1.0,S1,0.013055682182312012
lavender-only-horizontal-run01,lavender,4,0,0.0,1.0,S2,0.013006210327148438
lavender-only-horizontal-run01,lavender,4,0,0.0,1.0,S3,0.016086935997009277
lavender-only-horizontal-run01,lavender,4,0,0.0,1.0,S4,0.007837355136871338
lavender-only-horizontal-run01,lavender,4,0,0.0,1.0,S5,0.0015033483505249023
lavender-only-horizontal-run01,lavender,4,0,0.0,1.0,S6,6.362795829772949e-06
lavender-only-horizontal-run01,lavender,4,0,0.0,1.0,S7,0.05642980337142944
lavender-only-horizontal-run01,lavender,4,0,0.0,1.0,S8,0.0013772249221801758
lavender-only-horizontal-run01,lavender,4,0,0.0,1.0,S9,0.0025146007537841797
lavender-only-horizontal-run01,lavender,4,0,0.0,1.0,S10,0.00015527009963989258
lavender-only-horizontal-run01,lavender,4,0,0.0,1.0,S11,0.04941892623901367
lavender-only-horizontal-run01,lavender,4,0,0.0,1.0,S12,0.0013389885425567627
lavender-only-horizontal-run01,lavender,4,0,0.0,1.0,S13,0.001301109790802002
lavender-only-horizontal-run01,lavender,4,0,0.0,1.0,S14,0.0010928809642791748
lavender-only-horizontal-run01,lavender,4,0,0.0,1.0,S15,0.04193925857543945
lavender-only-horizontal-run01,lavender,4,0,0.0,1.0,S16,0.00038102269172668457
lavender-only-horizontal-run01,lavender,4,0,0.0,1.0,S17,0.003589034080505371
lavender-only-horizontal-run01,lavender,4,0,0.0,1.0,S18,0.0016663968563079834
lavender-only-horizontal-run01,lavender,4,0,0.0,1.0,S19,0.02720499038696289
lavender-only-horizontal-run01,lavender,4,0,0.0,1.0,S20,0.0021250247955322266
lavender-only-horizontal-run01,lavender,4,0,0.0,1.0,S21,0.0008148252964019775
lavender-only-horizontal-run01,lavender,4,0,0.0,1.0,S22,0.0008272528648376465
lavender-only-horizontal-run01,lavender,4,0,0.0,1.0,S23,0.05777084827423096
lavender-only-horizontal-run01,lavender,4,0,0.0,1.0,S24,0.0019151568412780762
lavender-only-horizontal-run01,lavender,4,0,0.0,1.0,S25,0.0013031959533691406
lavender-only-horizontal-run01,lavender,4,0,0.0,1.0,S26,0.006253957748413086
lavender-only-horizontal-run01,lavender,4,0,0.0,1.0,S27,0.04965442419052124
lavender-only-horizontal-run01,lavender,4,0,0.0,1.0,S28,0.0037720203399658203
lavender-only-horizontal-run01,lavender,4,0,0.0,1.0,S29,0.0044425129890441895
lavender-only-horizontal-run01,lavender,4,0,0.0,1.0,S30,0.0003374814987182617
lavender-only-horizontal-run01,lavender,4,0,0.0,1.0,S31,0.03350687026977539
lavender-only-horizontal-run01,lavender,4,0,0.0,1.0,S32,0.0011529028415679932
lavender-only-horizontal-run01,lavender,4,1,1.0,2.0,S1,-0.004030704498291016
lavender-only-horizontal-run01,lavender,4,1,1.0,2.0,S2,-0.0040891170501708984
lavender-only-horizontal-run01,lavender,4,1,1.0,2.0,S3,-0.05134081840515137
lavender-only-horizontal-run01,lavender,4,1,1.0,2.0,S4,-0.003623485565185547
lavender-only-horizontal-run01,lavender,4,1,1.0,2.0,S5,-0.0010603666305541992
lavender-only-horizontal-run01,lavender,4,1,1.0,2.0,S6,-3.045797348022461e-05
lavender-only-horizontal-run01,lavender,4,1,1.0,2.0,S7,-0.06429052352905273
lavender-only-horizontal-run01,lavender,4,1,1.0,2.0,S8,-0.0010629892349243164
lavender-only-horizontal-run01,lavender,4,1,1.0,2.0,S9,-0.0008238554000854492
lavender-only-horizontal-run01,lavender,4,1,1.0,2.0,S10,-0.0001404285430908203
lavender-only-horizontal-run01,lavender,4,1,1.0,2.0,S11,-0.05705463886260986
lavender-only-horizontal-run01,lavender,4,1,1.0,2.0,S12,-0.000663459300994873
lavender-only-horizontal-run01,lavender,4,1,1.0,2.0,S13,-0.0005983114242553711
lavender-only-horizontal-run01,lavender,4,1,1.0,2.0,S14,-0.00043255090713500977
lavender-only-horizontal-run01,lavender,4,1,1.0,2.0,S15,-0.050370216369628906
lavender-only-horizontal-run01,lavender,4,1,1.0,2.0,S16,-0.0002098679542541504
lavender-only-horizontal-run01,lavender,4,1,1.0,2.0,S17,-0.0018287897109985352
lavender-only-horizontal-run01,lavender,4,1,1.0,2.0,S18,-0.0007386207580566406
lavender-only-horizontal-run01,lavender,4,1,1.0,2.0,S19,-0.04087686538696289
lavender-only-horizontal-run01,lavender,4,1,1.0,2.0,S20,-0.00047910213470458984
lavender-only-horizontal-run01,lavender,4,1,1.0,2.0,S21,-0.00010210275650024414
lavender-only-horizontal-run01,lavender,4,1,1.0,2.0,S22,0.00023001432418823242
lavender-only-horizontal-run01,lavender,4,1,1.0,2.0,S23,-0.05586874485015869
lavender-only-horizontal-run01,lavender,4,1,1.0,2.0,S24,0.0017468929290771484
lavender-only-horizontal-run01,lavender,4,1,1.0,2.0,S25,0.0007467269897460938
lavender-only-horizontal-run01,lavender,4,1,1.0,2.0,S26,0.0029522180557250977
lavender-only-horizontal-run01,lavender,4,1,1.0,2.0,S27,-0.06166946887969971
lavender-only-horizontal-run01,lavender,4,1,1.0,2.0,S28,0.0002703666687011719
lavender-only-horizontal-run01,lavender,4,1,1.0,2.0,S29,0.00156402587890625
lavender-only-horizontal-run01,lavender,4,1,1.0,2.0,S30,0.00012034177780151367
lavender-only-horizontal-run01,lavender,4,1,1.0,2.0,S31,-0.05796706676483154
lavender-only-horizontal-run01,lavender,4,1,1.0,2.0,S32,0.0009256601333618164
lavender-only-horizontal-run01,lavender,4,2,2.0,3.0,S1,0.012780189514160156
lavender-only-horizontal-run01,lavender,4,2,2.0,3.0,S2,0.012492895126342773
lavender-only-horizontal-run01,lavender,4,2,2.0,3.0,S3,0.027462482452392578
lavender-only-horizontal-run01,lavender,4,2,2.0,3.0,S4,0.007802367210388184
lavender-only-horizontal-run01,lavender,4,2,2.0,3.0,S5,0.00142669677734375
lavender-only-horizontal-run01,lavender,4,2,2.0,3.0,S6,1.2695789337158203e-05
lavender-only-horizontal-run01,lavender,4,2,2.0,3.0,S7,0.07075321674346924
lavender-only-horizontal-run01,lavender,4,2,2.0,3.0,S8,0.0013511180877685547
lavender-only-horizontal-run01,lavender,4,2,2.0,3.0,S9,0.0024291276931762695
lavender-only-horizontal-run01,lavender,4,2,2.0,3.0,S10,0.00019752979278564453
lavender-only-horizontal-run01,lavender,4,2,2.0,3.0,S11,0.0822685956954956
lavender-only-horizontal-run01,lavender,4,2,2.0,3.0,S12,0.0012887120246887207
lavender-only-horizontal-run01,lavender,4,2,2.0,3.0,S13,0.0012475252151489258
lavender-only-horizontal-run01,lavender,4,2,2.0,3.0,S14,0.0010383129119873047
lavender-only-horizontal-run01,lavender,4,2,2.0,3.0,S15,0.06598770618438721
lavender-only-horizontal-run01,lavender,4,2,2.0,3.0,S16,0.00035643577575683594
lavender-only-horizontal-run01,lavender,4,2,2.0,3.0,S17,0.003457188606262207
lavender-only-horizontal-run01,lavender,4,2,2.0,3.0,S18,0.0015447139739990234
lavender-only-horizontal-run01,lavender,4,2,2.0,3.0,S19,0.04832017421722412
lavender-only-horizontal-run01,lavender,4,2,2.0,3.0,S20,0.0020035505294799805
lavender-only-horizontal-run01,lavender,4,2,2.0,3.0,S21,0.0007370710372924805
lavender-only-horizontal-run01,lavender,4,2,2.0,3.0,S22,0.0007399320602416992
lavender-only-horizontal-run01,lavender,4,2,2.0,3.0,S23,0.0797051191329956
lavender-only-horizontal-run01,lavender,4,2,2.0,3.0,S24,0.0015691518783569336
lavender-only-horizontal-run01,lavender,4,2,2.0,3.0,S25,0.0011523962020874023
lavender-only-horizontal-run01,lavender,4,2,2.0,3.0,S26,0.005396008491516113
lavender-only-horizontal-run01,lavender,4,2,2.0,3.0,S27,0.06575620174407959
lavender-only-horizontal-run01,lavender,4,2,2.0,3.0,S28,0.003147125244140625
lavender-only-horizontal-run01,lavender,4,2,2.0,3.0,S29,0.0037459135055541992
lavender-only-horizontal-run01,lavender,4,2,2.0,3.0,S30,0.00025147199630737305
lavender-only-horizontal-run01,lavender,4,2,2.0,3.0,S31,0.05007362365722656
lavender-only-horizontal-run01,lavender,4,2,2.0,3.0,S32,0.0008966326713562012
lavender-only-horizontal-run01,lavender,4,4,4.0,5.0,S1,0.020450353622436523
lavender-only-horizontal-run01,lavender,4,4,4.0,5.0,S2,0.018729567527770996
lavender-only-horizontal-run01,lavender,4,4,4.0,5.0,S3,-0.04953587055206299
lavender-only-horizontal-run01,lavender,4,4,4.0,5.0,S4,0.009658217430114746
lavender-only-horizontal-run01,lavender,4,4,4.0,5.0,S5,0.001013338565826416
lavender-only-horizontal-run01,lavender,4,4,4.0,5.0,S6,3.516674041748047e-06
lavender-only-horizontal-run01,lavender,4,4,4.0,5.0,S7,-0.07930636405944824
lavender-only-horizontal-run01,lavender,4,4,4.0,5.0,S8,0.0010784268379211426
lavender-only-horizontal-run01,lavender,4,4,4.0,5.0,S9,0.0031405091285705566
lavender-only-horizontal-run01,lavender,4,4,4.0,5.0,S10,0.00010120868682861328
lavender-only-horizontal-run01,lavender,4,4,4.0,5.0,S11,-0.09211862087249756
lavender-only-horizontal-run01,lavender,4,4,4.0,5.0,S12,0.0014812052249908447
lavender-only-horizontal-run01,lavender,4,4,4.0,5.0,S13,0.00130385160446167
lavender-only-horizontal-run01,lavender,4,4,4.0,5.0,S14,0.0012058913707733154
lavender-only-horizontal-run01,lavender,4,4,4.0,5.0,S15,-0.08136153221130371
lavender-only-horizontal-run01,lavender,4,4,4.0,5.0,S16,0.00039398670196533203
lavender-only-horizontal-run01,lavender,4,4,4.0,5.0,S17,0.003597736358642578
lavender-only-horizontal-run01,lavender,4,4,4.0,5.0,S18,0.001493215560913086
lavender-only-horizontal-run01,lavender,4,4,4.0,5.0,S19,-0.06322741508483887
lavender-only-horizontal-run01,lavender,4,4,4.0,5.0,S20,0.002145111560821533
lavender-only-horizontal-run01,lavender,4,4,4.0,5.0,S21,0.0006979107856750488
lavender-only-horizontal-run01,lavender,4,4,4.0,5.0,S22,0.0007866919040679932
lavender-only-horizontal-run01,lavender,4,4,4.0,5.0,S23,-0.06501573324203491
lavender-only-horizontal-run01,lavender,4,4,4.0,5.0,S24,0.001963496208190918
lavender-only-horizontal-run01,lavender,4,4,4.0,5.0,S25,0.0013956427574157715
lavender-only-horizontal-run01,lavender,4,4,4.0,5.0,S26,0.006326258182525635
lavender-only-horizontal-run01,lavender,4,4,4.0,5.0,S27,-0.061451733112335205
lavender-only-horizontal-run01,lavender,4,4,4.0,5.0,S28,0.002628505229949951
lavender-only-horizontal-run01,lavender,4,4,4.0,5.0,S29,0.003331124782562256
lavender-only-horizontal-run01,lavender,4,4,4.0,5.0,S30,0.00024446845054626465
lavender-only-horizontal-run01,lavender,4,4,4.0,5.0,S31,-0.05210292339324951
lavender-only-horizontal-run01,lavender,4,4,4.0,5.0,S32,0.0008407831192016602
lavender-only-horizontal-run01,lavender,5,0,0.0,1.0,S1,0.003638744354248047
lavender-only-horizontal-run01,lavender,5,0,0.0,1.0,S2,0.0029006004333496094
lavender-only-horizontal-run01,lavender,5,0,0.0,1.0,S3,0.001594245433807373
lavender-only-horizontal-run01,lavender,5,0,0.0,1.0,S4,0.0011309981346130371
lavender-only-horizontal-run01,lavender,5,0,0.0,1.0,S5,6.687641143798828e-05
lavender-only-horizontal-run01,lavender,5,0,0.0,1.0,S6,1.564621925354004e-06
lavender-only-horizontal-run01,lavender,5,0,0.0,1.0,S7,2.536177635192871e-05
lavender-only-horizontal-run01,lavender,5,0,0.0,1.0,S8,0.00012969970703125
lavender-only-horizontal-run01,lavender,5,0,0.0,1.0,S9,0.0004773736000061035
lavender-only-horizontal-run01,lavender,5,0,0.0,1.0,S10,1.913309097290039e-05
lavender-only-horizontal-run01,lavender,5,0,0.0,1.0,S11,0.0003648698329925537
lavender-only-horizontal-run01,lavender,5,0,0.0,1.0,S12,0.00015747547149658203
lavender-only-horizontal-run01,lavender,5,0,0.0,1.0,S13,0.00014579296112060547
lavender-only-horizontal-run01,lavender,5,0,0.0,1.0,S14,0.0001251697540283203
lavender-only-horizontal-run01,lavender,5,0,0.0,1.0,S15,0.0001347064971923828
lavender-only-horizontal-run01,lavender,5,0,0.0,1.0,S16,3.230571746826172e-05
lavender-only-horizontal-run01,lavender,5,0,0.0,1.0,S17,0.0002480745315551758
lavender-only-horizontal-run01,lavender,5,0,0.0,1.0,S18,0.00013712048530578613
lavender-only-horizontal-run01,lavender,5,0,0.0,1.0,S19,0.0009242892265319824
lavender-only-horizontal-run01,lavender,5,0,0.0,1.0,S20,0.0002879500389099121
lavender-only-horizontal-run01,lavender,5,0,0.0,1.0,S21,0.00010374188423156738
lavender-only-horizontal-run01,lavender,5,0,0.0,1.0,S22,0.00016617774963378906
lavender-only-horizontal-run01,lavender,5,0,0.0,1.0,S23,4.13060188293457e-05
lavender-only-horizontal-run01,lavender,5,0,0.0,1.0,S24,0.0005491971969604492
lavender-only-horizontal-run01,lavender,5,0,0.0,1.0,S25,0.00031745433807373047
lavender-only-horizontal-run01,lavender,5,0,0.0,1.0,S26,0.0016756653785705566
lavender-only-horizontal-run01,lavender,5,0,0.0,1.0,S27,0.0006548166275024414
lavender-only-horizontal-run01,lavender,5,0,0.0,1.0,S28,0.000634312629699707
lavender-only-horizontal-run01,lavender,5,0,0.0,1.0,S29,0.0008705854415893555
lavender-only-horizontal-run01,lavender,5,0,0.0,1.0,S30,8.222460746765137e-05
lavender-only-horizontal-run01,lavender,5,0,0.0,1.0,S31,0.0006795525550842285
lavender-only-horizontal-run01,lavender,5,0,0.0,1.0,S32,0.00034224987030029297
lavender-only-horizontal-run01,lavender,5,4,4.0,5.0,S1,-0.0042324066162109375
lavender-only-horizontal-run01,lavender,5,4,4.0,5.0,S2,-0.0029603242874145508
lavender-only-horizontal-run01,lavender,5,4,4.0,5.0,S3,-0.001865386962890625
lavender-only-horizontal-run01,lavender,5,4,4.0,5.0,S4,-0.0004947781562805176
lavender-only-horizontal-run01,lavender,5,4,4.0,5.0,S5,0.00033664703369140625
lavender-only-horizontal-run01,lavender,5,4,4.0,5.0,S6,8.001923561096191e-06
lavender-only-horizontal-run01,lavender,5,4,4.0,5.0,S7,-3.793835639953613e-05
lavender-only-horizontal-run01,lavender,5,4,4.0,5.0,S8,0.0003914833068847656
lavender-only-horizontal-run01,lavender,5,4,4.0,5.0,S9,-0.0004954338073730469
lavender-only-horizontal-run01,lavender,5,4,4.0,5.0,S10,5.328655242919922e-05
lavender-only-horizontal-run01,lavender,5,4,4.0,5.0,S11,-0.00012224912643432617
lavender-only-horizontal-run01,lavender,5,4,4.0,5.0,S12,-2.518296241760254e-05
lavender-only-horizontal-run01,lavender,5,4,4.0,5.0,S13,-1.710653305053711e-05
lavender-only-horizontal-run01,lavender,5,4,4.0,5.0,S14,-6.210803985595703e-05
lavender-only-horizontal-run01,lavender,5,4,4.0,5.0,S15,-0.00011557340621948242
lavender-only-horizontal-run01,lavender,5,4,4.0,5.0,S16,5.930662155151367e-06
lavender-only-horizontal-run01,lavender,5,4,4.0,5.0,S17,0.000717461109161377
lavender-only-horizontal-run01,lavender,5,4,4.0,5.0,S18,0.00019150972366333008
lavender-only-horizontal-run01,lavender,5,4,4.0,5.0,S19,-0.00022554397583007812
lavender-only-horizontal-run01,lavender,5,4,4.0,5.0,S20,-7.969141006469727e-05
lavender-only-horizontal-run01,lavender,5,4,4.0,5.0,S21,4.547834396362305e-05
lavender-only-horizontal-run01,lavender,5,4,4.0,5.0,S22,-0.00010383129119873047
lavender-only-horizontal-run01,lavender,5,4,4.0,5.0,S23,-4.8726797103881836e-05
lavender-only-horizontal-run01,lavender,5,4,4.0,5.0,S24,-0.0006113648414611816
lavender-only-horizontal-run01,lavender,5,4,4.0,5.0,S25,-5.7220458984375e-06
lavender-only-horizontal-run01,lavender,5,4,4.0,5.0,S26,-0.0004590749740600586
lavender-only-horizontal-run01,lavender,5,4,4.0,5.0,S27,-0.00022667646408081055
lavender-only-horizontal-run01,lavender,5,4,4.0,5.0,S28,0.0008141994476318359
lavender-only-horizontal-run01,lavender,5,4,4.0,5.0,S29,0.00028324127197265625
lavender-only-horizontal-run01,lavender,5,4,4.0,5.0,S30,5.2303075790405273e-05
lavender-only-horizontal-run01,lavender,5,4,4.0,5.0,S31,-0.00023829936981201172
lavender-only-horizontal-run01,lavender,5,4,4.0,5.0,S32,-4.857778549194336e-06
lavender-only-horizontal-run01,lavender,5,7,7.0,8.0,S1,0.019530773162841797
lavender-only-horizontal-run01,lavender,5,7,7.0,8.0,S2,0.01812267303466797
lavender-only-horizontal-run01,lavender,5,7,7.0,8.0,S3,0.00796663761138916
lavender-only-horizontal-run01,lavender,5,7,7.0,8.0,S4,0.009334087371826172
lavender-only-horizontal-run01,lavender,5,7,7.0,8.0,S5,0.0018424391746520996
lavender-only-horizontal-run01,lavender,5,7,7.0,8.0,S6,4.960596561431885e-05
lavender-only-horizontal-run01,lavender,5,7,7.0,8.0,S7,0.0002326369285583496
lavender-only-horizontal-run01,lavender,5,7,7.0,8.0,S8,0.0017290711402893066
lavender-only-horizontal-run01,lavender,5,7,7.0,8.0,S9,0.002278625965118408
lavender-only-horizontal-run01,lavender,5,7,7.0,8.0,S10,0.00018459558486938477
lavender-only-horizontal-run01,lavender,5,7,7.0,8.0,S11,0.00369340181350708
lavender-only-horizontal-run01,lavender,5,7,7.0,8.0,S12,0.0012969970703125
lavender-only-horizontal-run01,lavender,5,7,7.0,8.0,S13,0.0011838674545288086
lavender-only-horizontal-run01,lavender,5,7,7.0,8.0,S14,0.000982731580734253
lavender-only-horizontal-run01,lavender,5,7,7.0,8.0,S15,0.0007481575012207031
lavender-only-horizontal-run01,lavender,5,7,7.0,8.0,S16,0.0003674626350402832
lavender-only-horizontal-run01,lavender,5,7,7.0,8.0,S17,0.00484919548034668
lavender-only-horizontal-run01,lavender,5,7,7.0,8.0,S18,0.0017965435981750488
lavender-only-horizontal-run01,lavender,5,7,7.0,8.0,S19,0.006117463111877441
lavender-only-horizontal-run01,lavender,5,7,7.0,8.0,S20,0.0019144415855407715
lavender-only-horizontal-run01,lavender,5,7,7.0,8.0,S21,0.000750124454498291
lavender-only-horizontal-run01,lavender,5,7,7.0,8.0,S22,0.0005657672882080078
lavender-only-horizontal-run01,lavender,5,7,7.0,8.0,S23,0.00016361474990844727
lavender-only-horizontal-run01,lavender,5,7,7.0,8.0,S24,0.0008131861686706543
lavender-only-horizontal-run01,lavender,5,7,7.0,8.0,S25,0.0013905167579650879
lavender-only-horizontal-run01,lavender,5,7,7.0,8.0,S26,0.005175173282623291
lavender-only-horizontal-run01,lavender,5,7,7.0,8.0,S27,0.002064526081085205
lavender-only-horizontal-run01,lavender,5,7,7.0,8.0,S28,0.0037456750869750977
lavender-only-horizontal-run01,lavender,5,7,7.0,8.0,S29,0.003913283348083496
lavender-only-horizontal-run01,lavender,5,7,7.0,8.0,S30,0.00032216310501098633
lavender-only-horizontal-run01,lavender,5,7,7.0,8.0,S31,0.0013739466667175293
lavender-only-horizontal-run01,lavender,5,7,7.0,8.0,S32,0.00066336989402771
lavender-only-horizontal-run01,lavender,5,9,9.0,10.0,S1,0.008846521377563477
lavender-only-horizontal-run01,lavender,5,9,9.0,10.0,S2,0.008165121078491211
lavender-only-horizontal-run01,lavender,5,9,9.0,10.0,S3,0.0034557580947875977
lavender-only-horizontal-run01,lavender,5,9,9.0,10.0,S4,0.0054569244384765625
lavender-only-horizontal-run01,lavender,5,9,9.0,10.0,S5,0.0014344453811645508
lavender-only-horizontal-run01,lavender,5,9,9.0,10.0,S6,2.5391578674316406e-05
lavender-only-horizontal-run01,lavender,5,9,9.0,10.0,S7,0.0001418590545654297
lavender-only-horizontal-run01,lavender,5,9,9.0,10.0,S8,0.0013523101806640625
lavender-only-horizontal-run01,lavender,5,9,9.0,10.0,S9,0.0009524822235107422
lavender-only-horizontal-run01,lavender,5,9,9.0,10.0,S10,0.0001385211944580078
lavender-only-horizontal-run01,lavender,5,9,9.0,10.0,S11,0.0023928284645080566
lavender-only-horizontal-run01,lavender,5,9,9.0,10.0,S12,0.0008319616317749023
lavender-only-horizontal-run01,lavender,5,9,9.0,10.0,S13,0.0007283687591552734
lavender-only-horizontal-run01,lavender,5,9,9.0,10.0,S14,0.0005598664283752441
lavender-only-horizontal-run01,lavender,5,9,9.0,10.0,S15,0.0004420280456542969
lavender-only-horizontal-run01,lavender,5,9,9.0,10.0,S16,0.00024402141571044922
lavender-only-horizontal-run01,lavender,5,9,9.0,10.0,S17,0.0036742687225341797
lavender-only-horizontal-run01,lavender,5,9,9.0,10.0,S18,0.0012638568878173828
lavender-only-horizontal-run01,lavender,5,9,9.0,10.0,S19,0.0035437345504760742
lavender-only-horizontal-run01,lavender,5,9,9.0,10.0,S20,0.0011307001113891602
lavender-only-horizontal-run01,lavender,5,9,9.0,10.0,S21,0.0004628896713256836
lavender-only-horizontal-run01,lavender,5,9,9.0,10.0,S22,0.00023937225341796875
lavender-only-horizontal-run01,lavender,5,9,9.0,10.0,S23,5.745887756347656e-05
lavender-only-horizontal-run01,lavender,5,9,9.0,10.0,S24,-4.0531158447265625e-06
lavender-only-horizontal-run01,lavender,5,9,9.0,10.0,S25,0.0009082555770874023
lavender-only-horizontal-run01,lavender,5,9,9.0,10.0,S26,0.002648472785949707
lavender-only-horizontal-run01,lavender,5,9,9.0,10.0,S27,0.0010318756103515625
lavender-only-horizontal-run01,lavender,5,9,9.0,10.0,S28,0.0028069019317626953
lavender-only-horizontal-run01,lavender,5,9,9.0,10.0,S29,0.0026683807373046875
lavender-only-horizontal-run01,lavender,5,9,9.0,10.0,S30,0.00022554397583007812
lavender-only-horizontal-run01,lavender,5,9,9.0,10.0,S31,0.0007385015487670898
lavender-only-horizontal-run01,lavender,5,9,9.0,10.0,S32,0.00037479400634765625
lavender-only-horizontal-run01,lavender,6,0,0.0,1.0,S1,0.0036574602127075195
lavender-only-horizontal-run01,lavender,6,0,0.0,1.0,S2,0.003172636032104492
lavender-only-horizontal-run01,lavender,6,0,0.0,1.0,S3,0.0019037723541259766
lavender-only-horizontal-run01,lavender,6,0,0.0,1.0,S4,0.0014199614524841309
lavender-only-horizontal-run01,lavender,6,0,0.0,1.0,S5,9.781122207641602e-05
lavender-only-horizontal-run01,lavender,6,0,0.0,1.0,S6,2.110004425048828e-05
lavender-only-horizontal-run01,lavender,6,0,0.0,1.0,S7,3.126263618469238e-05
lavender-only-horizontal-run01,lavender,6,0,0.0,1.0,S8,0.00011402368545532227
lavender-only-horizontal-run01,lavender,6,0,0.0,1.0,S9,0.0005232691764831543
lavender-only-horizontal-run01,lavender,6,0,0.0,1.0,S10,-1.0609626770019531e-05
lavender-only-horizontal-run01,lavender,6,0,0.0,1.0,S11,0.0004905164241790771
lavender-only-horizontal-run01,lavender,6,0,0.0,1.0,S12,0.0001768171787261963
lavender-only-horizontal-run01,lavender,6,0,0.0,1.0,S13,0.0001710653305053711
lavender-only-horizontal-run01,lavender,6,0,0.0,1.0,S14,0.00016304850578308105
lavender-only-horizontal-run01,lavender,6,0,0.0,1.0,S15,0.00014084577560424805
lavender-only-horizontal-run01,lavender,6,0,0.0,1.0,S16,3.692507743835449e-05
lavender-only-horizontal-run01,lavender,6,0,0.0,1.0,S17,0.00026804208755493164
lavender-only-horizontal-run01,lavender,6,0,0.0,1.0,S18,9.316205978393555e-05
lavender-only-horizontal-run01,lavender,6,0,0.0,1.0,S19,0.0007323622703552246
lavender-only-horizontal-run01,lavender,6,0,0.0,1.0,S20,0.00022608041763305664
lavender-only-horizontal-run01,lavender,6,0,0.0,1.0,S21,6.410479545593262e-05
lavender-only-horizontal-run01,lavender,6,0,0.0,1.0,S22,9.456276893615723e-05
lavender-only-horizontal-run01,lavender,6,0,0.0,1.0,S23,9.894371032714844e-06
lavender-only-horizontal-run01,lavender,6,0,0.0,1.0,S24,0.00028955936431884766
lavender-only-horizontal-run01,lavender,6,0,0.0,1.0,S25,1.4066696166992188e-05
lavender-only-horizontal-run01,lavender,6,0,0.0,1.0,S26,0.0007627010345458984
lavender-only-horizontal-run01,lavender,6,0,0.0,1.0,S27,0.00026148557662963867
lavender-only-horizontal-run01,lavender,6,0,0.0,1.0,S28,0.0001308917999267578
lavender-only-horizontal-run01,lavender,6,0,0.0,1.0,S29,0.00021207332611083984
lavender-only-horizontal-run01,lavender,6,0,0.0,1.0,S30,3.382563591003418e-05
lavender-only-horizontal-run01,lavender,6,0,0.0,1.0,S31,0.00025957822799682617
lavender-only-horizontal-run01,lavender,6,0,0.0,1.0,S32,9.611248970031738e-05
lavender-only-horizontal-run01,lavender,6,1,1.0,2.0,S1,0.0128021240234375
lavender-only-horizontal-run01,lavender,6,1,1.0,2.0,S2,0.011077404022216797
lavender-only-horizontal-run01,lavender,6,1,1.0,2.0,S3,0.006395101547241211
lavender-only-horizontal-run01,lavender,6,1,1.0,2.0,S4,0.004431009292602539
lavender-only-horizontal-run01,lavender,6,1,1.0,2.0,S5,0.00021588802337646484
lavender-only-horizontal-run01,lavender,6,1,1.0,2.0,S6,-4.082918167114258e-06
lavender-only-horizontal-run01,lavender,6,1,1.0,2.0,S7,0.00010442733764648438
lavender-only-horizontal-run01,lavender,6,1,1.0,2.0,S8,0.00027680397033691406
lavender-only-horizontal-run01,lavender,6,1,1.0,2.0,S9,0.002055644989013672
lavender-only-horizontal-run01,lavender,6,1,1.0,2.0,S10,-2.7894973754882812e-05
lavender-only-horizontal-run01,lavender,6,1,1.0,2.0,S11,0.0017356276512145996
lavender-only-horizontal-run01,lavender,6,1,1.0,2.0,S12,0.0006837248802185059
lavender-only-horizontal-run01,lavender,6,1,1.0,2.0,S13,0.000664830207824707
lavender-only-horizontal-run01,lavender,6,1,1.0,2.0,S14,0.0006059408187866211
lavender-only-horizontal-run01,lavender,6,1,1.0,2.0,S15,0.0005913972854614258
lavender-only-horizontal-run01,lavender,6,1,1.0,2.0,S16,0.00016933679580688477
lavender-only-horizontal-run01,lavender,6,1,1.0,2.0,S17,0.0012583732604980469
lavender-only-horizontal-run01,lavender,6,1,1.0,2.0,S18,0.0006521940231323242
lavender-only-horizontal-run01,lavender,6,1,1.0,2.0,S19,0.004109859466552734
lavender-only-horizontal-run01,lavender,6,1,1.0,2.0,S20,0.001345992088317871
lavender-only-horizontal-run01,lavender,6,1,1.0,2.0,S21,0.0004252791404724121
lavender-only-horizontal-run01,lavender,6,1,1.0,2.0,S22,0.0007439851760864258
lavender-only-horizontal-run01,lavender,6,1,1.0,2.0,S23,0.00022357702255249023
lavender-only-horizontal-run01,lavender,6,1,1.0,2.0,S24,0.0024586915969848633
lavender-only-horizontal-run01,lavender,6,1,1.0,2.0,S25,0.0010263919830322266
lavender-only-horizontal-run01,lavender,6,1,1.0,2.0,S26,0.006085753440856934
lavender-only-horizontal-run01,lavender,6,1,1.0,2.0,S27,0.002477884292602539
lavender-only-horizontal-run01,lavender,6,1,1.0,2.0,S28,0.0018680095672607422
lavender-only-horizontal-run01,lavender,6,1,1.0,2.0,S29,0.0025663375854492188
lavender-only-horizontal-run01,lavender,6,1,1.0,2.0,S30,0.00022715330123901367
lavender-only-horizontal-run01,lavender,6,1,1.0,2.0,S31,0.002247333526611328
lavender-only-horizontal-run01,lavender,6,1,1.0,2.0,S32,0.0010335445404052734
lavender-only-horizontal-run01,lavender,6,2,2.0,3.0,S1,0.03477811813354492
lavender-only-horizontal-run01,lavender,6,2,2.0,3.0,S2,0.029646873474121094
lavender-only-horizontal-run01,lavender,6,2,2.0,3.0,S3,0.01644432544708252
lavender-only-horizontal-run01,lavender,6,2,2.0,3.0,S4,0.01210641860961914
lavender-only-horizontal-run01,lavender,6,2,2.0,3.0,S5,0.0008598566055297852
lavender-only-horizontal-run01,lavender,6,2,2.0,3.0,S6,2.1696090698242188e-05
lavender-only-horizontal-run01,lavender,6,2,2.0,3.0,S7,0.00028634071350097656
lavender-only-horizontal-run01,lavender,6,2,2.0,3.0,S8,0.0011006593704223633
lavender-only-horizontal-run01,lavender,6,2,2.0,3.0,S9,0.0050553083419799805
lavender-only-horizontal-run01,lavender,6,2,2.0,3.0,S10,5.8650970458984375e-05
lavender-only-horizontal-run01,lavender,6,2,2.0,3.0,S11,0.004378259181976318
lavender-only-horizontal-run01,lavender,6,2,2.0,3.0,S12,0.001675248146057129
lavender-only-horizontal-run01,lavender,6,2,2.0,3.0,S13,0.0015963315963745117
lavender-only-horizontal-run01,lavender,6,2,2.0,3.0,S14,0.0015143752098083496
lavender-only-horizontal-run01,lavender,6,2,2.0,3.0,S15,0.0013532638549804688
lavender-only-horizontal-run01,lavender,6,2,2.0,3.0,S16,0.00044786930084228516
lavender-only-horizontal-run01,lavender,6,2,2.0,3.0,S17,0.00346529483795166
lavender-only-horizontal-run01,lavender,6,2,2.0,3.0,S18,0.0016289353370666504
lavender-only-horizontal-run01,lavender,6,2,2.0,3.0,S19,0.009697198867797852
lavender-only-horizontal-run01,lavender,6,2,2.0,3.0,S20,0.0031615495681762695
lavender-only-horizontal-run01,lavender,6,2,2.0,3.0,S21,0.0010262131690979004
lavender-only-horizontal-run01,lavender,6,2,2.0,3.0,S22,0.0015302300453186035
lavender-only-horizontal-run01,lavender,6,2,2.0,3.0,S23,0.0004215836524963379
lavender-only-horizontal-run01,lavender,6,2,2.0,3.0,S24,0.004727363586425781
lavender-only-horizontal-run01,lavender,6,2,2.0,3.0,S25,0.0021666288375854492
lavender-only-horizontal-run01,lavender,6,2,2.0,3.0,S26,0.012805938720703125
lavender-only-horizontal-run01,lavender,6,2,2.0,3.0,S27,0.005047917366027832
lavender-only-horizontal-run01,lavender,6,2,2.0,3.0,S28,0.004288911819458008
lavender-only-horizontal-run01,lavender,6,2,2.0,3.0,S29,0.005746603012084961
lavender-only-horizontal-run01,lavender,6,2,2.0,3.0,S30,0.0005002021789550781
lavender-only-horizontal-run01,lavender,6,2,2.0,3.0,S31,0.0040857791900634766
lavender-only-horizontal-run01,lavender,6,2,2.0,3.0,S32,0.0018531084060668945
lavender-only-horizontal-run01,lavender,6,3,3.0,4.0,S1,0.05348050594329834
lavender-only-horizontal-run01,lavender,6,3,3.0,4.0,S2,0.04671657085418701
lavender-only-horizontal-run01,lavender,6,3,3.0,4.0,S3,0.024252712726593018
lavender-only-horizontal-run01,lavender,6,3,3.0,4.0,S4,0.019003868103027344
lavender-only-horizontal-run01,lavender,6,3,3.0,4.0,S5,0.0015724897384643555
lavender-only-horizontal-run01,lavender,6,3,3.0,4.0,S6,-1.2814998626708984e-06
lavender-only-horizontal-run01,lavender,6,3,3.0,4.0,S7,0.0004534721374511719
lavender-only-horizontal-run01,lavender,6,3,3.0,4.0,S8,0.0016957521438598633
lavender-only-horizontal-run01,lavender,6,3,3.0,4.0,S9,0.0071634650230407715
lavender-only-horizontal-run01,lavender,6,3,3.0,4.0,S10,6.347894668579102e-05
lavender-only-horizontal-run01,lavender,6,3,3.0,4.0,S11,0.006896764039993286
lavender-only-horizontal-run01,lavender,6,3,3.0,4.0,S12,0.0025610923767089844
lavender-only-horizontal-run01,lavender,6,3,3.0,4.0,S13,0.0024150609970092773
lavender-only-horizontal-run01,lavender,6,3,3.0,4.0,S14,0.0022868216037750244
lavender-only-horizontal-run01,lavender,6,3,3.0,4.0,S15,0.001974642276763916
lavender-only-horizontal-run01,lavender,6,3,3.0,4.0,S16,0.0006794333457946777
lavender-only-horizontal-run01,lavender,6,3,3.0,4.0,S17,0.0057402849197387695
lavender-only-horizontal-run01,lavender,6,3,3.0,4.0,S18,0.002562493085861206
lavender-only-horizontal-run01,lavender,6,3,3.0,4.0,S19,0.01406782865524292
lavender-only-horizontal-run01,lavender,6,3,3.0,4.0,S20,0.004508674144744873
lavender-only-horizontal-run01,lavender,6,3,3.0,4.0,S21,0.0014252662658691406
lavender-only-horizontal-run01,lavender,6,3,3.0,4.0,S22,0.001958221197128296
lavender-only-horizontal-run01,lavender,6,3,3.0,4.0,S23,0.00048670172691345215
lavender-only-horizontal-run01,lavender,6,3,3.0,4.0,S24,0.005667507648468018
lavender-only-horizontal-run01,lavender,6,3,3.0,4.0,S25,0.002994239330291748
lavender-only-horizontal-run01,lavender,6,3,3.0,4.0,S26,0.016290605068206787
lavender-only-horizontal-run01,lavender,6,3,3.0,4.0,S27,0.006277918815612793
lavender-only-horizontal-run01,lavender,6,3,3.0,4.0,S28,0.005674779415130615
lavender-only-horizontal-run01,lavender,6,3,3.0,4.0,S29,0.007838606834411621
lavender-only-horizontal-run01,lavender,6,3,3.0,4.0,S30,0.0005918145179748535
lavender-only-horizontal-run01,lavender,6,3,3.0,4.0,S31,0.005029499530792236
lavender-only-horizontal-run01,lavender,6,3,3.0,4.0,S32,0.0021515190601348877
lavender-only-horizontal-run01,lavender,7,0,0.0,1.0,S1,0.00019621849060058594
lavender-only-horizontal-run01,lavender,7,0,0.0,1.0,S2,0.0001062154769897461
lavender-only-horizontal-run01,lavender,7,0,0.0,1.0,S3,2.9921531677246094e-05
lavender-only-horizontal-run01,lavender,7,0,0.0,1.0,S4,-0.00010460615158081055
lavender-only-horizontal-run01,lavender,7,0,0.0,1.0,S5,-5.519390106201172e-05
lavender-only-horizontal-run01,lavender,7,0,0.0,1.0,S6,1.11311674118042e-05
lavender-only-horizontal-run01,lavender,7,0,0.0,1.0,S7,-0.00014209747314453125
lavender-only-horizontal-run01,lavender,7,0,0.0,1.0,S8,-7.140636444091797e-05
lavender-only-horizontal-run01,lavender,7,0,0.0,1.0,S9,8.881092071533203e-06
lavender-only-horizontal-run01,lavender,7,0,0.0,1.0,S10,3.784894943237305e-05
lavender-only-horizontal-run01,lavender,7,0,0.0,1.0,S11,-3.1828880310058594e-05
lavender-only-horizontal-run01,lavender,7,0,0.0,1.0,S12,-3.1620264053344727e-05
lavender-only-horizontal-run01,lavender,7,0,0.0,1.0,S13,-3.325939178466797e-05
lavender-only-horizontal-run01,lavender,7,0,0.0,1.0,S14,-1.5735626220703125e-05
lavender-only-horizontal-run01,lavender,7,0,0.0,1.0,S15,-0.0011969804763793945
lavender-only-horizontal-run01,lavender,7,0,0.0,1.0,S16,-7.897615432739258e-06
lavender-only-horizontal-run01,lavender,7,0,0.0,1.0,S17,-9.47117805480957e-05
lavender-only-horizontal-run01,lavender,7,0,0.0,1.0,S18,-5.683302879333496e-05
lavender-only-horizontal-run01,lavender,7,0,0.0,1.0,S19,-3.0994415283203125e-06
lavender-only-horizontal-run01,lavender,7,0,0.0,1.0,S20,-2.0503997802734375e-05
lavender-only-horizontal-run01,lavender,7,0,0.0,1.0,S21,-9.328126907348633e-06
lavender-only-horizontal-run01,lavender,7,0,0.0,1.0,S22,1.0073184967041016e-05
lavender-only-horizontal-run01,lavender,7,0,0.0,1.0,S23,0.00033652782440185547
lavender-only-horizontal-run01,lavender,7,0,0.0,1.0,S24,0.00014442205429077148
lavender-only-horizontal-run01,lavender,7,0,0.0,1.0,S25,3.3795833587646484e-05
lavender-only-horizontal-run01,lavender,7,0,0.0,1.0,S26,0.00029212236404418945
lavender-only-horizontal-run01,lavender,7,0,0.0,1.0,S27,-0.00019478797912597656
lavender-only-horizontal-run01,lavender,7,0,0.0,1.0,S28,3.540515899658203e-05
lavender-only-horizontal-run01,lavender,7,0,0.0,1.0,S29,9.554624557495117e-05
lavender-only-horizontal-run01,lavender,7,0,0.0,1.0,S30,1.2785196304321289e-05
lavender-only-horizontal-run01,lavender,7,0,0.0,1.0,S31,0.00015473365783691406
lavender-only-horizontal-run01,lavender,7,0,0.0,1.0,S32,0.00011599063873291016
lavender-only-horizontal-run01,lavender,7,3,3.0,4.0,S1,0.0005022287368774414
lavender-only-horizontal-run01,lavender,7,3,3.0,4.0,S2,-0.0016514062881469727
lavender-only-horizontal-run01,lavender,7,3,3.0,4.0,S3,-0.0008099079132080078
lavender-only-horizontal-run01,lavender,7,3,3.0,4.0,S4,-0.004406392574310303
lavender-only-horizontal-run01,lavender,7,3,3.0,4.0,S5,-0.0015723705291748047
lavender-only-horizontal-run01,lavender,7,3,3.0,4.0,S6,-5.050003528594971e-05
lavender-only-horizontal-run01,lavender,7,3,3.0,4.0,S7,0.0007817745208740234
lavender-only-horizontal-run01,lavender,7,3,3.0,4.0,S8,-0.0014537572860717773
lavender-only-horizontal-run01,lavender,7,3,3.0,4.0,S9,-0.0004512667655944824
lavender-only-horizontal-run01,lavender,7,3,3.0,4.0,S10,-0.0001361370086669922
lavender-only-horizontal-run01,lavender,7,3,3.0,4.0,S11,0.0016121864318847656
lavender-only-horizontal-run01,lavender,7,3,3.0,4.0,S12,-0.0007976293563842773
lavender-only-horizontal-run01,lavender,7,3,3.0,4.0,S13,-0.0007355809211730957
lavender-only-horizontal-run01,lavender,7,3,3.0,4.0,S14,-0.0004871189594268799
lavender-only-horizontal-run01,lavender,7,3,3.0,4.0,S15,-0.0005735158920288086
lavender-only-horizontal-run01,lavender,7,3,3.0,4.0,S16,-0.0002517998218536377
lavender-only-horizontal-run01,lavender,7,3,3.0,4.0,S17,-0.0025207996368408203
lavender-only-horizontal-run01,lavender,7,3,3.0,4.0,S18,-0.0011670887470245361
lavender-only-horizontal-run01,lavender,7,3,3.0,4.0,S19,-0.000583648681640625
lavender-only-horizontal-run01,lavender,7,3,3.0,4.0,S20,-0.0007307529449462891
lavender-only-horizontal-run01,lavender,7,3,3.0,4.0,S21,-0.0003161430358886719
lavender-only-horizontal-run01,lavender,7,3,3.0,4.0,S22,4.982948303222656e-05
lavender-only-horizontal-run01,lavender,7,3,3.0,4.0,S23,-6.508827209472656e-05
lavender-only-horizontal-run01,lavender,7,3,3.0,4.0,S24,0.001553177833557129
lavender-only-horizontal-run01,lavender,7,3,3.0,4.0,S25,0.0001513361930847168
lavender-only-horizontal-run01,lavender,7,3,3.0,4.0,S26,0.0013249516487121582
lavender-only-horizontal-run01,lavender,7,3,3.0,4.0,S27,-0.0001614093780517578
lavender-only-horizontal-run01,lavender,7,3,3.0,4.0,S28,-0.0014774203300476074
lavender-only-horizontal-run01,lavender,7,3,3.0,4.0,S29,-0.0008533000946044922
lavender-only-horizontal-run01,lavender,7,3,3.0,4.0,S30,-5.7697296142578125e-05
lavender-only-horizontal-run01,lavender,7,3,3.0,4.0,S31,-0.0025070905685424805
lavender-only-horizontal-run01,lavender,7,3,3.0,4.0,S32,0.00037026405334472656
lavender-only-horizontal-run01,lavender,7,5,5.0,6.0,S1,0.024332761764526367
lavender-only-horizontal-run01,lavender,7,5,5.0,6.0,S2,0.02216482162475586
lavender-only-horizontal-run01,lavender,7,5,5.0,6.0,S3,-0.0002040863037109375
lavender-only-horizontal-run01,lavender,7,5,5.0,6.0,S4,0.010698795318603516
lavender-only-horizontal-run01,lavender,7,5,5.0,6.0,S5,0.0012252330780029297
lavender-only-horizontal-run01,lavender,7,5,5.0,6.0,S6,-2.0682811737060547e-05
lavender-only-horizontal-run01,lavender,7,5,5.0,6.0,S7,-0.00027060508728027344
lavender-only-horizontal-run01,lavender,7,5,5.0,6.0,S8,0.0009731054306030273
lavender-only-horizontal-run01,lavender,7,5,5.0,6.0,S9,0.0038329362869262695
lavender-only-horizontal-run01,lavender,7,5,5.0,6.0,S10,9.357929229736328e-05
lavender-only-horizontal-run01,lavender,7,5,5.0,6.0,S11,-0.00018644332885742188
lavender-only-horizontal-run01,lavender,7,5,5.0,6.0,S12,0.0015424489974975586
lavender-only-horizontal-run01,lavender,7,5,5.0,6.0,S13,0.0013599395751953125
lavender-only-horizontal-run01,lavender,7,5,5.0,6.0,S14,0.0012894272804260254
lavender-only-horizontal-run01,lavender,7,5,5.0,6.0,S15,-0.002816438674926758
lavender-only-horizontal-run01,lavender,7,5,5.0,6.0,S16,0.00042134523391723633
lavender-only-horizontal-run01,lavender,7,5,5.0,6.0,S17,0.0033887624740600586
lavender-only-horizontal-run01,lavender,7,5,5.0,6.0,S18,0.0013881921768188477
lavender-only-horizontal-run01,lavender,7,5,5.0,6.0,S19,-0.0029363632202148438
lavender-only-horizontal-run01,lavender,7,5,5.0,6.0,S20,0.0022259950637817383
lavender-only-horizontal-run01,lavender,7,5,5.0,6.0,S21,0.0006928443908691406
lavender-only-horizontal-run01,lavender,7,5,5.0,6.0,S22,0.0008637309074401855
lavender-only-horizontal-run01,lavender,7,5,5.0,6.0,S23,-0.0007750988006591797
lavender-only-horizontal-run01,lavender,7,5,5.0,6.0,S24,0.0023499727249145508
lavender-only-horizontal-run01,lavender,7,5,5.0,6.0,S25,0.0012311935424804688
lavender-only-horizontal-run01,lavender,7,5,5.0,6.0,S26,0.006615996360778809
lavender-only-horizontal-run01,lavender,7,5,5.0,6.0,S27,6.794929504394531e-05
lavender-only-horizontal-run01,lavender,7,5,5.0,6.0,S28,0.0021022558212280273
lavender-only-horizontal-run01,lavender,7,5,5.0,6.0,S29,0.0031201839447021484
lavender-only-horizontal-run01,lavender,7,5,5.0,6.0,S30,0.0002295970916748047
lavender-only-horizontal-run01,lavender,7,5,5.0,6.0,S31,0.00010418891906738281
lavender-only-horizontal-run01,lavender,7,5,5.0,6.0,S32,0.0007679462432861328
lavender-only-horizontal-run01,lavender,7,6,6.0,7.0,S1,0.03164529800415039
lavender-only-horizontal-run01,lavender,7,6,6.0,7.0,S2,0.02753281593322754
lavender-only-horizontal-run01,lavender,7,6,6.0,7.0,S3,0.0022225379943847656
lavender-only-horizontal-run01,lavender,7,6,6.0,7.0,S4,0.010554313659667969
lavender-only-horizontal-run01,lavender,7,6,6.0,7.0,S5,0.0008264780044555664
lavender-only-horizontal-run01,lavender,7,6,6.0,7.0,S6,1.7583370208740234e-06
lavender-only-horizontal-run01,lavender,7,6,6.0,7.0,S7,-0.0020761489868164062
lavender-only-horizontal-run01,lavender,7,6,6.0,7.0,S8,0.0009367465972900391
lavender-only-horizontal-run01,lavender,7,6,6.0,7.0,S9,0.004506587982177734
lavender-only-horizontal-run01,lavender,7,6,6.0,7.0,S10,8.475780487060547e-05
lavender-only-horizontal-run01,lavender,7,6,6.0,7.0,S11,-0.0006155967712402344
lavender-only-horizontal-run01,lavender,7,6,6.0,7.0,S12,0.001564323902130127
lavender-only-horizontal-run01,lavender,7,6,6.0,7.0,S13,0.0014175176620483398
lavender-only-horizontal-run01,lavender,7,6,6.0,7.0,S14,0.0014228224754333496
lavender-only-horizontal-run01,lavender,7,6,6.0,7.0,S15,-0.0003132820129394531
lavender-only-horizontal-run01,lavender,7,6,6.0,7.0,S16,0.00038421154022216797
lavender-only-horizontal-run01,lavender,7,6,6.0,7.0,S17,0.0031578540802001953
lavender-only-horizontal-run01,lavender,7,6,6.0,7.0,S18,0.0014980435371398926
lavender-only-horizontal-run01,lavender,7,6,6.0,7.0,S19,-0.0006644725799560547
lavender-only-horizontal-run01,lavender,7,6,6.0,7.0,S20,0.002777695655822754
lavender-only-horizontal-run01,lavender,7,6,6.0,7.0,S21,0.0009256601333618164
lavender-only-horizontal-run01,lavender,7,6,6.0,7.0,S22,0.0012979507446289062
lavender-only-horizontal-run01,lavender,7,6,6.0,7.0,S23,0.001920461654663086
lavender-only-horizontal-run01,lavender,7,6,6.0,7.0,S24,0.004224419593811035
lavender-only-horizontal-run01,lavender,7,6,6.0,7.0,S25,0.001919865608215332
lavender-only-horizontal-run01,lavender,7,6,6.0,7.0,S26,0.010349273681640625
lavender-only-horizontal-run01,lavender,7,6,6.0,7.0,S27,0.002534627914428711
lavender-only-horizontal-run01,lavender,7,6,6.0,7.0,S28,0.0034598112106323242
lavender-only-horizontal-run01,lavender,7,6,6.0,7.0,S29,0.004652142524719238
lavender-only-horizontal-run01,lavender,7,6,6.0,7.0,S30,0.00036031007766723633
lavender-only-horizontal-run01,lavender,7,6,6.0,7.0,S31,-0.0017247200012207031
lavender-only-horizontal-run01,lavender,7,6,6.0,7.0,S32,0.001543581485748291
lavender-only-horizontal-run01,lavender,7,9,9.0,10.0,S1,0.03746473789215088
lavender-only-horizontal-run01,lavender,7,9,9.0,10.0,S2,0.03319132328033447
lavender-only-horizontal-run01,lavender,7,9,9.0,10.0,S3,-0.0007026195526123047
lavender-only-horizontal-run01,lavender,7,9,9.0,10.0,S4,0.014753758907318115
lavender-only-horizontal-run01,lavender,7,9,9.0,10.0,S5,0.0015295147895812988
lavender-only-horizontal-run01,lavender,7,9,9.0,10.0,S6,-8.508563041687012e-06
lavender-only-horizontal-run01,lavender,7,9,9.0,10.0,S7,-0.0014824867248535156
lavender-only-horizontal-run01,lavender,7,9,9.0,10.0,S8,0.001516580581665039
lavender-only-horizontal-run01,lavender,7,9,9.0,10.0,S9,0.005471229553222656
lavender-only-horizontal-run01,lavender,7,9,9.0,10.0,S10,0.0001226663589477539
lavender-only-horizontal-run01,lavender,7,9,9.0,10.0,S11,-0.0013691186904907227
lavender-only-horizontal-run01,lavender,7,9,9.0,10.0,S12,0.0021033287048339844
lavender-only-horizontal-run01,lavender,7,9,9.0,10.0,S13,0.001862645149230957
lavender-only-horizontal-run01,lavender,7,9,9.0,10.0,S14,0.0018290579319000244
lavender-only-horizontal-run01,lavender,7,9,9.0,10.0,S15,-0.001118779182434082
lavender-only-horizontal-run01,lavender,7,9,9.0,10.0,S16,0.0005419254302978516
lavender-only-horizontal-run01,lavender,7,9,9.0,10.0,S17,0.004577994346618652
lavender-only-horizontal-run01,lavender,7,9,9.0,10.0,S18,0.0020316243171691895
lavender-only-horizontal-run01,lavender,7,9,9.0,10.0,S19,-0.0014374256134033203
lavender-only-horizontal-run01,lavender,7,9,9.0,10.0,S20,0.003318190574645996
lavender-only-horizontal-run01,lavender,7,9,9.0,10.0,S21,0.0010470747947692871
lavender-only-horizontal-run01,lavender,7,9,9.0,10.0,S22,0.0013229846954345703
lavender-only-horizontal-run01,lavender,7,9,9.0,10.0,S23,-0.0015790462493896484
lavender-only-horizontal-run01,lavender,7,9,9.0,10.0,S24,0.0037970542907714844
lavender-only-horizontal-run01,lavender,7,9,9.0,10.0,S25,0.0019899606704711914
lavender-only-horizontal-run01,lavender,7,9,9.0,10.0,S26,0.010522007942199707
lavender-only-horizontal-run01,lavender,7,9,9.0,10.0,S27,-0.0030373334884643555
lavender-only-horizontal-run01,lavender,7,9,9.0,10.0,S28,0.003796517848968506
lavender-only-horizontal-run01,lavender,7,9,9.0,10.0,S29,0.005142331123352051
lavender-only-horizontal-run01,lavender,7,9,9.0,10.0,S30,0.00041347742080688477
lavender-only-horizontal-run01,lavender,7,9,9.0,10.0,S31,-0.0010460615158081055
lavender-only-horizontal-run01,lavender,7,9,9.0,10.0,S32,0.0013752877712249756
lavender-only-horizontal-run01,lavender,8,0,0.0,1.0,S1,0.015545487403869629
lavender-only-horizontal-run01,lavender,8,0,0.0,1.0,S2,0.014210700988769531
lavender-only-horizontal-run01,lavender,8,0,0.0,1.0,S3,-0.00034224987030029297
lavender-only-horizontal-run01,lavender,8,0,0.0,1.0,S4,0.00706636905670166
lavender-only-horizontal-run01,lavender,8,0,0.0,1.0,S5,0.0010293126106262207
lavender-only-horizontal-run01,lavender,8,0,0.0,1.0,S6,3.3229589462280273e-06
lavender-only-horizontal-run01,lavender,8,0,0.0,1.0,S7,-0.0010482072830200195
lavender-only-horizontal-run01,lavender,8,0,0.0,1.0,S8,0.0009920001029968262
lavender-only-horizontal-run01,lavender,8,0,0.0,1.0,S9,0.0023574233055114746
lavender-only-horizontal-run01,lavender,8,0,0.0,1.0,S10,0.00010770559310913086
lavender-only-horizontal-run01,lavender,8,0,0.0,1.0,S11,-0.0001544952392578125
lavender-only-horizontal-run01,lavender,8,0,0.0,1.0,S12,0.0010701119899749756
lavender-only-horizontal-run01,lavender,8,0,0.0,1.0,S13,0.001051187515258789
lavender-only-horizontal-run01,lavender,8,0,0.0,1.0,S14,0.0008939504623413086
lavender-only-horizontal-run01,lavender,8,0,0.0,1.0,S15,-0.00013911724090576172
lavender-only-horizontal-run01,lavender,8,0,0.0,1.0,S16,0.0003013312816619873
lavender-only-horizontal-run01,lavender,8,0,0.0,1.0,S17,0.003062725067138672
lavender-only-horizontal-run01,lavender,8,0,0.0,1.0,S18,0.0012902617454528809
lavender-only-horizontal-run01,lavender,8,0,0.0,1.0,S19,-0.00013935565948486328
lavender-only-horizontal-run01,lavender,8,0,0.0,1.0,S20,0.0017960667610168457
lavender-only-horizontal-run01,lavender,8,0,0.0,1.0,S21,0.0006353557109832764
lavender-only-horizontal-run01,lavender,8,0,0.0,1.0,S22,0.0006765127182006836
lavender-only-horizontal-run01,lavender,8,0,0.0,1.0,S23,0.0011169910430908203
lavender-only-horizontal-run01,lavender,8,0,0.0,1.0,S24,0.0015917420387268066
lavender-only-horizontal-run01,lavender,8,0,0.0,1.0,S25,0.0011240839958190918
lavender-only-horizontal-run01,lavender,8,0,0.0,1.0,S26,0.005555391311645508
lavender-only-horizontal-run01,lavender,8,0,0.0,1.0,S27,0.00024390220642089844
lavender-only-horizontal-run01,lavender,8,0,0.0,1.0,S28,0.00282442569732666
lavender-only-horizontal-run01,lavender,8,0,0.0,1.0,S29,0.0035028457641601562
lavender-only-horizontal-run01,lavender,8,0,0.0,1.0,S30,0.0002859532833099365
lavender-only-horizontal-run01,lavender,8,0,0.0,1.0,S31,-0.000152587890625
lavender-only-horizontal-run01,lavender,8,0,0.0,1.0,S32,0.0008166134357452393
lavender-only-horizontal-run01,lavender,8,3,3.0,4.0,S1,0.05799984931945801
lavender-only-horizontal-run01,lavender,8,3,3.0,4.0,S2,0.05242347717285156
lavender-only-horizontal-run01,lavender,8,3,3.0,4.0,S3,0.00023746490478515625
lavender-only-horizontal-run01,lavender,8,3,3.0,4.0,S4,0.024435758590698242
lavender-only-horizontal-run01,lavender,8,3,3.0,4.0,S5,0.0034651756286621094
lavender-only-horizontal-run01,lavender,8,3,3.0,4.0,S6,-7.748603820800781e-07
lavender-only-horizontal-run01,lavender,8,3,3.0,4.0,S7,8.368492126464844e-05
lavender-only-horizontal-run01,lavender,8,3,3.0,4.0,S8,0.003430962562561035
lavender-only-horizontal-run01,lavender,8,3,3.0,4.0,S9,0.008430957794189453
lavender-only-horizontal-run01,lavender,8,3,3.0,4.0,S10,0.0003509521484375
lavender-only-horizontal-run01,lavender,8,3,3.0,4.0,S11,-0.00029206275939941406
lavender-only-horizontal-run01,lavender,8,3,3.0,4.0,S12,0.0037197470664978027
lavender-only-horizontal-run01,lavender,8,3,3.0,4.0,S13,0.0035828351974487305
lavender-only-horizontal-run01,lavender,8,3,3.0,4.0,S14,0.0031180381774902344
lavender-only-horizontal-run01,lavender,8,3,3.0,4.0,S15,0.00010418891906738281
lavender-only-horizontal-run01,lavender,8,3,3.0,4.0,S16,0.0009995698928833008
lavender-only-horizontal-run01,lavender,8,3,3.0,4.0,S17,0.010678648948669434
lavender-only-horizontal-run01,lavender,8,3,3.0,4.0,S18,0.004676103591918945
lavender-only-horizontal-run01,lavender,8,3,3.0,4.0,S19,0.00015783309936523438
lavender-only-horizontal-run01,lavender,8,3,3.0,4.0,S20,0.0066471099853515625
lavender-only-horizontal-run01,lavender,8,3,3.0,4.0,S21,0.0023456215858459473
lavender-only-horizontal-run01,lavender,8,3,3.0,4.0,S22,0.002615809440612793
lavender-only-horizontal-run01,lavender,8,3,3.0,4.0,S23,-0.0019447803497314453
lavender-only-horizontal-run01,lavender,8,3,3.0,4.0,S24,0.006650328636169434
lavender-only-horizontal-run01,lavender,8,3,3.0,4.0,S25,0.004580259323120117
lavender-only-horizontal-run01,lavender,8,3,3.0,4.0,S26,0.0220029354095459
lavender-only-horizontal-run01,lavender,8,3,3.0,4.0,S27,-0.0027570724487304688
lavender-only-horizontal-run01,lavender,8,3,3.0,4.0,S28,0.010918617248535156
lavender-only-horizontal-run01,lavender,8,3,3.0,4.0,S29,0.013512015342712402
lavender-only-horizontal-run01,lavender,8,3,3.0,4.0,S30,0.0011053085327148438
lavender-only-horizontal-run01,lavender,8,3,3.0,4.0,S31,-0.003247499465942383
lavender-only-horizontal-run01,lavender,8,3,3.0,4.0,S32,0.0032777786254882812
lavender-only-horizontal-run01,lavender,8,6,6.0,7.0,S1,0.04969346523284912
lavender-only-horizontal-run01,lavender,8,6,6.0,7.0,S2,0.046347737312316895
lavender-only-horizontal-run01,lavender,8,6,6.0,7.0,S3,-0.0008162260055541992
lavender-only-horizontal-run01,lavender,8,6,6.0,7.0,S4,0.025348126888275146
lavender-only-horizontal-run01,lavender,8,6,6.0,7.0,S5,0.0046149492263793945
lavender-only-horizontal-run01,lavender,8,6,6.0,7.0,S6,2.1591782569885254e-05
lavender-only-horizontal-run01,lavender,8,6,6.0,7.0,S7,-0.0014590024948120117
lavender-only-horizontal-run01,lavender,8,6,6.0,7.0,S8,0.004321575164794922
lavender-only-horizontal-run01,lavender,8,6,6.0,7.0,S9,0.007295131683349609
lavender-only-horizontal-run01,lavender,8,6,6.0,7.0,S10,0.0004239082336425781
lavender-only-horizontal-run01,lavender,8,6,6.0,7.0,S11,-0.0015206336975097656
lavender-only-horizontal-run01,lavender,8,6,6.0,7.0,S12,0.0038240551948547363
lavender-only-horizontal-run01,lavender,8,6,6.0,7.0,S13,0.0036468505859375
lavender-only-horizontal-run01,lavender,8,6,6.0,7.0,S14,0.003023207187652588
lavender-only-horizontal-run01,lavender,8,6,6.0,7.0,S15,-0.0025173425674438477
lavender-only-horizontal-run01,lavender,8,6,6.0,7.0,S16,0.0010937154293060303
lavender-only-horizontal-run01,lavender,8,6,6.0,7.0,S17,0.012613236904144287
lavender-only-horizontal-run01,lavender,8,6,6.0,7.0,S18,0.005105704069137573
lavender-only-horizontal-run01,lavender,8,6,6.0,7.0,S19,0.0018131732940673828
lavender-only-horizontal-run01,lavender,8,6,6.0,7.0,S20,0.0061054229736328125
lavender-only-horizontal-run01,lavender,8,6,6.0,7.0,S21,0.00228235125541687
lavender-only-horizontal-run01,lavender,8,6,6.0,7.0,S22,0.0020582079887390137
lavender-only-horizontal-run01,lavender,8,6,6.0,7.0,S23,-0.0012038946151733398
lavender-only-horizontal-run01,lavender,8,6,6.0,7.0,S24,0.004012167453765869
lavender-only-horizontal-run01,lavender,8,6,6.0,7.0,S25,0.003832399845123291
lavender-only-horizontal-run01,lavender,8,6,6.0,7.0,S26,0.016806960105895996
lavender-only-horizontal-run01,lavender,8,6,6.0,7.0,S27,-0.00044214725494384766
lavender-only-horizontal-run01,lavender,8,6,6.0,7.0,S28,0.010625898838043213
lavender-only-horizontal-run01,lavender,8,6,6.0,7.0,S29,0.012296020984649658
lavender-only-horizontal-run01,lavender,8,6,6.0,7.0,S30,0.0009765326976776123
lavender-only-horizontal-run01,lavender,8,6,6.0,7.0,S31,0.0027273893356323242
lavender-only-horizontal-run01,lavender,8,6,6.0,7.0,S32,0.0025313496589660645
lavender-only-horizontal-run01,lavender,9,0,0.0,1.0,S1,0.0009932518005371094
lavender-only-horizontal-run01,lavender,9,0,0.0,1.0,S2,0.0009775161743164062
lavender-only-horizontal-run01,lavender,9,0,0.0,1.0,S3,-0.0025562047958374023
lavender-only-horizontal-run01,lavender,9,0,0.0,1.0,S4,0.00022876262664794922
lavender-only-horizontal-run01,lavender,9,0,0.0,1.0,S5,-0.00011771917343139648
lavender-only-horizontal-run01,lavender,9,0,0.0,1.0,S6,1.563131809234619e-05
lavender-only-horizontal-run01,lavender,9,0,0.0,1.0,S7,-0.001295924186706543
lavender-only-horizontal-run01,lavender,9,0,0.0,1.0,S8,-3.355741500854492e-05
lavender-only-horizontal-run01,lavender,9,0,0.0,1.0,S9,0.00014543533325195312
lavender-only-horizontal-run01,lavender,9,0,0.0,1.0,S10,-2.7298927307128906e-05
lavender-only-horizontal-run01,lavender,9,0,0.0,1.0,S11,-0.0004950761795043945
lavender-only-horizontal-run01,lavender,9,0,0.0,1.0,S12,3.802776336669922e-05
lavender-only-horizontal-run01,lavender,9,0,0.0,1.0,S13,3.343820571899414e-05
lavender-only-horizontal-run01,lavender,9,0,0.0,1.0,S14,3.102421760559082e-05
lavender-only-horizontal-run01,lavender,9,0,0.0,1.0,S15,-3.933906555175781e-06
lavender-only-horizontal-run01,lavender,9,0,0.0,1.0,S16,3.3974647521972656e-06
lavender-only-horizontal-run01,lavender,9,0,0.0,1.0,S17,-3.9577484130859375e-05
lavender-only-horizontal-run01,lavender,9,0,0.0,1.0,S18,-1.5139579772949219e-05
lavender-only-horizontal-run01,lavender,9,0,0.0,1.0,S19,-0.0010361671447753906
lavender-only-horizontal-run01,lavender,9,0,0.0,1.0,S20,2.866983413696289e-05
lavender-only-horizontal-run01,lavender,9,0,0.0,1.0,S21,1.329183578491211e-05
lavender-only-horizontal-run01,lavender,9,0,0.0,1.0,S22,2.142786979675293e-05
lavender-only-horizontal-run01,lavender,9,0,0.0,1.0,S23,-0.0012938976287841797
lavender-only-horizontal-run01,lavender,9,0,0.0,1.0,S24,0.00028765201568603516
lavender-only-horizontal-run01,lavender,9,0,0.0,1.0,S25,2.0623207092285156e-05
lavender-only-horizontal-run01,lavender,9,0,0.0,1.0,S26,0.00044727325439453125
lavender-only-horizontal-run01,lavender,9,0,0.0,1.0,S27,0.00029778480529785156
lavender-only-horizontal-run01,lavender,9,0,0.0,1.0,S28,8.469820022583008e-05
lavender-only-horizontal-run01,lavender,9,0,0.0,1.0,S29,0.00021004676818847656
lavender-only-horizontal-run01,lavender,9,0,0.0,1.0,S30,-6.884336471557617e-06
lavender-only-horizontal-run01,lavender,9,0,0.0,1.0,S31,0.001254439353942871
lavender-only-horizontal-run01,lavender,9,0,0.0,1.0,S32,0.00017768144607543945
lavender-only-horizontal-run01,lavender,9,2,2.0,3.0,S1,0.011546850204467773
lavender-only-horizontal-run01,lavender,9,2,2.0,3.0,S2,0.009151458740234375
lavender-only-horizontal-run01,lavender,9,2,2.0,3.0,S3,0.00039255619049072266
lavender-only-horizontal-run01,lavender,9,2,2.0,3.0,S4,0.001370549201965332
lavender-only-horizontal-run01,lavender,9,2,2.0,3.0,S5,-0.0006613731384277344
lavender-only-horizontal-run01,lavender,9,2,2.0,3.0,S6,-1.895427703857422e-05
lavender-only-horizontal-run01,lavender,9,2,2.0,3.0,S7,0.0003781318664550781
lavender-only-horizontal-run01,lavender,9,2,2.0,3.0,S8,-0.0003204345703125
lavender-only-horizontal-run01,lavender,9,2,2.0,3.0,S9,0.0017504096031188965
lavender-only-horizontal-run01,lavender,9,2,2.0,3.0,S10,-6.729364395141602e-05
lavender-only-horizontal-run01,lavender,9,2,2.0,3.0,S11,-0.0002592802047729492
lavender-only-horizontal-run01,lavender,9,2,2.0,3.0,S12,0.0002562105655670166
lavender-only-horizontal-run01,lavender,9,2,2.0,3.0,S13,0.00036072731018066406
lavender-only-horizontal-run01,lavender,9,2,2.0,3.0,S14,0.0004035830497741699
lavender-only-horizontal-run01,lavender,9,2,2.0,3.0,S15,-0.00045359134674072266
lavender-only-horizontal-run01,lavender,9,2,2.0,3.0,S16,4.050135612487793e-05
lavender-only-horizontal-run01,lavender,9,2,2.0,3.0,S17,0.00020164251327514648
lavender-only-horizontal-run01,lavender,9,2,2.0,3.0,S18,0.0003113746643066406
lavender-only-horizontal-run01,lavender,9,2,2.0,3.0,S19,-0.00014960765838623047
lavender-only-horizontal-run01,lavender,9,2,2.0,3.0,S20,0.001413583755493164
lavender-only-horizontal-run01,lavender,9,2,2.0,3.0,S21,0.00047522783279418945
lavender-only-horizontal-run01,lavender,9,2,2.0,3.0,S22,0.0009629726409912109
lavender-only-horizontal-run01,lavender,9,2,2.0,3.0,S23,-0.00015425682067871094
lavender-only-horizontal-run01,lavender,9,2,2.0,3.0,S24,0.003925800323486328
lavender-only-horizontal-run01,lavender,9,2,2.0,3.0,S25,0.0016686320304870605
lavender-only-horizontal-run01,lavender,9,2,2.0,3.0,S26,0.007990896701812744
lavender-only-horizontal-run01,lavender,9,2,2.0,3.0,S27,-0.0009533166885375977
lavender-only-horizontal-run01,lavender,9,2,2.0,3.0,S28,0.0024129152297973633
lavender-only-horizontal-run01,lavender,9,2,2.0,3.0,S29,0.0036507248878479004
lavender-only-horizontal-run01,lavender,9,2,2.0,3.0,S30,0.00031638145446777344
lavender-only-horizontal-run01,lavender,9,2,2.0,3.0,S31,-0.0003898143768310547
lavender-only-horizontal-run01,lavender,9,2,2.0,3.0,S32,0.001438051462173462
lavender-only-horizontal-run01,lavender,9,4,4.0,5.0,S1,0.04562735557556152
lavender-only-horizontal-run01,lavender,9,4,4.0,5.0,S2,0.03930830955505371
lavender-only-horizontal-run01,lavender,9,4,4.0,5.0,S3,0.00013518333435058594
lavender-only-horizontal-run01,lavender,9,4,4.0,5.0,S4,0.01477658748626709
lavender-only-horizontal-run01,lavender,9,4,4.0,5.0,S5,0.0009691715240478516
lavender-only-horizontal-run01,lavender,9,4,4.0,5.0,S6,-5.0961971282958984e-06
lavender-only-horizontal-run01,lavender,9,4,4.0,5.0,S7,0.0003268718719482422
lavender-only-horizontal-run01,lavender,9,4,4.0,5.0,S8,0.0012968778610229492
lavender-only-horizontal-run01,lavender,9,4,4.0,5.0,S9,0.005942344665527344
lavender-only-horizontal-run01,lavender,9,4,4.0,5.0,S10,9.131431579589844e-05
lavender-only-horizontal-run01,lavender,9,4,4.0,5.0,S11,0.0004947185516357422
lavender-only-horizontal-run01,lavender,9,4,4.0,5.0,S12,0.002141118049621582
lavender-only-horizontal-run01,lavender,9,4,4.0,5.0,S13,0.0018794536590576172
lavender-only-horizontal-run01,lavender,9,4,4.0,5.0,S14,0.0018295645713806152
lavender-only-horizontal-run01,lavender,9,4,4.0,5.0,S15,4.482269287109375e-05
lavender-only-horizontal-run01,lavender,9,4,4.0,5.0,S16,0.000527799129486084
lavender-only-horizontal-run01,lavender,9,4,4.0,5.0,S17,0.004173398017883301
lavender-only-horizontal-run01,lavender,9,4,4.0,5.0,S18,0.002034306526184082
lavender-only-horizontal-run01,lavender,9,4,4.0,5.0,S19,0.000152587890625
lavender-only-horizontal-run01,lavender,9,4,4.0,5.0,S20,0.003632068634033203
lavender-only-horizontal-run01,lavender,9,4,4.0,5.0,S21,0.0011519789695739746
lavender-only-horizontal-run01,lavender,9,4,4.0,5.0,S22,0.001645803451538086
lavender-only-horizontal-run01,lavender,9,4,4.0,5.0,S23,-0.00022840499877929688
lavender-only-horizontal-run01,lavender,9,4,4.0,5.0,S24,0.005212187767028809
lavender-only-horizontal-run01,lavender,9,4,4.0,5.0,S25,0.0026891231536865234
lavender-only-horizontal-run01,lavender,9,4,4.0,5.0,S26,0.012948751449584961
lavender-only-horizontal-run01,lavender,9,4,4.0,5.0,S27,-0.0026357173919677734
lavender-only-horizontal-run01,lavender,9,4,4.0,5.0,S28,0.004449963569641113
lavender-only-horizontal-run01,lavender,9,4,4.0,5.0,S29,0.005975246429443359
lavender-only-horizontal-run01,lavender,9,4,4.0,5.0,S30,0.00046443939208984375
lavender-only-horizontal-run01,lavender,9,4,4.0,5.0,S31,-0.0006623268127441406
lavender-only-horizontal-run01,lavender,9,4,4.0,5.0,S32,0.0018161535263061523
lavender-only-horizontal-run01,lavender,9,5,5.0,6.0,S1,0.049816131591796875
lavender-only-horizontal-run01,lavender,9,5,5.0,6.0,S2,0.04290914535522461
lavender-only-horizontal-run01,lavender,9,5,5.0,6.0,S3,0.0017392635345458984
lavender-only-horizontal-run01,lavender,9,5,5.0,6.0,S4,0.017559528350830078
lavender-only-horizontal-run01,lavender,9,5,5.0,6.0,S5,0.0014917850494384766
lavender-only-horizontal-run01,lavender,9,5,5.0,6.0,S6,1.424551010131836e-05
lavender-only-horizontal-run01,lavender,9,5,5.0,6.0,S7,0.0020475387573242188
lavender-only-horizontal-run01,lavender,9,5,5.0,6.0,S8,0.0019172430038452148
lavender-only-horizontal-run01,lavender,9,5,5.0,6.0,S9,0.006392478942871094
lavender-only-horizontal-run01,lavender,9,5,5.0,6.0,S10,0.0002009868621826172
lavender-only-horizontal-run01,lavender,9,5,5.0,6.0,S11,0.0028014183044433594
lavender-only-horizontal-run01,lavender,9,5,5.0,6.0,S12,0.0024742484092712402
lavender-only-horizontal-run01,lavender,9,5,5.0,6.0,S13,0.0021289587020874023
lavender-only-horizontal-run01,lavender,9,5,5.0,6.0,S14,0.001997709274291992
lavender-only-horizontal-run01,lavender,9,5,5.0,6.0,S15,0.0002758502960205078
lavender-only-horizontal-run01,lavender,9,5,5.0,6.0,S16,0.000626683235168457
lavender-only-horizontal-run01,lavender,9,5,5.0,6.0,S17,0.00496065616607666
lavender-only-horizontal-run01,lavender,9,5,5.0,6.0,S18,0.0022484660148620605
lavender-only-horizontal-run01,lavender,9,5,5.0,6.0,S19,0.0003752708435058594
lavender-only-horizontal-run01,lavender,9,5,5.0,6.0,S20,0.0036792755126953125
lavender-only-horizontal-run01,lavender,9,5,5.0,6.0,S21,0.0011573433876037598
lavender-only-horizontal-run01,lavender,9,5,5.0,6.0,S22,0.0015320777893066406
lavender-only-horizontal-run01,lavender,9,5,5.0,6.0,S23,-6.29425048828125e-05
lavender-only-horizontal-run01,lavender,9,5,5.0,6.0,S24,0.004509329795837402
lavender-only-horizontal-run01,lavender,9,5,5.0,6.0,S25,0.0024443864822387695
lavender-only-horizontal-run01,lavender,9,5,5.0,6.0,S26,0.012591004371643066
lavender-only-horizontal-run01,lavender,9,5,5.0,6.0,S27,-0.002372264862060547
lavender-only-horizontal-run01,lavender,9,5,5.0,6.0,S28,0.004399538040161133
lavender-only-horizontal-run01,lavender,9,5,5.0,6.0,S29,0.005605101585388184
lavender-only-horizontal-run01,lavender,9,5,5.0,6.0,S30,0.0004386305809020996
lavender-only-horizontal-run01,lavender,9,5,5.0,6.0,S31,-0.0004665851593017578
lavender-only-horizontal-run01,lavender,9,5,5.0,6.0,S32,0.001649320125579834
lavender-only-horizontal-run01,lavender,9,7,7.0,8.0,S1,0.04004645347595215
lavender-only-horizontal-run01,lavender,9,7,7.0,8.0,S2,0.034264326095581055
lavender-only-horizontal-run01,lavender,9,7,7.0,8.0,S3,0.002694845199584961
lavender-only-horizontal-run01,lavender,9,7,7.0,8.0,S4,0.014480829238891602
lavender-only-horizontal-run01,lavender,9,7,7.0,8.0,S5,0.0013256072998046875
lavender-only-horizontal-run01,lavender,9,7,7.0,8.0,S6,2.008676528930664e-05
lavender-only-horizontal-run01,lavender,9,7,7.0,8.0,S7,0.0030303001403808594
lavender-only-horizontal-run01,lavender,9,7,7.0,8.0,S8,0.0015931129455566406
lavender-only-horizontal-run01,lavender,9,7,7.0,8.0,S9,0.005299806594848633
lavender-only-horizontal-run01,lavender,9,7,7.0,8.0,S10,0.00016939640045166016
lavender-only-horizontal-run01,lavender,9,7,7.0,8.0,S11,0.0005462169647216797
lavender-only-horizontal-run01,lavender,9,7,7.0,8.0,S12,0.002039194107055664
lavender-only-horizontal-run01,lavender,9,7,7.0,8.0,S13,0.0017898082733154297
lavender-only-horizontal-run01,lavender,9,7,7.0,8.0,S14,0.0017417669296264648
lavender-only-horizontal-run01,lavender,9,7,7.0,8.0,S15,-7.939338684082031e-05
lavender-only-horizontal-run01,lavender,9,7,7.0,8.0,S16,0.0005414485931396484
lavender-only-horizontal-run01,lavender,9,7,7.0,8.0,S17,0.004186749458312988
lavender-only-horizontal-run01,lavender,9,7,7.0,8.0,S18,0.0018475651741027832
lavender-only-horizontal-run01,lavender,9,7,7.0,8.0,S19,-0.0004725456237792969
lavender-only-horizontal-run01,lavender,9,7,7.0,8.0,S20,0.0030443668365478516
lavender-only-horizontal-run01,lavender,9,7,7.0,8.0,S21,0.0009636282920837402
lavender-only-horizontal-run01,lavender,9,7,7.0,8.0,S22,0.001269519329071045
lavender-only-horizontal-run01,lavender,9,7,7.0,8.0,S23,-0.0027189254760742188
lavender-only-horizontal-run01,lavender,9,7,7.0,8.0,S24,0.003670334815979004
lavender-only-horizontal-run01,lavender,9,7,7.0,8.0,S25,0.002009153366088867
lavender-only-horizontal-run01,lavender,9,7,7.0,8.0,S26,0.010582804679870605
lavender-only-horizontal-run01,lavender,9,7,7.0,8.0,S27,-0.003378152847290039
lavender-only-horizontal-run01,lavender,9,7,7.0,8.0,S28,0.003735065460205078
lavender-only-horizontal-run01,lavender,9,7,7.0,8.0,S29,0.004701852798461914
lavender-only-horizontal-run01,lavender,9,7,7.0,8.0,S30,0.00040858983993530273
lavender-only-horizontal-run01,lavender,9,7,7.0,8.0,S31,-0.0031027793884277344
lavender-only-horizontal-run01,lavender,9,7,7.0,8.0,S32,0.0013846755027770996
lavender-only-horizontal-run01,lavender,10,0,0.0,1.0,S1,0.06913721561431885
lavender-only-horizontal-run01,lavender,10,0,0.0,1.0,S2,0.06286096572875977
lavender-only-horizontal-run01,lavender,10,0,0.0,1.0,S3,0.0014208555221557617
lavender-only-horizontal-run01,lavender,10,0,0.0,1.0,S4,0.030755221843719482
lavender-only-horizontal-run01,lavender,10,0,0.0,1.0,S5,0.00433272123336792
lavender-only-horizontal-run01,lavender,10,0,0.0,1.0,S6,6.122887134552002e-05
lavender-only-horizontal-run01,lavender,10,0,0.0,1.0,S7,0.0020166635513305664
lavender-only-horizontal-run01,lavender,10,0,0.0,1.0,S8,0.004275858402252197
lavender-only-horizontal-run01,lavender,10,0,0.0,1.0,S9,0.009981095790863037
lavender-only-horizontal-run01,lavender,10,0,0.0,1.0,S10,0.0004000663757324219
lavender-only-horizontal-run01,lavender,10,0,0.0,1.0,S11,0.0008199214935302734
lavender-only-horizontal-run01,lavender,10,0,0.0,1.0,S12,0.004532933235168457
lavender-only-horizontal-run01,lavender,10,0,0.0,1.0,S13,0.0042411088943481445
lavender-only-horizontal-run01,lavender,10,0,0.0,1.0,S14,0.0037348270416259766
lavender-only-horizontal-run01,lavender,10,0,0.0,1.0,S15,-0.0012999773025512695
lavender-only-horizontal-run01,lavender,10,0,0.0,1.0,S16,0.0012411177158355713
lavender-only-horizontal-run01,lavender,10,0,0.0,1.0,S17,0.012270033359527588
lavender-only-horizontal-run01,lavender,10,0,0.0,1.0,S18,0.005194813013076782
lavender-only-horizontal-run01,lavender,10,0,0.0,1.0,S19,-0.00022161006927490234
lavender-only-horizontal-run01,lavender,10,0,0.0,1.0,S20,0.007224142551422119
lavender-only-horizontal-run01,lavender,10,0,0.0,1.0,S21,0.0025151073932647705
lavender-only-horizontal-run01,lavender,10,0,0.0,1.0,S22,0.00269278883934021
lavender-only-horizontal-run01,lavender,10,0,0.0,1.0,S23,0.00022685527801513672
lavender-only-horizontal-run01,lavender,10,0,0.0,1.0,S24,0.006264328956604004
lavender-only-horizontal-run01,lavender,10,0,0.0,1.0,S25,0.004303276538848877
lavender-only-horizontal-run01,lavender,10,0,0.0,1.0,S26,0.021079719066619873
lavender-only-horizontal-run01,lavender,10,0,0.0,1.0,S27,0.0010724067687988281
lavender-only-horizontal-run01,lavender,10,0,0.0,1.0,S28,0.010601043701171875
lavender-only-horizontal-run01,lavender,10,0,0.0,1.0,S29,0.01281672716140747
lavender-only-horizontal-run01,lavender,10,0,0.0,1.0,S30,0.0009920895099639893
lavender-only-horizontal-run01,lavender,10,0,0.0,1.0,S31,0.0014219284057617188
lavender-only-horizontal-run01,lavender,10,0,0.0,1.0,S32,0.0029846131801605225
lavender-only-horizontal-run01,lavender,10,1,1.0,2.0,S1,0.04609203338623047
lavender-only-horizontal-run01,lavender,10,1,1.0,2.0,S2,0.04443216323852539
lavender-only-horizontal-run01,lavender,10,1,1.0,2.0,S3,-0.002622842788696289
lavender-only-horizontal-run01,lavender,10,1,1.0,2.0,S4,0.026238203048706055
lavender-only-horizontal-run01,lavender,10,1,1.0,2.0,S5,0.005085110664367676
lavender-only-horizontal-run01,lavender,10,1,1.0,2.0,S6,5.5462121963500977e-05
lavender-only-horizontal-run01,lavender,10,1,1.0,2.0,S7,-0.003103017807006836
lavender-only-horizontal-run01,lavender,10,1,1.0,2.0,S8,0.004562020301818848
lavender-only-horizontal-run01,lavender,10,1,1.0,2.0,S9,0.007932424545288086
lavender-only-horizontal-run01,lavender,10,1,1.0,2.0,S10,0.0005117654800415039
lavender-only-horizontal-run01,lavender,10,1,1.0,2.0,S11,-0.0029287338256835938
lavender-only-horizontal-run01,lavender,10,1,1.0,2.0,S12,0.004150271415710449
lavender-only-horizontal-run01,lavender,10,1,1.0,2.0,S13,0.004015326499938965
lavender-only-horizontal-run01,lavender,10,1,1.0,2.0,S14,0.003333747386932373
lavender-only-horizontal-run01,lavender,10,1,1.0,2.0,S15,-0.0034151077270507812
lavender-only-horizontal-run01,lavender,10,1,1.0,2.0,S16,0.0011938214302062988
lavender-only-horizontal-run01,lavender,10,1,1.0,2.0,S17,0.012617230415344238
lavender-only-horizontal-run01,lavender,10,1,1.0,2.0,S18,0.005631864070892334
lavender-only-horizontal-run01,lavender,10,1,1.0,2.0,S19,-0.0009298324584960938
lavender-only-horizontal-run01,lavender,10,1,1.0,2.0,S20,0.0069158077239990234
lavender-only-horizontal-run01,lavender,10,1,1.0,2.0,S21,0.002583026885986328
lavender-only-horizontal-run01,lavender,10,1,1.0,2.0,S22,0.002475261688232422
lavender-only-horizontal-run01,lavender,10,1,1.0,2.0,S23,-0.0023956298828125
lavender-only-horizontal-run01,lavender,10,1,1.0,2.0,S24,0.005053400993347168
lavender-only-horizontal-run01,lavender,10,1,1.0,2.0,S25,0.0038944482803344727
lavender-only-horizontal-run01,lavender,10,1,1.0,2.0,S26,0.019208073616027832
lavender-only-horizontal-run01,lavender,10,1,1.0,2.0,S27,-0.0005025863647460938
lavender-only-horizontal-run01,lavender,10,1,1.0,2.0,S28,0.01205456256866455
lavender-only-horizontal-run01,lavender,10,1,1.0,2.0,S29,0.013918161392211914
lavender-only-horizontal-run01,lavender,10,1,1.0,2.0,S30,0.0011532306671142578
lavender-only-horizontal-run01,lavender,10,1,1.0,2.0,S31,0.0018548965454101562
lavender-only-horizontal-run01,lavender,10,1,1.0,2.0,S32,0.0030829310417175293
lavender-only-horizontal-run01,lavender,10,2,2.0,3.0,S1,0.05137324333190918
lavender-only-horizontal-run01,lavender,10,2,2.0,3.0,S2,0.04859304428100586
lavender-only-horizontal-run01,lavender,10,2,2.0,3.0,S3,-0.0001862049102783203
lavender-only-horizontal-run01,lavender,10,2,2.0,3.0,S4,0.026447057723999023
lavender-only-horizontal-run01,lavender,10,2,2.0,3.0,S5,0.004427909851074219
lavender-only-horizontal-run01,lavender,10,2,2.0,3.0,S6,5.8203935623168945e-05
lavender-only-horizontal-run01,lavender,10,2,2.0,3.0,S7,0.00021314620971679688
lavender-only-horizontal-run01,lavender,10,2,2.0,3.0,S8,0.003935098648071289
lavender-only-horizontal-run01,lavender,10,2,2.0,3.0,S9,0.00820624828338623
lavender-only-horizontal-run01,lavender,10,2,2.0,3.0,S10,0.00039887428283691406
lavender-only-horizontal-run01,lavender,10,2,2.0,3.0,S11,-1.1920928955078125e-06
lavender-only-horizontal-run01,lavender,10,2,2.0,3.0,S12,0.003984987735748291
lavender-only-horizontal-run01,lavender,10,2,2.0,3.0,S13,0.0038253068923950195
lavender-only-horizontal-run01,lavender,10,2,2.0,3.0,S14,0.0032293200492858887
lavender-only-horizontal-run01,lavender,10,2,2.0,3.0,S15,0.0003216266632080078
lavender-only-horizontal-run01,lavender,10,2,2.0,3.0,S16,0.0011427998542785645
lavender-only-horizontal-run01,lavender,10,2,2.0,3.0,S17,0.011888384819030762
lavender-only-horizontal-run01,lavender,10,2,2.0,3.0,S18,0.004971206188201904
lavender-only-horizontal-run01,lavender,10,2,2.0,3.0,S19,0.0020945072174072266
lavender-only-horizontal-run01,lavender,10,2,2.0,3.0,S20,0.006495118141174316
lavender-only-horizontal-run01,lavender,10,2,2.0,3.0,S21,0.002302885055541992
lavender-only-horizontal-run01,lavender,10,2,2.0,3.0,S22,0.00234907865524292
lavender-only-horizontal-run01,lavender,10,2,2.0,3.0,S23,0.00276947021484375
lavender-only-horizontal-run01,lavender,10,2,2.0,3.0,S24,0.00502169132232666
lavender-only-horizontal-run01,lavender,10,2,2.0,3.0,S25,0.0038019418716430664
lavender-only-horizontal-run01,lavender,10,2,2.0,3.0,S26,0.018441438674926758
lavender-only-horizontal-run01,lavender,10,2,2.0,3.0,S27,0.0005676746368408203
lavender-only-horizontal-run01,lavender,10,2,2.0,3.0,S28,0.010192155838012695
lavender-only-horizontal-run01,lavender,10,2,2.0,3.0,S29,0.01228344440460205
lavender-only-horizontal-run01,lavender,10,2,2.0,3.0,S30,0.0009775161743164062
lavender-only-horizontal-run01,lavender,10,2,2.0,3.0,S31,0.0025026798248291016
lavender-only-horizontal-run01,lavender,10,2,2.0,3.0,S32,0.002731800079345703
lavender-only-horizontal-run01,lavender,10,3,3.0,4.0,S1,0.045177578926086426
lavender-only-horizontal-run01,lavender,10,3,3.0,4.0,S2,0.043219566345214844
lavender-only-horizontal-run01,lavender,10,3,3.0,4.0,S3,0.0008889436721801758
lavender-only-horizontal-run01,lavender,10,3,3.0,4.0,S4,0.024769186973571777
lavender-only-horizontal-run01,lavender,10,3,3.0,4.0,S5,0.004471957683563232
lavender-only-horizontal-run01,lavender,10,3,3.0,4.0,S6,3.6150217056274414e-05
lavender-only-horizontal-run01,lavender,10,3,3.0,4.0,S7,0.00046193599700927734
lavender-only-horizontal-run01,lavender,10,3,3.0,4.0,S8,0.004029691219329834
lavender-only-horizontal-run01,lavender,10,3,3.0,4.0,S9,0.007517516613006592
lavender-only-horizontal-run01,lavender,10,3,3.0,4.0,S10,0.00040161609649658203
lavender-only-horizontal-run01,lavender,10,3,3.0,4.0,S11,0.0001627206802368164
lavender-only-horizontal-run01,lavender,10,3,3.0,4.0,S12,0.0038778185844421387
lavender-only-horizontal-run01,lavender,10,3,3.0,4.0,S13,0.0037145018577575684
lavender-only-horizontal-run01,lavender,10,3,3.0,4.0,S14,0.003126800060272217
lavender-only-horizontal-run01,lavender,10,3,3.0,4.0,S15,1.919269561767578e-05
lavender-only-horizontal-run01,lavender,10,3,3.0,4.0,S16,0.00111466646194458
lavender-only-horizontal-run01,lavender,10,3,3.0,4.0,S17,0.01114952564239502
lavender-only-horizontal-run01,lavender,10,3,3.0,4.0,S18,0.004948943853378296
lavender-only-horizontal-run01,lavender,10,3,3.0,4.0,S19,0.0005391836166381836
lavender-only-horizontal-run01,lavender,10,3,3.0,4.0,S20,0.006221175193786621
lavender-only-horizontal-run01,lavender,10,3,3.0,4.0,S21,0.002277374267578125
lavender-only-horizontal-run01,lavender,10,3,3.0,4.0,S22,0.002198249101638794
lavender-only-horizontal-run01,lavender,10,3,3.0,4.0,S23,2.6106834411621094e-05
lavender-only-horizontal-run01,lavender,10,3,3.0,4.0,S24,0.0046195387840271
lavender-only-horizontal-run01,lavender,10,3,3.0,4.0,S25,0.003514528274536133
lavender-only-horizontal-run01,lavender,10,3,3.0,4.0,S26,0.016776621341705322
lavender-only-horizontal-run01,lavender,10,3,3.0,4.0,S27,0.0013175010681152344
lavender-only-horizontal-run01,lavender,10,3,3.0,4.0,S28,0.01019752025604248
lavender-only-horizontal-run01,lavender,10,3,3.0,4.0,S29,0.012088298797607422
lavender-only-horizontal-run01,lavender,10,3,3.0,4.0,S30,0.0009585022926330566
lavender-only-horizontal-run01,lavender,10,3,3.0,4.0,S31,0.0029927492141723633
lavender-only-horizontal-run01,lavender,10,3,3.0,4.0,S32,0.0026622414588928223
lavender-only-horizontal-run01,lavender,10,4,4.0,5.0,S1,0.03792870044708252
lavender-only-horizontal-run01,lavender,10,4,4.0,5.0,S2,0.0370558500289917
lavender-only-horizontal-run01,lavender,10,4,4.0,5.0,S3,0.0008074045181274414
lavender-only-horizontal-run01,lavender,10,4,4.0,5.0,S4,0.022866427898406982
lavender-only-horizontal-run01,lavender,10,4,4.0,5.0,S5,0.0046787261962890625
lavender-only-horizontal-run01,lavender,10,4,4.0,5.0,S6,5.4776668548583984e-05
lavender-only-horizontal-run01,lavender,10,4,4.0,5.0,S7,-0.00010538101196289062
lavender-only-horizontal-run01,lavender,10,4,4.0,5.0,S8,0.0042400360107421875
lavender-only-horizontal-run01,lavender,10,4,4.0,5.0,S9,0.0067901611328125
lavender-only-horizontal-run01,lavender,10,4,4.0,5.0,S10,0.0004991292953491211
lavender-only-horizontal-run01,lavender,10,4,4.0,5.0,S11,7.045269012451172e-05
lavender-only-horizontal-run01,lavender,10,4,4.0,5.0,S12,0.0037025809288024902
lavender-only-horizontal-run01,lavender,10,4,4.0,5.0,S13,0.0035890936851501465
lavender-only-horizontal-run01,lavender,10,4,4.0,5.0,S14,0.0029600560665130615
lavender-only-horizontal-run01,lavender,10,4,4.0,5.0,S15,-0.0003075599670410156
lavender-only-horizontal-run01,lavender,10,4,4.0,5.0,S16,0.0010722577571868896
lavender-only-horizontal-run01,lavender,10,4,4.0,5.0,S17,0.011135578155517578
lavender-only-horizontal-run01,lavender,10,4,4.0,5.0,S18,0.005044609308242798
lavender-only-horizontal-run01,lavender,10,4,4.0,5.0,S19,0.0012416839599609375
lavender-only-horizontal-run01,lavender,10,4,4.0,5.0,S20,0.006059885025024414
lavender-only-horizontal-run01,lavender,10,4,4.0,5.0,S21,0.0022950470447540283
lavender-only-horizontal-run01,lavender,10,4,4.0,5.0,S22,0.002121657133102417
lavender-only-horizontal-run01,lavender,10,4,4.0,5.0,S23,0.0013500452041625977
lavender-only-horizontal-run01,lavender,10,4,4.0,5.0,S24,0.004172146320343018
lavender-only-horizontal-run01,lavender,10,4,4.0,5.0,S25,0.0032962560653686523
lavender-only-horizontal-run01,lavender,10,4,4.0,5.0,S26,0.01608419418334961
lavender-only-horizontal-run01,lavender,10,4,4.0,5.0,S27,0.0014138221740722656
lavender-only-horizontal-run01,lavender,10,4,4.0,5.0,S28,0.010862648487091064
lavender-only-horizontal-run01,lavender,10,4,4.0,5.0,S29,0.012333214282989502
lavender-only-horizontal-run01,lavender,10,4,4.0,5.0,S30,0.001023411750793457
lavender-only-horizontal-run01,lavender,10,4,4.0,5.0,S31,0.0015357732772827148
lavender-only-horizontal-run01,lavender,10,4,4.0,5.0,S32,0.0026283562183380127
lavender-only-horizontal-run01,lavender,10,6,6.0,7.0,S1,0.05509674549102783
lavender-only-horizontal-run01,lavender,10,6,6.0,7.0,S2,0.05161929130554199
lavender-only-horizontal-run01,lavender,10,6,6.0,7.0,S3,0.0015077590942382812
lavender-only-horizontal-run01,lavender,10,6,6.0,7.0,S4,0.027123630046844482
lavender-only-horizontal-run01,lavender,10,6,6.0,7.0,S5,0.004342555999755859
lavender-only-horizontal-run01,lavender,10,6,6.0,7.0,S6,5.535781383514404e-05
lavender-only-horizontal-run01,lavender,10,6,6.0,7.0,S7,0.0018848180770874023
lavender-only-horizontal-run01,lavender,10,6,6.0,7.0,S8,0.003821253776550293
lavender-only-horizontal-run01,lavender,10,6,6.0,7.0,S9,0.008790254592895508
lavender-only-horizontal-run01,lavender,10,6,6.0,7.0,S10,0.0004105567932128906
lavender-only-horizontal-run01,lavender,10,6,6.0,7.0,S11,-0.0005159378051757812
lavender-only-horizontal-run01,lavender,10,6,6.0,7.0,S12,0.00412866473197937
lavender-only-horizontal-run01,lavender,10,6,6.0,7.0,S13,0.004000484943389893
lavender-only-horizontal-run01,lavender,10,6,6.0,7.0,S14,0.0034346580505371094
lavender-only-horizontal-run01,lavender,10,6,6.0,7.0,S15,0.0023041963577270508
lavender-only-horizontal-run01,lavender,10,6,6.0,7.0,S16,0.0011714696884155273
lavender-only-horizontal-run01,lavender,10,6,6.0,7.0,S17,0.011976480484008789
lavender-only-horizontal-run01,lavender,10,6,6.0,7.0,S18,0.0051444172859191895
lavender-only-horizontal-run01,lavender,10,6,6.0,7.0,S19,0.0016567707061767578
lavender-only-horizontal-run01,lavender,10,6,6.0,7.0,S20,0.00706559419631958
lavender-only-horizontal-run01,lavender,10,6,6.0,7.0,S21,0.0024931728839874268
lavender-only-horizontal-run01,lavender,10,6,6.0,7.0,S22,0.002701401710510254
lavender-only-horizontal-run01,lavender,10,6,6.0,7.0,S23,0.0019713640213012695
lavender-only-horizontal-run01,lavender,10,6,6.0,7.0,S24,0.006257057189941406
lavender-only-horizontal-run01,lavender,10,6,6.0,7.0,S25,0.0042945146560668945
lavender-only-horizontal-run01,lavender,10,6,6.0,7.0,S26,0.02127128839492798
lavender-only-horizontal-run01,lavender,10,6,6.0,7.0,S27,0.0004067420959472656
lavender-only-horizontal-run01,lavender,10,6,6.0,7.0,S28,0.010889410972595215
lavender-only-horizontal-run01,lavender,10,6,6.0,7.0,S29,0.013402163982391357
lavender-only-horizontal-run01,lavender,10,6,6.0,7.0,S30,0.0010153353214263916
lavender-only-horizontal-run01,lavender,10,6,6.0,7.0,S31,0.0011898279190063477
lavender-only-horizontal-run01,lavender,10,6,6.0,7.0,S32,0.003150373697280884
inverted-caret-lavender-left-mint-right-run01,mint,0,0,0.0,1.0,S1,-0.001488327980041504
inverted-caret-lavender-left-mint-right-run01,mint,0,0,0.0,1.0,S2,-0.001622915267944336
inverted-caret-lavender-left-mint-right-run01,mint,0,0,0.0,1.0,S3,0.0014821290969848633
inverted-caret-lavender-left-mint-right-run01,mint,0,0,0.0,1.0,S4,-0.0016154646873474121
inverted-caret-lavender-left-mint-right-run01,mint,0,0,0.0,1.0,S5,-0.00044840574264526367
inverted-caret-lavender-left-mint-right-run01,mint,0,0,0.0,1.0,S6,-1.2785196304321289e-05
inverted-caret-lavender-left-mint-right-run01,mint,0,0,0.0,1.0,S7,0.0027292966842651367
inverted-caret-lavender-left-mint-right-run01,mint,0,0,0.0,1.0,S8,-0.0004076957702636719
inverted-caret-lavender-left-mint-right-run01,mint,0,0,0.0,1.0,S9,-0.0004342198371887207
inverted-caret-lavender-left-mint-right-run01,mint,0,0,0.0,1.0,S10,-6.80088996887207e-05
inverted-caret-lavender-left-mint-right-run01,mint,0,0,0.0,1.0,S11,0.00023996829986572266
inverted-caret-lavender-left-mint-right-run01,mint,0,0,0.0,1.0,S12,-0.0003008544445037842
inverted-caret-lavender-left-mint-right-run01,mint,0,0,0.0,1.0,S13,-0.00028377771377563477
inverted-caret-lavender-left-mint-right-run01,mint,0,0,0.0,1.0,S14,-0.00019660592079162598
inverted-caret-lavender-left-mint-right-run01,mint,0,0,0.0,1.0,S15,-0.000152587890625
inverted-caret-lavender-left-mint-right-run01,mint,0,0,0.0,1.0,S16,-8.147954940795898e-05
inverted-caret-lavender-left-mint-right-run01,mint,0,0,0.0,1.0,S17,-0.001032114028930664
inverted-caret-lavender-left-mint-right-run01,mint,0,0,0.0,1.0,S18,-0.000445634126663208
inverted-caret-lavender-left-mint-right-run01,mint,0,0,0.0,1.0,S19,0.0011620521545410156
inverted-caret-lavender-left-mint-right-run01,mint,0,0,0.0,1.0,S20,-0.0004528164863586426
inverted-caret-lavender-left-mint-right-run01,mint,0,0,0.0,1.0,S21,-0.00016170740127563477
inverted-caret-lavender-left-mint-right-run01,mint,0,0,0.0,1.0,S22,-0.00015866756439208984
inverted-caret-lavender-left-mint-right-run01,mint,0,0,0.0,1.0,S23,0.002606987953186035
inverted-caret-lavender-left-mint-right-run01,mint,0,0,0.0,1.0,S24,-0.00017786026000976562
inverted-caret-lavender-left-mint-right-run01,mint,0,0,0.0,1.0,S25,-0.00017964839935302734
inverted-caret-lavender-left-mint-right-run01,mint,0,0,0.0,1.0,S26,-0.0009447336196899414
inverted-caret-lavender-left-mint-right-run01,mint,0,0,0.0,1.0,S27,-0.0004602670669555664
inverted-caret-lavender-left-mint-right-run01,mint,0,0,0.0,1.0,S28,-0.0009542107582092285
inverted-caret-lavender-left-mint-right-run01,mint,0,0,0.0,1.0,S29,-0.0009466409683227539
inverted-caret-lavender-left-mint-right-run01,mint,0,0,0.0,1.0,S30,-4.616379737854004e-05
inverted-caret-lavender-left-mint-right-run01,mint,0,0,0.0,1.0,S31,-0.001267552375793457
inverted-caret-lavender-left-mint-right-run01,mint,0,0,0.0,1.0,S32,-0.00017130374908447266
inverted-caret-lavender-left-mint-right-run01,mint,0,3,3.0,4.0,S1,-0.020092487335205078
inverted-caret-lavender-left-mint-right-run01,mint,0,3,3.0,4.0,S2,-0.02056407928466797
inverted-caret-lavender-left-mint-right-run01,mint,0,3,3.0,4.0,S3,-9.298324584960938e-05
inverted-caret-lavender-left-mint-right-run01,mint,0,3,3.0,4.0,S4,-0.013775110244750977
inverted-caret-lavender-left-mint-right-run01,mint,0,3,3.0,4.0,S5,-0.003012537956237793
inverted-caret-lavender-left-mint-right-run01,mint,0,3,3.0,4.0,S6,-3.49581241607666e-05
inverted-caret-lavender-left-mint-right-run01,mint,0,3,3.0,4.0,S7,0.00023055076599121094
inverted-caret-lavender-left-mint-right-run01,mint,0,3,3.0,4.0,S8,-0.0026701688766479492
inverted-caret-lavender-left-mint-right-run01,mint,0,3,3.0,4.0,S9,-0.0036611557006835938
inverted-caret-lavender-left-mint-right-run01,mint,0,3,3.0,4.0,S10,-0.0002840757369995117
inverted-caret-lavender-left-mint-right-run01,mint,0,3,3.0,4.0,S11,0.0005695819854736328
inverted-caret-lavender-left-mint-right-run01,mint,0,3,3.0,4.0,S12,-0.0022445321083068848
inverted-caret-lavender-left-mint-right-run01,mint,0,3,3.0,4.0,S13,-0.002134084701538086
inverted-caret-lavender-left-mint-right-run01,mint,0,3,3.0,4.0,S14,-0.0017063021659851074
inverted-caret-lavender-left-mint-right-run01,mint,0,3,3.0,4.0,S15,0.0024034976959228516
inverted-caret-lavender-left-mint-right-run01,mint,0,3,3.0,4.0,S16,-0.000644385814666748
inverted-caret-lavender-left-mint-right-run01,mint,0,3,3.0,4.0,S17,-0.0072596073150634766
inverted-caret-lavender-left-mint-right-run01,mint,0,3,3.0,4.0,S18,-0.002995789051055908
inverted-caret-lavender-left-mint-right-run01,mint,0,3,3.0,4.0,S19,0.0005435943603515625
inverted-caret-lavender-left-mint-right-run01,mint,0,3,3.0,4.0,S20,-0.0033260583877563477
inverted-caret-lavender-left-mint-right-run01,mint,0,3,3.0,4.0,S21,-0.0012377500534057617
inverted-caret-lavender-left-mint-right-run01,mint,0,3,3.0,4.0,S22,-0.001018822193145752
inverted-caret-lavender-left-mint-right-run01,mint,0,3,3.0,4.0,S23,-5.054473876953125e-05
inverted-caret-lavender-left-mint-right-run01,mint,0,3,3.0,4.0,S24,-0.0015940666198730469
inverted-caret-lavender-left-mint-right-run01,mint,0,3,3.0,4.0,S25,-0.0016663074493408203
inverted-caret-lavender-left-mint-right-run01,mint,0,3,3.0,4.0,S26,-0.008049368858337402
inverted-caret-lavender-left-mint-right-run01,mint,0,3,3.0,4.0,S27,-0.001687765121459961
inverted-caret-lavender-left-mint-right-run01,mint,0,3,3.0,4.0,S28,-0.006285429000854492
inverted-caret-lavender-left-mint-right-run01,mint,0,3,3.0,4.0,S29,-0.006768345832824707
inverted-caret-lavender-left-mint-right-run01,mint,0,3,3.0,4.0,S30,-0.000552058219909668
inverted-caret-lavender-left-mint-right-run01,mint,0,3,3.0,4.0,S31,-0.00024056434631347656
inverted-caret-lavender-left-mint-right-run01,mint,0,3,3.0,4.0,S32,-0.0012038350105285645
inverted-caret-lavender-left-mint-right-run01,mint,0,4,4.0,5.0,S1,-0.006459355354309082
inverted-caret-lavender-left-mint-right-run01,mint,0,4,4.0,5.0,S2,-0.007794857025146484
inverted-caret-lavender-left-mint-right-run01,mint,0,4,4.0,5.0,S3,0.0009096860885620117
inverted-caret-lavender-left-mint-right-run01,mint,0,4,4.0,5.0,S4,-0.007476150989532471
inverted-caret-lavender-left-mint-right-run01,mint,0,4,4.0,5.0,S5,-0.0020644664764404297
inverted-caret-lavender-left-mint-right-run01,mint,0,4,4.0,5.0,S6,-2.1383166313171387e-05
inverted-caret-lavender-left-mint-right-run01,mint,0,4,4.0,5.0,S7,-0.0013397932052612305
inverted-caret-lavender-left-mint-right-run01,mint,0,4,4.0,5.0,S8,-0.0019107460975646973
inverted-caret-lavender-left-mint-right-run01,mint,0,4,4.0,5.0,S9,-0.0015712380409240723
inverted-caret-lavender-left-mint-right-run01,mint,0,4,4.0,5.0,S10,-0.00017881393432617188
inverted-caret-lavender-left-mint-right-run01,mint,0,4,4.0,5.0,S11,-0.00018274784088134766
inverted-caret-lavender-left-mint-right-run01,mint,0,4,4.0,5.0,S12,-0.0013045072555541992
inverted-caret-lavender-left-mint-right-run01,mint,0,4,4.0,5.0,S13,-0.0012956857681274414
inverted-caret-lavender-left-mint-right-run01,mint,0,4,4.0,5.0,S14,-0.00094565749168396
inverted-caret-lavender-left-mint-right-run01,mint,0,4,4.0,5.0,S15,0.0012725591659545898
inverted-caret-lavender-left-mint-right-run01,mint,0,4,4.0,5.0,S16,-0.0004012882709503174
inverted-caret-lavender-left-mint-right-run01,mint,0,4,4.0,5.0,S17,-0.005100667476654053
inverted-caret-lavender-left-mint-right-run01,mint,0,4,4.0,5.0,S18,-0.0019957125186920166
inverted-caret-lavender-left-mint-right-run01,mint,0,4,4.0,5.0,S19,0.0014700889587402344
inverted-caret-lavender-left-mint-right-run01,mint,0,4,4.0,5.0,S20,-0.001988053321838379
inverted-caret-lavender-left-mint-right-run01,mint,0,4,4.0,5.0,S21,-0.0008231699466705322
inverted-caret-lavender-left-mint-right-run01,mint,0,4,4.0,5.0,S22,-0.0005643665790557861
inverted-caret-lavender-left-mint-right-run01,mint,0,4,4.0,5.0,S23,0.0022906064987182617
inverted-caret-lavender-left-mint-right-run01,mint,0,4,4.0,5.0,S24,-0.0005058646202087402
inverted-caret-lavender-left-mint-right-run01,mint,0,4,4.0,5.0,S25,-0.0010808706283569336
inverted-caret-lavender-left-mint-right-run01,mint,0,4,4.0,5.0,S26,-0.004172325134277344
inverted-caret-lavender-left-mint-right-run01,mint,0,4,4.0,5.0,S27,0.001516103744506836
inverted-caret-lavender-left-mint-right-run01,mint,0,4,4.0,5.0,S28,-0.004764139652252197
inverted-caret-lavender-left-mint-right-run01,mint,0,4,4.0,5.0,S29,-0.004493534564971924
inverted-caret-lavender-left-mint-right-run01,mint,0,4,4.0,5.0,S30,-0.0004197657108306885
inverted-caret-lavender-left-mint-right-run01,mint,0,4,4.0,5.0,S31,0.002355813980102539
inverted-caret-lavender-left-mint-right-run01,mint,0,4,4.0,5.0,S32,-0.0007959902286529541
inverted-caret-lavender-left-mint-right-run01,mint,1,0,0.0,1.0,S1,0.0030100345611572266
inverted-caret-lavender-left-mint-right-run01,mint,1,0,0.0,1.0,S2,0.002359628677368164
inverted-caret-lavender-left-mint-right-run01,mint,1,0,0.0,1.0,S3,-0.0005517005920410156
inverted-caret-lavender-left-mint-right-run01,mint,1,0,0.0,1.0,S4,0.0008112192153930664
inverted-caret-lavender-left-mint-right-run01,mint,1,0,0.0,1.0,S5,0.0
inverted-caret-lavender-left-mint-right-run01,mint,1,0,0.0,1.0,S6,0.0
inverted-caret-lavender-left-mint-right-run01,mint,1,0,0.0,1.0,S7,-0.0007984638214111328
inverted-caret-lavender-left-mint-right-run01,mint,1,0,0.0,1.0,S8,0.00010824203491210938
inverted-caret-lavender-left-mint-right-run01,mint,1,0,0.0,1.0,S9,0.00047409534454345703
inverted-caret-lavender-left-mint-right-run01,mint,1,0,0.0,1.0,S10,0.0
inverted-caret-lavender-left-mint-right-run01,mint,1,0,0.0,1.0,S11,-5.984306335449219e-05
inverted-caret-lavender-left-mint-right-run01,mint,1,0,0.0,1.0,S12,9.173154830932617e-05
inverted-caret-lavender-left-mint-right-run01,mint,1,0,0.0,1.0,S13,3.325939178466797e-05
inverted-caret-lavender-left-mint-right-run01,mint,1,0,0.0,1.0,S14,8.314847946166992e-05
inverted-caret-lavender-left-mint-right-run01,mint,1,0,0.0,1.0,S15,0.0
inverted-caret-lavender-left-mint-right-run01,mint,1,0,0.0,1.0,S16,1.9073486328125e-05
inverted-caret-lavender-left-mint-right-run01,mint,1,0,0.0,1.0,S17,0.00013947486877441406
inverted-caret-lavender-left-mint-right-run01,mint,1,0,0.0,1.0,S18,5.269050598144531e-05
inverted-caret-lavender-left-mint-right-run01,mint,1,0,0.0,1.0,S19,-2.47955322265625e-05
inverted-caret-lavender-left-mint-right-run01,mint,1,0,0.0,1.0,S20,0.00023293495178222656
inverted-caret-lavender-left-mint-right-run01,mint,1,0,0.0,1.0,S21,8.100271224975586e-05
inverted-caret-lavender-left-mint-right-run01,mint,1,0,0.0,1.0,S22,0.0001429915428161621
inverted-caret-lavender-left-mint-right-run01,mint,1,0,0.0,1.0,S23,-0.002337932586669922
inverted-caret-lavender-left-mint-right-run01,mint,1,0,0.0,1.0,S24,0.0005934238433837891
inverted-caret-lavender-left-mint-right-run01,mint,1,0,0.0,1.0,S25,0.0002613067626953125
inverted-caret-lavender-left-mint-right-run01,mint,1,0,0.0,1.0,S26,0.001453995704650879
inverted-caret-lavender-left-mint-right-run01,mint,1,0,0.0,1.0,S27,0.0
inverted-caret-lavender-left-mint-right-run01,mint,1,0,0.0,1.0,S28,3.361701965332031e-05
inverted-caret-lavender-left-mint-right-run01,mint,1,0,0.0,1.0,S29,0.0004639625549316406
inverted-caret-lavender-left-mint-right-run01,mint,1,0,0.0,1.0,S30,5.805492401123047e-05
inverted-caret-lavender-left-mint-right-run01,mint,1,0,0.0,1.0,S31,-0.0016131401062011719
inverted-caret-lavender-left-mint-right-run01,mint,1,0,0.0,1.0,S32,5.823373794555664e-05
inverted-caret-lavender-left-mint-right-run01,mint,1,4,4.0,5.0,S1,0.008273839950561523
inverted-caret-lavender-left-mint-right-run01,mint,1,4,4.0,5.0,S2,0.006360292434692383
inverted-caret-lavender-left-mint-right-run01,mint,1,4,4.0,5.0,S3,-0.0014469623565673828
inverted-caret-lavender-left-mint-right-run01,mint,1,4,4.0,5.0,S4,0.001037895679473877
inverted-caret-lavender-left-mint-right-run01,mint,1,4,4.0,5.0,S5,-0.0006240010261535645
inverted-caret-lavender-left-mint-right-run01,mint,1,4,4.0,5.0,S6,-7.076561450958252e-05
inverted-caret-lavender-left-mint-right-run01,mint,1,4,4.0,5.0,S7,-0.001360774040222168
inverted-caret-lavender-left-mint-right-run01,mint,1,4,4.0,5.0,S8,-0.0005760788917541504
inverted-caret-lavender-left-mint-right-run01,mint,1,4,4.0,5.0,S9,0.000901639461517334
inverted-caret-lavender-left-mint-right-run01,mint,1,4,4.0,5.0,S10,-0.00010246038436889648
inverted-caret-lavender-left-mint-right-run01,mint,1,4,4.0,5.0,S11,-0.00031816959381103516
inverted-caret-lavender-left-mint-right-run01,mint,1,4,4.0,5.0,S12,-7.468461990356445e-05
inverted-caret-lavender-left-mint-right-run01,mint,1,4,4.0,5.0,S13,-8.392333984375e-05
inverted-caret-lavender-left-mint-right-run01,mint,1,4,4.0,5.0,S14,7.468461990356445e-05
inverted-caret-lavender-left-mint-right-run01,mint,1,4,4.0,5.0,S15,0.0021849870681762695
inverted-caret-lavender-left-mint-right-run01,mint,1,4,4.0,5.0,S16,-3.2395124435424805e-05
inverted-caret-lavender-left-mint-right-run01,mint,1,4,4.0,5.0,S17,-0.0010366439819335938
inverted-caret-lavender-left-mint-right-run01,mint,1,4,4.0,5.0,S18,-0.00046509504318237305
inverted-caret-lavender-left-mint-right-run01,mint,1,4,4.0,5.0,S19,0.00043082237243652344
inverted-caret-lavender-left-mint-right-run01,mint,1,4,4.0,5.0,S20,2.5272369384765625e-05
inverted-caret-lavender-left-mint-right-run01,mint,1,4,4.0,5.0,S21,-7.11679458618164e-05
inverted-caret-lavender-left-mint-right-run01,mint,1,4,4.0,5.0,S22,0.0001989603042602539
inverted-caret-lavender-left-mint-right-run01,mint,1,4,4.0,5.0,S23,-0.001315474510192871
inverted-caret-lavender-left-mint-right-run01,mint,1,4,4.0,5.0,S24,0.0012031793594360352
inverted-caret-lavender-left-mint-right-run01,mint,1,4,4.0,5.0,S25,0.00030416250228881836
inverted-caret-lavender-left-mint-right-run01,mint,1,4,4.0,5.0,S26,0.0017967820167541504
inverted-caret-lavender-left-mint-right-run01,mint,1,4,4.0,5.0,S27,-0.001160264015197754
inverted-caret-lavender-left-mint-right-run01,mint,1,4,4.0,5.0,S28,-0.001277625560760498
inverted-caret-lavender-left-mint-right-run01,mint,1,4,4.0,5.0,S29,-0.000599205493927002
inverted-caret-lavender-left-mint-right-run01,mint,1,4,4.0,5.0,S30,-8.991360664367676e-05
inverted-caret-lavender-left-mint-right-run01,mint,1,4,4.0,5.0,S31,-0.00038444995880126953
inverted-caret-lavender-left-mint-right-run01,mint,1,4,4.0,5.0,S32,9.518861770629883e-05
inverted-caret-lavender-left-mint-right-run01,mint,1,7,7.0,8.0,S1,0.0022825002670288086
inverted-caret-lavender-left-mint-right-run01,mint,1,7,7.0,8.0,S2,0.001566171646118164
inverted-caret-lavender-left-mint-right-run01,mint,1,7,7.0,8.0,S3,-9.810924530029297e-05
inverted-caret-lavender-left-mint-right-run01,mint,1,7,7.0,8.0,S4,-0.0018369555473327637
inverted-caret-lavender-left-mint-right-run01,mint,1,7,7.0,8.0,S5,-0.0011208057403564453
inverted-caret-lavender-left-mint-right-run01,mint,1,7,7.0,8.0,S6,-2.656877040863037e-05
inverted-caret-lavender-left-mint-right-run01,mint,1,7,7.0,8.0,S7,0.0008412599563598633
inverted-caret-lavender-left-mint-right-run01,mint,1,7,7.0,8.0,S8,-0.0011928677558898926
inverted-caret-lavender-left-mint-right-run01,mint,1,7,7.0,8.0,S9,-2.1755695343017578e-05
inverted-caret-lavender-left-mint-right-run01,mint,1,7,7.0,8.0,S10,-0.00016987323760986328
inverted-caret-lavender-left-mint-right-run01,mint,1,7,7.0,8.0,S11,0.0014635324478149414
inverted-caret-lavender-left-mint-right-run01,mint,1,7,7.0,8.0,S12,-0.0005112886428833008
inverted-caret-lavender-left-mint-right-run01,mint,1,7,7.0,8.0,S13,-0.000580132007598877
inverted-caret-lavender-left-mint-right-run01,mint,1,7,7.0,8.0,S14,-0.00033226609230041504
inverted-caret-lavender-left-mint-right-run01,mint,1,7,7.0,8.0,S15,0.0004780292510986328
inverted-caret-lavender-left-mint-right-run01,mint,1,7,7.0,8.0,S16,-0.0001952648162841797
inverted-caret-lavender-left-mint-right-run01,mint,1,7,7.0,8.0,S17,-0.002264261245727539
inverted-caret-lavender-left-mint-right-run01,mint,1,7,7.0,8.0,S18,-0.0011553764343261719
inverted-caret-lavender-left-mint-right-run01,mint,1,7,7.0,8.0,S19,0.0012494325637817383
inverted-caret-lavender-left-mint-right-run01,mint,1,7,7.0,8.0,S20,-0.0009770393371582031
inverted-caret-lavender-left-mint-right-run01,mint,1,7,7.0,8.0,S21,-0.00046122074127197266
inverted-caret-lavender-left-mint-right-run01,mint,1,7,7.0,8.0,S22,-0.0002560615539550781
inverted-caret-lavender-left-mint-right-run01,mint,1,7,7.0,8.0,S23,-0.001975536346435547
inverted-caret-lavender-left-mint-right-run01,mint,1,7,7.0,8.0,S24,3.927946090698242e-05
inverted-caret-lavender-left-mint-right-run01,mint,1,7,7.0,8.0,S25,-0.0005508661270141602
inverted-caret-lavender-left-mint-right-run01,mint,1,7,7.0,8.0,S26,-0.0015183091163635254
inverted-caret-lavender-left-mint-right-run01,mint,1,7,7.0,8.0,S27,-0.00043654441833496094
inverted-caret-lavender-left-mint-right-run01,mint,1,7,7.0,8.0,S28,-0.003441751003265381
inverted-caret-lavender-left-mint-right-run01,mint,1,7,7.0,8.0,S29,-0.0026903152465820312
inverted-caret-lavender-left-mint-right-run01,mint,1,7,7.0,8.0,S30,-0.00023353099822998047
inverted-caret-lavender-left-mint-right-run01,mint,1,7,7.0,8.0,S31,1.895427703857422e-05
inverted-caret-lavender-left-mint-right-run01,mint,1,7,7.0,8.0,S32,-0.0005431473255157471
inverted-caret-lavender-left-mint-right-run01,mint,2,0,0.0,1.0,S1,0.006067752838134766
inverted-caret-lavender-left-mint-right-run01,mint,2,0,0.0,1.0,S2,0.004775524139404297
inverted-caret-lavender-left-mint-right-run01,mint,2,0,0.0,1.0,S3,8.738040924072266e-05
inverted-caret-lavender-left-mint-right-run01,mint,2,0,0.0,1.0,S4,0.0008797049522399902
inverted-caret-lavender-left-mint-right-run01,mint,2,0,0.0,1.0,S5,-0.0003460049629211426
inverted-caret-lavender-left-mint-right-run01,mint,2,0,0.0,1.0,S6,-1.4603137969970703e-06
inverted-caret-lavender-left-mint-right-run01,mint,2,0,0.0,1.0,S7,-0.0008282661437988281
inverted-caret-lavender-left-mint-right-run01,mint,2,0,0.0,1.0,S8,-0.00020325183868408203
inverted-caret-lavender-left-mint-right-run01,mint,2,0,0.0,1.0,S9,0.0006625056266784668
inverted-caret-lavender-left-mint-right-run01,mint,2,0,0.0,1.0,S10,-5.3942203521728516e-05
inverted-caret-lavender-left-mint-right-run01,mint,2,0,0.0,1.0,S11,-0.0002796649932861328
inverted-caret-lavender-left-mint-right-run01,mint,2,0,0.0,1.0,S12,1.627206802368164e-05
inverted-caret-lavender-left-mint-right-run01,mint,2,0,0.0,1.0,S13,1.4424324035644531e-05
inverted-caret-lavender-left-mint-right-run01,mint,2,0,0.0,1.0,S14,6.16908073425293e-05
inverted-caret-lavender-left-mint-right-run01,mint,2,0,0.0,1.0,S15,-0.0005415678024291992
inverted-caret-lavender-left-mint-right-run01,mint,2,0,0.0,1.0,S16,-3.364682197570801e-05
inverted-caret-lavender-left-mint-right-run01,mint,2,0,0.0,1.0,S17,-0.00040668249130249023
inverted-caret-lavender-left-mint-right-run01,mint,2,0,0.0,1.0,S18,-0.00017774105072021484
inverted-caret-lavender-left-mint-right-run01,mint,2,0,0.0,1.0,S19,0.0002269744873046875
inverted-caret-lavender-left-mint-right-run01,mint,2,0,0.0,1.0,S20,0.00010055303573608398
inverted-caret-lavender-left-mint-right-run01,mint,2,0,0.0,1.0,S21,-2.619624137878418e-05
inverted-caret-lavender-left-mint-right-run01,mint,2,0,0.0,1.0,S22,0.00014027953147888184
inverted-caret-lavender-left-mint-right-run01,mint,2,0,0.0,1.0,S23,0.0001308917999267578
inverted-caret-lavender-left-mint-right-run01,mint,2,0,0.0,1.0,S24,0.0006982684135437012
inverted-caret-lavender-left-mint-right-run01,mint,2,0,0.0,1.0,S25,8.785724639892578e-05
inverted-caret-lavender-left-mint-right-run01,mint,2,0,0.0,1.0,S26,0.0013275146484375
inverted-caret-lavender-left-mint-right-run01,mint,2,0,0.0,1.0,S27,0.00017881393432617188
inverted-caret-lavender-left-mint-right-run01,mint,2,0,0.0,1.0,S28,-0.0003857612609863281
inverted-caret-lavender-left-mint-right-run01,mint,2,0,0.0,1.0,S29,-0.00014352798461914062
inverted-caret-lavender-left-mint-right-run01,mint,2,0,0.0,1.0,S30,-2.1785497665405273e-05
inverted-caret-lavender-left-mint-right-run01,mint,2,0,0.0,1.0,S31,0.00014340877532958984
inverted-caret-lavender-left-mint-right-run01,mint,2,0,0.0,1.0,S32,0.00012046098709106445
inverted-caret-lavender-left-mint-right-run01,mint,2,1,1.0,2.0,S1,-0.03794074058532715
inverted-caret-lavender-left-mint-right-run01,mint,2,1,1.0,2.0,S2,-0.03549230098724365
inverted-caret-lavender-left-mint-right-run01,mint,2,1,1.0,2.0,S3,-0.0026100873947143555
inverted-caret-lavender-left-mint-right-run01,mint,2,1,1.0,2.0,S4,-0.017787277698516846
inverted-caret-lavender-left-mint-right-run01,mint,2,1,1.0,2.0,S5,-0.0027284622192382812
inverted-caret-lavender-left-mint-right-run01,mint,2,1,1.0,2.0,S6,-6.362795829772949e-06
inverted-caret-lavender-left-mint-right-run01,mint,2,1,1.0,2.0,S7,-0.0002218484878540039
inverted-caret-lavender-left-mint-right-run01,mint,2,1,1.0,2.0,S8,-0.0025143027305603027
inverted-caret-lavender-left-mint-right-run01,mint,2,1,1.0,2.0,S9,-0.005287110805511475
inverted-caret-lavender-left-mint-right-run01,mint,2,1,1.0,2.0,S10,-0.0002288818359375
inverted-caret-lavender-left-mint-right-run01,mint,2,1,1.0,2.0,S11,-0.002678394317626953
inverted-caret-lavender-left-mint-right-run01,mint,2,1,1.0,2.0,S12,-0.0025378763675689697
inverted-caret-lavender-left-mint-right-run01,mint,2,1,1.0,2.0,S13,-0.0024300813674926758
inverted-caret-lavender-left-mint-right-run01,mint,2,1,1.0,2.0,S14,-0.0020302236080169678
inverted-caret-lavender-left-mint-right-run01,mint,2,1,1.0,2.0,S15,-0.0017641782760620117
inverted-caret-lavender-left-mint-right-run01,mint,2,1,1.0,2.0,S16,-0.0007287561893463135
inverted-caret-lavender-left-mint-right-run01,mint,2,1,1.0,2.0,S17,-0.007508516311645508
inverted-caret-lavender-left-mint-right-run01,mint,2,1,1.0,2.0,S18,-0.0031603574752807617
inverted-caret-lavender-left-mint-right-run01,mint,2,1,1.0,2.0,S19,-0.0005307197570800781
inverted-caret-lavender-left-mint-right-run01,mint,2,1,1.0,2.0,S20,-0.004197180271148682
inverted-caret-lavender-left-mint-right-run01,mint,2,1,1.0,2.0,S21,-0.0014894306659698486
inverted-caret-lavender-left-mint-right-run01,mint,2,1,1.0,2.0,S22,-0.0015129148960113525
inverted-caret-lavender-left-mint-right-run01,mint,2,1,1.0,2.0,S23,0.001037001609802246
inverted-caret-lavender-left-mint-right-run01,mint,2,1,1.0,2.0,S24,-0.0032156705856323242
inverted-caret-lavender-left-mint-right-run01,mint,2,1,1.0,2.0,S25,-0.0023967623710632324
inverted-caret-lavender-left-mint-right-run01,mint,2,1,1.0,2.0,S26,-0.0123518705368042
inverted-caret-lavender-left-mint-right-run01,mint,2,1,1.0,2.0,S27,-0.0022192001342773438
inverted-caret-lavender-left-mint-right-run01,mint,2,1,1.0,2.0,S28,-0.006742358207702637
inverted-caret-lavender-left-mint-right-run01,mint,2,1,1.0,2.0,S29,-0.00793468952178955
inverted-caret-lavender-left-mint-right-run01,mint,2,1,1.0,2.0,S30,-0.0006068944931030273
inverted-caret-lavender-left-mint-right-run01,mint,2,1,1.0,2.0,S31,0.00042247772216796875
inverted-caret-lavender-left-mint-right-run01,mint,2,1,1.0,2.0,S32,-0.001730203628540039
inverted-caret-lavender-left-mint-right-run01,mint,2,2,2.0,3.0,S1,0.00941014289855957
inverted-caret-lavender-left-mint-right-run01,mint,2,2,2.0,3.0,S2,0.007336854934692383
inverted-caret-lavender-left-mint-right-run01,mint,2,2,2.0,3.0,S3,0.0005309581756591797
inverted-caret-lavender-left-mint-right-run01,mint,2,2,2.0,3.0,S4,0.0009047985076904297
inverted-caret-lavender-left-mint-right-run01,mint,2,2,2.0,3.0,S5,-0.0005766153335571289
inverted-caret-lavender-left-mint-right-run01,mint,2,2,2.0,3.0,S6,-5.662441253662109e-06
inverted-caret-lavender-left-mint-right-run01,mint,2,2,2.0,3.0,S7,0.00033736228942871094
inverted-caret-lavender-left-mint-right-run01,mint,2,2,2.0,3.0,S8,-0.0004222393035888672
inverted-caret-lavender-left-mint-right-run01,mint,2,2,2.0,3.0,S9,0.0009409189224243164
inverted-caret-lavender-left-mint-right-run01,mint,2,2,2.0,3.0,S10,-9.620189666748047e-05
inverted-caret-lavender-left-mint-right-run01,mint,2,2,2.0,3.0,S11,0.0006053447723388672
inverted-caret-lavender-left-mint-right-run01,mint,2,2,2.0,3.0,S12,-3.4749507904052734e-05
inverted-caret-lavender-left-mint-right-run01,mint,2,2,2.0,3.0,S13,-8.928775787353516e-05
inverted-caret-lavender-left-mint-right-run01,mint,2,2,2.0,3.0,S14,4.285573959350586e-05
inverted-caret-lavender-left-mint-right-run01,mint,2,2,2.0,3.0,S15,0.00018835067749023438
inverted-caret-lavender-left-mint-right-run01,mint,2,2,2.0,3.0,S16,-6.198883056640625e-05
inverted-caret-lavender-left-mint-right-run01,mint,2,2,2.0,3.0,S17,-0.0009207725524902344
inverted-caret-lavender-left-mint-right-run01,mint,2,2,2.0,3.0,S18,-0.0004055500030517578
inverted-caret-lavender-left-mint-right-run01,mint,2,2,2.0,3.0,S19,0.00011849403381347656
inverted-caret-lavender-left-mint-right-run01,mint,2,2,2.0,3.0,S20,-3.933906555175781e-05
inverted-caret-lavender-left-mint-right-run01,mint,2,2,2.0,3.0,S21,-0.00011724233627319336
inverted-caret-lavender-left-mint-right-run01,mint,2,2,2.0,3.0,S22,0.00010442733764648438
inverted-caret-lavender-left-mint-right-run01,mint,2,2,2.0,3.0,S23,0.001953125
inverted-caret-lavender-left-mint-right-run01,mint,2,2,2.0,3.0,S24,0.0009877681732177734
inverted-caret-lavender-left-mint-right-run01,mint,2,2,2.0,3.0,S25,0.00013768672943115234
inverted-caret-lavender-left-mint-right-run01,mint,2,2,2.0,3.0,S26,0.0015287399291992188
inverted-caret-lavender-left-mint-right-run01,mint,2,2,2.0,3.0,S27,0.0028107166290283203
inverted-caret-lavender-left-mint-right-run01,mint,2,2,2.0,3.0,S28,-0.0009196996688842773
inverted-caret-lavender-left-mint-right-run01,mint,2,2,2.0,3.0,S29,-0.0004888772964477539
inverted-caret-lavender-left-mint-right-run01,mint,2,2,2.0,3.0,S30,-6.693601608276367e-05
inverted-caret-lavender-left-mint-right-run01,mint,2,2,2.0,3.0,S31,0.0008416175842285156
inverted-caret-lavender-left-mint-right-run01,mint,2,2,2.0,3.0,S32,9.936094284057617e-05
inverted-caret-lavender-left-mint-right-run01,mint,2,5,5.0,6.0,S1,-0.01017296314239502
inverted-caret-lavender-left-mint-right-run01,mint,2,5,5.0,6.0,S2,-0.0115736722946167
inverted-caret-lavender-left-mint-right-run01,mint,2,5,5.0,6.0,S3,0.0015423297882080078
inverted-caret-lavender-left-mint-right-run01,mint,2,5,5.0,6.0,S4,-0.00890737771987915
inverted-caret-lavender-left-mint-right-run01,mint,2,5,5.0,6.0,S5,-0.0021767616271972656
inverted-caret-lavender-left-mint-right-run01,mint,2,5,5.0,6.0,S6,-4.254281520843506e-05
inverted-caret-lavender-left-mint-right-run01,mint,2,5,5.0,6.0,S7,0.0015779733657836914
inverted-caret-lavender-left-mint-right-run01,mint,2,5,5.0,6.0,S8,-0.0016798973083496094
inverted-caret-lavender-left-mint-right-run01,mint,2,5,5.0,6.0,S9,-0.002020716667175293
inverted-caret-lavender-left-mint-right-run01,mint,2,5,5.0,6.0,S10,-0.00018453598022460938
inverted-caret-lavender-left-mint-right-run01,mint,2,5,5.0,6.0,S11,0.0016291141510009766
inverted-caret-lavender-left-mint-right-run01,mint,2,5,5.0,6.0,S12,-0.001469641923904419
inverted-caret-lavender-left-mint-right-run01,mint,2,5,5.0,6.0,S13,-0.0013623237609863281
inverted-caret-lavender-left-mint-right-run01,mint,2,5,5.0,6.0,S14,-0.0010218918323516846
inverted-caret-lavender-left-mint-right-run01,mint,2,5,5.0,6.0,S15,0.0013653039932250977
inverted-caret-lavender-left-mint-right-run01,mint,2,5,5.0,6.0,S16,-0.00043275952339172363
inverted-caret-lavender-left-mint-right-run01,mint,2,5,5.0,6.0,S17,-0.004937410354614258
inverted-caret-lavender-left-mint-right-run01,mint,2,5,5.0,6.0,S18,-0.001895517110824585
inverted-caret-lavender-left-mint-right-run01,mint,2,5,5.0,6.0,S19,-0.0019205808639526367
inverted-caret-lavender-left-mint-right-run01,mint,2,5,5.0,6.0,S20,-0.0018677711486816406
inverted-caret-lavender-left-mint-right-run01,mint,2,5,5.0,6.0,S21,-0.0007098913192749023
inverted-caret-lavender-left-mint-right-run01,mint,2,5,5.0,6.0,S22,-0.0004399120807647705
inverted-caret-lavender-left-mint-right-run01,mint,2,5,5.0,6.0,S23,-0.0019115209579467773
inverted-caret-lavender-left-mint-right-run01,mint,2,5,5.0,6.0,S24,2.1517276763916016e-05
inverted-caret-lavender-left-mint-right-run01,mint,2,5,5.0,6.0,S25,-0.0006905198097229004
inverted-caret-lavender-left-mint-right-run01,mint,2,5,5.0,6.0,S26,-0.0028987526893615723
inverted-caret-lavender-left-mint-right-run01,mint,2,5,5.0,6.0,S27,-0.0029867887496948242
inverted-caret-lavender-left-mint-right-run01,mint,2,5,5.0,6.0,S28,-0.0031359195709228516
inverted-caret-lavender-left-mint-right-run01,mint,2,5,5.0,6.0,S29,-0.003530561923980713
inverted-caret-lavender-left-mint-right-run01,mint,2,5,5.0,6.0,S30,-0.00023347139358520508
inverted-caret-lavender-left-mint-right-run01,mint,2,5,5.0,6.0,S31,-0.0017207860946655273
inverted-caret-lavender-left-mint-right-run01,mint,2,5,5.0,6.0,S32,-0.00029772520065307617
inverted-caret-lavender-left-mint-right-run01,mint,2,6,6.0,7.0,S1,0.005625486373901367
inverted-caret-lavender-left-mint-right-run01,mint,2,6,6.0,7.0,S2,0.0023342370986938477
inverted-caret-lavender-left-mint-right-run01,mint,2,6,6.0,7.0,S3,0.002154111862182617
inverted-caret-lavender-left-mint-right-run01,mint,2,6,6.0,7.0,S4,-0.002843797206878662
inverted-caret-lavender-left-mint-right-run01,mint,2,6,6.0,7.0,S5,-0.0015496611595153809
inverted-caret-lavender-left-mint-right-run01,mint,2,6,6.0,7.0,S6,-1.074373722076416e-05
inverted-caret-lavender-left-mint-right-run01,mint,2,6,6.0,7.0,S7,-0.0007071495056152344
inverted-caret-lavender-left-mint-right-run01,mint,2,6,6.0,7.0,S8,-0.00103759765625
inverted-caret-lavender-left-mint-right-run01,mint,2,6,6.0,7.0,S9,3.254413604736328e-05
inverted-caret-lavender-left-mint-right-run01,mint,2,6,6.0,7.0,S10,-0.00011551380157470703
inverted-caret-lavender-left-mint-right-run01,mint,2,6,6.0,7.0,S11,-0.000987410545349121
inverted-caret-lavender-left-mint-right-run01,mint,2,6,6.0,7.0,S12,-0.0006873607635498047
inverted-caret-lavender-left-mint-right-run01,mint,2,6,6.0,7.0,S13,-0.0006244182586669922
inverted-caret-lavender-left-mint-right-run01,mint,2,6,6.0,7.0,S14,-0.00035440921783447266
inverted-caret-lavender-left-mint-right-run01,mint,2,6,6.0,7.0,S15,-0.0003072023391723633
inverted-caret-lavender-left-mint-right-run01,mint,2,6,6.0,7.0,S16,-0.00024959444999694824
inverted-caret-lavender-left-mint-right-run01,mint,2,6,6.0,7.0,S17,-0.0031614303588867188
inverted-caret-lavender-left-mint-right-run01,mint,2,6,6.0,7.0,S18,-0.001206427812576294
inverted-caret-lavender-left-mint-right-run01,mint,2,6,6.0,7.0,S19,0.002301812171936035
inverted-caret-lavender-left-mint-right-run01,mint,2,6,6.0,7.0,S20,-0.0007981061935424805
inverted-caret-lavender-left-mint-right-run01,mint,2,6,6.0,7.0,S21,-0.00042253732681274414
inverted-caret-lavender-left-mint-right-run01,mint,2,6,6.0,7.0,S22,-0.0001265406608581543
inverted-caret-lavender-left-mint-right-run01,mint,2,6,6.0,7.0,S23,-0.0022104978561401367
inverted-caret-lavender-left-mint-right-run01,mint,2,6,6.0,7.0,S24,0.000755012035369873
inverted-caret-lavender-left-mint-right-run01,mint,2,6,6.0,7.0,S25,-0.0003116130828857422
inverted-caret-lavender-left-mint-right-run01,mint,2,6,6.0,7.0,S26,-0.0004933476448059082
inverted-caret-lavender-left-mint-right-run01,mint,2,6,6.0,7.0,S27,-0.0014710426330566406
inverted-caret-lavender-left-mint-right-run01,mint,2,6,6.0,7.0,S28,-0.0023221373558044434
inverted-caret-lavender-left-mint-right-run01,mint,2,6,6.0,7.0,S29,-0.002166271209716797
inverted-caret-lavender-left-mint-right-run01,mint,2,6,6.0,7.0,S30,-0.0001806020736694336
inverted-caret-lavender-left-mint-right-run01,mint,2,6,6.0,7.0,S31,-0.00035202503204345703
inverted-caret-lavender-left-mint-right-run01,mint,2,6,6.0,7.0,S32,-0.00017318129539489746
inverted-caret-lavender-left-mint-right-run01,mint,3,0,0.0,1.0,S1,0.0023975372314453125
inverted-caret-lavender-left-mint-right-run01,mint,3,0,0.0,1.0,S2,0.0027146339416503906
inverted-caret-lavender-left-mint-right-run01,mint,3,0,0.0,1.0,S3,0.0001964569091796875
inverted-caret-lavender-left-mint-right-run01,mint,3,0,0.0,1.0,S4,0.000825345516204834
inverted-caret-lavender-left-mint-right-run01,mint,3,0,0.0,1.0,S5,0.00011044740676879883
inverted-caret-lavender-left-mint-right-run01,mint,3,0,0.0,1.0,S6,-7.718801498413086e-06
inverted-caret-lavender-left-mint-right-run01,mint,3,0,0.0,1.0,S7,-2.384185791015625e-07
inverted-caret-lavender-left-mint-right-run01,mint,3,0,0.0,1.0,S8,0.00012153387069702148
inverted-caret-lavender-left-mint-right-run01,mint,3,0,0.0,1.0,S9,0.0002911686897277832
inverted-caret-lavender-left-mint-right-run01,mint,3,0,0.0,1.0,S10,1.239776611328125e-05
inverted-caret-lavender-left-mint-right-run01,mint,3,0,0.0,1.0,S11,-0.001146554946899414
inverted-caret-lavender-left-mint-right-run01,mint,3,0,0.0,1.0,S12,7.492303848266602e-05
inverted-caret-lavender-left-mint-right-run01,mint,3,0,0.0,1.0,S13,7.253885269165039e-05
inverted-caret-lavender-left-mint-right-run01,mint,3,0,0.0,1.0,S14,6.252527236938477e-05
inverted-caret-lavender-left-mint-right-run01,mint,3,0,0.0,1.0,S15,-0.001176595687866211
inverted-caret-lavender-left-mint-right-run01,mint,3,0,0.0,1.0,S16,2.1159648895263672e-05
inverted-caret-lavender-left-mint-right-run01,mint,3,0,0.0,1.0,S17,0.00027573108673095703
inverted-caret-lavender-left-mint-right-run01,mint,3,0,0.0,1.0,S18,0.00012916326522827148
inverted-caret-lavender-left-mint-right-run01,mint,3,0,0.0,1.0,S19,0.0011756420135498047
inverted-caret-lavender-left-mint-right-run01,mint,3,0,0.0,1.0,S20,0.00014102458953857422
inverted-caret-lavender-left-mint-right-run01,mint,3,0,0.0,1.0,S21,4.83393669128418e-05
inverted-caret-lavender-left-mint-right-run01,mint,3,0,0.0,1.0,S22,-4.76837158203125e-07
inverted-caret-lavender-left-mint-right-run01,mint,3,0,0.0,1.0,S23,0.0014605522155761719
inverted-caret-lavender-left-mint-right-run01,mint,3,0,0.0,1.0,S24,1.4841556549072266e-05
inverted-caret-lavender-left-mint-right-run01,mint,3,0,0.0,1.0,S25,0.00014835596084594727
inverted-caret-lavender-left-mint-right-run01,mint,3,0,0.0,1.0,S26,0.00043642520904541016
inverted-caret-lavender-left-mint-right-run01,mint,3,0,0.0,1.0,S27,0.0003012418746948242
inverted-caret-lavender-left-mint-right-run01,mint,3,0,0.0,1.0,S28,0.0005537271499633789
inverted-caret-lavender-left-mint-right-run01,mint,3,0,0.0,1.0,S29,0.00046306848526000977
inverted-caret-lavender-left-mint-right-run01,mint,3,0,0.0,1.0,S30,8.0108642578125e-05
inverted-caret-lavender-left-mint-right-run01,mint,3,0,0.0,1.0,S31,0.0002205371856689453
inverted-caret-lavender-left-mint-right-run01,mint,3,0,0.0,1.0,S32,2.09808349609375e-05
inverted-caret-lavender-left-mint-right-run01,mint,3,1,1.0,2.0,S1,0.01032865047454834
inverted-caret-lavender-left-mint-right-run01,mint,3,1,1.0,2.0,S2,0.009339213371276855
inverted-caret-lavender-left-mint-right-run01,mint,3,1,1.0,2.0,S3,-0.0008707046508789062
inverted-caret-lavender-left-mint-right-run01,mint,3,1,1.0,2.0,S4,0.003640592098236084
inverted-caret-lavender-left-mint-right-run01,mint,3,1,1.0,2.0,S5,0.000492095947265625
inverted-caret-lavender-left-mint-right-run01,mint,3,1,1.0,2.0,S6,-1.004338264465332e-05
inverted-caret-lavender-left-mint-right-run01,mint,3,1,1.0,2.0,S7,-0.001732945442199707
inverted-caret-lavender-left-mint-right-run01,mint,3,1,1.0,2.0,S8,0.000675201416015625
inverted-caret-lavender-left-mint-right-run01,mint,3,1,1.0,2.0,S9,0.0014224052429199219
inverted-caret-lavender-left-mint-right-run01,mint,3,1,1.0,2.0,S10,8.678436279296875e-05
inverted-caret-lavender-left-mint-right-run01,mint,3,1,1.0,2.0,S11,-0.00023090839385986328
inverted-caret-lavender-left-mint-right-run01,mint,3,1,1.0,2.0,S12,0.0005290210247039795
inverted-caret-lavender-left-mint-right-run01,mint,3,1,1.0,2.0,S13,0.0004493594169616699
inverted-caret-lavender-left-mint-right-run01,mint,3,1,1.0,2.0,S14,0.0004373490810394287
inverted-caret-lavender-left-mint-right-run01,mint,3,1,1.0,2.0,S15,-0.0008045434951782227
inverted-caret-lavender-left-mint-right-run01,mint,3,1,1.0,2.0,S16,0.00011983513832092285
inverted-caret-lavender-left-mint-right-run01,mint,3,1,1.0,2.0,S17,0.0012467503547668457
inverted-caret-lavender-left-mint-right-run01,mint,3,1,1.0,2.0,S18,0.0006998181343078613
inverted-caret-lavender-left-mint-right-run01,mint,3,1,1.0,2.0,S19,-0.002325296401977539
inverted-caret-lavender-left-mint-right-run01,mint,3,1,1.0,2.0,S20,0.0009644627571105957
inverted-caret-lavender-left-mint-right-run01,mint,3,1,1.0,2.0,S21,0.0003383457660675049
inverted-caret-lavender-left-mint-right-run01,mint,3,1,1.0,2.0,S22,0.00039377808570861816
inverted-caret-lavender-left-mint-right-run01,mint,3,1,1.0,2.0,S23,-0.0019289255142211914
inverted-caret-lavender-left-mint-right-run01,mint,3,1,1.0,2.0,S24,0.001181960105895996
inverted-caret-lavender-left-mint-right-run01,mint,3,1,1.0,2.0,S25,0.0009043216705322266
inverted-caret-lavender-left-mint-right-run01,mint,3,1,1.0,2.0,S26,0.003982424736022949
inverted-caret-lavender-left-mint-right-run01,mint,3,1,1.0,2.0,S27,-0.0014346837997436523
inverted-caret-lavender-left-mint-right-run01,mint,3,1,1.0,2.0,S28,0.002258777618408203
inverted-caret-lavender-left-mint-right-run01,mint,3,1,1.0,2.0,S29,0.002133190631866455
inverted-caret-lavender-left-mint-right-run01,mint,3,1,1.0,2.0,S30,0.00020077824592590332
inverted-caret-lavender-left-mint-right-run01,mint,3,1,1.0,2.0,S31,-0.0003374814987182617
inverted-caret-lavender-left-mint-right-run01,mint,3,1,1.0,2.0,S32,0.0005065798759460449
inverted-caret-lavender-left-mint-right-run01,mint,3,2,2.0,3.0,S1,0.0030722618103027344
inverted-caret-lavender-left-mint-right-run01,mint,3,2,2.0,3.0,S2,0.002243518829345703
inverted-caret-lavender-left-mint-right-run01,mint,3,2,2.0,3.0,S3,-0.0005522966384887695
inverted-caret-lavender-left-mint-right-run01,mint,3,2,2.0,3.0,S4,0.0005612969398498535
inverted-caret-lavender-left-mint-right-run01,mint,3,2,2.0,3.0,S5,5.620718002319336e-05
inverted-caret-lavender-left-mint-right-run01,mint,3,2,2.0,3.0,S6,1.874566078186035e-05
inverted-caret-lavender-left-mint-right-run01,mint,3,2,2.0,3.0,S7,1.2755393981933594e-05
inverted-caret-lavender-left-mint-right-run01,mint,3,2,2.0,3.0,S8,8.660554885864258e-05
inverted-caret-lavender-left-mint-right-run01,mint,3,2,2.0,3.0,S9,0.00028693675994873047
inverted-caret-lavender-left-mint-right-run01,mint,3,2,2.0,3.0,S10,4.5359134674072266e-05
inverted-caret-lavender-left-mint-right-run01,mint,3,2,2.0,3.0,S11,-0.0014240741729736328
inverted-caret-lavender-left-mint-right-run01,mint,3,2,2.0,3.0,S12,1.8328428268432617e-05
inverted-caret-lavender-left-mint-right-run01,mint,3,2,2.0,3.0,S13,-4.291534423828125e-06
inverted-caret-lavender-left-mint-right-run01,mint,3,2,2.0,3.0,S14,7.450580596923828e-05
inverted-caret-lavender-left-mint-right-run01,mint,3,2,2.0,3.0,S15,-0.0015773773193359375
inverted-caret-lavender-left-mint-right-run01,mint,3,2,2.0,3.0,S16,-6.258487701416016e-06
inverted-caret-lavender-left-mint-right-run01,mint,3,2,2.0,3.0,S17,1.7404556274414062e-05
inverted-caret-lavender-left-mint-right-run01,mint,3,2,2.0,3.0,S18,0.00010216236114501953
inverted-caret-lavender-left-mint-right-run01,mint,3,2,2.0,3.0,S19,-0.0007089376449584961
inverted-caret-lavender-left-mint-right-run01,mint,3,2,2.0,3.0,S20,0.00010502338409423828
inverted-caret-lavender-left-mint-right-run01,mint,3,2,2.0,3.0,S21,3.018975257873535e-05
inverted-caret-lavender-left-mint-right-run01,mint,3,2,2.0,3.0,S22,2.810359001159668e-05
inverted-caret-lavender-left-mint-right-run01,mint,3,2,2.0,3.0,S23,0.0021740198135375977
inverted-caret-lavender-left-mint-right-run01,mint,3,2,2.0,3.0,S24,0.0001785755157470703
inverted-caret-lavender-left-mint-right-run01,mint,3,2,2.0,3.0,S25,0.00018805265426635742
inverted-caret-lavender-left-mint-right-run01,mint,3,2,2.0,3.0,S26,0.0008930563926696777
inverted-caret-lavender-left-mint-right-run01,mint,3,2,2.0,3.0,S27,-0.0007776021957397461
inverted-caret-lavender-left-mint-right-run01,mint,3,2,2.0,3.0,S28,0.00045561790466308594
inverted-caret-lavender-left-mint-right-run01,mint,3,2,2.0,3.0,S29,0.0004552602767944336
inverted-caret-lavender-left-mint-right-run01,mint,3,2,2.0,3.0,S30,9.194016456604004e-05
inverted-caret-lavender-left-mint-right-run01,mint,3,2,2.0,3.0,S31,-0.0013306140899658203
inverted-caret-lavender-left-mint-right-run01,mint,3,2,2.0,3.0,S32,0.00012683868408203125
inverted-caret-lavender-left-mint-right-run01,mint,3,4,4.0,5.0,S1,0.021629810333251953
inverted-caret-lavender-left-mint-right-run01,mint,3,4,4.0,5.0,S2,0.01925826072692871
inverted-caret-lavender-left-mint-right-run01,mint,3,4,4.0,5.0,S3,-0.0029973983764648438
inverted-caret-lavender-left-mint-right-run01,mint,3,4,4.0,5.0,S4,0.008739948272705078
inverted-caret-lavender-left-mint-right-run01,mint,3,4,4.0,5.0,S5,0.0010890960693359375
inverted-caret-lavender-left-mint-right-run01,mint,3,4,4.0,5.0,S6,1.6570091247558594e-05
inverted-caret-lavender-left-mint-right-run01,mint,3,4,4.0,5.0,S7,-0.0003001689910888672
inverted-caret-lavender-left-mint-right-run01,mint,3,4,4.0,5.0,S8,0.0011222362518310547
inverted-caret-lavender-left-mint-right-run01,mint,3,4,4.0,5.0,S9,0.0028600692749023438
inverted-caret-lavender-left-mint-right-run01,mint,3,4,4.0,5.0,S10,0.00011920928955078125
inverted-caret-lavender-left-mint-right-run01,mint,3,4,4.0,5.0,S11,0.00013327598571777344
inverted-caret-lavender-left-mint-right-run01,mint,3,4,4.0,5.0,S12,0.0011191964149475098
inverted-caret-lavender-left-mint-right-run01,mint,3,4,4.0,5.0,S13,0.0010205507278442383
inverted-caret-lavender-left-mint-right-run01,mint,3,4,4.0,5.0,S14,0.0009247064590454102
inverted-caret-lavender-left-mint-right-run01,mint,3,4,4.0,5.0,S15,-0.00016999244689941406
inverted-caret-lavender-left-mint-right-run01,mint,3,4,4.0,5.0,S16,0.0002943277359008789
inverted-caret-lavender-left-mint-right-run01,mint,3,4,4.0,5.0,S17,0.0027527809143066406
inverted-caret-lavender-left-mint-right-run01,mint,3,4,4.0,5.0,S18,0.0013251304626464844
inverted-caret-lavender-left-mint-right-run01,mint,3,4,4.0,5.0,S19,0.00015211105346679688
inverted-caret-lavender-left-mint-right-run01,mint,3,4,4.0,5.0,S20,0.0017559528350830078
inverted-caret-lavender-left-mint-right-run01,mint,3,4,4.0,5.0,S21,0.0006057024002075195
inverted-caret-lavender-left-mint-right-run01,mint,3,4,4.0,5.0,S22,0.0005704164505004883
inverted-caret-lavender-left-mint-right-run01,mint,3,4,4.0,5.0,S23,7.343292236328125e-05
inverted-caret-lavender-left-mint-right-run01,mint,3,4,4.0,5.0,S24,0.0013554096221923828
inverted-caret-lavender-left-mint-right-run01,mint,3,4,4.0,5.0,S25,0.001025080680847168
inverted-caret-lavender-left-mint-right-run01,mint,3,4,4.0,5.0,S26,0.005015373229980469
inverted-caret-lavender-left-mint-right-run01,mint,3,4,4.0,5.0,S27,4.9591064453125e-05
inverted-caret-lavender-left-mint-right-run01,mint,3,4,4.0,5.0,S28,0.002689838409423828
inverted-caret-lavender-left-mint-right-run01,mint,3,4,4.0,5.0,S29,0.003185272216796875
inverted-caret-lavender-left-mint-right-run01,mint,3,4,4.0,5.0,S30,0.00025731325149536133
inverted-caret-lavender-left-mint-right-run01,mint,3,4,4.0,5.0,S31,8.249282836914062e-05
inverted-caret-lavender-left-mint-right-run01,mint,3,4,4.0,5.0,S32,0.0005574822425842285
inverted-caret-lavender-left-mint-right-run01,mint,3,6,6.0,7.0,S1,0.007988810539245605
inverted-caret-lavender-left-mint-right-run01,mint,3,6,6.0,7.0,S2,0.007557034492492676
inverted-caret-lavender-left-mint-right-run01,mint,3,6,6.0,7.0,S3,3.063678741455078e-05
inverted-caret-lavender-left-mint-right-run01,mint,3,6,6.0,7.0,S4,0.003571927547454834
inverted-caret-lavender-left-mint-right-run01,mint,3,6,6.0,7.0,S5,0.0007407069206237793
inverted-caret-lavender-left-mint-right-run01,mint,3,6,6.0,7.0,S6,1.9997358322143555e-05
inverted-caret-lavender-left-mint-right-run01,mint,3,6,6.0,7.0,S7,0.0014178752899169922
inverted-caret-lavender-left-mint-right-run01,mint,3,6,6.0,7.0,S8,0.0006391406059265137
inverted-caret-lavender-left-mint-right-run01,mint,3,6,6.0,7.0,S9,0.0010772347450256348
inverted-caret-lavender-left-mint-right-run01,mint,3,6,6.0,7.0,S10,0.0001201629638671875
inverted-caret-lavender-left-mint-right-run01,mint,3,6,6.0,7.0,S11,0.0014390945434570312
inverted-caret-lavender-left-mint-right-run01,mint,3,6,6.0,7.0,S12,0.000500023365020752
inverted-caret-lavender-left-mint-right-run01,mint,3,6,6.0,7.0,S13,0.0004137754440307617
inverted-caret-lavender-left-mint-right-run01,mint,3,6,6.0,7.0,S14,0.0003680288791656494
inverted-caret-lavender-left-mint-right-run01,mint,3,6,6.0,7.0,S15,-0.0011749267578125
inverted-caret-lavender-left-mint-right-run01,mint,3,6,6.0,7.0,S16,0.00013500452041625977
inverted-caret-lavender-left-mint-right-run01,mint,3,6,6.0,7.0,S17,0.001484692096710205
inverted-caret-lavender-left-mint-right-run01,mint,3,6,6.0,7.0,S18,0.000684201717376709
inverted-caret-lavender-left-mint-right-run01,mint,3,6,6.0,7.0,S19,0.0005664825439453125
inverted-caret-lavender-left-mint-right-run01,mint,3,6,6.0,7.0,S20,0.0007489919662475586
inverted-caret-lavender-left-mint-right-run01,mint,3,6,6.0,7.0,S21,0.0002923905849456787
inverted-caret-lavender-left-mint-right-run01,mint,3,6,6.0,7.0,S22,0.00020012259483337402
inverted-caret-lavender-left-mint-right-run01,mint,3,6,6.0,7.0,S23,-0.0012559890747070312
inverted-caret-lavender-left-mint-right-run01,mint,3,6,6.0,7.0,S24,0.000298917293548584
inverted-caret-lavender-left-mint-right-run01,mint,3,6,6.0,7.0,S25,0.0004342794418334961
inverted-caret-lavender-left-mint-right-run01,mint,3,6,6.0,7.0,S26,0.0019086003303527832
inverted-caret-lavender-left-mint-right-run01,mint,3,6,6.0,7.0,S27,-0.0015065670013427734
inverted-caret-lavender-left-mint-right-run01,mint,3,6,6.0,7.0,S28,0.0014346837997436523
inverted-caret-lavender-left-mint-right-run01,mint,3,6,6.0,7.0,S29,0.0016326904296875
inverted-caret-lavender-left-mint-right-run01,mint,3,6,6.0,7.0,S30,0.0001512765884399414
inverted-caret-lavender-left-mint-right-run01,mint,3,6,6.0,7.0,S31,-0.0004476308822631836
inverted-caret-lavender-left-mint-right-run01,mint,3,6,6.0,7.0,S32,0.00014150142669677734
inverted-caret-lavender-left-mint-right-run01,mint,4,0,0.0,1.0,S1,-0.012633681297302246
inverted-caret-lavender-left-mint-right-run01,mint,4,0,0.0,1.0,S2,-0.011760950088500977
inverted-caret-lavender-left-mint-right-run01,mint,4,0,0.0,1.0,S3,-0.0003300905227661133
inverted-caret-lavender-left-mint-right-run01,mint,4,0,0.0,1.0,S4,-0.006546676158905029
inverted-caret-lavender-left-mint-right-run01,mint,4,0,0.0,1.0,S5,-0.0011066794395446777
inverted-caret-lavender-left-mint-right-run01,mint,4,0,0.0,1.0,S6,5.27501106262207e-06
inverted-caret-lavender-left-mint-right-run01,mint,4,0,0.0,1.0,S7,-0.00012576580047607422
inverted-caret-lavender-left-mint-right-run01,mint,4,0,0.0,1.0,S8,-0.0010510683059692383
inverted-caret-lavender-left-mint-right-run01,mint,4,0,0.0,1.0,S9,-0.0021139979362487793
inverted-caret-lavender-left-mint-right-run01,mint,4,0,0.0,1.0,S10,-8.338689804077148e-05
inverted-caret-lavender-left-mint-right-run01,mint,4,0,0.0,1.0,S11,0.0015555620193481445
inverted-caret-lavender-left-mint-right-run01,mint,4,0,0.0,1.0,S12,-0.0010065436363220215
inverted-caret-lavender-left-mint-right-run01,mint,4,0,0.0,1.0,S13,-0.000923454761505127
inverted-caret-lavender-left-mint-right-run01,mint,4,0,0.0,1.0,S14,-0.0007646381855010986
inverted-caret-lavender-left-mint-right-run01,mint,4,0,0.0,1.0,S15,0.001477360725402832
inverted-caret-lavender-left-mint-right-run01,mint,4,0,0.0,1.0,S16,-0.0002716481685638428
inverted-caret-lavender-left-mint-right-run01,mint,4,0,0.0,1.0,S17,-0.0027921199798583984
inverted-caret-lavender-left-mint-right-run01,mint,4,0,0.0,1.0,S18,-0.0012088119983673096
inverted-caret-lavender-left-mint-right-run01,mint,4,0,0.0,1.0,S19,0.002873063087463379
inverted-caret-lavender-left-mint-right-run01,mint,4,0,0.0,1.0,S20,-0.00161820650100708
inverted-caret-lavender-left-mint-right-run01,mint,4,0,0.0,1.0,S21,-0.000582277774810791
inverted-caret-lavender-left-mint-right-run01,mint,4,0,0.0,1.0,S22,-0.0005942881107330322
inverted-caret-lavender-left-mint-right-run01,mint,4,0,0.0,1.0,S23,0.0015169382095336914
inverted-caret-lavender-left-mint-right-run01,mint,4,0,0.0,1.0,S24,-0.0013024210929870605
inverted-caret-lavender-left-mint-right-run01,mint,4,0,0.0,1.0,S25,-0.00102996826171875
inverted-caret-lavender-left-mint-right-run01,mint,4,0,0.0,1.0,S26,-0.004501461982727051
inverted-caret-lavender-left-mint-right-run01,mint,4,0,0.0,1.0,S27,0.0004191398620605469
inverted-caret-lavender-left-mint-right-run01,mint,4,0,0.0,1.0,S28,-0.0027066469192504883
inverted-caret-lavender-left-mint-right-run01,mint,4,0,0.0,1.0,S29,-0.0032524466514587402
inverted-caret-lavender-left-mint-right-run01,mint,4,0,0.0,1.0,S30,-0.000244826078414917
inverted-caret-lavender-left-mint-right-run01,mint,4,0,0.0,1.0,S31,0.002369523048400879
inverted-caret-lavender-left-mint-right-run01,mint,4,0,0.0,1.0,S32,-0.0006792545318603516
inverted-caret-lavender-left-mint-right-run01,mint,4,2,2.0,3.0,S1,-0.007817268371582031
inverted-caret-lavender-left-mint-right-run01,mint,4,2,2.0,3.0,S2,-0.007769107818603516
inverted-caret-lavender-left-mint-right-run01,mint,4,2,2.0,3.0,S3,-0.00028443336486816406
inverted-caret-lavender-left-mint-right-run01,mint,4,2,2.0,3.0,S4,-0.004993736743927002
inverted-caret-lavender-left-mint-right-run01,mint,4,2,2.0,3.0,S5,-0.0010797381401062012
inverted-caret-lavender-left-mint-right-run01,mint,4,2,2.0,3.0,S6,-1.551210880279541e-05
inverted-caret-lavender-left-mint-right-run01,mint,4,2,2.0,3.0,S7,-4.029273986816406e-05
inverted-caret-lavender-left-mint-right-run01,mint,4,2,2.0,3.0,S8,-0.0008268952369689941
inverted-caret-lavender-left-mint-right-run01,mint,4,2,2.0,3.0,S9,-0.0013189911842346191
inverted-caret-lavender-left-mint-right-run01,mint,4,2,2.0,3.0,S10,-6.61015510559082e-05
inverted-caret-lavender-left-mint-right-run01,mint,4,2,2.0,3.0,S11,-0.0013388395309448242
inverted-caret-lavender-left-mint-right-run01,mint,4,2,2.0,3.0,S12,-0.0007724463939666748
inverted-caret-lavender-left-mint-right-run01,mint,4,2,2.0,3.0,S13,-0.0007547140121459961
inverted-caret-lavender-left-mint-right-run01,mint,4,2,2.0,3.0,S14,-0.000565946102142334
inverted-caret-lavender-left-mint-right-run01,mint,4,2,2.0,3.0,S15,-0.0014525651931762695
inverted-caret-lavender-left-mint-right-run01,mint,4,2,2.0,3.0,S16,-0.00023123621940612793
inverted-caret-lavender-left-mint-right-run01,mint,4,2,2.0,3.0,S17,-0.0023902058601379395
inverted-caret-lavender-left-mint-right-run01,mint,4,2,2.0,3.0,S18,-0.0010491609573364258
inverted-caret-lavender-left-mint-right-run01,mint,4,2,2.0,3.0,S19,0.00020575523376464844
inverted-caret-lavender-left-mint-right-run01,mint,4,2,2.0,3.0,S20,-0.0011177659034729004
inverted-caret-lavender-left-mint-right-run01,mint,4,2,2.0,3.0,S21,-0.0004208683967590332
inverted-caret-lavender-left-mint-right-run01,mint,4,2,2.0,3.0,S22,-0.0003266632556915283
inverted-caret-lavender-left-mint-right-run01,mint,4,2,2.0,3.0,S23,0.0012295246124267578
inverted-caret-lavender-left-mint-right-run01,mint,4,2,2.0,3.0,S24,-0.00039124488830566406
inverted-caret-lavender-left-mint-right-run01,mint,4,2,2.0,3.0,S25,-0.0005649924278259277
inverted-caret-lavender-left-mint-right-run01,mint,4,2,2.0,3.0,S26,-0.0020941495895385742
inverted-caret-lavender-left-mint-right-run01,mint,4,2,2.0,3.0,S27,0.0014224052429199219
inverted-caret-lavender-left-mint-right-run01,mint,4,2,2.0,3.0,S28,-0.001734614372253418
inverted-caret-lavender-left-mint-right-run01,mint,4,2,2.0,3.0,S29,-0.0022529959678649902
inverted-caret-lavender-left-mint-right-run01,mint,4,2,2.0,3.0,S30,-0.00016584992408752441
inverted-caret-lavender-left-mint-right-run01,mint,4,2,2.0,3.0,S31,0.0002422332763671875
inverted-caret-lavender-left-mint-right-run01,mint,4,2,2.0,3.0,S32,-0.00028899312019348145
inverted-caret-lavender-left-mint-right-run01,mint,4,5,5.0,6.0,S1,-0.014629364013671875
inverted-caret-lavender-left-mint-right-run01,mint,4,5,5.0,6.0,S2,-0.012987375259399414
inverted-caret-lavender-left-mint-right-run01,mint,4,5,5.0,6.0,S3,-0.0005505084991455078
inverted-caret-lavender-left-mint-right-run01,mint,4,5,5.0,6.0,S4,-0.006667613983154297
inverted-caret-lavender-left-mint-right-run01,mint,4,5,5.0,6.0,S5,-0.0010558366775512695
inverted-caret-lavender-left-mint-right-run01,mint,4,5,5.0,6.0,S6,-1.7762184143066406e-05
inverted-caret-lavender-left-mint-right-run01,mint,4,5,5.0,6.0,S7,-0.0004031658172607422
inverted-caret-lavender-left-mint-right-run01,mint,4,5,5.0,6.0,S8,-0.0010923147201538086
inverted-caret-lavender-left-mint-right-run01,mint,4,5,5.0,6.0,S9,-0.0022170543670654297
inverted-caret-lavender-left-mint-right-run01,mint,4,5,5.0,6.0,S10,-9.059906005859375e-05
inverted-caret-lavender-left-mint-right-run01,mint,4,5,5.0,6.0,S11,-0.002566814422607422
inverted-caret-lavender-left-mint-right-run01,mint,4,5,5.0,6.0,S12,-0.0010146498680114746
inverted-caret-lavender-left-mint-right-run01,mint,4,5,5.0,6.0,S13,-0.0009816884994506836
inverted-caret-lavender-left-mint-right-run01,mint,4,5,5.0,6.0,S14,-0.0008414983749389648
inverted-caret-lavender-left-mint-right-run01,mint,4,5,5.0,6.0,S15,-0.00028586387634277344
inverted-caret-lavender-left-mint-right-run01,mint,4,5,5.0,6.0,S16,-0.0003078579902648926
inverted-caret-lavender-left-mint-right-run01,mint,4,5,5.0,6.0,S17,-0.002920866012573242
inverted-caret-lavender-left-mint-right-run01,mint,4,5,5.0,6.0,S18,-0.0013467073440551758
inverted-caret-lavender-left-mint-right-run01,mint,4,5,5.0,6.0,S19,-0.002826213836669922
inverted-caret-lavender-left-mint-right-run01,mint,4,5,5.0,6.0,S20,-0.0019451379776000977
inverted-caret-lavender-left-mint-right-run01,mint,4,5,5.0,6.0,S21,-0.0007010698318481445
inverted-caret-lavender-left-mint-right-run01,mint,4,5,5.0,6.0,S22,-0.0007678866386413574
inverted-caret-lavender-left-mint-right-run01,mint,4,5,5.0,6.0,S23,-0.0008158683776855469
inverted-caret-lavender-left-mint-right-run01,mint,4,5,5.0,6.0,S24,-0.00196230411529541
inverted-caret-lavender-left-mint-right-run01,mint,4,5,5.0,6.0,S25,-0.0012279748916625977
inverted-caret-lavender-left-mint-right-run01,mint,4,5,5.0,6.0,S26,-0.006122946739196777
inverted-caret-lavender-left-mint-right-run01,mint,4,5,5.0,6.0,S27,-0.0008904933929443359
inverted-caret-lavender-left-mint-right-run01,mint,4,5,5.0,6.0,S28,-0.0033931732177734375
inverted-caret-lavender-left-mint-right-run01,mint,4,5,5.0,6.0,S29,-0.004009246826171875
inverted-caret-lavender-left-mint-right-run01,mint,4,5,5.0,6.0,S30,-0.0003300905227661133
inverted-caret-lavender-left-mint-right-run01,mint,4,5,5.0,6.0,S31,-0.0025174617767333984
inverted-caret-lavender-left-mint-right-run01,mint,4,5,5.0,6.0,S32,-0.0010045766830444336
inverted-caret-lavender-left-mint-right-run01,mint,5,0,0.0,1.0,S1,-0.0037690401077270508
inverted-caret-lavender-left-mint-right-run01,mint,5,0,0.0,1.0,S2,-0.004632353782653809
inverted-caret-lavender-left-mint-right-run01,mint,5,0,0.0,1.0,S3,0.0008423328399658203
inverted-caret-lavender-left-mint-right-run01,mint,5,0,0.0,1.0,S4,-0.0038013458251953125
inverted-caret-lavender-left-mint-right-run01,mint,5,0,0.0,1.0,S5,-0.000938713550567627
inverted-caret-lavender-left-mint-right-run01,mint,5,0,0.0,1.0,S6,-1.5124678611755371e-05
inverted-caret-lavender-left-mint-right-run01,mint,5,0,0.0,1.0,S7,0.0003097057342529297
inverted-caret-lavender-left-mint-right-run01,mint,5,0,0.0,1.0,S8,-0.0008293986320495605
inverted-caret-lavender-left-mint-right-run01,mint,5,0,0.0,1.0,S9,-0.0009414553642272949
inverted-caret-lavender-left-mint-right-run01,mint,5,0,0.0,1.0,S10,-9.042024612426758e-05
inverted-caret-lavender-left-mint-right-run01,mint,5,0,0.0,1.0,S11,0.0009739398956298828
inverted-caret-lavender-left-mint-right-run01,mint,5,0,0.0,1.0,S12,-0.0006289482116699219
inverted-caret-lavender-left-mint-right-run01,mint,5,0,0.0,1.0,S13,-0.000615239143371582
inverted-caret-lavender-left-mint-right-run01,mint,5,0,0.0,1.0,S14,-0.0005033314228057861
inverted-caret-lavender-left-mint-right-run01,mint,5,0,0.0,1.0,S15,0.001461029052734375
inverted-caret-lavender-left-mint-right-run01,mint,5,0,0.0,1.0,S16,-0.0001977086067199707
inverted-caret-lavender-left-mint-right-run01,mint,5,0,0.0,1.0,S17,-0.0020560026168823242
inverted-caret-lavender-left-mint-right-run01,mint,5,0,0.0,1.0,S18,-0.000885009765625
inverted-caret-lavender-left-mint-right-run01,mint,5,0,0.0,1.0,S19,0.0013687610626220703
inverted-caret-lavender-left-mint-right-run01,mint,5,0,0.0,1.0,S20,-0.0009345412254333496
inverted-caret-lavender-left-mint-right-run01,mint,5,0,0.0,1.0,S21,-0.00037416815757751465
inverted-caret-lavender-left-mint-right-run01,mint,5,0,0.0,1.0,S22,-0.00026684999465942383
inverted-caret-lavender-left-mint-right-run01,mint,5,0,0.0,1.0,S23,0.00025916099548339844
inverted-caret-lavender-left-mint-right-run01,mint,5,0,0.0,1.0,S24,-0.00026035308837890625
inverted-caret-lavender-left-mint-right-run01,mint,5,0,0.0,1.0,S25,-0.0003255605697631836
inverted-caret-lavender-left-mint-right-run01,mint,5,0,0.0,1.0,S26,-0.0017247796058654785
inverted-caret-lavender-left-mint-right-run01,mint,5,0,0.0,1.0,S27,9.72747802734375e-05
inverted-caret-lavender-left-mint-right-run01,mint,5,0,0.0,1.0,S28,-0.0016521215438842773
inverted-caret-lavender-left-mint-right-run01,mint,5,0,0.0,1.0,S29,-0.0018516778945922852
inverted-caret-lavender-left-mint-right-run01,mint,5,0,0.0,1.0,S30,-0.00014585256576538086
inverted-caret-lavender-left-mint-right-run01,mint,5,0,0.0,1.0,S31,-0.0013443231582641602
inverted-caret-lavender-left-mint-right-run01,mint,5,0,0.0,1.0,S32,-0.0002442300319671631
inverted-caret-lavender-left-mint-right-run01,mint,5,7,7.0,8.0,S1,0.01795506477355957
inverted-caret-lavender-left-mint-right-run01,mint,5,7,7.0,8.0,S2,0.014536857604980469
inverted-caret-lavender-left-mint-right-run01,mint,5,7,7.0,8.0,S3,0.002665996551513672
inverted-caret-lavender-left-mint-right-run01,mint,5,7,7.0,8.0,S4,0.004376053810119629
inverted-caret-lavender-left-mint-right-run01,mint,5,7,7.0,8.0,S5,-0.0002630949020385742
inverted-caret-lavender-left-mint-right-run01,mint,5,7,7.0,8.0,S6,-2.7507543563842773e-05
inverted-caret-lavender-left-mint-right-run01,mint,5,7,7.0,8.0,S7,0.0009360313415527344
inverted-caret-lavender-left-mint-right-run01,mint,5,7,7.0,8.0,S8,-5.9604644775390625e-06
inverted-caret-lavender-left-mint-right-run01,mint,5,7,7.0,8.0,S9,0.0022058486938476562
inverted-caret-lavender-left-mint-right-run01,mint,5,7,7.0,8.0,S10,3.1113624572753906e-05
inverted-caret-lavender-left-mint-right-run01,mint,5,7,7.0,8.0,S11,0.002559185028076172
inverted-caret-lavender-left-mint-right-run01,mint,5,7,7.0,8.0,S12,0.00043851137161254883
inverted-caret-lavender-left-mint-right-run01,mint,5,7,7.0,8.0,S13,0.00037848949432373047
inverted-caret-lavender-left-mint-right-run01,mint,5,7,7.0,8.0,S14,0.0004337430000305176
inverted-caret-lavender-left-mint-right-run01,mint,5,7,7.0,8.0,S15,0.0006816387176513672
inverted-caret-lavender-left-mint-right-run01,mint,5,7,7.0,8.0,S16,7.408857345581055e-05
inverted-caret-lavender-left-mint-right-run01,mint,5,7,7.0,8.0,S17,0.0001977682113647461
inverted-caret-lavender-left-mint-right-run01,mint,5,7,7.0,8.0,S18,1.239776611328125e-05
inverted-caret-lavender-left-mint-right-run01,mint,5,7,7.0,8.0,S19,0.00028133392333984375
inverted-caret-lavender-left-mint-right-run01,mint,5,7,7.0,8.0,S20,0.0008641481399536133
inverted-caret-lavender-left-mint-right-run01,mint,5,7,7.0,8.0,S21,0.0001875758171081543
inverted-caret-lavender-left-mint-right-run01,mint,5,7,7.0,8.0,S22,0.0004711747169494629
inverted-caret-lavender-left-mint-right-run01,mint,5,7,7.0,8.0,S23,5.5789947509765625e-05
inverted-caret-lavender-left-mint-right-run01,mint,5,7,7.0,8.0,S24,0.001943349838256836
inverted-caret-lavender-left-mint-right-run01,mint,5,7,7.0,8.0,S25,0.0006673336029052734
inverted-caret-lavender-left-mint-right-run01,mint,5,7,7.0,8.0,S26,0.004221916198730469
inverted-caret-lavender-left-mint-right-run01,mint,5,7,7.0,8.0,S27,-7.05718994140625e-05
inverted-caret-lavender-left-mint-right-run01,mint,5,7,7.0,8.0,S28,0.00045502185821533203
inverted-caret-lavender-left-mint-right-run01,mint,5,7,7.0,8.0,S29,0.0009185075759887695
inverted-caret-lavender-left-mint-right-run01,mint,5,7,7.0,8.0,S30,5.906820297241211e-05
inverted-caret-lavender-left-mint-right-run01,mint,5,7,7.0,8.0,S31,-0.0003132820129394531
inverted-caret-lavender-left-mint-right-run01,mint,5,7,7.0,8.0,S32,0.00047343969345092773
inverted-caret-lavender-left-mint-right-run01,mint,6,0,0.0,1.0,S1,-0.0017859935760498047
inverted-caret-lavender-left-mint-right-run01,mint,6,0,0.0,1.0,S2,-0.0016698837280273438
inverted-caret-lavender-left-mint-right-run01,mint,6,0,0.0,1.0,S3,0.0009849071502685547
inverted-caret-lavender-left-mint-right-run01,mint,6,0,0.0,1.0,S4,-0.001008749008178711
inverted-caret-lavender-left-mint-right-run01,mint,6,0,0.0,1.0,S5,-0.0001570582389831543
inverted-caret-lavender-left-mint-right-run01,mint,6,0,0.0,1.0,S6,2.250075340270996e-06
inverted-caret-lavender-left-mint-right-run01,mint,6,0,0.0,1.0,S7,0.0002532005310058594
inverted-caret-lavender-left-mint-right-run01,mint,6,0,0.0,1.0,S8,-0.00017774105072021484
inverted-caret-lavender-left-mint-right-run01,mint,6,0,0.0,1.0,S9,-0.00032573938369750977
inverted-caret-lavender-left-mint-right-run01,mint,6,0,0.0,1.0,S10,-3.3795833587646484e-05
inverted-caret-lavender-left-mint-right-run01,mint,6,0,0.0,1.0,S11,0.0012220144271850586
inverted-caret-lavender-left-mint-right-run01,mint,6,0,0.0,1.0,S12,-0.0001550912857055664
inverted-caret-lavender-left-mint-right-run01,mint,6,0,0.0,1.0,S13,-0.00018835067749023438
inverted-caret-lavender-left-mint-right-run01,mint,6,0,0.0,1.0,S14,-0.00013265013694763184
inverted-caret-lavender-left-mint-right-run01,mint,6,0,0.0,1.0,S15,0.00021123886108398438
inverted-caret-lavender-left-mint-right-run01,mint,6,0,0.0,1.0,S16,-4.0084123611450195e-05
inverted-caret-lavender-left-mint-right-run01,mint,6,0,0.0,1.0,S17,-0.00043123960494995117
inverted-caret-lavender-left-mint-right-run01,mint,6,0,0.0,1.0,S18,-0.0001818835735321045
inverted-caret-lavender-left-mint-right-run01,mint,6,0,0.0,1.0,S19,0.0011646747589111328
inverted-caret-lavender-left-mint-right-run01,mint,6,0,0.0,1.0,S20,-0.0002580881118774414
inverted-caret-lavender-left-mint-right-run01,mint,6,0,0.0,1.0,S21,-8.097290992736816e-05
inverted-caret-lavender-left-mint-right-run01,mint,6,0,0.0,1.0,S22,-7.015466690063477e-05
inverted-caret-lavender-left-mint-right-run01,mint,6,0,0.0,1.0,S23,0.0014899969100952148
inverted-caret-lavender-left-mint-right-run01,mint,6,0,0.0,1.0,S24,-0.00018465518951416016
inverted-caret-lavender-left-mint-right-run01,mint,6,0,0.0,1.0,S25,-0.00014346837997436523
inverted-caret-lavender-left-mint-right-run01,mint,6,0,0.0,1.0,S26,-0.000601649284362793
inverted-caret-lavender-left-mint-right-run01,mint,6,0,0.0,1.0,S27,0.001305699348449707
inverted-caret-lavender-left-mint-right-run01,mint,6,0,0.0,1.0,S28,-0.00033909082412719727
inverted-caret-lavender-left-mint-right-run01,mint,6,0,0.0,1.0,S29,-0.000408172607421875
inverted-caret-lavender-left-mint-right-run01,mint,6,0,0.0,1.0,S30,-3.4928321838378906e-05
inverted-caret-lavender-left-mint-right-run01,mint,6,0,0.0,1.0,S31,0.00036716461181640625
inverted-caret-lavender-left-mint-right-run01,mint,6,0,0.0,1.0,S32,-8.45491886138916e-05
inverted-caret-lavender-left-mint-right-run01,mint,6,2,2.0,3.0,S1,-0.010235786437988281
inverted-caret-lavender-left-mint-right-run01,mint,6,2,2.0,3.0,S2,-0.00994420051574707
inverted-caret-lavender-left-mint-right-run01,mint,6,2,2.0,3.0,S3,8.797645568847656e-05
inverted-caret-lavender-left-mint-right-run01,mint,6,2,2.0,3.0,S4,-0.006121277809143066
inverted-caret-lavender-left-mint-right-run01,mint,6,2,2.0,3.0,S5,-0.0010306835174560547
inverted-caret-lavender-left-mint-right-run01,mint,6,2,2.0,3.0,S6,2.9206275939941406e-06
inverted-caret-lavender-left-mint-right-run01,mint,6,2,2.0,3.0,S7,-0.0025429725646972656
inverted-caret-lavender-left-mint-right-run01,mint,6,2,2.0,3.0,S8,-0.00091552734375
inverted-caret-lavender-left-mint-right-run01,mint,6,2,2.0,3.0,S9,-0.0019261837005615234
inverted-caret-lavender-left-mint-right-run01,mint,6,2,2.0,3.0,S10,-9.918212890625e-05
inverted-caret-lavender-left-mint-right-run01,mint,6,2,2.0,3.0,S11,-0.0007257461547851562
inverted-caret-lavender-left-mint-right-run01,mint,6,2,2.0,3.0,S12,-0.0009273290634155273
inverted-caret-lavender-left-mint-right-run01,mint,6,2,2.0,3.0,S13,-0.0009325742721557617
inverted-caret-lavender-left-mint-right-run01,mint,6,2,2.0,3.0,S14,-0.0007382631301879883
inverted-caret-lavender-left-mint-right-run01,mint,6,2,2.0,3.0,S15,-2.7418136596679688e-05
inverted-caret-lavender-left-mint-right-run01,mint,6,2,2.0,3.0,S16,-0.00024813413619995117
inverted-caret-lavender-left-mint-right-run01,mint,6,2,2.0,3.0,S17,-0.002571582794189453
inverted-caret-lavender-left-mint-right-run01,mint,6,2,2.0,3.0,S18,-0.0010118484497070312
inverted-caret-lavender-left-mint-right-run01,mint,6,2,2.0,3.0,S19,0.00020575523376464844
inverted-caret-lavender-left-mint-right-run01,mint,6,2,2.0,3.0,S20,-0.0014548301696777344
inverted-caret-lavender-left-mint-right-run01,mint,6,2,2.0,3.0,S21,-0.00047141313552856445
inverted-caret-lavender-left-mint-right-run01,mint,6,2,2.0,3.0,S22,-0.00044268369674682617
inverted-caret-lavender-left-mint-right-run01,mint,6,2,2.0,3.0,S23,-0.002355813980102539
inverted-caret-lavender-left-mint-right-run01,mint,6,2,2.0,3.0,S24,-0.0009053945541381836
inverted-caret-lavender-left-mint-right-run01,mint,6,2,2.0,3.0,S25,-0.0006089210510253906
inverted-caret-lavender-left-mint-right-run01,mint,6,2,2.0,3.0,S26,-0.003047347068786621
inverted-caret-lavender-left-mint-right-run01,mint,6,2,2.0,3.0,S27,-0.0006852149963378906
inverted-caret-lavender-left-mint-right-run01,mint,6,2,2.0,3.0,S28,-0.0017615556716918945
inverted-caret-lavender-left-mint-right-run01,mint,6,2,2.0,3.0,S29,-0.0021294355392456055
inverted-caret-lavender-left-mint-right-run01,mint,6,2,2.0,3.0,S30,-0.00016319751739501953
inverted-caret-lavender-left-mint-right-run01,mint,6,2,2.0,3.0,S31,-0.002887725830078125
inverted-caret-lavender-left-mint-right-run01,mint,6,2,2.0,3.0,S32,-0.0002497434616088867
inverted-caret-lavender-left-mint-right-run01,mint,6,5,5.0,6.0,S1,-0.010426998138427734
inverted-caret-lavender-left-mint-right-run01,mint,6,5,5.0,6.0,S2,-0.010868549346923828
inverted-caret-lavender-left-mint-right-run01,mint,6,5,5.0,6.0,S3,0.0019145011901855469
inverted-caret-lavender-left-mint-right-run01,mint,6,5,5.0,6.0,S4,-0.007793784141540527
inverted-caret-lavender-left-mint-right-run01,mint,6,5,5.0,6.0,S5,-0.0010728836059570312
inverted-caret-lavender-left-mint-right-run01,mint,6,5,5.0,6.0,S6,1.2099742889404297e-05
inverted-caret-lavender-left-mint-right-run01,mint,6,5,5.0,6.0,S7,0.0004966259002685547
inverted-caret-lavender-left-mint-right-run01,mint,6,5,5.0,6.0,S8,-0.0011726617813110352
inverted-caret-lavender-left-mint-right-run01,mint,6,5,5.0,6.0,S9,-0.0020084381103515625
inverted-caret-lavender-left-mint-right-run01,mint,6,5,5.0,6.0,S10,-0.00010132789611816406
inverted-caret-lavender-left-mint-right-run01,mint,6,5,5.0,6.0,S11,0.000522613525390625
inverted-caret-lavender-left-mint-right-run01,mint,6,5,5.0,6.0,S12,-0.001204371452331543
inverted-caret-lavender-left-mint-right-run01,mint,6,5,5.0,6.0,S13,-0.001195073127746582
inverted-caret-lavender-left-mint-right-run01,mint,6,5,5.0,6.0,S14,-0.0008807182312011719
inverted-caret-lavender-left-mint-right-run01,mint,6,5,5.0,6.0,S15,0.0002627372741699219
inverted-caret-lavender-left-mint-right-run01,mint,6,5,5.0,6.0,S16,-0.0003553032875061035
inverted-caret-lavender-left-mint-right-run01,mint,6,5,5.0,6.0,S17,-0.0034526586532592773
inverted-caret-lavender-left-mint-right-run01,mint,6,5,5.0,6.0,S18,-0.0013516545295715332
inverted-caret-lavender-left-mint-right-run01,mint,6,5,5.0,6.0,S19,-0.002290487289428711
inverted-caret-lavender-left-mint-right-run01,mint,6,5,5.0,6.0,S20,-0.0016039609909057617
inverted-caret-lavender-left-mint-right-run01,mint,6,5,5.0,6.0,S21,-0.0005243420600891113
inverted-caret-lavender-left-mint-right-run01,mint,6,5,5.0,6.0,S22,-0.0004430413246154785
inverted-caret-lavender-left-mint-right-run01,mint,6,5,5.0,6.0,S23,-0.0002989768981933594
inverted-caret-lavender-left-mint-right-run01,mint,6,5,5.0,6.0,S24,-0.0010344982147216797
inverted-caret-lavender-left-mint-right-run01,mint,6,5,5.0,6.0,S25,-0.0005414485931396484
inverted-caret-lavender-left-mint-right-run01,mint,6,5,5.0,6.0,S26,-0.0025254487991333008
inverted-caret-lavender-left-mint-right-run01,mint,6,5,5.0,6.0,S27,-0.00022935867309570312
inverted-caret-lavender-left-mint-right-run01,mint,6,5,5.0,6.0,S28,-0.0018587112426757812
inverted-caret-lavender-left-mint-right-run01,mint,6,5,5.0,6.0,S29,-0.002370119094848633
inverted-caret-lavender-left-mint-right-run01,mint,6,5,5.0,6.0,S30,-0.0001671314239501953
inverted-caret-lavender-left-mint-right-run01,mint,6,5,5.0,6.0,S31,2.7418136596679688e-05
inverted-caret-lavender-left-mint-right-run01,mint,6,5,5.0,6.0,S32,-0.00023669004440307617
inverted-caret-lavender-left-mint-right-run01,mint,6,6,6.0,7.0,S1,-0.026918649673461914
inverted-caret-lavender-left-mint-right-run01,mint,6,6,6.0,7.0,S2,-0.02480292320251465
inverted-caret-lavender-left-mint-right-run01,mint,6,6,6.0,7.0,S3,0.001964092254638672
inverted-caret-lavender-left-mint-right-run01,mint,6,6,6.0,7.0,S4,-0.012864470481872559
inverted-caret-lavender-left-mint-right-run01,mint,6,6,6.0,7.0,S5,-0.0014505386352539062
inverted-caret-lavender-left-mint-right-run01,mint,6,6,6.0,7.0,S6,4.842877388000488e-05
inverted-caret-lavender-left-mint-right-run01,mint,6,6,6.0,7.0,S7,0.0022373199462890625
inverted-caret-lavender-left-mint-right-run01,mint,6,6,6.0,7.0,S8,-0.0015295743942260742
inverted-caret-lavender-left-mint-right-run01,mint,6,6,6.0,7.0,S9,-0.004067182540893555
inverted-caret-lavender-left-mint-right-run01,mint,6,6,6.0,7.0,S10,-4.4226646423339844e-05
inverted-caret-lavender-left-mint-right-run01,mint,6,6,6.0,7.0,S11,0.0027942657470703125
inverted-caret-lavender-left-mint-right-run01,mint,6,6,6.0,7.0,S12,-0.0018007159233093262
inverted-caret-lavender-left-mint-right-run01,mint,6,6,6.0,7.0,S13,-0.001838088035583496
inverted-caret-lavender-left-mint-right-run01,mint,6,6,6.0,7.0,S14,-0.0015488266944885254
inverted-caret-lavender-left-mint-right-run01,mint,6,6,6.0,7.0,S15,0.0032875537872314453
inverted-caret-lavender-left-mint-right-run01,mint,6,6,6.0,7.0,S16,-0.0004971027374267578
inverted-caret-lavender-left-mint-right-run01,mint,6,6,6.0,7.0,S17,-0.0045784711837768555
inverted-caret-lavender-left-mint-right-run01,mint,6,6,6.0,7.0,S18,-0.0019292235374450684
inverted-caret-lavender-left-mint-right-run01,mint,6,6,6.0,7.0,S19,0.0006456375122070312
inverted-caret-lavender-left-mint-right-run01,mint,6,6,6.0,7.0,S20,-0.0029164552688598633
inverted-caret-lavender-left-mint-right-run01,mint,6,6,6.0,7.0,S21,-0.0009600520133972168
inverted-caret-lavender-left-mint-right-run01,mint,6,6,6.0,7.0,S22,-0.0011000633239746094
inverted-caret-lavender-left-mint-right-run01,mint,6,6,6.0,7.0,S23,2.5272369384765625e-05
inverted-caret-lavender-left-mint-right-run01,mint,6,6,6.0,7.0,S24,-0.0026105642318725586
inverted-caret-lavender-left-mint-right-run01,mint,6,6,6.0,7.0,S25,-0.0016527175903320312
inverted-caret-lavender-left-mint-right-run01,mint,6,6,6.0,7.0,S26,-0.007985711097717285
inverted-caret-lavender-left-mint-right-run01,mint,6,6,6.0,7.0,S27,0.0003082752227783203
inverted-caret-lavender-left-mint-right-run01,mint,6,6,6.0,7.0,S28,-0.003699064254760742
inverted-caret-lavender-left-mint-right-run01,mint,6,6,6.0,7.0,S29,-0.004401445388793945
inverted-caret-lavender-left-mint-right-run01,mint,6,6,6.0,7.0,S30,-0.0003705024719238281
inverted-caret-lavender-left-mint-right-run01,mint,6,6,6.0,7.0,S31,-0.00206756591796875
inverted-caret-lavender-left-mint-right-run01,mint,6,6,6.0,7.0,S32,-0.001071929931640625
inverted-caret-lavender-left-mint-right-run01,mint,6,7,7.0,8.0,S1,-0.010604143142700195
inverted-caret-lavender-left-mint-right-run01,mint,6,7,7.0,8.0,S2,-0.010814666748046875
inverted-caret-lavender-left-mint-right-run01,mint,6,7,7.0,8.0,S3,-0.00045418739318847656
inverted-caret-lavender-left-mint-right-run01,mint,6,7,7.0,8.0,S4,-0.007207512855529785
inverted-caret-lavender-left-mint-right-run01,mint,6,7,7.0,8.0,S5,-0.0012909173965454102
inverted-caret-lavender-left-mint-right-run01,mint,6,7,7.0,8.0,S6,2.7418136596679688e-06
inverted-caret-lavender-left-mint-right-run01,mint,6,7,7.0,8.0,S7,-7.152557373046875e-05
inverted-caret-lavender-left-mint-right-run01,mint,6,7,7.0,8.0,S8,-0.0010325908660888672
inverted-caret-lavender-left-mint-right-run01,mint,6,7,7.0,8.0,S9,-0.0018537044525146484
inverted-caret-lavender-left-mint-right-run01,mint,6,7,7.0,8.0,S10,-9.655952453613281e-05
inverted-caret-lavender-left-mint-right-run01,mint,6,7,7.0,8.0,S11,-0.0008893013000488281
inverted-caret-lavender-left-mint-right-run01,mint,6,7,7.0,8.0,S12,-0.0010791420936584473
inverted-caret-lavender-left-mint-right-run01,mint,6,7,7.0,8.0,S13,-0.0011777877807617188
inverted-caret-lavender-left-mint-right-run01,mint,6,7,7.0,8.0,S14,-0.0008223652839660645
inverted-caret-lavender-left-mint-right-run01,mint,6,7,7.0,8.0,S15,-0.002652406692504883
inverted-caret-lavender-left-mint-right-run01,mint,6,7,7.0,8.0,S16,-0.0003018975257873535
inverted-caret-lavender-left-mint-right-run01,mint,6,7,7.0,8.0,S17,-0.0031648874282836914
inverted-caret-lavender-left-mint-right-run01,mint,6,7,7.0,8.0,S18,-0.0012393593788146973
inverted-caret-lavender-left-mint-right-run01,mint,6,7,7.0,8.0,S19,-0.0001800060272216797
inverted-caret-lavender-left-mint-right-run01,mint,6,7,7.0,8.0,S20,-0.0016652345657348633
inverted-caret-lavender-left-mint-right-run01,mint,6,7,7.0,8.0,S21,-0.0005662441253662109
inverted-caret-lavender-left-mint-right-run01,mint,6,7,7.0,8.0,S22,-0.0005418658256530762
inverted-caret-lavender-left-mint-right-run01,mint,6,7,7.0,8.0,S23,0.0019409656524658203
inverted-caret-lavender-left-mint-right-run01,mint,6,7,7.0,8.0,S24,-0.0007457733154296875
inverted-caret-lavender-left-mint-right-run01,mint,6,7,7.0,8.0,S25,-0.0007600784301757812
inverted-caret-lavender-left-mint-right-run01,mint,6,7,7.0,8.0,S26,-0.003291010856628418
inverted-caret-lavender-left-mint-right-run01,mint,6,7,7.0,8.0,S27,0.0002372264862060547
inverted-caret-lavender-left-mint-right-run01,mint,6,7,7.0,8.0,S28,-0.002236604690551758
inverted-caret-lavender-left-mint-right-run01,mint,6,7,7.0,8.0,S29,-0.0024634599685668945
inverted-caret-lavender-left-mint-right-run01,mint,6,7,7.0,8.0,S30,-0.00021690130233764648
inverted-caret-lavender-left-mint-right-run01,mint,6,7,7.0,8.0,S31,-0.0009057521820068359
inverted-caret-lavender-left-mint-right-run01,mint,6,7,7.0,8.0,S32,-0.00039505958557128906
inverted-caret-lavender-left-mint-right-run01,mint,7,0,0.0,1.0,S1,0.0
inverted-caret-lavender-left-mint-right-run01,mint,7,0,0.0,1.0,S2,0.0
inverted-caret-lavender-left-mint-right-run01,mint,7,0,0.0,1.0,S3,0.0
inverted-caret-lavender-left-mint-right-run01,mint,7,0,0.0,1.0,S4,0.0
inverted-caret-lavender-left-mint-right-run01,mint,7,0,0.0,1.0,S5,0.0
inverted-caret-lavender-left-mint-right-run01,mint,7,0,0.0,1.0,S6,0.0
inverted-caret-lavender-left-mint-right-run01,mint,7,0,0.0,1.0,S7,0.0
inverted-caret-lavender-left-mint-right-run01,mint,7,0,0.0,1.0,S8,0.0
inverted-caret-lavender-left-mint-right-run01,mint,7,0,0.0,1.0,S9,0.0
inverted-caret-lavender-left-mint-right-run01,mint,7,0,0.0,1.0,S10,0.0
inverted-caret-lavender-left-mint-right-run01,mint,7,0,0.0,1.0,S11,0.0
inverted-caret-lavender-left-mint-right-run01,mint,7,0,0.0,1.0,S12,0.0
inverted-caret-lavender-left-mint-right-run01,mint,7,0,0.0,1.0,S13,0.0
inverted-caret-lavender-left-mint-right-run01,mint,7,0,0.0,1.0,S14,0.0
inverted-caret-lavender-left-mint-right-run01,mint,7,0,0.0,1.0,S15,0.0
inverted-caret-lavender-left-mint-right-run01,mint,7,0,0.0,1.0,S16,0.0
inverted-caret-lavender-left-mint-right-run01,mint,7,0,0.0,1.0,S17,0.0
inverted-caret-lavender-left-mint-right-run01,mint,7,0,0.0,1.0,S18,0.0
inverted-caret-lavender-left-mint-right-run01,mint,7,0,0.0,1.0,S19,0.0
inverted-caret-lavender-left-mint-right-run01,mint,7,0,0.0,1.0,S20,0.0
inverted-caret-lavender-left-mint-right-run01,mint,7,0,0.0,1.0,S21,0.0
inverted-caret-lavender-left-mint-right-run01,mint,7,0,0.0,1.0,S22,0.0
inverted-caret-lavender-left-mint-right-run01,mint,7,0,0.0,1.0,S23,0.0
inverted-caret-lavender-left-mint-right-run01,mint,7,0,0.0,1.0,S24,0.0
inverted-caret-lavender-left-mint-right-run01,mint,7,0,0.0,1.0,S25,0.0
inverted-caret-lavender-left-mint-right-run01,mint,7,0,0.0,1.0,S26,0.0
inverted-caret-lavender-left-mint-right-run01,mint,7,0,0.0,1.0,S27,0.0
inverted-caret-lavender-left-mint-right-run01,mint,7,0,0.0,1.0,S28,0.0
inverted-caret-lavender-left-mint-right-run01,mint,7,0,0.0,1.0,S29,0.0
inverted-caret-lavender-left-mint-right-run01,mint,7,0,0.0,1.0,S30,0.0
inverted-caret-lavender-left-mint-right-run01,mint,7,0,0.0,1.0,S31,0.0
inverted-caret-lavender-left-mint-right-run01,mint,7,0,0.0,1.0,S32,0.0
inverted-caret-lavender-left-mint-right-run01,mint,7,1,1.0,2.0,S1,-0.006793379783630371
inverted-caret-lavender-left-mint-right-run01,mint,7,1,1.0,2.0,S2,-0.007449746131896973
inverted-caret-lavender-left-mint-right-run01,mint,7,1,1.0,2.0,S3,0.002593398094177246
inverted-caret-lavender-left-mint-right-run01,mint,7,1,1.0,2.0,S4,-0.004848837852478027
inverted-caret-lavender-left-mint-right-run01,mint,7,1,1.0,2.0,S5,-0.0010259151458740234
inverted-caret-lavender-left-mint-right-run01,mint,7,1,1.0,2.0,S6,-1.952052116394043e-06
inverted-caret-lavender-left-mint-right-run01,mint,7,1,1.0,2.0,S7,0.0017875432968139648
inverted-caret-lavender-left-mint-right-run01,mint,7,1,1.0,2.0,S8,-0.0007939338684082031
inverted-caret-lavender-left-mint-right-run01,mint,7,1,1.0,2.0,S9,-0.0012301206588745117
inverted-caret-lavender-left-mint-right-run01,mint,7,1,1.0,2.0,S10,-7.671117782592773e-05
inverted-caret-lavender-left-mint-right-run01,mint,7,1,1.0,2.0,S11,0.00032258033752441406
inverted-caret-lavender-left-mint-right-run01,mint,7,1,1.0,2.0,S12,-0.0007234811782836914
inverted-caret-lavender-left-mint-right-run01,mint,7,1,1.0,2.0,S13,-0.0007188320159912109
inverted-caret-lavender-left-mint-right-run01,mint,7,1,1.0,2.0,S14,-0.0005454719066619873
inverted-caret-lavender-left-mint-right-run01,mint,7,1,1.0,2.0,S15,0.0013163089752197266
inverted-caret-lavender-left-mint-right-run01,mint,7,1,1.0,2.0,S16,-0.0002187490463256836
inverted-caret-lavender-left-mint-right-run01,mint,7,1,1.0,2.0,S17,-0.002346336841583252
inverted-caret-lavender-left-mint-right-run01,mint,7,1,1.0,2.0,S18,-0.0010032951831817627
inverted-caret-lavender-left-mint-right-run01,mint,7,1,1.0,2.0,S19,0.0013608932495117188
inverted-caret-lavender-left-mint-right-run01,mint,7,1,1.0,2.0,S20,-0.0010093450546264648
inverted-caret-lavender-left-mint-right-run01,mint,7,1,1.0,2.0,S21,-0.0003699362277984619
inverted-caret-lavender-left-mint-right-run01,mint,7,1,1.0,2.0,S22,-0.00020697712898254395
inverted-caret-lavender-left-mint-right-run01,mint,7,1,1.0,2.0,S23,0.0006775856018066406
inverted-caret-lavender-left-mint-right-run01,mint,7,1,1.0,2.0,S24,0.00010055303573608398
inverted-caret-lavender-left-mint-right-run01,mint,7,1,1.0,2.0,S25,-0.00016355514526367188
inverted-caret-lavender-left-mint-right-run01,mint,7,1,1.0,2.0,S26,-0.001164555549621582
inverted-caret-lavender-left-mint-right-run01,mint,7,1,1.0,2.0,S27,-9.834766387939453e-05
inverted-caret-lavender-left-mint-right-run01,mint,7,1,1.0,2.0,S28,-0.001389920711517334
inverted-caret-lavender-left-mint-right-run01,mint,7,1,1.0,2.0,S29,-0.001628577709197998
inverted-caret-lavender-left-mint-right-run01,mint,7,1,1.0,2.0,S30,-0.00011104345321655273
inverted-caret-lavender-left-mint-right-run01,mint,7,1,1.0,2.0,S31,-0.0005514621734619141
inverted-caret-lavender-left-mint-right-run01,mint,7,1,1.0,2.0,S32,-2.5153160095214844e-05
inverted-caret-lavender-left-mint-right-run01,mint,7,5,5.0,6.0,S1,-0.007411003112792969
inverted-caret-lavender-left-mint-right-run01,mint,7,5,5.0,6.0,S2,-0.007783412933349609
inverted-caret-lavender-left-mint-right-run01,mint,7,5,5.0,6.0,S3,0.00010824203491210938
inverted-caret-lavender-left-mint-right-run01,mint,7,5,5.0,6.0,S4,-0.004895687103271484
inverted-caret-lavender-left-mint-right-run01,mint,7,5,5.0,6.0,S5,-0.0010277628898620605
inverted-caret-lavender-left-mint-right-run01,mint,7,5,5.0,6.0,S6,-3.007054328918457e-05
inverted-caret-lavender-left-mint-right-run01,mint,7,5,5.0,6.0,S7,-0.0003094673156738281
inverted-caret-lavender-left-mint-right-run01,mint,7,5,5.0,6.0,S8,-0.0009561777114868164
inverted-caret-lavender-left-mint-right-run01,mint,7,5,5.0,6.0,S9,-0.0013278722763061523
inverted-caret-lavender-left-mint-right-run01,mint,7,5,5.0,6.0,S10,-5.441904067993164e-05
inverted-caret-lavender-left-mint-right-run01,mint,7,5,5.0,6.0,S11,-0.0021065473556518555
inverted-caret-lavender-left-mint-right-run01,mint,7,5,5.0,6.0,S12,-0.000768810510635376
inverted-caret-lavender-left-mint-right-run01,mint,7,5,5.0,6.0,S13,-0.000751197338104248
inverted-caret-lavender-left-mint-right-run01,mint,7,5,5.0,6.0,S14,-0.0005719661712646484
inverted-caret-lavender-left-mint-right-run01,mint,7,5,5.0,6.0,S15,-0.0014389753341674805
inverted-caret-lavender-left-mint-right-run01,mint,7,5,5.0,6.0,S16,-0.00024247169494628906
inverted-caret-lavender-left-mint-right-run01,mint,7,5,5.0,6.0,S17,-0.002708733081817627
inverted-caret-lavender-left-mint-right-run01,mint,7,5,5.0,6.0,S18,-0.0011135637760162354
inverted-caret-lavender-left-mint-right-run01,mint,7,5,5.0,6.0,S19,-0.002428293228149414
inverted-caret-lavender-left-mint-right-run01,mint,7,5,5.0,6.0,S20,-0.0012804865837097168
inverted-caret-lavender-left-mint-right-run01,mint,7,5,5.0,6.0,S21,-0.0005138516426086426
inverted-caret-lavender-left-mint-right-run01,mint,7,5,5.0,6.0,S22,-0.0004654526710510254
inverted-caret-lavender-left-mint-right-run01,mint,7,5,5.0,6.0,S23,-0.0028210878372192383
inverted-caret-lavender-left-mint-right-run01,mint,7,5,5.0,6.0,S24,-0.0008270740509033203
inverted-caret-lavender-left-mint-right-run01,mint,7,5,5.0,6.0,S25,-0.0006618499755859375
inverted-caret-lavender-left-mint-right-run01,mint,7,5,5.0,6.0,S26,-0.0036767125129699707
inverted-caret-lavender-left-mint-right-run01,mint,7,5,5.0,6.0,S27,-0.0019434690475463867
inverted-caret-lavender-left-mint-right-run01,mint,7,5,5.0,6.0,S28,-0.002628028392791748
inverted-caret-lavender-left-mint-right-run01,mint,7,5,5.0,6.0,S29,-0.0028492212295532227
inverted-caret-lavender-left-mint-right-run01,mint,7,5,5.0,6.0,S30,-0.00023192167282104492
inverted-caret-lavender-left-mint-right-run01,mint,7,5,5.0,6.0,S31,-0.003193378448486328
inverted-caret-lavender-left-mint-right-run01,mint,7,5,5.0,6.0,S32,-0.000627368688583374
inverted-caret-lavender-left-mint-right-run01,mint,7,6,6.0,7.0,S1,-0.006619691848754883
inverted-caret-lavender-left-mint-right-run01,mint,7,6,6.0,7.0,S2,-0.006783723831176758
inverted-caret-lavender-left-mint-right-run01,mint,7,6,6.0,7.0,S3,-0.001708984375
inverted-caret-lavender-left-mint-right-run01,mint,7,6,6.0,7.0,S4,-0.00494539737701416
inverted-caret-lavender-left-mint-right-run01,mint,7,6,6.0,7.0,S5,-0.0010418891906738281
inverted-caret-lavender-left-mint-right-run01,mint,7,6,6.0,7.0,S6,2.0012259483337402e-05
inverted-caret-lavender-left-mint-right-run01,mint,7,6,6.0,7.0,S7,-0.0014380216598510742
inverted-caret-lavender-left-mint-right-run01,mint,7,6,6.0,7.0,S8,-0.001013636589050293
inverted-caret-lavender-left-mint-right-run01,mint,7,6,6.0,7.0,S9,-0.00140303373336792
inverted-caret-lavender-left-mint-right-run01,mint,7,6,6.0,7.0,S10,-9.72747802734375e-05
inverted-caret-lavender-left-mint-right-run01,mint,7,6,6.0,7.0,S11,-0.001755356788635254
inverted-caret-lavender-left-mint-right-run01,mint,7,6,6.0,7.0,S12,-0.0008538365364074707
inverted-caret-lavender-left-mint-right-run01,mint,7,6,6.0,7.0,S13,-0.000865638256072998
inverted-caret-lavender-left-mint-right-run01,mint,7,6,6.0,7.0,S14,-0.0006615817546844482
inverted-caret-lavender-left-mint-right-run01,mint,7,6,6.0,7.0,S15,-0.0004405975341796875
inverted-caret-lavender-left-mint-right-run01,mint,7,6,6.0,7.0,S16,-0.00025919079780578613
inverted-caret-lavender-left-mint-right-run01,mint,7,6,6.0,7.0,S17,-0.002682507038116455
inverted-caret-lavender-left-mint-right-run01,mint,7,6,6.0,7.0,S18,-0.0011650621891021729
inverted-caret-lavender-left-mint-right-run01,mint,7,6,6.0,7.0,S19,0.0010832548141479492
inverted-caret-lavender-left-mint-right-run01,mint,7,6,6.0,7.0,S20,-0.0014421343803405762
inverted-caret-lavender-left-mint-right-run01,mint,7,6,6.0,7.0,S21,-0.0005641281604766846
inverted-caret-lavender-left-mint-right-run01,mint,7,6,6.0,7.0,S22,-0.0005559623241424561
inverted-caret-lavender-left-mint-right-run01,mint,7,6,6.0,7.0,S23,-0.001351475715637207
inverted-caret-lavender-left-mint-right-run01,mint,7,6,6.0,7.0,S24,-0.0011487007141113281
inverted-caret-lavender-left-mint-right-run01,mint,7,6,6.0,7.0,S25,-0.0006593465805053711
inverted-caret-lavender-left-mint-right-run01,mint,7,6,6.0,7.0,S26,-0.004047811031341553
inverted-caret-lavender-left-mint-right-run01,mint,7,6,6.0,7.0,S27,-0.0028231143951416016
inverted-caret-lavender-left-mint-right-run01,mint,7,6,6.0,7.0,S28,-0.0029270052909851074
inverted-caret-lavender-left-mint-right-run01,mint,7,6,6.0,7.0,S29,-0.0030974149703979492
inverted-caret-lavender-left-mint-right-run01,mint,7,6,6.0,7.0,S30,-0.00024074316024780273
inverted-caret-lavender-left-mint-right-run01,mint,7,6,6.0,7.0,S31,-0.0016974210739135742
inverted-caret-lavender-left-mint-right-run01,mint,7,6,6.0,7.0,S32,-0.0007148683071136475
inverted-caret-lavender-left-mint-right-run01,lavender,0,0,0.0,1.0,S1,0.020494461059570312
inverted-caret-lavender-left-mint-right-run01,lavender,0,0,0.0,1.0,S2,0.020047783851623535
inverted-caret-lavender-left-mint-right-run01,lavender,0,0,0.0,1.0,S3,-0.00153350830078125
inverted-caret-lavender-left-mint-right-run01,lavender,0,0,0.0,1.0,S4,0.011437952518463135
inverted-caret-lavender-left-mint-right-run01,lavender,0,0,0.0,1.0,S5,0.0020896196365356445
inverted-caret-lavender-left-mint-right-run01,lavender,0,0,0.0,1.0,S6,1.823902130126953e-05
inverted-caret-lavender-left-mint-right-run01,lavender,0,0,0.0,1.0,S7,-0.00032019615173339844
inverted-caret-lavender-left-mint-right-run01,lavender,0,0,0.0,1.0,S8,0.0017924308776855469
inverted-caret-lavender-left-mint-right-run01,lavender,0,0,0.0,1.0,S9,0.003416776657104492
inverted-caret-lavender-left-mint-right-run01,lavender,0,0,0.0,1.0,S10,0.00018471479415893555
inverted-caret-lavender-left-mint-right-run01,lavender,0,0,0.0,1.0,S11,-0.0013425350189208984
inverted-caret-lavender-left-mint-right-run01,lavender,0,0,0.0,1.0,S12,0.001732558012008667
inverted-caret-lavender-left-mint-right-run01,lavender,0,0,0.0,1.0,S13,0.0017336606979370117
inverted-caret-lavender-left-mint-right-run01,lavender,0,0,0.0,1.0,S14,0.0014492273330688477
inverted-caret-lavender-left-mint-right-run01,lavender,0,0,0.0,1.0,S15,-0.00016486644744873047
inverted-caret-lavender-left-mint-right-run01,lavender,0,0,0.0,1.0,S16,0.0005149543285369873
inverted-caret-lavender-left-mint-right-run01,lavender,0,0,0.0,1.0,S17,0.005250394344329834
inverted-caret-lavender-left-mint-right-run01,lavender,0,0,0.0,1.0,S18,0.0023573338985443115
inverted-caret-lavender-left-mint-right-run01,lavender,0,0,0.0,1.0,S19,-0.0011866092681884766
inverted-caret-lavender-left-mint-right-run01,lavender,0,0,0.0,1.0,S20,0.002892613410949707
inverted-caret-lavender-left-mint-right-run01,lavender,0,0,0.0,1.0,S21,0.001109004020690918
inverted-caret-lavender-left-mint-right-run01,lavender,0,0,0.0,1.0,S22,0.00106734037399292
inverted-caret-lavender-left-mint-right-run01,lavender,0,0,0.0,1.0,S23,-0.0005153417587280273
inverted-caret-lavender-left-mint-right-run01,lavender,0,0,0.0,1.0,S24,0.0021049976348876953
inverted-caret-lavender-left-mint-right-run01,lavender,0,0,0.0,1.0,S25,0.0016469955444335938
inverted-caret-lavender-left-mint-right-run01,lavender,0,0,0.0,1.0,S26,0.007959842681884766
inverted-caret-lavender-left-mint-right-run01,lavender,0,0,0.0,1.0,S27,-0.000110626220703125
inverted-caret-lavender-left-mint-right-run01,lavender,0,0,0.0,1.0,S28,0.0047498345375061035
inverted-caret-lavender-left-mint-right-run01,lavender,0,0,0.0,1.0,S29,0.005972087383270264
inverted-caret-lavender-left-mint-right-run01,lavender,0,0,0.0,1.0,S30,0.00043904781341552734
inverted-caret-lavender-left-mint-right-run01,lavender,0,0,0.0,1.0,S31,0.0004495382308959961
inverted-caret-lavender-left-mint-right-run01,lavender,0,0,0.0,1.0,S32,0.0012197792530059814
inverted-caret-lavender-left-mint-right-run01,lavender,0,1,1.0,2.0,S1,0.005680084228515625
inverted-caret-lavender-left-mint-right-run01,lavender,0,1,1.0,2.0,S2,0.0071800947189331055
inverted-caret-lavender-left-mint-right-run01,lavender,0,1,1.0,2.0,S3,-5.7220458984375e-06
inverted-caret-lavender-left-mint-right-run01,lavender,0,1,1.0,2.0,S4,0.0066977739334106445
inverted-caret-lavender-left-mint-right-run01,lavender,0,1,1.0,2.0,S5,0.0019261837005615234
inverted-caret-lavender-left-mint-right-run01,lavender,0,1,1.0,2.0,S6,4.264712333679199e-05
inverted-caret-lavender-left-mint-right-run01,lavender,0,1,1.0,2.0,S7,-0.0002828836441040039
inverted-caret-lavender-left-mint-right-run01,lavender,0,1,1.0,2.0,S8,0.001546323299407959
inverted-caret-lavender-left-mint-right-run01,lavender,0,1,1.0,2.0,S9,0.0015273690223693848
inverted-caret-lavender-left-mint-right-run01,lavender,0,1,1.0,2.0,S10,0.0001862645149230957
inverted-caret-lavender-left-mint-right-run01,lavender,0,1,1.0,2.0,S11,-8.690357208251953e-05
inverted-caret-lavender-left-mint-right-run01,lavender,0,1,1.0,2.0,S12,0.0011038482189178467
inverted-caret-lavender-left-mint-right-run01,lavender,0,1,1.0,2.0,S13,0.0012140274047851562
inverted-caret-lavender-left-mint-right-run01,lavender,0,1,1.0,2.0,S14,0.0008890330791473389
inverted-caret-lavender-left-mint-right-run01,lavender,0,1,1.0,2.0,S15,0.00042748451232910156
inverted-caret-lavender-left-mint-right-run01,lavender,0,1,1.0,2.0,S16,0.00034308433532714844
inverted-caret-lavender-left-mint-right-run01,lavender,0,1,1.0,2.0,S17,0.004087328910827637
inverted-caret-lavender-left-mint-right-run01,lavender,0,1,1.0,2.0,S18,0.0018864274024963379
inverted-caret-lavender-left-mint-right-run01,lavender,0,1,1.0,2.0,S19,0.0002657175064086914
inverted-caret-lavender-left-mint-right-run01,lavender,0,1,1.0,2.0,S20,0.0018636584281921387
inverted-caret-lavender-left-mint-right-run01,lavender,0,1,1.0,2.0,S21,0.0008113980293273926
inverted-caret-lavender-left-mint-right-run01,lavender,0,1,1.0,2.0,S22,0.0005953311920166016
inverted-caret-lavender-left-mint-right-run01,lavender,0,1,1.0,2.0,S23,-7.49826431274414e-05
inverted-caret-lavender-left-mint-right-run01,lavender,0,1,1.0,2.0,S24,0.0005449056625366211
inverted-caret-lavender-left-mint-right-run01,lavender,0,1,1.0,2.0,S25,0.0009749531745910645
inverted-caret-lavender-left-mint-right-run01,lavender,0,1,1.0,2.0,S26,0.003955662250518799
inverted-caret-lavender-left-mint-right-run01,lavender,0,1,1.0,2.0,S27,0.00022518634796142578
inverted-caret-lavender-left-mint-right-run01,lavender,0,1,1.0,2.0,S28,0.003677546977996826
inverted-caret-lavender-left-mint-right-run01,lavender,0,1,1.0,2.0,S29,0.004490971565246582
inverted-caret-lavender-left-mint-right-run01,lavender,0,1,1.0,2.0,S30,0.0003508925437927246
inverted-caret-lavender-left-mint-right-run01,lavender,0,1,1.0,2.0,S31,3.910064697265625e-05
inverted-caret-lavender-left-mint-right-run01,lavender,0,1,1.0,2.0,S32,0.0007822811603546143
inverted-caret-lavender-left-mint-right-run01,lavender,0,4,4.0,5.0,S1,0.03871655464172363
inverted-caret-lavender-left-mint-right-run01,lavender,0,4,4.0,5.0,S2,0.03725636005401611
inverted-caret-lavender-left-mint-right-run01,lavender,0,4,4.0,5.0,S3,0.0012274980545043945
inverted-caret-lavender-left-mint-right-run01,lavender,0,4,4.0,5.0,S4,0.01978766918182373
inverted-caret-lavender-left-mint-right-run01,lavender,0,4,4.0,5.0,S5,0.0031885504722595215
inverted-caret-lavender-left-mint-right-run01,lavender,0,4,4.0,5.0,S6,1.6003847122192383e-05
inverted-caret-lavender-left-mint-right-run01,lavender,0,4,4.0,5.0,S7,0.0012291669845581055
inverted-caret-lavender-left-mint-right-run01,lavender,0,4,4.0,5.0,S8,0.002731800079345703
inverted-caret-lavender-left-mint-right-run01,lavender,0,4,4.0,5.0,S9,0.0063024163246154785
inverted-caret-lavender-left-mint-right-run01,lavender,0,4,4.0,5.0,S10,0.0002574920654296875
inverted-caret-lavender-left-mint-right-run01,lavender,0,4,4.0,5.0,S11,0.0015568733215332031
inverted-caret-lavender-left-mint-right-run01,lavender,0,4,4.0,5.0,S12,0.002858787775039673
inverted-caret-lavender-left-mint-right-run01,lavender,0,4,4.0,5.0,S13,0.0029230713844299316
inverted-caret-lavender-left-mint-right-run01,lavender,0,4,4.0,5.0,S14,0.002445518970489502
inverted-caret-lavender-left-mint-right-run01,lavender,0,4,4.0,5.0,S15,0.0018576383590698242
inverted-caret-lavender-left-mint-right-run01,lavender,0,4,4.0,5.0,S16,0.0008277595043182373
inverted-caret-lavender-left-mint-right-run01,lavender,0,4,4.0,5.0,S17,0.008316457271575928
inverted-caret-lavender-left-mint-right-run01,lavender,0,4,4.0,5.0,S18,0.0036620795726776123
inverted-caret-lavender-left-mint-right-run01,lavender,0,4,4.0,5.0,S19,-0.0006383657455444336
inverted-caret-lavender-left-mint-right-run01,lavender,0,4,4.0,5.0,S20,0.004846155643463135
inverted-caret-lavender-left-mint-right-run01,lavender,0,4,4.0,5.0,S21,0.0017479956150054932
inverted-caret-lavender-left-mint-right-run01,lavender,0,4,4.0,5.0,S22,0.0018174946308135986
inverted-caret-lavender-left-mint-right-run01,lavender,0,4,4.0,5.0,S23,-0.00017786026000976562
inverted-caret-lavender-left-mint-right-run01,lavender,0,4,4.0,5.0,S24,0.003908395767211914
inverted-caret-lavender-left-mint-right-run01,lavender,0,4,4.0,5.0,S25,0.002786874771118164
inverted-caret-lavender-left-mint-right-run01,lavender,0,4,4.0,5.0,S26,0.013564646244049072
inverted-caret-lavender-left-mint-right-run01,lavender,0,4,4.0,5.0,S27,0.000308990478515625
inverted-caret-lavender-left-mint-right-run01,lavender,0,4,4.0,5.0,S28,0.006986081600189209
inverted-caret-lavender-left-mint-right-run01,lavender,0,4,4.0,5.0,S29,0.009128868579864502
inverted-caret-lavender-left-mint-right-run01,lavender,0,4,4.0,5.0,S30,0.0006766021251678467
inverted-caret-lavender-left-mint-right-run01,lavender,0,4,4.0,5.0,S31,0.00017464160919189453
inverted-caret-lavender-left-mint-right-run01,lavender,0,4,4.0,5.0,S32,0.0018964707851409912
inverted-caret-lavender-left-mint-right-run01,lavender,1,0,0.0,1.0,S1,2.9802322387695312e-05
inverted-caret-lavender-left-mint-right-run01,lavender,1,0,0.0,1.0,S2,-0.00023734569549560547
inverted-caret-lavender-left-mint-right-run01,lavender,1,0,0.0,1.0,S3,0.0002187490463256836
inverted-caret-lavender-left-mint-right-run01,lavender,1,0,0.0,1.0,S4,-0.0004944801330566406
inverted-caret-lavender-left-mint-right-run01,lavender,1,0,0.0,1.0,S5,-0.0001671314239501953
inverted-caret-lavender-left-mint-right-run01,lavender,1,0,0.0,1.0,S6,-1.2502074241638184e-05
inverted-caret-lavender-left-mint-right-run01,lavender,1,0,0.0,1.0,S7,0.001127481460571289
inverted-caret-lavender-left-mint-right-run01,lavender,1,0,0.0,1.0,S8,-0.0001284480094909668
inverted-caret-lavender-left-mint-right-run01,lavender,1,0,0.0,1.0,S9,-0.00014972686767578125
inverted-caret-lavender-left-mint-right-run01,lavender,1,0,0.0,1.0,S10,-7.963180541992188e-05
inverted-caret-lavender-left-mint-right-run01,lavender,1,0,0.0,1.0,S11,0.0003603696823120117
inverted-caret-lavender-left-mint-right-run01,lavender,1,0,0.0,1.0,S12,-7.787346839904785e-05
inverted-caret-lavender-left-mint-right-run01,lavender,1,0,0.0,1.0,S13,-8.034706115722656e-05
inverted-caret-lavender-left-mint-right-run01,lavender,1,0,0.0,1.0,S14,-7.322430610656738e-05
inverted-caret-lavender-left-mint-right-run01,lavender,1,0,0.0,1.0,S15,-0.0006542205810546875
inverted-caret-lavender-left-mint-right-run01,lavender,1,0,0.0,1.0,S16,-4.0203332901000977e-05
inverted-caret-lavender-left-mint-right-run01,lavender,1,0,0.0,1.0,S17,-0.00010645389556884766
inverted-caret-lavender-left-mint-right-run01,lavender,1,0,0.0,1.0,S18,-9.79304313659668e-05
inverted-caret-lavender-left-mint-right-run01,lavender,1,0,0.0,1.0,S19,-0.00016927719116210938
inverted-caret-lavender-left-mint-right-run01,lavender,1,0,0.0,1.0,S20,-9.262561798095703e-05
inverted-caret-lavender-left-mint-right-run01,lavender,1,0,0.0,1.0,S21,-4.2319297790527344e-05
inverted-caret-lavender-left-mint-right-run01,lavender,1,0,0.0,1.0,S22,-4.649162292480469e-06
inverted-caret-lavender-left-mint-right-run01,lavender,1,0,0.0,1.0,S23,-0.0010069608688354492
inverted-caret-lavender-left-mint-right-run01,lavender,1,0,0.0,1.0,S24,0.0001722574234008789
inverted-caret-lavender-left-mint-right-run01,lavender,1,0,0.0,1.0,S25,0.0001227259635925293
inverted-caret-lavender-left-mint-right-run01,lavender,1,0,0.0,1.0,S26,0.0004316568374633789
inverted-caret-lavender-left-mint-right-run01,lavender,1,0,0.0,1.0,S27,-0.00015354156494140625
inverted-caret-lavender-left-mint-right-run01,lavender,1,0,0.0,1.0,S28,-0.00010210275650024414
inverted-caret-lavender-left-mint-right-run01,lavender,1,0,0.0,1.0,S29,-4.291534423828125e-06
inverted-caret-lavender-left-mint-right-run01,lavender,1,0,0.0,1.0,S30,-2.5451183319091797e-05
inverted-caret-lavender-left-mint-right-run01,lavender,1,0,0.0,1.0,S31,-0.00024056434631347656
inverted-caret-lavender-left-mint-right-run01,lavender,1,0,0.0,1.0,S32,0.00016048550605773926
inverted-caret-lavender-left-mint-right-run01,lavender,1,2,2.0,3.0,S1,0.012992620468139648
inverted-caret-lavender-left-mint-right-run01,lavender,1,2,2.0,3.0,S2,0.010325193405151367
inverted-caret-lavender-left-mint-right-run01,lavender,1,2,2.0,3.0,S3,0.0030891895294189453
inverted-caret-lavender-left-mint-right-run01,lavender,1,2,2.0,3.0,S4,0.002927064895629883
inverted-caret-lavender-left-mint-right-run01,lavender,1,2,2.0,3.0,S5,-0.0005543231964111328
inverted-caret-lavender-left-mint-right-run01,lavender,1,2,2.0,3.0,S6,-4.976987838745117e-05
inverted-caret-lavender-left-mint-right-run01,lavender,1,2,2.0,3.0,S7,0.0025849342346191406
inverted-caret-lavender-left-mint-right-run01,lavender,1,2,2.0,3.0,S8,-0.0003871917724609375
inverted-caret-lavender-left-mint-right-run01,lavender,1,2,2.0,3.0,S9,0.0020470619201660156
inverted-caret-lavender-left-mint-right-run01,lavender,1,2,2.0,3.0,S10,-7.617473602294922e-05
inverted-caret-lavender-left-mint-right-run01,lavender,1,2,2.0,3.0,S11,0.0006268024444580078
inverted-caret-lavender-left-mint-right-run01,lavender,1,2,2.0,3.0,S12,0.00024259090423583984
inverted-caret-lavender-left-mint-right-run01,lavender,1,2,2.0,3.0,S13,0.0003076791763305664
inverted-caret-lavender-left-mint-right-run01,lavender,1,2,2.0,3.0,S14,0.0004062652587890625
inverted-caret-lavender-left-mint-right-run01,lavender,1,2,2.0,3.0,S15,0.0003910064697265625
inverted-caret-lavender-left-mint-right-run01,lavender,1,2,2.0,3.0,S16,5.0127506256103516e-05
inverted-caret-lavender-left-mint-right-run01,lavender,1,2,2.0,3.0,S17,0.0003103017807006836
inverted-caret-lavender-left-mint-right-run01,lavender,1,2,2.0,3.0,S18,3.731250762939453e-05
inverted-caret-lavender-left-mint-right-run01,lavender,1,2,2.0,3.0,S19,0.00013518333435058594
inverted-caret-lavender-left-mint-right-run01,lavender,1,2,2.0,3.0,S20,0.0011818408966064453
inverted-caret-lavender-left-mint-right-run01,lavender,1,2,2.0,3.0,S21,0.00035685300827026367
inverted-caret-lavender-left-mint-right-run01,lavender,1,2,2.0,3.0,S22,0.0008192062377929688
inverted-caret-lavender-left-mint-right-run01,lavender,1,2,2.0,3.0,S23,-0.0002765655517578125
inverted-caret-lavender-left-mint-right-run01,lavender,1,2,2.0,3.0,S24,0.0034465789794921875
inverted-caret-lavender-left-mint-right-run01,lavender,1,2,2.0,3.0,S25,0.0013384819030761719
inverted-caret-lavender-left-mint-right-run01,lavender,1,2,2.0,3.0,S26,0.007811427116394043
inverted-caret-lavender-left-mint-right-run01,lavender,1,2,2.0,3.0,S27,0.00010848045349121094
inverted-caret-lavender-left-mint-right-run01,lavender,1,2,2.0,3.0,S28,0.0010885000228881836
inverted-caret-lavender-left-mint-right-run01,lavender,1,2,2.0,3.0,S29,0.0021750926971435547
inverted-caret-lavender-left-mint-right-run01,lavender,1,2,2.0,3.0,S30,0.00015282630920410156
inverted-caret-lavender-left-mint-right-run01,lavender,1,2,2.0,3.0,S31,-0.0022385120391845703
inverted-caret-lavender-left-mint-right-run01,lavender,1,2,2.0,3.0,S32,0.0013003945350646973
inverted-caret-lavender-left-mint-right-run01,lavender,1,5,5.0,6.0,S1,0.043267250061035156
inverted-caret-lavender-left-mint-right-run01,lavender,1,5,5.0,6.0,S2,0.0375596284866333
inverted-caret-lavender-left-mint-right-run01,lavender,1,5,5.0,6.0,S3,-0.0007975101470947266
inverted-caret-lavender-left-mint-right-run01,lavender,1,5,5.0,6.0,S4,0.015667617321014404
inverted-caret-lavender-left-mint-right-run01,lavender,1,5,5.0,6.0,S5,0.0010122060775756836
inverted-caret-lavender-left-mint-right-run01,lavender,1,5,5.0,6.0,S6,-3.1620264053344727e-05
inverted-caret-lavender-left-mint-right-run01,lavender,1,5,5.0,6.0,S7,-0.002814173698425293
inverted-caret-lavender-left-mint-right-run01,lavender,1,5,5.0,6.0,S8,0.0014224052429199219
inverted-caret-lavender-left-mint-right-run01,lavender,1,5,5.0,6.0,S9,0.006469547748565674
inverted-caret-lavender-left-mint-right-run01,lavender,1,5,5.0,6.0,S10,7.617473602294922e-05
inverted-caret-lavender-left-mint-right-run01,lavender,1,5,5.0,6.0,S11,-0.000950932502746582
inverted-caret-lavender-left-mint-right-run01,lavender,1,5,5.0,6.0,S12,0.00218123197555542
inverted-caret-lavender-left-mint-right-run01,lavender,1,5,5.0,6.0,S13,0.002068161964416504
inverted-caret-lavender-left-mint-right-run01,lavender,1,5,5.0,6.0,S14,0.0019860267639160156
inverted-caret-lavender-left-mint-right-run01,lavender,1,5,5.0,6.0,S15,-0.0003361701965332031
inverted-caret-lavender-left-mint-right-run01,lavender,1,5,5.0,6.0,S16,0.0005715489387512207
inverted-caret-lavender-left-mint-right-run01,lavender,1,5,5.0,6.0,S17,0.004592001438140869
inverted-caret-lavender-left-mint-right-run01,lavender,1,5,5.0,6.0,S18,0.002114921808242798
inverted-caret-lavender-left-mint-right-run01,lavender,1,5,5.0,6.0,S19,8.893013000488281e-05
inverted-caret-lavender-left-mint-right-run01,lavender,1,5,5.0,6.0,S20,0.004084229469299316
inverted-caret-lavender-left-mint-right-run01,lavender,1,5,5.0,6.0,S21,0.0012942850589752197
inverted-caret-lavender-left-mint-right-run01,lavender,1,5,5.0,6.0,S22,0.0018528103828430176
inverted-caret-lavender-left-mint-right-run01,lavender,1,5,5.0,6.0,S23,-0.0023573637008666992
inverted-caret-lavender-left-mint-right-run01,lavender,1,5,5.0,6.0,S24,0.005555868148803711
inverted-caret-lavender-left-mint-right-run01,lavender,1,5,5.0,6.0,S25,0.0027276277542114258
inverted-caret-lavender-left-mint-right-run01,lavender,1,5,5.0,6.0,S26,0.01487499475479126
inverted-caret-lavender-left-mint-right-run01,lavender,1,5,5.0,6.0,S27,-0.0005803108215332031
inverted-caret-lavender-left-mint-right-run01,lavender,1,5,5.0,6.0,S28,0.00501018762588501
inverted-caret-lavender-left-mint-right-run01,lavender,1,5,5.0,6.0,S29,0.0067678093910217285
inverted-caret-lavender-left-mint-right-run01,lavender,1,5,5.0,6.0,S30,0.0005025863647460938
inverted-caret-lavender-left-mint-right-run01,lavender,1,5,5.0,6.0,S31,-0.0025136470794677734
inverted-caret-lavender-left-mint-right-run01,lavender,1,5,5.0,6.0,S32,0.0021195411682128906
inverted-caret-lavender-left-mint-right-run01,lavender,2,0,0.0,1.0,S1,0.008335351943969727
inverted-caret-lavender-left-mint-right-run01,lavender,2,0,0.0,1.0,S2,0.007084846496582031
inverted-caret-lavender-left-mint-right-run01,lavender,2,0,0.0,1.0,S3,-0.0006718635559082031
inverted-caret-lavender-left-mint-right-run01,lavender,2,0,0.0,1.0,S4,0.0026731491088867188
inverted-caret-lavender-left-mint-right-run01,lavender,2,0,0.0,1.0,S5,0.0001252293586730957
inverted-caret-lavender-left-mint-right-run01,lavender,2,0,0.0,1.0,S6,-9.074807167053223e-06
inverted-caret-lavender-left-mint-right-run01,lavender,2,0,0.0,1.0,S7,-0.0015048980712890625
inverted-caret-lavender-left-mint-right-run01,lavender,2,0,0.0,1.0,S8,0.0002269744873046875
inverted-caret-lavender-left-mint-right-run01,lavender,2,0,0.0,1.0,S9,0.0014240145683288574
inverted-caret-lavender-left-mint-right-run01,lavender,2,0,0.0,1.0,S10,1.3709068298339844e-05
inverted-caret-lavender-left-mint-right-run01,lavender,2,0,0.0,1.0,S11,-0.0007721185684204102
inverted-caret-lavender-left-mint-right-run01,lavender,2,0,0.0,1.0,S12,0.00041097402572631836
inverted-caret-lavender-left-mint-right-run01,lavender,2,0,0.0,1.0,S13,0.0003904104232788086
inverted-caret-lavender-left-mint-right-run01,lavender,2,0,0.0,1.0,S14,0.00041496753692626953
inverted-caret-lavender-left-mint-right-run01,lavender,2,0,0.0,1.0,S15,0.0022051334381103516
inverted-caret-lavender-left-mint-right-run01,lavender,2,0,0.0,1.0,S16,0.00011178851127624512
inverted-caret-lavender-left-mint-right-run01,lavender,2,0,0.0,1.0,S17,0.0008603930473327637
inverted-caret-lavender-left-mint-right-run01,lavender,2,0,0.0,1.0,S18,0.0004881322383880615
inverted-caret-lavender-left-mint-right-run01,lavender,2,0,0.0,1.0,S19,0.0004335641860961914
inverted-caret-lavender-left-mint-right-run01,lavender,2,0,0.0,1.0,S20,0.001087188720703125
inverted-caret-lavender-left-mint-right-run01,lavender,2,0,0.0,1.0,S21,0.0003685951232910156
inverted-caret-lavender-left-mint-right-run01,lavender,2,0,0.0,1.0,S22,0.0005835592746734619
inverted-caret-lavender-left-mint-right-run01,lavender,2,0,0.0,1.0,S23,0.00018548965454101562
inverted-caret-lavender-left-mint-right-run01,lavender,2,0,0.0,1.0,S24,0.0021222829818725586
inverted-caret-lavender-left-mint-right-run01,lavender,2,0,0.0,1.0,S25,0.000824272632598877
inverted-caret-lavender-left-mint-right-run01,lavender,2,0,0.0,1.0,S26,0.005586743354797363
inverted-caret-lavender-left-mint-right-run01,lavender,2,0,0.0,1.0,S27,-0.002410411834716797
inverted-caret-lavender-left-mint-right-run01,lavender,2,0,0.0,1.0,S28,0.0021212100982666016
inverted-caret-lavender-left-mint-right-run01,lavender,2,0,0.0,1.0,S29,0.0025292038917541504
inverted-caret-lavender-left-mint-right-run01,lavender,2,0,0.0,1.0,S30,0.0002237260341644287
inverted-caret-lavender-left-mint-right-run01,lavender,2,0,0.0,1.0,S31,0.0019212961196899414
inverted-caret-lavender-left-mint-right-run01,lavender,2,0,0.0,1.0,S32,0.0010802149772644043
inverted-caret-lavender-left-mint-right-run01,lavender,2,2,2.0,3.0,S1,0.04685378074645996
inverted-caret-lavender-left-mint-right-run01,lavender,2,2,2.0,3.0,S2,0.04019927978515625
inverted-caret-lavender-left-mint-right-run01,lavender,2,2,2.0,3.0,S3,0.00017583370208740234
inverted-caret-lavender-left-mint-right-run01,lavender,2,2,2.0,3.0,S4,0.016172289848327637
inverted-caret-lavender-left-mint-right-run01,lavender,2,2,2.0,3.0,S5,0.0012649297714233398
inverted-caret-lavender-left-mint-right-run01,lavender,2,2,2.0,3.0,S6,-3.0159950256347656e-05
inverted-caret-lavender-left-mint-right-run01,lavender,2,2,2.0,3.0,S7,0.0011366605758666992
inverted-caret-lavender-left-mint-right-run01,lavender,2,2,2.0,3.0,S8,0.0017068982124328613
inverted-caret-lavender-left-mint-right-run01,lavender,2,2,2.0,3.0,S9,0.006675302982330322
inverted-caret-lavender-left-mint-right-run01,lavender,2,2,2.0,3.0,S10,0.0001575946807861328
inverted-caret-lavender-left-mint-right-run01,lavender,2,2,2.0,3.0,S11,0.0014067888259887695
inverted-caret-lavender-left-mint-right-run01,lavender,2,2,2.0,3.0,S12,0.002278953790664673
inverted-caret-lavender-left-mint-right-run01,lavender,2,2,2.0,3.0,S13,0.0020595192909240723
inverted-caret-lavender-left-mint-right-run01,lavender,2,2,2.0,3.0,S14,0.002052903175354004
inverted-caret-lavender-left-mint-right-run01,lavender,2,2,2.0,3.0,S15,0.00282132625579834
inverted-caret-lavender-left-mint-right-run01,lavender,2,2,2.0,3.0,S16,0.0005846023559570312
inverted-caret-lavender-left-mint-right-run01,lavender,2,2,2.0,3.0,S17,0.004881560802459717
inverted-caret-lavender-left-mint-right-run01,lavender,2,2,2.0,3.0,S18,0.002331078052520752
inverted-caret-lavender-left-mint-right-run01,lavender,2,2,2.0,3.0,S19,0.0007721185684204102
inverted-caret-lavender-left-mint-right-run01,lavender,2,2,2.0,3.0,S20,0.004352986812591553
inverted-caret-lavender-left-mint-right-run01,lavender,2,2,2.0,3.0,S21,0.0013822615146636963
inverted-caret-lavender-left-mint-right-run01,lavender,2,2,2.0,3.0,S22,0.0019464492797851562
inverted-caret-lavender-left-mint-right-run01,lavender,2,2,2.0,3.0,S23,0.0011212825775146484
inverted-caret-lavender-left-mint-right-run01,lavender,2,2,2.0,3.0,S24,0.005891740322113037
inverted-caret-lavender-left-mint-right-run01,lavender,2,2,2.0,3.0,S25,0.003131270408630371
inverted-caret-lavender-left-mint-right-run01,lavender,2,2,2.0,3.0,S26,0.01629692316055298
inverted-caret-lavender-left-mint-right-run01,lavender,2,2,2.0,3.0,S27,0.0011126995086669922
inverted-caret-lavender-left-mint-right-run01,lavender,2,2,2.0,3.0,S28,0.006141304969787598
inverted-caret-lavender-left-mint-right-run01,lavender,2,2,2.0,3.0,S29,0.0077582597732543945
inverted-caret-lavender-left-mint-right-run01,lavender,2,2,2.0,3.0,S30,0.0006225109100341797
inverted-caret-lavender-left-mint-right-run01,lavender,2,2,2.0,3.0,S31,0.002671957015991211
inverted-caret-lavender-left-mint-right-run01,lavender,2,2,2.0,3.0,S32,0.002395063638687134
inverted-caret-lavender-left-mint-right-run01,lavender,2,5,5.0,6.0,S1,0.05201888084411621
inverted-caret-lavender-left-mint-right-run01,lavender,2,5,5.0,6.0,S2,0.0456920862197876
inverted-caret-lavender-left-mint-right-run01,lavender,2,5,5.0,6.0,S3,0.0003159046173095703
inverted-caret-lavender-left-mint-right-run01,lavender,2,5,5.0,6.0,S4,0.01912856101989746
inverted-caret-lavender-left-mint-right-run01,lavender,2,5,5.0,6.0,S5,0.0019779205322265625
inverted-caret-lavender-left-mint-right-run01,lavender,2,5,5.0,6.0,S6,-5.085766315460205e-05
inverted-caret-lavender-left-mint-right-run01,lavender,2,5,5.0,6.0,S7,0.0011490583419799805
inverted-caret-lavender-left-mint-right-run01,lavender,2,5,5.0,6.0,S8,0.002025127410888672
inverted-caret-lavender-left-mint-right-run01,lavender,2,5,5.0,6.0,S9,0.006828248500823975
inverted-caret-lavender-left-mint-right-run01,lavender,2,5,5.0,6.0,S10,0.00020945072174072266
inverted-caret-lavender-left-mint-right-run01,lavender,2,5,5.0,6.0,S11,-0.00248110294342041
inverted-caret-lavender-left-mint-right-run01,lavender,2,5,5.0,6.0,S12,0.0025979578495025635
inverted-caret-lavender-left-mint-right-run01,lavender,2,5,5.0,6.0,S13,0.002388298511505127
inverted-caret-lavender-left-mint-right-run01,lavender,2,5,5.0,6.0,S14,0.0022120773792266846
inverted-caret-lavender-left-mint-right-run01,lavender,2,5,5.0,6.0,S15,-0.00293731689453125
inverted-caret-lavender-left-mint-right-run01,lavender,2,5,5.0,6.0,S16,0.0006929636001586914
inverted-caret-lavender-left-mint-right-run01,lavender,2,5,5.0,6.0,S17,0.006663382053375244
inverted-caret-lavender-left-mint-right-run01,lavender,2,5,5.0,6.0,S18,0.0028664469718933105
inverted-caret-lavender-left-mint-right-run01,lavender,2,5,5.0,6.0,S19,0.0004298686981201172
inverted-caret-lavender-left-mint-right-run01,lavender,2,5,5.0,6.0,S20,0.004551053047180176
inverted-caret-lavender-left-mint-right-run01,lavender,2,5,5.0,6.0,S21,0.0015432238578796387
inverted-caret-lavender-left-mint-right-run01,lavender,2,5,5.0,6.0,S22,0.001857668161392212
inverted-caret-lavender-left-mint-right-run01,lavender,2,5,5.0,6.0,S23,-0.0010071992874145508
inverted-caret-lavender-left-mint-right-run01,lavender,2,5,5.0,6.0,S24,0.004991352558135986
inverted-caret-lavender-left-mint-right-run01,lavender,2,5,5.0,6.0,S25,0.0032169222831726074
inverted-caret-lavender-left-mint-right-run01,lavender,2,5,5.0,6.0,S26,0.015524625778198242
inverted-caret-lavender-left-mint-right-run01,lavender,2,5,5.0,6.0,S27,9.21487808227539e-05
inverted-caret-lavender-left-mint-right-run01,lavender,2,5,5.0,6.0,S28,0.0061525702476501465
inverted-caret-lavender-left-mint-right-run01,lavender,2,5,5.0,6.0,S29,0.008115172386169434
inverted-caret-lavender-left-mint-right-run01,lavender,2,5,5.0,6.0,S30,0.0005834400653839111
inverted-caret-lavender-left-mint-right-run01,lavender,2,5,5.0,6.0,S31,0.0011899471282958984
inverted-caret-lavender-left-mint-right-run01,lavender,2,5,5.0,6.0,S32,0.002086430788040161
