pcnose_host_time_utc,pcnose_elapsed_s,pcnose_device_time_s,pcnose_therm1_volts,pcnose_battery_raw,pcnose_flag,pcnose_sd_field1_hex,pcnose_sd_field2_hex,pcnose_sensor_mask_hex,pcnose_active_sensor_count,pcnose_S1_kohm,pcnose_S2_kohm,pcnose_S3_kohm,pcnose_S4_kohm,pcnose_S5_kohm,pcnose_S6_kohm,pcnose_S7_kohm,pcnose_S8_kohm,pcnose_S9_kohm,pcnose_S10_kohm,pcnose_S11_kohm,pcnose_S12_kohm,pcnose_S13_kohm,pcnose_S14_kohm,pcnose_S15_kohm,pcnose_S16_kohm,pcnose_S17_kohm,pcnose_S18_kohm,pcnose_S19_kohm,pcnose_S20_kohm,pcnose_S21_kohm,pcnose_S22_kohm,pcnose_S23_kohm,pcnose_S24_kohm,pcnose_S25_kohm,pcnose_S26_kohm,pcnose_S27_kohm,pcnose_S28_kohm,pcnose_S29_kohm,pcnose_S30_kohm,pcnose_S31_kohm,pcnose_S32_kohm,pcnose_raw_frame,pcnose_sample_time_estimate_utc,pcnose_timestamp_basis,pcnose_serial_roundtrip_ms,pose_alignment_valid,pose_alignment_status,pose_minus_pcnose_ms,abs_pose_minus_pcnose_ms,pose_host_timestamp_utc,pose_elapsed_s,camera_timestamp_ms,frame_number,tag_0_visible,tag_0_rms_px,tag_0_cam_x_cm,tag_0_cam_y_cm,tag_0_cam_z_cm,tag_0_cam_rvec_x_rad,tag_0_cam_rvec_y_rad,tag_0_cam_rvec_z_rad,tag_0_desk_x_cm,tag_0_desk_y_cm,tag_0_desk_z_cm,tag_0_desk_rvec_x_rad,tag_0_desk_rvec_y_rad,tag_0_desk_rvec_z_rad,tag_1_visible,tag_1_rms_px,tag_1_cam_x_cm,tag_1_cam_y_cm,tag_1_cam_z_cm,tag_1_cam_rvec_x_rad,tag_1_cam_rvec_y_rad,tag_1_cam_rvec_z_rad,tag_1_desk_x_cm,tag_1_desk_y_cm,tag_1_desk_z_cm,tag_1_desk_rvec_x_rad,tag_1_desk_rvec_y_rad,tag_1_desk_rvec_z_rad,tag_2_visible,tag_2_rms_px,tag_2_cam_x_cm,tag_2_cam_y_cm,tag_2_cam_z_cm,tag_2_cam_rvec_x_rad,tag_2_cam_rvec_y_rad,tag_2_cam_rvec_z_rad,tag_2_desk_x_cm,tag_2_desk_y_cm,tag_2_desk_z_cm,tag_2_desk_rvec_x_rad,tag_2_desk_rvec_y_rad,tag_2_desk_rvec_z_rad,tag_3_visible,tag_3_rms_px,tag_3_cam_x_cm,tag_3_cam_y_cm,tag_3_cam_z_cm,tag_3_cam_rvec_x_rad,tag_3_cam_rvec_y_rad,tag_3_cam_rvec_z_rad,tag_3_desk_x_cm,tag_3_desk_y_cm,tag_3_desk_z_cm,tag_3_desk_rvec_x_rad,tag_3_desk_rvec_y_rad,tag_3_desk_rvec_z_rad,tag_4_visible,tag_4_rms_px,tag_4_cam_x_cm,tag_4_cam_y_cm,tag_4_cam_z_cm,tag_4_cam_rvec_x_rad,tag_4_cam_rvec_y_rad,tag_4_cam_rvec_z_rad,tag_4_desk_x_cm,tag_4_desk_y_cm,tag_4_desk_z_cm,tag_4_desk_rvec_x_rad,tag_4_desk_rvec_y_rad,tag_4_desk_rvec_z_rad,tag_5_visible,tag_5_rms_px,tag_5_cam_x_cm,tag_5_cam_y_cm,tag_5_cam_z_cm,tag_5_cam_rvec_x_rad,tag_5_cam_rvec_y_rad,tag_5_cam_rvec_z_rad,tag_5_desk_x_cm,tag_5_desk_y_cm,tag_5_desk_z_cm,tag_5_desk_rvec_x_rad,tag_5_desk_rvec_y_rad,tag_5_desk_rvec_z_rad,tag_6_visible,tag_6_rms_px,tag_6_cam_x_cm,tag_6_cam_y_cm,tag_6_cam_z_cm,tag_6_cam_rvec_x_rad,tag_6_cam_rvec_y_rad,tag_6_cam_rvec_z_rad,tag_6_desk_x_cm,tag_6_desk_y_cm,tag_6_desk_z_cm,tag_6_desk_rvec_x_rad,tag_6_desk_rvec_y_rad,tag_6_desk_rvec_z_rad,cube_pose_valid,cube_used_tag_ids,cube_rms_px,cube_cam_x_cm,cube_cam_y_cm,cube_cam_z_cm,cube_cam_rvec_x_rad,cube_cam_rvec_y_rad,cube_cam_rvec_z_rad,cube_desk_x_cm,cube_desk_y_cm,cube_desk_z_cm,cube_desk_rvec_x_rad,cube_desk_rvec_y_rad,cube_desk_rvec_z_rad,snout_position_valid,snout_cam_x_cm,snout_cam_y_cm,snout_cam_z_cm,snout_desk_x_cm,snout_desk_y_cm,snout_desk_z_cm
2026-07-27T21:51:17.656+00:00,0.000000,102801.700000,1.217944,4095,0,02,00,FFFFFFFF,32,2.93176136,3.04796319,2.20710076,1.35131937,1.10082969,0.48091757,2.20802183,1.19056235,1.04599338,1.49782072,2.20776705,0.88900049,1.00843878,0.95822518,2.20787707,0.63903486,1.98026873,0.97666173,2.20765230,1.00398176,0.76604464,0.81051189,2.20722285,1.17504102,1.81680311,1.36102037,2.20745388,1.14197474,1.06134419,0.80756986,2.20539123,0.70986167,SD 02 00 FFFFFFFF 91F7B9 94663F 7FEA7E 612335 551E4D 2DC084 7FF154 59A0A5 523D8D 676A17 7FEF70 49701B 503681 4D6D45 7FF041 396BA4 78FB7F 4E75C1 7FEE96 4FF819 41E534 44B1AA 7FEB66 58DD5A 73805F 6191B0 7FED1D 573746 530E49 4482EA 7FDDCC 3E3CC6 7CB7A9 000FFF 00 0FAFB1,2026-07-27T21:51:17.600+00:00,serial_request_midpoint,111.6191,True,matched,-47.94975,47.94975,2026-07-27T21:51:17.552+00:00,0.009921,1785189077484.979,3,False,,,,,,,,,,,,,,False,,,,,,,,,,,,,,False,,,,,,,,,,,,,,False,,,,,,,,,,,,,,False,,,,,,,,,,,,,,False,,,,,,,,,,,,,,True,0.03357868104444685,11.477569158787755,9.479720141227546,76.30251706443747,0.18766348753657566,0.006302233461297517,-3.031738873725679,0.0,0.0,0.0,0.0,0.0,0.0,False,,,,,,,,,,,,,,,False,,,,,,
2026-07-27T21:51:17.926+00:00,0.500000,102802.200000,1.217944,4095,0,02,00,FFFFFFFF,32,2.93179701,3.04811306,2.20443762,1.35137068,1.10079718,0.48090879,2.20470674,1.19061163,1.04599338,1.49779588,2.20717180,0.88900360,1.00844129,0.95824927,2.20729337,0.63903398,1.98025026,0.97666940,2.20523612,1.00398454,0.76604392,0.81050894,2.20484919,1.17503916,1.81689627,1.36102862,2.20473775,1.14202989,1.06131042,0.80756863,2.20722022,0.70986788,SD 02 00 FFFFFFFF 91F7EB 946708 7FD6B6 6123CB 551DDF 2DC057 7FD8B6 59A143 523D8D 6769D4 7FEB05 497027 50368A 4D6D9E 7FEBEC 396BA0 78FB58 4E75DD 7FDCA5 4FF823 41E531 44B19E 7FD9C5 58DD54 738134 6191C8 7FD8F1 5737FC 530DD4 4482E5 7FEB61 3E3CE1 7CB7A9 000FFF 00 0FAFB6,2026-07-27T21:51:17.891+00:00,serial_request_midpoint,70.1235,True,matched,43.14495,43.14495,2026-07-27T21:51:17.935+00:00,0.392411,1785189077855.22,14,False,,,,,,,,,,,,,,False,,,,,,,,,,,,,,False,,,,,,,,,,,,,,False,,,,,,,,,,,,,,False,,,,,,,,,,,,,,False,,,,,,,,,,,,,,True,0.04352931106315653,11.476374899935767,9.47961285124418,76.28890245436801,0.19256578890832657,-0.002650836623954677,-3.0299672385479526,0.0,0.0,0.0,0.0,0.0,0.0,False,,,,,,,,,,,,,,,False,,,,,,
2026-07-27T21:51:18.484+00:00,1.700000,102803.400000,1.218554,4095,0,02,00,FFFFFFFF,32,2.93181270,3.04813543,2.20507840,1.35136315,1.10081166,0.48092558,2.20699763,1.19057701,1.04601225,1.49784705,2.20764652,0.88904012,1.00844967,0.95826064,2.20776600,0.63903420,1.98022233,0.97665845,2.20737336,1.00398371,0.76605037,0.81051116,2.20498850,1.17503669,1.81672221,1.36101039,2.20462842,1.14199777,1.06135054,0.80756249,2.20721653,0.70985822,SD 02 00 FFFFFFFF 91F801 946726 7FDB79 6123B5 551E10 2DC0AD 7FE9BA 59A0D4 523DCF 676A5E 7FEE8B 4970B4 5036A8 4D6DC8 7FEF6E 396BA1 78FB1D 4E75B5 7FEC84 4FF820 41E54C 44B1A7 7FDACE 58DD4C 737FA6 619193 7FD821 573792 530E5F 4482CC 7FEB5A 3E3CB7 7CC7AA 000FFF 00 0FAFC2,2026-07-27T21:51:18.306+00:00,serial_request_midpoint,356.5103,True,matched,66.99005,66.99005,2026-07-27T21:51:18.373+00:00,0.830417,1785189078324.17,28,False,,,,,,,,,,,,,,False,,,,,,,,,,,,,,False,,,,,,,,,,,,,,False,,,,,,,,,,,,,,False,,,,,,,,,,,,,,False,,,,,,,,,,,,,,True,0.08693406381556415,11.487285971637894,9.487881699140983,76.36963961252862,0.17888378820405335,-0.002808410873351894,-3.0314474783368155,0.0,0.0,1.1368683772161604e-14,0.0,0.0,0.0,False,,,,,,,,,,,,,,,False,,,,,,
2026-07-27T21:51:19.040+00:00,2.300000,102804.000000,1.220385,4095,0,02,00,FFFFFFFF,32,2.93175280,3.04807131,2.20513570,1.35130671,1.10080161,0.48091679,2.20699921,1.19061319,1.04600538,1.49785484,2.20513991,0.88903779,1.00845917,0.95824250,2.20714444,0.63903092,1.98026352,0.97667132,2.20744388,1.00396309,0.76604655,0.81051042,2.20787180,1.17502649,1.81683766,1.36111495,2.20770178,1.14201868,1.06132399,0.80756642,2.20769810,0.70985063,SD 02 00 FFFFFFFF 91F7AD 9466D0 7FDBE6 612310 551DEE 2DC080 7FE9BD 59A148 523DB7 676A73 7FDBEE 4970AB 5036CA 4D6D85 7FEAD1 396B92 78FB74 4E75E4 7FED0A 4FF7D6 41E53C 44B1A4 7FF037 58DD2B 7380AE 6192C3 7FEEF4 5737D7 530E03 4482DC 7FEEED 3E3C96 7CF7AA 000FFF 00 0FAFC8,2026-07-27T21:51:18.862+00:00,serial_request_midpoint,356.0704,True,matched,37.4917,37.4917,2026-07-27T21:51:18.900+00:00,1.357403,1785189078824.398,43,False,,,,,,,,,,,,,,False,,,,,,,,,,,,,,False,,,,,,,,,,,,,,False,,,,,,,,,,,,,,False,,,,,,,,,,,,,,False,,,,,,,,,,,,,,True,0.07221303280931302,11.498110139547759,9.495000096939751,76.4579757365721,0.18323382956979173,-0.010691779540108672,-3.03054250100973,0.0,1.4210854715202005e-15,0.0,0.0,0.0,0.0,False,,,,,,,,,,,,,,,False,,,,,,
2026-07-27T21:51:19.597+00:00,3.400000,102805.100000,1.218554,4095,0,02,00,FFFFFFFF,32,2.93188329,3.04800420,2.20764125,1.35136418,1.10083679,0.48092773,2.20534391,1.19059604,1.04595077,1.49784631,2.20737125,0.88902743,1.00847426,0.95824765,2.20800183,0.63904143,1.98030046,0.97664941,2.20538860,1.00399736,0.76604918,0.81049368,2.20472986,1.17505771,1.81682979,1.36102106,2.20453854,1.14202262,1.06127204,0.80756593,2.20500585,0.70984535,SD 02 00 FFFFFFFF 91F864 946676 7FEE81 6123B8 551E65 2DC0B8 7FDD72 59A111 523CF8 676A5C 7FEC80 497083 503700 4D6D98 7FF12E 396BC2 78FBC2 4E7594 7FDDC7 4FF851 41E547 44B160 7FD8E2 58DD90 73809C 6191B2 7FD776 5737E4 530D4F 4482DA 7FDAEF 3E3C7F 7CC7AA 000FFF 00 0FAFD3,2026-07-27T21:51:19.419+00:00,serial_request_midpoint,356.7748,True,matched,73.274,73.274,2026-07-27T21:51:19.493+00:00,1.950274,1785189079422.917,61,False,,,,,,,,,,,,,,False,,,,,,,,,,,,,,False,,,,,,,,,,,,,,False,,,,,,,,,,,,,,False,,,,,,,,,,,,,,False,,,,,,,,,,,,,,True,0.0999398085815063,11.491997300965455,9.491032600685774,76.39664813756221,0.1861316439135475,-0.005215970245795974,-3.030476741278554,0.0,0.0,0.0,0.0,0.0,0.0,False,,,,,,,,,,,,,,,False,,,,,,
2026-07-27T21:51:20.156+00:00,4.000000,102805.700000,1.217944,4095,0,02,00,FFFFFFFF,32,2.93183480,3.04815780,2.20694554,1.35142233,1.10086961,0.48094452,2.20731547,1.19053834,1.04594134,1.49781442,2.20770915,0.88903209,1.00844855,0.95825062,2.20543960,0.63902654,1.98029904,0.97668008,2.20735704,1.00406088,0.76605420,0.81050353,2.20762178,1.17502989,1.81678606,1.36109191,2.20773126,1.14205626,1.06127637,0.80758975,2.20762072,0.70986466,SD 02 00 FFFFFFFF 91F820 946744 7FE957 612462 551ED4 2DC10E 7FEC16 59A058 523CD7 676A06 7FEF02 497095 5036A4 4D6DA3 7FDE28 396B7E 78FBBF 4E7604 7FEC65 4FF935 41E55C 44B188 7FEE5C 58DD36 738038 619280 7FEF2C 573853 530D5E 44833B 7FEE5A 3E3CD3 7CB7AA 000FFF 00 0FAFD9,2026-07-27T21:51:19.977+00:00,serial_request_midpoint,358.2257,True,matched,20.85175,20.85175,2026-07-27T21:51:19.997+00:00,2.455522,1785189079922.816,76,False,,,,,,,,,,,,,,False,,,,,,,,,,,,,,False,,,,,,,,,,,,,,False,,,,,,,,,,,,,,False,,,,,,,,,,,,,,False,,,,,,,,,,,,,,True,0.06463545244589373,11.469337688167267,9.465905614792455,76.23836339635685,0.18560573126605195,-0.0040493415991935304,-3.0311882016386553,2.842170943040401e-15,1.4210854715202005e-15,0.0,0.0,0.0,0.0,False,,,,,,,,,,,,,,,False,,,,,,
2026-07-27T21:51:20.712+00:00,5.100000,102806.800000,1.219775,4095,0,02,00,FFFFFFFF,32,2.93183124,3.04818092,2.20504160,1.35140557,1.10089148,0.48093066,2.20434985,1.19059541,1.04602712,1.49782147,2.20426366,0.88904064,1.00843514,0.95824575,2.20700552,0.63903486,1.98023890,0.97667077,2.20747757,1.00402800,0.76603915,0.81049270,2.20545012,1.17502927,1.81684903,1.36110119,2.20718812,1.14204020,1.06130465,0.80756102,2.20548430,0.70986052,SD 02 00 FFFFFFFF 91F81B 946763 7FDB33 612431 551F1E 2DC0C7 7FD60F 59A10F 523E03 676A19 7FD56B 4970B6 503674 4D6D91 7FE9C9 396BA4 78FB40 4E75E2 7FED4A 4FF8BF 41E51D 44B15C 7FDE3C 58DD34 7380C8 61929B 7FEB24 57381E 530DC0 4482C6 7FDE7D 3E3CC1 7CE7AA 000FFF 00 0FAFE4,2026-07-27T21:51:20.534+00:00,serial_request_midpoint,355.9795,True,matched,39.45175,39.45175,2026-07-27T21:51:20.573+00:00,3.031448,1785189080521.875,94,False,,,,,,,,,,,,,,False,,,,,,,,,,,,,,False,,,,,,,,,,,,,,False,,,,,,,,,,,,,,False,,,,,,,,,,,,,,False,,,,,,,,,,,,,,True,0.059555931467130126,11.49514354537926,9.48748451834006,76.40151382439502,0.18213709099261416,-0.011713930789502931,-3.0297239465908508,0.0,0.0,0.0,0.0,0.0,0.0,False,,,,,,,,,,,,,,,False,,,,,,
2026-07-27T21:51:21.269+00:00,6.300000,102808.000000,1.220995,4095,0,02,00,FFFFFFFF,32,2.93197314,3.04824878,2.20479978,1.35131116,1.10086931,0.48093788,2.20716707,1.19055705,1.04598108,1.49783444,2.20758388,0.88904323,1.00842090,0.95820460,2.20743704,0.63903639,1.98022043,0.97667981,2.20512046,1.00397591,0.76604846,0.81052494,2.20502898,1.17506791,1.81678125,1.36105854,2.20477297,1.14201717,1.06134621,0.80755243,2.20687661,0.70987915,SD 02 00 FFFFFFFF 91F8E2 9467BE 7FD967 61231D 551ED3 2DC0EC 7FEAFC 59A094 523D62 676A3C 7FEE14 4970C0 503641 4D6CF9 7FECFD 396BAB 78FB19 4E7603 7FDBC9 4FF804 41E544 44B1DF 7FDB1B 58DDB1 73802D 61921F 7FD934 5737D2 530E50 4482A3 7FE8D4 3E3D12 7D07AA 000FFF 00 0FAFF0,2026-07-27T21:51:21.091+00:00,serial_request_midpoint,356.2879,True,matched,41.67675,41.67675,2026-07-27T21:51:21.132+00:00,3.590206,1785189081053.45,110,False,,,,,,,,,,,,,,False,,,,,,,,,,,,,,False,,,,,,,,,,,,,,False,,,,,,,,,,,,,,False,,,,,,,,,,,,,,False,,,,,,,,,,,,,,True,0.06579630153353198,11.486216490676732,9.487129474964446,76.37291872574045,0.18636268158784647,0.004219602743851048,-3.0309042331820706,0.0,0.0,0.0,0.0,0.0,0.0,False,,,,,,,,,,,,,,,False,,,,,,
2026-07-27T21:51:21.825+00:00,6.800000,102808.500000,1.218554,4095,0,02,00,FFFFFFFF,32,2.93170218,3.04812127,2.20727284,1.35137033,1.10083176,0.48093710,2.20786496,1.19055612,1.04599709,1.49782109,2.20764020,0.88901810,1.00845721,0.95823952,2.20783864,0.63905347,1.98022375,0.97666447,2.20713707,1.00398482,0.76605539,0.81048655,2.20758072,1.17505709,1.81680136,1.36103344,2.20756756,1.14201050,1.06129397,0.80753622,2.20780916,0.70987869,SD 02 00 FFFFFFFF 91F766 946713 7FEBC5 6123CA 551E54 2DC0E8 7FF02A 59A091 523D9A 676A18 7FEE7F 49705F 5036C3 4D6D7A 7FEFF8 396BF9 78FB20 4E75CB 7FEAC3 4FF824 41E561 44B143 7FEE0E 58DD8E 73805B 6191D6 7FEDF5 5737BC 530D9B 448261 7FEFC0 3E3D10 7CC7AA 000FFF 00 0FAFF5,2026-07-27T21:51:21.647+00:00,serial_request_midpoint,355.8575,True,matched,37.46185,37.46185,2026-07-27T21:51:21.684+00:00,4.14223,1785189081619.308,127,False,,,,,,,,,,,,,,False,,,,,,,,,,,,,,False,,,,,,,,,,,,,,False,,,,,,,,,,,,,,False,,,,,,,,,,,,,,False,,,,,,,,,,,,,,True,0.052445213816277515,11.481749065230142,9.483551194078919,76.32192396212164,0.19366934826252832,7.029417845017493e-05,-3.030457010255347,0.0,0.0,0.0,0.0,0.0,0.0,False,,,,,,,,,,,,,,,False,,,,,,
2026-07-27T21:51:22.382+00:00,8.000000,102809.700000,1.217333,4095,0,02,00,FFFFFFFF,32,2.93179559,3.04819583,2.20483184,1.35134571,1.10086872,0.48094101,2.20704183,1.19057514,1.04600939,1.49787634,2.20730337,0.88903338,1.00842648,0.95822626,2.20747809,0.63904121,1.98023274,0.97668885,2.20517619,1.00399903,0.76605228,0.81050919,2.20509417,1.17501011,1.81676419,1.36108159,2.20703288,1.14201323,1.06132861,0.80755022,2.20717759,0.70986627,SD 02 00 FFFFFFFF 91F7E9 946777 7FD9A4 612382 551ED1 2DC0FC 7FEA0E 59A0CE 523DC5 676AAD 7FEBFF 49709A 503655 4D6D49 7FED4B 396BC1 78FB33 4E7624 7FDC33 4FF857 41E554 44B19F 7FDB97 58DCF6 738006 619262 7FE9FD 5737C5 530E13 44829A 7FEB10 3E3CDA 7CA7A8 000FFF 00 0FB001,2026-07-27T21:51:22.204+00:00,serial_request_midpoint,357.2268,True,matched,21.1681,21.1681,2026-07-27T21:51:22.225+00:00,4.682651,1785189082152.772,143,False,,,,,,,,,,,,,,False,,,,,,,,,,,,,,False,,,,,,,,,,,,,,False,,,,,,,,,,,,,,False,,,,,,,,,,,,,,False,,,,,,,,,,,,,,True,0.09467094801834615,11.496355124520502,9.49331300776441,76.4392146071151,0.17831754137507952,-0.004102035773602015,-3.0325507974346904,0.0,0.0,0.0,0.0,0.0,0.0,False,,,,,,,,,,,,,,,False,,,,,,
2026-07-27T21:51:22.938+00:00,8.600000,102810.300000,1.218554,4095,0,02,00,FFFFFFFF,32,2.93164228,3.04832111,2.20722074,1.35128277,1.10086488,0.48093144,2.20511678,1.19061787,1.04599280,1.49784668,2.20462579,0.88904893,1.00840777,0.95822139,2.20694554,0.63903398,1.98022517,0.97665461,2.20735073,1.00399736,0.76604297,0.81049565,2.20746072,1.17503391,1.81679262,1.36108262,2.20516882,1.14201838,1.06133986,0.80757674,2.20730073,0.70988490,SD 02 00 FFFFFFFF 91F712 94681F 7FEB62 6122CA 551EC4 2DC0CB 7FDBC2 59A157 523D8B 676A5D 7FD81C 4970D6 503612 4D6D37 7FE957 396BA0 78FB23 4E75A7 7FEC59 4FF851 41E52D 44B168 7FED2A 58DD43 738047 619265 7FDC25 5737D6 530E3A 448306 7FEBFA 3E3D2B 7CC7A8 000FFF 00 0FB007,2026-07-27T21:51:22.761+00:00,serial_request_midpoint,355.5429,True,matched,3.94175,3.94175,2026-07-27T21:51:22.764+00:00,5.222658,1785189082686.132,159,False,,,,,,,,,,,,,,False,,,,,,,,,,,,,,False,,,,,,,,,,,,,,False,,,,,,,,,,,,,,False,,,,,,,,,,,,,,False,,,,,,,,,,,,,,True,0.058858790134116046,11.493269163362115,9.49390858745038,76.42587899376434,0.18661994530559212,-0.001973941345160411,-3.0306884943147927,0.0,0.0,-1.1368683772161604e-14,0.0,0.0,0.0,False,,,,,,,,,,,,,,,False,,,,,,
2026-07-27T21:51:23.496+00:00,9.700000,102811.400000,1.216723,4095,0,02,00,FFFFFFFF,32,2.93182981,3.04823163,2.20756388,1.35133921,1.10086251,0.48092363,2.20728705,1.19060851,1.04598823,1.49779143,2.20781969,0.88901862,1.00845442,0.95825279,2.20801078,0.63903946,1.98025642,0.97666201,2.20773336,1.00401352,0.76605133,0.81049073,2.20747493,1.17503020,1.81680661,1.36107368,2.20762704,1.14199353,1.06134737,0.80757748,2.20750704,0.70985753,SD 02 00 FFFFFFFF 91F819 9467A7 7FEDEE 61236F 551EBC 2DC0A3 7FEBE0 59A139 523D7B 6769C8 7FEFD4 497061 5036B9 4D6DAB 7FF13F 396BB9 78FB65 4E75C2 7FEF30 4FF88B 41E550 44B154 7FED45 58DD37 738067 61924B 7FEE66 573784 530E54 448309 7FED82 3E3CB4 7C97A9 000FFF 00 0FB012,2026-07-27T21:51:23.318+00:00,serial_request_midpoint,356.8782,True,matched,74.8519,74.8519,2026-07-27T21:51:23.393+00:00,5.850463,1785189083319.44,178,False,,,,,,,,,,,,,,False,,,,,,,,,,,,,,False,,,,,,,,,,,,,,False,,,,,,,,,,,,,,False,,,,,,,,,,,,,,False,,,,,,,,,,,,,,True,0.08178436719914715,11.484314378791094,9.486730258885718,76.35389900270582,0.18593488433324093,0.007553492998708622,-3.0324528475168218,0.0,-1.4210854715202005e-15,0.0,0.0,0.0,0.0,False,,,,,,,,,,,,,,,False,,,,,,
2026-07-27T21:51:24.052+00:00,10.300000,102812.000000,1.217944,4095,0,02,00,FFFFFFFF,32,2.93167009,3.04819360,2.20508786,1.35128277,1.10089681,0.48094160,2.20505526,1.19057888,1.04595706,1.49783407,2.20690239,0.88900360,1.00842620,0.95826606,2.20761230,0.63903179,1.98015272,0.97669022,2.20481187,1.00400711,0.76605706,0.81049147,2.20725074,1.17505956,1.81688183,1.36104135,2.20761441,1.14200989,1.06129657,0.80757698,2.20554267,0.70987708,SD 02 00 FFFFFFFF 91F739 946774 7FDB8B 6122CA 551F30 2DC0FF 7FDB4D 59A0DA 523D0E 676A3B 7FE905 497027 503654 4D6DDC 7FEE4A 396B96 78FA8A 4E7629 7FD97E 4FF874 41E568 44B157 7FEB9B 58DD96 738113 6191ED 7FEE4E 5737BA 530DA4 448307 7FDEEC 3E3D09 7CB7A9 000FFF 00 0FB018,2026-07-27T21:51:23.874+00:00,serial_request_midpoint,355.8542,True,matched,66.9708,66.9708,2026-07-27T21:51:23.941+00:00,6.39918,1785189083886.02,195,False,,,,,,,,,,,,,,False,,,,,,,,,,,,,,False,,,,,,,,,,,,,,False,,,,,,,,,,,,,,False,,,,,,,,,,,,,,False,,,,,,,,,,,,,,True,0.07175633134448485,11.488664779643987,9.487116580221436,76.38525411571385,0.19040101601806023,0.003846081713209922,-3.0300843679989047,0.0,1.4210854715202005e-15,0.0,0.0,0.0,0.0,False,,,,,,,,,,,,,,,False,,,,,,
2026-07-27T21:51:24.611+00:00,11.500000,102813.200000,1.217333,4095,0,02,00,FFFFFFFF,32,2.93180414,3.04834871,2.20456377,1.35129063,1.10083856,0.48093281,2.20455798,1.19057358,1.04600710,1.49786040,2.20478401,0.88902017,1.00843654,0.95824900,2.20484236,0.63903814,1.98022469,0.97665927,2.20711392,1.00398064,0.76606136,0.81049811,2.20726495,1.17505060,1.81683897,1.36110842,2.20764704,1.14200080,1.06138893,0.80757576,2.20745441,0.70988581,SD 02 00 FFFFFFFF 91F7F5 946844 7FD7A6 6122E1 551E6B 2DC0D2 7FD79B 59A0C9 523DBD 676A82 7FD949 497067 503679 4D6D9D 7FD9B8 396BB3 78FB22 4E75B8 7FEA97 4FF815 41E57A 44B172 7FEBB6 58DD79 7380B1 6192B0 7FEE8C 57379C 530EE4 448302 7FED1E 3E3D2F 7CA7AA 000FFF 00 0FB024,2026-07-27T21:51:24.432+00:00,serial_request_midpoint,357.8438,True,matched,48.9524,48.9524,2026-07-27T21:51:24.480+00:00,6.93867,1785189084419.281,211,False,,,,,,,,,,,,,,False,,,,,,,,,,,,,,False,,,,,,,,,,,,,,False,,,,,,,,,,,,,,False,,,,,,,,,,,,,,False,,,,,,,,,,,,,,True,0.04638891901603878,11.49487510730687,9.4927684826743,76.42247590815846,0.184326473215199,-7.448825198945684e-05,-3.0310517944886106,0.0,-1.4210854715202005e-15,0.0,0.0,0.0,0.0,False,,,,,,,,,,,,,,,False,,,,,,
2026-07-27T21:51:25.169+00:00,12.000000,102813.700000,1.219164,4095,0,02,00,FFFFFFFF,32,2.93171858,3.04830098,2.20733705,1.35134400,1.10087936,0.48093691,2.20751493,1.19057421,1.04600939,1.49783667,2.20759283,0.88903313,1.00843012,0.95822463,2.20808448,0.63904296,1.98014940,0.97666612,2.20734020,1.00402438,0.76605897,0.81050377,2.20546747,1.17507532,1.81685865,1.36105682,2.20710287,1.14199050,1.06134246,0.80759884,2.20714865,0.70987501,SD 02 00 FFFFFFFF 91F77D 946804 7FEC3F 61237D 551EF5 2DC0E7 7FED91 59A0CB 523DC5 676A42 7FEE25 497099 503662 4D6D43 7FF1CB 396BC9 78FA83 4E75D1 7FEC45 4FF8B2 41E570 44B189 7FDE5D 58DDC9 7380DE 61921A 7FEA82 57377A 530E43 448360 7FEAD9 3E3D00 7CD7AA 000FFF 00 0FB029,2026-07-27T21:51:24.990+00:00,serial_request_midpoint,358.0008,True,matched,50.699,50.699,2026-07-27T21:51:25.041+00:00,7.498518,1785189084985.939,228,False,,,,,,,,,,,,,,False,,,,,,,,,,,,,,False,,,,,,,,,,,,,,False,,,,,,,,,,,,,,False,,,,,,,,,,,,,,False,,,,,,,,,,,,,,True,0.0679345058739358,11.488778649626777,9.487185919201673,76.38182627839797,0.1872418359594886,0.0002916521340401728,-3.0304050147797152,0.0,0.0,0.0,0.0,0.0,0.0,False,,,,,,,,,,,,,,,False,,,,,,
2026-07-27T21:51:25.725+00:00,13.100000,102814.800000,1.217944,4095,0,02,00,FFFFFFFF,32,2.93175922,3.04821597,2.20728600,1.35129200,1.10086990,0.48094179,2.20788812,1.19059635,1.04595192,1.49783926,2.20757335,0.88902225,1.00845051,0.95821326,2.20769178,0.63904362,1.98011767,0.97665872,2.20761178,1.00399262,0.76605228,0.81049344,2.20488704,1.17506451,1.81687090,1.36106405,2.20477087,1.14198383,1.06136382,0.80758091,2.20711602,0.70985546,SD 02 00 FFFFFFFF 91F7B6 946792 7FEBDE 6122E5 551ED5 2DC100 7FF056 59A112 523CFC 676A49 7FEE00 49706F 5036AB 4D6D19 7FEEE1 396BCC 78FA40 4E75B6 7FEE49 4FF840 41E554 44B15F 7FDA0D 58DDA6 7380FA 61922F 7FD930 573764 530E8D 448317 7FEA9B 3E3CAB 7CB7AA 000FFF 00 0FB034,2026-07-27T21:51:25.547+00:00,serial_request_midpoint,356.2747,True,matched,29.11935,29.11935,2026-07-27T21:51:25.577+00:00,8.034359,1785189085519.286,244,False,,,,,,,,,,,,,,False,,,,,,,,,,,,,,False,,,,,,,,,,,,,,False,,,,,,,,,,,,,,False,,,,,,,,,,,,,,False,,,,,,,,,,,,,,True,0.07548884979615372,11.486774788921231,9.484803999948117,76.36847921764185,0.1864365661299402,0.0015242600745339469,-3.030746936624583,0.0,0.0,1.1368683772161604e-14,0.0,0.0,0.0,False,,,,,,,,,,,,,,,False,,,,,,
2026-07-27T21:51:26.282+00:00,14.300000,102816.000000,1.217333,4095,0,02,00,FFFFFFFF,32,2.93160806,3.04817421,2.20730547,1.35137410,1.10087848,0.48095273,2.20746651,1.19055892,1.04599280,1.49783741,2.20759072,0.88902276,1.00844045,0.95821272,2.20776179,0.63904887,1.98018634,0.97666201,2.20784548,1.00394442,0.76604106,0.81049959,2.20801604,1.17508274,1.81689627,1.36106989,2.20772863,1.14197110,1.06134564,0.80759049,2.20546169,0.70984787,SD 02 00 FFFFFFFF 91F6E2 94675A 7FEC03 6123D5 551EF2 2DC138 7FED35 59A09A 523D8B 676A44 7FEE21 497071 503687 4D6D17 7FEF66 396BE4 78FAD1 4E75C2 7FF005 4FF793 41E525 44B178 7FF149 58DDE1 738134 619240 7FEF27 57373A 530E4E 44833E 7FDE52 3E3C8A 7CA7AA 000FFF 00 0FB040,2026-07-27T21:51:26.104+00:00,serial_request_midpoint,357.013,True,matched,7.6179,7.6179,2026-07-27T21:51:26.111+00:00,8.56967,1785189086052.661,260,False,,,,,,,,,,,,,,False,,,,,,,,,,,,,,False,,,,,,,,,,,,,,False,,,,,,,,,,,,,,False,,,,,,,,,,,,,,False,,,,,,,,,,,,,,True,0.09083628308926328,11.488209157729248,9.488075420776452,76.38340934456537,0.18377863252077206,0.007889503918637061,-3.031132243121878,2.842170943040401e-15,0.0,0.0,0.0,0.0,0.0,False,,,,,,,,,,,,,,,False,,,,,,
2026-07-27T21:51:26.838+00:00,14.900000,102816.600000,1.216113,4095,0,02,00,FFFFFFFF,32,2.93174781,3.04808846,2.20469938,1.35130739,1.10082910,0.48095995,2.20672876,1.19055019,1.04598137,1.49783444,2.20518407,0.88903494,1.00842760,0.95821570,2.20736389,0.63904449,1.98023701,0.97670446,2.20479347,1.00396003,0.76604583,0.81049024,2.20724706,1.17503422,1.81691901,1.36104891,2.20756388,1.14200201,1.06136700,0.80758754,2.20546221,0.70987662,SD 02 00 FFFFFFFF 91F7A6 9466E7 7FD8A8 612312 551E4B 2DC15D 7FE7BB 59A07E 523D63 676A3C 7FDC42 4970A0 503659 4D6D22 7FEC72 396BD0 78FB3C 4E765D 7FD95B 4FF7CB 41E539 44B152 7FEB94 58DD44 738168 619203 7FEDEE 5737A0 530E98 448332 7FDE53 3E3D07 7C87AA 000FFF 00 0FB046,2026-07-27T21:51:26.660+00:00,serial_request_midpoint,355.3529,True,matched,21.47585,21.47585,2026-07-27T21:51:26.682+00:00,9.139901,1785189086619.362,277,False,,,,,,,,,,,,,,False,,,,,,,,,,,,,,False,,,,,,,,,,,,,,False,,,,,,,,,,,,,,False,,,,,,,,,,,,,,False,,,,,,,,,,,,,,True,0.053020386547486545,11.494791991049103,9.492406884294754,76.42296747628026,0.18745602324117927,-0.0022617270797866294,-3.029706061369226,0.0,-1.4210854715202005e-15,0.0,0.0,0.0,0.0,False,,,,,,,,,,,,,,,False,,,,,,
2026-07-27T21:51:27.394+00:00,16.000000,102817.700000,1.217944,4095,0,02,00,FFFFFFFF,32,2.93166795,3.04820180,2.20703972,1.35128379,1.10082615,0.48093554,2.20753809,1.19060352,1.04597279,1.49785929,2.20752020,0.88902950,1.00842872,0.95822193,2.20536809,0.63904033,1.98012904,0.97665571,2.20728232,1.00396643,0.76603102,0.81048507,2.20772073,1.17506265,1.81685122,1.36105304,2.20716812,1.14198929,1.06134275,0.80756520,2.20746493,0.70988719,SD 02 00 FFFFFFFF 91F736 94677F 7FEA0A 6122CD 551E41 2DC0E0 7FEDBD 59A129 523D45 676A7F 7FED9B 49708B 50365D 4D6D39 7FDDA0 396BBD 78FA58 4E75AB 7FEBD7 4FF7E2 41E4FB 44B13D 7FEF18 58DDA0 7380CD 61920F 7FEAFE 573776 530E44 4482D7 7FED32 3E3D35 7CB7AA 000FFF 00 0FB051,2026-07-27T21:51:27.216+00:00,serial_request_midpoint,356.1906,True,matched,83.6906,83.6906,2026-07-27T21:51:27.300+00:00,9.758047,1785189087219.389,295,False,,,,,,,,,,,,,,False,,,,,,,,,,,,,,False,,,,,,,,,,,,,,False,,,,,,,,,,,,,,False,,,,,,,,,,,,,,False,,,,,,,,,,,,,,True,0.08255393854847147,11.488511725512886,9.489489596996012,76.38201922118431,0.18332750067259884,0.0064216005396172966,-3.0319583386145377,0.0,0.0,0.0,0.0,0.0,0.0,False,,,,,,,,,,,,,,,False,,,,,,
2026-07-27T21:51:27.950+00:00,16.600000,102818.300000,1.217944,4095,0,02,00,FFFFFFFF,32,2.93166296,3.04823834,2.20697395,1.35133408,1.10085837,0.48095214,2.20557159,1.19064594,1.04600167,1.49785298,2.20476508,0.88904867,1.00843291,0.95823167,2.20732021,0.63903114,1.98012999,0.97665708,2.20765441,1.00394554,0.76604177,0.81049836,2.20754704,1.17502989,1.81681711,1.36112493,2.20523034,1.14202292,1.06138172,0.80757576,2.20742441,0.70988467,SD 02 00 FFFFFFFF 91F72F 9467B0 7FE98D 612360 551EAE 2DC135 7FDF23 59A1B1 523DAA 676A6E 7FD925 4970D5 50366C 4D6D5D 7FEC1F 396B93 78FA5A 4E75B0 7FEE9A 4FF797 41E528 44B173 7FEDCE 58DD36 73807F 6192E0 7FDC9A 5737E5 530ECB 448302 7FECE5 3E3D2A 7CB7AA 000FFF 00 0FB057,2026-07-27T21:51:27.773+00:00,serial_request_midpoint,355.9637,True,matched,58.49915,58.49915,2026-07-27T21:51:27.831+00:00,10.289243,1785189087752.74,311,False,,,,,,,,,,,,,,False,,,,,,,,,,,,,,False,,,,,,,,,,,,,,False,,,,,,,,,,,,,,False,,,,,,,,,,,,,,False,,,,,,,,,,,,,,True,0.03957025192285095,11.491843103142285,9.493175387356727,76.41267655219299,0.18617635060080015,0.0015000146609377434,-3.0303109111415396,0.0,0.0,0.0,0.0,0.0,0.0,False,,,,,,,,,,,,,,,False,,,,,,
2026-07-27T21:51:28.508+00:00,17.700000,102819.400000,1.219164,4095,0,02,00,FFFFFFFF,32,2.93161947,3.04811530,2.20751546,1.35133989,1.10088528,0.48094355,2.20562365,1.19054957,1.04595907,1.49784260,2.20490071,0.88903079,1.00842760,0.95821326,2.20488126,0.63903048,1.98024932,0.97667022,2.20428574,1.00397451,0.76602243,0.81049615,2.20727495,1.17508645,1.81687833,1.36111977,2.20760651,1.14197929,1.06133525,0.80758558,2.20793392,0.70987938,SD 02 00 FFFFFFFF 91F6F2 94670B 7FED92 612371 551F09 2DC109 7FDF86 59A07C 523D15 676A52 7FDA27 497090 503659 4D6D19 7FDA02 396B90 78FB56 4E75E0 7FD595 4FF7FF 41E4D7 44B16A 7FEBC9 58DDED 73810B 6192D1 7FEE3F 573755 530E2A 44832A 7FF0AD 3E3D13 7CD7AA 000FFF 00 0FB062,2026-07-27T21:51:28.330+00:00,serial_request_midpoint,356.7805,True,matched,25.28305,25.28305,2026-07-27T21:51:28.355+00:00,10.813112,1785189088286.086,327,False,,,,,,,,,,,,,,False,,,,,,,,,,,,,,False,,,,,,,,,,,,,,False,,,,,,,,,,,,,,False,,,,,,,,,,,,,,False,,,,,,,,,,,,,,True,0.030393064485277177,11.491449961264538,9.488956713496027,76.4078219890481,0.18552520238887013,-0.008465966370845273,-3.0308961288382505,0.0,0.0,0.0,0.0,0.0,0.0,False,,,,,,,,,,,,,,,False,,,,,,
2026-07-27T21:51:29.065+00:00,18.300000,102820.000000,1.217944,4095,0,02,00,FFFFFFFF,32,2.93161091,3.04821224,2.20736231,1.35139736,1.10084122,0.48094160,2.20805078,1.19062099,1.04596678,1.49787931,2.20781811,0.88901707,1.00843319,0.95821922,2.20772389,0.63905741,1.98018207,0.97666475,2.20769231,1.00395167,0.76605706,0.81051017,2.20753125,1.17505276,1.81683154,1.36103309,2.20768231,1.14200838,1.06134160,0.80754530,2.20756020,0.70988765,SD 02 00 FFFFFFFF 91F6E6 94678D 7FEC6F 612419 551E74 2DC0FF 7FF18B 59A161 523D30 676AB5 7FEFD1 49705B 50366D 4D6D2F 7FEF1E 396C0B 78FAC8 4E75CC 7FEEE2 4FF7AD 41E568 44B1A3 7FEDB0 58DD80 7380A0 6191D5 7FEECF 5737B5 530E40 448286 7FEDE7 3E3D37 7CB7AA 000FFF 00 0FB068,2026-07-27T21:51:28.887+00:00,serial_request_midpoint,356.3251,True,matched,76.37725,76.37725,2026-07-27T21:51:28.964+00:00,11.421571,1785189088886.049,345,False,,,,,,,,,,,,,,False,,,,,,,,,,,,,,False,,,,,,,,,,,,,,False,,,,,,,,,,,,,,False,,,,,,,,,,,,,,False,,,,,,,,,,,,,,True,0.06403612625406312,11.496548004733704,9.491333048789189,76.44076670394745,0.18597632488697852,-0.003120818894936033,-3.0314018086844134,2.842170943040401e-15,0.0,0.0,0.0,0.0,0.0,False,,,,,,,,,,,,,,,False,,,,,,
2026-07-27T21:51:29.624+00:00,19.500000,102821.200000,1.216113,4095,0,02,00,FFFFFFFF,32,2.93194676,3.04814140,2.20524874,1.35139325,1.10086754,0.48094902,2.20461580,1.19061974,1.04599509,1.49781924,2.20421374,0.88901370,1.00844045,0.95824115,2.20711129,0.63905018,1.98021428,0.97665133,2.20517881,1.00398259,0.76604846,0.81049787,2.20518092,1.17505307,1.81680224,1.36106267,2.20451015,1.14202110,1.06138778,0.80759344,2.20466679,0.70988949,SD 02 00 FFFFFFFF 91F8BD 94672E 7FDCBD 61240D 551ECD 2DC125 7FD809 59A15D 523D93 676A13 7FD50C 49704E 503687 4D6D80 7FEA92 396BEA 78FB0C 4E759B 7FDC38 4FF81C 41E544 44B171 7FDC3C 58DD81 73805D 61922B 7FD740 5737DF 530EE0 44834A 7FD86A 3E3D3F 7C87A9 000FFF 00 0FB074,2026-07-27T21:51:29.445+00:00,serial_request_midpoint,358.0107,True,matched,75.31735,75.31735,2026-07-27T21:51:29.520+00:00,11.978361,1785189089452.684,362,False,,,,,,,,,,,,,,False,,,,,,,,,,,,,,False,,,,,,,,,,,,,,False,,,,,,,,,,,,,,False,,,,,,,,,,,,,,False,,,,,,,,,,,,,,True,0.058795761034663885,11.487093338334265,9.485972125816108,76.36855941369545,0.1864559485732014,0.011081154853707422,-3.031445159378599,0.0,0.0,0.0,0.0,0.0,0.0,False,,,,,,,,,,,,,,,False,,,,,,
2026-07-27T21:51:30.181+00:00,20.000000,102821.700000,1.217944,4095,0,02,00,FFFFFFFF,32,2.93167366,3.04817719,2.20447231,1.35133373,1.10084862,0.48095546,2.20683715,1.19055175,1.04597565,1.49782703,2.20470568,0.88901422,1.00841531,0.95822978,2.20473459,0.63904581,1.98014419,0.97669843,2.20455588,1.00395835,0.76604536,0.81050697,2.20482133,1.17505153,1.81677818,1.36101658,2.20713707,1.14204232,1.06136036,0.80757551,2.20782337,0.70987961,SD 02 00 FFFFFFFF 91F73E 94675E 7FD6F8 61235F 551E8D 2DC146 7FE889 59A083 523D4F 676A28 7FD8B4 497050 50362D 4D6D56 7FD8EB 396BD6 78FA78 4E7647 7FD797 4FF7C5 41E537 44B196 7FD990 58DD7C 738026 6191A5 7FEAC3 573825 530E81 448301 7FEFDB 3E3D14 7CB7AA 000FFF 00 0FB079,2026-07-27T21:51:30.003+00:00,serial_request_midpoint,357.0571,True,matched,44.50855,44.50855,2026-07-27T21:51:30.047+00:00,12.505274,1785189089986.004,378,False,,,,,,,,,,,,,,False,,,,,,,,,,,,,,False,,,,,,,,,,,,,,False,,,,,,,,,,,,,,False,,,,,,,,,,,,,,False,,,,,,,,,,,,,,True,0.09599913082060596,11.484052166017623,9.462675226535387,76.3405855206578,0.1881394093776999,0.004240346237267566,-3.0312188949821963,0.0,0.0,1.1368683772161604e-14,0.0,0.0,0.0,False,,,,,,,,,,,,,,,False,,,,,,
2026-07-27T21:51:30.738+00:00,21.100000,102822.800000,1.219775,4095,0,02,00,FFFFFFFF,32,2.93179416,3.04821820,2.20508786,1.35133544,1.10087227,0.48095097,2.20694080,1.19056953,1.04602083,1.49780997,2.20735126,0.88902017,1.00841140,0.95823601,2.20785706,0.63903792,1.98017781,0.97668638,2.20533865,1.00396253,0.76602911,0.81050476,2.20733231,1.17504442,1.81680705,1.36097703,2.20751335,1.14200141,1.06134131,0.80760032,2.20784443,0.70988673,SD 02 00 FFFFFFFF 91F7E7 946795 7FDB8B 612364 551EDD 2DC12F 7FE94E 59A0BC 523DED 6769FA 7FEC5A 497067 50361F 4D6D6D 7FF01B 396BB2 78FABF 4E761B 7FDD68 4FF7D4 41E4F3 44B18D 7FEC36 58DD65 738068 619132 7FED8E 57379E 530E3F 448366 7FF003 3E3D33 7CE7AA 000FFF 00 0FB084,2026-07-27T21:51:30.560+00:00,serial_request_midpoint,356.0681,True,matched,90.41795,90.41795,2026-07-27T21:51:30.650+00:00,13.108352,1785189090586.011,396,False,,,,,,,,,,,,,,False,,,,,,,,,,,,,,False,,,,,,,,,,,,,,False,,,,,,,,,,,,,,False,,,,,,,,,,,,,,False,,,,,,,,,,,,,,True,0.036516926702183795,11.58704359494402,9.549964603860943,76.36665437422484,0.19515532905532437,0.008910917568373217,-3.0284301271232548,0.0,0.0,0.0,0.0,0.0,0.0,False,,,,,,,,,,,,,,,False,,,,,,
2026-07-27T21:51:31.294+00:00,22.300000,102824.000000,1.218554,4095,0,02,00,FFFFFFFF,32,2.93191966,3.04790279,2.20749914,1.35136623,1.10087877,0.48093339,2.20797603,1.19053647,1.04597107,1.49785224,2.20542909,0.88902535,1.00841950,0.95823980,2.20729284,0.63903223,1.98028625,0.97665242,2.20743336,1.00393830,0.76602672,0.81050008,2.20549850,1.17504844,1.81677469,1.36097325,2.20671982,1.14196838,1.06135632,0.80759860,2.20493698,0.70988444,SD 02 00 FFFFFFFF 91F897 9465EE 7FED73 6123BE 551EF3 2DC0D5 7FF0FD 59A052 523D3F 676A6C 7FDE14 49707B 50363C 4D6D7B 7FEBEB 396B98 78FBA4 4E759F 7FECF6 4FF77D 41E4E9 44B17A 7FDE98 58DD72 73801E 619127 7FE7AA 573731 530E73 44835F 7FDA6C 3E3D29 7CC7AA 000FFF 00 0FB090,2026-07-27T21:51:31.116+00:00,serial_request_midpoint,355.6703,True,matched,74.19425,74.19425,2026-07-27T21:51:31.190+00:00,13.648148,1785189091119.366,412,False,,,,,,,,,,,,,,False,,,,,,,,,,,,,,False,,,,,,,,,,,,,,False,,,,,,,,,,,,,,False,,,,,,,,,,,,,,False,,,,,,,,,,,,,,True,0.06867095050168764,11.43667273395366,9.395632805128892,76.19729848313267,0.18810964011603587,0.011732850283982806,-3.0365347312487354,0.0,0.0,0.0,0.0,0.0,0.0,False,,,,,,,,,,,,,,,False,,,,,,
2026-07-27T21:51:31.850+00:00,22.900000,102824.600000,1.219164,4095,0,02,00,FFFFFFFF,32,2.93189185,3.04797661,2.20457533,1.35134913,1.10087552,0.48095722,2.20504738,1.19056578,1.04598623,1.49781405,2.20459005,0.88902017,1.00843207,0.95823871,2.20722443,0.63904143,1.98018918,0.97668310,2.20523086,1.00394108,0.76602386,0.81047720,2.20485340,1.17504967,1.81675938,1.36095846,2.20450385,1.14199656,1.06134217,0.80758656,2.20484866,0.70987478,SD 02 00 FFFFFFFF 91F870 946651 7FD7BC 61238C 551EE8 2DC14F 7FDB3E 59A0B0 523D74 676A05 7FD7D8 497067 503669 4D6D77 7FEB69 396BC2 78FAD7 4E760F 7FDC9B 4FF787 41E4DD 44B11D 7FD9CD 58DD76 737FFB 6190FC 7FD734 57378E 530E42 44832E 7FD9C4 3E3CFF 7CD7AA 000FFF 00 0FB096,2026-07-27T21:51:31.673+00:00,serial_request_midpoint,355.4708,True,matched,52.759,52.759,2026-07-27T21:51:31.725+00:00,14.183152,1785189091652.69,428,False,,,,,,,,,,,,,,False,,,,,,,,,,,,,,False,,,,,,,,,,,,,,False,,,,,,,,,,,,,,False,,,,,,,,,,,,,,False,,,,,,,,,,,,,,True,0.0594604195498521,20.415576167826238,9.297901828013408,74.4656964123046,-0.002550072003475556,0.01961779047802984,-3.04479712190339,0.0,0.0,0.0,0.0,0.0,0.0,False,,,,,,,,,,,,,,,False,,,,,,
2026-07-27T21:51:32.406+00:00,24.000000,102825.700000,1.218554,4095,0,02,00,FFFFFFFF,32,2.93190682,3.04813767,2.20456061,1.35134092,1.10085689,0.48095546,2.20466942,1.19057358,1.04595420,1.49786522,2.20473670,0.88897044,1.00843710,0.95827228,2.20727389,0.63904077,1.98016929,0.97666803,2.20518092,1.00398426,0.76603317,0.81048926,2.20486338,1.17502279,1.81682410,1.36099285,2.20738599,1.14197110,1.06132255,0.80759958,2.20751020,0.70987363,SD 02 00 FFFFFFFF 91F885 946729 7FD7A0 612374 551EA9 2DC146 7FD86F 59A0C9 523D04 676A8F 7FD8EF 496FA7 50367B 4D6DF3 7FEBC7 396BBF 78FAAD 4E75D8 7FDC3C 4FF822 41E504 44B14E 7FD9E0 58DD1F 73808F 619160 7FEC9C 57373A 530DFE 448363 7FED88 3E3CFA 7CC7A8 000FFF 00 0FB0A1,2026-07-27T21:51:32.228+00:00,serial_request_midpoint,356.2314,True,matched,20.611,20.611,2026-07-27T21:51:32.249+00:00,14.707027,1785189092185.996,444,False,,,,,,,,,,,,,,False,,,,,,,,,,,,,,False,,,,,,,,,,,,,,False,,,,,,,,,,,,,,False,,,,,,,,,,,,,,False,,,,,,,,,,,,,,True,0.03533455616718324,12.37830662634111,9.37673734004411,76.07242617289481,0.17451442285437943,0.019349903338092122,-3.038177054826127,0.0,-1.4210854715202005e-15,0.0,0.0,0.0,0.0,False,,,,,,,,,,,,,,,False,,,,,,
2026-07-27T21:51:32.965+00:00,24.600000,102826.300000,1.217943,4095,0,02,00,FFFFFFFF,32,2.93183409,3.04800569,2.20756651,1.35136794,1.10089237,0.48093925,2.20792234,1.19057421,1.04600910,1.49787708,2.20785338,0.88900360,1.00841419,0.95828582,2.20761704,0.63903968,1.98025500,0.97668447,2.20761809,1.00394303,0.76604727,0.81049565,2.20795603,1.17503824,1.81683766,1.36101246,2.20781443,1.14198716,1.06132255,0.80756102,2.20783074,0.70986535,SD 02 00 FFFFFFFF 91F81F 946678 7FEDF3 6123C3 551F21 2DC0F3 7FF097 59A0CB 523DC4 676AAF 7FF014 497027 503629 4D6E25 7FEE53 396BBA 78FB62 4E7614 7FEE55 4FF78E 41E53F 44B168 7FF0D7 58DD51 7380AE 619199 7FEFCA 57376F 530DFE 4482C6 7FEFE9 3E3CD6 7CB7A8 000FFF 00 0FB0A7,2026-07-27T21:51:32.786+00:00,serial_request_midpoint,357.8869,True,matched,11.20155,11.20155,2026-07-27T21:51:32.797+00:00,15.254842,1785189092719.305,460,False,,,,,,,,,,,,,,False,,,,,,,,,,,,,,False,,,,,,,,,,,,,,False,,,,,,,,,,,,,,False,,,,,,,,,,,,,,False,,,,,,,,,,,,,,True,0.048229838993057904,12.145543653910199,9.383932303923839,76.14104588065754,0.17528375992055056,0.015637961182411394,-3.038334230908389,0.0,0.0,1.1368683772161604e-14,0.0,0.0,0.0,False,,,,,,,,,,,,,,,False,,,,,,
2026-07-27T21:51:33.521+00:00,25.800000,102827.500000,1.219775,4095,0,02,00,FFFFFFFF,32,2.93173426,3.04818017,2.20755756,1.35137478,1.10088291,0.48091992,2.20787443,1.19054863,1.04600424,1.49781739,2.20760914,0.88895879,1.00838374,0.95826930,2.20793234,0.63904055,1.98019533,0.97668967,2.20528502,1.00395808,0.76603532,0.81049073,2.20433093,1.17503237,1.81677425,1.36096981,2.20685346,1.14195565,1.06128964,0.80757084,2.20767125,0.70986443,SD 02 00 FFFFFFFF 91F793 946762 7FEDE2 6123D7 551F01 2DC090 7FF03C 59A079 523DB3 676A0E 7FEE44 496F7A 5035BC 4D6DE8 7FF0AA 396BBE 78FAE4 4E7627 7FDD02 4FF7C4 41E50D 44B154 7FD5EB 58DD3E 73801D 61911D 7FE8A8 573707 530D8C 4482EE 7FEEBA 3E3CD2 7CE7A9 000FFF 00 0FB0B3,2026-07-27T21:51:33.343+00:00,serial_request_midpoint,355.3818,True,matched,-3.6749,3.6749,2026-07-27T21:51:33.339+00:00,15.796898,1785189093285.942,477,False,,,,,,,,,,,,,,False,,,,,,,,,,,,,,False,,,,,,,,,,,,,,False,,,,,,,,,,,,,,False,,,,,,,,,,,,,,False,,,,,,,,,,,,,,True,0.051911368627335884,12.14491471838306,9.389416902508092,76.16052415911813,0.1740903342208778,0.013073050753410236,-3.037406907126836,0.0,0.0,0.0,0.0,0.0,0.0,False,,,,,,,,,,,,,,,False,,,,,,
2026-07-27T21:51:34.078+00:00,26.300000,102828.000000,1.218554,4095,0,02,00,FFFFFFFF,32,2.93176564,3.04814214,2.20746283,1.35137718,1.10088971,0.48095683,2.20792550,1.19061288,1.04600110,1.49786374,2.20780337,0.88897588,1.00841671,0.95826903,2.20732126,0.63903026,1.98017118,0.97667241,2.20774705,1.00395028,0.76603246,0.81047326,2.20784653,1.17502155,1.81683329,1.36100936,2.20771547,1.14197807,1.06129801,0.80753352,2.20786706,0.70986972,SD 02 00 FFFFFFFF 91F7BF 94672F 7FED2E 6123DE 551F18 2DC14D 7FF09D 59A147 523DA8 676A8B 7FEFB5 496FBC 503632 4D6DE7 7FEC21 396B8F 78FAB1 4E75E8 7FEF4A 4FF7A8 41E501 44B10D 7FF007 58DD1B 7380A4 619190 7FEF0E 573751 530DA9 448256 7FF02E 3E3CE9 7CC7A9 000FFF 00 0FB0B8,2026-07-27T21:51:33.899+00:00,serial_request_midpoint,357.0335,True,matched,80.12015,80.12015,2026-07-27T21:51:33.979+00:00,16.437295,1785189093919.251,496,False,,,,,,,,,,,,,,False,,,,,,,,,,,,,,False,,,,,,,,,,,,,,False,,,,,,,,,,,,,,False,,,,,,,,,,,,,,False,,,,,,,,,,,,,,True,0.06760067266139358,12.133198834442736,9.383516947083592,76.07986191536176,0.1783018167760714,0.018943839021127652,-3.037274072043398,0.0,0.0,0.0,0.0,0.0,0.0,False,,,,,,,,,,,,,,,False,,,,,,
2026-07-27T21:51:34.637+00:00,27.500000,102829.200000,1.218554,4095,0,02,00,FFFFFFFF,32,2.93179630,3.04826220,2.20755651,1.35137170,1.10092135,0.48095390,2.20556370,1.19056859,1.04602225,1.49785335,2.20450910,0.88899971,1.00840832,0.95825658,2.20711234,0.63902917,1.98023416,0.97666201,2.20517461,1.00394944,0.76604297,0.81049418,2.20491227,1.17504102,1.81677337,1.36102037,2.20452119,1.14196656,1.06127146,0.80759147,2.20492331,0.70988375,SD 02 00 FFFFFFFF 91F7EA 9467D0 7FEDE0 6123CE 551F83 2DC13E 7FDF14 59A0B9 523DF2 676A6F 7FD73E 497018 503614 4D6DB9 7FEA94 396B8A 78FB36 4E75C2 7FDC30 4FF7A5 41E52D 44B162 7FDA3D 58DD5A 73801B 6191B0 7FD755 57372B 530D4D 448342 7FDA52 3E3D26 7CC7AA 000FFF 00 0FB0C4,2026-07-27T21:51:34.457+00:00,serial_request_midpoint,358.3257,True,matched,49.28195,49.28195,2026-07-27T21:51:34.506+00:00,16.96429,1785189094452.56,512,False,,,,,,,,,,,,,,False,,,,,,,,,,,,,,False,,,,,,,,,,,,,,False,,,,,,,,,,,,,,False,,,,,,,,,,,,,,False,,,,,,,,,,,,,,True,0.06125244003677372,12.146486825147075,9.392484432588077,76.19477564574912,0.1721481159901592,0.014821958614022692,-3.037758415897111,0.0,0.0,0.0,0.0,0.0,0.0,False,,,,,,,,,,,,,,,False,,,,,,
2026-07-27T21:51:35.195+00:00,28.700000,102830.400000,1.216723,4095,0,02,00,FFFFFFFF,32,2.93169077,3.04818912,2.20691081,1.35143225,1.10086399,0.48094550,2.20773652,1.19058574,1.04599681,1.49783593,2.20766178,0.88901655,1.00840274,0.95823330,2.20763125,0.63904121,1.98027300,0.97666694,2.20764652,1.00395863,0.76604106,0.81047548,2.20545170,1.17504967,1.81675982,1.36103344,2.20705867,1.14197929,1.06129773,0.80755169,2.20539438,0.70988467,SD 02 00 FFFFFFFF 91F756 94676E 7FE915 61247F 551EC1 2DC113 7FEF36 59A0F0 523D99 676A40 7FEEA8 497059 503600 4D6D63 7FEE6E 396BC1 78FB88 4E75D4 7FEE8B 4FF7C6 41E525 44B116 7FDE3F 58DD76 737FFC 6191D6 7FEA2E 573755 530DA8 4482A0 7FDDD2 3E3D2A 7C97A9 000FFF 00 0FB0D0,2026-07-27T21:51:35.016+00:00,serial_request_midpoint,357.9643,True,matched,20.17795,20.17795,2026-07-27T21:51:35.036+00:00,17.494164,1785189094952.534,527,False,,,,,,,,,,,,,,False,,,,,,,,,,,,,,False,,,,,,,,,,,,,,False,,,,,,,,,,,,,,False,,,,,,,,,,,,,,False,,,,,,,,,,,,,,True,0.04493443040465797,12.136985196892127,9.38459261949953,76.11859069143239,0.17858607694066775,0.01598595760401451,-3.0376805666422495,0.0,0.0,0.0,0.0,0.0,0.0,False,,,,,,,,,,,,,,,False,,,,,,
2026-07-27T21:51:35.748+00:00,29.200000,102830.900000,1.218554,4095,0,02,00,FFFFFFFF,32,2.93172642,3.04811455,2.20715812,1.35137307,1.10086162,0.48092812,2.20789233,1.19057358,1.04602340,1.49781442,2.20542068,0.88899039,1.00842928,0.95822626,2.20510784,0.63904121,1.98016503,0.97663708,2.20483710,1.00392437,0.76603556,0.81050451,2.20735336,1.17505400,1.81690457,1.36106198,2.20739967,1.14198110,1.06127492,0.80758337,2.20686924,0.70987593,SD 02 00 FFFFFFFF 91F788 94670A 7FEAEB 6123D2 551EB9 2DC0BA 7FF05E 59A0C9 523DF6 676A06 7FDE04 496FF4 50365F 4D6D49 7FDBB1 396BC1 78FAA4 4E7567 7FD9AE 4FF74B 41E50E 44B18C 7FEC5E 58DD84 738147 619229 7FECB6 57375B 530D59 448321 7FE8C6 3E3D04 7CC7A9 000FFF 00 0FB0D5,2026-07-27T21:51:35.572+00:00,serial_request_midpoint,353.6785,True,matched,59.06285,59.06285,2026-07-27T21:51:35.631+00:00,18.089022,1785189095552.492,545,False,,,,,,,,,,,,,,False,,,,,,,,,,,,,,False,,,,,,,,,,,,,,False,,,,,,,,,,,,,,False,,,,,,,,,,,,,,False,,,,,,,,,,,,,,True,0.04737690625555643,12.142501257775011,9.390141171388183,76.15764097567136,0.17663993375178907,0.015563334616018288,-3.0378893208832447,0.0,0.0,0.0,0.0,0.0,0.0,False,,,,,,,,,,,,,,,False,,,,,,
2026-07-27T21:51:36.305+00:00,30.300000,102832.000000,1.219164,4095,0,02,00,FFFFFFFF,32,2.93186119,3.04813469,2.20650570,1.35137033,1.10087493,0.48094140,2.20767862,1.19050434,1.04603484,1.49781368,2.20743704,0.88896552,1.00842118,0.95823790,2.20711339,0.63904427,1.98019865,0.97667543,2.20761336,1.00394860,0.76602195,0.81050402,2.20792865,1.17502927,1.81677162,1.36100695,2.20764020,1.14200413,1.06136036,0.80756692,2.20772389,0.70989087,SD 02 00 FFFFFFFF 91F845 946725 7FE613 6123CA 551EE6 2DC0FE 7FEEC8 599FEB 523E1E 676A04 7FECFD 496F94 503642 4D6D74 7FEA96 396BCF 78FAEB 4E75F3 7FEE4C 4FF7A2 41E4D5 44B18A 7FF0A3 58DD34 738017 619189 7FEE7F 5737A7 530E81 4482DE 7FEF1E 3E3D45 7CD7AA 000FFF 00 0FB0E0,2026-07-27T21:51:36.127+00:00,serial_request_midpoint,355.9848,True,matched,30.2617,30.2617,2026-07-27T21:51:36.158+00:00,18.615476,1785189096085.775,561,False,,,,,,,,,,,,,,False,,,,,,,,,,,,,,False,,,,,,,,,,,,,,False,,,,,,,,,,,,,,False,,,,,,,,,,,,,,False,,,,,,,,,,,,,,True,0.05096480509387347,12.13449029166116,9.379984574312786,76.11170429060573,0.17827341635842336,0.011493296515533456,-3.0370297812038842,2.842170943040401e-15,0.0,0.0,0.0,0.0,0.0,False,,,,,,,,,,,,,,,False,,,,,,
2026-07-27T21:51:36.862+00:00,30.900000,102832.600000,1.217944,4095,0,02,00,FFFFFFFF,32,2.93198384,3.04791621,2.20756862,1.35131287,1.10090597,0.48093691,2.20809448,1.19058231,1.04601168,1.49785298,2.20770652,0.88897277,1.00843598,0.95824386,2.20772073,0.63904668,1.98023416,0.97667077,2.20524716,1.00396950,0.76603198,0.81051460,2.20581770,1.17505678,1.81675544,1.36103688,2.20542646,1.14196959,1.06130436,0.80759958,2.20733178,0.70988788,SD 02 00 FFFFFFFF 91F8F1 946600 7FEDF7 612322 551F4F 2DC0E7 7FF1DE 59A0E5 523DCD 676A6E 7FEEFD 496FB0 503677 4D6D8A 7FEF18 396BDA 78FB36 4E75E2 7FDCBA 4FF7ED 41E4FF 44B1B5 7FE0F7 58DD8D 737FF2 6191E0 7FDE0F 573735 530DBF 448363 7FEC35 3E3D38 7CB7AA 000FFF 00 0FB0E6,2026-07-27T21:51:36.684+00:00,serial_request_midpoint,356.8899,True,matched,77.18695,77.18695,2026-07-27T21:51:36.761+00:00,19.219203,1785189096685.758,579,False,,,,,,,,,,,,,,False,,,,,,,,,,,,,,False,,,,,,,,,,,,,,False,,,,,,,,,,,,,,False,,,,,,,,,,,,,,False,,,,,,,,,,,,,,True,0.06982055406501704,12.143925201263471,9.388748416018938,76.18582913715557,0.1750460500304233,0.010279335172112358,-3.0368783889553965,2.842170943040401e-15,0.0,0.0,0.0,0.0,0.0,False,,,,,,,,,,,,,,,False,,,,,,
2026-07-27T21:51:37.419+00:00,32.100000,102833.800000,1.217943,4095,0,02,00,FFFFFFFF,32,2.93188757,3.04812276,2.20749862,1.35131355,1.10088675,0.48093066,2.20792444,1.19051277,1.04603341,1.49786596,2.20739599,0.88897407,1.00842090,0.95822084,2.20755914,0.63902588,1.98013567,0.97666502,2.20733442,1.00396755,0.76605061,0.81047744,2.20547010,1.17500486,1.81675501,1.36100627,2.20718022,1.14197898,1.06131908,0.80759197,2.20505001,0.70988398,SD 02 00 FFFFFFFF 91F86A 946715 7FED72 612324 551F0E 2DC0C7 7FF09B 59A006 523E19 676A91 7FECAF 496FB5 503641 4D6D35 7FEDE5 396B7B 78FA66 4E75CD 7FEC3A 4FF7E6 41E54D 44B11E 7FDE62 58DCE5 737FF1 619187 7FEB15 573754 530DF2 448344 7FDB43 3E3D27 7CB7A8 000FFF 00 0FB0F2,2026-07-27T21:51:37.241+00:00,serial_request_midpoint,356.1788,True,matched,38.6991,38.6991,2026-07-27T21:51:37.280+00:00,19.73762,1785189097219.097,595,False,,,,,,,,,,,,,,False,,,,,,,,,,,,,,True,0.4340760878953456,-22.857105957831216,16.56398012231916,55.38556759829154,0.13972714554321666,-0.08376131370769786,-2.9988909092074967,36.31900834152441,-10.440006806581625,-16.59898473544613,0.06592952443323671,-0.028609453327717204,0.043691012868313964,False,,,,,,,,,,,,,,False,,,,,,,,,,,,,,False,,,,,,,,,,,,,,True,0.0504141537581792,12.126846854504526,9.379336282772424,76.07600842984206,0.17960695360049483,0.02142260946961112,-3.0377795424819305,0.0,1.4210854715202005e-15,0.0,0.0,0.0,0.0,True,2,0.4340760878953962,-23.542861170050262,16.813740044344264,60.38637574999227,3.105809938713717,0.20371547270015902,0.17889869278619974,36.3810997053709,-10.797481651743697,-11.558242845856455,-0.054096142753458656,3.1354985519641567,0.05622163985397655,True,-19.684255121324043,-17.40525837239728,69.31624817057714,34.84066353281249,23.56081648947938,-2.4639743228113162
2026-07-27T21:51:37.977+00:00,32.600000,102834.300000,1.217333,4095,0,02,00,FFFFFFFF,32,2.93186974,3.04825325,2.20719285,1.35136691,1.10085926,0.48094374,2.20556528,1.19050653,1.04602197,1.49789488,2.20721443,0.88899272,1.00844269,0.95826606,2.20528239,0.63904931,1.98018492,0.97667515,2.20741494,1.00396170,0.76603485,0.81048310,2.20797340,1.17500023,1.81671302,1.36103550,2.20778284,1.14198747,1.06133063,0.80754923,2.20544013,0.70988581,SD 02 00 FFFFFFFF 91F851 9467C4 7FEB2D 6123C0 551EB1 2DC10A 7FDF17 599FF2 523DF1 676ADF 7FEB56 496FFD 50368F 4D6DDC 7FDCFD 396BE6 78FACE 4E75F2 7FECD3 4FF7D1 41E50B 44B135 7FF0F8 58DCD6 737F91 6191DC 7FEF8E 573770 530E1A 448296 7FDE29 3E3D2F 7CA7A8 000FFF 00 0FB0F7,2026-07-27T21:51:37.799+00:00,serial_request_midpoint,357.9902,True,matched,93.597,93.597,2026-07-27T21:51:37.892+00:00,20.349876,1785189097819.113,613,False,,,,,,,,,,,,,,False,,,,,,,,,,,,,,True,0.4220315186560987,-22.92508732167793,16.58679621280247,55.394700895655646,0.1369199056927632,-0.08334844574429975,-2.9975850461816482,36.35299504577182,-10.509001961092679,-16.680671509421337,0.06342027559775504,-0.02806388497030917,0.0448527291161225,False,,,,,,,,,,,,,,False,,,,,,,,,,,,,,False,,,,,,,,,,,,,,True,0.029001128154218018,12.133085951534273,9.38315255697538,76.11319934140872,0.17623491805679256,0.01798759414822668,-3.0379047219718855,0.0,1.4210854715202005e-15,-1.1368683772161604e-14,0.0,0.0,0.0,True,2,0.4220315186560475,-23.601809483157734,16.835323398374925,60.39680085486917,3.106087267588445,0.2059318438140409,0.17603197053616407,36.41776816391702,-10.853618853027351,-11.639067966030666,-0.05589237644724394,3.136052100016642,0.05227082155659877,True,-19.678655076249782,-17.378739981473494,69.3174533686387,34.84219386245206,23.52585623063875,-2.6312617223166628
2026-07-27T21:51:38.532+00:00,33.800000,102835.500000,1.217944,4095,0,02,00,FFFFFFFF,32,2.93201878,3.04819882,2.20703341,1.35138641,1.10087700,0.48092753,2.20504580,1.19051838,1.04597593,1.49786151,2.20718706,0.88899764,1.00842928,0.95822734,2.20757178,0.63904515,1.98017544,0.97668392,2.20758178,1.00394442,0.76604894,0.81049073,2.20781916,1.17505029,1.81671783,1.36110360,2.20762809,1.14197535,1.06129888,0.80756642,2.20551322,0.70988650,SD 02 00 FFFFFFFF 91F922 94677B 7FE9FE 6123F9 551EED 2DC0B7 7FDB3B 59A018 523D50 676A85 7FEB22 497010 50365F 4D6D4D 7FEDFD 396BD3 78FABA 4E7612 7FEE10 4FF793 41E546 44B154 7FEFD3 58DD78 737F9C 6192A2 7FEE68 573748 530DAC 4482DC 7FDEB4 3E3D32 7CB7A9 000FFF 00 0FB103,2026-07-27T21:51:38.355+00:00,serial_request_midpoint,354.7126,True,matched,52.1793,52.1793,2026-07-27T21:51:38.407+00:00,20.865358,1785189098352.473,629,False,,,,,,,,,,,,,,False,,,,,,,,,,,,,,True,0.3502283045733278,-22.91064692522353,16.57189606185934,55.3359420567525,0.12965071454810495,-0.07606423459444643,-2.9989518277685483,36.364050834857004,-10.530801636750647,-16.7143841583508,0.05848568149506176,-0.03414243720515149,0.04254508675765946,False,,,,,,,,,,,,,,False,,,,,,,,,,,,,,False,,,,,,,,,,,,,,True,0.0205232598777113,12.13564540948309,9.385048637803076,76.13784657819483,0.17833222323615736,0.018205964963498644,-3.036608324578686,2.842170943040401e-15,0.0,0.0,0.0,0.0,0.0,True,2,0.3502283045733254,-23.561319375592422,16.798193170878857,60.34255148380986,3.111417278351545,0.20471756041499942,0.16871460595964793,36.397168236287314,-10.85152787522567,-11.670897180872283,-0.05194128485670709,3.1301736147090153,0.044536604644571307,True,-19.619401094773995,-17.459114285608088,69.0872344872824,34.85546534171924,23.574439663225522,-2.836463075705558
2026-07-27T21:51:39.090+00:00,34.300000,102836.000000,1.219164,4095,0,02,00,FFFFFFFF,32,2.93182268,3.04829650,2.20699500,1.35140831,1.10081137,0.48094160,2.20792128,1.19051526,1.04602712,1.49789080,2.20535916,0.88899479,1.00844073,0.95823980,2.20480871,0.63904384,1.98016787,0.97669268,2.20655778,1.00394136,0.76603915,0.81048803,2.20768546,1.17507069,1.81673795,1.36105029,2.20773968,1.14198050,1.06134708,0.80759639,2.20757651,0.70989455,SD 02 00 FFFFFFFF 91F80F 9467FE 7FE9B5 612439 551E0F 2DC0FF 7FF095 59A00E 523E03 676AD4 7FDD8F 497005 503688 4D6D7B 7FD978 396BCD 78FAAA 4E7632 7FE676 4FF788 41E51D 44B149 7FEED5 58DDBA 737FCA 619207 7FEF3C 573759 530E53 448356 7FEE06 3E3D55 7CD7A9 000FFF 00 0FB108,2026-07-27T21:51:38.912+00:00,serial_request_midpoint,357.1191,True,matched,23.14315,23.14315,2026-07-27T21:51:38.935+00:00,21.392664,1785189098852.559,644,False,,,,,,,,,,,,,,False,,,,,,,,,,,,,,True,0.3471718879786093,-22.913478838555378,16.570933590027074,55.32680999800353,0.1295396447514186,-0.07426106149200296,-2.9980695715052113,36.326482745865235,-10.424510375987339,-16.87424808033461,0.06189713798958633,-0.031291676299426224,0.04400941270842306,False,,,,,,,,,,,,,,False,,,,,,,,,,,,,,False,,,,,,,,,,,,,,True,0.02792960134020859,12.13547035207041,9.385864736734964,76.13474021097213,0.1735628393320149,0.025002207042998055,-3.037318186056769,0.0,0.0,-1.1368683772161604e-14,0.0,0.0,0.0,True,2,0.34717188797859033,-23.563598633311305,16.79090828509994,60.33377298501735,3.1125193185362665,0.2062223775466693,0.1686693151488372,36.374633948159286,-10.761933387544236,-11.831971794734851,-0.05441110464231219,3.1328954332721874,0.04987169053246102,True,-19.586848200031675,-17.47243866064346,69.03893391398216,34.803267842628635,23.63197284553315,-2.8786853967232786
2026-07-27T21:51:39.648+00:00,35.500000,102837.200000,1.215502,4095,0,02,00,FFFFFFFF,32,2.93185762,3.04816601,2.20756493,1.35137991,1.10087197,0.48091836,2.20791813,1.19054520,1.04596993,1.49783296,2.20789760,0.88898547,1.00842201,0.95825793,2.20550849,0.63905697,1.98014940,0.97669871,2.20723758,1.00395445,0.76604297,0.81049590,2.20529554,1.17506481,1.81672439,1.36103963,2.20702025,1.14198474,1.06134506,0.80759295,2.20776916,0.70987317,SD 02 00 FFFFFFFF 91F840 94674F 7FEDF0 6123E6 551EDC 2DC088 7FF08F 59A06E 523D3B 676A38 7FF068 496FE1 503645 4D6DBE 7FDEAB 396C09 78FA83 4E7648 7FEB82 4FF7B7 41E52D 44B169 7FDD16 58DDA7 737FAB 6191E8 7FE9E5 573767 530E4C 448348 7FEF74 3E3CF8 7C77A9 000FFF 00 0FB114,2026-07-27T21:51:39.469+00:00,serial_request_midpoint,357.5258,True,matched,62.9964,62.9964,2026-07-27T21:51:39.533+00:00,21.990485,1785189099452.648,662,False,,,,,,,,,,,,,,False,,,,,,,,,,,,,,True,0.3387871154742394,-22.939247852912096,16.59017753708772,55.38817743131809,0.13207004583270093,-0.07885309135389068,-2.9974962968459162,36.35469403413667,-10.655647141274702,-16.707919767057753,0.052918797159408976,-0.02980807716037527,0.044482814055095875,False,,,,,,,,,,,,,,False,,,,,,,,,,,,,,False,,,,,,,,,,,,,,True,0.0680545367760506,12.139890964486874,9.38914694610055,76.17183340217187,0.17498686360382704,0.006654229779531252,-3.0377726403463563,0.0,0.0,0.0,0.0,0.0,0.0,True,2,0.3387871154742621,-23.598925692413932,16.824732502056097,60.39322808984374,3.1092958147972514,0.20665873047843028,0.1711568338195573,36.40938222341259,-10.947585597755605,-11.66287228288969,-0.05504565232668909,3.1345119165577606,0.03580403741572218,True,-19.629702731436602,-17.41174342057473,69.20687093587053,34.83632214923287,23.52504998168427,-3.0179782440765393
2026-07-27T21:51:40.205+00:00,36.700000,102838.400000,1.219164,4095,0,02,00,FFFFFFFF,32,2.93184336,3.04806832,2.20781390,1.35148699,1.10084507,0.48093281,2.20739704,1.19051464,1.04600567,1.49785521,2.20761441,0.88898909,1.00842676,0.95822707,2.20750967,0.63905478,1.98025026,0.97672719,2.20524085,1.00397646,0.76602959,0.81046588,2.20444498,1.17501846,1.81684641,1.36099973,2.20687924,1.14197716,1.06133756,0.80759049,2.20742388,0.70986121,SD 02 00 FFFFFFFF 91F82C 9466CC 7FEFC9 61251F 551E81 2DC0D2 7FECB1 59A00C 523DB8 676A74 7FEE4E 496FEF 503656 4D6D4C 7FED87 396BFF 78FB58 4E76B0 7FDCAE 4FF806 41E4F5 44B0EF 7FD6C4 58DD11 7380C2 619174 7FE8D9 57374E 530E32 44833E 7FECE4 3E3CC4 7CD7AA 000FFF 00 0FB120,2026-07-27T21:51:40.027+00:00,serial_request_midpoint,356.5215,True,matched,17.31535,17.31535,2026-07-27T21:51:40.044+00:00,22.50218,1785189099986.005,678,False,,,,,,,,,,,,,,False,,,,,,,,,,,,,,True,0.3493519058988161,-22.926006265462,16.581150489994513,55.35529649751129,0.12825183500461632,-0.07639623585219874,-2.998576297079755,36.35742091284918,-10.633811495248725,-16.762611971278375,0.053053049061361934,-0.03290395559938499,0.042906907583572046,False,,,,,,,,,,,,,,False,,,,,,,,,,,,,,False,,,,,,,,,,,,,,True,0.07208024673327379,12.145430429936567,9.39185472861791,76.19356698779707,0.1756570622710645,0.009490275951861927,-3.037015251629207,0.0,-1.4210854715202005e-15,1.1368683772161604e-14,0.0,0.0,0.0,True,2,0.3493519058988197,-23.57220882755441,16.808737282448433,60.36242635969232,3.111226993059842,0.20535034068621308,0.16726043750522301,36.39624545712036,-10.926971192076762,-11.717488285676882,-0.0524556148894301,3.1314824250068223,0.03603204111267586,True,-19.60893708749531,-17.44432911728199,69.11406815207943,34.85384636186494,23.546280459719753,-3.0695266579282476
2026-07-27T21:51:40.761+00:00,37.200000,102838.900000,1.218554,4095,0,02,00,FFFFFFFF,32,2.93201807,3.04808995,2.20756704,1.35137581,1.10088055,0.48093281,2.20560577,1.19054302,1.04603398,1.49784705,2.20724600,0.88899065,1.00842453,0.95823222,2.20745651,0.63904865,1.98022185,0.97667981,2.20519248,1.00396727,0.76603509,0.81049245,2.20490596,1.17504071,1.81677294,1.36102449,2.20459478,1.14198262,1.06134795,0.80757084,2.20682504,0.70988949,SD 02 00 FFFFFFFF 91F921 9466E9 7FEDF4 6123DA 551EF9 2DC0D2 7FDF64 59A067 523E1B 676A5E 7FEB92 496FF5 50364E 4D6D5F 7FED22 396BE3 78FB1C 4E7603 7FDC52 4FF7E5 41E50C 44B15B 7FDA31 58DD59 73801A 6191BC 7FD7E1 573760 530E56 4482EE 7FE872 3E3D3F 7CC7AA 000FFF 00 0FB125,2026-07-27T21:51:40.583+00:00,serial_request_midpoint,355.7807,True,matched,64.22185,64.22185,2026-07-27T21:51:40.647+00:00,23.10549,1785189100586.017,696,False,,,,,,,,,,,,,,False,,,,,,,,,,,,,,True,0.30315225799649437,-22.932264229485366,16.585090426311496,55.363797038062,0.12730573570039358,-0.07697729999566741,-2.998637111600677,36.36705723226119,-10.554039015634755,-16.66434768012516,0.05734114304944476,-0.03489539311668133,0.04364433866106707,False,,,,,,,,,,,,,,False,,,,,,,,,,,,,,False,,,,,,,,,,,,,,True,0.05948856096908131,12.131584163650764,9.380469553991798,76.10677292946905,0.17732685073215854,0.015652941358536194,-3.037453191589559,-2.842170943040401e-15,0.0,0.0,0.0,0.0,0.0,True,2,0.30315225799652273,-23.57544463596695,16.81485480100934,60.371216564163696,3.110896254793098,0.20526261271323884,0.16626126731544683,36.396431840401114,-10.868952200466712,-11.62047121137989,-0.05360935892463905,3.1293962027991014,0.04272035101185044,True,-19.6092734775526,-17.434753693153784,69.1350695450654,34.81122261535424,23.565464293075564,-2.8267582757515015
2026-07-27T21:51:41.319+00:00,38.300000,102840.000000,1.217944,4095,0,02,00,FFFFFFFF,32,2.93188400,3.04812127,2.20736178,1.35137341,1.10084773,0.48091621,2.20796603,1.19050902,1.04602712,1.49786448,2.20786601,0.88899686,1.00840860,0.95824629,2.20506210,0.63905544,1.98014419,0.97667652,2.20476561,1.00394693,0.76604440,0.81050279,2.20718917,1.17506760,1.81676550,1.36104100,2.20758335,1.14204626,1.06130350,0.80756569,2.20528817,0.70988191,SD 02 00 FFFFFFFF 91F865 946713 7FEC6E 6123D3 551E8A 2DC07D 7FF0EA 599FFA 523E03 676A8D 7FF02C 49700D 503615 4D6D93 7FDB5A 396C02 78FA78 4E75F7 7FD926 4FF79C 41E533 44B185 7FEB26 58DDB0 738009 6191EC 7FEE13 573832 530DBC 4482D9 7FDD08 3E3D1E 7CB7A9 000FFF 00 0FB130,2026-07-27T21:51:41.140+00:00,serial_request_midpoint,356.8343,True,matched,98.07815,98.07815,2026-07-27T21:51:41.238+00:00,23.69611,1785189101186.011,714,False,,,,,,,,,,,,,,False,,,,,,,,,,,,,,True,0.34044282632514233,-22.915313660105603,16.571493777684907,55.32364548644473,0.12650259271267147,-0.0773864340297934,-2.9990767009236405,36.35609657948993,-10.631360257009197,-16.71822509475686,0.05208029397342408,-0.03477724854017472,0.04310842917941386,False,,,,,,,,,,,,,,False,,,,,,,,,,,,,,False,,,,,,,,,,,,,,True,0.09973830419907673,12.13627852187761,9.388402316445239,76.15822521097652,0.17689941900348724,0.0071891314856159,-3.0376168583957743,0.0,1.4210854715202005e-15,0.0,0.0,0.0,0.0,True,2,0.3404428263251407,-23.555813477511688,16.802962143214252,60.33133011659014,3.1107126270774312,0.20458988590293398,0.16541018442164443,36.38538558089541,-10.91979907517474,-11.672764939537661,-0.05267796953583143,3.129615370831441,0.03449907082475621,True,-19.600244470831814,-17.445907173518965,69.10286014793999,34.821925135283536,23.561309194751523,-3.0599791738995465
2026-07-27T21:51:41.875+00:00,38.900000,102840.600000,1.218554,4095,0,02,00,FFFFFFFF,32,2.93188543,3.04821820,2.20484656,1.35138607,1.10085719,0.48091757,2.20737125,1.19054146,1.04600996,1.49786670,2.20531867,0.88898806,1.00841279,0.95824169,2.20486706,0.63903902,1.98018918,0.97666201,2.20464524,1.00391517,0.76603270,0.81049713,2.20755178,1.17508645,1.81677643,1.36094298,2.20779021,1.14199232,1.06132976,0.80755685,2.20795866,0.70987616,SD 02 00 FFFFFFFF 91F867 946795 7FD9C0 6123F8 551EAA 2DC084 7FEC80 59A062 523DC7 676A93 7FDD42 496FEB 503624 4D6D82 7FD9E7 396BB7 78FAD7 4E75C2 7FD841 4FF72A 41E502 44B16E 7FEDD7 58DDED 738022 6190CF 7FEF9C 573780 530E17 4482B5 7FF0DC 3E3D05 7CC7A9 000FFF 00 0FB136,2026-07-27T21:51:41.697+00:00,serial_request_midpoint,355.8342,True,matched,47.1868,47.1868,2026-07-27T21:51:41.744+00:00,24.202177,1785189101686.027,729,False,,,,,,,,,,,,,,False,,,,,,,,,,,,,,True,0.35497375365555534,-22.937202275695757,16.587881120568834,55.38390908426724,0.1329784462767979,-0.07819249629685436,-2.998846471684843,36.30247863689641,-10.662269040376522,-16.90402551333806,0.052702000571434766,-0.02557239816943631,0.042538579103306134,False,,,,,,,,,,,,,,False,,,,,,,,,,,,,,False,,,,,,,,,,,,,,True,0.060737941863035314,12.148066237272548,9.396335025603717,76.2311058494005,0.16939578427775018,0.006435890339517236,-3.037625671080558,0.0,0.0,0.0,0.0,0.0,0.0,True,2,0.35497375365554934,-23.599399130703883,16.820511764502694,60.3887168997058,3.1098324697058723,0.2045574046820703,0.1720966483093238,36.37822174039529,-10.952896039036556,-11.859174485738048,-0.052164639930434784,3.1388278291580063,0.03551598984857914,True,-19.680814831498953,-17.426159058184513,69.18539521510857,34.90541978299732,23.524986370472686,-3.217543060915182
2026-07-27T21:51:42.431+00:00,40.100000,102841.800000,1.216723,4095,0,02,00,FFFFFFFF,32,2.93192608,3.04807727,2.20559999,1.35135460,1.10085689,0.48093007,2.20539912,1.19050840,1.04601654,1.49784408,2.20730442,0.88899453,1.00841503,0.95823140,2.20821662,0.63903617,1.98019912,0.97666831,2.20775337,1.00391935,0.76604058,0.81049344,2.20775652,1.17507223,1.81665093,1.36099251,2.20761599,1.14200504,1.06131216,0.80758656,2.20730863,0.70988604,SD 02 00 FFFFFFFF 91F8A0 9466D8 7FDF59 61239C 551EA9 2DC0C4 7FDDDB 599FF8 523DDE 676A56 7FEC01 497004 50362C 4D6D5C 7FF2C6 396BAA 78FAEC 4E75D9 7FEF56 4FF739 41E523 44B15F 7FEF5C 58DDBF 737F03 61915F 7FEE51 5737AA 530DDA 44832E 7FEC09 3E3D30 7C97A9 000FFF 00 0FB142,2026-07-27T21:51:42.253+00:00,serial_request_midpoint,356.1013,True,matched,75.20285,75.20285,2026-07-27T21:51:42.329+00:00,24.786306,1785189102252.719,746,False,,,,,,,,,,,,,,False,,,,,,,,,,,,,,True,0.34911227666218786,-22.890329305751294,16.573673127866563,55.32542080764007,0.13274780633644281,-0.0778721487588332,-2.9978952303138557,36.280935355412424,-10.591402463515108,-16.80535581941591,0.056612774974633545,-0.028601663061847853,0.04322806006261454,False,,,,,,,,,,,,,,False,,,,,,,,,,,,,,False,,,,,,,,,,,,,,True,0.03511018176010201,12.133420194099248,9.385959342505366,76.12392561294742,0.1733227181982937,0.01305241754643381,-3.0368667418485393,0.0,0.0,-1.1368683772161604e-14,0.0,0.0,0.0,True,2,0.34911227666220385,-23.551932752707977,16.804938975443452,60.330370351708325,3.109952942080183,0.20607234404247932,0.171883631992834,36.341931081941695,-10.901988705359146,-11.761494336417808,-0.053197320887907726,3.1357139934556058,0.04162355388442361,True,-19.59862562142529,-17.43917406968773,69.1214680766898,34.82053788066531,23.540371186413005,-2.9876398502239567
2026-07-27T21:51:42.988+00:00,40.600000,102842.300000,1.217333,4095,0,02,00,FFFFFFFF,32,2.93213858,3.04796319,2.20818503,1.35138573,1.10087759,0.48093222,2.20813186,1.19054582,1.04603226,1.49784631,2.20727705,0.88898650,1.00847677,0.95822924,2.20748230,0.63904274,1.98025547,0.97665297,2.20767178,1.00390988,0.76604321,0.81050008,2.20737020,1.17505245,1.81678912,1.36096431,2.20761020,1.14201444,1.06133756,0.80757674,2.20809501,0.70989731,SD 02 00 FFFFFFFF 91F9CA 94663F 7FF28A 6123F7 551EEF 2DC0CF 7FF225 59A070 523E15 676A5C 7FEBCD 496FE5 503709 4D6D54 7FED53 396BC8 78FB63 4E75A1 7FEEBB 4FF717 41E52E 44B17A 7FEC7E 58DD7F 73803F 61910D 7FEE46 5737C9 530E32 448306 7FF1DF 3E3D61 7CA7A9 000FFF 00 0FB147,2026-07-27T21:51:42.810+00:00,serial_request_midpoint,357.3474,True,matched,29.3504,29.3504,2026-07-27T21:51:42.839+00:00,25.297484,1785189102786.063,762,False,,,,,,,,,,,,,,False,,,,,,,,,,,,,,True,0.3443510136117011,-22.920564337752285,16.584450732425218,55.355352779450996,0.13241727893768454,-0.078222094864656,-2.998094249026384,36.4159874220789,-10.486064805507556,-16.49555375168196,0.061152171673971724,-0.03575439725409136,0.044679577580489155,False,,,,,,,,,,,,,,False,,,,,,,,,,,,,,False,,,,,,,,,,,,,,True,0.04892483670504391,12.12277179863262,9.376055993876376,76.04807194176853,0.18347137616298062,0.020448143267541793,-3.0375075418383144,0.0,0.0,0.0,0.0,0.0,0.0,True,2,0.3443510136117267,-23.581099952351146,16.81703338440365,60.360382346602705,3.109760102937529,0.20575533040850785,0.1715268200843129,36.44164516438995,-10.82016537693896,-11.452891613024804,-0.05526432555714212,3.128423799939602,0.04865727894309969,True,-19.633166351996522,-17.42583540108132,69.15873857713795,34.81218640652579,23.57876290929254,-2.52933225325861
2026-07-27T21:51:43.566+00:00,41.800000,102843.500000,1.218554,4095,0,02,00,FFFFFFFF,32,2.93194533,3.04805938,2.20757809,1.35136418,1.10088055,0.48092246,2.20797024,1.19055580,1.04601025,1.49785966,2.20768178,0.88899712,1.00843179,0.95823709,2.20758757,0.63903398,1.98012099,0.97667707,2.20832666,1.00394052,0.76605491,0.81048827,2.20907021,1.17508058,1.81680792,1.36104204,2.20925772,1.14203929,1.06134823,0.80759909,2.21009274,0.70987984,SD 02 00 FFFFFFFF 91F8BB 9466C0 7FEE09 6123B8 551EF9 2DC09D 7FF0F2 59A090 523DC8 676A80 7FEECE 49700E 503668 4D6D71 7FEE1B 396BA0 78FA47 4E75F9 7FF397 4FF785 41E55F 44B14A 7FF91B 58DDDA 73806A 6191EF 7FFA7F 57381B 530E57 448361 8000B0 3E3D15 7CC7AA 000FFF 00 0FB153,2026-07-27T21:51:43.378+00:00,serial_request_midpoint,377.0685,True,matched,57.04635,57.04635,2026-07-27T21:51:43.435+00:00,25.892578,1785189103352.745,779,False,,,,,,,,,,,,,,False,,,,,,,,,,,,,,True,0.42972274915031716,-22.828802682281427,16.63406269415963,55.32365511317878,0.14058197083890073,-0.06740233843370068,-2.997782072643247,36.29553884546372,-10.510187043913694,-16.76080545527426,0.05612028102081655,-0.02716122965384723,0.04366504213763507,False,,,,,,,,,,,,,,False,,,,,,,,,,,,,,False,,,,,,,,,,,,,,True,0.022500644093995163,12.136422251096935,9.388083636607103,76.14872664116962,0.17892329023191392,0.022943115031966242,-3.036914497604979,2.842170943040401e-15,0.0,1.1368683772161604e-14,0.0,0.0,0.0,True,2,0.4297227491502878,-23.51404568973252,16.828522492610354,60.326989000426906,3.1164509258312916,0.20653411185571469,0.18035338681972568,36.363823316056404,-10.818070434119264,-11.716871709786426,-0.053931242849670886,3.1371430977036825,0.04085096126316777,True,-19.58591669342714,-17.477068585359053,68.88663491084161,34.83865877072254,23.628218130087895,-2.959109895648294
2026-07-27T21:51:44.154+00:00,42.400000,102844.100000,1.217944,4095,0,02,00,FFFFFFFF,32,2.93192322,3.04821522,2.20891326,1.35129303,1.10086340,0.48092734,2.20896329,1.19057046,1.04601940,1.49788524,2.20754599,0.88897951,1.00842900,0.95824304,2.20705446,0.63904099,1.98019012,0.97665653,2.08787999,1.00393050,0.76605969,0.81050697,2.13057499,1.17504751,1.81675194,1.36096981,2.15697539,1.14203535,1.06135083,0.80755218,2.17663045,0.70988512,SD 02 00 FFFFFFFF 91F89C 946791 7FF7F1 6122E8 551EBF 2DC0B6 7FF850 59A0BF 523DE8 676AC5 7FEDCC 496FCA 50365E 4D6D87 7FEA26 396BC0 78FAD9 4E75AE 7C5CEE 4FF761 41E573 44B196 7DA867 58DD6F 737FEA 61911D 7E7220 57380E 530E60 4482A2 7F06BB 3E3D2C 7CB7A9 000FFF 00 0FB159,2026-07-27T21:51:43.960+00:00,serial_request_midpoint,387.8908,True,matched,73.2538,73.2538,2026-07-27T21:51:44.033+00:00,26.491437,1785189103952.806,797,False,,,,,,,,,,,,,,False,,,,,,,,,,,,,,True,0.33433551245145454,-22.88839216513849,16.595180377989745,55.33055935588637,0.13212281640405024,-0.07460392115778954,-2.9974571983134837,36.376265413690206,-10.611256409873345,-16.531569745220203,0.05401314567998248,-0.03521642415447192,0.04419952502693198,False,,,,,,,,,,,,,,False,,,,,,,,,,,,,,False,,,,,,,,,,,,,,True,0.06947173335984179,12.128894324859285,9.377547529924685,76.08675527981096,0.18298461045197592,0.013176393775962013,-3.0367185818942843,0.0,0.0,1.1368683772161604e-14,0.0,0.0,0.0,True,2,0.33433551245148346,-23.547302766673344,16.815497111926206,60.33635802755613,3.112096735906398,0.207017317644263,0.17134685525295468,36.403729352697255,-10.909365016489362,-11.486661423350132,-0.054402759415471895,3.1291047686283404,0.03750136489284014,True,-19.56755047782429,-17.444552107993054,69.05311854395549,34.79820146378074,23.553354503921195,-2.8082653625810052
2026-07-27T21:51:44.700+00:00,43.500000,102845.200000,1.218554,4095,0,02,00,FFFFFFFF,32,2.93169362,3.04813916,2.18707637,1.35130397,1.10088291,0.48093769,2.19435172,1.19055830,1.04600796,1.49782592,2.19785720,0.88901318,1.00844129,0.95822545,2.20313457,0.63903004,1.98026021,0.97669268,2.20657566,1.00392771,0.76604177,0.81049861,2.20773600,1.17505523,1.81669072,1.36098838,2.20786022,1.14202444,1.06135026,0.80754972,2.20548640,0.70987961,SD 02 00 FFFFFFFF 91F75A 94672B 7F552B 612308 551F01 2DC0EB 7F8B94 59A098 523DC0 676A25 7FA5BB 49704C 50368A 4D6D46 7FCD06 396B8E 78FB6D 4E7632 7FE698 4FF757 41E528 44B174 7FEF35 58DD88 737F5E 619153 7FF021 5737EA 530E5E 448298 7FDE81 3E3D14 7CC7A9 000FFF 00 0FB164,2026-07-27T21:51:44.528+00:00,serial_request_midpoint,345.4477,True,matched,25.39595,25.39595,2026-07-27T21:51:44.552+00:00,27.010759,1785189104486.173,813,False,,,,,,,,,,,,,,False,,,,,,,,,,,,,,True,0.3519806539559072,-22.91993491761171,16.580101285878484,55.3154406478478,0.12608199070766268,-0.0733837138842973,-2.9980634757781752,36.37546742441124,-10.463424656241235,-16.756759429748183,0.05886429357325928,-0.03607542384419463,0.0444193871096267,False,,,,,,,,,,,,,,False,,,,,,,,,,,,,,False,,,,,,,,,,,,,,True,0.014807192118196175,12.133527229006042,9.388443161903101,76.12365338780195,0.1776604278814259,0.02175423780708363,-3.037433824153103,0.0,0.0,0.0,0.0,0.0,0.0,True,2,0.35198065395595063,-23.558393906521854,16.797919697722605,60.323998146510164,3.113269052288807,0.20646745983054618,0.1651105220228975,36.39919238751017,-10.786060937592477,-11.713341351247527,-0.054801924921633244,3.1281578947197515,0.045081254059836644,True,-19.556715217834295,-17.468479795655483,69.00568854440333,34.777230899648785,23.633583665584993,-2.8686468367377644
2026-07-27T21:51:45.261+00:00,44.700000,102846.400000,1.217944,4095,0,02,00,FFFFFFFF,32,2.93163088,3.04805192,2.20697237,1.35134810,1.10088409,0.48092910,2.20783653,1.19054271,1.04597622,1.49782777,2.20746862,0.88900178,1.00845414,0.95823276,2.20778337,0.63903968,1.98017544,0.97667132,2.20753388,1.00395752,0.76604058,0.81050869,2.20862573,1.17503267,1.81680311,1.36099801,2.20863310,1.14200110,1.06130234,0.80756446,2.20882373,0.70987340,SD 02 00 FFFFFFFF 91F702 9466B6 7FE98A 612389 551F05 2DC0BF 7FEFF4 59A066 523D51 676A2A 7FED39 497020 5036B8 4D6D61 7FEF8F 396BBA 78FABA 4E75E4 7FEDB5 4FF7C2 41E523 44B19D 7FF5CF 58DD3F 73805F 61916F 7FF5DD 57379D 530DB8 4482D4 7FF747 3E3CF9 7CB7A9 000FFF 00 0FB170,2026-07-27T21:51:45.081+00:00,serial_request_midpoint,359.9419,True,matched,65.18185,65.18185,2026-07-27T21:51:45.146+00:00,27.604066,1785189105086.157,831,False,,,,,,,,,,,,,,False,,,,,,,,,,,,,,True,0.3583106815618366,-22.893712002241813,16.599792955126922,55.315415065565354,0.1309159093599001,-0.08249550381795578,-2.9988315825024996,36.36373336562357,-10.53629463038468,-16.599559194007657,0.06207597966176618,-0.034965533574964826,0.043802879836322924,False,,,,,,,,,,,,,,False,,,,,,,,,,,,,,False,,,,,,,,,,,,,,True,0.050982746382342195,12.12602308507428,9.378872325478477,76.06044902394493,0.18071718989422153,0.017349528666357902,-3.037562938930905,0.0,0.0,0.0,0.0,0.0,0.0,True,2,0.35831068156177326,-23.550030228938716,16.847266688976053,60.32028528847184,3.1070931397375237,0.2043793142462417,0.16982562004349902,36.39332272515645,-10.875060784351604,-11.557229893525118,-0.05394255699403009,3.1292298605407236,0.05012523378316251,True,-19.626962677390132,-17.374039393871303,69.2131512889359,34.800057516696896,23.516982280234767,-2.6006571923577098
2026-07-27T21:51:45.820+00:00,45.200000,102846.900000,1.219164,4095,1,02,80,FFFFFFFF,32,2.93174139,3.04811903,2.20936833,1.35135768,1.10088025,0.48094335,2.18325067,1.19053491,1.04600853,1.49788524,2.18965438,0.88897511,1.00843710,0.95822572,2.19332077,0.63901275,1.98021854,0.97666091,2.19783886,1.00394247,0.76603962,0.81050648,2.20341193,1.17504133,1.81676987,1.36103791,2.20416276,1.14202838,1.06133986,0.80759810,2.20436667,0.70986765,SD 02 80 FFFFFFFF 91F79D 946710 7FFB51 6123A5 551EF8 2DC108 7F387C 59A04D 523DC2 676AC5 7F6878 496FB9 50367B 4D6D47 7F83E1 396B3F 78FB15 4E75BE 7FA598 4FF78C 41E51F 44B194 7FCF16 58DD5B 738013 6191E3 7FD4AB 5737F7 530E3A 44835D 7FD62F 3E3CE0 7CD7A9 000FFF 01 0FB175,2026-07-27T21:51:45.641+00:00,serial_request_midpoint,359.3251,True,matched,22.25095,22.25095,2026-07-27T21:51:45.663+00:00,28.120939,1785189105586.154,846,False,,,,,,,,,,,,,,False,,,,,,,,,,,,,,True,0.3605424012322382,-22.91799510898194,16.58409642036914,55.30101688077948,0.12212158801190917,-0.07875778450191613,-2.9997867904327298,36.36466043374698,-10.588727245384566,-16.618286783571556,0.05846333535552898,-0.040258770199120913,0.041801421541342344,False,,,,,,,,,,,,,,False,,,,,,,,,,,,,,False,,,,,,,,,,,,,,True,0.03790523676808413,12.121799734521089,9.37514169047341,76.05965069390489,0.18002144968710046,0.015892956585791027,-3.0363338329932414,2.842170943040401e-15,0.0,-1.1368683772161604e-14,0.0,0.0,0.0,True,2,0.36054240123222214,-23.544097323207954,16.821380607534035,60.31024987432052,3.1100939956978713,0.20360135394285794,0.16082137130044274,36.366769284098176,-10.910086541150452,-11.574731816339385,-0.050537122479075096,3.1240928040170406,0.044476033831978276,True,-19.58693834204886,-17.420747954600056,69.10734252270504,34.802977842095096,23.51623033024212,-2.745542854235464
2026-07-27T21:51:46.377+00:00,46.400000,102848.100000,1.219164,4095,1,02,80,FFFFFFFF,32,2.93051028,3.04712225,2.20456166,1.35096605,1.10096747,0.48093964,2.20737810,1.19056048,1.04584727,1.49788635,2.20514990,0.88891217,1.00835497,0.95819269,2.20452802,0.63901144,1.98003434,0.97657683,2.20417064,1.00376809,0.76597847,0.81040732,2.20473775,1.17476167,1.81657877,1.36030273,2.20698237,1.14167446,1.06100336,0.80751362,2.20783285,0.70971406,SD 02 80 FFFFFFFF 91F0DE 9461D7 7FD7A2 611F2C 55201F 2DC0F5 7FEC8D 59A09F 523B8E 676AC8 7FDC01 496EC6 503555 4D6CCD 7FD762 396B39 78F990 4E748B 7FD4BA 4FF51A 41E41F 44B001 7FD8F1 58D9D2 737E5E 618989 7FE99D 573367 5309AC 448205 7FEFED 3E3A44 7CD7A9 000FFF 01 0FB181,2026-07-27T21:51:46.199+00:00,serial_request_midpoint,356.8885,True,matched,59.77405,59.77405,2026-07-27T21:51:46.259+00:00,28.716738,1785189106186.16,864,False,,,,,,,,,,,,,,False,,,,,,,,,,,,,,True,0.33914172734644216,-22.922593191156537,16.591440846776358,55.33303389009153,0.12594771336211077,-0.0784796088197638,-2.9986531036751707,36.30073208143239,-10.669507905460438,-16.895780414799322,0.05359728138788704,-0.031505113047364974,0.04260959664312563,False,,,,,,,,,,,,,,False,,,,,,,,,,,,,,False,,,,,,,,,,,,,,True,0.0493852489747088,12.142794719168608,9.38945286384278,76.20403971659252,0.1711703036022316,0.007992036415569283,-3.037043067903333,0.0,0.0,-1.1368683772161604e-14,0.0,0.0,0.0,True,2,0.33914172734642417,-23.56160145167089,16.826540652070243,60.340739902097354,3.1099718470750406,0.20519906025612794,0.1648082969104263,36.34663255286,-10.965293343885316,-11.850869404754395,-0.052056106284563426,3.1328846864443394,0.03689537969991717,True,-19.590324105974403,-17.41403733929861,69.13750577329645,34.8251627011305,23.50385523145973,-3.1828684406788286
2026-07-27T21:51:46.934+00:00,47.000000,102848.700000,1.218554,4095,1,02,80,FFFFFFFF,32,2.92860384,3.04529891,2.20708971,1.34994069,1.10071351,0.48091523,2.20554845,1.19032285,1.04541448,1.49783222,2.20432620,0.88875729,1.00821530,0.95804137,2.20469938,0.63896525,1.97986341,0.97645825,2.20694291,1.00354442,0.76592210,0.81029783,2.20782285,1.17449503,1.81650444,1.35979226,2.20737915,1.14138333,1.06068856,0.80749742,2.20778126,0.70965106,SD 02 80 FFFFFFFF 91E66A 945848 7FEA69 611375 551CC4 2DC078 7FDEF7 599DA5 5235A4 676A36 7FD5E2 496C70 503361 4D6A9E 7FD8A8 396A66 78F827 4E72DA 7FE952 4FF1F7 41E333 44AE44 7FEFDA 58D673 737DB4 6183BC 7FEC8F 572FA6 530569 4481C3 7FEF8B 3E3932 7CC7A9 000FFF 01 0FB187,2026-07-27T21:51:46.756+00:00,serial_request_midpoint,356.8638,True,matched,25.8392,25.8392,2026-07-27T21:51:46.782+00:00,29.239846,1785189106719.521,880,False,,,,,,,,,,,,,,False,,,,,,,,,,,,,,True,0.37405458507304706,-22.93811385814053,16.60080811566222,55.37815063063321,0.13091488664333512,-0.07613178248243313,-2.997813804443605,36.35818715500993,-10.512297443938776,-16.706321399259696,0.05922344008719034,-0.03168733158656564,0.04464728627573206,False,,,,,,,,,,,,,,False,,,,,,,,,,,,,,False,,,,,,,,,,,,,,True,0.06261214738260765,12.12870847918413,9.385117188454732,76.10926543542499,0.17593524812277966,0.01916735849231777,-3.0377653774584266,0.0,-1.4210854715202005e-15,-1.1368683772161604e-14,0.0,0.0,0.0,True,2,0.37405458507303885,-23.593274409723925,16.826637026544027,60.38419586065589,3.1111866457019484,0.2064186202644892,0.1700405607622254,36.40414508760739,-10.836212604189704,-11.663138899313356,-0.055343947913049266,3.1325257733134255,0.04566880301497715,True,-19.62105885484818,-17.425877274267076,69.13394342218488,34.808533236365314,23.58058207274694,-2.8025756148539474
2026-07-27T21:51:47.491+00:00,48.100000,102849.800000,1.217333,4095,1,02,80,FFFFFFFF,32,2.92777501,3.04467255,2.20505316,1.34930061,1.10057753,0.48092539,2.20477612,1.19017068,1.04524356,1.49785521,2.20426682,0.88861926,1.00808793,0.95792092,2.20467835,0.63893197,1.97955852,0.97635173,2.20464103,1.00337342,0.76584758,0.81026511,2.20494224,1.17434119,1.81644016,1.35944860,2.20451015,1.14122581,1.06046382,0.80748023,2.20689765,0.70958738,SD 02 80 FFFFFFFF 91E1DE 9454FF 7FDB49 610C24 551AF8 2DC0AC 7FD93A 599BBD 52334E 676A74 7FD571 496A5B 503199 4D68E1 7FD880 3969CE 78F5A3 4E7155 7FD839 4FEF91 41E1FB 44ADBF 7FDA76 58D481 737D21 617FD4 7FD740 572D9E 53025E 44817D 7FE8FC 3E381D 7CA7A8 000FFF 01 0FB192,2026-07-27T21:51:47.313+00:00,serial_request_midpoint,356.4409,True,matched,78.69975,78.69975,2026-07-27T21:51:47.392+00:00,29.84961,1785189107319.558,898,False,,,,,,,,,,,,,,False,,,,,,,,,,,,,,True,0.3542266021212464,-22.934921407349226,16.593907577880096,55.36106878076724,0.12675980014822144,-0.07696349782415056,-2.9984691901102787,36.38032798592784,-10.594454429304434,-16.661306790776916,0.05651420832211563,-0.035991030695134194,0.04322281303372559,False,,,,,,,,,,,,,,False,,,,,,,,,,,,,,False,,,,,,,,,,,,,,True,0.036150342107145086,12.133374254805865,9.385336878608085,76.13655964909461,0.17847587688143104,0.014487343753607787,-3.0367958694035804,0.0,-1.4210854715202005e-15,1.1368683772161604e-14,0.0,0.0,0.0,True,2,0.3542266021212087,-23.576330249944622,16.82368935901321,60.36871473250535,3.110914031524886,0.20555228656185576,0.16569843526209568,36.40400664038463,-10.905369705530585,-11.617152356127667,-0.05289082237681719,3.1283327831734224,0.041428302484717544,True,-19.600787562023402,-17.424966594577104,69.1320440337052,34.825223581578825,23.53676567222239,-2.852560556967069
2026-07-27T21:51:48.049+00:00,48.700000,102850.400000,1.218554,4095,1,02,80,FFFFFFFF,32,2.92722261,3.04411036,2.20488756,1.34885546,1.10049773,0.48091757,2.20751651,1.19011237,1.04509581,1.49782703,2.20510679,0.88857317,1.00800051,0.95786327,2.20503844,0.63890833,1.97939994,0.97623919,2.20471147,1.00325228,0.76581868,0.81023042,2.20480346,1.17430937,1.81636364,1.35904763,2.20671982,1.14103530,1.06029190,0.80747433,2.20500795,0.70955106,SD 02 80 FFFFFFFF 91DED6 94520C 7FDA0E 61070D 5519EA 2DC084 7FED94 599B02 523149 676A28 7FDBAF 4969A9 503060 4D680C 7FDB2D 396962 78F454 4E6FBA 7FD8BF 4FEDDE 41E182 44AD32 7FD96E 58D41A 737C72 617B45 7FE7AA 572B29 53000A 448165 7FDAF3 3E377F 7CC7A8 000FFF 01 0FB198,2026-07-27T21:51:47.870+00:00,serial_request_midpoint,357.1642,True,matched,46.7958,46.7958,2026-07-27T21:51:47.917+00:00,30.374791,1785189107852.879,914,False,,,,,,,,,,,,,,False,,,,,,,,,,,,,,True,0.2929203103975243,-22.92128185124495,16.586302257430436,55.32490476093544,0.12300886314240717,-0.07565295601290548,-2.9997192860711266,36.334019906709514,-10.487601142881703,-16.821224833293684,0.06157357175517003,-0.03645843017626364,0.04190674212062085,False,,,,,,,,,,,,,,False,,,,,,,,,,,,,,False,,,,,,,,,,,,,,True,0.04909435945098453,12.13372942422964,9.383868573198756,76.11854606557824,0.1747621705975479,0.02337679035292591,-3.036581359926851,0.0,0.0,0.0,0.0,0.0,0.0,True,2,0.2929203103975696,-23.549655984138877,16.812983212954585,60.33434429283187,3.1120955016403107,0.2038821759691884,0.16183313655638498,36.35567473631208,-10.824215578428324,-11.778711122816457,-0.05090883065998403,3.127826143091608,0.04936266978567769,True,-19.5892621302174,-17.446640497239834,69.06158775740039,34.81655026479852,23.57478763964155,-2.8394165087792316
2026-07-27T21:51:48.605+00:00,49.800000,102851.500000,1.219164,4095,1,02,80,FFFFFFFF,32,2.92704183,3.04368378,2.20708182,1.34856411,1.10034492,0.48092890,2.20784232,1.19006435,1.04495608,1.49786485,2.20787233,0.88851309,1.00793096,0.95781617,2.20743283,0.63886893,1.97919924,0.97616390,2.20781653,1.00314925,0.76578405,0.81019008,2.20753441,1.17422658,1.81628319,1.35890781,2.20518828,1.14084663,1.06007385,0.80744560,2.20694554,0.70950071,SD 02 80 FFFFFFFF 91DDD8 944FCF 7FEA5A 6103B8 5517E5 2DC0BE 7FEFFF 599A68 522F60 676A8E 7FF038 4968C1 502F67 4D675E 7FECF5 3968AE 78F2AC 4E6EA7 7FEFCE 4FEC6C 41E0F1 44AC8E 7FEDB6 58D30E 737BBA 6179AE 7FDC4A 5728BA 52FD16 4480F0 7FE957 3E36A4 7CD7AA 000FFF 01 0FB1A3,2026-07-27T21:51:48.427+00:00,serial_request_midpoint,355.5017,True,matched,15.72625,15.72625,2026-07-27T21:51:48.443+00:00,30.900896,1785189108386.205,930,False,,,,,,,,,,,,,,False,,,,,,,,,,,,,,True,0.334081512002573,-22.941213914442685,16.601967999040117,55.378518905960824,0.1279028602112343,-0.07757283720639942,-2.9980996176808543,36.40849471347094,-10.512239206678093,-16.59857195630118,0.060208175170730044,-0.036708279688422836,0.04450126463489737,False,,,,,,,,,,,,,,False,,,,,,,,,,,,,,False,,,,,,,,,,,,,,True,0.03521202868357855,12.12761630410577,9.386357998719378,76.1079755040886,0.18041922908950198,0.01966525014897517,-3.0374271760848943,-2.842170943040401e-15,0.0,0.0,0.0,0.0,0.0,True,2,0.3340815120025775,-23.58664029285154,16.833398764331864,60.38557268740857,3.1104153210647736,0.20602677733168326,0.16686975329322418,36.429195481066145,-10.841712007447807,-11.555582552073407,-0.054929177522573425,3.127496910547773,0.047177012908995425,True,-19.607394842180977,-17.410786553302554,69.16467812628886,34.79883117499138,23.565765002820065,-2.665208389558427
2026-07-27T21:51:49.164+00:00,50.400000,102852.100000,1.217943,4095,1,02,80,FFFFFFFF,32,2.92702617,3.04340613,2.20711866,1.34831685,1.10034433,0.48090449,2.20756704,1.18997737,1.04486836,1.49781887,2.20757388,0.88846286,1.00789494,0.95775636,2.20775073,0.63886258,1.97910837,0.97610859,2.20768389,1.00307379,0.76574489,0.81014309,2.20783811,1.17412311,1.81633216,1.35869965,2.20765388,1.14072368,1.05993888,0.80744118,2.20762020,0.70945933,SD 02 80 FFFFFFFF 91DDC2 944E5A 7FEAA0 6100E4 5517E3 2DC041 7FEDF4 599951 522E2D 676A12 7FEE01 4967FF 502EE6 4D6681 7FEF51 396891 78F1EC 4E6DDD 7FEED2 4FEB5D 41E04D 44ABCF 7FEFF7 58D1BF 737C2A 617750 7FEE99 572724 52FB42 4480DE 7FEE59 3E35F0 7CB7A7 000FFF 01 0FB1A9,2026-07-27T21:51:48.985+00:00,serial_request_midpoint,359.1583,True,matched,79.82575,79.82575,2026-07-27T21:51:49.064+00:00,31.52248,1785189108986.224,948,False,,,,,,,,,,,,,,False,,,,,,,,,,,,,,True,0.34682038203738225,-22.953027139650334,16.608902134070313,55.40751569147751,0.1308347500717655,-0.0788158996623406,-2.9984342897134733,36.38068852127642,-10.492281877065773,-16.615667705480938,0.06282255000040811,-0.03314263500932645,0.044143602669695664,False,,,,,,,,,,,,,,False,,,,,,,,,,,,,,False,,,,,,,,,,,,,,True,0.06090585975000814,12.12315993593381,9.381844386115237,76.07521092135849,0.17771426456182113,0.022033673133228168,-3.0376111423304493,0.0,1.4210854715202005e-15,-1.1368683772161604e-14,0.0,0.0,0.0,True,2,0.3468203820373974,-23.60836434171202,16.843948784152467,60.41311347569821,3.1094844790674743,0.205267089018668,0.1698633628021317,36.41962725935466,-10.834562729168463,-11.573639289607353,-0.05456326554640491,3.13102108494029,0.05130272162495013,True,-19.66281262832621,-17.396283588172594,69.22279130739727,34.82864999232137,23.55055006008029,-2.5900918534007475
2026-07-27T21:51:49.720+00:00,51.500000,102853.200000,1.219774,4095,1,02,80,FFFFFFFF,32,2.92678918,3.04342473,2.20750914,1.34816080,1.10026601,0.48088672,2.20791023,1.18990784,1.04483893,1.49780886,2.20780232,0.88842713,1.00784830,0.95771225,2.20802078,0.63885755,1.97886890,0.97603686,2.20788654,1.00299861,0.76571670,0.81014432,2.20787285,1.17412496,1.81633610,1.35856329,2.20756283,1.14058349,1.05976673,0.80742817,2.20800709,0.70943910,SD 02 80 FFFFFFFF 91DC75 944E73 7FED86 60FF1B 5516DA 2DBFE6 7FF080 599872 522DC6 6769F7 7FEFB3 496775 502E3F 4D65DE 7FF152 39687A 78EFF2 4E6CD7 7FF053 4FEA4F 41DFD7 44ABD4 7FF039 58D1C5 737C33 6175C3 7FEDEC 572555 52F8ED 4480A9 7FF138 3E3598 7CE7A7 000FFF 01 0FB1B4,2026-07-27T21:51:49.543+00:00,serial_request_midpoint,356.0279,True,matched,41.78095,41.78095,2026-07-27T21:51:49.584+00:00,32.042473,1785189109519.586,964,False,,,,,,,,,,,,,,False,,,,,,,,,,,,,,True,0.2964054694349062,-22.93404630913426,16.59472847701176,55.36392097621359,0.12756406900125009,-0.07258329626392053,-2.997221825643066,36.39251388936453,-10.619464716930922,-16.572508127852803,0.051416034071713364,-0.03617506052204615,0.044856123534295925,False,,,,,,,,,,,,,,False,,,,,,,,,,,,,,False,,,,,,,,,,,,,,True,0.07428180806281101,12.13039101285747,9.381241126142713,76.10728037724706,0.1801093992688975,0.011332220626765274,-3.037265243779581,0.0,0.0,1.1368683772161604e-14,0.0,0.0,0.0,True,2,0.29640546943490664,-23.577442872653883,16.809233040650636,60.37198963321875,3.1136346299689683,0.20775932395122465,0.16668488334130557,36.41493966269566,-10.904514005482211,-11.526820166153708,-0.05534214369287381,3.128154158157011,0.03342307375764571,True,-19.555044802988213,-17.458577845539846,69.03852097912548,34.78037379802079,23.579580557110027,-2.9392284569266733
2026-07-27T21:51:50.277+00:00,52.700000,102854.400000,1.219164,4095,1,02,80,FFFFFFFF,32,2.92657711,3.04333318,2.20714654,1.34800954,1.10022375,0.48090097,2.20555161,1.18991033,1.04484836,1.49781850,2.20473092,0.88840020,1.00782847,0.95770061,2.20498061,0.63884901,1.97883955,0.97596815,2.20721969,1.00293430,0.76569545,0.81011824,2.20537966,1.17410488,1.81627838,1.35844137,2.20489440,1.14047843,1.05957441,0.80739305,2.20487232,0.70940853,SD 02 80 FFFFFFFF 91DB4B 944DF8 7FEAD5 60FD60 55164B 2DC02F 7FDEFD 59987A 522DE7 676A11 7FD8E4 49670D 502DF8 4D65B3 7FDABF 396853 78EFB4 4E6BDC 7FEB60 4FE968 41DF7E 44AB6A 7FDDB6 58D184 737BAF 617460 7FDA1B 5723FA 52F652 44801A 7FD9F1 3E3513 7CD7A9 000FFF 01 0FB1C0,2026-07-27T21:51:50.099+00:00,serial_request_midpoint,355.8886,True,matched,87.2057,87.2057,2026-07-27T21:51:50.186+00:00,32.644037,1785189110119.638,982,False,,,,,,,,,,,,,,False,,,,,,,,,,,,,,True,0.35076354737944176,-22.932616756432463,16.595675165621643,55.35647039031886,0.1257755439261765,-0.07370912351168084,-2.9986573687250644,36.338816426413345,-10.607901950450884,-16.806938773509103,0.052394369307537624,-0.03313384661979679,0.04344847332446823,False,,,,,,,,,,,,,,False,,,,,,,,,,,,,,False,,,,,,,,,,,,,,True,0.045198551999873764,12.139615925213588,9.390183039818895,76.17784719275213,0.17356467093278047,0.011220151854983193,-3.03767704594131,0.0,0.0,1.1368683772161604e-14,0.0,0.0,0.0,True,2,0.3507635473794189,-23.569989514849986,16.81486186816691,60.365106543753065,3.1131327482221125,0.20553527488383788,0.16477427198023972,36.37649138948368,-10.897701362963678,-11.761612237109455,-0.05328169422673331,3.1312392839185814,0.03498986585664172,True,-19.587281721206427,-17.452233917021964,69.05277020041532,34.813794428909674,23.58045438133641,-3.1368763331325566
2026-07-27T21:51:50.833+00:00,53.300000,102855.000000,1.219164,4095,1,02,80,FFFFFFFF,32,2.92658779,3.04329969,2.20434092,1.34793033,1.10011854,0.48089726,2.20461002,1.18992436,1.04477493,1.49781183,2.20440872,0.88834816,1.00777876,0.95765135,2.20466258,0.63881661,1.97872362,0.97590847,2.20467309,1.00285356,0.76568518,0.81008503,2.20694185,1.17404558,1.81620493,1.35824699,2.20743283,1.14039911,1.05950983,0.80742227,2.20793444,0.70939520,SD 02 80 FFFFFFFF 91DB5A 944DCB 7FD5FE 60FC78 5514E7 2DC01C 7FD7FE 5998A7 522CE6 6769FF 7FD67F 496644 502D46 4D64FD 7FD862 3967BF 78EEBF 4E6B02 7FD876 4FE846 41DF53 44AAE3 7FE950 58D0C4 737B07 61722A 7FECF5 5722F4 52F572 448091 7FF0AE 3E34D9 7CD7A9 000FFF 01 0FB1C6,2026-07-27T21:51:50.655+00:00,serial_request_midpoint,356.6941,True,matched,47.85175,47.85175,2026-07-27T21:51:50.703+00:00,33.161165,1785189110652.991,998,False,,,,,,,,,,,,,,False,,,,,,,,,,,,,,True,0.3246790002131364,-22.924217389443868,16.58958054770338,55.338000827835614,0.12715094785923506,-0.0693890928479507,-2.9982967035535517,36.353826714881656,-10.67437046654851,-16.67757963435256,0.04671251659913199,-0.034207512682310426,0.0432385436956876,False,,,,,,,,,,,,,,False,,,,,,,,,,,,,,False,,,,,,,,,,,,,,True,0.05350713827592696,12.134787986406975,9.383064433588434,76.1374438897544,0.17707523442952045,0.007098060067136845,-3.0371031444219554,0.0,0.0,0.0,0.0,0.0,0.0,True,2,0.32467900021319074,-23.56526892088004,16.793880885607997,60.34679682135199,3.115882055099508,0.2063220844761257,0.166338114436087,36.38540913836546,-10.935660721421579,-11.630654535648853,-0.05280430818034831,3.1302374879076,0.026097587848146354,True,-19.570021041706035,-17.496116241565066,68.93780410423605,34.82408940915537,23.591207077631033,-3.202784376345744
2026-07-27T21:51:51.390+00:00,54.400000,102856.100000,1.220385,4095,1,02,80,FFFFFFFF,32,2.92661269,3.04321484,2.20763283,1.34777260,1.10008781,0.48088437,2.20753283,1.18980714,1.04478464,1.49778847,2.20729442,0.88831269,1.00776871,0.95764757,2.20533024,0.63883697,1.97866399,0.97588931,2.20719391,1.00281347,0.76565485,0.81007618,2.20789233,1.17403446,1.81630724,1.35824528,2.20777600,1.14033371,1.05941642,0.80741122,2.20781916,0.70935451,SD 02 80 FFFFFFFF 91DB7D 944D59 7FEE71 60FAAA 55147F 2DBFDA 7FEDB3 59972F 522D08 6769C0 7FEBEE 4965BB 502D22 4D64EF 7FDD58 39681C 78EE41 4E6ABC 7FEB2F 4FE7B6 41DED4 44AABF 7FF05E 58D0A0 737BF1 617225 7FEF81 57221C 52F42E 448064 7FEFD3 3E3428 7CF7A9 000FFF 01 0FB1D1,2026-07-27T21:51:51.212+00:00,serial_request_midpoint,356.1407,True,matched,8.41245,8.41245,2026-07-27T21:51:51.220+00:00,33.678368,1785189111152.999,1013,False,,,,,,,,,,,,,,False,,,,,,,,,,,,,,True,0.3157550697572848,-22.90771593201478,16.578462173114772,55.2954993320332,0.12064469825966119,-0.07103537270400834,-2.9981619846207983,36.39692945538751,-10.519180951225861,-16.57061835639888,0.055513399812321784,-0.04309037551736932,0.04397002920390805,False,,,,,,,,,,,,,,False,,,,,,,,,,,,,,False,,,,,,,,,,,,,,True,0.018600471159226216,12.121710143530656,9.377399521084339,76.05746070079462,0.18306494964253076,0.019650109703500087,-3.0366060258258267,0.0,0.0,1.1368683772161604e-14,0.0,0.0,0.0,True,2,0.3157550697572744,-23.527583082419948,16.789691772932734,60.30667382334555,3.1150927252806397,0.20673727896878186,0.15953746697160573,36.384775597157294,-10.8257681523291,-11.526158069884582,-0.0537544156995607,3.1212246017544523,0.03981383182835412,True,-19.488752145998056,-17.48734293325545,68.92897346728743,34.725347077336245,23.623006682468265,-2.802653951631112
2026-07-27T21:51:51.947+00:00,55.000000,102856.700000,1.219164,4095,1,02,80,FFFFFFFF,32,2.92664756,3.04325652,2.20478769,1.34776270,1.10006092,0.48089453,2.20506315,1.18982117,1.04477607,1.49778476,2.20473197,0.88828602,1.00771649,0.95764459,2.20441082,0.63881136,1.97864648,0.97582552,2.20686082,1.00279788,0.76564196,0.81004272,2.20782390,1.17402056,1.81618264,1.35813642,2.20764599,1.14021928,1.05933253,0.80739993,2.20782127,0.70935130,SD 02 80 FFFFFFFF 91DBAE 944D91 7FD950 60FA8D 551424 2DC00E 7FDB5C 59975C 522CEA 6769B6 7FD8E6 496554 502C67 4D64E4 7FD683 3967A7 78EE1C 4E69D3 7FE8B6 4FE77E 41DE9E 44AA37 7FEFDC 58D073 737AD4 6170E8 7FEE8A 5720A2 52F30B 448036 7FEFD7 3E341A 7CD7A9 000FFF 01 0FB1D7,2026-07-27T21:51:51.769+00:00,serial_request_midpoint,356.6966,True,matched,55.6848,55.6848,2026-07-27T21:51:51.824+00:00,34.282288,1785189111753.012,1031,False,,,,,,,,,,,,,,False,,,,,,,,,,,,,,True,0.29257224151875544,-22.91849085854556,16.584804653044237,55.321380031255515,0.12470767400820996,-0.07431115922226805,-2.9987103869520153,36.3444665034065,-10.54786551632354,-16.713346481588008,0.05577185394809015,-0.03611498227339169,0.043610167656934734,False,,,,,,,,,,,,,,False,,,,,,,,,,,,,,False,,,,,,,,,,,,,,True,0.07360065698875456,12.12637947822785,9.37978227500137,76.09295624953842,0.1766588142655965,0.016042851005056327,-3.037469404586694,0.0,1.4210854715202005e-15,0.0,0.0,0.0,0.0,True,2,0.29257224151873024,-23.552443861933945,16.806263970869416,60.33035022300952,3.112792411341506,0.20546371385034715,0.16364805128880394,36.36749945139498,-10.855008872882655,-11.668957969224447,-0.05347765980595294,3.1282049107189414,0.04025929967721306,True,-19.565834194234395,-17.45718583958739,69.03059534460586,34.77465495123257,23.59306899362341,-2.9303028991586983
2026-07-27T21:51:52.502+00:00,56.100000,102857.800000,1.220385,4095,1,02,80,FFFFFFFF,32,2.92648105,3.04309352,2.20749335,1.34766643,1.10006446,0.48088047,2.20778600,1.18976381,1.04474236,1.49779625,2.20767231,0.88827411,1.00773576,0.95764865,2.20775810,0.63879867,1.97857314,0.97576448,2.20707340,1.00277561,0.76562548,0.81005674,2.20770336,1.17399894,1.81628232,1.35814020,2.20765862,1.14013241,1.05917629,0.80740950,2.20791760,0.70933429,SD 02 80 FFFFFFFF 91DAC4 944CB6 7FED68 60F973 551430 2DBFC6 7FEF94 5996A4 522C74 6769D5 7FEEBC 496526 502CAC 4D64F3 7FEF5F 39676D 78ED81 4E68F4 7FEA4A 4FE72E 41DE59 44AA70 7FEEF7 58D02D 737BB8 6170F3 7FEEA2 571F83 52F0ED 44805D 7FF08E 3E33D0 7CF7A9 000FFF 01 0FB1E2,2026-07-27T21:51:52.325+00:00,serial_request_midpoint,355.7369,True,matched,27.77675,27.77675,2026-07-27T21:51:52.353+00:00,34.811162,1785189112286.358,1047,False,,,,,,,,,,,,,,False,,,,,,,,,,,,,,True,0.3166924789190967,-22.923793763935674,16.588249146766806,55.3377485390915,0.1247965959553667,-0.07490384145978757,-2.9985690134994054,36.37212901382618,-10.564843072439611,-16.593599087805273,0.05557077741094511,-0.03786533491558457,0.04381254315337626,False,,,,,,,,,,,,,,False,,,,,,,,,,,,,,False,,,,,,,,,,,,,,True,0.047743216281089636,12.125094804955815,9.376212907186284,76.06109653585372,0.17944530093006314,0.015339471261833926,-3.0373464198573683,-2.842170943040401e-15,1.4210854715202005e-15,-1.1368683772161604e-14,0.0,0.0,0.0,True,2,0.31669247891911656,-23.558208226740927,16.811620777759238,60.34657538864192,3.112381270090541,0.2056383697299538,0.16372442450211594,36.38633538202227,-10.871147313854717,-11.54912697511403,-0.053719811755971236,3.126450820767657,0.039932271892112674,True,-19.568636407776,-17.44795171458671,69.0607204456835,34.77295371404135,23.578137840081588,-2.819002880443031
2026-07-27T21:51:53.061+00:00,56.700000,102858.400000,1.218554,4095,1,02,80,FFFFFFFF,32,2.92657000,3.04291863,2.20758441,1.34757666,1.10002280,0.48089140,2.20804868,1.18972142,1.04466893,1.49778105,2.20537440,0.88824615,1.00771286,0.95761184,2.20492962,0.63880633,1.97849412,0.97572534,2.20478348,1.00275056,0.76559157,0.81004666,2.20740125,1.17399493,1.81616427,1.35797779,2.20743809,1.14004523,1.05916534,0.80740140,2.20740809,0.70931682,SD 02 80 FFFFFFFF 91DB41 944BCB 7FEE15 60F86C 5513A3 2DBFFE 7FF187 59961C 522B73 6769AC 7FDDAC 4964BA 502C5A 4D646B 7FDA5E 396790 78ECDA 4E6865 7FD948 4FE6D4 41DDCB 44AA47 7FECB9 58D020 737AAA 616F1A 7FECFF 571E63 52F0C7 44803C 7FECC6 3E3384 7CC7A9 000FFF 01 0FB1E8,2026-07-27T21:51:52.882+00:00,serial_request_midpoint,356.6165,True,matched,73.10525,73.10525,2026-07-27T21:51:52.955+00:00,35.413341,1785189112886.363,1065,False,,,,,,,,,,,,,,False,,,,,,,,,,,,,,True,0.34379280292068576,-22.929464950817646,16.593351932043497,55.3516017620726,0.1258871572431505,-0.07576729841031386,-2.9994201637299844,36.36023310321826,-10.669023590918238,-16.732026555078402,0.05048802916298007,-0.034454407078453285,0.04255825544206399,False,,,,,,,,,,,,,,False,,,,,,,,,,,,,,False,,,,,,,,,,,,,,True,0.0785176807047768,12.142349399471666,9.390499304150959,76.18287826024934,0.17589559141524097,0.006327689664203744,-3.037505572786663,0.0,0.0,1.1368683772161604e-14,0.0,0.0,0.0,True,2,0.34379280292070746,-23.56748083790942,16.819665624233185,60.35983905863312,3.1118491205625696,0.20419940908564435,0.16481667117282647,36.39089001836783,-10.949461138106809,-11.686123472993472,-0.05180057586424246,3.129980068934921,0.032018553560252044,True,-19.61602585865423,-17.439449715166596,69.09312792599408,34.84968292617851,23.546175424472548,-3.1276742224824945
2026-07-27T21:51:53.620+00:00,57.900000,102859.600000,1.219775,4095,1,02,80,FFFFFFFF,32,2.92652019,3.04295435,2.20745178,1.34753160,1.09997670,0.48087891,2.20745230,1.18971830,1.04468407,1.49774434,2.20780864,0.88821379,1.00768577,0.95759750,2.20776231,0.63880479,1.97841747,0.97574696,2.20787601,1.00270629,0.76560518,0.81004125,2.20736547,1.17400914,1.81620625,1.35802963,2.20769704,1.14000104,1.05903967,0.80740435,2.20552742,0.70929751,SD 02 80 FFFFFFFF 91DAFB 944BFB 7FED19 60F7E8 551307 2DBFBE 7FED1A 599612 522BA8 676949 7FEFBF 49643D 502BF9 4D6436 7FEF67 396789 78EC38 4E68B4 7FF03F 4FE635 41DE04 44AA31 7FEC75 58D04E 737B0A 616FB1 7FEEEB 571DD1 52EF13 448048 7FDECF 3E3330 7CE7AA 000FFF 01 0FB1F4,2026-07-27T21:51:53.440+00:00,serial_request_midpoint,358.3232,True,matched,33.031,33.031,2026-07-27T21:51:53.473+00:00,35.931009,1785189113419.706,1081,False,,,,,,,,,,,,,,False,,,,,,,,,,,,,,True,0.3732716016256097,-22.924576225168607,16.592456205459854,55.337412518512146,0.12860762204670279,-0.07592055119025569,-2.998362200165503,36.38973894179186,-10.520338160316031,-16.636084453961622,0.05871409890643766,-0.035953732176305896,0.04403548978888493,False,,,,,,,,,,,,,,False,,,,,,,,,,,,,,False,,,,,,,,,,,,,,True,0.03388670231651956,12.126752835581362,9.379635846409405,76.09866187305727,0.1800910454463875,0.018972630207884107,-3.037321481040972,0.0,0.0,1.1368683772161604e-14,0.0,0.0,0.0,True,2,0.3732716016256513,-23.571905137484933,16.818295749939047,60.34447599729875,3.1115006088803296,0.2056988513072066,0.1676471055029192,36.41399464160313,-10.842246760153348,-11.592622407356407,-0.05420385837968046,3.1282983149161896,0.04485430578318945,True,-19.602629286016263,-17.436650396964204,69.08603354843655,34.8063568041642,23.579307906385832,-2.7527474277971464
2026-07-27T21:51:54.176+00:00,58.400000,102860.100000,1.219164,4095,1,02,80,FFFFFFFF,32,2.92636293,3.04281221,2.20699500,1.34744661,1.09991524,0.48088262,2.20763915,1.18971394,1.04464836,1.49773767,2.20761072,0.88823683,1.00766232,0.95759967,2.20785338,0.63879363,1.97835549,0.97567142,2.20758283,1.00271687,0.76559682,0.81004100,2.20771389,1.17398536,1.81620406,1.35795547,2.20763599,1.13991841,1.05899701,0.80738102,2.20764441,0.70930027,SD 02 80 FFFFFFFF 91DA1E 944B3C 7FE9B5 60F6EF 551237 2DBFD1 7FEE7D 599604 522B2B 676937 7FEE47 496496 502BA5 4D643E 7FF014 396756 78EBB5 4E67A0 7FEE12 4FE65B 41DDE1 44AA30 7FEF0B 58D001 737B05 616ED9 7FEE77 571CC0 52EE7F 447FE9 7FEE87 3E333C 7CD7A9 000FFF 01 0FB1F9,2026-07-27T21:51:53.998+00:00,serial_request_midpoint,356.7347,True,matched,84.78635,84.78635,2026-07-27T21:51:54.082+00:00,36.540702,1785189114019.744,1099,False,,,,,,,,,,,,,,False,,,,,,,,,,,,,,True,0.2902920214139393,-22.93595574934279,16.5955810279496,55.36519077728262,0.12489084687144479,-0.07716218641834467,-2.999170977077306,36.34496974241604,-10.606721259887674,-16.76164150460329,0.05574121213259648,-0.03460855319322109,0.04262544407524405,False,,,,,,,,,,,,,,False,,,,,,,,,,,,,,False,,,,,,,,,,,,,,True,0.06289504438549261,12.13811150455047,9.387561644175605,76.15620446645713,0.17456784610750337,0.01288920853234309,-3.0371603792947606,0.0,0.0,0.0,0.0,0.0,0.0,True,2,0.29029202141394184,-23.571038884093504,16.82669472110694,60.37358162610701,3.1109492491571937,0.20453866491280778,0.16374576887943465,36.37544225840363,-10.913654908492934,-11.717279683429002,-0.05199737644853011,3.129751017436854,0.04023742244721833,True,-19.607564861784375,-17.42302678170373,69.13821312928715,34.82847232096904,23.53631034349987,-2.9778235858614495
2026-07-27T21:51:54.733+00:00,59.500000,102861.200000,1.217944,4095,1,02,80,FFFFFFFF,32,2.92642839,3.04282561,2.20739073,1.34734353,1.09991997,0.48088301,2.20793339,1.18970458,1.04459151,1.49777067,2.20767283,0.88821560,1.00763300,0.95756313,2.20500217,0.63879341,1.97832379,0.97568401,2.20465207,1.00268347,0.76558297,0.81001886,2.20470726,1.17400667,1.81612449,1.35785831,2.20686451,1.13985364,1.05889326,0.80738691,2.20768757,0.70926234,SD 02 80 FFFFFFFF 91DA7A 944B4E 7FECA5 60F5C1 551247 2DBFD3 7FF0AC 5995E6 522A64 676990 7FEEBD 496444 502B3C 4D63B7 7FDAE8 396755 78EB72 4E67CE 7FD84E 4FE5E3 41DDA7 44A9D6 7FD8B7 58D046 737A4F 616DBE 7FE8BD 571BEA 52ED17 448001 7FEED9 3E3297 7CB7A9 000FFF 01 0FB204,2026-07-27T21:51:54.555+00:00,serial_request_midpoint,356.396,True,matched,46.0694,46.0694,2026-07-27T21:51:54.601+00:00,37.058714,1785189114519.771,1114,False,,,,,,,,,,,,,,False,,,,,,,,,,,,,,True,0.3537607754772961,-22.93274565742702,16.598088901905044,55.3630746589197,0.12797688739189816,-0.07740143510010104,-2.9993309008867426,36.365933469294475,-10.498647075981745,-16.699435849904,0.06009783581347906,-0.03409331871411562,0.043630244497904404,False,,,,,,,,,,,,,,False,,,,,,,,,,,,,,False,,,,,,,,,,,,,,True,0.056850291026423354,12.130863536315093,9.381423202523546,76.10040601365588,0.17653868815483448,0.01933923309934258,-3.0380868398801066,0.0,-1.4210854715202005e-15,-1.1368683772161604e-14,0.0,0.0,0.0,True,2,0.35376077547729173,-23.578072562215574,16.82936689221843,60.370148317907464,3.1106576468251426,0.20411919976946818,0.16693325551375565,36.39966891250011,-10.82736605388223,-11.656467606615502,-0.05367090669819293,3.1301480782499866,0.04703978362110839,True,-19.64096577249513,-17.421300539263413,69.14296345083457,34.82007719546747,23.582752899204806,-2.7671527638376348
2026-07-27T21:51:55.289+00:00,60.700000,102862.400000,1.219164,4095,1,02,80,FFFFFFFF,32,2.92626118,3.04272961,2.20703446,1.34727084,1.09987890,0.48089902,2.20533181,1.18963632,1.04460236,1.49778513,2.20725179,0.88821042,1.00766176,0.95757017,2.20493961,0.63879276,1.97833420,0.97563857,2.20727126,1.00264923,0.76556673,0.81000336,2.20798498,1.17391587,1.81616209,1.35775463,2.20547168,1.13977647,1.05884830,0.80738028,2.20741073,0.70923384,SD 02 80 FFFFFFFF 91D98F 944ACD 7FEA00 60F4EC 5511BC 2DC025 7FDD5B 59950B 522A8A 6769B7 7FEB9D 496430 502BA3 4D63D1 7FDA71 396752 78EB88 4E6728 7FEBC2 4FE568 41DD63 44A997 7FF10E 58CF20 737AA5 616C90 7FDE65 571AEB 52EC7B 447FE6 7FECCB 3E321B 7CD7AA 000FFF 01 0FB210,2026-07-27T21:51:55.111+00:00,serial_request_midpoint,355.7597,True,matched,15.25645,15.25645,2026-07-27T21:51:55.127+00:00,37.584178,1785189115053.131,1130,False,,,,,,,,,,,,,,False,,,,,,,,,,,,,,True,0.34183922558705526,-22.903933562173012,16.576999822142803,55.288254335924805,0.12359705554943945,-0.07292297796734165,-2.998846438081705,36.34909292981941,-10.65800093038111,-16.73203926558948,0.047360602261788516,-0.036608005750126724,0.04355892857591256,False,,,,,,,,,,,,,,False,,,,,,,,,,,,,,False,,,,,,,,,,,,,,True,0.08630991122950506,12.134085526897573,9.388408439352999,76.15622143583865,0.17717885687093438,0.004706218772295316,-3.037842399179832,-2.842170943040401e-15,0.0,0.0,0.0,0.0,0.0,True,2,0.34183922558706914,-23.533860093894134,16.794114753866893,60.2979226532521,3.113777880239283,0.2054014795089219,0.16253595424019457,36.36867287989841,-10.922791282679578,-11.685235755102747,-0.053221226543559125,3.127819852631783,0.027103749714391823,True,-19.54164149374853,-17.4770672948794,68.96507826293684,34.77763342483688,23.597777665296686,-3.237145574913916
2026-07-27T21:51:55.845+00:00,61.300000,102863.000000,1.219164,4095,1,02,80,FFFFFFFF,32,2.92622561,3.04270580,2.20744914,1.34725445,1.09990815,0.48088848,2.20544118,1.18961762,1.04464065,1.49776214,2.20717023,0.88813017,1.00763551,0.95755177,2.20535495,0.63878510,1.97835218,0.97558520,2.20472513,1.00260553,0.76553879,0.81001616,2.20487863,1.17397455,1.81615990,1.35780853,2.20457533,1.13974439,1.05873707,0.80736334,2.20487390,0.70922051,SD 02 80 FFFFFFFF 91D95D 944AAD 7FED14 60F4BC 55121F 2DBFEF 7FDE2B 5994CF 522B10 676979 7FEB02 4962FA 502B45 4D638D 7FDD87 39672F 78EBAE 4E6665 7FD8D9 4FE4CB 41DCEE 44A9CB 7FD9FD 58CFDE 737AA0 616D2D 7FD7BC 571A81 52EAF9 447FA1 7FD9F4 3E31E1 7CD7AA 000FFF 01 0FB216,2026-07-27T21:51:55.667+00:00,serial_request_midpoint,356.1547,True,matched,74.24045,74.24045,2026-07-27T21:51:55.741+00:00,38.19943,1785189115686.51,1149,False,,,,,,,,,,,,,,False,,,,,,,,,,,,,,True,0.3181228530731543,-22.955036474244444,16.614050774624573,55.408710614660734,0.13489365414524587,-0.0832894132210315,-2.9977734818859787,36.3849717413599,-10.630358985460141,-16.588931341706164,0.05888564783467785,-0.03010555360521046,0.04432028312607585,False,,,,,,,,,,,,,,False,,,,,,,,,,,,,,False,,,,,,,,,,,,,,True,0.05195313314770312,12.13215362839769,9.383859603231942,76.11322147981569,0.17773814062770185,0.011301874970143387,-3.037596862555169,0.0,0.0,0.0,0.0,0.0,0.0,True,2,0.31812285307317306,-23.624984833289197,16.86290533065155,60.41170607727346,3.106251614892986,0.20575416244396943,0.1739338975331766,36.43881902312787,-10.952430674573503,-11.545708831238915,-0.05489010465319189,3.134126176290054,0.04515647283928034,True,-19.694416021395167,-17.351264168206818,69.32868701537711,34.86705941740096,23.46807867281235,-2.695317724599795
2026-07-27T21:51:56.403+00:00,62.400000,102864.100000,1.216723,4095,1,02,80,FFFFFFFF,32,2.92615944,3.04285686,2.20462369,1.34715378,1.09987358,0.48087461,2.20445812,1.18960577,1.04455037,1.49774360,2.20471777,0.88815218,1.00760703,0.95753174,2.20445286,0.63876999,1.97828169,0.97555126,2.20461054,1.00258019,0.76552303,0.81000090,2.20469570,1.17390784,1.81611444,1.35764409,2.20466994,1.13965724,1.05866647,0.80736211,2.20720811,0.70921385,SD 02 80 FFFFFFFF 91D900 944B78 7FD818 60F395 5511AA 2DBFA8 7FD6DD 5994A9 5229D4 676947 7FD8CB 49634F 502ADF 4D6343 7FD6D3 3966EA 78EB19 4E65E9 7FD7FF 4FE470 41DCAC 44A98D 7FD8A1 58CF06 737A38 616B4E 7FD870 571961 52EA04 447F9C 7FEB4A 3E31C4 7C97A9 000FFF 01 0FB221,2026-07-27T21:51:56.224+00:00,serial_request_midpoint,356.562,True,matched,32.0136,32.0136,2026-07-27T21:51:56.256+00:00,38.714185,1785189116186.556,1164,False,,,,,,,,,,,,,,False,,,,,,,,,,,,,,True,0.32649794898401835,-22.91878702628124,16.580975659561066,55.31770346691322,0.12688249168436325,-0.0731939211378463,-2.9978635969117446,36.37752885571255,-10.576835710196487,-16.680494994476465,0.054356936310123054,-0.036369008529373525,0.04364147516144085,False,,,,,,,,,,,,,,False,,,,,,,,,,,,,,False,,,,,,,,,,,,,,True,0.025027641500104274,12.132640399370924,9.386782674675434,76.12813343051327,0.179328574040511,0.015099782303564135,-3.0365887851242173,2.842170943040401e-15,0.0,0.0,0.0,0.0,0.0,True,2,0.32649794898400863,-23.5599064157496,16.797907040457083,60.3259596225163,3.113333801802283,0.20675190897217546,0.1659495579320136,36.39912321041445,-10.876870797828435,-11.635672336965047,-0.053490070773706794,3.1279714242432286,0.03804454513044519,True,-19.556257001431234,-17.469058706795202,69.00450584731772,34.8038577102043,23.583489024866996,-2.946020813092184
2026-07-27T21:51:56.959+00:00,63.000000,102864.700000,1.218554,4095,2,02,80,FFFFFFFF,32,2.92611675,3.04291342,2.20720338,1.34706846,1.09978849,0.48085235,2.20800446,1.18960858,1.04451780,1.49773470,2.20769178,0.88812810,1.00758385,0.95752931,2.20555003,0.63875686,1.97815348,0.97554305,2.20483184,1.00257212,0.76554858,0.81002476,2.20455168,1.17404867,1.81621062,1.35799427,2.20713128,1.13982035,1.05870162,0.80739379,2.20729179,0.70926602,SD 02 80 FFFFFFFF 91D8C4 944BC4 7FEB41 60F29B 55108A 2DBF36 7FF133 5994B2 522962 67692F 7FEEE1 4962F2 502A8C 4D633A 7FDEFA 3966AE 78EA0A 4E65CB 7FD9A4 4FE453 41DD17 44A9EE 7FD78F 58D0CE 737B14 616F4A 7FEAB8 571B7C 52EA7E 44801D 7FEBE9 3E32A7 7CC7A9 000FFF 02 0FB227,2026-07-27T21:51:56.781+00:00,serial_request_midpoint,355.758,True,matched,83.6677,83.6677,2026-07-27T21:51:56.864+00:00,39.322474,1785189116786.606,1182,False,,,,,,,,,,,,,,False,,,,,,,,,,,,,,True,0.3355234538852079,-22.907916833609914,16.578588513755722,55.30081090968847,0.12365159330070061,-0.07278337072902084,-2.999081011546856,36.3517379109278,-10.53482313574505,-16.68136974019144,0.054808056232472396,-0.03778083503351141,0.04337618181033297,False,,,,,,,,,,,,,,False,,,,,,,,,,,,,,False,,,,,,,,,,,,,,True,0.06081951471909136,12.125300052146873,9.380525768464604,76.07485845477623,0.17818655791797247,0.01626579736764738,-3.0374733723222214,2.842170943040401e-15,-1.4210854715202005e-15,0.0,0.0,0.0,0.0,True,2,0.33552345388526583,-23.53793739530759,16.79530675606778,60.310484580047046,3.1138925904067256,0.20504298767514087,0.16259346025419574,36.366212516449025,-10.837319619389572,-11.636668624032586,-0.053027168482514334,3.1265650389402304,0.038748489964701247,True,-19.55379095570059,-17.47772066576598,68.97405677759622,34.76898071367995,23.61927644238162,-2.93246543612928
2026-07-27T21:51:57.516+00:00,64.200000,102865.900000,1.217944,4095,2,02,80,FFFFFFFF,32,2.92773159,3.04394880,2.20743283,1.34758417,1.09990785,0.48090234,2.20816871,1.18964785,1.04478750,1.49777808,2.20785864,0.88820240,1.00765617,0.95759858,2.20795445,0.63878903,1.97826418,0.97556604,2.20748020,1.00267122,0.76557175,0.81005084,2.20546116,1.17411539,1.81611662,1.35805230,2.20465102,1.13974863,1.05874139,0.80733707,2.20494276,0.70929383,SD 02 80 FFFFFFFF 91E1A1 945133 7FECF5 60F882 55121E 2DC036 7FF26B 599530 522D12 6769A4 7FF01E 496411 502B8F 4D643A 7FF0D4 396741 78EAF4 4E661F 7FED4F 4FE5B7 41DD78 44AA58 7FDE51 58D1A6 737A3D 616FF3 7FD84C 571A8F 52EB08 447F36 7FDA77 3E3320 7CB7A9 000FFF 02 0FB233,2026-07-27T21:51:57.338+00:00,serial_request_midpoint,356.9847,True,matched,32.93775,32.93775,2026-07-27T21:51:57.370+00:00,39.828562,1785189117319.983,1198,False,,,,,,,,,,,,,,False,,,,,,,,,,,,,,True,0.3135049353971808,-22.929822866984885,16.595128181210903,55.352541056724576,0.12592204283533595,-0.07607965136290903,-2.998737030684669,36.37005439320713,-10.69613335515862,-16.581058396700882,0.050314060365683956,-0.036505194626863385,0.04291845849423668,False,,,,,,,,,,,,,,False,,,,,,,,,,,,,,False,,,,,,,,,,,,,,True,0.0677959218367135,12.130684717309554,9.382845482195483,76.10979061132845,0.17905773330436311,0.005989769536839781,-3.0369604148538225,-2.842170943040401e-15,-1.4210854715202005e-15,0.0,0.0,0.0,0.0,True,2,0.31350493539713153,-23.568191031300593,16.8222375403488,60.3606974478687,3.111567771821481,0.2052392615602472,0.16485319516212585,36.39039155781201,-10.975878260494731,-11.535064718538786,-0.05227909304772592,3.1279182502914793,0.03173469647694436,True,-19.59432229904739,-17.432116303936745,69.10248929745242,34.82099896053476,23.52044390204773,-2.984504569294677
2026-07-27T21:51:58.072+00:00,64.700000,102866.400000,1.218554,4095,2,02,80,FFFFFFFF,32,2.92781773,3.04426002,2.20449439,1.34780537,1.09977519,0.48088613,2.20456114,1.18963071,1.04481836,1.49774434,2.20725548,0.88821897,1.00768577,0.95762240,2.20743336,0.63880304,1.97825898,0.97559068,2.20779284,1.00269850,0.76555861,0.81004346,2.20560682,1.17410087,1.81613105,1.35812475,2.20733652,1.13975831,1.05876098,0.80735303,2.20768599,0.70927430,SD 02 80 FFFFFFFF 91E21A 9452D5 7FD722 60FB0A 55105D 2DBFE3 7FD7A1 5994F9 522D7E 676949 7FEBA4 496451 502BF9 4D6492 7FECF6 396781 78EAE9 4E6679 7FEFA1 4FE619 41DD41 44AA3A 7FDF66 58D177 737A5E 6170C6 7FEC3E 571AAF 52EB4C 447F77 7FEED6 3E32CB 7CC7A9 000FFF 02 0FB238,2026-07-27T21:51:57.895+00:00,serial_request_midpoint,355.6817,True,matched,68.79525,68.79525,2026-07-27T21:51:57.963+00:00,40.421567,1785189117886.632,1215,False,,,,,,,,,,,,,,False,,,,,,,,,,,,,,True,0.3669037622129611,-22.91839427243737,16.581585081184873,55.31700061885148,0.12652395847374287,-0.07621407682840158,-2.9983575559838975,36.33925088250446,-10.573827817836737,-16.844560324106645,0.05466317370355673,-0.03297348497651952,0.04395873110336967,False,,,,,,,,,,,,,,False,,,,,,,,,,,,,,False,,,,,,,,,,,,,,True,0.040685551454343695,12.141628851898542,9.39141125750366,76.1780260213001,0.1739142579049144,0.012160645577570937,-3.0378279875108904,2.842170943040401e-15,0.0,0.0,0.0,0.0,0.0,True,2,0.36690376221292453,-23.558881376528298,16.80887428806198,60.32487829495096,3.1114087014429423,0.2057905662913676,0.1654784692393723,36.37807462281175,-10.874987040103274,-11.799907831330007,-0.05412895568574911,3.131346295608393,0.0385331005683628,True,-19.576320710537164,-17.443343575375415,69.07108299810473,34.798025342376164,23.58275595377838,-3.0971090417943854
2026-07-27T21:51:58.631+00:00,65.900000,102867.600000,1.219775,4095,2,02,80,FFFFFFFF,32,2.92745253,3.04396221,2.20750335,1.34775792,1.09977431,0.48086543,2.20532813,1.18962697,1.04481721,1.49772803,2.20669193,0.88820809,1.00768745,0.95761482,2.20726968,0.63878356,1.97832947,0.97559396,2.20755230,1.00266287,0.76555694,0.81003608,2.20791918,1.17408821,1.81610963,1.35798981,2.20769494,1.13969839,1.05872237,0.80734050,2.20784548,0.70926648,SD 02 80 FFFFFFFF 91E019 945145 7FED7B 60FA7F 55105A 2DBF79 7FDD54 5994ED 522D7A 67691D 7FE775 496427 502BFF 4D6476 7FEBBF 396728 78EB7E 4E6685 7FEDD8 4FE599 41DD3A 44AA1C 7FF091 58D14E 737A2D 616F3D 7FEEE7 5719E9 52EAC6 447F44 7FF005 3E32A9 7CE7AA 000FFF 02 0FB244,2026-07-27T21:51:58.452+00:00,serial_request_midpoint,358.395,True,matched,96.8511,96.8511,2026-07-27T21:51:58.549+00:00,41.006844,1785189118486.627,1233,False,,,,,,,,,,,,,,False,,,,,,,,,,,,,,True,0.2663113322829546,-20.51001148250322,15.359413205960285,54.491935534602476,0.4884006722736474,-0.18652140462327668,-2.954814412298365,34.23174325320721,-8.95627304531111,-17.65553129469489,0.14715278089045478,0.2003003660942988,0.05429586845378401,False,,,,,,,,,,,,,,False,,,,,,,,,,,,,,False,,,,,,,,,,,,,,True,0.058081442346476456,12.118956710616278,9.373252246364467,76.01543826840074,0.18116865272974259,0.02419125134756662,-3.038178802905028,0.0,0.0,-1.1368683772161604e-14,0.0,0.0,0.0,True,2,0.26631133227991105,-22.353981088501925,15.857547106283022,59.170861932335775,2.9963678793685293,0.21015451838941174,0.5290529998100623,35.44739595657054,-9.680484662738323,-12.803890380128745,0.07250425590174737,-2.9120243617485455,-0.16983078083392544,True,-20.65612576644515,-17.79707301524927,70.57503426148207,35.661410057629006,23.86180920829017,-0.9531505481072259
2026-07-27T21:51:59.187+00:00,67.100000,102868.800000,1.218554,4095,2,02,80,FFFFFFFF,32,2.92715215,3.04373291,2.20752862,1.34769716,1.09978081,0.48084161,2.20776863,1.18957211,1.04478064,1.49778179,2.20778495,0.88821612,1.00765087,0.95761617,2.20756651,0.63877612,1.97829777,0.97554141,2.20767020,1.00260998,0.76554094,0.81003313,2.20511257,1.17406010,1.81609739,1.35797127,2.20702815,1.13965360,1.05865206,0.80737684,2.20739283,0.70925246,SD 02 80 FFFFFFFF 91DE73 945011 7FEDAB 60F9CD 551070 2DBEFF 7FEF73 59943D 522CFA 6769AE 7FEF92 496446 502B7C 4D647B 7FEDF3 396706 78EB3B 4E65C5 7FEEB8 4FE4DB 41DCF7 44AA10 7FDBBA 58D0F3 737A11 616F07 7FE9F4 571955 52E9D2 447FD8 7FECA9 3E326C 7CC7AA 000FFF 02 0FB250,2026-07-27T21:51:59.010+00:00,serial_request_midpoint,355.8554,True,matched,38.0898,38.0898,2026-07-27T21:51:59.047+00:00,41.505539,1785189118986.661,1248,False,,,,,,,,,,,,,,False,,,,,,,,,,,,,,True,0.30490216971970224,-22.72087614228993,12.768599966316396,50.90249623923715,0.210129112285955,-0.32309321677166325,-2.9846990760261836,37.136244669763535,-6.532114986995685,-20.815908647378773,0.23015895774284942,0.0073257963899881805,0.049029269297676314,False,,,,,,,,,,,,,,False,,,,,,,,,,,,,,False,,,,,,,,,,,,,,True,0.022000054714795953,12.111050160131454,9.369832900507632,76.00740690800774,0.1847054937406533,0.026511305701281407,-3.037917874148192,0.0,-1.4210854715202005e-15,1.1368683772161604e-14,0.0,0.0,0.0,True,2,0.3049021697197571,-23.686520952928657,13.79336248290745,55.7561665447637,2.9428932683892275,0.1889165371971973,0.24059718326542484,37.40050684630357,-7.702473106232594,-15.90661634346568,0.06574778955149303,-3.094040497579778,-0.3102573803603468,True,-20.882608250976723,-18.65823047452435,70.06013462418643,36.023119798785174,24.70207149134651,-1.2908847819945095
2026-07-27T21:51:59.743+00:00,67.600000,102869.300000,1.217944,4095,2,02,80,FFFFFFFF,32,2.92711229,3.04377088,2.20508208,1.34763196,1.09978996,0.48083829,2.20503634,1.18960889,1.04470778,1.49771505,2.20456166,0.88820654,1.00766567,0.95760264,2.20491595,0.63876802,1.97833089,0.97554196,2.20723285,1.00259884,0.76554882,0.80999475,2.20802499,1.17404435,1.81607290,1.35793487,2.20795234,1.13962153,1.05864687,0.80736162,2.20810975,0.70923545,SD 02 80 FFFFFFFF 91DE3B 945044 7FDB80 60F90E 55108F 2DBEEE 7FDB29 5994B3 522BFB 6768FA 7FD7A2 496421 502BB1 4D6449 7FDA44 3966E1 78EB81 4E65C7 7FEB79 4FE4B3 41DD18 44A974 7FF15A 58D0C0 7379D9 616E9D 7FF0D0 5718EB 52E9C0 447F9A 7FF1FB 3E3222 7CB7AA 000FFF 02 0FB255,2026-07-27T21:51:59.565+00:00,serial_request_midpoint,355.9154,True,matched,51.3056,51.3056,2026-07-27T21:51:59.617+00:00,42.074829,1785189119553.365,1265,False,,,,,,,,,,,,,,False,,,,,,,,,,,,,,True,0.5018933370228762,-23.36215840366578,11.406276099197171,49.25695992079145,0.16407310755904886,-0.3966633678737754,-2.908251613339061,37.9727850074302,-5.354506308833583,-22.64619753815226,0.27552132379206223,-0.016952996802545646,0.12001285133025774,False,,,,,,,,,,,,,,False,,,,,,,,,,,,,,False,,,,,,,,,,,,,,True,0.04405653520924781,12.128785096605398,9.376761385812038,76.08469559597619,0.17488609610258926,0.019871054605915834,-3.037412545978171,0.0,0.0,-1.1368683772161604e-14,0.0,0.0,0.0,True,2,0.5018933370220247,-24.24908974464217,12.67063113747641,54.068973901624666,2.883911904252041,0.28799725362795137,0.19420076222108817,38.17157684631373,-6.73604202679644,-17.78898019867189,0.1773390383753321,-3.106959408890214,-0.3820984724191211,True,-18.97321295633473,-18.589953033358434,70.20936782943502,34.16183463241233,24.775349357845425,-1.772566894997317
2026-07-27T21:52:00.301+00:00,68.700000,102870.400000,1.219164,4095,2,02,80,FFFFFFFF,32,2.92687885,3.04361827,2.20772442,1.34758280,1.09978081,0.48084922,2.20813975,1.18958582,1.04469721,1.49773359,2.20807711,0.88820007,1.00763830,0.95758532,2.20776179,0.63876102,1.97822728,0.97553156,2.20748862,1.00266287,0.76553067,0.81001443,2.20765967,1.17399647,1.81602919,1.35785213,2.20776389,1.13955465,1.05858204,0.80732823,2.20813554,0.70922327,SD 02 80 FFFFFFFF 91DCF3 944F77 7FEF1F 60F87E 551070 2DBF26 7FF234 599469 522BD6 67692C 7FF1BD 496408 502B4F 4D6409 7FEF66 3966C1 78EAA6 4E65A1 7FED5F 4FE599 41DCCC 44A9C4 7FEEA4 58D025 737975 616DAC 7FEF6A 57180E 52E8DF 447F12 7FF22C 3E31ED 7CD7AA 000FFF 02 0FB260,2026-07-27T21:52:00.122+00:00,serial_request_midpoint,357.3031,True,matched,82.06425,82.06425,2026-07-27T21:52:00.204+00:00,42.662368,1785189120153.403,1283,False,,,,,,,,,,,,,,False,,,,,,,,,,,,,,True,0.14933239238233373,-23.24333106997267,12.465878936872103,47.14967569315103,0.14602171463108535,-0.43729544570529855,-2.9244242933122355,38.03587928268015,-6.506731793732017,-24.651564452838347,0.2964775966336166,-0.03237638389582711,0.10144673591137698,False,,,,,,,,,,,,,,False,,,,,,,,,,,,,,False,,,,,,,,,,,,,,True,0.0776913263638249,12.125618575510753,9.373466919991076,76.06748491701396,0.17810819792907387,0.01183720173647192,-3.03788823508853,0.0,1.4210854715202005e-15,-1.1368683772161604e-14,0.0,0.0,0.0,True,2,0.149332392382311,-24.06448760952519,13.873018614217472,51.933647184457264,2.8617758985700075,0.25601524223374694,0.1747708740280921,38.15048984113366,-7.997509767284937,-19.824021722100404,-0.14821616969262236,3.1016723569237525,0.4148248096170593,True,-19.39813862282377,-17.081166082970242,68.83438538131864,34.58570230093265,23.232168504475386,-3.1635655588461304
2026-07-27T21:52:00.857+00:00,69.300000,102871.000000,1.217333,4095,2,02,80,FFFFFFFF,32,2.92688241,3.04347833,2.20719969,1.34754969,1.09976396,0.48082266,2.20737967,1.18960265,1.04466550,1.49772618,2.20741967,0.88817780,1.00764808,0.95754582,2.20774389,0.63876649,1.97816247,0.97551979,2.20780127,1.00263392,0.76553832,0.81000213,2.20787391,1.17397671,1.81600820,1.35780921,2.20775810,1.13953014,1.05854775,0.80734689,2.20793918,0.70921454,SD 02 80 FFFFFFFF 91DCF8 944EBB 7FEB3A 60F81D 551037 2DBE9E 7FEC90 59949F 522B67 676918 7FECDC 4963B2 502B72 4D6377 7FEF44 3966DA 78EA1D 4E6576 7FEFB1 4FE531 41DCEC 44A992 7FF03B 58CFE5 737945 616D2F 7FEF5F 5717BD 52E868 447F5E 7FF0B7 3E31C7 7CA7AA 000FFF 02 0FB266,2026-07-27T21:52:00.679+00:00,serial_request_midpoint,356.0903,True,matched,91.65785,91.65785,2026-07-27T21:52:00.771+00:00,43.228835,1785189120720.05,1300,False,,,,,,,,,,,,,,False,,,,,,,,,,,,,,True,0.03626325169471805,-23.106631791122147,12.232491496242174,46.01408055751629,0.19892189703495852,-0.5121257257208887,-2.903164841096135,38.00107613846429,-6.24893110387341,-25.97058549288215,0.35113099110164747,0.0035982463844869213,0.10974075698361999,False,,,,,,,,,,,,,,False,,,,,,,,,,,,,,False,,,,,,,,,,,,,,True,0.03573835109048852,12.125958852381936,9.37828529900602,76.14911501902546,0.17444723451630653,0.01405919225250269,-3.0369991279676105,2.842170943040401e-15,0.0,0.0,0.0,0.0,0.0,True,2,0.03626325169472584,-24.129190041184586,13.861602151650095,50.68752641063806,2.8060332377762367,0.26242495254278286,0.22358613519913298,38.31513721273874,-7.988293631925511,-21.235957029947677,0.16186466641403643,-3.0705052909661403,-0.4961626405613914,True,-19.874531848332243,-16.185014228571156,69.25281774942299,34.94596685724504,22.267607861339563,-2.829424747150597
2026-07-27T21:52:01.414+00:00,70.400000,102872.100000,1.217944,4095,2,02,80,FFFFFFFF,32,2.92695358,3.04361306,2.20807184,1.34744217,1.09975362,0.48085371,2.20816345,1.18953502,1.04467379,1.49773359,2.20782495,0.88816408,1.00763216,0.95756530,2.20788391,0.63876518,1.97825756,0.97553430,2.20764757,1.00260970,0.76552733,0.80999746,2.20776705,1.17393748,1.81600427,1.35779685,2.20727284,1.13948294,1.05846045,0.80731644,2.20775073,0.70921362,SD 02 80 FFFFFFFF 91DD5C 944F70 7FF1B3 60F6E2 551014 2DBF3D 7FF261 5993C6 522B84 67692C 7FEFDE 49637D 502B39 4D63BF 7FF04E 3966D4 78EAE6 4E65AB 7FEE8D 4FE4DA 41DCBE 44A97F 7FEF70 58CF66 73793C 616D0B 7FEBC5 571721 52E739 447EE2 7FEF51 3E31C3 7CB7A9 000FFF 02 0FB271,2026-07-27T21:52:01.236+00:00,serial_request_midpoint,356.7945,True,matched,100.54545,100.54545,2026-07-27T21:52:01.337+00:00,43.794823,1785189121286.664,1317,False,,,,,,,,,,,,,,False,,,,,,,,,,,,,,True,0.06158485164038687,-22.269585600396674,13.344584017140306,44.945655757876,0.2618192888413613,-0.5735071980759869,-2.9102641172295427,37.08845175566757,-7.340097663436346,-26.89339065988283,0.3895541250822248,0.03832034554275808,0.09103619155080542,False,,,,,,,,,,,,,,False,,,,,,,,,,,,,,False,,,,,,,,,,,,,,True,0.051469233315050926,11.875362207017545,9.375687190642736,76.10741350252054,0.18332564737532794,0.00842499938863408,-3.0371405646586545,-2.842170943040401e-15,0.0,1.1368683772161604e-14,0.0,0.0,0.0,True,2,0.06158485164038598,-23.486435728152085,15.149959846110695,49.506425100183264,2.764073406704801,0.22865836293662792,0.2801241433920445,37.56469195938926,-9.254986565242051,-22.240744222307843,0.1328442299269157,-3.027390837467455,-0.5492341918893032,True,-20.67201706252763,-14.30597892643473,69.25479296526996,35.303133124884845,20.34348625595293,-2.6349523988897774
2026-07-27T21:52:01.971+00:00,71.000000,102872.700000,1.218554,4095,2,02,80,FFFFFFFF,32,2.92689806,3.04346195,2.20777284,1.34735479,1.09968804,0.48083809,2.20808921,1.18952972,1.04461322,1.49769874,2.20781495,0.88812551,1.00762853,0.95755123,2.20791181,0.63875489,1.97814260,0.97548175,2.20771547,1.00261638,0.76551229,0.80998418,2.20757493,1.17393594,1.81604842,1.35771206,2.20755178,1.13948143,1.05849704,0.80732503,2.20761230,0.70918765,SD 02 80 FFFFFFFF 91DD0E 944EA5 7FEF7B 60F5E2 550F36 2DBEED 7FF1D4 5993B5 522AB0 6768CE 7FEFCB 4962E8 502B2C 4D638B 7FF083 3966A5 78E9F3 4E64EB 7FEF0E 4FE4F2 41DC7F 44A949 7FEE03 58CF61 7379A1 616C14 7FEDD7 57171C 52E7B8 447F05 7FEE4A 3E3152 7CC7A9 000FFF 02 0FB277,2026-07-27T21:52:01.793+00:00,serial_request_midpoint,355.8028,True,matched,35.0829,35.0829,2026-07-27T21:52:01.828+00:00,44.286188,1785189121753.31,1331,False,,,,,,,,,,,,,,False,,,,,,,,,,,,,,True,0.029896547472960635,-23.04485772827781,11.979152368086838,45.47438017800965,0.26973591942269554,-0.612242688944335,-2.918310834177389,37.829330177084486,-5.982731400413622,-26.47043973376649,0.41608788398726393,0.04473073583350945,0.07704813500240482,False,,,,,,,,,,,,,,False,,,,,,,,,,,,,,False,,,,,,,,,,,,,,True,0.05352164777795406,11.830929847409259,9.381338686366078,76.20655031625321,0.17924361248956822,0.009672712306960892,-3.038420918147842,0.0,0.0,0.0,0.0,0.0,0.0,True,2,0.029896547472939947,-24.274688530171872,13.906191478691458,49.98156993488553,2.740642868504056,0.20489451732133693,0.2849523701613584,38.32744537795408,-8.023527366209212,-21.873945840348473,0.11177687673167153,-3.0141348766804423,-0.5884281848401499,True,-22.14454908729151,-15.142576528610252,70.40711516491545,36.64291647060206,21.08247283327671,-1.4883031112126333
2026-07-27T21:52:02.529+00:00,72.200000,102873.900000,1.216112,4095,2,02,80,FFFFFFFF,32,2.92674719,3.04334509,2.20515989,1.34730189,1.09967504,0.48082149,2.20506473,1.18945117,1.04461608,1.49770986,2.20676980,0.88813587,1.00762574,0.95752336,2.20731968,0.63875073,1.97804515,0.97544426,2.20473039,1.00256266,0.76551611,0.81000238,2.20496011,1.17395910,1.81610045,1.35776767,2.20707708,1.13942575,1.05843884,0.80733436,2.20791707,0.70916811,SD 02 80 FFFFFFFF 91DC3A 944E08 7FDC14 60F547 550F0A 2DBE98 7FDB5F 5992B9 522ABA 6768EC 7FE809 496310 502B22 4D6324 7FEC1E 396692 78E925 4E6462 7FD8E3 4FE431 41DC8F 44A993 7FDA98 58CFAC 737A18 616CB6 7FEA51 571664 52E6EE 447F2B 7FF08D 3E30FD 7C87A8 000FFF 02 0FB283,2026-07-27T21:52:02.350+00:00,serial_request_midpoint,357.3575,True,matched,54.70945,54.70945,2026-07-27T21:52:02.404+00:00,44.862569,1785189122353.282,1349,False,,,,,,,,,,,,,,False,,,,,,,,,,,,,,True,0.09581509126464,-22.070190480537995,10.107991354677244,44.1562224890883,0.33628499995493083,-0.6936705770808949,-2.9035248201587027,37.04909798611226,-4.147507391126913,-27.616188713445695,0.4710471370885085,0.07766654404954736,0.07016333754512996,False,,,,,,,,,,,,,,False,,,,,,,,,,,,,,False,,,,,,,,,,,,,,True,0.09058886377681041,11.431046148500904,9.379875597839957,76.24404494512967,0.19285879220852484,0.007465733091898607,-3.0346519871345734,0.0,-1.4210854715202005e-15,0.0,0.0,0.0,0.0,True,2,0.09581509126463147,-23.51123096514549,12.264275980340871,48.493798072720054,2.68055725960467,0.18990945258379904,0.3417665784442793,37.70657830957276,-6.431514363634818,-23.156171361162517,0.1018336939666747,-2.9651277700945196,-0.6642123851332017,True,-22.564663293675046,-15.721989604439182,70.43563625901683,36.7985023670307,21.540492610358516,-1.1945334745750642
2026-07-27T21:52:03.086+00:00,72.700000,102874.400000,1.219164,4095,2,02,80,FFFFFFFF,32,2.92661696,3.04328629,2.20750862,1.34722067,1.09970458,0.48080860,2.20755862,1.18945647,1.04458065,1.49769577,2.20524138,0.88813794,1.00763411,0.95750225,2.20501584,0.63875336,1.97808015,0.97541497,2.20426314,1.00256405,0.76551444,0.80998492,2.20473933,1.17391957,1.81599203,1.35774433,2.20463577,1.13941002,1.05842962,0.80738225,2.20476561,0.70918696,SD 02 80 FFFFFFFF 91DB83 944DB9 7FED85 60F459 550F6E 2DBE56 7FEDE4 5992CA 522A3E 6768C6 7FDCAF 496318 502B40 4D62D6 7FDB02 39669E 78E96F 4E63F7 7FD56A 4FE436 41DC88 44A94C 7FD8F4 58CF2C 737920 616C72 7FD82F 571630 52E6CE 447FEE 7FD926 3E314F 7CD7A8 000FFF 02 0FB288,2026-07-27T21:52:02.907+00:00,serial_request_midpoint,356.9968,True,matched,71.9106,71.9106,2026-07-27T21:52:02.979+00:00,45.437106,1785189122919.947,1366,False,,,,,,,,,,,,,,False,,,,,,,,,,,,,,True,0.1441295926873112,-23.157307799694742,9.089468699537637,43.75159874464477,0.2648802077367585,-0.7058436785483174,-2.910229767337269,38.07981576901129,-3.498925589846718,-28.116416254658258,0.4688789031111762,0.034546658932009505,0.0658628074345903,False,,,,,,,,,,,,,,False,,,,,,,,,,,,,,False,,,,,,,,,,,,,,True,0.10933393170421403,11.381489828205387,9.377892805773472,76.30672095673667,0.18526734024556418,-0.00506376857476367,-3.03469405769712,0.0,0.0,0.0,0.0,0.0,0.0,True,2,0.14412959268733735,-24.37060568853527,11.30717675199594,48.127715999895884,2.680242756802419,0.18563195804845747,0.2754169612901843,38.52349731303791,-5.785956166744941,-23.63162408193358,0.09561103085082222,-3.0077094149235344,-0.6702169032723226,True,-22.82222698431617,-16.480832094522224,70.28624488757923,37.11863539528112,22.225451174670376,-1.7464981632305239
2026-07-27T21:52:03.644+00:00,73.900000,102875.600000,1.219164,4095,2,02,80,FFFFFFFF,32,2.92673153,3.04324089,2.20476245,1.34725343,1.09977283,0.48083790,2.20734599,1.18942281,1.04460465,1.49769058,2.20722074,0.88814130,1.00759586,0.95753229,2.20788549,0.63875927,1.97812131,0.97545794,2.20728284,1.00251256,0.76550775,0.80998959,2.20492384,1.17392946,1.81593826,1.35774364,2.20432147,1.13935646,1.05837430,0.80734640,2.20732915,0.70917041,SD 02 80 FFFFFFFF 91DC24 944D7C 7FD920 60F4B9 551055 2DBEEC 7FEC50 59925E 522A92 6768B8 7FEB62 496325 502AB7 4D6345 7FF051 3966B9 78E9C6 4E6494 7FEBD8 4FE37D 41DC6C 44A95F 7FDA53 58CF4C 7378A5 616C70 7FD5D9 57157F 52E60E 447F5C 7FEC30 3E3107 7CD7A9 000FFF 02 0FB294,2026-07-27T21:52:03.465+00:00,serial_request_midpoint,358.2415,True,matched,92.87645,92.87645,2026-07-27T21:52:03.558+00:00,46.015869,1785189123486.616,1383,False,,,,,,,,,,,,,,False,,,,,,,,,,,,,,True,0.20524291062788683,-22.98971191741273,8.021615764520593,43.639201514737394,0.2766571634319609,-0.7187732012339598,-2.905611972923598,38.09438351861441,-2.1121462297221214,-28.132800379303056,0.48747245848763143,0.03937846673261509,0.06885106913171626,False,,,,,,,,,,,,,,False,,,,,,,,,,,,,,False,,,,,,,,,,,,,,True,0.051365004303276514,11.361618547938125,9.376688625208306,76.27733178200626,0.18884161523818874,0.009606857486164565,-3.034959234922244,0.0,1.4210854715202005e-15,0.0,0.0,0.0,0.0,True,2,0.20524291062793057,-24.242891047740283,10.27445784250918,47.98603571450824,2.670229977803989,0.18600233103434832,0.28560911031749353,38.5674371746438,-4.480001301173471,-23.693182656969157,0.10042044097670622,-2.996576361455999,-0.6970321223459178,True,-22.835655518891052,-17.3216026669112,70.39247334432574,37.15991428803709,23.11639700263309,-1.2871791152063223
2026-07-27T21:52:04.200+00:00,75.100000,102876.800000,1.219774,4095,2,02,80,FFFFFFFF,32,2.92680483,3.04334732,2.20756125,1.34727561,1.09977549,0.48085528,2.20554530,1.18946457,1.04459751,1.49769651,2.20485182,0.88810920,1.00759502,0.95750008,2.20683609,0.63875270,1.97812462,0.97544207,2.20510363,1.00250198,0.76550321,0.80999426,2.20732021,1.17396065,1.81597629,1.35775325,2.20733652,1.13932621,1.05838871,0.80734468,2.20790602,0.70916351,SD 02 80 FFFFFFFF 91DC8B 944E0B 7FEDE9 60F4FA 55105E 2DBF45 7FDEF1 5992E4 522A79 6768C8 7FD9CA 4962A9 502AB4 4D62CE 7FE887 39669B 78E9CD 4E645A 7FDBA9 4FE357 41DC59 44A972 7FEC1F 58CFB1 7378FC 616C8C 7FEC3E 57151B 52E640 447F55 7FF078 3E30E9 7CE7A8 000FFF 02 0FB2A0,2026-07-27T21:52:04.022+00:00,serial_request_midpoint,356.0396,True,matched,101.7104,101.7104,2026-07-27T21:52:04.124+00:00,46.582017,1785189124053.297,1400,False,,,,,,,,,,,,,,False,,,,,,,,,,,,,,True,0.23949460031628547,-22.948922981923594,6.352587678028929,43.58404993024975,0.26008498172580335,-0.7169084879354923,-2.9155876609993694,38.25794210382445,-0.4538807453754131,-28.03934327928394,0.48442237642505526,0.02607746306377171,0.06158010172837902,False,,,,,,,,,,,,,,False,,,,,,,,,,,,,,False,,,,,,,,,,,,,,True,0.02066409055960791,11.344593671997108,9.368578100781152,76.2174596595634,0.19186817029193134,0.009099509252629949,-3.0351388549211094,0.0,-1.4210854715202005e-15,1.1368683772161604e-14,0.0,0.0,0.0,True,2,0.23949460031626799,-24.137953026966894,8.605972860410812,47.948587223110124,2.6748592120831525,0.17517876765300666,0.27020917676658496,38.65748775410612,-2.8136543996769516,-23.58821369424957,0.08935611145705116,-3.010680878416637,-0.6955423361671397,True,-22.79668838756788,-19.064380015077155,70.26727660320637,37.280462662771626,24.859712080263638,-1.2754392299010306
2026-07-27T21:52:04.757+00:00,75.600000,102877.300000,1.219774,4095,2,02,80,FFFFFFFF,32,2.92670165,3.04331681,2.20754599,1.34726401,1.09971344,0.48086231,2.20782022,1.18942125,1.04459408,1.49770245,2.20781021,0.88809937,1.00756822,0.95749034,2.20772020,0.63873256,1.97815111,0.97545028,2.20739231,1.00248472,0.76549963,0.80999303,2.20793181,1.17395385,1.81596055,1.35760564,2.20779126,1.13928536,1.05831610,0.80732994,2.20779337,0.70912950,SD 02 80 FFFFFFFF 91DBFA 944DE2 7FEDCC 60F4D8 550F8C 2DBF69 7FEFD5 599259 522A6D 6768D8 7FEFC2 496283 502A54 4D62AA 7FEF17 39663F 78EA05 4E6478 7FECA8 4FE319 41DC4A 44A96D 7FF0A9 58CF9B 7378D8 616ADE 7FEF9E 571494 52E544 447F19 7FEFA2 3E3055 7CE7A8 000FFF 02 0FB2A5,2026-07-27T21:52:04.579+00:00,serial_request_midpoint,356.433,True,matched,24.48,24.48,2026-07-27T21:52:04.603+00:00,47.06143,1785189124553.297,1415,False,,,,,,,,,,,,,,False,,,,,,,,,,,,,,True,0.2481101757862842,-23.17759211418049,5.350096254902511,43.406727799885,0.22939525419579518,-0.7281976366495706,-2.919435125731966,38.46378391071711,0.4445356776624919,-28.456474928899546,0.4895234633951633,0.010203692277282619,0.05556144172248436,False,,,,,,,,,,,,,,False,,,,,,,,,,,,,,False,,,,,,,,,,,,,,True,0.03693323722223433,11.347592774360562,9.373487129648165,76.28917272661167,0.18361388924377464,0.006559013749702072,-3.0346101829447596,0.0,1.4210854715202005e-15,0.0,0.0,0.0,0.0,True,2,0.24811017578626957,-24.26497825023138,7.647126702214317,47.775018717209335,2.670713081143539,0.16912922497187985,0.24156845683281347,38.7798223086191,-1.9429027580227711,-24.01339261253451,0.0802594092670964,-3.0243320629237105,-0.7069172091624094,True,-22.766190505005795,-19.866561565157948,70.2766166149759,37.3622199355986,25.6219357971526,-1.5692086516222048
2026-07-27T21:52:05.313+00:00,76.700000,102878.400000,1.219775,4095,2,02,80,FFFFFFFF,32,2.92680483,3.04318656,2.20752756,1.34724217,1.09966972,0.48084219,2.20765862,1.18939694,1.04453552,1.49769577,2.20783285,0.88810221,1.00759111,0.95749792,2.20551900,0.63875489,1.97805650,0.97541634,2.20433724,1.00244436,0.76547886,0.80997458,2.20707393,1.17388344,1.81588843,1.35756685,2.20507314,1.13924331,1.05831063,0.80731104,2.20498061,0.70912260,SD 02 80 FFFFFFFF 91DC8B 944D33 7FEDA9 60F498 550EF8 2DBF02 7FEEA2 59920B 5229A0 6768C6 7FEFED 49628E 502AA6 4D62C6 7FDEBF 3966A5 78E93D 4E63FC 7FD5F7 4FE288 41DBF3 44A922 7FEA4B 58CEB7 737833 616A6D 7FDB6F 571409 52E531 447ECC 7FDABF 3E3037 7CE7AA 000FFF 02 0FB2B0,2026-07-27T21:52:05.136+00:00,serial_request_midpoint,355.8079,True,matched,42.17735,42.17735,2026-07-27T21:52:05.177+00:00,47.635627,1785189125119.952,1432,False,,,,,,,,,,,,,,False,,,,,,,,,,,,,,True,0.3098176371975167,-23.12040094560711,4.56631805735508,43.307304844685454,0.23717634814198632,-0.7331452217354201,-2.91250657948748,38.55296287138387,1.3194046726903026,-28.384542384619788,0.4965151804014547,0.012784640393206542,0.06186543354453649,False,,,,,,,,,,,,,,False,,,,,,,,,,,,,,False,,,,,,,,,,,,,,True,0.005775083369292271,11.331853943897817,9.363978709411416,76.22809776547021,0.18760042344963077,0.01134596497589907,-3.0344915178654333,0.0,0.0,0.0,0.0,0.0,0.0,True,2,0.3098176371975213,-24.240364694482302,6.875710018009686,47.66082215833115,2.6655712729026226,0.1758760172235345,0.248623384181338,38.89017318210534,-1.0968143841013087,-23.958607714645126,0.0900510408658755,-3.0191965233252787,-0.7167786396052359,True,-22.6808451874555,-20.53186091191867,70.28744959947441,37.31549153323897,26.300679311768818,-1.3208288566911393
2026-07-27T21:52:05.870+00:00,77.300000,102879.000000,1.217944,4095,2,02,80,FFFFFFFF,32,2.92671517,3.04310097,2.20683820,1.34722033,1.09960177,0.48083223,2.20742178,1.18940504,1.04452866,1.49767538,2.20771284,0.88807477,1.00754700,0.95749088,2.20789338,0.63872622,1.97797182,0.97537146,2.20751862,1.00249140,0.76546907,0.80996179,2.20784759,1.17392235,1.81592602,1.35762418,2.20528134,1.13921397,1.05827231,0.80731668,2.20731652,0.70912031,SD 02 80 FFFFFFFF 91DC0D 944CC0 7FE88B 60F458 550E12 2DBECF 7FECE0 599225 522988 67688F 7FEF09 496224 502A08 4D62AC 7FF060 396622 78E88A 4E6358 7FED98 4FE331 41DBCA 44A8EE 7FF009 58CF35 737889 616B14 7FDCFB 5713A8 52E4AC 447EE3 7FEC18 3E302D 7CB7AA 000FFF 02 0FB2B6,2026-07-27T21:52:05.692+00:00,serial_request_midpoint,355.7753,True,matched,50.54155,50.54155,2026-07-27T21:52:05.743+00:00,48.200167,1785189125686.613,1449,False,,,,,,,,,,,,,,False,,,,,,,,,,,,,,True,0.392196782199022,-23.15290421867477,3.739791884853375,43.23489696108068,0.2263957412400049,-0.7357696602378714,-2.9102102130199885,38.72230985164648,1.9787780803314816,-28.44703249673055,0.4933514287655158,0.004059750631896035,0.06403156144029112,False,,,,,,,,,,,,,,False,,,,,,,,,,,,,,False,,,,,,,,,,,,,,True,0.022595699687889426,11.324782311621735,9.367467175469642,76.28311783831035,0.19026906460570067,0.004188061145618,-3.033901239887389,0.0,0.0,-1.1368683772161604e-14,0.0,0.0,0.0,True,2,0.3921967821990297,-24.24246373811008,6.060393935690738,47.59016840294859,2.664098567003551,0.17898043977097844,0.23876712511644566,39.019582118422385,-0.42469878360177377,-24.011308055217484,0.09338286212251308,-3.028676491260249,-0.7139592624942624,True,-22.506770669081213,-21.285475597308643,70.27853775348699,37.24285815588191,27.037892803113248,-1.4675588099306083
2026-07-27T21:52:06.427+00:00,78.500000,102880.200000,1.216723,4095,2,02,80,FFFFFFFF,32,2.92672300,3.04298635,2.20751335,1.34712068,1.09964018,0.48084278,2.20546169,1.18940567,1.04452123,1.49768984,2.20493015,0.88809471,1.00753332,0.95750252,2.20664827,0.63874044,1.97790607,0.97535969,2.20728600,1.00248027,0.76547695,0.80998073,2.20777916,1.17391803,1.81587750,1.35756788,2.20739757,1.13915890,1.05825330,0.80731202,2.20776705,0.70910950,SD 02 80 FFFFFFFF 91DC18 944C26 7FED8E 60F334 550E94 2DBF05 7FDE52 599227 52296E 6768B6 7FDA5F 496271 5029D7 4D62D7 7FE722 396663 78E7FF 4E632D 7FEBDE 4FE309 41DBEB 44A93B 7FEF87 58CF27 73781A 616A70 7FECB2 5712F2 52E46A 447ED0 7FEF70 3E2FFE 7C97AA 000FFF 02 0FB2C2,2026-07-27T21:52:06.249+00:00,serial_request_midpoint,356.8294,True,matched,54.2948,54.2948,2026-07-27T21:52:06.302+00:00,48.760762,1785189126219.946,1465,False,,,,,,,,,,,,,,False,,,,,,,,,,,,,,True,0.4145914463367946,-23.079005970017484,3.2188460825457654,43.29696929303277,0.2325017475330362,-0.7332026529341868,-2.9051365059225014,38.683289906611584,2.4788333421546676,-28.454695310506604,0.4915854063766173,0.00890183524786769,0.0686745670609593,False,,,,,,,,,,,,,,False,,,,,,,,,,,,,,False,,,,,,,,,,,,,,True,0.04181135784368631,11.321789977865034,9.372645735659678,76.32615647546864,0.18952597467006776,0.003049477749662368,-3.0337047294459687,0.0,-1.4210854715202005e-15,-1.1368683772161604e-14,0.0,0.0,0.0,True,2,0.41459144633675116,-24.19499751494341,5.529654281901182,47.650755126309,2.6641571155465913,0.186063434902658,0.24461060557215888,39.00943231595072,0.08545056256701145,-24.015543055425127,0.10046758030575731,-3.024508924839872,-0.7100934143657933,True,-22.359656181554087,-21.821886478107277,70.32444152653287,37.15631103061753,27.580174500242368,-1.5171561838066396
2026-07-27T21:52:06.984+00:00,79.000000,102880.700000,1.220385,4095,2,02,80,FFFFFFFF,32,2.92651520,3.04296626,2.20757651,1.34711590,1.09961034,0.48083321,2.20792918,1.18934863,1.04450952,1.49771246,2.20548903,0.88804267,1.00754728,0.95749873,2.20744914,0.63871812,1.97790182,0.97533999,2.20748704,1.00242154,0.76544400,0.80998861,2.20782811,1.17392575,1.81607859,1.35757200,2.20770547,1.13911776,1.05825877,0.80730514,2.20802709,0.70910422,SD 02 80 FFFFFFFF 91DAF4 944C0B 7FEE06 60F326 550E2F 2DBED4 7FF0A4 599170 522945 6768F3 7FDE86 4961A8 502A09 4D62C9 7FED14 3965FD 78E7F6 4E62E5 7FED5C 4FE236 41DB61 44A95B 7FEFE4 58CF40 7379E6 616A7C 7FEEFB 57126A 52E47D 447EB4 7FF15E 3E2FE7 7CF7AA 000FFF 02 0FB2C7,2026-07-27T21:52:06.806+00:00,serial_request_midpoint,357.1059,True,matched,74.62535,74.62535,2026-07-27T21:52:06.881+00:00,49.338268,1785189126819.938,1483,False,,,,,,,,,,,,,,False,,,,,,,,,,,,,,True,0.37074353091910556,-22.958981111615042,1.9301280909911038,42.75306052231842,0.2021896199288082,-0.7687975041612818,-2.9118296355516318,38.63050516118232,3.8920770024919498,-29.070212026336087,0.5157797756688685,-0.009124772334782464,0.057713351955252803,False,,,,,,,,,,,,,,False,,,,,,,,,,,,,,False,,,,,,,,,,,,,,True,0.039451254725137976,11.301205423434732,9.36789945983574,76.2711242388577,0.18427648764975127,0.006131113873104286,-3.035511563573629,0.0,0.0,0.0,0.0,0.0,0.0,True,2,0.3707435309190789,-23.964554029062484,4.356726103943631,47.07060244410146,2.6452839612670798,0.16698587308022889,0.215292727457709,38.85941018039879,1.3857157276216796,-24.687692350723545,0.08405171700155473,-3.0332404101416257,-0.7511664015763412,True,-22.303623255478207,-22.522643706463985,70.31521692343532,37.09453518941005,28.34397351245219,-1.5423068882829738
2026-07-27T21:52:07.540+00:00,80.200000,102881.900000,1.217944,4095,2,02,80,FFFFFFFF,32,2.92652161,3.04305631,2.20779337,1.34701011,1.09962570,0.48083360,2.20779126,1.18932651,1.04449010,1.49767167,2.20752020,0.88805691,1.00753974,0.95749711,2.20729337,0.63872709,1.97801629,0.97534656,2.20769178,1.00243629,0.76544543,0.80997926,2.20762862,1.17388189,1.81599334,1.35749511,2.20756178,1.13912048,1.05823371,0.80728550,2.20801815,0.70910491,SD 02 80 FFFFFFFF 91DAFD 944C84 7FEFA2 60F1F0 550E63 2DBED6 7FEF9E 599129 522901 676885 7FED9B 4961DF 5029EE 4D62C3 7FEBEC 396626 78E8E8 4E62FD 7FEEE1 4FE26B 41DB67 44A935 7FEE69 58CEB2 737923 61699C 7FEDEA 571273 52E426 447E64 7FF14D 3E2FEA 7CB7AA 000FFF 02 0FB2D3,2026-07-27T21:52:07.362+00:00,serial_request_midpoint,356.2242,True,matched,87.9718,87.9718,2026-07-27T21:52:07.451+00:00,49.908446,1785189127386.594,1500,False,,,,,,,,,,,,,,False,,,,,,,,,,,,,,True,0.3857150762440374,-22.56731555052818,1.2986896429090609,42.48703470396196,0.22456588505286096,-0.7913373586132252,-2.9059010123313547,38.37536135436049,4.267611299703737,-29.44820461540126,0.5246993862372629,0.004372640863069121,0.05513018998287718,False,,,,,,,,,,,,,,False,,,,,,,,,,,,,,False,,,,,,,,,,,,,,True,0.06455184971694349,11.30447875481715,9.370460233377816,76.33412749529137,0.18551236466890006,-0.004716391163425713,-3.0336173145637044,0.0,0.0,1.1368683772161604e-14,0.0,0.0,0.0,True,2,0.3857150762440642,-23.64438391403673,3.785262149892347,46.7528996789499,2.628589805280896,0.16461416619786062,0.23460294805950335,38.66709894186433,1.7242356546739799,-25.090814044739506,0.0801759086084398,-3.0169672762650666,-0.7614262917564901,True,-22.316335425067315,-22.75610226545609,70.40376809672202,37.19585536253917,28.482328840528943,-1.693993617178296
2026-07-27T21:52:08.098+00:00,80.700000,102882.400000,1.215502,4095,2,02,80,FFFFFFFF,32,2.92641843,3.04321261,2.20761546,1.34699271,1.09956278,0.48082462,2.20775126,1.18935549,1.04446696,1.49772247,2.20768389,0.88805122,1.00752662,0.95746788,2.20785285,0.63873038,1.97792547,0.97535039,2.20785864,1.00241180,0.76545713,0.80996106,2.20755335,1.17385935,1.81593739,1.35752326,2.20721075,1.13909356,1.05816601,0.80729999,2.20792497,0.70909158,SD 02 80 FFFFFFFF 91DA6C 944D56 7FEE50 60F1BD 550D8E 2DBEA8 7FEF52 599186 5228B0 67690E 7FEED2 4961C9 5029BF 4D6257 7FF013 396635 78E828 4E630B 7FF01E 4FE213 41DB98 44A8EB 7FEDDA 58CE69 7378A3 6169EE 7FEB4F 57121A 52E33B 447E9F 7FF09C 3E2FB0 7C77AA 000FFF 02 0FB2D8,2026-07-27T21:52:07.919+00:00,serial_request_midpoint,357.3067,True,matched,104.51935,104.51935,2026-07-27T21:52:08.024+00:00,50.481937,1785189127953.248,1517,False,,,,,,,,,,,,,,False,,,,,,,,,,,,,,True,0.42515288382226607,-22.835248229200683,0.747944401513805,42.43824932476963,0.20551927573184076,-0.790580836554659,-2.903679562464376,38.7087974394043,4.802334665307177,-29.465004284842657,0.5223191697853014,-0.008487978506211743,0.06045437346979371,False,,,,,,,,,,,,,,False,,,,,,,,,,,,,,False,,,,,,,,,,,,,,True,0.08404767270748474,11.293744605002694,9.37397024995486,76.35614166986032,0.18682184328375023,-0.006909784389603938,-3.035087112210487,0.0,0.0,0.0,0.0,0.0,0.0,True,2,0.4251528838222878,-23.857576243330886,3.2382475710291763,46.71539307329449,2.629662675135034,0.16938273818278685,0.21757026277253894,38.945288061422914,2.268119871693385,-25.098936184635647,0.08838806142103633,-3.030076573025291,-0.7608728961879148,True,-22.21669569177127,-23.280701242416182,70.37177021725986,37.10625889096836,29.06980570061471,-1.7781531109444244
2026-07-27T21:52:08.657+00:00,81.900000,102883.600000,1.217944,4095,2,02,80,FFFFFFFF,32,2.92632878,3.04310990,2.20763283,1.34697906,1.09954682,0.48081876,2.20759651,1.18935206,1.04451352,1.49769169,2.20535758,0.88805329,1.00753108,0.95748412,2.20485865,0.63872775,1.97791932,0.97529675,2.20702446,1.00240456,0.76544925,0.80997704,2.20723074,1.17387047,1.81605629,1.35746490,2.20759283,1.13906180,1.05812021,0.80730072,2.20778495,0.70909020,SD 02 80 FFFFFFFF 91D9EE 944CCC 7FEE71 60F195 550D58 2DBE8A 7FEE2C 59917B 522953 6768BB 7FDD8C 4961D1 5029CF 4D6293 7FD9D7 396629 78E81B 4E6247 7FE9ED 4FE1F9 41DB77 44A92C 7FEB75 58CE8D 7379B3 616944 7FEE25 5711B1 52E29C 447EA2 7FEF92 3E2FAA 7CB7A9 000FFF 02 0FB2E4,2026-07-27T21:52:08.478+00:00,serial_request_midpoint,359.7115,True,matched,33.01665,33.01665,2026-07-27T21:52:08.511+00:00,50.969097,1785189128453.242,1532,False,,,,,,,,,,,,,,False,,,,,,,,,,,,,,True,0.44662306434018434,-22.723808435517988,0.32044121414463755,42.45317645424752,0.2028901784214696,-0.7935396391794519,-2.9067288058687404,38.76602846020161,5.526515497412442,-29.1067640891591,0.5329728894368342,-0.01603273857485877,0.05903364885307652,False,,,,,,,,,,,,,,False,,,,,,,,,,,,,,False,,,,,,,,,,,,,,True,0.09564918824568647,11.271850337741595,9.364094622112855,76.26232565192633,0.1945963785264812,0.00760777726274402,-3.034631809497382,2.842170943040401e-15,0.0,0.0,0.0,0.0,0.0,True,2,0.44662306434020915,-23.7328135451895,2.820039934000798,46.72806101844997,2.6286780336167412,0.16449565615920841,0.21500257850491428,38.96596204771265,2.9442621384236256,-24.767096214830225,0.08639253447865658,-3.0332036412569656,-0.7789114218708353,True,-22.17843721433907,-23.676147702836097,70.41576393932796,37.05858568357329,29.496741071077764,-1.1683866596738426
2026-07-27T21:52:09.212+00:00,83.100000,102884.800000,1.217944,4095,2,02,80,FFFFFFFF,32,2.92630957,3.04283975,2.20758757,1.34700363,1.09957134,0.48082364,2.20824979,1.18933897,1.04442011,1.49773211,2.20795340,0.88803724,1.00753667,0.95746139,2.20549902,0.63872118,1.97790607,0.97529840,2.20446548,1.00243212,0.76544161,0.80997335,2.20729863,1.17388653,1.81597105,1.35751502,2.20753493,1.13903427,1.05810408,0.80728526,2.20789496,0.70907021,SD 02 80 FFFFFFFF 91D9D3 944B61 7FEE1B 60F1DD 550DAB 2DBEA3 7FF305 599151 52280C 676928 7FF0D2 496193 5029E3 4D623F 7FDE99 39660B 78E7FF 4E624D 7FD6EB 4FE25C 41DB57 44A91D 7FEBF6 58CEC1 7378F0 6169D6 7FEDB7 571156 52E264 447E63 7FF063 3E2F53 7CB7AA 000FFF 02 0FB2F0,2026-07-27T21:52:09.035+00:00,serial_request_midpoint,354.4657,True,matched,43.33925,43.33925,2026-07-27T21:52:09.079+00:00,51.536738,1785189129019.919,1549,False,,,,,,,,,,,,,,False,,,,,,,,,,,,,,True,0.5322111091703056,-22.805629515814644,-0.1661363578207549,42.425438388877694,0.19115046662638122,-0.79389292959505,-2.9087564406738795,38.78787148930947,5.7545817314909895,-29.397847320606644,0.5253283860115134,-0.01973460628566173,0.05570663106547801,False,,,,,,,,,,,,,,False,,,,,,,,,,,,,,False,,,,,,,,,,,,,,True,0.03406664093460119,11.27310808087282,9.371340040974326,76.33006639774752,0.18855704105909094,-0.004146254869480481,-3.0345624464030347,0.0,0.0,-1.1368683772161604e-14,0.0,0.0,0.0,True,2,0.5322111091702693,-23.77551695852337,2.337861772522923,46.70679735759277,2.6295650302548066,0.1625906268557542,0.2043887114201966,38.964447542281256,3.2042318021522496,-25.038345165231043,0.0811294867973607,-3.039797868469727,-0.7682899508169446,True,-22.1382535329195,-24.157407146246094,70.3899434351189,37.102428828597134,29.941335637572525,-1.6453658864817498
2026-07-27T21:52:09.769+00:00,83.600000,102885.300000,1.217944,4095,2,02,80,FFFFFFFF,32,2.92634087,3.04300719,2.20727968,1.34697394,1.09953501,0.48083204,2.20756441,1.18929254,1.04444011,1.49770653,2.20760809,0.88804785,1.00752019,0.95744515,2.20748704,0.63871659,1.97795290,0.97529593,2.20726811,1.00239232,0.76545665,0.80998762,2.20743704,1.17385719,1.81601258,1.35739934,2.20752493,1.13904183,1.05811272,0.80727372,2.20774547,0.70906561,SD 02 80 FFFFFFFF 91D9FF 944C42 7FEBD2 60F186 550D30 2DBECE 7FEDEF 5990BC 522852 6768E3 7FEE42 4961BC 5029A8 4D6203 7FED5C 3965F6 78E862 4E6244 7FEBBC 4FE1CD 41DB96 44A957 7FECFD 58CE62 73794F 616885 7FEDA4 57116F 52E282 447E34 7FEF47 3E2F3F 7CB7AA 000FFF 02 0FB2F5,2026-07-27T21:52:09.591+00:00,serial_request_midpoint,356.1151,True,matched,57.86965,57.86965,2026-07-27T21:52:09.649+00:00,52.106721,1785189129586.601,1566,False,,,,,,,,,,,,,,False,,,,,,,,,,,,,,True,0.5293224139950684,-22.812746816300947,-0.6558807677447718,42.474222614181684,0.19908846621290616,-0.7972241487495246,-2.9063812003762886,38.91607850011011,6.409305320622093,-29.039520283346718,0.5333182338254907,-0.01863449923215708,0.05839676283715097,False,,,,,,,,,,,,,,False,,,,,,,,,,,,,,False,,,,,,,,,,,,,,True,0.1065368288182024,11.24534417419851,9.356332477025694,76.21790532414526,0.19458630157356846,0.004522101939232648,-3.0343411298397185,2.842170943040401e-15,-1.4210854715202005e-15,0.0,0.0,0.0,0.0,True,2,0.5293224139950652,-23.80963608210271,1.8556854007695882,46.74493333445386,2.626518820344548,0.16386331644868013,0.2114405030942982,39.1027119008639,3.824957198110927,-24.70050707309482,0.08542204851612091,-3.0355702529758144,-0.7800989610003964,True,-22.23492166693638,-24.582355755412912,70.49617686120033,37.17492346783859,30.36983982170335,-1.0949112748663083
2026-07-27T21:52:10.325+00:00,84.800000,102886.500000,1.219775,4095,2,02,80,FFFFFFFF,32,2.92652659,3.04300421,2.20728284,1.34696609,1.09952999,0.48081915,2.20522456,1.18932152,1.04444239,1.49767983,2.20713602,0.88804992,1.00751070,0.95744570,2.20530605,0.63871659,1.97779775,0.97528855,2.20707972,1.00239983,0.76544232,0.80995958,2.20732021,1.17387016,1.81604711,1.35743779,2.20480083,1.13898920,1.05809573,0.80729557,2.20726021,0.70907227,SD 02 80 FFFFFFFF 91DB04 944C3E 7FEBD8 60F16F 550D1F 2DBE8C 7FDC8F 599119 52285A 67689B 7FEAC1 4961C4 502986 4D6205 7FDD2A 3965F6 78E71A 4E6229 7FEA56 4FE1E8 41DB5A 44A8E5 7FEC1F 58CE8C 73799E 6168F5 7FD969 5710C1 52E247 447E8D 7FEBAD 3E2F5C 7CE7AA 000FFF 02 0FB301,2026-07-27T21:52:10.147+00:00,serial_request_midpoint,356.262,True,matched,76.7385,76.7385,2026-07-27T21:52:10.224+00:00,52.681983,1785189130153.294,1583,False,,,,,,,,,,,,,,False,,,,,,,,,,,,,,True,0.5913725421068469,-23.264336813856378,-1.658273201218377,42.245429172654376,0.16524518498729002,-0.8060094503636422,-2.9044098499398134,39.32347650885962,7.398847127344905,-29.55485177518296,0.5392596038180256,-0.03535425155610611,0.05887659315593343,False,,,,,,,,,,,,,,False,,,,,,,,,,,,,,False,,,,,,,,,,,,,,True,0.043378694915666226,11.245723217254287,9.367503420296057,76.33437186014898,0.18509015451375155,0.005171567903890044,-3.0350394699705414,0.0,0.0,0.0,0.0,0.0,0.0,True,2,0.5913725421068284,-24.157599712261334,0.8892831691492523,46.51775416936261,2.622325991178709,0.16543366171720672,0.18074941025207392,39.43138671777484,4.7859908072028485,-25.230263912684258,-0.085762612429375,3.0292750093203784,0.7881855868622317,True,-22.19563241789512,-25.381184802877176,70.42558785622599,37.22812248962369,31.185989770081953,-1.4866964420390445
2026-07-27T21:52:10.882+00:00,85.300000,102887.000000,1.217333,4095,2,02,80,FFFFFFFF,32,2.92641914,3.04305706,2.20744230,1.34696473,1.09952703,0.48081329,2.20755441,1.18929378,1.04446639,1.49771542,2.20748914,0.88803465,1.00751740,0.95744840,2.20778969,0.63871440,1.97782140,0.97524093,2.20524716,1.00242460,0.76543636,0.80995368,2.20485550,1.17386923,1.81609345,1.35740998,2.20461002,1.13898043,1.05805050,0.80729287,2.20695448,0.70906883,SD 02 80 FFFFFFFF 91DA6D 944C85 7FED07 60F16B 550D15 2DBE6E 7FEDDC 5990C0 5228AE 6768FB 7FED60 496189 50299E 4D620F 7FEF9B 3965EC 78E74C 4E617B 7FDCBA 4FE241 41DB41 44A8CD 7FD9D1 58CE89 737A08 6168A4 7FD7FE 5710A4 52E1AA 447E82 7FE968 3E2F4D 7CA7AA 000FFF 02 0FB306,2026-07-27T21:52:10.704+00:00,serial_request_midpoint,357.0752,True,matched,81.8946,81.8946,2026-07-27T21:52:10.786+00:00,53.24398,1785189130719.969,1600,False,,,,,,,,,,,,,,False,,,,,,,,,,,,,,True,0.5037368147084329,-23.43803121598947,-2.845915040863329,42.17716055685149,0.14437883893891915,-0.8075800740399162,-2.901101250316222,39.70950976466869,8.784654124829942,-29.362219566425228,0.5448208679654256,-0.0524053980222179,0.06528787183999772,False,,,,,,,,,,,,,,False,,,,,,,,,,,,,,False,,,,,,,,,,,,,,True,0.10788832129395926,11.248121464919807,9.381405379472268,76.28755045854079,0.19012060339438078,0.012929541371662193,-3.036079670772422,0.0,1.4210854715202005e-15,0.0,0.0,0.0,0.0,True,2,0.5037368147084207,-24.270998751015746,-0.2870506145816119,46.45490540817475,2.6215036193137617,0.17031570758729772,0.16199342839180067,39.745301148929435,6.145859198900313,-25.05220757163668,-0.09485605246504289,3.010433455043507,0.7923065978293549,True,-21.974182291420366,-26.494678028130473,70.40185123088213,37.07302532001428,32.39789769179411,-1.193022095305605
2026-07-27T21:52:11.439+00:00,86.500000,102888.200000,1.219165,4095,2,02,80,FFFFFFFF,32,2.92651876,3.04303101,2.20739125,1.34692583,1.09952260,0.48083829,2.20766073,1.18925763,1.04442354,1.49770245,2.20532971,0.88801601,1.00750204,0.95746031,2.20500742,0.63871221,1.97785783,0.97527048,2.20493593,1.00242627,0.76542919,0.80993867,2.20717075,1.17383989,1.81603662,1.35736811,2.20770652,1.13896591,1.05801709,0.80729090,2.20751546,0.70906791,SD 02 80 FFFFFFFF 91DAF9 944C62 7FECA6 60F0F9 550D06 2DBEEE 7FEEA6 59904C 522818 6768D8 7FDD57 496141 502967 4D623B 7FDAF2 3965E2 78E799 4E61E7 7FDA6A 4FE247 41DB23 44A890 7FEB03 58CE2A 737986 61682A 7FEEFD 571074 52E136 447E7A 7FED92 3E2F49 7CD7AB 000FFF 02 0FB312,2026-07-27T21:52:11.261+00:00,serial_request_midpoint,356.1294,True,matched,92.1035,92.1035,2026-07-27T21:52:11.353+00:00,53.811132,1785189131286.632,1617,False,,,,,,,,,,,,,,False,,,,,,,,,,,,,,True,0.5672532606253949,-23.20375047374724,-3.232964790953935,42.30409703152021,0.165943021657858,-0.8057692209278667,-2.900070663397815,39.51972422204131,9.488408095402061,-29.09042362329713,0.5523707300390275,-0.03940554682997973,0.06752228962834583,False,,,,,,,,,,,,,,False,,,,,,,,,,,,,,False,,,,,,,,,,,,,,True,0.031437047410165425,11.235906759312682,9.378792603374947,76.25913822498522,0.19214256166453156,0.02546553250740864,-3.036937083236188,2.842170943040401e-15,0.0,0.0,0.0,0.0,0.0,True,2,0.5672532606253916,-24.10560354290643,-0.685725919025857,46.574806363624965,2.621426150610359,0.17113897105773446,0.18145495704070783,39.6223688641962,6.819780389252282,-24.799897633194444,-0.09910481063873511,3.0197264723575996,0.8068129353508677,True,-22.022139147643347,-26.92847049552436,70.50279934127518,37.08491667759195,32.888186920397935,-0.7256202388515589
2026-07-27T21:52:11.997+00:00,87.000000,102888.700000,1.219165,4095,2,02,80,FFFFFFFF,32,2.92643551,3.04307268,2.20726758,1.34697530,1.09950606,0.48082813,2.20796971,1.18925576,1.04445210,1.49768910,2.20785864,0.88801782,1.00749590,0.95744380,2.20792918,0.63872206,1.97784505,0.97525981,2.20789338,1.00242321,0.76542680,0.80996278,2.20806026,1.17380469,1.81597279,1.35737292,2.20758335,1.13890662,1.05803264,0.80726807,2.20788917,0.70904860,SD 02 80 FFFFFFFF 91DA84 944C9A 7FEBBB 60F18A 550CCE 2DBEBA 7FF0F1 599046 52287C 6768B4 7FF01E 496148 502951 4D61FE 7FF0A4 39660F 78E77E 4E61C0 7FF060 4FE23C 41DB19 44A8F2 7FF19D 58CDB8 7378F4 616838 7FEE13 570FB0 52E16C 447E1D 7FF058 3E2EF5 7CD7AB 000FFF 02 0FB317,2026-07-27T21:52:11.818+00:00,serial_request_midpoint,357.1219,True,matched,25.02965,25.02965,2026-07-27T21:52:11.843+00:00,54.300852,1785189131786.643,1632,False,,,,,,,,,,,,,,False,,,,,,,,,,,,,,True,0.5074871949160566,-23.312203815221427,-4.0692866011981605,42.27365485928705,0.14794575570189292,-0.8058734113153068,-2.9029799855192833,39.68039321120684,9.951923250654485,-29.255639583432476,0.542340711694377,-0.04999702495626165,0.06312748556610669,False,,,,,,,,,,,,,,False,,,,,,,,,,,,,,False,,,,,,,,,,,,,,True,0.06765705083303591,11.236550603633487,9.375874388351312,76.26009396798682,0.19001355604285022,0.010960942661754618,-3.0356387594368326,0.0,0.0,0.0,0.0,0.0,0.0,True,2,0.507487194916095,-24.153941799710303,-1.5167545922063712,46.553465671184185,2.622853285962724,0.16832904954851174,0.16522950876210274,39.72431635606243,7.3239479855925875,-24.9390970039298,-0.09162171811095408,3.0138310197254246,0.7892050606728088,True,-21.93855092802369,-27.765339551885273,70.46319477111994,37.15796363457779,33.640003962127665,-1.1388796460788284
2026-07-27T21:52:12.553+00:00,88.200000,102889.900000,1.219164,4095,2,02,80,FFFFFFFF,32,2.92636649,3.04301836,2.20736915,1.34695654,1.09945495,0.48081583,2.20745546,1.18922584,1.04445410,1.49769466,2.20757493,0.88798935,1.00749981,0.95746085,2.20773863,0.63870170,1.97783749,0.97525954,2.20765073,1.00237117,0.76541272,0.80996966,2.20493225,1.17385163,1.81594351,1.35727407,2.20711234,1.13887637,1.05796035,0.80727519,2.20793339,0.70904309,SD 02 80 FFFFFFFF 91DA23 944C51 7FEC7C 60F153 550C21 2DBE7B 7FED20 598FE6 522883 6768C3 7FEE03 4960DA 50295F 4D623D 7FEF3A 3965B2 78E76E 4E61BF 7FEE93 4FE181 41DADE 44A90E 7FDA63 58CE50 7378B1 616718 7FEA94 570F4C 52E071 447E3A 7FF0AC 3E2EDD 7CD7A9 000FFF 02 0FB323,2026-07-27T21:52:12.375+00:00,serial_request_midpoint,356.2963,True,matched,37.53505,37.53505,2026-07-27T21:52:12.412+00:00,54.870218,1785189132353.325,1649,False,,,,,,,,,,,,,,False,,,,,,,,,,,,,,True,0.5733842960374508,-23.212716676577706,-5.007062362787473,42.227364284589484,0.14092152064972957,-0.8093367085344602,-2.904118940129335,39.5636266928169,10.884872128329917,-29.57169715058701,0.54361845979499,-0.05019985950663536,0.060454334668024,False,,,,,,,,,,,,,,False,,,,,,,,,,,,,,False,,,,,,,,,,,,,,True,0.11353201876712843,11.248097631283162,9.384963087624842,76.33847906230552,0.18299290101795854,0.009373316646976807,-3.036265156004707,2.842170943040401e-15,0.0,-1.1368683772161604e-14,0.0,0.0,0.0,True,2,0.5733842960374602,-24.030106766620996,-2.4426208902959816,46.50477430889427,2.6212627361845566,0.16589010012624092,0.15880190643507566,39.60318860411296,8.251034130031112,-25.25868713494245,-0.08752022500517438,3.0132811840613534,0.791151317927173,True,-21.798273071835887,-28.64486334178564,70.46375432901038,37.11719561432922,34.5417780142004,-1.4219940001154214
2026-07-27T21:52:13.110+00:00,88.700000,102890.400000,1.217944,4095,2,02,80,FFFFFFFF,32,2.92649172,3.04308385,2.20740441,1.34694255,1.09947918,0.48084122,2.20771652,1.18922397,1.04438440,1.49768280,2.20498482,0.88797848,1.00749758,0.95742540,2.20721548,0.63868748,1.97778025,0.97522178,2.20743178,1.00240902,0.76540579,0.80994212,2.20555529,1.17381117,1.81593214,1.35728642,2.20481187,1.13888726,1.05792204,0.80725088,2.20688555,0.70904125,SD 02 80 FFFFFFFF 91DAD3 944CA9 7FECBF 60F12A 550C73 2DBEFD 7FEF10 598FE0 52278F 6768A3 7FDAC7 4960B0 502957 4D61BA 7FEB58 396571 78E6F5 4E6135 7FECF3 4FE209 41DAC1 44A89E 7FDF04 58CDCD 737897 61673C 7FD97E 570F70 52DFEC 447DD7 7FE8E5 3E2ED5 7CB7A9 000FFF 02 0FB328,2026-07-27T21:52:12.932+00:00,serial_request_midpoint,357.2036,True,matched,69.8773,69.8773,2026-07-27T21:52:13.001+00:00,55.459474,1785189132920.038,1666,False,,,,,,,,,,,,,,False,,,,,,,,,,,,,,True,0.5985323761295013,-22.88366242045982,-6.064660868376814,42.216416295466544,0.14801137941542034,-0.8166777262106855,-2.9109203335022777,39.42850446580187,12.028162794913893,-29.452546990512882,0.5504925872802012,-0.048837667026318206,0.052099407351183215,False,,,,,,,,,,,,,,False,,,,,,,,,,,,,,False,,,,,,,,,,,,,,True,0.03334064234352189,11.243601364175216,9.380903947204441,76.32654064236235,0.18712255453833132,0.01360275481629659,-3.035411020549489,0.0,0.0,0.0,0.0,0.0,0.0,True,2,0.5985323761294927,-23.71124131311559,-3.482303942103473,46.48106973261769,2.617979142856206,0.15388184871932256,0.16486343002777823,39.46437804176923,9.363990082449686,-25.158176268049015,-0.07484519140993667,3.012284584660719,0.8020564726340281,True,-21.83843619956064,-29.633428464578238,70.52649761296138,37.25997781060114,35.504894728913804,-1.1297547922748437
2026-07-27T21:52:13.669+00:00,89.900000,102891.600000,1.216723,4095,2,02,80,FFFFFFFF,32,2.92642412,3.04310245,2.20731494,1.34688590,1.09947445,0.48080177,2.20553268,1.18921525,1.04435298,1.49767316,2.20479715,0.88798107,1.00750232,0.95743812,2.20485340,0.63871965,1.97772822,0.97522862,2.20479399,1.00240262,0.76541558,0.80995638,2.20709655,1.17383866,1.81596624,1.35724455,2.20518249,1.13885429,1.05793125,0.80725874,2.20700815,0.70904240,SD 02 80 FFFFFFFF 91DA74 944CC2 7FEC15 60F084 550C63 2DBE33 7FDED9 598FC4 522721 676889 7FD962 4960BA 502968 4D61E9 7FD9CD 396604 78E687 4E614E 7FD95C 4FE1F2 41DAEA 44A8D8 7FEA76 58CE26 7378E5 6166C2 7FDC3F 570F03 52E00C 447DF7 7FE9CE 3E2EDA 7C97AB 000FFF 02 0FB334,2026-07-27T21:52:13.490+00:00,serial_request_midpoint,358.4144,True,matched,23.417,23.417,2026-07-27T21:52:13.513+00:00,55.971072,1785189133453.412,1682,False,,,,,,,,,,,,,,False,,,,,,,,,,,,,,True,0.6066533833770591,-22.614036992171407,-6.500807560111957,42.20046306216532,0.16807738401964695,-0.820813078754189,-2.9103619297159304,39.21141623662587,12.310852191018895,-29.50647432573758,0.5482821514094695,-0.03580000578928963,0.05054977431262537,False,,,,,,,,,,,,,,False,,,,,,,,,,,,,,False,,,,,,,,,,,,,,True,0.09426464305828866,11.240167886828754,9.378892955843972,76.28054809170541,0.18798084625798814,0.0052361995490402494,-3.0353586144772535,2.842170943040401e-15,0.0,0.0,0.0,0.0,0.0,True,2,0.6066533833770524,-23.503252398851807,-3.9121078848104007,46.44883369144271,2.614381762054814,0.15189194412162443,0.18267979459112665,39.30730800022785,9.657809511404329,-25.206138017737032,-0.07302101205793314,3.025694184651552,0.8019536270609003,True,-21.899917093915786,-30.01452527063166,70.56655409052833,37.35788903330652,35.856107286798,-1.2182186812176723
2026-07-27T21:52:14.225+00:00,91.100000,102892.800000,1.220385,4095,2,02,80,FFFFFFFF,32,2.92633803,3.04303771,2.20754388,1.34697599,1.09946352,0.48082520,2.20788286,1.18923893,1.04434727,1.49765721,2.20758967,0.88797977,1.00745374,0.95742865,2.20762704,0.63870236,1.97771309,0.97523163,2.20513255,1.00235252,0.76542728,0.80994335,2.20698763,1.17384576,1.81594132,1.35722327,2.20751125,1.13884643,1.05788027,0.80725604,2.20799182,0.70902700,SD 02 80 FFFFFFFF 91D9FB 944C6B 7FEDC8 60F18C 550C3E 2DBEAB 7FF04C 599010 52270D 67685E 7FEE1F 4960B5 5028BA 4D61C6 7FEE66 3965B5 78E667 4E6159 7FDBE0 4FE13E 41DB1B 44A8A3 7FE9A7 58CE3D 7378AC 616684 7FED8A 570EE9 52DF5B 447DEC 7FF11B 3E2E97 7CF7AC 000FFF 02 0FB340,2026-07-27T21:52:14.047+00:00,serial_request_midpoint,355.8861,True,matched,39.08695,39.08695,2026-07-27T21:52:14.086+00:00,56.544094,1785189134020.093,1699,False,,,,,,,,,,,,,,False,,,,,,,,,,,,,,True,0.5766375811390617,-22.518580452486976,-7.131893753766796,42.388702502893274,0.15778072806097787,-0.8088615691419644,-2.925762281476398,39.17861743334872,13.368995016882954,-29.086390558021883,0.5493441309470657,-0.044211761925651155,0.041609714624425934,False,,,,,,,,,,,,,,False,,,,,,,,,,,,,,False,,,,,,,,,,,,,,True,0.0541416110590372,11.239683755631699,9.37899486435258,76.26321153459483,0.19040791464134393,0.02191405790837638,-3.03721579029586,2.842170943040401e-15,0.0,0.0,0.0,0.0,0.0,True,2,0.5766375811390657,-23.356776104222213,-4.577358134647866,46.66801306013978,2.625728193032214,0.13692942210327833,0.1736405194895305,39.222055034524814,10.709110967070107,-24.78943197762436,-0.058877629014325056,3.0176114779641217,0.8017181015663506,True,-21.962701201906548,-30.949371281854347,70.50380112058474,37.41946702852046,36.89348716561129,-0.7748440297534103
2026-07-27T21:52:14.781+00:00,91.600000,102893.300000,1.217334,4095,2,02,80,FFFFFFFF,32,2.92633376,3.04303398,2.20786864,1.34691115,1.09945968,0.48080607,2.20576721,1.18920123,1.04436412,1.49770986,2.20497851,0.88797511,1.00745123,0.95741728,2.20674086,0.63868485,1.97771451,0.97522862,2.20744020,1.00237117,0.76540603,0.80994482,2.20728547,1.17385904,1.81594919,1.35725588,2.20756862,1.13881013,1.05786818,0.80728427,2.20544644,0.70902907,SD 02 80 FFFFFFFF 91D9F5 944C66 7FF031 60F0CE 550C31 2DBE49 7FE097 598F97 522748 6768EC 7FDABB 4960A3 5028B1 4D619C 7FE7D2 396565 78E66A 4E614E 7FED03 4FE181 41DAC2 44A8A9 7FEBDD 58CE68 7378BE 6166E3 7FEDF7 570E71 52DF31 447E5F 7FDE35 3E2EA0 7CA7AC 000FFF 02 0FB345,2026-07-27T21:52:14.603+00:00,serial_request_midpoint,355.675,True,matched,61.2356,61.2356,2026-07-27T21:52:14.664+00:00,57.12264,1785189134586.789,1716,False,,,,,,,,,,,,,,False,,,,,,,,,,,,,,True,0.5686609153687135,-22.55432139623091,-7.721172194831903,42.4738141309047,0.1573256059294132,-0.802682822203217,-2.9226588408913363,39.194856091650514,13.586748445865066,-29.357055773338164,0.5357223543549727,-0.040776464051022726,0.04314522321583918,False,,,,,,,,,,,,,,False,,,,,,,,,,,,,,False,,,,,,,,,,,,,,True,0.08646113574482714,11.248632279707452,9.386685499088074,76.34643919838724,0.18514399122694464,0.0063438122767219916,-3.0361236374411997,0.0,0.0,0.0,0.0,0.0,0.0,True,2,0.5686609153687018,-23.39733921467886,-5.183825239058628,46.76239366557782,2.6289015470316626,0.1433128196934273,0.17347903868526374,39.25500156480317,10.986187934881107,-25.024136365804736,-0.0611567681243748,3.0261913319387075,0.7819194889728451,True,-21.845089763366918,-31.623288411310558,70.5135330811129,37.46152334735254,37.49403204187371,-1.3663902471429878
2026-07-27T21:52:15.338+00:00,92.800000,102894.500000,1.216723,4095,2,02,80,FFFFFFFF,32,2.92649599,3.04288142,2.20708340,1.34692207,1.09947504,0.48079806,2.20764862,1.18916788,1.04438383,1.49771172,2.20769178,0.88794198,1.00746826,0.95741458,2.20542173,0.63870871,1.97787675,0.97521877,2.20725127,1.00234306,0.76540030,0.80994384,2.20782601,1.17385009,1.81596012,1.35728745,2.20536389,1.13879864,1.05787451,0.80725432,2.20742651,0.70899460,SD 02 80 FFFFFFFF 91DAD9 944B99 7FEA5D 60F0EE 550C65 2DBE20 7FEE8F 598F2C 52278D 6768F1 7FEEE1 496023 5028EE 4D6192 7FDE06 3965D2 78E7C1 4E612A 7FEB9C 4FE11C 41DAAA 44A8A5 7FEFE0 58CE4B 7378D7 61673F 7FDD98 570E4B 52DF47 447DE5 7FECE9 3E2E0A 7C97AB 000FFF 02 0FB351,2026-07-27T21:52:15.160+00:00,serial_request_midpoint,356.4052,True,matched,91.3127,91.3127,2026-07-27T21:52:15.251+00:00,57.708944,1785189135186.848,1734,False,,,,,,,,,,,,,,False,,,,,,,,,,,,,,True,0.610855185337299,-22.788862005629895,-8.391990442750949,42.5317434632541,0.13783951371680953,-0.7975046438897839,-2.922970656614756,39.550447307274524,14.507905200656728,-29.005883937377394,0.5398345992263549,-0.05637585648675168,0.04652694317104189,False,,,,,,,,,,,,,,False,,,,,,,,,,,,,,False,,,,,,,,,,,,,,True,0.03349313830056805,11.246203566563544,9.38483170354363,76.32016462170499,0.18903242766182982,0.01895026579337817,-3.03643267858948,0.0,0.0,0.0,0.0,0.0,0.0,True,2,0.6108551853373118,-23.57240016806292,-5.864495038557484,46.83738603792504,2.6330267925385944,0.14584895038436219,0.1561771075360196,39.54081701476536,11.8880656506478,-24.68418623384673,-0.06576599846218237,3.009513825620867,0.7843160648311501,True,-21.746712263860854,-32.36666047373768,70.49903022540573,37.39588846212649,38.29190484224961,-0.939547424628006
2026-07-27T21:52:15.896+00:00,93.300000,102895.000000,1.218554,4095,2,02,80,FFFFFFFF,32,2.92644049,3.04283826,2.20517671,1.34689819,1.09944580,0.48081290,2.20705077,1.18919749,1.04432585,1.49768725,2.20755388,0.88796605,1.00747329,0.95742297,2.20781074,0.63869514,1.97778120,0.97521028,2.20757125,1.00234807,0.76541415,0.80994630,2.20734862,1.17384144,1.81585695,1.35721229,2.20524979,1.13876779,1.05786299,0.80725874,2.20520247,0.70898288,SD 02 80 FFFFFFFF 91DA8B 944B5F 7FDC34 60F0A8 550C02 2DBE6C 7FEA1F 598F8B 5226C2 6768AF 7FEDDB 496080 502900 4D61B1 7FEFC3 396594 78E6F7 4E610B 7FEDFC 4FE12E 41DAE4 44A8AF 7FEC55 58CE2F 7377EB 616664 7FDCBF 570DE5 52DF1F 447DF7 7FDC65 3E2DD7 7CC7AB 000FFF 02 0FB356,2026-07-27T21:52:15.717+00:00,serial_request_midpoint,357.7736,True,matched,39.7637,39.7637,2026-07-27T21:52:15.757+00:00,58.214645,1785189135686.872,1749,False,,,,,,,,,,,,,,False,,,,,,,,,,,,,,True,0.6493901230156444,-22.808183324878563,-9.41109214331487,42.62005534523053,0.13504026446868506,-0.7940285407887052,-2.920143934342451,39.66043472287926,15.132981188842027,-29.0203058457571,0.5277648415639238,-0.05777189626572425,0.048000771561685814,False,,,,,,,,,,,,,,False,,,,,,,,,,,,,,False,,,,,,,,,,,,,,True,0.06148921698769435,11.240007927310234,9.37795377707475,76.26270356600473,0.18867121194719388,0.0035735252342746194,-3.034807003775698,0.0,-1.4210854715202005e-15,0.0,0.0,0.0,0.0,True,2,0.6493901230156546,-23.587906477881607,-6.892362421373386,46.93152324679243,2.634674670678382,0.1509730939657751,0.15379024547460518,39.644119682909476,12.565418546305043,-24.667366727203028,-0.06776655016340023,3.0127471084039743,0.7657662206190504,True,-21.61142428674114,-33.42270661843587,70.54943318111232,37.43622887432217,39.25211479978145,-1.246931718770918
2026-07-27T21:52:16.451+00:00,94.500000,102896.200000,1.218554,4095,2,02,80,FFFFFFFF,32,2.92639851,3.04295286,2.20717707,1.34685554,1.09948361,0.48082345,2.20522929,1.18919188,1.04430785,1.49768168,2.20492121,0.88797408,1.00745486,0.95742838,2.20752230,0.63868354,1.97775424,0.97522397,2.20489282,1.00235725,0.76540388,0.80991408,2.20485813,1.17386028,1.81598066,1.35719925,2.20703130,1.13873784,1.05781605,0.80724450,2.20492121,0.70899529,SD 02 80 FFFFFFFF 91DA50 944BF9 7FEB0F 60F02B 550C82 2DBEA2 7FDC98 598F79 522683 6768A0 7FDA4E 49609F 5028BE 4D61C5 7FED9F 39655F 78E6BE 4E613D 7FDA18 4FE14F 41DAB9 44A82C 7FD9D6 58CE6C 737906 61663E 7FE9FA 570D82 52DE7C 447DBD 7FDA4E 3E2E0D 7CC7AC 000FFF 02 0FB362,2026-07-27T21:52:16.274+00:00,serial_request_midpoint,355.0693,True,matched,67.39255,67.39255,2026-07-27T21:52:16.342+00:00,58.799188,1785189136286.884,1767,False,,,,,,,,,,,,,,False,,,,,,,,,,,,,,True,0.6873764905114919,-22.612373833585323,-9.978708607375125,42.59932841638902,0.13679205934742222,-0.7965709363431522,-2.91922912406409,39.59774434685414,16.049954624907723,-28.760553193034507,0.5385835183967533,-0.059706993408057275,0.050498374296294446,False,,,,,,,,,,,,,,False,,,,,,,,,,,,,,False,,,,,,,,,,,,,,True,0.08113854626815974,11.243480467515877,9.385422373786819,76.23804690679522,0.19305740710400543,0.017708425045056764,-3.0355447335713,0.0,0.0,0.0,0.0,0.0,0.0,True,2,0.6873764905114909,-23.3982372977311,-7.452905780577363,46.90554041098489,2.6328181871379757,0.15114572623382305,0.15530137054167578,39.57727795711787,13.435473236273282,-24.435649582326477,-0.07169321010116349,3.006634491723555,0.7815405618465807,True,-21.439813212201887,-33.94201489599111,70.57119037258687,37.256093298550944,39.86255493621864,-0.733481552009198
2026-07-27T21:52:17.009+00:00,95.000000,102896.700000,1.217334,4095,2,02,80,FFFFFFFF,32,2.92646041,3.04278021,2.20445707,1.34685792,1.09944550,0.48082540,2.20685030,1.18918190,1.04432271,1.49767872,2.20759230,0.88797537,1.00746603,0.95741431,2.20773442,0.63869295,1.97766532,0.97521439,2.20779390,1.00233777,0.76541248,0.80992662,2.20786127,1.17382754,1.81599553,1.35719650,2.20487127,1.13870760,1.05778638,0.80724032,2.20683662,0.70899552,SD 02 80 FFFFFFFF 91DAA7 944B11 7FD6DB 60F032 550C01 2DBEAC 7FE8A2 598F59 5226B7 676898 7FEE24 4960A4 5028E6 4D6191 7FEF32 39658A 78E602 4E611A 7FEFA3 4FE109 41DADD 44A85F 7FF023 58CE02 737928 616636 7FD9EF 570D1E 52DE15 447DAC 7FE888 3E2E0E 7CA7AC 000FFF 02 0FB367,2026-07-27T21:52:16.831+00:00,serial_request_midpoint,356.8482,True,matched,28.7612,28.7612,2026-07-27T21:52:16.859+00:00,59.317079,1785189136786.868,1782,False,,,,,,,,,,,,,,False,,,,,,,,,,,,,,True,0.6674422691102626,-22.53966707647587,-10.623210032688155,42.60673857257737,0.12424950316909193,-0.8004227370636853,-2.9237057075170356,39.48060933006529,16.612311284254385,-29.044214468021018,0.537644185564811,-0.0638422082386553,0.04423945994715979,False,,,,,,,,,,,,,,False,,,,,,,,,,,,,,False,,,,,,,,,,,,,,True,0.08235659967534126,11.251354210828776,9.393642576404169,76.30757365613877,0.1863563168476445,0.013153729427616249,-3.035772610530036,-2.842170943040401e-15,0.0,0.0,0.0,0.0,0.0,True,2,0.6674422691102704,-23.279127658312447,-8.083873309368062,46.91320929680572,2.631906789930917,0.14441691925513428,0.14391167163678978,39.43167885645751,14.000921087894955,-24.717671957396817,-0.06190143935459515,3.003304011748112,0.779300055447364,True,-21.343950377202297,-34.54087474410039,70.61665796372748,37.24285599503651,40.45953821606205,-1.038103784000316
2026-07-27T21:52:17.566+00:00,96.200000,102897.900000,1.217334,4095,2,02,80,FFFFFFFF,32,2.92630245,3.04292235,2.20748335,1.34684905,1.09944462,0.48081661,2.20809553,1.18914856,1.04435098,1.49767538,2.20759599,0.88796761,1.00743922,0.95741431,2.20745757,0.63869448,1.97768140,0.97518402,2.20776863,1.00237117,0.76539720,0.80992957,2.20731073,1.17384329,1.81592209,1.35712958,2.20743915,1.13869520,1.05777371,0.80724106,2.20751546,0.70899965,SD 02 80 FFFFFFFF 91D9C9 944BD0 7FED55 60F018 550BFE 2DBE7F 7FF1E0 598EEE 52271A 67688F 7FEE2B 496086 502886 4D6191 7FED24 396591 78E624 4E60AB 7FEF73 4FE181 41DA9D 44A86B 7FEC0D 58CE35 737880 616573 7FED01 570CF5 52DDE9 447DAF 7FED92 3E2E20 7CA7AB 000FFF 02 0FB373,2026-07-27T21:52:17.387+00:00,serial_request_midpoint,357.0684,True,matched,66.3389,66.3389,2026-07-27T21:52:17.454+00:00,59.911782,1785189137386.841,1800,False,,,,,,,,,,,,,,False,,,,,,,,,,,,,,True,0.73027612691122,-22.555115103149266,-11.746606025675582,42.66643020270119,0.11126924667049781,-0.8022833432557795,-2.929022199407001,39.73677832359128,17.671680569523748,-28.83205231050557,0.532770788241427,-0.07716151575187717,0.04241463958455187,False,,,,,,,,,,,,,,False,,,,,,,,,,,,,,False,,,,,,,,,,,,,,True,0.07078520574770086,11.26727492249684,9.416451360697248,76.29317582489027,0.19488121348814724,0.005874880059867714,-3.037410001435968,2.842170943040401e-15,0.0,0.0,0.0,0.0,0.0,True,2,0.7302761269112079,-23.246072745344595,-9.199879734735203,46.97659097292943,2.6323830722356467,0.13727352126379946,0.13221410491417956,39.62059942237006,15.080003990222604,-24.494952115593946,-0.058476526947446476,2.9924699547498856,0.7689020233745165,True,-21.336788851788064,-35.65861598031505,70.68020306123347,37.28485154109825,41.655830549538656,-0.9611245633993348
2026-07-27T21:52:18.125+00:00,96.800000,102898.500000,1.219165,4095,2,02,80,FFFFFFFF,32,2.92632451,3.04288961,2.20753388,1.34688829,1.09940917,0.48081661,2.20779653,1.18917629,1.04434956,1.49768947,2.20754651,0.88797045,1.00745346,0.95742838,2.20537861,0.63870499,1.97774762,0.97520645,2.20715707,1.00237951,0.76539887,0.80992465,2.20787970,1.17385101,1.81602350,1.35714331,2.20531183,1.13869399,1.05776305,0.80722706,2.20454589,0.70898518,SD 02 80 FFFFFFFF 91D9E8 944BA4 7FEDB5 60F08B 550B86 2DBE7F 7FEFA8 598F47 522715 6768B5 7FEDCD 496091 5028B9 4D61C5 7FDDB4 3965C1 78E6B0 4E60FD 7FEAE9 4FE19F 41DAA4 44A857 7FF046 58CE4E 737968 61659B 7FDD35 570CF1 52DDC4 447D76 7FD784 3E2DE1 7CD7AB 000FFF 02 0FB379,2026-07-27T21:52:17.946+00:00,serial_request_midpoint,358.6464,True,matched,18.7968,18.7968,2026-07-27T21:52:17.964+00:00,60.422279,1785189137886.86,1815,False,,,,,,,,,,,,,,False,,,,,,,,,,,,,,True,0.6831997832398823,-22.860272038951333,-11.894242993465246,42.70646759336118,0.08760098042586104,-0.7947274720909479,-2.9334358974299546,40.119401416927914,17.86609285244226,-28.43573160625092,0.5309803472145589,-0.09620696592373179,0.04040648032563871,False,,,,,,,,,,,,,,False,,,,,,,,,,,,,,False,,,,,,,,,,,,,,True,0.10625548189167558,11.250020289612472,9.397079499341654,76.18066690588603,0.19944220069944685,0.012586058583142023,-3.036115718732927,-2.842170943040401e-15,0.0,0.0,0.0,0.0,0.0,True,2,0.6831997832398679,-23.47278416313846,-9.364690118598206,47.03854726916858,2.638789889606696,0.1350037870489849,0.11116637327168108,39.90871616834186,15.280670582838885,-24.098459816238783,-0.05462661416641691,2.97493825463984,0.7618653443262853,True,-21.35523683401426,-35.94777458050127,70.58481934209757,37.34234577181111,41.901224020907684,-0.6393210347130889
2026-07-27T21:52:18.681+00:00,97.900000,102899.600000,1.217944,4095,2,02,80,FFFFFFFF,32,2.92639922,3.04284272,2.20686766,1.34687533,1.09942926,0.48080021,2.20794708,1.18913485,1.04432642,1.49768836,2.20543329,0.88797589,1.00744313,0.95740917,2.20736547,0.63869579,1.97765586,0.97521247,2.20507524,1.00235057,0.76539600,0.80993203,2.20734389,1.17384267,1.81592427,1.35709973,2.20772494,1.13865921,1.05779070,0.80724769,2.20768810,0.70898656,SD 02 80 FFFFFFFF 91DA51 944B65 7FE8C3 60F065 550BCA 2DBE2B 7FF0C6 598EC2 5226C4 6768B2 7FDE1C 4960A6 502894 4D617E 7FEC75 396597 78E5EE 4E6113 7FDB73 4FE137 41DA98 44A875 7FEC4C 58CE33 737885 61651C 7FEF20 570C7E 52DE24 447DCA 7FEEDA 3E2DE7 7CB7AB 000FFF 02 0FB384,2026-07-27T21:52:18.503+00:00,serial_request_midpoint,356.5095,True,matched,47.13945,47.13945,2026-07-27T21:52:18.551+00:00,61.008361,1785189138486.878,1833,False,,,,,,,,,,,,,,False,,,,,,,,,,,,,,True,0.6668211517982796,-22.957608906761738,-12.574218396784618,42.80094809935545,0.07968680203448779,-0.7895817404668979,-2.93500518204264,40.17091464849763,18.657112069864446,-28.409815670701885,0.5296511491484286,-0.09838548333687365,0.040646600537059804,False,,,,,,,,,,,,,,False,,,,,,,,,,,,,,False,,,,,,,,,,,,,,True,0.07785420220202832,11.250041677530564,9.401629792032075,76.20463919499142,0.19520865663408438,0.01599506215473891,-3.0375740753549905,2.842170943040401e-15,0.0,0.0,0.0,0.0,0.0,True,2,0.6668211517982766,-23.544263899275016,-10.05805534170421,47.1443894276846,2.642552601795413,0.13501441010141765,0.10416103674022273,39.94984445261532,16.07731169128859,-24.069714157163013,-0.05488238309321913,2.973335245248278,0.7593805033730253,True,-21.337865018026932,-36.72054789615645,70.5925153547764,37.343664260363006,42.72880694098812,-0.6501296071992101
2026-07-27T21:52:19.238+00:00,99.100000,102900.800000,1.216723,4095,2,02,80,FFFFFFFF,32,2.92637432,3.04273780,2.20758651,1.34684086,1.09938701,0.48082208,2.20803025,1.18915635,1.04436469,1.49768762,2.20546484,0.88797874,1.00743364,0.95742513,2.20749862,0.63869339,1.97767194,0.97519168,2.20721232,1.00236282,0.76540579,0.80993056,2.20737652,1.17385472,1.81594831,1.35720920,2.20738704,1.13860175,1.05776997,0.80722510,2.20548483,0.70898771,SD 02 80 FFFFFFFF 91DA2E 944AD8 7FEE19 60F000 550B3B 2DBE9B 7FF164 598F07 52274A 6768B0 7FDE58 4960B1 502872 4D61B9 7FED72 39658C 78E610 4E60C7 7FEB52 4FE163 41DAC1 44A86F 7FEC8A 58CE5A 7378BC 61665B 7FEC9E 570BC0 52DDDC 447D6E 7FDE7E 3E2DEC 7C97AB 000FFF 02 0FB390,2026-07-27T21:52:19.060+00:00,serial_request_midpoint,355.6601,True,matched,67.00835,67.00835,2026-07-27T21:52:19.127+00:00,61.584916,1785189139053.536,1850,False,,,,,,,,,,,,,,False,,,,,,,,,,,,,,True,0.7313906666254085,-23.214547331699443,-13.05476166935247,42.86175517256835,0.05686764239634161,-0.7839399347880186,-2.9387509756594983,40.45859494155407,19.09175835664841,-28.388882944348723,0.5248304299850138,-0.11251113565159182,0.037790088709910616,False,,,,,,,,,,,,,,False,,,,,,,,,,,,,,False,,,,,,,,,,,,,,True,0.0930155523082858,11.260236756797413,9.409533442664795,76.24088823190729,0.19358026623062885,0.01565480259167969,-3.0371574423116496,0.0,0.0,1.1368683772161604e-14,0.0,0.0,0.0,True,2,0.7313906666254005,-23.725358830131043,-10.550811410319453,47.22180424528369,2.6474246516136435,0.13252651275197325,0.08378693686823888,40.16498520847023,16.532225687873456,-24.041089360789403,-0.04993255387692162,2.961648747787373,0.7490757774650515,True,-21.330458668744402,-37.307538745121086,70.54375335508618,37.43681205525672,43.30113340311338,-0.7697772853777224
2026-07-27T21:52:19.794+00:00,99.600000,102901.300000,1.219775,4095,2,02,80,FFFFFFFF,32,2.92632664,3.04282040,2.20705604,1.34687226,1.09939056,0.48078986,2.20506315,1.18911085,1.04434156,1.49767612,2.20481029,0.88797201,1.00742191,0.95740267,2.20434670,0.63870170,1.97762512,0.97519305,2.20466258,1.00234278,0.76538693,0.80994261,2.20494171,1.17381766,1.81589979,1.35721229,2.20685030,1.13862413,1.05776507,0.80724671,2.20546484,0.70897507,SD 02 80 FFFFFFFF 91D9EB 944B47 7FEA29 60F05C 550B47 2DBDF6 7FDB5C 598E75 5226F9 676891 7FD97B 496097 502848 4D6166 7FD609 3965B2 78E5AD 4E60CC 7FD862 4FE11B 41DA72 44A8A0 7FDA75 58CDE2 73784D 616664 7FE8A2 570C0A 52DDCB 447DC6 7FDE58 3E2DB5 7CE7AB 000FFF 02 0FB395,2026-07-27T21:52:19.616+00:00,serial_request_midpoint,355.7558,True,matched,93.9296,93.9296,2026-07-27T21:52:19.710+00:00,62.167802,1785189139653.54,1868,False,,,,,,,,,,,,,,False,,,,,,,,,,,,,,True,0.7005182840811925,-22.561556591913543,-13.95237026975693,42.57297340006819,0.08836092168217737,-0.8076998166002687,-2.935314992314684,39.94650559464393,20.087216094326386,-28.666613199905772,0.5416972838445377,-0.09304855365310788,0.03653579888517205,False,,,,,,,,,,,,,,False,,,,,,,,,,,,,,False,,,,,,,,,,,,,,True,0.07376235199740526,11.258301557315805,9.4081097158507,76.2107414830449,0.19526853791858256,0.016055020094907273,-3.0378863633691764,0.0,0.0,0.0,0.0,0.0,0.0,True,2,0.7005182840811914,-23.170656307793912,-11.386417676365085,46.88407626796247,2.631102876023434,0.12774061617692833,0.11162281565929699,39.747628840854965,17.45566743601895,-24.356610553880046,-0.04905721025942704,2.974033708275863,0.778648939662842,True,-21.23962033097681,-37.79753034282752,70.63898191938138,37.34053229689888,43.82755543354801,-0.6015958326468536
2026-07-27T21:52:20.350+00:00,100.800000,102902.500000,1.219775,4095,2,02,80,FFFFFFFF,32,2.92638641,3.04286803,2.20481292,1.34684701,1.09935511,0.48079396,2.20752283,1.18910119,1.04434384,1.49766797,2.20764494,0.88796321,1.00743727,0.95740484,2.20743967,0.63870345,1.97763883,0.97516103,2.20749704,1.00234250,0.76539457,0.80993498,2.20801025,1.17380160,1.81591334,1.35715669,2.20760441,1.13860175,1.05776622,0.80722584,2.20798077,0.70898633,SD 02 80 FFFFFFFF 91DA3F 944B87 7FD980 60F012 550ACF 2DBE0B 7FEDA0 598E56 522701 67687B 7FEE88 496075 50287F 4D616E 7FED02 3965BA 78E5CA 4E6057 7FED6F 4FE11A 41DA92 44A881 7FF13E 58CDAE 73786C 6165C2 7FEE3B 570BC0 52DDCF 447D71 7FF106 3E2DE6 7CE7AD 000FFF 02 0FB3A1,2026-07-27T21:52:20.173+00:00,serial_request_midpoint,355.4789,True,matched,29.51415,29.51415,2026-07-27T21:52:20.202+00:00,62.65986,1785189140120.222,1882,False,,,,,,,,,,,,,,False,,,,,,,,,,,,,,True,0.7813330753516299,-22.49475835436126,-14.458407592817897,42.46823422701732,0.09196989304549776,-0.8156698070168864,-2.9347707870456317,39.87087216603667,20.393014956967676,-29.217140251115353,0.5410606045641768,-0.08654547326377712,0.03307072262450197,False,,,,,,,,,,,,,,False,,,,,,,,,,,,,,False,,,,,,,,,,,,,,True,0.10797553157417661,11.27670372787013,9.42566501586725,76.35395710879088,0.18865312843046872,0.0065057529347844435,-3.0375198759698527,2.842170943040401e-15,0.0,0.0,0.0,0.0,0.0,True,2,0.7813330753516158,-23.113833640976026,-11.870420061668566,46.764719936703294,2.625929722829592,0.12539611216916452,0.11469940228519401,39.698369560073175,17.764597926170598,-24.904091458373834,-0.04401970129491215,2.980626755013427,0.7793143511078745,True,-21.28269814006364,-38.165369833262744,70.65601278616597,37.502407843923386,44.15579876772157,-1.1500689566106304
2026-07-27T21:52:20.907+00:00,101.300000,102903.000000,1.218555,4095,2,02,80,FFFFFFFF,32,2.92640989,3.04286951,2.20751493,1.34685485,1.09939145,0.48081095,2.20766915,1.18909683,1.04436669,1.49765017,2.20768494,0.88794095,1.00744844,0.95741458,2.20780758,0.63870433,1.97767383,0.97516760,2.20527661,1.00233526,0.76538096,0.80993178,2.20699921,1.17381797,1.81586876,1.35716116,2.20741651,1.13859389,1.05777544,0.80722461,2.20753651,0.70895278,SD 02 80 FFFFFFFF 91DA60 944B89 7FED91 60F029 550B4A 2DBE62 7FEEB6 598E48 522751 67684B 7FEED4 49601F 5028A7 4D6192 7FEFBD 3965BE 78E614 4E606F 7FDCF2 4FE100 41DA59 44A874 7FE9BD 58CDE3 737806 6165CF 7FECD6 570BA6 52DDEF 447D6C 7FEDBA 3E2D54 7CC7AD 000FFF 02 0FB3A6,2026-07-27T21:52:20.729+00:00,serial_request_midpoint,356.6776,True,matched,47.3209,47.3209,2026-07-27T21:52:20.777+00:00,63.234426,1785189140720.248,1900,False,,,,,,,,,,,,,,False,,,,,,,,,,,,,,True,0.8115891978300335,-22.803491275806376,-15.330317129655825,42.61977526404545,0.0690164289282627,-0.8062344911920493,-2.9388574345687895,40.33198911913766,21.38797120035493,-28.660270230439767,0.5384163569218652,-0.1056779224685273,0.03351599292123808,False,,,,,,,,,,,,,,False,,,,,,,,,,,,,,False,,,,,,,,,,,,,,True,0.10357867927919696,11.271275999719588,9.415317642954493,76.26631361310308,0.19499772601356727,0.013823281318899655,-3.037715933098068,0.0,0.0,0.0,0.0,0.0,0.0,True,2,0.8115891978300176,-23.34734670154814,-12.76534855568274,46.940178107665126,2.6332871880919178,0.12406122245854716,0.09439145767727267,40.067899985207326,18.770017065527547,-24.34549372197314,-0.04395955359843225,2.9632707135244334,0.7708908754863595,True,-21.292706665703115,-39.211819493301086,70.64532404691131,37.561989742552065,45.2241584050454,-0.6923726895022355
2026-07-27T21:52:21.464+00:00,102.500000,102904.200000,1.219165,4095,2,02,80,FFFFFFFF,32,2.92637005,3.04265296,2.20741967,1.34681664,1.09935630,0.48080841,2.20527766,1.18904230,1.04436441,1.49768168,2.20726968,0.88794845,1.00745402,0.95741404,2.20793602,0.63869842,1.97768376,0.97517198,2.20782022,1.00233415,0.76537404,0.80993375,2.20762020,1.17379512,1.81591597,1.35716321,2.20515673,1.13859328,1.05779301,0.80725039,2.20726547,0.70895484,SD 02 80 FFFFFFFF 91DA28 944A66 7FECDC 60EFB9 550AD3 2DBE55 7FDCF4 598D99 522749 6768A0 7FEBBF 49603C 5028BB 4D6190 7FF0B1 3965A3 78E629 4E607F 7FEFD5 4FE0FC 41DA3C 44A87C 7FEE59 58CD99 737872 6165D5 7FDC0E 570BA4 52DE2C 447DD5 7FEBB7 3E2D5D 7CD7AD 000FFF 02 0FB3B2,2026-07-27T21:52:21.286+00:00,serial_request_midpoint,356.9012,True,matched,66.6246,66.6246,2026-07-27T21:52:21.353+00:00,63.810683,1785189141286.944,1917,False,,,,,,,,,,,,,,False,,,,,,,,,,,,,,True,0.8248764308090649,-22.105593003311828,-16.037224066790447,42.52801785391621,0.10678468787352989,-0.822807318785849,-2.940377407141167,39.72445914670603,21.73433237247497,-29.240044453767457,0.5383662028241936,-0.07899553901491871,0.024432606702854638,False,,,,,,,,,,,,,,False,,,,,,,,,,,,,,False,,,,,,,,,,,,,,True,0.08570008736813513,11.283901509520947,9.436547368811354,76.31592520045152,0.1916031053597708,-0.004272646468485231,-3.035965980908329,0.0,-1.4210854715202005e-15,0.0,0.0,0.0,0.0,True,2,0.8248764308090578,-22.760812027695707,-13.433929556890874,46.80987128151842,2.6222245060819716,0.11495905833446163,0.12772707169097558,39.57609556887892,19.11783691152181,-24.91885679269065,-0.031069970822857448,2.9891460026001244,0.7772712983871994,True,-21.335154408329647,-39.669373501578434,70.79403889495975,37.77203703498286,45.581664215755026,-1.212686035899378
2026-07-27T21:52:22.021+00:00,103.100000,102904.800000,1.218555,4095,2,02,80,FFFFFFFF,32,2.92641345,3.04280924,2.20745230,1.34676409,1.09938672,0.48080177,2.20754862,1.18912020,1.04428586,1.49765128,2.20771284,0.88797123,1.00741605,0.95736073,2.20801709,0.63870017,1.97770552,0.97522533,2.20798340,1.00233331,0.76535613,0.80992047,2.20814133,1.17378523,1.81593083,1.35715669,2.20792971,1.13855669,1.05778235,0.80725309,2.20757441,0.70894060,SD 02 80 FFFFFFFF 91DA65 944B38 7FED1A 60EF1F 550B3A 2DBE33 7FEDD1 598E93 522636 67684E 7FEF09 496094 502833 4D60CB 7FF14B 3965AB 78E657 4E6142 7FF10B 4FE0F9 41D9F1 44A846 7FF237 58CD79 737894 6165C2 7FF0A5 570B2B 52DE07 447DE0 7FEE02 3E2D1F 7CC7AD 000FFF 02 0FB3B8,2026-07-27T21:52:21.843+00:00,serial_request_midpoint,356.1178,True,matched,84.3743,84.3743,2026-07-27T21:52:21.927+00:00,64.385152,1785189141853.605,1934,False,,,,,,,,,,,,,,False,,,,,,,,,,,,,,True,0.7816515471017123,-20.26172317173875,-16.572353161062914,41.98975744998384,0.17753909066188778,-0.8627187589396922,-2.9482984912027383,38.12768136139047,22.76050753325443,-29.49054063071706,0.5739236705188471,-0.03881423732774039,0.007388944737309667,False,,,,,,,,,,,,,,False,,,,,,,,,,,,,,False,,,,,,,,,,,,,,True,0.11103638098242942,11.273849942702997,9.42096746444844,76.21413015514956,0.19963269869560465,0.00960425799541502,-3.0367168942096865,2.842170943040401e-15,-1.4210854715202005e-15,0.0,0.0,0.0,0.0,True,2,0.7816515471017137,-21.108000775954256,-13.87394271720492,46.17820802260313,2.596284628233337,0.08612391015726205,0.18889023079329056,38.15115840108402,19.992599228142108,-25.26220108081204,-0.0067417308640510655,3.0136142919621105,0.840964112373424,True,-21.1565398518745,-39.610227501348476,70.73859491287257,37.49381547529443,45.60315555770517,-0.5794415207397379
2026-07-27T21:52:22.578+00:00,104.200000,102905.900000,1.219775,4095,2,02,80,FFFFFFFF,32,2.92630885,3.04272589,2.20739231,1.34673646,1.09935718,0.48081153,2.20782022,1.18910992,1.04427443,1.49767538,2.20539281,0.88795958,1.00741884,0.95738941,2.20671982,0.63869601,1.97764404,0.97518511,2.20753756,1.00231578,0.76536711,0.80992637,2.20545853,1.17381550,1.81597061,1.35715772,2.20705867,1.13850921,1.05776075,0.80724572,2.20539544,0.70896082,SD 02 80 FFFFFFFF 91D9D2 944AC8 7FECA8 60EECE 550AD6 2DBE65 7FEFD5 598E72 52260E 67688F 7FDDCF 496067 50283D 4D6135 7FE7AA 396598 78E5D5 4E60AF 7FEDBC 4FE0BA 41DA1F 44A85E 7FDE4C 58CDDB 7378EF 6165C5 7FEA2E 570A8E 52DDBC 447DC2 7FDDD4 3E2D77 7CE7AD 000FFF 02 0FB3C3,2026-07-27T21:52:22.400+00:00,serial_request_midpoint,356.4349,True,matched,19.44585,19.44585,2026-07-27T21:52:22.419+00:00,64.877256,1785189142353.594,1949,False,,,,,,,,,,,,,,False,,,,,,,,,,,,,,True,0.831416826704279,-20.350356907082496,-16.73266048093387,41.953166873476576,0.16749221873572395,-0.866642687484225,-2.9407284395814686,38.11000320937664,22.887802849572005,-29.721140532435122,0.5751123706334943,-0.041572253139444716,0.014387624870752694,False,,,,,,,,,,,,,,False,,,,,,,,,,,,,,False,,,,,,,,,,,,,,True,0.10633641646753687,11.272527899559998,9.418489448283106,76.24136560618587,0.19442186669748315,0.006479473972043631,-3.038136206714966,-2.842170943040401e-15,-1.4210854715202005e-15,0.0,0.0,0.0,0.0,True,2,0.8314168267042423,-21.176348838670506,-14.019501877475893,46.13613598733063,2.5927707204752415,0.09503292659020225,0.18008546769926542,38.13046015772604,20.115442499819125,-25.49570298226285,-0.01748208839990429,3.0103872901500344,0.8418840584366066,True,-20.919450348790697,-39.64657936442779,70.80916209633901,37.21013768239469,45.69460273205372,-0.7888034785368291
2026-07-27T21:52:23.137+00:00,104.800000,102906.500000,1.218555,4095,2,02,80,FFFFFFFF,32,2.92636222,3.04259567,2.20470148,1.34671769,1.09937284,0.48081603,2.20728863,1.18908904,1.04424901,1.49766574,2.20764494,0.88794716,1.00739120,0.95742026,2.20769704,0.63868923,1.97771262,0.97518675,2.20771863,1.00230688,0.76536783,0.80992834,2.20804236,1.17381519,1.81585389,1.35710625,2.20780969,1.13850256,1.05771870,0.80722927,2.20804763,0.70894749,SD 02 80 FFFFFFFF 91DA1D 944A19 7FD8AC 60EE97 550B0B 2DBE7C 7FEBE3 598E2F 5225B5 676875 7FEE88 496037 5027DA 4D61A7 7FEEEB 396579 78E666 4E60B5 7FEF14 4FE09A 41DA22 44A866 7FF17B 58CDDA 7377E4 61652F 7FEFC1 570A78 52DD2A 447D7F 7FF185 3E2D3D 7CC7AE 000FFF 02 0FB3C9,2026-07-27T21:52:22.958+00:00,serial_request_midpoint,358.8103,True,matched,44.20495,44.20495,2026-07-27T21:52:23.003+00:00,65.460254,1785189142920.274,1966,False,,,,,,,,,,,,,,False,,,,,,,,,,,,,,True,0.8391433941093619,-19.827611573388193,-16.827163062520757,41.95773352410186,0.19200110114323157,-0.8740745635029,-2.9318050941188853,37.70342975343368,22.870721483508323,-29.800833578759182,0.5794492135984767,-0.027291364569727066,0.017668405357710734,False,,,,,,,,,,,,,,False,,,,,,,,,,,,,,False,,,,,,,,,,,,,,True,0.08747456768145197,11.272489566791615,9.420627157231849,76.25854132782077,0.19621453751420728,0.003236007622607938,-3.0353953576345276,-2.842170943040401e-15,0.0,0.0,0.0,0.0,0.0,True,2,0.8391433941093478,-20.738499242339586,-14.097015979800053,46.11192458722263,2.585075143535006,0.1020565321331507,0.2014720877107631,37.79703322036543,20.081353041607862,-25.587594336328642,-0.023048220358840032,3.0220824486797393,0.8520573140068911,True,-20.605041381869498,-39.57439212204311,70.94047284599708,37.0052686079261,45.55212751514495,-0.764539100341915
2026-07-27T21:52:23.694+00:00,105.900000,102907.600000,1.217334,4095,2,02,80,FFFFFFFF,32,2.92642128,3.04253316,2.20757125,1.34665492,1.09937047,0.48079747,2.20761020,1.18904947,1.04423073,1.49768762,2.20784548,0.88792775,1.00740377,0.95738292,2.20772020,0.63869120,1.97773910,0.97515173,2.20758862,1.00228350,0.76538096,0.80989145,2.20781916,1.17378091,1.81587575,1.35706335,2.20782758,1.13850619,1.05771986,0.80721970,2.20798130,0.70894979,SD 02 80 FFFFFFFF 91DA70 9449C5 7FEDFC 60EDDF 550B03 2DBE1D 7FEE46 598DB0 522575 6768B0 7FF005 495FEC 502807 4D611D 7FEF17 396582 78E69E 4E6035 7FEE1D 4FE046 41DA59 44A7D0 7FEFD3 58CD6B 737816 6164B2 7FEFE3 570A84 52DD2E 447D58 7FF107 3E2D47 7CA7AE 000FFF 02 0FB3D4,2026-07-27T21:52:23.516+00:00,serial_request_midpoint,356.2748,True,matched,62.346,62.346,2026-07-27T21:52:23.578+00:00,66.036451,1785189143520.284,1984,False,,,,,,,,,,,,,,False,,,,,,,,,,,,,,True,0.8294633461061885,-19.40834245815915,-17.182750091140143,41.91522685446239,0.20423519879356375,-0.874680685929301,-2.9220634247955477,37.28817720610279,23.1353053700849,-30.132421446061265,0.5760024720093813,-0.016990704015802806,0.02627736276180058,False,,,,,,,,,,,,,,False,,,,,,,,,,,,,,False,,,,,,,,,,,,,,True,0.08932464286292383,11.285102186182801,9.433139798828487,76.31174117428318,0.19400760582098123,-0.004860095221469961,-3.0363213307010204,0.0,0.0,0.0,0.0,0.0,0.0,True,2,0.8294633461061891,-20.371097939057734,-14.45228829817008,46.05749713787276,2.581910384777918,0.11345157001182994,0.2124052794355299,37.443071645805155,20.362708313181926,-25.909929753671992,0.03646813636513016,-3.016919207102661,-0.8447871795206371,True,-20.118532205825264,-39.868059679918744,70.94817993994211,36.551636159026565,45.91474823550224,-1.1739253610218043
2026-07-27T21:52:24.250+00:00,107.100000,102908.800000,1.219165,4095,2,02,80,FFFFFFFF,32,2.92621209,3.04273928,2.20765809,1.34666174,1.09935748,0.48080607,2.20567676,1.18906505,1.04424444,1.49766129,2.20701657,0.88791014,1.00740014,0.95737913,2.20513781,0.63868704,1.97757593,0.97515009,2.20476613,1.00232218,0.76535135,0.80990473,2.20670403,1.17381117,1.81593520,1.35713164,2.20742125,1.13848623,1.05771352,0.80722805,2.20770652,0.70893899,SD 02 80 FFFFFFFF 91D94A 944ADA 7FEEA1 60EDF3 550AD7 2DBE49 7FDFEB 598DE2 5225A5 676869 7FE9DE 495FA8 5027FA 4D610F 7FDBEA 39656F 78E545 4E602F 7FD927 4FE0D1 41D9DD 44A806 7FE78C 58CDCD 73789E 616579 7FECDF 570A42 52DD18 447D7A 7FEEFD 3E2D18 7CD7AE 000FFF 02 0FB3E0,2026-07-27T21:52:24.073+00:00,serial_request_midpoint,355.5966,True,matched,82.8297,82.8297,2026-07-27T21:52:24.155+00:00,66.613328,1785189144086.947,2001,False,,,,,,,,,,,,,,False,,,,,,,,,,,,,,True,0.7715498952220353,-18.844373489381574,-17.165663041462885,41.99969945519149,0.20590213602355772,-0.8728559378695795,-2.9090588582495585,36.64838704788114,23.329187627653532,-30.10367680016294,0.5804040657155048,-0.013374351443726352,0.03941590105555392,False,,,,,,,,,,,,,,False,,,,,,,,,,,,,,False,,,,,,,,,,,,,,True,0.06351744565437957,11.28450389196117,9.443067363692982,76.31897741134871,0.19084962569243655,0.0011615888611872204,-3.0369152053713155,0.0,1.4210854715202005e-15,0.0,0.0,0.0,0.0,True,2,0.7715498952220065,-19.83342920430538,-14.43895389252564,46.13824375150811,2.5799978864972215,0.13074964947413764,0.2142682805868253,36.839866745930784,20.540871322653118,-25.89305326068569,0.05685926279058562,-3.0115645631591312,-0.8502210483926421,True,-19.208767653281733,-39.79724022989906,71.08094662650949,35.5995027864729,45.972397118795314,-1.0481280714165222
2026-07-27T21:52:24.807+00:00,107.600000,102909.300000,1.218555,4095,2,02,80,FFFFFFFF,32,2.92630743,3.04269538,2.20738125,1.34665526,1.09931790,0.48079415,2.20744599,1.18904760,1.04421046,1.49767464,2.20786180,0.88794017,1.00736329,0.95736777,2.20553110,0.63867675,1.97765491,0.97514270,2.20720075,1.00226541,0.76536878,0.80992268,2.20779126,1.17378832,1.81592427,1.35713713,2.20780758,1.13842545,1.05768818,0.80723050,2.20782022,0.70894152,SD 02 80 FFFFFFFF 91D9D0 944A9F 7FEC93 60EDE0 550A51 2DBE0C 7FED0E 598DAA 52252E 67688D 7FF024 49601C 502776 4D60E5 7FDED6 396540 78E5EC 4E6014 7FEB3C 4FE005 41DA26 44A84F 7FEF9E 58CD83 737885 616589 7FEFBD 570979 52DCC0 447D84 7FEFD5 3E2D23 7CC7AE 000FFF 02 0FB3E5,2026-07-27T21:52:24.629+00:00,serial_request_midpoint,356.0789,True,matched,25.12355,25.12355,2026-07-27T21:52:24.653+00:00,67.111636,1785189144586.948,2016,False,,,,,,,,,,,,,,False,,,,,,,,,,,,,,True,0.8330718513841042,-18.77298615771228,-17.235865138787325,42.108709496844284,0.18349628662204667,-0.8653676300441427,-2.909086935492848,36.80102751454082,23.27279938836866,-29.735228513094334,0.5727183437610447,-0.03508165784634838,0.04293811882408126,False,,,,,,,,,,,,,,False,,,,,,,,,,,,,,False,,,,,,,,,,,,,,True,0.07879183759530894,11.281026746137151,9.432981910636547,76.25034884900296,0.20125422553285927,-0.0016581576195585017,-3.034680321283093,0.0,0.0,0.0,0.0,0.0,0.0,True,2,0.8330718513841002,-19.696996621483354,-14.524152136262426,46.272066324723895,2.585796420200277,0.1352926109117875,0.19479621746352277,36.893157776313856,20.514587982582068,-25.501494383826508,-0.06170576555361037,3.01674070920127,0.8392575206047667,True,-18.707501094129547,-39.97630329146155,71.10712652006853,35.19070707132543,46.12910415392413,-0.8728619078385578
2026-07-27T21:52:25.363+00:00,108.800000,102910.500000,1.217944,4095,2,02,80,FFFFFFFF,32,2.92624055,3.04261948,2.20757388,1.34665151,1.09933326,0.48079005,2.20774021,1.18903825,1.04425787,1.49764980,2.20788707,0.88793163,1.00738059,0.95738860,2.20758599,0.63866931,1.97759721,0.97517362,2.20750862,1.00224788,0.76536496,0.80991408,2.20755704,1.17378184,1.81590154,1.35707227,2.20752967,1.13841910,1.05771870,0.80721110,2.20736757,0.70893623,SD 02 80 FFFFFFFF 91D972 944A39 7FEE01 60EDD5 550A85 2DBDF7 7FEF3D 598D8C 5225D4 67684A 7FF054 495FFB 5027B4 4D6132 7FEE18 39651E 78E572 4E6085 7FED85 4FDFC6 41DA16 44A82C 7FEDE1 58CD6E 737851 6164CC 7FEDAD 570964 52DD2A 447D35 7FEC79 3E2D0C 7CB7AC 000FFF 02 0FB3F1,2026-07-27T21:52:25.185+00:00,serial_request_midpoint,356.5672,True,matched,52.1142,52.1142,2026-07-27T21:52:25.237+00:00,67.695115,1785189145153.626,2033,False,,,,,,,,,,,,,,False,,,,,,,,,,,,,,True,0.8715115392400042,-18.498831627534596,-17.30264419503523,42.17765269372866,0.1695999829610075,-0.8666405304544363,-2.9075067690693066,36.416040425057446,23.159927849573478,-30.093037302759967,0.5666476785894584,-0.03980605809532205,0.04363200328939081,False,,,,,,,,,,,,,,False,,,,,,,,,,,,,,False,,,,,,,,,,,,,,True,0.09167871427048646,11.289768602490538,9.438128685097993,76.31958460232234,0.19492734878592177,-0.012332990599078249,-3.0353149201576684,-2.842170943040401e-15,0.0,0.0,0.0,0.0,0.0,True,2,0.8715115392399985,-19.382551133388887,-14.58326651311532,46.3447557173984,2.5853222148529538,0.13772099704962934,0.18249615115067624,36.485773740672485,20.426941119985713,-25.842549853958417,-0.06247340678653315,3.014730851277049,0.8288754873423259,True,-18.185334786644194,-39.99477704854312,71.21226705365957,34.68641466455052,46.18917058305398,-1.3754054611294122
2026-07-27T21:52:25.920+00:00,109.300000,102911.000000,1.218554,4095,2,02,80,FFFFFFFF,32,2.92649457,3.04263511,2.20496537,1.34670678,1.09935157,0.48080021,2.20445076,1.18905663,1.04424844,1.49766574,2.20463262,0.88793473,1.00739511,0.95735559,2.20715286,0.63867807,1.97763552,0.97515009,2.20745651,1.00230270,0.76538239,0.80991875,2.20790549,1.17385286,1.81583160,1.35714056,2.20779758,1.13846415,1.05769998,0.80717919,2.20776758,0.70892911,SD 02 80 FFFFFFFF 91DAD7 944A4E 7FDAA2 60EE77 550AC3 2DBE2B 7FD6CF 598DC7 5225B3 676875 7FD829 496007 5027E8 4D60B8 7FEAE1 396546 78E5C3 4E602F 7FED22 4FE08B 41DA5F 44A83F 7FF077 58CE54 7377B1 616593 7FEFAA 5709F9 52DCE9 447CB3 7FEF71 3E2CED 7CC7AC 000FFF 02 0FB3F6,2026-07-27T21:52:25.742+00:00,serial_request_midpoint,355.8898,True,matched,73.8684,73.8684,2026-07-27T21:52:25.815+00:00,68.273269,1785189145753.633,2051,False,,,,,,,,,,,,,,False,,,,,,,,,,,,,,True,0.8272473559467676,-18.37046198713206,-17.095980477134127,42.33733514652741,0.15489795587996086,-0.8518348463807063,-2.9028598103900296,36.21886885435932,23.2636935380133,-29.750367969847787,0.5647608917197433,-0.049136213736586956,0.054196737415635216,False,,,,,,,,,,,,,,False,,,,,,,,,,,,,,False,,,,,,,,,,,,,,True,0.07554945907713839,11.288071966702175,9.441274013656521,76.31138083233733,0.19513445405337243,-0.0005885531286936506,-3.036604918785825,0.0,0.0,0.0,0.0,0.0,0.0,True,2,0.8272473559467727,-19.221176182883323,-14.41352268037166,46.53512365293144,2.594044568157586,0.15038921532724603,0.17002180956287904,36.2586453652709,20.538791207305657,-25.494307827410182,-0.07828788215794194,3.0061452951771,0.823411571725547,True,-17.552312422721677,-39.99990708974612,71.19527655874059,33.98077161160375,46.330063956080586,-1.0977331520012967
2026-07-27T21:52:26.477+00:00,110.500000,102912.200000,1.217944,4095,2,02,80,FFFFFFFF,32,2.92671161,3.04287026,2.20731652,1.34683165,1.09932528,0.48079298,2.20516462,1.18906380,1.04429728,1.49768910,2.20732178,0.88792878,1.00744593,0.95740700,2.20537914,0.63867194,1.97765728,0.97514927,2.20724811,1.00234166,0.76539194,0.80993326,2.20812343,1.17385256,1.81593564,1.35718106,2.20767810,1.13847988,1.05773109,0.80721012,2.20784232,0.70895599,SD 02 80 FFFFFFFF 91DC08 944B8A 7FEC18 60EFE5 550A6A 2DBE06 7FDC1D 598DDE 52265E 6768B4 7FEC22 495FF0 50289E 4D6176 7FDDB5 39652A 78E5F1 4E602C 7FEB96 4FE117 41DA87 44A87A 7FF215 58CE53 73789F 616609 7FEEC7 570A2D 52DD55 447D31 7FEFFF 3E2D62 7CB7AE 000FFF 02 0FB402,2026-07-27T21:52:26.299+00:00,serial_request_midpoint,356.5725,True,matched,33.38485,33.38485,2026-07-27T21:52:26.332+00:00,68.789961,1785189146253.637,2066,False,,,,,,,,,,,,,,False,,,,,,,,,,,,,,True,0.8997943636856286,-17.490480617216125,-16.811506034203497,42.62762842304341,0.24619883153951136,-0.8491792717693343,-2.889729915205729,35.29930926124992,23.077961544342607,-29.547534730629593,0.5691382242655257,0.012735768042085671,0.05969002268893512,False,,,,,,,,,,,,,,False,,,,,,,,,,,,,,False,,,,,,,,,,,,,,True,0.11715184613609653,11.290812817724234,9.446246277340798,76.30043560894241,0.19333774067734405,0.002636199597611733,-3.0347711263403374,0.0,0.0,0.0,0.0,0.0,0.0,True,2,0.8997943636856063,-18.63991587170489,-14.162762216369435,46.775360070743304,2.587608914658663,0.1614484990747831,0.25159771418919263,35.642916491004335,20.34656627849852,-25.309358588526464,0.08784720880545849,-2.991176592441275,-0.8259805740380557,True,-17.735077587772235,-39.77405652280436,71.44952036772713,34.190446829101745,46.03407910375955,-0.7408150528291912
2026-07-27T21:52:27.034+00:00,111.100000,102912.800000,1.217944,4095,2,02,80,FFFFFFFF,32,2.92667887,3.04291565,2.20763651,1.34690194,1.09934212,0.48079923,2.20575039,1.18908655,1.04431014,1.49767019,2.20732442,0.88794845,1.00743113,0.95739861,2.20787022,0.63866712,1.97774998,0.97514516,2.20723337,1.00236282,0.76537786,0.80994015,2.20786075,1.17387479,1.81586001,1.35724387,2.20526662,1.13847957,1.05776161,0.80720570,2.20499586,0.70894312,SD 02 80 FFFFFFFF 91DBDA 944BC7 7FEE78 60F0B3 550AA3 2DBE26 7FE077 598E27 52268B 676881 7FEC27 49603C 502869 4D6157 7FF034 396514 78E6B5 4E601D 7FEB7A 4FE163 41DA4C 44A896 7FF022 58CE9B 7377F2 6166C0 7FDCDF 570A2C 52DDBF 447D1F 7FDADC 3E2D2A 7CB7AE 000FFF 02 0FB408,2026-07-27T21:52:26.855+00:00,serial_request_midpoint,356.5754,True,matched,57.3009,57.3009,2026-07-27T21:52:26.912+00:00,69.370614,1785189146853.644,2084,False,,,,,,,,,,,,,,False,,,,,,,,,,,,,,True,0.7810560235251134,-17.29038725177364,-16.31821384260179,42.79311112283228,0.2320053049142578,-0.8200317231999416,-2.907991213580192,35.00004104372625,22.477302430111315,-29.626182377061717,0.5433669457290558,0.005057055419058466,0.049061885097943764,False,,,,,,,,,,,,,,False,,,,,,,,,,,,,,False,,,,,,,,,,,,,,True,0.11384529274776173,11.296198119234322,9.448724545675352,76.36117187642564,0.19136608859232276,-0.0042313325970918,-3.0351485794696456,0.0,0.0,0.0,0.0,0.0,0.0,True,2,0.7810560235251041,-18.37838943165637,-13.75008071122706,47.00757030806825,2.6108223479310935,0.1504311844691658,0.23982761918015935,35.28916920527837,19.851713864483962,-25.31765451500043,0.07114817304503626,-3.0091552111409654,-0.7894858337705952,True,-17.503002675258223,-39.9015457524434,71.10955962341131,34.029812668767974,46.17757357823099,-1.4234199347045204
2026-07-27T21:52:27.590+00:00,112.200000,102913.900000,1.217944,4095,2,02,80,FFFFFFFF,32,2.92686533,3.04289035,2.20703762,1.34697292,1.09930756,0.48077931,2.20754704,1.18908468,1.04433784,1.49770245,2.20750230,0.88795001,1.00747189,0.95739077,2.20794813,0.63868135,1.97777978,0.97513860,2.20775600,1.00237172,0.76540173,0.80992268,2.20773968,1.17387170,1.81594438,1.35716596,2.20517566,1.13849379,1.05781173,0.80723197,2.20736810,0.70894175,SD 02 80 FFFFFFFF 91DCE0 944BA5 7FEA06 60F183 550A2E 2DBDC0 7FEDCE 598E21 5226EC 6768D8 7FED79 496042 5028FB 4D613A 7FF0C8 396555 78E6F4 4E6005 7FEF5B 4FE183 41DAB0 44A84F 7FEF3C 58CE91 7378B3 6165DD 7FDC32 570A5B 52DE6D 447D8A 7FEC7A 3E2D24 7CB7AE 000FFF 02 0FB413,2026-07-27T21:52:27.412+00:00,serial_request_midpoint,356.6719,True,matched,65.47025,65.47025,2026-07-27T21:52:27.477+00:00,69.935633,1785189147420.317,2101,False,,,,,,,,,,,,,,False,,,,,,,,,,,,,,True,0.8786056635391899,-16.721951627165694,-16.152567631180936,42.91721043949018,0.2691752733729571,-0.8189379966052847,-2.903635189361777,34.31821756839074,22.15940773041438,-29.82617151261267,0.5369493874205483,0.03292880992485263,0.0498247670498585,False,,,,,,,,,,,,,,False,,,,,,,,,,,,,,False,,,,,,,,,,,,,,True,0.08338174239853868,11.294742435452742,9.444721741535663,76.35706010579386,0.18776081199792463,-0.015348115659163978,-3.035986561728737,0.0,-1.4210854715202005e-15,0.0,0.0,0.0,0.0,True,2,0.8786056635391796,-17.928677066467607,-13.598699807678633,47.10794974105276,2.608025218439045,0.15285222939964277,0.27316135521285,34.74132719174405,19.56702692104576,-25.508618614814765,0.0722268234913503,-2.9850096660044394,-0.7729124900839175,True,-17.401886316276617,-39.77277080250189,71.19553604179309,33.89090998121845,46.05175527063229,-1.7724169483981769
2026-07-27T21:52:28.150+00:00,112.800000,102914.500000,1.219165,4095,2,02,80,FFFFFFFF,32,2.92663475,3.04297519,2.20745599,1.34699066,1.09934891,0.48080197,2.20572146,1.18905352,1.04434984,1.49768391,2.20745809,0.88795751,1.00742359,0.95741972,2.20536757,0.63867150,1.97777789,0.97514899,2.20724285,1.00235168,0.76539767,0.80992539,2.20796024,1.17387387,1.81598329,1.35723357,2.20788654,1.13849711,1.05781202,0.80723639,2.20518933,0.70895117,SD 02 80 FFFFFFFF 91DB9C 944C17 7FED21 60F1B7 550ABA 2DBE34 7FE040 598DBD 522716 6768A6 7FED25 49605F 50284E 4D61A5 7FDD9F 396528 78E6F0 4E602B 7FEB8C 4FE13B 41DA9F 44A85A 7FF0DF 58CE98 73790C 6166A2 7FF053 570A66 52DE6E 447D9C 7FDC4C 3E2D4D 7CD7AE 000FFF 02 0FB419,2026-07-27T21:52:27.970+00:00,serial_request_midpoint,359.0382,True,matched,90.9723,90.9723,2026-07-27T21:52:28.061+00:00,70.519283,1785189147986.994,2118,False,,,,,,,,,,,,,,False,,,,,,,,,,,,,,True,0.8355547177956583,-17.017535726649463,-16.167420305467566,43.00276703914768,0.25131489020707326,-0.8161334453749647,-2.8994122023985014,34.72484747367993,22.25418993179096,-29.395546597831277,0.5387053725379223,0.016580811188659082,0.05745668222533519,False,,,,,,,,,,,,,,False,,,,,,,,,,,,,,False,,,,,,,,,,,,,,True,0.08794501041043012,11.283207828233339,9.441660186281348,76.29548504149341,0.1947492934377077,-0.00930254558947107,-3.0352627170639153,2.842170943040401e-15,-1.4210854715202005e-15,0.0,0.0,0.0,0.0,True,2,0.8355547177956562,-18.1781636562224,-13.616308443978,47.20817951810217,2.6099967698519966,0.1612369964303655,0.25754148194863874,35.08001760006344,19.65313617463201,-25.077086620874475,0.08393754595617438,-2.9998150309662734,-0.7794473303523404,True,-17.264782839631444,-39.783718055761156,71.2914459997319,33.73512649024628,46.080554641611776,-1.299909837117741
2026-07-27T21:52:28.706+00:00,113.900000,102915.600000,1.218555,4095,2,02,80,FFFFFFFF,32,2.92661340,3.04290598,2.20469097,1.34701421,1.09935068,0.48077521,2.20514937,1.18901488,1.04432842,1.49765870,2.20711602,0.88797693,1.00742303,0.95742513,2.20729705,0.63868595,1.97782708,0.97514680,2.20735915,1.00235725,0.76542442,0.80993277,2.20500637,1.17386059,1.81596012,1.35729981,2.20700447,1.13851042,1.05786674,0.80721798,2.20545485,0.70895415,SD 02 80 FFFFFFFF 91DB7E 944BBA 7FD898 60F1FC 550AC0 2DBDAB 7FDC00 598D41 5226CB 676862 7FEA9B 4960AA 50284C 4D61B9 7FEBF3 39656A 78E758 4E6023 7FEC69 4FE14F 41DB0F 44A878 7FDAF0 58CE6D 7378D7 616763 7FE9C7 570A92 52DF2C 447D51 7FDE45 3E2D5A 7CC7AE 000FFF 02 0FB424,2026-07-27T21:52:28.528+00:00,serial_request_midpoint,356.0361,True,matched,98.89945,98.89945,2026-07-27T21:52:28.626+00:00,71.084943,1785189148553.672,2135,False,,,,,,,,,,,,,,False,,,,,,,,,,,,,,True,0.8264471596725494,-16.906135749892627,-15.95176357778115,42.76895824727812,0.2556512581820348,-0.8273102184042942,-2.894064263717869,34.59105885485455,22.4777946715287,-29.375074596814024,0.5582459418491728,0.019140120020858922,0.06268423525689172,False,,,,,,,,,,,,,,False,,,,,,,,,,,,,,False,,,,,,,,,,,,,,True,0.09350273656030891,11.290167703134735,9.440042703228459,76.30866991771862,0.19489595946201185,0.008596361284475242,-3.037121213638252,-2.842170943040401e-15,-1.4210854715202005e-15,0.0,0.0,0.0,0.0,True,2,0.826447159672531,-18.08449431179386,-13.369424931344218,46.95031224488579,2.6015271666607718,0.16345102359384792,0.26100908881131035,34.968028965116716,19.794950412737254,-25.108815901231203,0.09222856148488613,-2.989465691979703,-0.8079715318453904,True,-17.19335527198242,-39.34173280945994,71.24468215703294,33.51613122095238,45.74512830006396,-0.8178386609318977
2026-07-27T21:52:29.263+00:00,115.100000,102916.800000,1.219775,4095,2,02,80,FFFFFFFF,32,2.92666179,3.04293575,2.20706972,1.34700636,1.09939085,0.48080489,2.20796813,1.18899307,1.04437755,1.49763534,2.20535232,0.88797304,1.00746826,0.95743298,2.20762020,0.63870083,1.97775566,0.97517663,2.20527924,1.00235669,0.76542537,0.80994162,2.20704393,1.17390629,1.81591291,1.35733516,2.20761178,1.13851254,1.05789035,0.80721700,2.20792497,0.70895622,SD 02 80 FFFFFFFF 91DBC2 944BE2 7FEA43 60F1E5 550B48 2DBE43 7FF0EE 598CFB 522777 676823 7FDD82 49609B 5028EE 4D61D6 7FEE59 3965AE 78E6C1 4E6090 7FDCF7 4FE14D 41DB13 44A89C 7FEA12 58CF01 73786B 6167CA 7FEE49 570A99 52DF7E 447D4D 7FF09C 3E2D63 7CE7AD 000FFF 02 0FB430,2026-07-27T21:52:29.085+00:00,serial_request_midpoint,356.6468,True,matched,35.4559,35.4559,2026-07-27T21:52:29.120+00:00,71.577997,1785189149053.684,2150,False,,,,,,,,,,,,,,False,,,,,,,,,,,,,,True,0.7972015246740903,-17.128368021312006,-15.630402195414879,42.622797491929205,0.2388506426656462,-0.8206875516254544,-2.9051987167799065,34.825028017596324,21.84199354268876,-29.685132651631648,0.5448286355944665,0.007817834644420867,0.052355039564551425,False,,,,,,,,,,,,,,False,,,,,,,,,,,,,,False,,,,,,,,,,,,,,True,0.08349650339665782,11.28704039651669,9.440172524543952,76.31394182614774,0.19456536848858333,-0.003066769650507836,-3.0355699736775166,2.842170943040401e-15,1.4210854715202005e-15,0.0,0.0,0.0,0.0,True,2,0.7972015246741002,-18.241100875943946,-13.062296471266952,46.830811429936126,2.609341153664871,0.15318244774338227,0.24598744265488443,35.1320241328248,19.21144430141166,-25.38086885940303,0.07623010197504086,-3.0058813208767416,-0.7909289172937823,True,-17.380301145130538,-39.191623916379726,70.9573235239305,33.81369614058635,45.49836973319488,-1.4469833123194236
2026-07-27T21:52:29.819+00:00,115.600000,102917.300000,1.219165,4095,2,02,80,FFFFFFFF,32,2.92683828,3.04319623,2.20765441,1.34705925,1.09944639,0.48081075,2.20783390,1.18905352,1.04439954,1.49767723,2.20782232,0.88799194,1.00747385,0.95745598,2.20514779,0.63870433,1.97786303,0.97522260,2.20730073,1.00240317,0.76543492,0.80996278,2.20778758,1.17392698,1.81585346,1.35739728,2.20771020,1.13857483,1.05789381,0.80722142,2.20737389,0.70898334,SD 02 80 FFFFFFFF 91DCBA 944D40 7FEE9A 60F280 550C04 2DBE61 7FEFEF 598DBD 5227C4 676894 7FEFD9 4960E4 502902 4D622B 7FDBFD 3965BE 78E7A4 4E6138 7FEBFA 4FE1F4 41DB3B 44A8F2 7FEF97 58CF44 7377E3 61687F 7FEF04 570B67 52DF8A 447D5F 7FEC85 3E2DD9 7CD7AD 000FFF 02 0FB435,2026-07-27T21:52:29.641+00:00,serial_request_midpoint,355.8065,True,matched,53.44395,53.44395,2026-07-27T21:52:29.694+00:00,72.15241,1785189149620.379,2167,False,,,,,,,,,,,,,,False,,,,,,,,,,,,,,True,0.7865793598028509,-17.139495173555666,-15.314141803366216,42.82520429703041,0.2521253007188715,-0.8221340024686663,-2.9021748737931263,34.802823762383426,21.70054592588548,-29.346077222268264,0.5502823252946016,0.015246109938270863,0.05623705530124683,False,,,,,,,,,,,,,,False,,,,,,,,,,,,,,False,,,,,,,,,,,,,,True,0.12055436548285793,11.291509516299993,9.436084959165017,76.32814045464212,0.19729056988369598,0.003199678257272441,-3.0369242197129602,-2.842170943040401e-15,0.0,0.0,0.0,0.0,0.0,True,2,0.7865793598028515,-18.296365985447313,-12.745785725542264,47.02114515569896,2.6068784003723096,0.15528096143214803,0.2578501489778372,35.151317716781286,19.049072923410584,-25.05784150250645,0.08225637860847983,-2.99653944722665,-0.7971625719870719,True,-17.53676741462214,-38.84633951023776,71.18217611208752,33.83251634456305,45.201214074847215,-0.9767785926571719
2026-07-27T21:52:30.375+00:00,116.800000,102918.500000,1.219776,4095,2,02,80,FFFFFFFF,32,2.92694788,3.04328406,2.20503949,1.34713740,1.09944580,0.48080470,2.20757757,1.18911584,1.04444810,1.49769207,2.20781127,0.88800436,1.00747664,0.95743866,2.20774494,0.63870433,1.97796047,0.97520427,2.20780495,1.00244492,0.76544041,0.80996991,2.20506000,1.17396621,1.81586919,1.35743161,2.20485077,1.13856909,1.05797388,0.80720939,2.20489598,0.70900816,SD 02 80 FFFFFFFF 91DD54 944DB6 7FDB2F 60F365 550C02 2DBE42 7FEE08 598E85 52286E 6768BC 7FEFC4 496114 50290C 4D61EB 7FEF46 3965BE 78E872 4E60F5 7FEFB8 4FE28A 41DB52 44A90F 7FDB56 58CFC3 737807 6168E3 7FD9C8 570B54 52E0A0 447D2E 7FDA1E 3E2E45 7CE7AF 000FFF 02 0FB441,2026-07-27T21:52:30.197+00:00,serial_request_midpoint,356.3193,True,matched,65.87555,65.87555,2026-07-27T21:52:30.263+00:00,72.721062,1785189150187.094,2184,False,,,,,,,,,,,,,,False,,,,,,,,,,,,,,True,0.7831254100540814,-17.118575620621616,-14.998434037057384,42.73779838139094,0.2470705519134718,-0.8292092072377232,-2.902083066573297,34.73830876135938,21.45472180681339,-29.37919326783694,0.5575941250261837,0.01222625108097911,0.05447064115786396,False,,,,,,,,,,,,,,False,,,,,,,,,,,,,,False,,,,,,,,,,,,,,True,0.02546404538857876,11.28403250014667,9.437020120125373,76.2995714654593,0.19581933235047275,0.007312008102451365,-3.036346485736495,0.0,1.4210854715202005e-15,0.0,0.0,0.0,0.0,True,2,0.783125410054088,-18.25806305315293,-12.407980842315855,46.92490283157984,2.602816590112839,0.15318300743813143,0.252981978270018,35.07077782368204,18.77088311673841,-25.1098610896046,0.07967332558999905,-2.9965111781027725,-0.8089234270483984,True,-17.504602901364017,-38.40008960614166,71.20275064684685,33.76448131977814,44.74826123106617,-0.8396997699660005
2026-07-27T21:52:30.929+00:00,117.400000,102919.100000,1.215503,4095,2,02,80,FFFFFFFF,32,2.92727244,3.04349470,2.20671245,1.34734558,1.09941094,0.48080841,2.20804815,1.18914669,1.04453323,1.49765239,2.20789917,0.88802663,1.00752075,0.95749034,2.20745178,0.63872118,1.97793587,0.97520946,2.20754493,1.00246329,0.76545856,0.81000509,2.20804552,1.17398721,1.81594045,1.35753836,2.20782653,1.13861385,1.05806663,0.80721970,2.20789286,0.70900678,SD 02 80 FFFFFFFF 91DF1C 944ED1 7FE79C 60F5C7 550B8C 2DBE55 7FF186 598EE8 522998 676851 7FF06B 49616A 5029AA 4D62AA 7FED19 39660B 78E83E 4E6108 7FEDCA 4FE2CC 41DB9E 44A99E 7FF181 58D007 7378AA 616A1A 7FEFE1 570BE8 52E1E2 447D58 7FF05F 3E2E3F 7C77AF 000FFF 02 0FB447,2026-07-27T21:52:30.752+00:00,serial_request_midpoint,356.9102,True,matched,74.4806,74.4806,2026-07-27T21:52:30.829+00:00,73.286565,1785189150753.799,2201,False,,,,,,,,,,,,,,False,,,,,,,,,,,,,,True,0.7482226576848444,-17.173071956823073,-14.506873949415251,42.75181408915145,0.24502639641653154,-0.8298111881885131,-2.903274272164939,34.76082469017869,20.99730911548614,-29.2227689279435,0.5585282032268163,0.00904692644872153,0.054639553631874144,False,,,,,,,,,,,,,,False,,,,,,,,,,,,,,False,,,,,,,,,,,,,,True,0.07301696479640146,11.26935683333471,9.423014101967258,76.24152667994116,0.19882888846214217,0.008715019941088585,-3.036874887457331,0.0,0.0,0.0,0.0,0.0,0.0,True,2,0.7482226576848242,-18.304365897004054,-11.914085626366095,46.93969487620257,2.602855683448213,0.15160521626374973,0.2510913040476651,35.078444971275104,18.30890171821854,-24.955181110787862,0.07995329886365,-2.9991571997893844,-0.811141716281646,True,-17.56480963719276,-37.90362894563341,71.22071646357921,33.71673059892832,44.26253245954926,-0.6626699181806884
2026-07-27T21:52:31.489+00:00,118.500000,102920.200000,1.219165,4095,2,02,80,FFFFFFFF,32,2.92736853,3.04378577,2.20739388,1.34748688,1.09943989,0.48080841,2.20816555,1.18909652,1.04449838,1.49768836,2.20777179,0.88804138,1.00755845,0.95752417,2.20785127,0.63872972,1.97799595,0.97527897,2.20775916,1.00253009,0.76547408,0.81000115,2.20806342,1.17401933,1.81601870,1.35760770,2.20766494,1.13870972,1.05814758,0.80722412,2.20776916,0.70903803,SD 02 80 FFFFFFFF 91DFA3 945058 7FECAB 60F765 550BEE 2DBE55 7FF265 598E47 52291E 6768B2 7FEF79 4961A3 502A31 4D6327 7FF010 396632 78E8BD 4E6206 7FEF61 4FE3BC 41DBDF 44A98E 7FF1A3 58D06F 73795D 616AE4 7FEEAE 570D25 52E2FB 447D6A 7FEF74 3E2EC7 7CD7AF 000FFF 02 0FB452,2026-07-27T21:52:31.311+00:00,serial_request_midpoint,356.3323,True,matched,80.18555,80.18555,2026-07-27T21:52:31.391+00:00,73.849126,1785189151320.502,2218,False,,,,,,,,,,,,,,False,,,,,,,,,,,,,,True,0.7643559346345437,-18.47123078831754,-13.874306113925428,43.007601776082026,0.14941338762122827,-0.8031878661716425,-2.922897805944466,35.92767781886081,20.300074362147928,-28.77719840608399,0.5393297029426803,-0.05389386375301552,0.04668879009492211,False,,,,,,,,,,,,,,False,,,,,,,,,,,,,,False,,,,,,,,,,,,,,True,0.10486697536198923,11.265801097257357,9.415654163763833,76.23868489968304,0.19756126185435322,0.01265034679817445,-3.036502473998944,0.0,0.0,0.0,0.0,0.0,0.0,True,2,0.7643559346345232,-19.28929928678987,-11.333432697079541,47.29892429677431,2.6289912040187677,0.14324763787353248,0.16637865921486952,35.930105847591406,17.68272471465,-24.453982277708423,-0.06611397767805627,3.012080131253243,0.784144779275484,True,-17.654260529349322,-37.7618352615898,71.05681774047011,33.819155002263,44.09857218970647,-0.7196568515390936
2026-07-27T21:52:32.046+00:00,119.100000,102920.800000,1.217334,4095,2,02,80,FFFFFFFF,32,2.92794659,3.04435235,2.20748125,1.34772378,1.09945791,0.48080040,2.20532393,1.18915884,1.04461722,1.49769651,2.20724074,0.88809652,1.00760759,0.95754879,2.20782706,0.63872731,1.97809576,0.97532740,2.20503213,1.00263976,0.76549557,0.81002009,2.20456166,1.17407122,1.81596012,1.35775119,2.20720233,1.13879047,1.05824351,0.80723173,2.20790707,0.70906929,SD 02 80 FFFFFFFF 91E2CF 945351 7FED51 60FA1B 550C2B 2DBE2C 7FDD4C 598F0F 522ABE 6768C8 7FEB88 496278 502AE1 4D6382 7FEFE2 396627 78E990 4E62B7 7FDB21 4FE546 41DC39 44A9DB 7FD7A2 58D117 7378D7 616C86 7FEB3F 570E30 52E448 447D89 7FF07A 3E2F4F 7CA7AF 000FFF 02 0FB458,2026-07-27T21:52:31.868+00:00,serial_request_midpoint,357.17,True,matched,103.1214,103.1214,2026-07-27T21:52:31.971+00:00,74.428982,1785189151920.522,2236,False,,,,,,,,,,,,,,False,,,,,,,,,,,,,,True,0.7531805120283528,-17.55969873415174,-14.005198239610213,42.67087080318727,0.21616861450220806,-0.8306025922762199,-2.906010222495974,35.053573301485926,20.538635597829582,-29.29634523922281,0.559394806756332,-0.008876662412811721,0.0546684867074651,False,,,,,,,,,,,,,,False,,,,,,,,,,,,,,False,,,,,,,,,,,,,,True,0.11243651892171401,11.273662531707654,9.423343808473769,76.26558904002343,0.19700210039388252,0.010752448811808209,-3.038036748272349,0.0,0.0,0.0,0.0,0.0,0.0,True,2,0.7531805120283586,-18.599422367254114,-11.401676885337402,46.87579340413063,2.604777721996946,0.15032958443584687,0.22528298905439098,35.28566643938801,17.84316257842081,-25.027706026043905,0.0800475615628463,-3.0158687854051323,-0.8171065311671813,True,-17.573480472686015,-37.371652170282594,71.16733805778438,33.63710105142072,43.77145144452432,-0.7259080808375302
2026-07-27T21:52:32.603+00:00,120.200000,102921.900000,1.217945,4095,2,02,80,FFFFFFFF,32,2.92874770,3.04493470,2.20761020,1.34803754,1.09951315,0.48078986,2.20801920,1.18922179,1.04476807,1.49770208,2.20793286,0.88813794,1.00768801,0.95761022,2.20802604,0.63874526,1.97820836,0.97539418,2.20752388,1.00277171,0.76554715,0.81008848,2.20783759,1.17431400,1.81603618,1.35810689,2.20539386,1.13899525,1.05855899,0.80723934,2.20738652,0.70913249,SD 02 80 FFFFFFFF 91E734 94565F 7FEE46 60FDB2 550CE6 2DBDF6 7FF14F 598FD9 522CCE 6768D7 7FF0AB 496318 502C01 4D6465 7FF15C 396679 78EA7E 4E63AB 7FEDA2 4FE720 41DD11 44AAF1 7FEFF6 58D429 737985 617092 7FDDD1 5710D5 52E88F 447DA8 7FEC9D 3E3062 7CB7B0 000FFF 02 0FB463,2026-07-27T21:52:32.425+00:00,serial_request_midpoint,356.1286,True,matched,35.6029,35.6029,2026-07-27T21:52:32.460+00:00,74.918266,1785189152387.209,2250,False,,,,,,,,,,,,,,False,,,,,,,,,,,,,,True,0.7369620486024481,-17.60119958144704,-13.675857232778284,42.620377509678335,0.21915998854458948,-0.8339478475425884,-2.8984771069024777,35.00689326191698,20.07862164354725,-29.55260771246688,0.560583684440058,-0.0035783355512824856,0.058037535400955007,False,,,,,,,,,,,,,,False,,,,,,,,,,,,,,False,,,,,,,,,,,,,,True,0.09591720877738807,11.274980420643233,9.425643409050362,76.30237777904182,0.1913511862213008,0.007285665586999794,-3.036450908152554,-2.842170943040401e-15,0.0,-1.1368683772161604e-14,0.0,0.0,0.0,True,2,0.7369620486024223,-18.660509319880127,-11.063037930901194,46.81463083624142,2.600770920102671,0.15854394072012426,0.22800483284596818,35.26917542409602,17.379830529010867,-25.287814941289326,0.08524274006215726,-3.0102640402012626,-0.817451674440466,True,-17.490212496356225,-36.93399593568925,71.20510545219531,33.6007071402695,43.2749441918539,-0.9520261374216034
2026-07-27T21:52:33.163+00:00,120.800000,102922.500000,1.217334,4095,2,02,80,FFFFFFFF,32,2.93039056,3.04652526,2.20737546,1.34903412,1.09960384,0.48080138,2.20553110,1.18929970,1.04514725,1.49771950,2.20486128,0.88827670,1.00785612,0.95775013,2.20492909,0.63879538,1.97854854,0.97559150,2.20705919,1.00303843,0.76565246,0.81023731,2.20724706,1.17473942,1.81619706,1.35899095,2.20521772,1.13940820,1.05905725,0.80731202,2.20465522,0.70934095,SD 02 80 FFFFFFFF 91F036 945EB6 7FEC88 610918 550E19 2DBE31 7FDED6 5990D3 5231FD 676906 7FD9DC 496530 502E5B 4D666A 7FDA5D 39675E 78ED4D 4E667C 7FEA2F 4FEADE 41DECA 44AD4E 7FEB94 58D98A 737AF5 617AA0 7FDC82 57162A 52EF50 447ED0 7FD854 3E33ED 7CA7B0 000FFF 02 0FB469,2026-07-27T21:52:32.983+00:00,serial_request_midpoint,359.8249,True,matched,56.19025,56.19025,2026-07-27T21:52:33.039+00:00,75.497228,1785189152987.31,2268,False,,,,,,,,,,,,,,False,,,,,,,,,,,,,,True,0.7387898412299841,-17.831434980625183,-13.288300892762786,42.61994068356419,0.21110702474622947,-0.831585787629261,-2.9004917131065993,35.18014222014732,19.8478778998657,-29.3727552630136,0.5639061873167126,-0.0091977449828018,0.05803940096457383,False,,,,,,,,,,,,,,False,,,,,,,,,,,,,,False,,,,,,,,,,,,,,True,0.10883497008176854,11.27132046015072,9.4180336316068,76.2620484314517,0.19148163988719408,0.015430288042774397,-3.036905118958934,2.842170943040401e-15,0.0,0.0,0.0,0.0,0.0,True,2,0.7387898412299855,-18.86395424424171,-10.680002140210188,46.82367763621649,2.6031727117409953,0.15751305791183634,0.220877198126675,35.416044680039384,17.13387212827527,-25.116084559213295,0.08531824854297336,-3.014239781987396,-0.8239301733430051,True,-17.62360609554415,-36.592333087270795,71.16672502334895,33.65898715261393,42.94667189254154,-0.6992167849192015
2026-07-27T21:52:33.719+00:00,121.900000,102923.600000,1.219165,4095,2,02,80,FFFFFFFF,32,2.93616528,3.05158496,2.20689713,1.35146578,1.09984669,0.48078908,2.20741809,1.18961013,1.04615550,1.49773619,2.20713707,0.88869410,1.00831139,0.95818619,2.20550007,0.63891840,1.97961107,0.97609901,2.20493803,1.00397646,0.76596558,0.81068193,2.20739178,1.17613878,1.81685209,1.36193133,2.20528555,1.14083936,1.06073847,0.80743897,2.20739178,0.70986075,SD 02 80 FFFFFFFF 920FD4 947935 7FE8FB 6124E1 55114F 2DBDF2 7FECD9 5994B7 523FC4 676933 7FEAC3 496B7C 5034B9 4D6CB5 7FDE9B 396990 78F612 4E6DBA 7FDA6E 4FF806 41E3E9 44B45D 7FECA7 58EB39 7380CF 619C08 7FDD03 5728A2 530616 4480D5 7FECA7 3E3CC2 7CD7B0 000FFF 02 0FB474,2026-07-27T21:52:33.541+00:00,serial_request_midpoint,355.3836,True,matched,62.9536,62.9536,2026-07-27T21:52:33.604+00:00,76.061792,1785189153520.714,2284,False,,,,,,,,,,,,,,False,,,,,,,,,,,,,,True,0.7668752488457613,-17.91934329297836,-13.001796777356358,42.69923603303589,0.2137661497954265,-0.825365335122003,-2.900140121145865,35.28447515657177,19.460929559244953,-29.2594055633798,0.5568389165057359,-0.009138111691762492,0.06001744565926984,False,,,,,,,,,,,,,,False,,,,,,,,,,,,,,False,,,,,,,,,,,,,,True,0.1182892136831296,11.266201752065957,9.420149511654834,76.2446539815926,0.1947756254404977,0.010942659152010616,-3.0367384346948016,0.0,-1.4210854715202005e-15,1.1368683772161604e-14,0.0,0.0,0.0,True,2,0.7668752488457466,-18.962408808044664,-10.412274198867335,46.91196790930143,2.6067861712358584,0.16014941015944914,0.22353412857489155,35.52239272569769,16.777488416847394,-24.98351248939887,0.0882581190480941,-3.017043767209636,-0.8132243032792124,True,-17.680877811390015,-36.4149277165591,71.1563693883158,33.70158400785042,42.758834571019534,-0.7507738418121107
2026-07-27T21:52:34.275+00:00,123.100000,102924.800000,1.216113,4095,2,02,80,FFFFFFFF,32,2.94972324,3.06415652,2.20720338,1.35767773,1.10063074,0.48078595,2.20808237,1.19037586,1.04827295,1.49779848,2.20750862,0.88961397,1.00920415,0.95899448,2.20780337,0.63917235,1.98184437,0.97721452,2.20531446,1.00557751,0.76649666,0.81132634,2.20467783,1.17774543,1.81763815,1.36600401,2.20711234,1.14276433,1.06341006,0.80763077,2.20540806,0.71044928,SD 02 80 FFFFFFFF 9259C8 94BAD2 7FEB41 616BB0 551BAC 2DBDE2 7FF1C7 599E4F 525CAC 6769DB 7FED85 49795B 504134 4D785E 7FEFB5 396E18 79087D 4E7DA3 7FDD3A 500E76 41EC98 44BE97 7FD87F 58FF82 7387D4 61CA36 7FEA94 574173 532A3A 4483E2 7FDDEC 3E46C1 7C87AE 000FFF 02 0FB480,2026-07-27T21:52:34.097+00:00,serial_request_midpoint,355.6437,True,matched,78.07825,78.07825,2026-07-27T21:52:34.175+00:00,76.633085,1785189154120.727,2302,False,,,,,,,,,,,,,,False,,,,,,,,,,,,,,True,0.7782922311821685,-18.091295992814405,-12.625884386659523,42.69842825678087,0.21973233588687735,-0.8249622935975504,-2.893998381995678,35.4453666733636,18.927200432356717,-29.336557308042917,0.5532204452863623,-0.0052053298297986385,0.06525904472790235,False,,,,,,,,,,,,,,False,,,,,,,,,,,,,,False,,,,,,,,,,,,,,True,0.15548626568183085,11.271892489846485,9.419409655808625,76.2700636387031,0.19549620596651643,0.004627123088917409,-3.0364048071940806,0.0,1.4210854715202005e-15,0.0,0.0,0.0,0.0,True,2,0.7782922311821763,-19.162015265397798,-10.039007395073885,46.905844412718,2.6052302466955366,0.16776863706722678,0.22905210444785348,35.708791920792194,16.261219201140268,-25.05124818811513,0.09626032468056006,-3.014630876402488,-0.8066528527230475,True,-17.775082040337935,-36.008847771995605,71.17959817596153,33.785043692648436,42.321464801690574,-0.9113619678807595
2026-07-27T21:52:34.831+00:00,123.700000,102925.400000,1.218555,4095,2,02,80,FFFFFFFF,32,2.96183311,3.07592380,2.20683083,1.36375190,1.10159617,0.48080001,2.20783443,1.19120526,1.05023949,1.49791750,2.20777126,0.89048538,1.01011055,0.95974708,2.20796182,0.63944430,1.98429973,0.97839003,2.20785654,1.00704617,0.76703366,0.81183507,2.20820609,1.17882791,1.81837505,1.36968435,2.20777811,1.14470608,1.06611236,0.80783635,2.20555634,0.71094508,SD 02 80 FFFFFFFF 929B82 94F7F4 7FE87D 61B0B0 55286D 2DBE2A 7FEFF0 59A8B2 52777C 676B1C 7FEF78 49867D 504DDE 4D8338 7FF0E2 3972F2 791CB7 4E8E64 7FF01A 502306 41F55F 44C6A9 7FF2B2 590D2A 738E68 61F3DA 7FEF85 575A74 534EB9 448727 7FDF06 3E4F2C 7CC7AE 000FFF 02 0FB486,2026-07-27T21:52:34.653+00:00,serial_request_midpoint,356.1911,True,matched,96.65445,96.65445,2026-07-27T21:52:34.750+00:00,77.207751,1785189154687.395,2319,False,,,,,,,,,,,,,,False,,,,,,,,,,,,,,True,0.7101974718592293,-18.106615070855703,-12.177012518638918,42.71314420136679,0.21733527490379412,-0.8244631035931136,-2.895958440593251,35.423920897129356,18.608728370595994,-29.187465110259666,0.5557727647502768,-0.008087828456409053,0.06516397229981953,False,,,,,,,,,,,,,,False,,,,,,,,,,,,,,False,,,,,,,,,,,,,,True,0.08673202863906751,11.263728838884962,9.413465381597465,76.24344729457326,0.19755700009075514,0.00969260058044141,-3.0372294522981718,0.0,0.0,0.0,0.0,0.0,0.0,True,2,0.710197471859231,-19.16719760594995,-9.59094119751737,46.92362191654108,2.6061476239448176,0.16562268554688975,0.2268772501369433,35.673826465287775,15.93121005783301,-24.908544022710164,0.09617294711178576,-3.016341622560531,-0.8112490089234209,True,-17.800875103344474,-35.579963631539854,71.17800689070397,33.708512429096835,41.92919939885468,-0.7049615255792332
2026-07-27T21:52:35.388+00:00,124.800000,102926.500000,1.218555,4095,2,02,80,FFFFFFFF,32,2.97037198,3.08409316,2.20715496,1.36831421,1.10249587,0.48083087,2.20743862,1.19193612,1.05155011,1.49803357,2.20528029,0.89115028,1.01078747,0.96025200,2.20494539,0.63966220,1.98644067,0.97941907,2.20476613,1.00819267,0.76746374,0.81218434,2.20487285,1.17934493,1.81891039,1.37245927,2.20458794,1.14643889,1.06843760,0.80799847,2.20724811,0.71134898,SD 02 80 FFFFFFFF 92C9AB 95223C 7FEAE5 61E45C 55344E 2DBEC8 7FED00 59B1D8 528956 676C55 7FDCF9 499081 505752 4D8A7F 7FDA7C 3976D5 792E55 4E9D0C 7FD927 503310 41FC66 44CC33 7FD9F2 5913AF 73932F 621331 7FD7D4 5770BE 536E14 4489BB 7FEB96 3E5607 7CC7B0 000FFF 02 0FB491,2026-07-27T21:52:35.210+00:00,serial_request_midpoint,356.1305,True,matched,29.03835,29.03835,2026-07-27T21:52:35.240+00:00,77.697183,1785189155187.385,2334,False,,,,,,,,,,,,,,False,,,,,,,,,,,,,,True,0.745300793233664,-18.263168347580805,-12.027180993929651,42.70708853717196,0.21095961631859186,-0.824220395073643,-2.896375618240864,35.48793609509964,18.61154272055265,-29.1150867382196,0.5608459450741288,-0.010422252745812457,0.06488140441009961,False,,,,,,,,,,,,,,False,,,,,,,,,,,,,,False,,,,,,,,,,,,,,True,0.10112631734239397,11.257160208560633,9.414935994867243,76.20719640982054,0.19396136107840561,0.0177161668262027,-3.037314622257825,0.0,0.0,0.0,0.0,0.0,0.0,True,2,0.7453007932336857,-19.30378482156597,-9.439851556348277,46.92177315519306,2.6067654378041096,0.16569897032230738,0.2211766726174769,35.7270976074878,15.911835576925204,-24.849514583921042,0.09583062272524835,-3.0164919304031113,-0.8195142206697232,True,-17.865268050263733,-35.42942257797107,71.17139546859941,33.73575904922018,41.786642630920404,-0.5164045197096584
2026-07-27T21:52:35.944+00:00,125.400000,102927.100000,1.217945,4095,2,02,80,FFFFFFFF,32,2.97451100,3.08835010,2.20740809,1.37116310,1.10328088,0.48085313,2.20818292,1.19256425,1.05217941,1.49809661,2.20742757,0.89159622,1.01118368,0.96056375,2.20768336,0.63979668,1.98807942,0.98015533,2.20758178,1.00881094,0.76772702,0.81231884,2.20540543,1.17929412,1.81919804,1.37382288,2.20681557,1.14756652,1.06987169,0.80809207,2.20531236,0.71153636,SD 02 80 FFFFFFFF 92DFFD 953837 7FECC6 62048F 553EAA 2DBF3A 7FF286 59B9B4 5291E7 676CFF 7FECEB 499738 505CDA 4D8EFD 7FEED1 39793B 793BCE 4EA787 7FEE10 503BB5 4200B3 44CE55 7FDDE7 59130B 7395C0 622293 7FE860 577F3C 538165 448B38 7FDD36 3E5935 7CB7B0 000FFF 02 0FB497,2026-07-27T21:52:35.766+00:00,serial_request_midpoint,355.5153,True,matched,39.23385,39.23385,2026-07-27T21:52:35.805+00:00,78.263482,1785189155754.037,2351,False,,,,,,,,,,,,,,False,,,,,,,,,,,,,,True,0.7035299600457158,-18.393963016295757,-11.159257416513773,42.79027081865831,0.2165562884716874,-0.816805902704647,-2.8946862602439247,35.542072363681065,17.649661452205727,-29.09788381550238,0.5535754935237991,-0.00661738200959368,0.06777457048667639,False,,,,,,,,,,,,,,False,,,,,,,,,,,,,,False,,,,,,,,,,,,,,True,0.06507362334643459,11.262387018989626,9.414619444908555,76.23653807374605,0.19460002701203158,0.013599718222158693,-3.0373227876517293,2.842170943040401e-15,0.0,1.1368683772161604e-14,0.0,0.0,0.0,True,2,0.7035299600457313,-19.456366895544505,-8.595145292172706,47.01369948988616,2.61063204286248,0.1702819587558636,0.22656193614146838,35.80226129021206,14.982453194825904,-24.81314058351512,0.10015335501250586,-3.015757622203938,-0.807506311430235,True,-17.963063813388068,-34.684844384110065,71.15223635377113,33.77764441627154,41.02884660171448,-0.6665542463225392
2026-07-27T21:52:36.502+00:00,126.500000,102928.200000,1.218555,4095,2,02,80,FFFFFFFF,32,2.97236316,3.08707767,2.20463630,1.37145955,1.10375171,0.48090273,2.20488494,1.19290245,1.05212344,1.49813777,2.20474668,0.89172699,1.01126120,0.96062042,2.20480503,0.63983896,1.98870837,0.98046196,2.20458058,1.00886990,0.76780761,0.81230628,2.20721917,1.17903420,1.81928123,1.37388142,2.20776337,1.14815890,1.07038415,0.80815250,2.20557211,0.71155869,SD 02 80 FFFFFFFF 92D469 9531A6 7FD830 6207E8 5544E0 2DC038 7FDA09 59BDEF 529124 676D6E 7FD902 499930 505DEF 4D8FCE 7FD971 3979FC 7940F9 4EABE4 7FD7C6 503C88 420204 44CE22 7FEB5F 590FC4 73967E 62233C 7FEF69 5786D8 53884B 448C2E 7FDF24 3E5996 7CC7B0 000FFF 02 0FB4A2,2026-07-27T21:52:36.323+00:00,serial_request_midpoint,357.8387,True,matched,46.25965,46.25965,2026-07-27T21:52:36.369+00:00,78.827363,1785189156287.353,2367,False,,,,,,,,,,,,,,False,,,,,,,,,,,,,,True,0.6566870314249859,-18.452820572132605,-10.616814863480396,42.81069208559161,0.2302267295316815,-0.8139399956825843,-2.8906283429388218,35.58682237919031,16.978536672394636,-29.116256104323185,0.5494887106264289,0.001877049057469101,0.07058966582809163,False,,,,,,,,,,,,,,False,,,,,,,,,,,,,,False,,,,,,,,,,,,,,True,0.10425579041854262,11.263389699419358,9.412828092152207,76.25032806272529,0.19587776635494528,0.009079511757850867,-3.036380970466743,0.0,0.0,-1.1368683772161604e-14,0.0,0.0,0.0,True,2,0.6566870314249551,-19.56380803788508,-8.06530961682304,47.02925233806756,2.6106139192684807,0.17546758459286502,0.239067185032721,35.8908598296774,14.331409472479374,-24.821957373130964,0.10435056583983643,-3.0092208882839837,-0.799114946368889,True,-18.099042049724122,-34.18001384850119,71.14248518279508,33.91046371620983,40.47293656420513,-0.7747141365668313
2026-07-27T21:52:37.059+00:00,127.100000,102928.800000,1.217945,4095,2,02,80,FFFFFFFF,32,2.96703315,3.08270039,2.20688240,1.37014440,1.10385596,0.48090351,2.20787654,1.19296866,1.05162126,1.49812183,2.20790023,0.89165044,1.01113023,0.96047510,2.20554056,0.63981399,1.98860757,0.98041090,2.20442974,1.00856506,0.76774184,0.81211487,2.20441660,1.17837824,1.81897519,1.37276078,2.20702289,1.14823464,1.07018884,0.80816110,2.20550428,0.71146108,SD 02 80 FFFFFFFF 92B7A3 951B09 7FE8DF 61F90D 554640 2DC03C 7FF040 59BEC3 528A4E 676D43 7FF06D 499809 505C1B 4D8DB6 7FDEE8 39798A 794025 4EAB2A 7FD6A7 503845 4200F1 44CB19 7FD68E 59077E 7393C3 621698 7FE9EA 5787D1 5385AA 448C51 7FDEA3 3E57EE 7CB7B0 000FFF 02 0FB4A8,2026-07-27T21:52:36.881+00:00,serial_request_midpoint,355.9279,True,matched,54.15775,54.15775,2026-07-27T21:52:36.935+00:00,79.392986,1785189156854.048,2384,False,,,,,,,,,,,,,,False,,,,,,,,,,,,,,True,0.6770959686860133,-18.924843707527558,-10.003258121638801,42.75919105647989,0.1959134132744659,-0.813540001020993,-2.8964258264586853,36.04873319476242,16.352306955931446,-29.00049799428412,0.5482209190203281,-0.02330485621268175,0.06833780929594901,False,,,,,,,,,,,,,,False,,,,,,,,,,,,,,False,,,,,,,,,,,,,,True,0.1071527870865126,11.260715141136199,9.411532057979542,76.22314107616376,0.19916933559526226,0.010115810528196979,-3.0365853694741562,0.0,0.0,0.0,0.0,0.0,0.0,True,2,0.6770959686860039,-19.922437423614564,-7.442275783607776,47.000287499614856,2.6142293767971223,0.17089895206320746,0.20815180124918475,36.228858847789695,13.704713862911003,-24.699506438727763,0.10108394495004175,-3.0338126736506674,-0.8037118666311577,True,-18.18361453857425,-33.57253581986709,71.07843776378752,33.919980782946276,39.874725025973206,-0.7126160079313422
2026-07-27T21:52:37.617+00:00,128.300000,102930.000000,1.217334,4095,2,02,80,FFFFFFFF,32,2.96091854,3.07736052,2.20719338,1.36818575,1.10377569,0.48092011,2.20558894,1.19288558,1.05078827,1.49811923,2.20478874,0.89146779,1.01088260,0.96024793,2.20703920,0.63976098,1.98794158,0.98018141,2.20734915,1.00816083,0.76761462,0.81192028,2.20742388,1.17776431,1.81875192,1.37137341,2.20750283,1.14802721,1.06958303,0.80815152,2.20799761,0.71134369,SD 02 80 FFFFFFFF 92968E 94FF66 7FEB2E 61E2E8 554531 2DC091 7FDF44 59BDB9 527EF6 676D3C 7FD952 499549 5058A6 4D8A70 7FEA09 397898 793AAC 4EA7E6 7FEC56 50329E 41FEDD 44C803 7FECE4 58FFBF 7391C5 6206EF 7FED7A 578527 537D82 448C2A 7FF126 3E55F0 7CA7B1 000FFF 02 0FB4B4,2026-07-27T21:52:37.438+00:00,serial_request_midpoint,357.8988,True,matched,71.6195,71.6195,2026-07-27T21:52:37.509+00:00,79.967536,1785189157454.087,2402,False,,,,,,,,,,,,,,False,,,,,,,,,,,,,,True,0.6856235477516679,-19.31952299708758,-9.932421724704554,42.48020486121317,0.1850660946341081,-0.8267787302713829,-2.8842941772752506,36.342438696577254,16.37737374503552,-29.269612958410203,0.5620097861380449,-0.02712372857228585,0.07757036785683083,False,,,,,,,,,,,,,,False,,,,,,,,,,,,,,False,,,,,,,,,,,,,,True,0.1135412155997468,11.252783409771459,9.40484914606667,76.20119980753314,0.19352342632953093,0.015976925949813068,-3.037299655131025,0.0,0.0,0.0,0.0,0.0,0.0,True,2,0.6856235477516746,-20.298513332016807,-7.3283601356536705,46.69934742800406,2.6036598395202724,0.182296648118486,0.1981549946090295,36.51970695983793,13.671812845971761,-25.00472854981719,-0.11546688295698139,3.0268913843076333,0.8241939893295378,True,-18.207197485987912,-33.16626155320525,71.06326671659929,33.86620274993224,39.486932040770355,-0.67142110716768
2026-07-27T21:52:38.174+00:00,128.800000,102930.500000,1.217945,4095,2,02,80,FFFFFFFF,32,2.95493635,3.07187340,2.20745072,1.36577294,1.10355803,0.48092480,2.20816081,1.19276910,1.04998637,1.49815001,2.20772336,0.89117025,1.01055107,0.95995358,2.20792181,0.63967425,1.98712852,0.97985069,2.20772178,1.00765254,0.76741999,0.81167032,2.20778074,1.17708068,1.81837242,1.36967571,2.20776073,1.14754250,1.06867242,0.80807290,2.20810711,0.71109950,SD 02 80 FFFFFFFF 92761D 94E2F1 7FED17 61C798 554252 2DC0A9 7FF25C 59BC44 527409 676D8F 7FEF1D 4990CE 505405 4D8632 7FF096 39770C 7933FD 4EA331 7FEF1A 502B82 41FBAF 44C40C 7FEF8A 58F71E 738E62 61F3C1 7FEF64 577EED 53713E 448AEA 7FF1F6 3E51CB 7CB7B1 000FFF 02 0FB4B9,2026-07-27T21:52:37.996+00:00,serial_request_midpoint,357.052,True,matched,87.845,87.845,2026-07-27T21:52:38.083+00:00,80.541457,1785189158020.741,2419,False,,,,,,,,,,,,,,False,,,,,,,,,,,,,,True,0.6352401366793291,-19.683975448457552,-9.114027328202612,42.45003716422767,0.1792220020593032,-0.832151680176655,-2.8778959347411788,36.70674541975838,15.575141015511377,-29.110336030354468,0.5674237274831352,-0.03397838745820045,0.08391467783357495,False,,,,,,,,,,,,,,False,,,,,,,,,,,,,,False,,,,,,,,,,,,,,True,0.06321579551030809,11.250081782383695,9.405402453725674,76.17683162435145,0.1979761028169229,0.018451142745942315,-3.0370351008489593,0.0,0.0,0.0,0.0,0.0,0.0,True,2,0.6352401366793291,-20.653251835394492,-6.491785644753928,46.66015296946647,2.5990414770469528,0.18885853736194572,0.19282983319381605,36.86134522594566,12.846232155208934,-24.859468050012033,-0.12493023048638065,3.0176989346964125,0.8304701958867445,True,-18.358709207794817,-32.19617869104179,71.14669145460611,33.90232569383586,38.5116089776922,-0.40330419096250125
2026-07-27T21:52:38.730+00:00,129.900000,102931.600000,1.219165,4095,2,02,80,FFFFFFFF,32,2.94659884,3.06442212,2.20787391,1.36234224,1.10321130,0.48092539,2.20794971,1.19249462,1.04877983,1.49809809,2.20766336,0.89076204,1.01010160,0.95956147,2.20786654,0.63954919,1.98585324,0.97930385,2.20759914,1.00678743,0.76716896,0.81134013,2.20788180,1.17623403,1.81790986,1.36733786,2.20534811,1.14664886,1.06736480,0.80801247,2.20451436,0.71083395,SD 02 80 FFFFFFFF 9248C6 94BC34 7FF03B 61A0B2 553DBF 2DC0AC 7FF0CB 59B8D5 526396 676D03 7FEEAB 498AA8 504DBE 4D808B 7FF02D 3974D1 792980 4E9B68 7FEE31 501F67 41F795 44BECF 7FF04A 58EC6D 738A41 61D950 7FDD7A 577371 535F9E 4489F4 7FD748 3E4D49 7CD7B1 000FFF 02 0FB4C4,2026-07-27T21:52:38.552+00:00,serial_request_midpoint,356.3445,True,matched,98.02845,98.02845,2026-07-27T21:52:38.651+00:00,81.108513,1785189158587.416,2436,False,,,,,,,,,,,,,,False,,,,,,,,,,,,,,True,0.58024209146815,-19.681343503255526,-8.36341323427031,42.48429527930859,0.18039423227554094,-0.8287369387198027,-2.8781598728630278,36.56477135769273,14.683557359591315,-29.332655602750073,0.5604097314589249,-0.03009416418422312,0.0833922923860146,False,,,,,,,,,,,,,,False,,,,,,,,,,,,,,False,,,,,,,,,,,,,,True,0.11540604371064116,11.26145050524034,9.412135270552643,76.24177474953531,0.19389853950379177,0.010796265592768925,-3.037421569831034,0.0,0.0,-1.1368683772161604e-14,0.0,0.0,0.0,True,2,0.580242091468162,-20.654726515979597,-5.751487701490314,46.69987275642721,2.601163977152741,0.18978173684084465,0.19400524540528627,36.735621340258945,11.985262167619197,-25.062908972764284,-0.12426652392286228,3.024314454800802,0.8208637248600915,True,-18.346915473985995,-31.508572223056802,71.12972989631818,33.85282041554356,37.824188231903506,-0.7810088534355373
2026-07-27T21:52:39.288+00:00,131.100000,102932.800000,1.216724,4095,2,02,80,FFFFFFFF,32,2.94009384,3.05810313,2.20700973,1.35898270,1.10276549,0.48092304,2.20813818,1.19209344,1.04773074,1.49805619,2.20560156,0.89030805,1.00966316,0.95916485,2.20441029,0.63939393,1.98455643,0.97875171,2.20719759,1.00605389,0.76689838,0.81107819,2.20770336,1.17565488,1.81759965,1.36560984,2.20741125,1.14588478,1.06612510,0.80793067,2.20723600,0.71060778,SD 02 80 FFFFFFFF 92254C 949B44 7FE9D1 617A88 5537DD 2DC0A0 7FF231 59B3D0 525546 676C92 7FDF5C 4983D1 50479E 4D7AD3 7FD682 39720C 791ED4 4E938B 7FEB36 501522 41F329 44BAA7 7FEEF7 58E51C 73877C 61C5BF 7FECCC 57699E 534EE5 4488A7 7FEB7F 3E4972 7C97B1 000FFF 02 0FB4D0,2026-07-27T21:52:39.110+00:00,serial_request_midpoint,356.7102,True,matched,22.6324,22.6324,2026-07-27T21:52:39.133+00:00,81.59036,1785189159054.122,2450,False,,,,,,,,,,,,,,False,,,,,,,,,,,,,,True,0.6921594091245312,-19.774361409913205,-8.363577040701422,42.51760219969676,0.18132518825856472,-0.8294557035550095,-2.8751967052986545,36.64449099450684,14.638642211228653,-29.398000970208795,0.5611083943387517,-0.02838863335700182,0.08472126279978975,False,,,,,,,,,,,,,,False,,,,,,,,,,,,,,False,,,,,,,,,,,,,,True,0.09025281737106655,11.269214897988558,9.41885029777817,76.30269765681261,0.19184100703309498,0.010370233577761798,-3.0365338834726567,0.0,0.0,0.0,0.0,0.0,0.0,True,2,0.6921594091245191,-20.75492710154622,-5.749578402286128,46.730229033337686,2.5999304401200165,0.19326468579237877,0.19487131594789048,36.82549911916858,11.938028938881992,-25.130138881435574,-0.1264374597328782,3.025556784955566,0.8223143110749468,True,-18.38055326751576,-31.473445881667402,71.18868985023396,33.92881610502692,37.7569923104254,-0.8286641799564223
2026-07-27T21:52:39.843+00:00,131.700000,102933.400000,1.217945,4095,2,02,80,FFFFFFFF,32,2.93589459,3.05409568,2.20512887,1.35662998,1.10232127,0.48092480,2.20738862,1.19181002,1.04700816,1.49798796,2.20764546,0.88996978,1.00929807,0.95886014,2.20743967,0.63929255,1.98357345,0.97828173,2.20762230,1.00544003,0.76667803,0.81085618,2.20794181,1.17513775,1.81734941,1.36417632,2.20763336,1.14513592,1.06503617,0.80782505,2.20806342,0.71040880,SD 02 80 FFFFFFFF 920E59 948656 7FDBD9 615FC3 553200 2DC0A9 7FECA1 59B044 524B69 676BDA 7FEE89 497EB8 504284 4D766E 7FED02 39703D 7916BC 4E8CD9 7FEE5D 500C89 41EF8F 44B721 7FF0BC 58DE93 738540 61B580 7FEE72 575FFC 534032 4486F9 7FF1A3 3E4611 7CB7B1 000FFF 02 0FB4D6,2026-07-27T21:52:39.666+00:00,serial_request_midpoint,354.9503,True,matched,34.73745,34.73745,2026-07-27T21:52:39.700+00:00,82.158647,1785189159620.814,2467,False,,,,,,,,,,,,,,False,,,,,,,,,,,,,,True,0.5555924036689448,-20.094066932650733,-7.843750139028387,42.4616716846814,0.1652948721615606,-0.8305160112976046,-2.871945989295682,36.99052724474635,14.105460062827296,-29.260868779901887,0.5617755432287477,-0.042078750009495694,0.08987153942142265,False,,,,,,,,,,,,,,False,,,,,,,,,,,,,,False,,,,,,,,,,,,,,True,0.0796824072452848,11.263015410751269,9.412608569080687,76.26127260287493,0.19664561539133027,0.010916061028771509,-3.0366641731037047,0.0,0.0,-1.1368683772161604e-14,0.0,0.0,0.0,True,2,0.5555924036689476,-21.02972442081413,-5.2208108698484725,46.67895253793451,2.599225014388471,0.1980716207739612,0.18046944202174295,37.113456248877625,11.399710083413089,-24.994192245522832,-0.13351885474421415,3.011866875122958,0.8197392891946814,True,-18.370396321795575,-30.887984685910066,71.16763312897494,33.83806168006633,37.18481964877084,-0.704868873859175
2026-07-27T21:52:40.400+00:00,132.800000,102934.500000,1.218555,4095,2,02,80,FFFFFFFF,32,2.93321351,3.05111312,2.20770283,1.35481563,1.10197924,0.48090312,2.20529080,1.19155505,1.04640488,1.49793308,2.20685819,0.88971218,1.00901885,0.95860937,2.20768441,0.63920497,1.98268194,0.97791769,2.20779600,1.00500704,0.76650717,0.81073632,2.20747020,1.17492359,1.81711233,1.36318191,2.20746230,1.14454157,1.06416451,0.80777101,2.20780706,0.71027654,SD 02 80 FFFFFFFF 91FFAD 9476BD 7FEEF6 614B18 552D7C 2DC03A 7FDD0D 59AD13 52432C 676B46 7FE8B1 497AD6 503E9D 4D72D0 7FEED3 396EAD 790F64 4E87A9 7FEFA7 500678 41ECC4 44B53A 7FED3C 58DBDE 738322 61AA39 7FED2D 575856 53346C 44861D 7FEFBC 3E43D2 7CC7B1 000FFF 02 0FB4E1,2026-07-27T21:52:40.222+00:00,serial_request_midpoint,355.9371,True,matched,47.28155,47.28155,2026-07-27T21:52:40.269+00:00,82.727154,1785189160187.467,2484,False,,,,,,,,,,,,,,False,,,,,,,,,,,,,,True,0.6648253641257873,-20.24341232800446,-7.769196679552627,42.300812539663234,0.15514292595831922,-0.8398762690209068,-2.8707124500381727,37.1999370380761,14.016397552204722,-29.28676913087687,0.5677569425624696,-0.051112279929759245,0.09008820121301704,False,,,,,,,,,,,,,,False,,,,,,,,,,,,,,False,,,,,,,,,,,,,,True,0.09048211547629328,11.258980502460505,9.408678180530732,76.22026747853194,0.19971258340352555,0.011111256999953113,-3.0365381864057146,0.0,0.0,-1.1368683772161604e-14,0.0,0.0,0.0,True,2,0.6648253641257784,-21.14713190093718,-5.1155661124160225,46.505840321056574,2.593572758870522,0.19653834713927057,0.17104735609968658,37.281541099229045,11.283169309575246,-25.036648303590994,-0.13334837034892777,3.000805668883986,0.8264632915595748,True,-18.42278944922164,-30.627548454153413,71.14905500447011,33.85580525818291,36.91931101470599,-0.6107627074866742
2026-07-27T21:52:40.957+00:00,133.400000,102935.100000,1.219165,4095,2,02,80,FFFFFFFF,32,2.93170860,3.04948770,2.20499008,1.35352466,1.10170058,0.48090273,2.20486601,1.19134130,1.04608173,1.49794198,2.20724600,0.88953183,1.00882128,0.95845747,2.20539754,0.63915352,1.98190977,0.97760443,2.20468361,1.00467561,0.76639057,0.81060712,2.20737494,1.17473355,1.81694306,1.36240248,2.20738441,1.14404603,1.06350861,0.80772852,2.20764652,0.71015349,SD 02 80 FFFFFFFF 91F76F 946E3B 7FDAD1 613C60 5529CE 2DC038 7FD9E5 59AA66 523EC2 676B5E 7FEB92 49781E 503BDA 4D709F 7FDDD8 396DC2 790907 4E8332 7FD88A 5001D3 41EADC 44B32D 7FEC87 58D977 73819F 61A161 7FEC99 5751F5 532B8F 448570 7FEE8B 3E41BB 7CD7B1 000FFF 02 0FB4E7,2026-07-27T21:52:40.779+00:00,serial_request_midpoint,356.952,True,matched,56.0454,56.0454,2026-07-27T21:52:40.834+00:00,83.29256,1785189160754.133,2501,False,,,,,,,,,,,,,,False,,,,,,,,,,,,,,True,0.5472468582244456,-20.729746481734928,-6.488221782953756,42.596957549639036,0.13314364328396025,-0.8175920754018662,-2.881372700426471,37.444013128146366,12.568716953154073,-29.17665518919487,0.5476685312591872,-0.06230279326243012,0.08430732888223247,False,,,,,,,,,,,,,,False,,,,,,,,,,,,,,False,,,,,,,,,,,,,,True,0.12792062173139399,11.267548580662666,9.415928393321213,76.27981801128678,0.19497782943607309,0.005049522027122369,-3.036543851561132,0.0,-1.4210854715202005e-15,0.0,0.0,0.0,0.0,True,2,0.5472468582244396,-21.554211506466253,-3.893360283177607,46.854618215173055,2.6109781167548594,0.1926591388458504,0.15178750752648001,37.45895276941925,9.918037867574862,-24.87381887866052,-0.12350541859224452,2.998634722669386,0.7936969172300651,True,-18.64167838419081,-29.796067776322218,71.06490962334051,34.03578490484668,36.05461464604502,-0.9838086064517597
2026-07-27T21:52:41.514+00:00,134.600000,102936.300000,1.219165,4095,2,02,80,FFFFFFFF,32,2.93056801,3.04849040,2.20745651,1.35267207,1.10145805,0.48090800,2.20569254,1.19117219,1.04580439,1.49791639,2.20728442,0.88938466,1.00866592,0.95833834,2.20788917,0.63910119,1.98151029,0.97736384,2.20758704,1.00442172,0.76628998,0.81051288,2.20772494,1.17466310,1.81674276,1.36181434,2.20749072,1.14366864,1.06299685,0.80770175,2.20541594,0.71006380,SD 02 80 FFFFFFFF 91F12F 946902 7FED22 6132A6 55269A 2DC053 7FE009 59A848 523AF8 676B19 7FEBDB 4975E6 5039AE 4D6EE7 7FF058 396CD3 7905BC 4E7FC4 7FEE1A 4FFE44 41E937 44B1AE 7FEF20 58D893 737FD5 619AB4 7FED63 574D19 5324A4 448503 7FDDFB 3E4035 7CD7B1 000FFF 02 0FB4F3,2026-07-27T21:52:41.335+00:00,serial_request_midpoint,356.2594,True,matched,71.8021,71.8021,2026-07-27T21:52:41.407+00:00,83.865077,1785189161354.142,2519,False,,,,,,,,,,,,,,False,,,,,,,,,,,,,,True,0.46769317674045996,-20.877297422010365,-5.556112191658798,42.68380407986173,0.14538497157074826,-0.8068648826874764,-2.8755222339540425,37.52512878593893,11.723109381515297,-28.86407276232196,0.5451145814576529,-0.05603327968890876,0.09250145736253164,False,,,,,,,,,,,,,,False,,,,,,,,,,,,,,False,,,,,,,,,,,,,,True,0.07374128376111415,11.251405117041044,9.400996295248811,76.19100717515035,0.19822679645315638,0.010865921093805624,-3.036132948126402,0.0,0.0,0.0,0.0,0.0,0.0,True,2,0.46769317674044586,-21.75091243947369,-2.995605041328278,46.95244824601646,2.6156867684130547,0.2038185953772341,0.16321116626908586,37.580614117104304,9.085782651674332,-24.55337071033903,-0.13642372819609055,3.0050185506694134,0.7911493367400906,True,-18.706797880039705,-29.014152410912423,71.0219283828598,34.00022208810575,35.261728983911155,-0.7296023001422668
2026-07-27T21:52:42.071+00:00,135.100000,102936.800000,1.217945,4095,2,02,80,FFFFFFFF,32,2.93020670,3.04782227,2.20455956,1.35202485,1.10128297,0.48090293,2.20722232,1.19103554,1.04561828,1.49791973,2.20483342,0.88926782,1.00854382,0.95823005,2.20485077,0.63905259,1.98110710,0.97719287,2.20476876,1.00424115,0.76619824,0.81050107,2.20725548,1.17452500,1.81664087,1.36139460,2.20713181,1.14335502,1.06253927,0.80765336,2.20528923,0.70999849,SD 02 80 FFFFFFFF 91EF34 946582 7FD79E 612B43 55244A 2DC039 7FEB65 59A692 52386D 676B22 7FD9A7 497423 5037F9 4D6D57 7FD9C8 396BF5 790269 4E7D54 7FD92C 4FFBBC 41E7B7 44B17E 7FEBA4 58D6D4 737EEC 6195F0 7FEAB9 57490F 531E74 44843E 7FDD0A 3E3F19 7CB7B1 000FFF 02 0FB4F8,2026-07-27T21:52:41.893+00:00,serial_request_midpoint,356.0739,True,matched,74.02725,74.02725,2026-07-27T21:52:41.967+00:00,84.424909,1785189161887.459,2535,False,,,,,,,,,,,,,,False,,,,,,,,,,,,,,True,0.5428182277944646,-21.173373739025877,-5.029343298246814,42.55425871481393,0.1431317640595127,-0.815629989092645,-2.8705564490654423,37.65425873197238,11.17024909281012,-29.28753577229323,0.5498748643424599,-0.05230900286626768,0.09516555780236613,False,,,,,,,,,,,,,,False,,,,,,,,,,,,,,False,,,,,,,,,,,,,,True,0.08825027647130622,11.268750109609561,9.415844455711975,76.30663000937301,0.1905945218228767,0.007926788827483804,-3.0377456482852208,0.0,0.0,0.0,0.0,0.0,0.0,True,2,0.5428182277944769,-22.045439624924988,-2.4417704472092625,46.806868617284735,2.609079015460811,0.2069602245635962,0.16096605136972839,37.73249396504859,8.513733911657097,-24.988986075944773,-0.14082230955434757,3.00648638757709,0.7991405777926882,True,-18.91764581575003,-28.292028230635974,71.04634866842902,34.12787419897921,34.568579028749284,-1.0364689431140732
2026-07-27T21:52:42.630+00:00,136.300000,102938.000000,1.220996,4095,2,02,80,FFFFFFFF,32,2.92948707,3.04675256,2.20710813,1.35136110,1.10114192,0.48088633,2.20552847,1.19092417,1.04545478,1.49788635,2.20732021,0.88913441,1.00845721,0.95817618,2.20536021,0.63901472,1.98072434,0.97701973,2.20731652,1.00412385,0.76613255,0.81041962,2.20538334,1.17447557,1.81662731,1.36094058,2.20719391,1.14300749,1.06216209,0.80764526,2.20787496,0.70991088,SD 02 80 FFFFFFFF 91EB42 945FE7 7FEA8C 6123AF 55226D 2DBFE4 7FDED1 59A52D 523631 676AC8 7FEC1F 497220 5036C3 4D6C90 7FDD91 396B48 78FF41 4E7ADC 7FEC18 4FFA17 41E6A4 44B033 7FDDBD 58D634 737ECD 6190C8 7FEB2F 574495 53195A 44841D 7FF03D 3E3D9C 7D07B0 000FFF 02 0FB504,2026-07-27T21:52:42.451+00:00,serial_request_midpoint,358.5149,True,matched,88.03465,88.03465,2026-07-27T21:52:42.538+00:00,84.996378,1785189162487.439,2553,False,,,,,,,,,,,,,,False,,,,,,,,,,,,,,True,0.5217890514065804,-21.49533694671986,-4.202755399806313,42.619828732584494,0.13811252875208457,-0.8084969260920442,-2.869630079131404,38.005807327649656,10.381980071002312,-28.89401449423287,0.5480465791871433,-0.060511896241046206,0.09870410475447856,False,,,,,,,,,,,,,,False,,,,,,,,,,,,,,False,,,,,,,,,,,,,,True,0.08699022522402657,11.2556359905391,9.40559846021058,76.22455237819051,0.19773175700047857,0.01307872419226241,-3.036618263318506,0.0,-1.4210854715202005e-15,0.0,0.0,0.0,0.0,True,2,0.5217890514065956,-22.35446419707926,-1.634085729935982,46.886508896080684,2.613481086415344,0.21119890953727508,0.15663817880420375,38.04909271378174,7.731819551197482,-24.59105054860086,-0.14566779744175753,2.999091709732114,0.7943039145139537,True,-19.0657745236243,-27.574127498822662,71.00849198189421,34.20480944117284,33.8174959000469,-0.7094616091026069
2026-07-27T21:52:43.186+00:00,137.500000,102939.200000,1.217945,4095,2,02,80,FFFFFFFF,32,2.92912448,3.04627637,2.20740809,1.35094382,1.10108633,0.48091113,2.20798972,1.19081531,1.04532702,1.49789970,2.20779548,0.88905566,1.00837313,0.95810904,2.20796498,0.63899567,1.98053820,0.97689318,2.20485077,1.00394638,0.76607474,0.81039945,2.20484288,1.17441780,1.81662994,1.36071498,2.20675349,1.14279070,1.06183696,0.80763347,2.20768283,0.70987041,SD 02 80 FFFFFFFF 91E945 945D68 7FECC6 611EEB 5521B1 2DC063 7FF117 59A3D0 523472 676AEC 7FEFA6 4970F0 503596 4D6B98 7FF0E8 396AF1 78FDB8 4E790E 7FD9C8 4FF79A 41E5B2 44AFE1 7FD9B9 58D579 737ED3 618E38 7FE7EA 5741CA 5314F4 4483ED 7FEED0 3E3CEC 7CB7B1 000FFF 02 0FB510,2026-07-27T21:52:43.008+00:00,serial_request_midpoint,356.1533,True,matched,36.06055,36.06055,2026-07-27T21:52:43.044+00:00,85.502243,1785189162987.43,2568,False,,,,,,,,,,,,,,False,,,,,,,,,,,,,,True,0.4623498330889956,-21.416363144707734,-3.8889283004737436,42.66860919211048,0.15377346434922118,-0.8014461412485742,-2.866240511700665,37.81888253290985,9.988201863808655,-29.053673965613164,0.5409273451863752,-0.04654678315209696,0.10221845046282879,False,,,,,,,,,,,,,,False,,,,,,,,,,,,,,False,,,,,,,,,,,,,,True,0.09145803472112056,11.263513708256365,9.411242461443326,76.27335781472809,0.193498962500514,0.007774912172303203,-3.0371951445065823,-2.842170943040401e-15,0.0,0.0,0.0,0.0,0.0,True,2,0.46234983308901134,-22.330883188819758,-1.3460396700204784,46.93921729710793,2.6163379346937403,0.21752746735147896,0.1710964708077604,37.93184194113983,7.372707018626184,-24.730810334713237,-0.1519381414489714,3.0149284196396335,0.7868532136610347,True,-19.062558391727787,-27.371631068003847,70.97165288191864,34.195936854368696,33.62104552597369,-1.0107965590324965
2026-07-27T21:52:43.742+00:00,138.000000,102939.700000,1.220997,4095,2,02,80,FFFFFFFF,32,2.92912092,3.04609977,2.20741546,1.35060630,1.10099378,0.48090566,2.20553057,1.19076946,1.04529786,1.49786967,2.20721180,0.88897381,1.00830608,0.95804651,2.20754388,0.63897006,1.98043969,0.97676472,2.20710129,1.00385277,0.76602696,0.81033794,2.20791339,1.17433470,1.81658577,1.36040174,2.20497483,1.14252150,1.06152142,0.80758435,2.20724074,0.70982074,SD 02 80 FFFFFFFF 91E940 945C7B 7FECD4 611B10 552078 2DC047 7FDED5 59A33D 52340C 676A9B 7FEB51 496FB4 5034A6 4D6AB1 7FEDC8 396A7C 78FCE8 4E7739 7FEA7F 4FF64A 41E4EA 44AEE7 7FF086 58D46C 737E6E 618AA9 7FDAB4 573E52 5310AF 448325 7FEB88 3E3C14 7D07B1 000FFF 02 0FB515,2026-07-27T21:52:43.564+00:00,serial_request_midpoint,355.3,True,matched,55.2781,55.2781,2026-07-27T21:52:43.620+00:00,86.07736,1785189163554.087,2585,False,,,,,,,,,,,,,,False,,,,,,,,,,,,,,True,0.5182340802585101,-21.644073298414547,-3.6657617329169483,42.61031375435189,0.14933110972368036,-0.8030295718340873,-2.8620576836099865,38.03676566107697,9.88777429842033,-28.91384032114677,0.5467395083170571,-0.05082329988876756,0.10697700577846929,False,,,,,,,,,,,,,,False,,,,,,,,,,,,,,False,,,,,,,,,,,,,,True,0.0794024316645891,11.250731096801099,9.402989910226221,76.19175742402312,0.19508546096562718,0.014778423426161286,-3.037314493890587,0.0,0.0,0.0,0.0,0.0,0.0,True,2,0.5182340802585316,-22.550506354102257,-1.1161027650414985,46.878608659212055,2.614466134147372,0.22258462296847056,0.16706314522391186,38.137340728210404,7.2469107142994815,-24.606120818010357,-0.15901852405968672,3.0081470017013388,0.794450540609919,True,-19.121589360304025,-27.079373113947263,70.9560345135558,34.18727280992486,33.33950049976217,-0.7493600055981006
2026-07-27T21:52:44.298+00:00,139.100000,102940.800000,1.220997,4095,2,02,80,FFFFFFFF,32,2.92871280,3.04595150,2.20737494,1.35028765,1.10091248,0.48089824,2.20750756,1.19063128,1.04516154,1.49790415,2.20747967,0.88892304,1.00824407,0.95801349,2.20523507,0.63895386,1.98017024,0.97664366,2.20486706,1.00374413,0.76598182,0.81030817,2.20485287,1.17426983,1.81653417,1.36014459,2.20724758,1.14232933,1.06129224,0.80755906,2.20538808,0.70975843,SD 02 80 FFFFFFFF 91E703 945BB4 7FEC87 61176C 551F65 2DC021 7FED83 59A182 52322F 676AF8 7FED4E 496EF0 5033C8 4D6A37 7FDCA3 396A32 78FAAF 4E757F 7FD9E7 4FF4C4 41E42D 44AE6E 7FD9CC 58D39A 737DF8 6187BD 7FEB95 573BD8 530D95 4482BE 7FDDC6 3E3B05 7D07B1 000FFF 02 0FB520,2026-07-27T21:52:44.120+00:00,serial_request_midpoint,356.356,True,matched,77.6247,77.6247,2026-07-27T21:52:44.197+00:00,86.655702,1785189164120.742,2602,False,,,,,,,,,,,,,,False,,,,,,,,,,,,,,True,0.4715796567013851,-21.697909580068462,-3.40864677445924,42.61832567221429,0.14383389223256843,-0.7987007776838438,-2.866033001071809,38.13404076398824,9.74626298073165,-28.740818544605787,0.5456309538942958,-0.05720219236658571,0.10631137547741236,False,,,,,,,,,,,,,,False,,,,,,,,,,,,,,False,,,,,,,,,,,,,,True,0.05956990075215015,11.25065479505972,9.402483742423582,76.16674438592537,0.19951330895222916,0.01881724211844695,-3.038188114960028,0.0,0.0,0.0,0.0,0.0,0.0,True,2,0.47157965670140034,-22.582059107845208,-0.8702008544703453,46.897962924040904,2.6184196764527683,0.21939632928475933,0.16215296091699574,38.202828545998315,7.108355803862091,-24.430663437110887,-0.157521510986102,3.0025531811178388,0.7912605632289653,True,-19.15823535354827,-26.92387317712661,70.87826534363762,34.173138197954906,33.227836888492014,-0.616683964945912
2026-07-27T21:52:44.856+00:00,139.700000,102941.400000,1.219165,4095,2,02,80,FFFFFFFF,32,2.92861737,3.04548365,2.20698816,1.35005041,1.10079304,0.48090058,2.20762178,1.19057608,1.04509067,1.49789859,2.20757020,0.88884897,1.00818960,0.95800618,2.20772073,0.63893482,1.98006890,0.97657163,2.20729705,1.00367728,0.76595435,0.81031284,2.20774547,1.17431060,1.81652280,1.36003871,2.20774231,1.14215293,1.06113813,0.80756151,2.20547852,0.70974303,SD 02 80 FFFFFFFF 91E67D 945940 7FE9A8 6114B6 551DD1 2DC02D 7FEE5C 59A0D1 523137 676AE9 7FEDFA 496DD2 503305 4D6A1C 7FEF18 3969DB 78F9D9 4E7478 7FEBF3 4FF3D4 41E3BA 44AE81 7FEF47 58D41E 737DDE 618689 7FEF41 573992 530B7F 4482C8 7FDE72 3E3AC2 7CD7B1 000FFF 02 0FB526,2026-07-27T21:52:44.677+00:00,serial_request_midpoint,357.3277,True,matched,102.88495,102.88495,2026-07-27T21:52:44.780+00:00,87.237976,1785189164720.731,2620,False,,,,,,,,,,,,,,False,,,,,,,,,,,,,,True,0.5035223731989498,-21.82581265880075,-3.5016852804786467,42.52230011217667,0.14132597532848892,-0.8055249543299048,-2.8604551259569115,38.18919881181591,9.574565880197516,-29.081249478234287,0.5442354112184816,-0.055121268551700915,0.10780141707962224,False,,,,,,,,,,,,,,False,,,,,,,,,,,,,,False,,,,,,,,,,,,,,True,0.1294809001272016,11.25258539694958,9.405949091884075,76.21234086419534,0.1937835239620271,0.008353649813968585,-3.0373027680563927,2.842170943040401e-15,0.0,1.1368683772161604e-14,0.0,0.0,0.0,True,2,0.5035223731989389,-22.70901030656933,-0.9415504055058486,46.78919528784069,2.612833568166361,0.2241034626462108,0.1597302537018641,38.26955643907241,6.9434321967701305,-24.76715614418872,-0.1599390182058918,3.004955128297196,0.7896205796925583,True,-19.160775798777646,-26.848179893921344,70.910304200157,34.22580734186813,33.09177298378931,-0.9872553442081312
2026-07-27T21:52:45.412+00:00,140.800000,102942.500000,1.217335,4095,2,02,80,FFFFFFFF,32,2.92872277,3.04567287,2.20685661,1.35002683,1.10071115,0.48089258,2.20782916,1.19054052,1.04513296,1.49788005,2.20775389,0.88886218,1.00817563,0.95797857,2.20771231,0.63893504,1.97993111,0.97655931,2.20781443,1.00367366,0.76593285,0.81029660,2.20774547,1.17433902,1.81649875,1.35994384,2.20755125,1.14204444,1.06103856,0.80756544,2.20794445,0.70971820,SD 02 80 FFFFFFFF 91E711 945A3E 7FE8AE 611471 551CBC 2DC004 7FEFE6 59A05F 5231CB 676AB7 7FEF57 496E05 5032D3 4D69B6 7FEF08 3969DC 78F8B6 4E744B 7FEFCA 4FF3C7 41E360 44AE3F 7FEF47 58D47A 737DA7 618575 7FEDD6 57382C 530A26 4482D8 7FF0C1 3E3A56 7CA7B2 000FFF 02 0FB531,2026-07-27T21:52:45.234+00:00,serial_request_midpoint,356.2502,True,matched,36.1269,36.1269,2026-07-27T21:52:45.270+00:00,87.728175,1785189165187.39,2634,False,,,,,,,,,,,,,,False,,,,,,,,,,,,,,True,0.48219323646083123,-21.820993399907472,-2.7007609870337683,42.43670334838933,0.15208240353259883,-0.8132791733796514,-2.86178251402809,38.16809671233957,8.800553372268785,-29.13113130091608,0.5504350824991315,-0.04961743778665205,0.10444590174833497,False,,,,,,,,,,,,,,False,,,,,,,,,,,,,,False,,,,,,,,,,,,,,True,0.07826365141006643,11.256837253238608,9.408405923524612,76.23169340883909,0.1958913298097255,0.009911247330850508,-3.0369060459948964,0.0,0.0,0.0,0.0,0.0,0.0,True,2,0.4821932364608309,-22.734514620593743,-0.122038606473366,46.68598481190265,2.6079039559326054,0.21877237353300164,0.16924330055066708,38.272073182876454,6.143751801969375,-24.833304245015107,-0.155265448519329,3.0080569216059394,0.8003807922469346,True,-19.436653147614457,-25.939554136831664,70.93781600620414,34.42075121695306,32.1565345039754,-0.8734676440455473
2026-07-27T21:52:45.970+00:00,141.400000,102943.100000,1.216114,4095,2,02,80,FFFFFFFF,32,2.92899983,3.04589190,2.20742020,1.35004187,1.10069430,0.48087188,2.20764862,1.19048844,1.04507067,1.49782888,2.20528975,0.88886296,1.00816669,0.95795177,2.20721653,0.63892431,1.97987667,0.97652672,2.20763546,1.00359678,0.76593667,0.81027741,2.20766388,1.17428836,1.81652411,1.35991256,2.20726442,1.14198383,1.06091448,0.80756863,2.20766757,0.70971107,SD 02 80 FFFFFFFF 91E896 945B64 7FECDD 61149D 551C83 2DBF9A 7FEE8F 599FB8 5230F1 676A2D 7FDD0B 496E08 5032B3 4D6953 7FEB5A 3969AB 78F843 4E73D4 7FEE76 4FF2B3 41E370 44ADF1 7FEEAC 58D3D6 737DE1 61851A 7FEBB5 573764 530878 4482E5 7FEEB3 3E3A37 7C87B2 000FFF 02 0FB537,2026-07-27T21:52:45.791+00:00,serial_request_midpoint,357.1472,True,matched,46.7282,46.7282,2026-07-27T21:52:45.838+00:00,88.295662,1785189165754.083,2651,False,,,,,,,,,,,,,,False,,,,,,,,,,,,,,True,0.5325106834813217,-21.91107802702137,-2.129488014277695,42.32333779167917,0.1543919816466234,-0.8200779136981343,-2.8598712593981572,38.165315244168525,8.405464643289429,-29.184883586434523,0.5610094892150136,-0.0472675576860712,0.10482197196183266,False,,,,,,,,,,,,,,False,,,,,,,,,,,,,,False,,,,,,,,,,,,,,True,0.0710695212031244,11.251116233636345,9.400857557163794,76.18069380675551,0.1937624016434684,0.01859198348881157,-3.0372005433910783,0.0,0.0,0.0,0.0,0.0,0.0,True,2,0.5325106834813177,-22.833293494443822,0.4684812802228736,46.55899562841161,2.6030838556935683,0.21843144008553086,0.1711440453382869,38.284091800301226,5.704192554862307,-24.915253114439118,-0.15614511284269533,3.0060152744351103,0.8168685549722055,True,-19.57879799965134,-25.237370038362133,70.93498344005373,34.46112235016688,31.46080572098425,-0.6757585337709429
2026-07-27T21:52:46.527+00:00,142.600000,102944.300000,1.218555,4095,2,02,80,FFFFFFFF,32,2.92951984,3.04608934,2.20737810,1.35003298,1.10065912,0.48086504,2.20787917,1.19051214,1.04513839,1.49786262,2.20777337,0.88886270,1.00814993,0.95795394,2.20793181,0.63893810,1.97994579,0.97651439,2.20548220,1.00361099,0.76591733,0.81033055,2.20518986,1.17446321,1.81651275,1.36003493,2.20710866,1.14197595,1.06092804,0.80756470,2.20501584,0.70975659,SD 02 80 FFFFFFFF 91EB70 945C6D 7FEC8D 611483 551C0C 2DBF77 7FF045 59A004 5231DE 676A88 7FEF7C 496E07 503277 4D695B 7FF0A9 3969EA 78F8D5 4E73A7 7FDE79 4FF2E6 41E31F 44AEC9 7FDC4D 58D60C 737DC7 61867E 7FEA8D 57374A 5308A7 4482D5 7FDB02 3E3AFD 7CC7B3 000FFF 02 0FB543,2026-07-27T21:52:46.348+00:00,serial_request_midpoint,356.9644,True,matched,84.8963,84.8963,2026-07-27T21:52:46.432+00:00,88.891187,1785189166354.135,2669,False,,,,,,,,,,,,,,False,,,,,,,,,,,,,,True,0.4560140867908414,-21.901701631768592,-1.4298595395718257,42.28147018830772,0.16793598166702492,-0.8187763693994462,-2.8571339802969593,38.10512892164333,7.68644371113903,-29.24921569056256,0.5597063526552343,-0.038215127088613327,0.10740034614055137,False,,,,,,,,,,,,,,False,,,,,,,,,,,,,,False,,,,,,,,,,,,,,True,0.10543878353476425,11.252062420681117,9.402373482507434,76.19444031011344,0.1943719560813574,0.017006338709587614,-3.037395195949252,2.842170943040401e-15,0.0,0.0,0.0,0.0,0.0,True,2,0.45601408679084104,-22.870526480033213,1.1595918533295007,46.511936234723265,2.6025598984660427,0.22168481399368495,0.18349301099206838,38.27035954465207,4.993686903143128,-24.975753079646182,-0.16075309157235565,3.0149322800574345,0.8170901043941882,True,-19.692310304367798,-24.554370635924574,70.88943384571938,34.51105317737991,30.776235017134354,-0.7538798424487141
2026-07-27T21:52:47.083+00:00,143.100000,102944.800000,1.218555,4095,2,02,80,FFFFFFFF,32,2.93048178,3.04695156,2.20445129,1.35045825,1.10066533,0.48087637,2.20495853,1.19054738,1.04535388,1.49783889,2.20672666,0.88893056,1.00826250,0.95802729,2.20709340,0.63896196,1.97996236,0.97657190,2.20745178,1.00378397,0.76594790,0.81036303,2.20728284,1.17459390,1.81655560,1.36031063,2.20760125,1.14203474,1.06102702,0.80757600,2.20549745,0.70977591,SD 02 80 FFFFFFFF 91F0B6 9460F2 7FD6D0 61195F 551C21 2DBFB1 7FDA95 59A075 5234D0 676A48 7FE7B7 496F0D 50340A 4D6A6A 7FEA70 396A57 78F8F8 4E7479 7FED19 4FF553 41E39F 44AF4D 7FEBD8 58D7B3 737E29 6189A0 7FEE35 57380C 5309FE 448303 7FDE96 3E3B51 7CC7B3 000FFF 02 0FB548,2026-07-27T21:52:46.905+00:00,serial_request_midpoint,356.4934,True,matched,22.4421,22.4421,2026-07-27T21:52:46.927+00:00,89.385688,1785189166854.138,2684,False,,,,,,,,,,,,,,False,,,,,,,,,,,,,,True,0.5075407914822451,-22.092496868802034,-1.5587390983754523,42.11667866075305,0.1568223147296581,-0.829020506566435,-2.8535429698852512,38.331524166071404,7.491919724661443,-29.55349828904432,0.5577437575637836,-0.044988990542440606,0.10774921999716285,False,,,,,,,,,,,,,,False,,,,,,,,,,,,,,False,,,,,,,,,,,,,,True,0.08017908034560911,11.262571254291235,9.412032071291847,76.26232959351516,0.19366516317965196,0.003344090663833134,-3.0366883654881067,0.0,0.0,0.0,0.0,0.0,0.0,True,2,0.507540791482279,-23.029935044456487,1.06514961979553,46.33297333420473,2.595765780405273,0.22289617946996865,0.17313835672084252,38.46430432433566,4.805692609016956,-25.274797969479522,-0.16076840010502716,3.0092473824058654,0.8124342539525793,True,-19.715733664514936,-24.459176135437904,70.8909899211783,34.5856178652757,30.632472603982706,-1.1189593134508413
2026-07-27T21:52:47.642+00:00,144.300000,102946.000000,1.219776,4095,2,02,80,FFFFFFFF,32,2.93088376,3.04763140,2.20712655,1.35082789,1.10066267,0.48087813,2.20752862,1.19053803,1.04546764,1.49786077,2.20776231,0.88897459,1.00829463,0.95807872,2.20786864,0.63895102,1.98009210,0.97657902,2.20784706,1.00381684,0.76594647,0.81033941,2.20741599,1.17457536,1.81662994,1.36043887,2.20488283,1.14205656,1.06100769,0.80756618,2.20457796,0.70977545,SD 02 80 FFFFFFFF 91F2EA 946482 7FEAAF 611D98 551C18 2DBFBA 7FEDAB 59A057 52365E 676A83 7FEF67 496FB7 50347D 4D6B28 7FF031 396A25 78FA0A 4E7493 7FF008 4FF5C9 41E399 44AEED 7FECD5 58D777 737ED3 618B15 7FDA05 573854 5309BB 4482DB 7FD7C1 3E3B4F 7CE7B3 000FFF 02 0FB554,2026-07-27T21:52:47.463+00:00,serial_request_midpoint,356.9875,True,matched,47.34965,47.34965,2026-07-27T21:52:47.510+00:00,89.968363,1785189167454.137,2702,False,,,,,,,,,,,,,,False,,,,,,,,,,,,,,True,0.5322112232580634,-22.552779713795925,-1.944466849436166,41.79811388246395,0.11039731606785894,-0.8514513773979371,-2.857868076719688,38.848777099655365,7.930575243458854,-29.86052020040872,0.5729770655805336,-0.07649982724712968,0.10099459373931514,False,,,,,,,,,,,,,,False,,,,,,,,,,,,,,False,,,,,,,,,,,,,,True,0.08616364623870018,11.264819419703873,9.41676271859348,76.30991800827474,0.1927106295368335,0.0064766554119248905,-3.037554728691086,0.0,0.0,0.0,0.0,0.0,0.0,True,2,0.5322112232580887,-23.33343904464144,0.7601753564983383,45.99528014415567,2.5848207553323155,0.21044266397151828,0.13059333883709034,38.82625969037686,5.170732322040157,-25.626906720576606,-0.14838830016594598,2.9736435035234723,0.8275799461241525,True,-19.80529372900319,-24.43575747524589,70.86068732164065,34.65482400128548,30.639488940288594,-1.141954702156204
2026-07-27T21:52:48.198+00:00,145.500000,102947.200000,1.217945,4095,2,02,80,FFFFFFFF,32,2.93094150,3.04763289,2.20684293,1.35084498,1.10059527,0.48087402,2.20767652,1.19052119,1.04545992,1.49783630,2.20764178,0.88898158,1.00823764,0.95808278,2.20788338,0.63895518,1.97996615,0.97658368,2.20762178,1.00375193,0.76595602,0.81034064,2.20751967,1.17456609,1.81649569,1.36037492,2.20750230,1.14197838,1.06091419,0.80752639,2.20548798,0.70979039,SD 02 80 FFFFFFFF 91F33B 946484 7FE894 611DCA 551B34 2DBFA5 7FEEC4 59A021 523643 676A41 7FEE82 496FD2 5033B1 4D6B37 7FF04D 396A38 78F900 4E74A4 7FEE5C 4FF4E0 41E3C1 44AEF2 7FED9A 58D759 737DA0 618A5B 7FED79 573752 530877 448239 7FDE84 3E3B90 7CB7B3 000FFF 02 0FB560,2026-07-27T21:52:48.020+00:00,serial_request_midpoint,356.2436,True,matched,82.9707,82.9707,2026-07-27T21:52:48.103+00:00,90.560757,1785189168020.813,2719,False,,,,,,,,,,,,,,False,,,,,,,,,,,,,,True,0.5221650620816666,-23.147176726522805,-2.2265550742635423,41.58775826384559,0.05630675764382679,-0.8719616387211128,-2.8615417533702985,39.53709154775565,8.193111503906083,-29.81104131341764,0.5861489443769201,-0.11594903173358125,0.09445924117640372,False,,,,,,,,,,,,,,False,,,,,,,,,,,,,,False,,,,,,,,,,,,,,True,0.09545221418429647,11.256463616136255,9.408142056676867,76.22921063243997,0.1959768809847491,0.00909881049555064,-3.0372329226931223,-2.842170943040401e-15,0.0,0.0,0.0,0.0,0.0,True,2,0.5221650620816557,-23.746997286967012,0.5530849774131716,45.765621296192656,2.5745857698850476,0.19864414793049695,0.08170616053020839,39.321806836959254,5.36951323949558,-25.62515211598486,-0.1360506632124741,2.93123115213583,0.8373242377556454,True,-19.890871225281604,-24.33695408272831,70.889067757878,34.70923261202254,30.52650459213072,-0.8982182212409043
2026-07-27T21:52:48.754+00:00,146.000000,102947.700000,1.217335,4095,2,02,80,FFFFFFFF,32,2.93131575,3.04789683,2.20700763,1.35096365,1.10063961,0.48088359,2.20795340,1.19053335,1.04554968,1.49776881,2.20778284,0.88900412,1.00829798,0.95808684,2.20780706,0.63896306,1.98001492,0.97662202,2.20761599,1.00382714,0.76598516,0.81037337,2.20748335,1.17475240,1.81655297,1.36064311,2.20770336,1.14213354,1.06119123,0.80755243,2.20751651,0.70988467,SD 02 80 FFFFFFFF 91F548 9465E6 7FE9CD 611F25 551BCA 2DBFD6 7FF0D2 59A048 52377D 67698B 7FEF8E 497029 503489 4D6B46 7FEFBC 396A5C 78F967 4E7530 7FEE51 4FF5EE 41E43B 44AF77 7FED55 58D9B4 737E23 618D67 7FEEF7 573952 530C37 4482A3 7FED94 3E3D2A 7CA7B3 000FFF 02 0FB565,2026-07-27T21:52:48.576+00:00,serial_request_midpoint,356.1002,True,matched,45.455,45.455,2026-07-27T21:52:48.622+00:00,91.079938,1785189168554.167,2735,False,,,,,,,,,,,,,,False,,,,,,,,,,,,,,True,0.5599815799446622,-23.66059431185249,-0.5547896848759832,41.880976000221736,0.05461647283320596,-0.8454419507264188,-2.8582291660528796,39.810108333836226,6.743434969554502,-29.411345531219105,0.5780898440346769,-0.11627984740334864,0.1034162682852956,False,,,,,,,,,,,,,,False,,,,,,,,,,,,,,False,,,,,,,,,,,,,,True,0.10460132278805356,11.246552624909608,9.401253730825804,76.19881653451398,0.19428087724426332,0.022957570737147503,-3.0366918434088372,0.0,0.0,1.1368683772161604e-14,0.0,0.0,0.0,True,2,0.5599815799446711,-24.265349670554954,2.1516299026702725,46.10593600384785,2.59015680699323,0.21371963682430348,0.08042253439466465,39.60352036287488,3.9535675974816185,-25.202463908213893,-0.14938361675385245,2.933503703348587,0.8251506553059186,True,-20.024770893252747,-23.09630216029538,70.80676054290959,34.715933799109926,29.280888110382556,-0.7032874332659957
2026-07-27T21:52:49.311+00:00,147.100000,102948.800000,1.219776,4095,2,02,80,FFFFFFFF,32,2.93313289,3.04966974,2.20736757,1.35180756,1.10067301,0.48084981,2.20776179,1.19068711,1.04582297,1.49780812,2.20506052,0.88915021,1.00846280,0.95824656,2.20503108,0.63900005,1.98032651,0.97679156,2.20448230,1.00408568,0.76606996,0.81049049,2.20493803,1.17501444,1.81669684,1.36117377,2.20707866,1.14236236,1.06155202,0.80757084,2.20756809,0.70992789,SD 02 80 FFFFFFFF 91FF3C 946F2F 7FEC79 6128C8 551C3B 2DBF29 7FEF66 59A235 523B39 6769F5 7FDB57 49725D 5036D7 4D6D94 7FDB1F 396B05 78FBF9 4E779B 7FD70B 4FF98E 41E59E 44B153 7FDA6E 58DD04 737F6C 61936E 7FEA54 573C45 531119 4482EE 7FEDF6 3E3DE6 7CE7B3 000FFF 02 0FB570,2026-07-27T21:52:49.133+00:00,serial_request_midpoint,355.3999,True,matched,87.07495,87.07495,2026-07-27T21:52:49.220+00:00,91.678016,1785189169154.226,2753,False,,,,,,,,,,,,,,False,,,,,,,,,,,,,,True,0.5517683934002097,-23.9007855841484,0.370636191159439,41.96581690060734,0.04776129145302446,-0.8372085312402928,-2.8581491525590437,39.96726967059374,5.614969371869369,-29.379245901276125,0.5657503021705973,-0.12053050790281214,0.10620673888011888,False,,,,,,,,,,,,,,False,,,,,,,,,,,,,,False,,,,,,,,,,,,,,True,0.10322494271706843,11.255609839376216,9.405341911452409,76.23610387152613,0.19525295113848884,0.012822176193559218,-3.0373815745246984,0.0,0.0,0.0,0.0,0.0,0.0,True,2,0.551768393400231,-24.485202960636393,3.0559197158736198,46.20709403958528,2.5953785328957304,0.21720839889762855,0.07430651971343516,39.74009197118254,2.8763370280993334,-25.137901040715228,-0.15312838997259784,2.9341810288032937,0.8058872127877222,True,-20.08146826842805,-22.306468129713586,70.7616805411495,34.70775498872901,28.496358025375834,-0.9746764354128572
2026-07-27T21:52:49.869+00:00,147.700000,102949.400000,1.219166,4095,2,02,80,FFFFFFFF,32,2.93341185,3.04984583,2.20739967,1.35221204,1.10083413,0.48084883,2.20523612,1.19077788,1.04587901,1.49784001,2.20492647,0.88921419,1.00850219,0.95827228,2.20484446,0.63901932,1.98044917,0.97682360,2.20464418,1.00409654,0.76607068,0.81048040,2.20438717,1.17487322,1.81671477,1.36107918,2.20445339,1.14233993,1.06141202,0.80758116,2.20703236,0.70989800,SD 02 80 FFFFFFFF 9200C3 94701B 7FECB6 612D66 551E5C 2DBF24 7FDCA5 59A358 523BFD 676A4B 7FDA58 497354 503764 4D6DF3 7FD9BC 396B5D 78FCFC 4E7810 7FD83F 4FF9B5 41E5A1 44B12A 7FD656 58DB3B 737F95 61925B 7FD6D4 573BFB 530F34 448318 7FE9FC 3E3D64 7CD7B3 000FFF 02 0FB576,2026-07-27T21:52:49.690+00:00,serial_request_midpoint,357.6681,True,matched,34.85025,34.85025,2026-07-27T21:52:49.725+00:00,92.1831,1785189169654.406,2768,False,,,,,,,,,,,,,,False,,,,,,,,,,,,,,True,0.4869967014942829,-23.831008793198585,0.8630617023748461,41.86327593448957,0.06908841197634472,-0.8408267754300214,-2.8521473671044992,39.68835412839172,5.130033798740702,-29.84051821690438,0.5699265011757398,-0.09971087567661611,0.10857718576091382,False,,,,,,,,,,,,,,False,,,,,,,,,,,,,,False,,,,,,,,,,,,,,True,0.07016947818355833,11.267041390852599,9.414286286084963,76.31531011314192,0.1849965184169728,0.012613804551936407,-3.03756882946519,0.0,0.0,0.0,0.0,0.0,0.0,True,2,0.4869967014943099,-24.491611673578245,3.5531748426764205,46.09028647987343,2.5910816925408118,0.2231965191007543,0.09350025783033769,39.565094565492814,2.3782727806446813,-25.603379866152,-0.15821693219801788,2.9521443582187845,0.8170654481679802,True,-20.19461359802792,-21.71571388202779,70.75991122143327,34.78836838931208,27.89117497410013,-1.27549414961029
2026-07-27T21:52:50.424+00:00,148.900000,102950.600000,1.219166,4095,2,02,80,FFFFFFFF,32,2.93222131,3.04895655,2.20722495,1.35173605,1.10079422,0.48085821,2.20550901,1.19075667,1.04571519,1.49782666,2.20709708,0.88913803,1.00844716,0.95823628,2.20751914,0.63899436,1.98035161,0.97673075,2.20772073,1.00401575,0.76602696,0.81042922,2.20814660,1.17474869,1.81663081,1.36075693,2.20766599,1.14218021,1.06130032,0.80756421,2.20805868,0.70985385,SD 02 80 FFFFFFFF 91FA3E 946B73 7FEB6A 6127F7 551DD5 2DBF54 7FDEAC 59A314 5239C0 676A27 7FEA77 49722E 50369F 4D6D6E 7FED99 396AEB 78FC2E 4E76BD 7FEF18 4FF893 41E4EA 44B05A 7FF241 58D9A8 737ED5 618EB2 7FEEB0 5739EC 530DB1 4482D3 7FF19A 3E3CA4 7CD7B3 000FFF 02 0FB582,2026-07-27T21:52:50.247+00:00,serial_request_midpoint,354.9402,True,matched,60.7224,60.7224,2026-07-27T21:52:50.307+00:00,92.765564,1785189170254.785,2786,False,,,,,,,,,,,,,,False,,,,,,,,,,,,,,True,0.41995390467099664,-23.84164310672842,1.929272910398955,42.01311991806592,0.07608017803252949,-0.8315312664852713,-2.855912824421705,39.6598404446881,4.086542389543416,-29.45759084357021,0.5651148674479102,-0.09851874445046525,0.1072649896110353,False,,,,,,,,,,,,,,False,,,,,,,,,,,,,,False,,,,,,,,,,,,,,True,0.09959056318125034,11.254552671870538,9.40263169050436,76.21485059826571,0.1903021220233472,0.015534993518800923,-3.0365494722281827,0.0,1.4210854715202005e-15,0.0,0.0,0.0,0.0,True,2,0.419953904670993,-24.52058903896882,4.589283010144909,46.2562439696488,2.5976692360257134,0.22196670707238575,0.09997668239498868,39.53875230199203,1.3553748106796746,-25.207086832909898,-0.15626041212032493,2.9553298470269906,0.8102745337177015,True,-20.322186345066463,-20.852811244395618,70.7642950854568,34.823707603312776,26.99087880959981,-0.9963329631322381
2026-07-27T21:52:50.982+00:00,149.400000,102951.100000,1.220386,4095,2,02,80,FFFFFFFF,32,2.93114608,3.04776784,2.20749914,1.35126464,1.10072622,0.48086582,2.20807184,1.19063315,1.04554825,1.49783148,2.20776863,0.88903649,1.00837815,0.95813828,2.20791760,0.63897904,1.98002487,0.97664777,2.20791549,1.00389874,0.76600618,0.81039330,2.20515516,1.17459328,1.81667061,1.36037733,2.20475510,1.14196929,1.06104289,0.80754137,2.20696764,0.70979407,SD 02 80 FFFFFFFF 91F45A 946539 7FED73 612295 551CEF 2DBF7B 7FF1B3 59A188 523778 676A34 7FEF73 4970A6 5035A8 4D6C04 7FF08E 396AA5 78F97C 4E758E 7FF08A 4FF6EF 41E493 44AFC8 7FDC0B 58D7B1 737F30 618A62 7FD912 573734 530A35 448276 7FE981 3E3BA0 7CF7B3 000FFF 02 0FB587,2026-07-27T21:52:50.803+00:00,serial_request_midpoint,357.0086,True,matched,101.0229,101.0229,2026-07-27T21:52:50.904+00:00,93.362454,1785189170821.531,2803,False,,,,,,,,,,,,,,False,,,,,,,,,,,,,,True,0.3778208849169894,-24.325914174579772,3.2610855950306137,41.970606241565655,0.06710077646641105,-0.8313910381452686,-2.855210664632929,40.13193165453003,2.7689327478491306,-29.244850980343926,0.5658270132894855,-0.1088672896481355,0.10994898850714059,False,,,,,,,,,,,,,,False,,,,,,,,,,,,,,False,,,,,,,,,,,,,,True,0.1423241839095419,11.24849486756596,9.400154247799545,76.17986658328007,0.19704114707269235,0.017716586059989218,-3.0366318503645635,0.0,0.0,0.0,0.0,0.0,0.0,True,2,0.3778208849169798,-24.97730405215827,5.924010825600084,46.21622085805997,2.597794605513772,0.22309442109264851,0.09184267238751567,39.96558359287987,0.032503436726227616,-24.99926433352843,-0.1595806834604001,2.944945402298649,0.8087268536859344,True,-20.652129845560346,-19.50766977155152,70.71303299391127,35.00268460884521,25.63900635406788,-0.8073657567199121
2026-07-27T21:52:51.539+00:00,150.600000,102952.300000,1.218555,4095,2,02,80,FFFFFFFF,32,2.93013900,3.04704250,2.20733863,1.35072359,1.10069844,0.48089512,2.20791549,1.19055518,1.04532616,1.49779699,2.20526767,0.88897200,1.00831614,0.95808657,2.20491122,0.63896065,1.97993538,0.97655465,2.20708392,1.00374720,0.76594503,0.81033055,2.20792181,1.17451697,1.81666098,1.36015696,2.20769020,1.14185293,1.06086687,0.80753425,2.20810132,0.70976602,SD 02 80 FFFFFFFF 91EED5 94616C 7FEC42 611C67 551C91 2DC011 7FF08A 59A08E 52346F 6769D7 7FDCE1 496FAD 5034CA 4D6B45 7FDA3B 396A51 78F8BF 4E743A 7FEA5E 4FF4CF 41E393 44AEC9 7FF096 58D6BA 737F1A 6187E1 7FEEDE 5735B4 5307D3 448259 7FF1EB 3E3B26 7CC7B3 000FFF 02 0FB593,2026-07-27T21:52:51.361+00:00,serial_request_midpoint,356.7196,True,matched,39.9963,39.9963,2026-07-27T21:52:51.400+00:00,93.858761,1785189171321.516,2818,False,,,,,,,,,,,,,,False,,,,,,,,,,,,,,True,0.45910776449168794,-24.62675714517131,4.216701069227232,41.92227187388589,0.02953107802735131,-0.829992426457773,-2.8688222421331173,40.313206201292274,1.8086141080342912,-29.36127082636949,0.561300358159133,-0.13267219733823174,0.0982423116308776,False,,,,,,,,,,,,,,False,,,,,,,,,,,,,,False,,,,,,,,,,,,,,True,0.07136409088707599,11.253685809882763,9.40797753575715,76.21737889742893,0.19527135877067558,0.015836420972518986,-3.038060044016713,2.842170943040401e-15,-1.4210854715202005e-15,1.1368683772161604e-14,0.0,0.0,0.0,True,2,0.45910776449171237,-25.138681042590232,6.883724240174663,46.18438922669712,2.60294070723958,0.20640165587439438,0.05801611054253921,40.01544627829641,-0.9132090724730219,-25.113478387635674,-0.1403172246041084,2.9250034028361735,0.796653175171439,True,-20.774083464928697,-18.667884712841595,70.54905385868742,35.041366987289564,24.84139013134096,-1.0816147522488222
2026-07-27T21:52:52.096+00:00,151.100000,102952.800000,1.219776,4095,2,02,80,FFFFFFFF,32,2.93007059,3.04684722,2.20730179,1.35053279,1.10072031,0.48091191,2.20764441,1.19048470,1.04531901,1.49778847,2.20773547,0.88894117,1.00829602,0.95805896,2.20733020,0.63895518,1.97985867,0.97654233,2.20713655,1.00375054,0.76596008,0.81038714,2.20759283,1.17465600,1.81664830,1.36036530,2.20779337,1.14189717,1.06099095,0.80756127,2.20756283,0.70979821,SD 02 80 FFFFFFFF 91EE75 946066 7FEBFC 611A39 551CDB 2DC067 7FEE87 599FAC 523456 6769C0 7FEF34 496F36 503482 4D6ADF 7FEC32 396A38 78F81D 4E740D 7FEAC2 4FF4DB 41E3D2 44AFAF 7FEE25 58D87C 737EFD 618A3F 7FEFA2 573646 530981 4482C7 7FEDEC 3E3BB2 7CE7B3 000FFF 02 0FB598,2026-07-27T21:52:51.918+00:00,serial_request_midpoint,356.238,True,matched,66.1398,66.1398,2026-07-27T21:52:51.983+00:00,94.441556,1785189171921.5,2836,False,,,,,,,,,,,,,,False,,,,,,,,,,,,,,True,0.4547744250225838,-24.440641816001893,4.717198799758433,41.60462093699633,0.04882138942575499,-0.8555533299901722,-2.862243051774669,40.05780342593111,1.2249556684039589,-29.90303637406806,0.5768538708388424,-0.11744165084294002,0.09706899246099318,False,,,,,,,,,,,,,,False,,,,,,,,,,,,,,False,,,,,,,,,,,,,,True,0.04980907724358928,11.266986439153284,9.416743470442253,76.29178398572117,0.19091858185494567,0.011437613305443486,-3.0377103079382377,0.0,0.0,-1.1368683772161604e-14,0.0,0.0,0.0,True,2,0.45477442502259446,-25.019124871259628,7.4528522752855455,45.81440483034851,2.585062564005979,0.20452488516335574,0.07514989083091042,39.83612757931053,-1.559913820427667,-25.691613246274905,-0.13975470244141538,2.9334149449749396,0.8232214856117757,True,-20.930807584319542,-17.68025001226414,70.65759596790208,35.126462285436745,23.81918881928462,-1.2111819438084694
2026-07-27T21:52:52.654+00:00,152.300000,102954.000000,1.222217,4095,2,02,80,FFFFFFFF,32,2.93130506,3.04821522,2.20748967,1.35111174,1.10081610,0.48090429,2.20743915,1.19057358,1.04555025,1.49784445,2.20529922,0.88901344,1.00835804,0.95815831,2.20753862,0.63899130,1.98005659,0.97661244,2.20763757,1.00386726,0.76597871,0.81041150,2.20799077,1.17478948,1.81672614,1.36069091,2.20541962,1.14206929,1.06111648,0.80755292,2.20743493,0.70984696,SD 02 80 FFFFFFFF 91F539 946791 7FED61 6120D6 551E1F 2DC040 7FED01 59A0C9 52377F 676A57 7FDD1D 49704D 503560 4D6C4E 7FEDBE 396ADD 78F9BF 4E750D 7FEE7A 4FF67E 41E420 44B012 7FF119 58DA2C 737FAF 618DF2 7FDE02 57387E 530B34 4482A5 7FECF9 3E3C86 7D27B2 000FFF 02 0FB5A4,2026-07-27T21:52:52.475+00:00,serial_request_midpoint,358.2898,True,matched,24.247,24.247,2026-07-27T21:52:52.499+00:00,94.957118,1785189172421.486,2851,False,,,,,,,,,,,,,,False,,,,,,,,,,,,,,True,0.44601565833667817,-24.344369886361058,5.204922821003114,41.428764503783036,0.05859470727727878,-0.8661452647139911,-2.858535432161035,40.0898794795937,0.8370941061035821,-29.750327996378065,0.5879078415175905,-0.11733567004099374,0.09934704951825184,False,,,,,,,,,,,,,,False,,,,,,,,,,,,,,False,,,,,,,,,,,,,,True,0.06660776697780722,11.248956451605359,9.405461767891987,76.19155742779294,0.1999531030043484,0.017419623156170058,-3.036598906460826,0.0,0.0,0.0,0.0,0.0,0.0,True,2,0.446015658336702,-24.95722666254303,7.968481000496626,45.61539510432238,2.5773430685601206,0.20484580041296316,0.08379191802957099,39.87576416920655,-1.9941345856044221,-25.56953599556802,-0.14332339641453823,2.928801663130793,0.8394221224075988,True,-20.980860013457875,-16.981937400844892,70.66008405432115,35.08910781997368,23.102895074994272,-0.8147720511970988
2026-07-27T21:52:53.210+00:00,153.500000,102955.200000,1.218555,4095,2,02,80,FFFFFFFF,32,2.93274054,3.04918630,2.20731968,1.35164607,1.10088557,0.48091660,2.20801762,1.19061070,1.04577837,1.49784631,2.20762230,0.88910850,1.00846336,0.95823140,2.20538282,0.63901450,1.98024600,0.97674198,2.20435090,1.00406896,0.76605109,0.81051878,2.20487495,1.17491988,1.81664087,1.36097566,2.20695816,1.14216506,1.06124722,0.80756642,2.20537440,0.70988168,SD 02 80 FFFFFFFF 91FD16 946CA7 7FEC1E 6126F0 551F0A 2DC07F 7FF14C 59A140 523A9D 676A5C 7FEE5D 4971BC 5036D9 4D6D5C 7FDDBC 396B47 78FB4F 4E76E6 7FD611 4FF952 41E54F 44B1C6 7FD9F6 58DBD2 737EEC 61912E 7FE96F 5739BA 530CF9 4482DC 7FDDAC 3E3D1D 7CC7B3 000FFF 02 0FB5B0,2026-07-27T21:52:53.032+00:00,serial_request_midpoint,355.8963,True,matched,51.54915,51.54915,2026-07-27T21:52:53.084+00:00,95.54171,1785189173021.467,2869,False,,,,,,,,,,,,,,False,,,,,,,,,,,,,,True,0.39208451565424635,-24.15116072439314,5.57960803748677,41.25682225637023,0.0670498261371657,-0.875058651811425,-2.859241731127074,39.83256085933219,0.3570558234427338,-30.12455148976893,0.5890597679161615,-0.10906187275590018,0.09634486305993159,False,,,,,,,,,,,,,,False,,,,,,,,,,,,,,False,,,,,,,,,,,,,,True,0.08122975711727726,11.25955546785804,9.41151831601854,76.26605872765477,0.1966632221361961,0.009634474384077931,-3.0376460000604304,0.0,0.0,0.0,0.0,0.0,0.0,True,2,0.39208451565427654,-24.787734736204953,8.365236187341964,45.425247901581216,2.5718328386603537,0.2001547925087939,0.09127311403144518,39.653649532750144,-2.4774438115682558,-25.94432116384481,-0.13937036531151337,2.936422564757976,0.8432931712490929,True,-21.02273940505201,-16.46508374239701,70.62150431151943,35.09271646015692,22.601618133462615,-1.12880472358554
2026-07-27T21:52:53.767+00:00,154.000000,102955.700000,1.215504,4095,2,02,80,FFFFFFFF,32,2.93266636,3.04918854,2.20714812,1.35179011,1.10092312,0.48092441,2.20560419,1.19063658,1.04579953,1.49783778,2.20486286,0.88913104,1.00846085,0.95822734,2.20735336,0.63901888,1.98020859,0.97674226,2.20515673,1.00402800,0.76603652,0.81046219,2.20488651,1.17479442,1.81667935,1.36070020,2.20700657,1.14202262,1.06119873,0.80758435,2.20776126,0.70981361,SD 02 80 FFFFFFFF 91FCAE 946CAA 7FEAD8 612895 551F89 2DC0A7 7FDF61 59A193 523AE7 676A45 7FD9DF 497213 5036D0 4D6D4D 7FEC5E 396B5B 78FB00 4E76E7 7FDC0E 4FF8BF 41E512 44B0E0 7FDA0C 58DA3C 737F44 618E0D 7FE9CB 5737E4 530C51 448325 7FEF65 3E3BF5 7C77B3 000FFF 02 0FB5B5,2026-07-27T21:52:53.589+00:00,serial_request_midpoint,355.9529,True,matched,70.35585,70.35585,2026-07-27T21:52:53.659+00:00,96.116788,1785189173588.118,2886,False,,,,,,,,,,,,,,False,,,,,,,,,,,,,,True,0.46426157277587743,-23.46048369944362,5.45285609042397,41.190415446178015,0.08902028263975112,-0.8834446139345455,-2.86769442449536,39.05062697807047,0.526994712567084,-30.40942163520066,0.594995465725391,-0.09116789054643622,0.08319205396273566,False,,,,,,,,,,,,,,False,,,,,,,,,,,,,,False,,,,,,,,,,,,,,True,0.10401433298443907,11.257083750109102,9.41051470729573,76.24736288392488,0.19070206358877537,0.010277770347575606,-3.0368500878126956,0.0,0.0,0.0,0.0,0.0,0.0,True,2,0.46426157277589186,-24.151212774983275,8.252442794445415,45.34082875823994,2.568280839571627,0.18545186718760834,0.11081000683784487,38.93899035473389,-2.329413768393066,-26.24178550853373,-0.12071496196062818,2.9518854629765836,0.8570001389936668,True,-20.981423638099617,-16.54093702398162,70.6550948692505,35.0709364294085,22.64198694613132,-1.201046303838234
2026-07-27T21:52:54.323+00:00,155.200000,102956.900000,1.219166,4095,2,02,80,FFFFFFFF,32,2.93084598,3.04764259,2.20525715,1.35105223,1.10081107,0.48093652,2.20713076,1.19053584,1.04547250,1.49782406,2.20524085,0.88899194,1.00834072,0.95808847,2.20720654,0.63896700,1.97993680,0.97664804,2.20756599,1.00384776,0.76596414,0.81036844,2.20740704,1.17451789,1.81656697,1.36021300,2.20765178,1.14174475,1.06089024,0.80753745,2.20541226,0.70971981,SD 02 80 FFFFFFFF 91F2B5 946491 7FDCCD 612028 551E0E 2DC0E5 7FEAB7 59A050 52366F 676A20 7FDCAE 496FFA 503522 4D6B4C 7FEB47 396A6E 78F8C2 4E758F 7FEDF2 4FF638 41E3E3 44AF63 7FECC4 58D6BD 737E43 618884 7FEE95 57344F 530824 448266 7FDDF4 3E3A5D 7CD7B4 000FFF 02 0FB5C1,2026-07-27T21:52:54.145+00:00,serial_request_midpoint,357.07,True,matched,22.4056,22.4056,2026-07-27T21:52:54.168+00:00,96.625539,1785189174088.115,2901,False,,,,,,,,,,,,,,False,,,,,,,,,,,,,,True,0.3607976244702873,-23.19551251064265,5.4057144428622985,41.06317548605255,0.09009747948382571,-0.8927510072539699,-2.863950281381203,38.88954741651421,0.7147543583345936,-30.477733752894245,0.6037418817819779,-0.092846323932554,0.08632984913100429,False,,,,,,,,,,,,,,False,,,,,,,,,,,,,,False,,,,,,,,,,,,,,True,0.06538475257513907,11.259433512569984,9.412585012329604,76.25694921868052,0.1944232773541745,0.013928083439054268,-3.0376417583305977,0.0,0.0,0.0,0.0,0.0,0.0,True,2,0.36079762447028935,-23.89282826480888,8.23198543586965,45.1943576456397,2.5615538008604073,0.18633761794177586,0.11160243323659931,38.77712867930974,-2.1781071127378566,-26.335338605238224,-0.1254793103107398,2.9463397018148147,0.8693941767869048,True,-20.72484922777881,-16.39089916323456,70.67471827048728,34.78069485313332,22.56317179153411,-1.0871911566397556
2026-07-27T21:52:54.880+00:00,155.700000,102957.400000,1.218556,4095,2,02,80,FFFFFFFF,32,2.92949562,3.04642168,2.20684714,1.35037586,1.10068809,0.48093124,2.20798235,1.19046100,1.04524385,1.49774694,2.20794603,0.88889119,1.00825608,0.95798750,2.20543067,0.63893372,1.97967261,0.97649577,2.20515148,1.00368313,0.76592760,0.81031284,2.20487600,1.17444004,1.81651231,1.35965995,2.20653831,1.14155661,1.06065855,0.80751510,2.20735704,0.70965083,SD 02 80 FFFFFFFF 91EB4E 945E2B 7FE89C 61186E 551C6E 2DC0CA 7FF109 599F60 52334F 676950 7FF0C4 496E75 5033F3 4D69D7 7FDE17 3969D6 78F694 4E7363 7FDC04 4FF3E9 41E34A 44AE81 7FD9F8 58D5C1 737DC6 61823B 7FE651 5731E2 530501 44820B 7FEC65 3E3931 7CC7B4 000FFF 02 0FB5C6,2026-07-27T21:52:54.703+00:00,serial_request_midpoint,355.4954,True,matched,48.1702,48.1702,2026-07-27T21:52:54.751+00:00,97.208531,1785189174688.125,2919,False,,,,,,,,,,,,,,False,,,,,,,,,,,,,,True,0.3999487821618051,-22.70268938051525,5.509905524548171,41.14917187242418,0.08827054361849629,-0.8924098649312061,-2.8558090221166608,38.421634576884685,0.5041794903481502,-30.375168378049914,0.6016609523578134,-0.09590154288521847,0.09322666399887282,False,,,,,,,,,,,,,,False,,,,,,,,,,,,,,False,,,,,,,,,,,,,,True,0.11147335253024594,11.254576748735703,9.40824089782681,76.2324173445538,0.19686965066757744,0.009900837338332894,-3.035803619111812,0.0,0.0,0.0,0.0,0.0,0.0,True,2,0.39994878216178065,-23.406997956948977,8.338149943293434,45.27781643735016,2.559687800035023,0.19687146930111674,0.1099663556470887,38.30445806428928,-2.3803231939162615,-26.227080030887805,-0.13568433770912045,2.9438285916379394,0.8653323475476364,True,-19.978034173663474,-16.217390501835407,70.78936197172942,34.04731321534638,22.393018495751253,-1.0530939739629162
2026-07-27T21:52:55.437+00:00,156.900000,102958.600000,1.219166,4095,2,02,80,FFFFFFFF,32,2.92843862,3.04545981,2.20498955,1.34985080,1.10055448,0.48092382,2.20699921,1.19028231,1.04502866,1.49775732,2.20749756,0.88877205,1.00814155,0.95793310,2.20790760,0.63890198,1.97958692,0.97638541,2.20778021,1.00353774,0.76589153,0.81022944,2.20796287,1.17424017,1.81645984,1.35934930,2.20759651,1.14134576,1.06047104,0.80747581,2.20798393,0.70961106,SD 02 80 FFFFFFFF 91E582 945920 7FDAD0 61126E 551AAA 2DC0A4 7FE9BD 599D23 52305E 67696C 7FED70 496CA9 503259 4D690E 7FF07B 396945 78F5DF 4E71D0 7FEF89 4FF1DF 41E2B3 44AD2E 7FF0E4 58D33A 737D4E 617EB3 7FEE2C 572F2A 530277 44816B 7FF10C 3E3884 7CD7B4 000FFF 02 0FB5D2,2026-07-27T21:52:55.259+00:00,serial_request_midpoint,357.1426,True,matched,76.3863,76.3863,2026-07-27T21:52:55.335+00:00,97.793308,1785189175254.821,2936,False,,,,,,,,,,,,,,False,,,,,,,,,,,,,,True,0.3441530432697313,-22.298275866979942,5.545070586863308,41.21763829607353,0.08473128569512284,-0.8889411038731901,-2.85049587197368,38.10759315468805,0.7847765530649056,-30.16037425807675,0.6057623242334153,-0.10122348345207752,0.10284330124143379,False,,,,,,,,,,,,,,False,,,,,,,,,,,,,,False,,,,,,,,,,,,,,True,0.07266843182539631,11.250251066026804,9.402983476317214,76.17569251010886,0.2021302729143073,0.019412097765330878,-3.0377173101256787,0.0,-1.4210854715202005e-15,0.0,0.0,0.0,0.0,True,2,0.3441530432697668,-23.000601686605297,8.366314882904437,45.35140680431193,2.5605111132097527,0.20515852973340395,0.1068510671397044,37.98098309847735,-2.1173455859417487,-26.024871870395874,-0.14989332780394624,2.9362607153904445,0.8697077639280053,True,-19.33871562744382,-16.190978266711017,70.8288725021736,33.3399113286053,22.52015819866292,-0.7855142156805641
2026-07-27T21:52:55.994+00:00,157.400000,102959.100000,1.217945,4095,2,02,80,FFFFFFFF,32,2.92793592,3.04507546,2.20524085,1.34936827,1.10050157,0.48090410,2.20756441,1.19026360,1.04490579,1.49771394,2.20529764,0.88867286,1.00807284,0.95787328,2.20684820,0.63886586,1.97931757,0.97630080,2.20745388,1.00343302,0.76583564,0.81022378,2.20534075,1.17418334,1.81630943,1.35911841,2.20717601,1.14117886,1.06032709,0.80745984,2.20775600,0.70953841,SD 02 80 FFFFFFFF 91E2C0 94571C 7FDCAE 610CEA 5519F7 2DC03F 7FEDEF 599CE7 522EB0 6768F7 7FDD1A 496B2A 503163 4D6831 7FE89E 3968A0 78F3A6 4E709B 7FED1D 4FF067 41E1C9 44AD17 7FDD6C 58D282 737BF6 617C13 7FEB0D 572D03 530084 44812A 7FEF5B 3E3748 7CB7B4 000FFF 02 0FB5D7,2026-07-27T21:52:55.816+00:00,serial_request_midpoint,356.5068,True,matched,92.6174,92.6174,2026-07-27T21:52:55.908+00:00,98.366535,1785189175854.827,2954,False,,,,,,,,,,,,,,False,,,,,,,,,,,,,,True,0.39145580203135066,-22.113129573109127,5.4732790354414975,41.23981937510594,0.07737735905970562,-0.8869768947897254,-2.842551202794431,37.82691072594395,0.6224504096827956,-30.394052481507543,0.5987195365657504,-0.1021250711511208,0.10884370792157232,False,,,,,,,,,,,,,,False,,,,,,,,,,,,,,False,,,,,,,,,,,,,,True,0.08474687106307772,11.263476291214051,9.410783989823138,76.2478081996804,0.1962227929135659,0.0089464301858227,-3.0370051017241524,0.0,0.0,0.0,0.0,0.0,0.0,True,2,0.3914558020313498,-22.805034687675732,8.293803880687745,45.37583556466599,2.559774950694385,0.21623493063793453,0.1002704206208677,37.70259170181523,-2.250461999985842,-26.238135966810784,-0.15879063320554898,2.9379015740297207,0.8589360116539516,True,-18.804064011883717,-16.21462515167712,70.84936014900917,32.866252961632924,22.544495578622882,-1.1903572030689815
2026-07-27T21:52:56.552+00:00,158.600000,102960.300000,1.219166,4095,2,02,80,FFFFFFFF,32,2.92755788,3.04447298,2.20505474,1.34899859,1.10039457,0.48087559,2.20507892,1.19020685,1.04479807,1.49774879,2.20469097,0.88864930,1.00799855,0.95779208,2.20712813,0.63885295,1.97913677,0.97625507,2.20758335,1.00330992,0.76579982,0.81020115,2.20765441,1.17412249,1.81628057,1.35888205,2.20734073,1.14101016,1.06011596,0.80746672,2.20767441,0.70948968,SD 02 80 FFFFFFFF 91E0AD 9453F3 7FDB4C 6108B0 55188D 2DBFAD 7FDB7A 599C31 522D37 676955 7FD898 496ACF 503059 4D6705 7FEAB2 396865 78F228 4E6FF4 7FEE13 4FEEAD 41E133 44ACBB 7FEE9A 58D1BD 737BB4 617963 7FEC46 572AD6 52FDA8 448146 7FEEC0 3E3674 7CD7B4 000FFF 02 0FB5E3,2026-07-27T21:52:56.374+00:00,serial_request_midpoint,357.0943,True,matched,40.43255,40.43255,2026-07-27T21:52:56.414+00:00,98.871788,1785189176354.821,2969,False,,,,,,,,,,,,,,False,,,,,,,,,,,,,,True,0.3896472811245042,-21.86775334474305,5.7043233049993045,41.35981945384531,0.05595511267718656,-0.8886340980572507,-2.836576701969495,37.58933000005937,0.62949153469512,-30.152721552388137,0.6063583933221789,-0.11912139422575474,0.11563691869587273,False,,,,,,,,,,,,,,False,,,,,,,,,,,,,,False,,,,,,,,,,,,,,True,0.11106734072892775,11.247344947493657,9.40319089209329,76.17718940233675,0.1991880946613224,0.019100326816813996,-3.0369177323849774,0.0,0.0,1.1368683772161604e-14,0.0,0.0,0.0,True,2,0.3896472811244856,-22.500644921296125,8.538771025082985,45.49576884817297,2.5576195820732806,0.22346024246881852,0.08099830569963948,37.39766630940566,-2.2786404412794865,-26.023949766735917,-0.1678504487879873,2.9179396319221524,0.8655371831672957,True,-18.0872164378275,-15.87420471646964,70.99281925004925,32.07095948213695,22.29481798271311,-0.8576498759537003
2026-07-27T21:52:57.108+00:00,159.100000,102960.800000,1.217335,4095,2,02,80,FFFFFFFF,32,2.92718987,3.04413344,2.20751862,1.34871268,1.10033044,0.48087031,2.20515305,1.19010083,1.04469836,1.49772024,2.20470674,0.88856773,1.00795386,0.95774959,2.20486601,0.63884529,1.97911452,0.97613378,2.20464156,1.00325005,0.76577092,0.81016498,2.20726442,1.17405021,1.81622198,1.35870549,2.20772073,1.14090083,1.06000781,0.80745100,2.20775916,0.70946186,SD 02 80 FFFFFFFF 91DEA8 94522B 7FED98 61056B 5517B4 2DBF92 7FDC07 599ADD 522BDA 676908 7FD8B6 496994 502FB9 4D6668 7FD9E5 396842 78F1F9 4E6E39 7FD83A 4FEDD6 41E0BA 44AC28 7FEBB5 58D0D3 737B2E 617761 7FEF18 57296D 52FC31 448106 7FEF61 3E35FB 7CA7B4 000FFF 02 0FB5E8,2026-07-27T21:52:56.930+00:00,serial_request_midpoint,356.2756,True,matched,65.8607,65.8607,2026-07-27T21:52:56.996+00:00,99.454155,1785189176921.51,2986,False,,,,,,,,,,,,,,False,,,,,,,,,,,,,,True,0.39554453218478447,-21.75801792630103,5.712546086246094,41.38583114407855,0.045030930337958366,-0.8911738677701497,-2.8336515984924673,37.41262338341595,0.4700555232983518,-30.222719416957766,0.6042001845069541,-0.12465008691477608,0.11653600229716675,False,,,,,,,,,,,,,,False,,,,,,,,,,,,,,False,,,,,,,,,,,,,,True,0.10198405232085803,11.246427767951763,9.400871492788832,76.17722274733339,0.1962341998691914,0.012875785692396165,-3.03628254854351,-2.842170943040401e-15,0.0,1.1368683772161604e-14,0.0,0.0,0.0,True,2,0.3955445321847926,-22.360115515772613,8.558851965971844,45.51823290876504,2.5554629505895528,0.22618776755755948,0.07114226971329199,37.19539210645333,-2.43039695293743,-26.089813778257586,-0.16876286442010668,2.913540875464446,0.8609225878435254,True,-17.758925646992605,-15.781392859840292,71.05160026097909,31.75182710152716,22.19356772982581,-0.9979968238933565
2026-07-27T21:52:57.667+00:00,160.300000,102962.000000,1.217945,4095,2,02,80,FFFFFFFF,32,2.92728383,3.04400985,2.20510363,1.34858972,1.10025832,0.48086895,2.20751546,1.19008057,1.04470550,1.49774101,2.20767125,0.88854158,1.00793487,0.95769493,2.20754599,0.63883062,1.97911357,0.97612666,2.20535232,1.00317598,0.76574441,0.81015809,2.20513518,1.17408017,1.81622636,1.35869587,2.20708708,1.14082119,1.05990197,0.80747114,2.20744651,0.70947611,SD 02 80 FFFFFFFF 91DF2C 945185 7FDBA9 610403 5516C0 2DBF8B 7FED92 599A9C 522BF3 676940 7FEEBA 49692F 502F75 4D659E 7FEDCC 3967FF 78F1F7 4E6E1F 7FDD82 4FECCC 41E04B 44AC0C 7FDBE5 58D134 737B38 617745 7FEA64 572866 52FAC2 448158 7FED0F 3E3639 7CB7B4 000FFF 02 0FB5F4,2026-07-27T21:52:57.488+00:00,serial_request_midpoint,357.8476,True,matched,84.0718,84.0718,2026-07-27T21:52:57.572+00:00,100.029966,1785189177521.527,3004,False,,,,,,,,,,,,,,False,,,,,,,,,,,,,,True,0.37174092338065434,-21.667273751965997,5.31641274489792,41.265735765303106,0.052465817480129955,-0.8951768042147187,-2.8310036318535725,37.37907952752094,0.9547757087181538,-30.435908611852152,0.6087868683970873,-0.11882836903264776,0.11860146157162854,False,,,,,,,,,,,,,,False,,,,,,,,,,,,,,False,,,,,,,,,,,,,,True,0.06884549950019837,11.260640967308959,9.41045197218275,76.24348570799266,0.1951287853299191,0.014911624154428869,-3.037139215909717,0.0,0.0,0.0,0.0,0.0,0.0,True,2,0.3717409233806707,-22.296237081613818,8.172110331106321,45.38764302400144,2.5521180883151895,0.22777395309906942,0.07775186524613666,37.19420978654965,-1.9632557042193342,-26.313817046249625,-0.17234096122628004,2.9169002047249637,0.8690788475020451,True,-17.749043329352055,-16.087447009377193,71.00732727957595,31.780645539051484,22.536952253166064,-1.0946884547374567
2026-07-27T21:52:58.223+00:00,161.500000,102963.200000,1.219166,4095,2,02,80,FFFFFFFF,32,2.92812388,3.04450202,2.20506210,1.34873147,1.10023113,0.48084395,2.20512256,1.19008711,1.04482321,1.49772803,2.20725495,0.88855193,1.00796727,0.95771197,2.20545012,0.63883040,1.97908660,0.97610887,2.20484130,1.00319993,0.76576972,0.81019598,2.20476771,1.17424110,1.81629806,1.35904385,2.20442080,1.14086540,1.05998041,0.80743602,2.20483447,0.70954163,SD 02 80 FFFFFFFF 91E3C8 94541A 7FDB5A 6105A2 551664 2DBF0B 7FDBCD 599AB1 522D8F 67691D 7FEBA3 496957 502FE9 4D65DD 7FDE3C 3967FE 78F1BE 4E6DDE 7FD9B6 4FED22 41E0B5 44ACA6 7FD92A 58D33D 737BDC 617B3A 7FD696 5728F8 52FBD2 4480C9 7FD9A9 3E3756 7CD7B4 000FFF 02 0FB600,2026-07-27T21:52:58.045+00:00,serial_request_midpoint,356.1919,True,matched,99.82535,99.82535,2026-07-27T21:52:58.145+00:00,100.602908,1785189178088.134,3021,False,,,,,,,,,,,,,,False,,,,,,,,,,,,,,True,0.39929187553347945,-21.57881331730859,5.225994476281439,41.23066228344459,0.0534434973004947,-0.8797222939416696,-2.8360893489606953,37.31775591009608,1.0655534862239293,-30.410156164916412,0.5985220606607927,-0.11868011654009031,0.11759865568563412,False,,,,,,,,,,,,,,False,,,,,,,,,,,,,,False,,,,,,,,,,,,,,True,0.07393842934073619,11.25265763413784,9.405611532249134,76.20426982973459,0.1963749456566156,0.015903601103953776,-3.0369486940042205,0.0,0.0,0.0,0.0,0.0,0.0,True,2,0.39929187553347767,-22.206321924885195,8.036540118424174,45.38370805251184,2.5630296475820105,0.22786560474477113,0.07882381050247686,37.12809778339954,-1.8100552116233757,-26.258574848001068,-0.17073608713666555,2.9215005166479098,0.854123426952232,True,-17.6560087559653,-16.50231571209125,70.7354440744509,31.753319973173966,22.954328750263677,-1.2904278360362809
2026-07-27T21:52:58.780+00:00,162.000000,102963.700000,1.216725,4095,2,02,80,FFFFFFFF,32,2.92950416,3.04564158,2.20448545,1.34934401,1.10027724,0.48084864,2.20724600,1.19018533,1.04505809,1.49773656,2.20747599,0.88864516,1.00807396,0.95786381,2.20533497,0.63886389,1.97916658,0.97620387,2.20432936,1.00336506,0.76581677,0.81024149,2.20426997,1.17442181,1.81629412,1.35942799,2.20451436,1.14103772,1.06024373,0.80746500,2.20460792,0.70962807,SD 02 80 FFFFFFFF 91EB5A 945A14 7FD711 610CA3 551700 2DBF23 7FEB92 599BEC 5230C5 676934 7FED47 496ABF 503167 4D680E 7FDD61 396897 78F267 4E6F39 7FD5E8 4FEF73 41E17A 44AD5F 7FD577 58D586 737BD3 617F98 7FD748 572B31 52FF63 44813F 7FD7FA 3E38CE 7C97B4 000FFF 02 0FB605,2026-07-27T21:52:58.601+00:00,serial_request_midpoint,356.1155,True,matched,31.41245,31.41245,2026-07-27T21:52:58.633+00:00,101.090804,1785189178554.753,3035,False,,,,,,,,,,,,,,False,,,,,,,,,,,,,,True,0.45633326599534874,-21.634770636443715,4.157571539275073,41.63468006104243,0.04308760921156795,-0.8746877585515758,-2.8425912698278366,37.416406924246886,1.869141570181953,-30.122727734144764,0.585840592882976,-0.12415263434320782,0.11242101879408874,False,,,,,,,,,,,,,,False,,,,,,,,,,,,,,False,,,,,,,,,,,,,,True,0.10490487888012091,11.264128448140818,9.417611574069966,76.28802537329625,0.19538525174588758,0.003101526605785349,-3.0372647603361065,2.842170943040401e-15,0.0,0.0,0.0,0.0,0.0,True,2,0.4563332659953725,-22.220453895074424,6.955489353920443,45.80233576351181,2.5681179812014023,0.22179147236828065,0.06962276863906655,37.18837177852103,-0.9548892784794205,-25.9378056596733,-0.16243051536430478,2.9220637048055633,0.8343090582930831,True,-17.685077411298302,-17.713319919779718,71.03032664468117,31.89155528810833,24.146389252138725,-1.2914901961528131
2026-07-27T21:52:59.337+00:00,163.200000,102964.900000,1.217945,4095,2,02,80,FFFFFFFF,32,2.93178774,3.04806310,2.20429887,1.35032081,1.10041969,0.48084727,2.20692922,1.19028886,1.04547164,1.49774620,2.20755388,0.88885752,1.00826278,0.95802946,2.20533812,0.63891052,1.97972611,0.97643607,2.20690134,1.00377867,0.76593930,0.81044152,2.20753809,1.17487600,1.81650925,1.36028210,2.20511204,1.14151510,1.06079849,0.80752689,2.20442553,0.70975866,SD 02 80 FFFFFFFF 91F7DE 9466C5 7FD5AE 6117CD 5518E2 2DBF1C 7FE938 599D38 52366C 67694E 7FEDDB 496DF3 50340B 4D6A72 7FDD67 39696C 78F705 4E7289 7FE903 4FF540 41E37B 44B08C 7FEDBD 58DB44 737DBF 61894D 7FDBB9 573159 5306E6 44823B 7FD69F 3E3B06 7CB7B3 000FFF 02 0FB611,2026-07-27T21:52:59.158+00:00,serial_request_midpoint,356.7986,True,matched,62.8996,62.8996,2026-07-27T21:52:59.221+00:00,101.679251,1785189179154.714,3053,False,,,,,,,,,,,,,,False,,,,,,,,,,,,,,True,0.47143002320965854,-21.63810780690766,3.7306217211456514,41.80129994297634,0.0321159067950908,-0.8636139845435676,-2.844460476287984,37.42072641112446,2.6666873620739837,-29.820161554091595,0.5896119665168741,-0.1320552165254591,0.11371885696307843,False,,,,,,,,,,,,,,False,,,,,,,,,,,,,,False,,,,,,,,,,,,,,True,0.06015393933517779,11.252329425602479,9.40558635579312,76.19138480453503,0.19494456137355065,0.020867287191471653,-3.0374353506892406,0.0,0.0,0.0,0.0,0.0,0.0,True,2,0.4714300232096765,-22.18800314548944,6.5005233546448995,45.99247914425159,2.5756523937493,0.22404710496690716,0.059836899316027564,37.15863627225657,-0.17478289528352206,-25.64906115065861,-0.1638430113194533,2.91288349534696,0.8378073047778405,True,-17.46736073080344,-18.342499247399395,71.01469083544973,31.691410369071843,24.826380188168336,-0.9382821234741755
2026-07-27T21:52:59.893+00:00,163.700000,102965.400000,1.218555,4095,2,02,80,FFFFFFFF,32,2.93353672,3.04986598,2.20636997,1.35149657,1.10059320,0.48085118,2.20733652,1.19042763,1.04578781,1.49777141,2.20785075,0.88903338,1.00837368,0.95814126,2.20741125,0.63895145,1.98014419,0.97661298,2.20730179,1.00398928,0.76601645,0.81047474,2.20770757,1.17505462,1.81663868,1.36098150,2.20759546,1.14184323,1.06108416,0.80757207,2.20519196,0.70989041,SD 02 80 FFFFFFFF 920172 947036 7FE511 61253B 551B2D 2DBF30 7FEC3E 599EF5 523ABE 676992 7FF00F 49709A 503598 4D6C0F 7FECCC 396A27 78FA78 4E750F 7FEBFC 4FF834 41E4BE 44B113 7FEEFF 58DD86 737EE7 61913F 7FEE2A 573594 530AC4 4482F3 7FDC51 3E3D43 7CC7B3 000FFF 02 0FB616,2026-07-27T21:52:59.715+00:00,serial_request_midpoint,356.0864,True,matched,74.7406,74.7406,2026-07-27T21:52:59.790+00:00,102.247777,1785189179721.33,3070,False,,,,,,,,,,,,,,False,,,,,,,,,,,,,,True,0.4471909459024357,-21.489444984002798,3.1337777279154335,41.81722812329671,0.03705301696163691,-0.86168924881823,-2.841487971272091,37.37214784848628,3.197647435627954,-29.771111274599328,0.5862372603495364,-0.12988411315653475,0.11761429073065398,False,,,,,,,,,,,,,,False,,,,,,,,,,,,,,False,,,,,,,,,,,,,,True,0.07570215867906603,11.251788992738927,9.403325015187082,76.19637623591272,0.19730911889203626,0.017182515351408707,-3.0374496344438713,0.0,0.0,0.0,0.0,0.0,0.0,True,2,0.4471909459024098,-22.059883693988503,5.897579661751742,46.009688211885866,2.5759532791314634,0.22862909968817774,0.0642585308230794,37.12471535514932,0.37064937316554136,-25.589295620865254,-0.169784926655561,2.9159776666695674,0.8333075665822057,True,-17.28975276117277,-18.948188571142026,71.01978550344533,31.57588546221324,25.441169929455803,-0.9671348589005447
2026-07-27T21:53:00.449+00:00,164.900000,102966.600000,1.217945,4095,2,02,80,FFFFFFFF,32,2.93699466,3.05276719,2.20451646,1.35294903,1.10069430,0.48084707,2.20738862,1.19064968,1.04639258,1.49778735,2.20527187,0.88925202,1.00862792,0.95836487,2.20496116,0.63901516,1.98064288,0.97684716,2.20705077,1.00442785,0.76616575,0.81069473,2.20537808,1.17568024,1.81681492,1.36249713,2.20470884,1.14246269,1.06178788,0.80762463,2.20680189,0.71014107,SD 02 80 FFFFFFFF 92145D 947F64 7FD74C 6135CF 551C83 2DBF1B 7FECA1 59A1BD 524301 6769BD 7FDCE9 4973E6 503926 4D6F49 7FDA9A 396B4A 78FE95 4E7866 7FEA1F 4FFE5A 41E72F 44B491 7FDDB3 58E56E 73807A 61A274 7FD8BA 573D90 53144A 4483C9 7FE846 3E4185 7CB7B4 000FFF 02 0FB622,2026-07-27T21:53:00.272+00:00,serial_request_midpoint,356.0814,True,matched,89.0726,89.0726,2026-07-27T21:53:00.361+00:00,102.818554,1785189180287.932,3087,False,,,,,,,,,,,,,,False,,,,,,,,,,,,,,True,0.5025675456616692,-21.351398871181054,2.4766595774538063,41.975375300701515,0.03513246743538611,-0.8526427030014333,-2.844601116477682,37.12248719250856,3.8343669096183803,-29.87869170282861,0.5790740269875166,-0.12548089736620097,0.11504279203322286,False,,,,,,,,,,,,,,False,,,,,,,,,,,,,,False,,,,,,,,,,,,,,True,0.04519558291707436,11.25580517439162,9.40842597530403,76.24253890909259,0.18884883433530503,0.015183593148794482,-3.0379229453196097,0.0,0.0,-1.1368683772161604e-14,0.0,0.0,0.0,True,2,0.502567545661687,-21.9126035783449,5.21450534290897,46.18607273779445,2.582428611791405,0.22838615036924054,0.06261817059472491,36.889380921525444,1.0383844696990239,-25.675256592398625,-0.16618147657814006,2.923328736768113,0.8239888775427066,True,-17.120209262624563,-19.791676318615384,71.03149787333284,31.495654399277903,26.29742157054409,-1.2118129739403911
2026-07-27T21:53:01.007+00:00,165.400000,102967.100000,1.217945,4095,2,02,80,FFFFFFFF,32,2.94129447,3.05697612,2.20720811,1.35522422,1.10098018,0.48085157,2.20788970,1.19097783,1.04721102,1.49783036,2.20759441,0.88958702,1.00892803,0.95865108,2.20795708,0.63911936,1.98125491,0.97716082,2.20521509,1.00482919,0.76630718,0.81084289,2.20476981,1.17601014,1.81717094,1.36351458,2.20723337,1.14287590,1.06230792,0.80765901,2.20726705,0.71024733,SD 02 80 FFFFFFFF 922BDA 949562 7FEB4A 614FC0 55204A 2DBF32 7FF059 59A5D9 524E2E 676A31 7FEE28 4978F3 503D58 4D736A 7FF0D9 396D26 7903A1 4E7CDF 7FDC7D 5003FA 41E97F 44B6EB 7FD92E 58E999 7383A8 61ADFF 7FEB7A 5742E3 531B53 448455 7FEBBA 3E4353 7CB7B4 000FFF 02 0FB627,2026-07-27T21:53:00.829+00:00,serial_request_midpoint,356.9211,True,matched,101.28615,101.28615,2026-07-27T21:53:00.929+00:00,103.387738,1785189180854.553,3104,False,,,,,,,,,,,,,,False,,,,,,,,,,,,,,True,0.4310415866619259,-21.16851391079068,1.571689851980117,42.09609261450997,0.0441423054074357,-0.8471389718158179,-2.8439576455853093,37.17307465450922,4.725456447390032,-29.56643661271038,0.5752806601536737,-0.12449815701106012,0.11782166657050705,False,,,,,,,,,,,,,,False,,,,,,,,,,,,,,False,,,,,,,,,,,,,,True,0.06581201355188437,11.255696217617896,9.408629502331063,76.2368976188575,0.19683783017716802,0.015300144651753314,-3.036831276150959,0.0,0.0,1.1368683772161604e-14,0.0,0.0,0.0,True,2,0.43104158666192316,-21.760414317939826,4.290983630013417,46.31460162815273,2.585504085640704,0.23142949710756378,0.07079373125250187,36.94716225708511,1.945625327235301,-25.351911067227412,-0.17037273372275244,2.9255418833135507,0.8185898459854133,True,-16.997389930681134,-20.794321181199447,71.08580256688535,31.486452060896774,27.28760659665491,-0.989317932961535
2026-07-27T21:53:01.566+00:00,166.600000,102968.300000,1.217945,4095,2,02,80,FFFFFFFF,32,2.94155642,3.05723351,2.20733442,1.35595422,1.10116469,0.48085879,2.20809185,1.19109014,1.04734351,1.49782962,2.20537440,0.88973265,1.00903338,0.95878350,2.20726968,0.63914213,1.98145248,0.97728493,2.20716759,1.00502795,0.76635497,0.81087242,2.20778284,1.17597551,1.81713901,1.36352044,2.20759704,1.14305449,1.06258230,0.80767694,2.20742441,0.71024618,SD 02 80 FFFFFFFF 922D48 9496BA 7FEC3A 615811 5522BA 2DBF57 7FF1D9 59A741 524FFD 676A2F 7FDDAC 497B25 503ED1 4D7553 7FEBBF 396D8E 790542 4E7EA4 7FEAFD 5006C3 41EA47 44B763 7FEF8E 58E929 73835F 61AE10 7FEE2D 574530 531F09 44849E 7FECE5 3E434E 7CB7B3 000FFF 02 0FB633,2026-07-27T21:53:01.386+00:00,serial_request_midpoint,358.4842,True,matched,25.3819,25.3819,2026-07-27T21:53:01.412+00:00,103.869713,1785189181354.514,3119,False,,,,,,,,,,,,,,False,,,,,,,,,,,,,,True,0.36224836572404856,-21.077344571602772,0.9648385047123991,42.21045210229548,0.04286598423202851,-0.8399122700480895,-2.8444335669915626,37.05546683360187,5.350480023582851,-29.566702747006595,0.5706138231780273,-0.12258196382670203,0.11850539980784824,False,,,,,,,,,,,,,,False,,,,,,,,,,,,,,False,,,,,,,,,,,,,,True,0.08219476297514904,11.260058082087344,9.41144968311756,76.2526658858133,0.19285786542471867,0.015249725818097064,-3.0372760634569125,0.0,1.4210854715202005e-15,0.0,0.0,0.0,0.0,True,2,0.36224836572403524,-21.6655626916138,3.6638351893318286,46.44248936299179,2.590135741014518,0.23377747852104425,0.06969716049981897,36.837811444892935,2.5907668899008014,-25.338543267071298,-0.17148771777043512,2.929178379696728,0.812189878499909,True,-16.82938055904013,-21.52977258654302,71.08929005492952,31.389830928225045,28.045064804810046,-1.090460029808969
2026-07-27T21:53:02.121+00:00,167.200000,102968.900000,1.218555,4095,2,02,80,FFFFFFFF,32,2.93965679,3.05609640,2.20749441,1.35571623,1.10125931,0.48086074,2.20806184,1.19107672,1.04716581,1.49785929,2.20493225,0.88970077,1.00907475,0.95873881,2.20482291,0.63915286,1.98153683,0.97736302,2.20461580,1.00500007,0.76636596,0.81086011,2.20693501,1.17581070,1.81701873,1.36332000,2.20745178,1.14311332,1.06271634,0.80770420,2.20788022,0.71019098,SD 02 80 FFFFFFFF 9222E9 9490CA 7FED6A 61555B 5523FA 2DBF61 7FF1A0 59A716 524D90 676A7F 7FDA63 497AAA 503F65 4D74AE 7FD993 396DBF 7905F4 4E7FC1 7FD809 50065F 41EA75 44B731 7FE943 58E714 73824C 61ABCA 7FED19 5745F2 5320D9 44850D 7FF047 3E425E 7CC7B3 000FFF 02 0FB639,2026-07-27T21:53:01.944+00:00,serial_request_midpoint,354.88,True,matched,41.0422,41.0422,2026-07-27T21:53:01.984+00:00,104.442452,1785189181921.198,3136,False,,,,,,,,,,,,,,False,,,,,,,,,,,,,,True,0.3689502723069507,-20.96863445870396,0.14795199547225985,42.3274368596101,0.044882314516456835,-0.8338476312884868,-2.8416183876899628,37.03318388281052,6.18978456640727,-29.385478163685498,0.5676442913529843,-0.12197292666455696,0.12284838373449332,False,,,,,,,,,,,,,,False,,,,,,,,,,,,,,False,,,,,,,,,,,,,,True,0.09497066216349608,11.258218536453196,9.405997168968375,76.22426582603501,0.1941502510620382,0.016482661081794872,-3.037111386273845,0.0,0.0,0.0,0.0,0.0,0.0,True,2,0.3689502723069539,-21.568269072150976,2.829743251915808,46.56879949707384,2.593095086462778,0.23984832023948424,0.07153940597983328,36.82342365197783,3.4427765478911523,-25.148654987410215,-0.17801204785849614,2.930526965211011,0.8078514638309128,True,-16.61201729552327,-22.425704353960338,71.12830375277224,31.25324398521501,28.952332244634427,-0.9865569541912464
2026-07-27T21:53:02.679+00:00,168.300000,102970.000000,1.218555,4095,2,02,80,FFFFFFFF,32,2.93778286,3.05433559,2.20763125,1.35524342,1.10129214,0.48084551,2.20773810,1.19103804,1.04686712,1.49781887,2.20757704,0.88964325,1.00907223,0.95868953,2.20763230,0.63914432,1.98158469,0.97738165,2.20736810,1.00496327,0.76634828,0.81082369,2.20537966,1.17566261,1.81710883,1.36282073,2.20678085,1.14307511,1.06278335,0.80770322,2.20773915,0.71015303,SD 02 80 FFFFFFFF 9218AC 948797 7FEE6E 614FF8 552469 2DBF13 7FEF39 59A69A 52497C 676A12 7FEE07 4979CC 503F5C 4D73F8 7FEE70 396D98 790659 4E8005 7FEC7A 5005DB 41EA2B 44B69D 7FDDB6 58E535 73831A 61A620 7FE81E 574574 5321C1 448509 7FEF3B 3E41B9 7CC7B3 000FFF 02 0FB644,2026-07-27T21:53:02.500+00:00,serial_request_midpoint,357.8741,True,matched,56.82995,56.82995,2026-07-27T21:53:02.556+00:00,105.014811,1785189182487.884,3153,False,,,,,,,,,,,,,,False,,,,,,,,,,,,,,True,0.38875249737246254,-20.93211362632885,-0.9213078377244315,42.3728649928823,0.04354732598179559,-0.835400302069907,-2.8376963288209707,37.12579617955687,7.237861073274049,-29.30486407339881,0.5685914396552818,-0.12392197416893726,0.12636440409825347,False,,,,,,,,,,,,,,False,,,,,,,,,,,,,,False,,,,,,,,,,,,,,True,0.11622877628892249,11.25612208727755,9.409483879665423,76.23550897381826,0.1956443731100418,0.01593016600840274,-3.036735461946794,0.0,0.0,0.0,0.0,0.0,0.0,True,2,0.3887524973724465,-21.53293612054242,1.76660900952048,46.61017999057317,2.591082160751656,0.2442622608659912,0.07026835701414638,36.91214380615341,4.486379456090775,-25.07113939995184,-0.18314051183614768,2.927944118070194,0.8086683506219898,True,-16.461838987843755,-23.427975867476917,71.20872022121813,31.202138643093697,29.95774961347471,-0.9013967849484402
2026-07-27T21:53:03.236+00:00,169.500000,102971.200000,1.218555,4095,2,02,80,FFFFFFFF,32,2.93625956,3.05300399,2.20511362,1.35469362,1.10130456,0.48084981,2.20495696,1.19100403,1.04664113,1.49782925,2.20713339,0.88955800,1.00902668,0.95863916,2.20740020,0.63914323,1.98145675,0.97740576,2.20507156,1.00490529,0.76634231,0.81082344,2.20480188,1.17555812,1.81706290,1.36256047,2.20695185,1.14305934,1.06282553,0.80772999,2.20777863,0.71012796,SD 02 80 FFFFFFFF 921058 9480A1 7FDBBC 6149B4 552493 2DBF29 7FDA92 59A62D 524666 676A2E 7FEABC 497883 503EB9 4D733E 7FECB7 396D93 79054B 4E805D 7FDB6C 50050B 41EA12 44B69C 7FD96B 58E3E3 7382B1 61A32C 7FE963 574540 532253 448576 7FEF86 3E414C 7CC7B3 000FFF 02 0FB650,2026-07-27T21:53:03.058+00:00,serial_request_midpoint,356.2244,True,matched,73.2317,73.2317,2026-07-27T21:53:03.130+00:00,105.58845,1785189183054.503,3170,False,,,,,,,,,,,,,,False,,,,,,,,,,,,,,True,0.4368476864835859,-20.919428509988286,-1.2820843623694675,42.53454550123241,0.031212767315789654,-0.8243878373597142,-2.844784993160065,37.06451113262851,7.562436897637272,-29.237832169393233,0.5585844750923843,-0.12978333768660552,0.12189622301616856,False,,,,,,,,,,,,,,False,,,,,,,,,,,,,,False,,,,,,,,,,,,,,True,0.05289903902221288,11.256674911357702,9.410379423136423,76.24194608495563,0.19258116895914776,0.013228574157907552,-3.0374129086289816,0.0,1.4210854715202005e-15,0.0,0.0,0.0,0.0,True,2,0.43684768648357225,-21.471733716734043,1.3764687069918398,46.79691310326317,2.600067029893137,0.2396482613932146,0.05921289125466739,36.81263478660226,4.852005311293382,-24.97979952967425,-0.17588357558906365,2.9267442974277893,0.7927004040932168,True,-16.35988913929028,-24.03661145838298,71.1611433651951,31.154957151676694,30.584342525389598,-1.0756404770856989
2026-07-27T21:53:03.792+00:00,170.000000,102971.700000,1.217945,4095,2,02,80,FFFFFFFF,32,2.93538828,3.05254758,2.20747335,1.35439548,1.10134921,0.48087109,2.20815028,1.19098781,1.04650384,1.49786856,2.20766810,0.88953260,1.00900879,0.95861641,2.20508103,0.63912812,1.98149513,0.97742029,2.20706393,1.00483867,0.76635449,0.81078456,2.20492752,1.17537018,1.81698374,1.36219803,2.20430308,1.14294382,1.06272298,0.80767596,2.20486917,0.71005115,SD 02 80 FFFFFFFF 920B94 947E3E 7FED42 61464E 55252A 2DBF96 7FF248 59A5F9 524486 676A98 7FEEB4 497821 503E79 4D72EA 7FDB7E 396D4E 79059C 4E8092 7FEA38 50041C 41EA45 44B5FE 7FDA5A 58E183 7381FC 619F0F 7FD5B6 5743C3 5320F0 44849A 7FD9EB 3E3FFE 7CB7B3 000FFF 02 0FB655,2026-07-27T21:53:03.614+00:00,serial_request_midpoint,356.1778,True,matched,91.6458,91.6458,2026-07-27T21:53:03.705+00:00,106.163299,1785189183654.45,3188,False,,,,,,,,,,,,,,False,,,,,,,,,,,,,,True,0.4473516172512593,-21.023401143897516,-2.203480847979846,42.70049807771754,0.010725201116910964,-0.8177748554554597,-2.853717416318879,37.32704418731406,8.613502317105915,-28.84016710820784,0.5572937188530281,-0.14717636384937005,0.11570827958118483,False,,,,,,,,,,,,,,False,,,,,,,,,,,,,,False,,,,,,,,,,,,,,True,0.05153346358375754,11.254616951437333,9.402219865871366,76.20711156723017,0.1975656539265244,0.020823745396734445,-3.037131046718846,0.0,-1.4210854715202005e-15,0.0,0.0,0.0,0.0,True,2,0.4473516172512519,-21.497710228265838,0.4400937770633476,46.981533832028504,2.6068480063766266,0.23068356209121518,0.0407449450143218,36.983278891199944,5.905002625012267,-24.587335360478853,-0.1653336427756691,2.911215833304851,0.786876757747611,True,-16.359096101843015,-25.140664827858384,71.16398095362062,31.245266807125716,31.69095391364034,-0.7602237395612519
2026-07-27T21:53:04.348+00:00,171.200000,102972.900000,1.217335,4095,2,02,80,FFFFFFFF,32,2.93372224,3.05073541,2.20451856,1.35355891,1.10131225,0.48087344,2.20453013,1.19092386,1.04616837,1.49781813,2.20418115,0.88942275,1.00890958,0.95851514,2.20489387,0.63911083,1.98137478,0.97729973,2.20415067,1.00467868,0.76626776,0.81066348,2.20464524,1.17508336,1.81684597,1.36161100,2.20693922,1.14274371,1.06247052,0.80766368,2.20769652,0.70998170,SD 02 80 FFFFFFFF 920276 9474C3 7FD750 613CC4 5524AD 2DBFA2 7FD766 59A52C 523FF1 676A10 7FD4CE 497679 503D16 4D7174 7FDA1A 396CFF 79049E 4E7EDA 7FD494 5001DE 41E8DA 44B412 7FD841 58DDE3 7380C1 619865 7FE94B 57412F 531D86 448468 7FEEEA 3E3ED0 7CA7B5 000FFF 02 0FB661,2026-07-27T21:53:04.170+00:00,serial_request_midpoint,356.1765,True,matched,27.80955,27.80955,2026-07-27T21:53:04.198+00:00,106.655796,1785189184121.075,3202,False,,,,,,,,,,,,,,False,,,,,,,,,,,,,,True,0.468675258576625,-20.991491016476736,-2.911579827841872,42.719347962936375,0.009506745237305244,-0.8162795984905573,-2.85484141203482,37.36844240764607,9.333686875008361,-28.78012041001503,0.5569681769207352,-0.1484245945596399,0.11452781404471836,False,,,,,,,,,,,,,,False,,,,,,,,,,,,,,False,,,,,,,,,,,,,,True,0.05537683277608184,11.25021157662724,9.405790687275505,76.19424194275919,0.19791881590009877,0.02212392519323587,-3.0366030725992843,-2.842170943040401e-15,1.4210854715202005e-15,0.0,0.0,0.0,0.0,True,2,0.46867525857661707,-21.460456648280804,-0.2722956106900271,47.003618391541444,2.608089233031456,0.22981438275145608,0.03965887650783572,37.01696339958302,6.626401107901164,-24.52714623536385,-0.16348191292132078,2.9102561801151134,0.7861412308053111,True,-16.3276602797099,-25.884189318420603,71.15432473472828,31.29625598607338,32.42473974244929,-0.709284343112779
2026-07-27T21:53:04.906+00:00,171.700000,102973.400000,1.217945,4095,2,02,80,FFFFFFFF,32,2.93216069,3.04938325,2.20508681,1.35264947,1.10120934,0.48087285,2.20703130,1.19082186,1.04589102,1.49782258,2.20756546,0.88930746,1.00875142,0.95839059,2.20783811,0.63907098,1.98102230,0.97716548,2.20725179,1.00445655,0.76621544,0.81056209,2.20736652,1.17483027,1.81664961,1.36095055,2.20766494,1.14244602,1.06214476,0.80766196,2.20796182,0.70987271,SD 02 80 FFFFFFFF 91F9E9 946DAF 7FDB89 613264 552351 2DBF9F 7FE9FA 59A3E5 523C27 676A1C 7FEDF1 4974BC 503AE0 4D6FA8 7FEFF7 396C49 7901B6 4E7CF0 7FEB9D 4FFEC1 41E7FF 44B276 7FEC77 58DAB0 737F00 6190E5 7FEEAE 573D59 53191E 448461 7FF0E2 3E3CF6 7CB7B5 000FFF 02 0FB666,2026-07-27T21:53:04.727+00:00,serial_request_midpoint,357.119,True,matched,35.1914,35.1914,2026-07-27T21:53:04.763+00:00,107.220389,1785189184687.71,3219,False,,,,,,,,,,,,,,False,,,,,,,,,,,,,,True,0.5195384361188176,-21.004148862012965,-3.7804120568507655,42.90850407431284,0.006157219986840686,-0.8062346783229811,-2.8600486801454776,37.38349105322821,10.027296322559597,-28.76710938213322,0.5445040265418383,-0.14772083562848567,0.11075726555648155,False,,,,,,,,,,,,,,False,,,,,,,,,,,,,,False,,,,,,,,,,,,,,True,0.09491206392840353,11.25576777364821,9.40830832697846,76.23978203313386,0.1943763919738161,0.013906637970175576,-3.0366737814121794,-2.842170943040401e-15,1.4210854715202005e-15,0.0,0.0,0.0,0.0,True,2,0.5195384361188347,-21.4561343764477,-1.1707907812815963,47.212723975694544,2.615746335237044,0.22700652228416776,0.03671137635404724,37.02519956365067,7.373699293535337,-24.480995398270636,-0.15776713924180424,2.916027196891171,0.7681963642389972,True,-16.346988553223127,-26.97145998198834,71.1667092909793,31.446588998984726,33.48582259976108,-0.9733916211859196
2026-07-27T21:53:05.462+00:00,172.900000,102974.600000,1.219166,4095,2,02,80,FFFFFFFF,32,2.93041621,3.04765899,2.20753441,1.35154685,1.10100472,0.48085547,2.20742283,1.19062192,1.04552538,1.49779699,2.20785654,0.88910255,1.00858657,0.95822680,2.20804552,0.63900947,1.98067319,0.97695015,2.20538702,1.00413722,0.76612323,0.81048114,2.20498114,1.17466218,1.81658971,1.36052380,2.20467835,1.14219839,1.06186525,0.80762684,2.20690765,0.70983224,SD 02 80 FFFFFFFF 91F05A 9464A7 7FEDB6 6125CE 55209D 2DBF46 7FECE2 59A164 523728 6769D7 7FF01A 4971A5 503892 4D6D4B 7FF181 396B30 78FED5 4E79DE 7FDDC4 4FFA47 41E67D 44B12D 7FDAC0 58D890 737E77 618C0C 7FD880 573A28 531556 4483D2 7FE90F 3E3C46 7CD7B5 000FFF 02 0FB672,2026-07-27T21:53:05.284+00:00,serial_request_midpoint,355.47,True,matched,33.3881,33.3881,2026-07-27T21:53:05.317+00:00,107.775514,1785189185254.369,3236,False,,,,,,,,,,,,,,False,,,,,,,,,,,,,,True,0.5112616939397656,-20.710604025542214,-5.166474001266954,43.005122912059726,0.01214466234306453,-0.7992878504416912,-2.8603247644230247,37.23755108360768,11.582273220456981,-28.5345684771852,0.5445553027262358,-0.14497744225144316,0.11264422395274419,False,,,,,,,,,,,,,,False,,,,,,,,,,,,,,False,,,,,,,,,,,,,,True,0.07652910310302442,11.249720735302839,9.402816480846692,76.19065105108271,0.19617033853506854,0.02101121117460759,-3.036802678317344,-2.842170943040401e-15,-1.4210854715202005e-15,0.0,0.0,0.0,0.0,True,2,0.51126169393978,-21.182292330759402,-2.5789564379271477,47.32055870354092,2.6200832938547336,0.22942742527661183,0.04217299502079388,36.894934937626125,8.928864970343874,-24.24705615615195,-0.16077483944525564,2.91846814936653,0.7688490607675315,True,-16.08071203436266,-28.482832564768444,71.16451799760168,31.30015279519598,35.032817836667064,-0.7342219530264174
2026-07-27T21:53:06.020+00:00,173.500000,102975.200000,1.217945,4095,2,02,80,FFFFFFFF,32,2.92995872,3.04712300,2.20716444,1.35108472,1.10092785,0.48085723,2.20806605,1.19052618,1.04542734,1.49780960,2.20790286,0.88899842,1.00847426,0.95813476,2.20783285,0.63898714,1.98036818,0.97685593,2.20773705,1.00404026,0.76608358,0.81045924,2.20790128,1.17467608,1.81657484,1.36035670,2.20545801,1.14208778,1.06167442,0.80761259,2.20759388,0.70981040,SD 02 80 FFFFFFFF 91EDD8 9461D8 7FEAF7 612087 551F99 2DBF4F 7FF1A8 59A031 5235D1 6769F9 7FF072 497013 503700 4D6BF7 7FEFED 396ACA 78FC51 4E7886 7FEF37 4FF8EB 41E5D7 44B0D4 7FF06F 58D8BD 737E55 618A26 7FDE4B 5738BB 5312C1 448398 7FEE27 3E3BE7 7CB7B5 000FFF 02 0FB678,2026-07-27T21:53:05.841+00:00,serial_request_midpoint,357.0278,True,matched,53.8042,53.8042,2026-07-27T21:53:05.895+00:00,108.352778,1785189185821.125,3253,False,,,,,,,,,,,,,,False,,,,,,,,,,,,,,True,0.5572239292001802,-20.50727943031649,-5.572432915603059,43.14173319014138,0.028596725387692916,-0.7959380993390109,-2.862115072912082,37.12335116610531,11.924988771667131,-28.353039317164008,0.5402756988962901,-0.13586310637017554,0.11190236128483533,False,,,,,,,,,,,,,,False,,,,,,,,,,,,,,False,,,,,,,,,,,,,,True,0.08387014385371037,11.24733577772584,9.400559637606026,76.18257616543062,0.19971147806128217,0.017771900669134956,-3.0363363657672346,-2.842170943040401e-15,1.4210854715202005e-15,0.0,0.0,0.0,0.0,True,2,0.557223929200201,-21.03005244119941,-3.00071467173448,47.46072575342261,2.622418095133321,0.22848106783191147,0.057218470213770294,36.82153904573376,9.291874221384878,-24.049977579572804,-0.1602670058089973,2.9288787748350664,0.7646836955292575,True,-16.1294906747138,-28.97618692885345,71.2689312743066,31.395220738664886,35.50169577388694,-0.6155661607102388
2026-07-27T21:53:06.576+00:00,174.600000,102976.300000,1.217945,4095,2,02,80,FFFFFFFF,32,2.93081248,3.04778946,2.20736862,1.35124617,1.10088735,0.48082345,2.20796550,1.19053460,1.04557998,1.49779032,2.20721232,0.88900878,1.00852175,0.95817672,2.20533444,0.63897904,1.98034877,0.97687702,2.20479031,1.00404556,0.76611177,0.81048655,2.20479662,1.17480709,1.81652718,1.36049560,2.20716970,1.14213626,1.06172696,0.80759197,2.20755125,0.70980235,SD 02 80 FFFFFFFF 91F286 946556 7FEC7B 61225F 551F10 2DBEA2 7FF0E9 59A04C 5237E7 6769C5 7FEB52 49703B 5037AA 4D6C92 7FDD60 396AA5 78FC28 4E78D3 7FD955 4FF8FE 41E64D 44B143 7FD961 58DA65 737DE8 618BBA 7FEB01 57395B 531377 448344 7FEDD6 3E3BC4 7CB7B5 000FFF 02 0FB683,2026-07-27T21:53:06.398+00:00,serial_request_midpoint,355.6485,True,matched,63.47165,63.47165,2026-07-27T21:53:06.461+00:00,108.919294,1785189186387.949,3270,False,,,,,,,,,,,,,,False,,,,,,,,,,,,,,True,0.49126458011081375,-20.500809143093313,-5.722212300875824,43.28914993030331,0.015161480473914525,-0.7866690883853285,-2.8696325141555494,36.95191432288268,12.008321464392356,-28.54138823590811,0.5302207812027199,-0.13844106900020262,0.10547245593469583,False,,,,,,,,,,,,,,False,,,,,,,,,,,,,,False,,,,,,,,,,,,,,True,0.12194242363019205,11.256115218670875,9.40887313710903,76.25583929244995,0.19063695346072548,0.012654365953123395,-3.037505310013646,0.0,0.0,1.1368683772161604e-14,0.0,0.0,0.0,True,2,0.4912645801108184,-20.97082534307528,-3.1754910790428705,47.62896776707747,2.6303224213558396,0.2222229628850145,0.045111754198138704,36.625354242412115,9.418437201771003,-24.213966245111237,-0.15034597621218615,2.930709030341727,0.7495048142627009,True,-16.062950785576586,-29.34135122433388,71.22625246081029,31.370368367925767,35.88922251962059,-1.0352267874224936
2026-07-27T21:53:07.135+00:00,175.200000,102976.900000,1.218556,4095,2,02,80,FFFFFFFF,32,2.93166581,3.04860376,2.20760336,1.35156601,1.10095387,0.48083243,2.20798972,1.19061163,1.04563315,1.49779922,2.20774073,0.88905825,1.00856813,0.95822815,2.20754493,0.63900137,1.98055194,0.97689345,2.20740757,1.00414307,0.76612323,0.81052690,2.20730810,1.17489361,1.81654598,1.36074387,2.20759862,1.14219476,1.06181964,0.80761063,2.20770810,0.70985523,SD 02 80 FFFFFFFF 91F733 94699A 7FEE39 612606 551FF1 2DBED0 7FF117 59A143 5238A1 6769DD 7FEF3E 4970FA 503850 4D6D50 7FEDCA 396B0B 78FDD5 4E790F 7FECC5 4FFA5C 41E67D 44B1E7 7FEC08 58DB7D 737E13 618E8C 7FEE30 573A1C 5314B8 448390 7FEF00 3E3CAA 7CC7B5 000FFF 02 0FB689,2026-07-27T21:53:06.955+00:00,serial_request_midpoint,359.442,True,matched,79.3123,79.3123,2026-07-27T21:53:07.035+00:00,109.492865,1785189186954.654,3287,False,,,,,,,,,,,,,,False,,,,,,,,,,,,,,True,0.5472587007827554,-20.358721179794003,-6.444808657497819,43.29018011145521,0.029858343742414077,-0.7853222330146274,-2.863536232506367,37.02610641125094,12.952461481861832,-28.135171293027902,0.5369538445718092,-0.1348334149715214,0.11364110309626571,False,,,,,,,,,,,,,,False,,,,,,,,,,,,,,False,,,,,,,,,,,,,,True,0.10182573386869348,11.243639367195453,9.398397249236282,76.16220944581978,0.19969741813297107,0.023668680257493392,-3.0371362157491935,0.0,0.0,0.0,0.0,0.0,0.0,True,2,0.5472587007827477,-20.884660502796272,-3.904842986052657,47.62753936795387,2.6293930882041954,0.2307449151975018,0.058440498344971274,36.730288062919385,10.333801038918448,-23.822882794691015,-0.1629011869877308,2.930955198038161,0.7599908908283568,True,-15.940386062198593,-30.04240949805969,71.24856986661352,31.26902595560703,36.61573861245303,-0.47752590497494796
2026-07-27T21:53:07.692+00:00,176.300000,102978.000000,1.219776,4095,2,02,80,FFFFFFFF,32,2.93300948,3.04980404,2.20775494,1.35209021,1.10095002,0.48084473,2.20778074,1.19061319,1.04588616,1.49779366,2.20762072,0.88911861,1.00862010,0.95830585,2.20754388,0.63901954,1.98079303,0.97701946,2.20742809,1.00431778,0.76616719,0.81060269,2.20785812,1.17514980,1.81675544,1.36114487,2.20753862,1.14242814,1.06211617,0.80765115,2.20781916,0.70992537,SD 02 80 FFFFFFFF 91FE8F 946FE3 7FEF59 612C02 551FE4 2DBF0F 7FEF8A 59A148 523C16 6769CE 7FEE5A 4971E3 50390A 4D6E6F 7FEDC8 396B5E 78FFD2 4E7ADB 7FECEC 4FFCCF 41E735 44B31B 7FF01D 58DEBA 737FF2 61931A 7FEDBE 573D1E 5318BB 448435 7FEFD3 3E3DDB 7CE7B5 000FFF 02 0FB694,2026-07-27T21:53:07.514+00:00,serial_request_midpoint,356.1949,True,matched,100.34435,100.34435,2026-07-27T21:53:07.614+00:00,110.07203,1785189187554.677,3305,False,,,,,,,,,,,,,,False,,,,,,,,,,,,,,True,0.49166034655940044,-19.648000590667934,-6.663270628193478,43.08526961337985,0.07149538898040014,-0.7934886447178418,-2.860977913565755,36.268487294415046,13.11160732383937,-28.653124880519435,0.5392614576475161,-0.10270462527842059,0.11322065108270203,False,,,,,,,,,,,,,,False,,,,,,,,,,,,,,False,,,,,,,,,,,,,,True,0.06664315973340147,11.246544927514606,9.400279870928921,76.1882662337077,0.19427431294787312,0.016125559841853314,-3.037956732010108,-2.842170943040401e-15,0.0,-1.1368683772161604e-14,0.0,0.0,0.0,True,2,0.49166034655939556,-20.31060824937575,-4.113190194202288,47.39789804067102,2.6227820636942756,0.23052952144806696,0.09637788864469099,36.126611073673836,10.490284053207048,-24.334646151856695,-0.1646412946905315,2.96089555760516,0.7707922665225221,True,-15.832767656440737,-30.13884975525655,71.234535865006,31.172962031409583,36.72518581553304,-0.8237421832865379
2026-07-27T21:53:08.248+00:00,177.500000,102979.200000,1.219166,4095,2,02,80,FFFFFFFF,32,2.93426890,3.05116239,2.20754283,1.35280661,1.10106090,0.48086055,2.20559841,1.19071674,1.04608345,1.49777178,2.20469517,0.88922507,1.00874164,0.95834565,2.20718022,0.63906420,1.98100240,0.97711370,2.20522245,1.00441949,0.76622333,0.81063468,2.20483815,1.17522058,1.81671827,1.36148095,2.20429887,1.14248543,1.06231312,0.80764550,2.20490123,0.70993295,SD 02 80 FFFFFFFF 920574 9476FF 7FEDC6 61342F 55215B 2DBF60 7FDF56 59A294 523EC8 676993 7FD8A0 49737E 503ABD 4D6F02 7FEB15 396C2A 79018C 4E7C33 7FDC8B 4FFE3C 41E820 44B39D 7FD9B0 58DF9F 737F9D 6196EB 7FD5AE 573DDB 531B65 44841E 7FDA28 3E3DFC 7CD7B5 000FFF 02 0FB6A0,2026-07-27T21:53:08.070+00:00,serial_request_midpoint,355.6306,True,matched,46.2679,46.2679,2026-07-27T21:53:08.116+00:00,110.574021,1785189188054.669,3320,False,,,,,,,,,,,,,,False,,,,,,,,,,,,,,True,0.502409867545004,-19.666676965463843,-6.936847815901596,43.225947307322784,0.06307931593520587,-0.7867859920184284,-2.8629410755971993,36.18999948576678,13.37505149713267,-28.802096499311396,0.5339751670446825,-0.10353427036019523,0.11156776406785443,False,,,,,,,,,,,,,,False,,,,,,,,,,,,,,False,,,,,,,,,,,,,,True,0.06308798269897313,11.262692863853104,9.415688790586653,76.30369596984812,0.1869956807453646,0.014799997080443316,-3.0383669853187243,-2.842170943040401e-15,0.0,0.0,0.0,0.0,0.0,True,2,0.5024098675450125,-20.300335155728163,-4.403899066230231,47.55299838427893,2.6276785663752844,0.23071211139705008,0.08879057776350414,36.04005572194025,10.776294711438776,-24.470272041921923,-0.16201831693577404,2.962252809680788,0.7628022542325348,True,-15.720648676326395,-30.535427980145336,71.25407395277901,31.127825465211554,37.14222346852314,-1.0976575237859947
2026-07-27T21:53:08.804+00:00,178.000000,102979.700000,1.218556,4095,2,02,80,FFFFFFFF,32,2.93384998,3.05055553,2.20435931,1.35272376,1.10107214,0.48084786,2.20476719,1.19077102,1.04599137,1.49779106,2.20460844,0.88923880,1.00871090,0.95833211,2.20477875,0.63907777,1.98105309,0.97713370,2.20687503,1.00443900,0.76621951,0.81064551,2.20768968,1.17512941,1.81663868,1.36136536,2.20773021,1.14250604,1.06235009,0.80768112,2.20784811,0.70994261,SD 02 80 FFFFFFFF 920329 9473D2 7FD621 61333D 552181 2DBF1F 7FD929 59A342 523D86 6769C7 7FD7FB 4973B3 503A4F 4D6ED0 7FD93F 396C68 7901F7 4E7C7C 7FE8D1 4FFE82 41E810 44B3C9 7FEEDD 58DE78 737EE7 61959B 7FEF2A 573E1F 531BE5 4484AF 7FF00A 3E3E26 7CC7B5 000FFF 02 0FB6A5,2026-07-27T21:53:08.626+00:00,serial_request_midpoint,356.4557,True,matched,59.47255,59.47255,2026-07-27T21:53:08.686+00:00,111.143524,1785189188621.331,3337,False,,,,,,,,,,,,,,False,,,,,,,,,,,,,,True,0.4919180253818556,-19.536703304198447,-7.251032467917144,43.400430986648345,0.05290574257430019,-0.775903444911736,-2.8721666688540726,36.12109720750118,13.648392416608633,-28.555725651046647,0.5247927313569932,-0.11193681499173434,0.10460962273343861,False,,,,,,,,,,,,,,False,,,,,,,,,,,,,,False,,,,,,,,,,,,,,True,0.05881200916194014,11.260904526084989,9.411934054237266,76.26826701372744,0.18943293845548306,0.01389429375349324,-3.0374365950616466,0.0,0.0,0.0,0.0,0.0,0.0,True,2,0.4919180253818645,-20.126172101064913,-4.748935691899625,47.75161029121509,2.6370662430556906,0.222963417874658,0.07968850617086957,35.918433789406336,11.087434599515575,-24.203582997414713,-0.1508036594642308,2.958225180621702,0.7474638449130933,True,-15.60505533354015,-31.107037609320788,71.21181662486427,31.10056297712712,37.692379544200946,-1.083541041168246
2026-07-27T21:53:09.360+00:00,179.200000,102980.900000,1.219777,4095,2,02,80,FFFFFFFF,32,2.93404123,3.05063091,2.20788180,1.35276278,1.10109402,0.48083985,2.20782548,1.19079004,1.04602797,1.49781590,2.20522508,0.88922067,1.00873242,0.95837516,2.20513413,0.63906157,1.98110662,0.97724055,2.20471883,1.00452455,0.76625462,0.81071023,2.20487547,1.17537172,1.81678868,1.36193959,2.20708498,1.14279828,1.06270969,0.80769462,2.20770020,0.71008335,SD 02 80 FFFFFFFF 920435 947437 7FF04A 6133AF 5521CB 2DBEF6 7FEFDF 59A37F 523E06 676A0A 7FDC90 49736D 503A9C 4D6F6F 7FDBE3 396C1E 790268 4E7E02 7FD8CD 4FFFB5 41E8A3 44B4D0 7FD9F7 58E188 73803E 619C20 7FEA60 5741E3 5320C2 4484E6 7FEEF1 3E408A 7CE7B6 000FFF 02 0FB6B1,2026-07-27T21:53:09.183+00:00,serial_request_midpoint,355.7745,True,matched,76.12355,76.12355,2026-07-27T21:53:09.259+00:00,111.716566,1785189189188.001,3354,False,,,,,,,,,,,,,,False,,,,,,,,,,,,,,True,0.5223751190086162,-19.45895235990374,-7.93860382733317,43.55604745941262,0.050696534234680575,-0.7677211443199304,-2.876555870756243,36.15439764455566,14.305253475833027,-28.290718617595832,0.5180486431112258,-0.11566963569369204,0.10245396144541632,False,,,,,,,,,,,,,,False,,,,,,,,,,,,,,False,,,,,,,,,,,,,,True,0.08334290663823926,11.2543376310378,9.405812207731689,76.2364782442628,0.19321638969380328,0.013004833599111901,-3.036994538504871,0.0,0.0,-1.1368683772161604e-14,0.0,0.0,0.0,True,2,0.5223751190086272,-20.036205722842883,-5.461004396160268,47.92285438555263,2.643335009959754,0.2203310624306819,0.07779000068706643,35.92868664519491,11.77290124188346,-23.922999553308905,-0.14721077130031235,2.9572872143661297,0.7366948472846793,True,-15.546082175826346,-31.969010198128196,71.21954371402828,31.126810623136613,38.54154815614167,-0.9893377484268854
2026-07-27T21:53:09.917+00:00,179.700000,102981.400000,1.216725,4095,2,02,80,FFFFFFFF,32,2.93837328,3.05473700,2.20737862,1.35449486,1.10133265,0.48085450,2.20803078,1.19097409,1.04669176,1.49782184,2.20756704,0.88950488,1.00899649,0.95863537,2.20766125,0.63912550,1.98175623,0.97752935,2.20761125,1.00502878,0.76645699,0.81094675,2.20743809,1.17609270,1.81713682,1.36346774,2.20762599,1.14357339,1.06361931,0.80777003,2.20756388,0.71037337,SD 02 80 FFFFFFFF 921BE6 9489B0 7FEC8E 614770 5524F2 2DBF41 7FF165 59A5CD 524717 676A1A 7FEDF4 4977B6 503E4D 4D7330 7FEEA7 396D42 7907C3 4E8220 7FEE48 5006C6 41EBF2 44B891 7FECFF 58EAA4 73835A 61AD77 7FEE64 574BDF 532D0E 448619 7FEDEE 3E4577 7C97B6 000FFF 02 0FB6B6,2026-07-27T21:53:09.739+00:00,serial_request_midpoint,356.7897,True,matched,97.03095,97.03095,2026-07-27T21:53:09.836+00:00,112.294106,1785189189754.674,3371,False,,,,,,,,,,,,,,False,,,,,,,,,,,,,,True,0.5678796063499599,-19.281249225233395,-8.470100082890168,43.670178970929825,0.053044697121475005,-0.763455659883756,-2.8775325267084235,36.07868039312492,14.924175887255888,-27.96643471923686,0.5177328693113397,-0.11709934190720375,0.103145384375372,False,,,,,,,,,,,,,,False,,,,,,,,,,,,,,False,,,,,,,,,,,,,,True,0.09799413291633711,11.242801914073025,9.396806519425922,76.15986389149292,0.1977007658534637,0.01732915668277889,-3.0366776602644703,0.0,0.0,0.0,0.0,0.0,0.0,True,2,0.5678796063499821,-19.86516567818503,-6.00609509690005,48.04378663875778,2.646200127054259,0.2206288498625292,0.07999080505086581,35.84689549029067,12.392903364946932,-23.598407910285594,-0.14815083896626813,2.9559699069394436,0.735892502265318,True,-15.390608541253545,-32.58265748666956,71.26524190545396,31.001911216302734,39.16620225052301,-0.6792476093372329
2026-07-27T21:53:10.474+00:00,180.900000,102982.600000,1.218556,4095,2,02,80,FFFFFFFF,32,2.94471413,3.06063880,2.20755283,1.35750129,1.10170058,0.48085489,2.20790602,1.19140589,1.04782749,1.49789377,2.20769547,0.88995682,1.00942357,0.95905027,2.20785706,0.63925971,1.98285832,0.97806790,2.20770757,1.00580564,0.76672295,0.81123722,2.20777811,1.17679728,1.81754890,1.36515405,2.20523770,1.14443110,1.06482732,0.80782652,2.20738810,0.71059858,SD 02 80 FFFFFFFF 923E81 94A87E 7FEDD9 6169AE 5529CE 2DBF43 7FF078 59AB35 525698 676ADC 7FEEE8 497E86 504445 4D792C 7FF01B 396FA7 7910D8 4E89CD 7FEEFF 5011A8 41F04B 44BD2D 7FEF85 58F38A 738708 61C095 7FDCA8 5756EA 533D60 4486FF 7FECA0 3E494A 7CC7B6 000FFF 02 0FB6C2,2026-07-27T21:53:10.296+00:00,serial_request_midpoint,356.8867,True,matched,37.50925,37.50925,2026-07-27T21:53:10.334+00:00,112.791628,1785189190254.68,3386,False,,,,,,,,,,,,,,False,,,,,,,,,,,,,,True,0.5940647261463264,-19.208145250260287,-8.700209753704204,43.69909059153504,0.05591762396464111,-0.7609352217850439,-2.878950206077857,35.9168167218436,15.207967236863857,-28.14616075546648,0.5168529322327503,-0.11093629571356863,0.1018014627993404,False,,,,,,,,,,,,,,False,,,,,,,,,,,,,,False,,,,,,,,,,,,,,True,0.09975818906526922,11.251276833167449,9.402875795538824,76.22612943802355,0.19144534045357003,0.01802394954196915,-3.0377057051602736,2.842170943040401e-15,-1.4210854715202005e-15,0.0,0.0,0.0,0.0,True,2,0.5940647261463368,-19.799655117290875,-6.244964540833195,48.07660244517544,2.64806994989846,0.2196782650213623,0.08266139036374631,35.71259335162951,12.681812755239093,-23.77379762359965,-0.14653240653037877,2.962324948874811,0.735986219340365,True,-15.375932273648962,-32.86998805699689,71.25223865431799,31.003924069691607,39.48120552994078,-0.8567233069956615
2026-07-27T21:53:11.031+00:00,181.500000,102983.200000,1.217946,4095,2,02,80,FFFFFFFF,32,2.94835432,3.06421729,2.20735915,1.35966132,1.10208042,0.48085723,2.20813975,1.19173200,1.04845134,1.49793641,2.20783601,0.89028627,1.00974703,0.95935096,2.20756441,0.63934532,1.98377266,0.97851670,2.20758230,1.00632506,0.76691487,0.81137509,2.20780653,1.17708254,1.81773353,1.36635514,2.20785443,1.14513198,1.06585649,0.80788498,2.20773442,0.71077734,SD 02 80 FFFFFFFF 925255 94BB23 7FEC69 61823F 552ED2 2DBF4F 7FF234 59AF4A 525F1B 676B4F 7FEFF3 49837D 5048CA 4D7D82 7FEDEF 39712E 791860 4E9032 7FEE11 5018EE 41F36E 44BF5D 7FEFBB 58F724 7388AE 61CE30 7FF016 575FEF 534B45 4487ED 7FEF32 3E4C53 7CB7B6 000FFF 02 0FB6C8,2026-07-27T21:53:10.853+00:00,serial_request_midpoint,356.5493,True,matched,52.97255,52.97255,2026-07-27T21:53:10.906+00:00,113.363995,1785189190854.688,3404,False,,,,,,,,,,,,,,False,,,,,,,,,,,,,,True,0.5846386017907361,-19.08631032604199,-9.148916992904427,43.94780024915704,0.060944866767909694,-0.74568203989861,-2.883132220246938,35.8730945432731,15.661954028277375,-27.778310807306923,0.506264537379267,-0.10968883009369303,0.10141693167988483,False,,,,,,,,,,,,,,False,,,,,,,,,,,,,,False,,,,,,,,,,,,,,True,0.08352660540043823,11.248626332848069,9.400260661981282,76.18954172864983,0.19542259706022902,0.018099849670605787,-3.0375204052756994,0.0,1.4210854715202005e-15,0.0,0.0,0.0,0.0,True,2,0.5846386017907446,-19.689825855182615,-6.741533054686185,48.35018534846077,2.658551978083391,0.21976208336790493,0.08747861536320693,35.67084997581071,13.182457909320885,-23.379229185708134,-0.14589588294653233,2.9673577912481743,0.7205418730818997,True,-15.307053199934376,-33.61350034903139,71.24690983726481,31.00114723103085,40.2267727084173,-0.7436327046140718
2026-07-27T21:53:11.589+00:00,182.600000,102984.300000,1.218556,4095,2,02,80,FFFFFFFF,32,2.95116616,3.06718694,2.20752335,1.36123293,1.10244023,0.48087051,2.20805131,1.19202633,1.04901241,1.49797349,2.20779179,0.89054397,1.01008314,0.95953925,2.20791865,0.63945393,1.98471303,0.97895082,2.20791918,1.00689796,0.76714171,0.81165677,2.20800972,1.17782901,1.81814091,1.36844303,2.20782758,1.14633286,1.06736654,0.80803212,2.20568149,0.71117590,SD 02 80 FFFFFFFF 9261A1 94CA97 7FEDA1 61941A 553392 2DBF93 7FF18C 59B2F9 5266C2 676BB3 7FEF9F 49875F 504D7C 4D8039 7FF090 39731E 79201E 4E9661 7FF091 5020F3 41F723 44C3D5 7FF13D 590090 738C51 61E5D1 7FEFE3 576F61 535FA4 448A44 7FDFF4 3E5317 7CC7B5 000FFF 02 0FB6D3,2026-07-27T21:53:11.411+00:00,serial_request_midpoint,356.9127,True,matched,69.24255,69.24255,2026-07-27T21:53:11.480+00:00,113.937606,1785189191421.361,3421,False,,,,,,,,,,,,,,False,,,,,,,,,,,,,,True,0.6049430961656898,-19.052693637485554,-9.229373140401757,44.17453317252121,0.06483524063534525,-0.7315290123169872,-2.885679397300993,35.7827047651841,15.482530576766868,-27.84311956083319,0.4896699788040052,-0.10388462394776234,0.09938204748540744,False,,,,,,,,,,,,,,False,,,,,,,,,,,,,,False,,,,,,,,,,,,,,True,0.0925782703615492,11.255435104649948,9.404098568606543,76.26130746460967,0.19139123093266974,0.0069184403577579314,-3.03635340794558,2.842170943040401e-15,0.0,0.0,0.0,0.0,0.0,True,2,0.6049430961657044,-19.66651475592665,-6.866025204848199,48.59929679504768,2.6679704758943896,0.22150657950523284,0.09124892331828113,35.60049307091969,13.077512304554967,-23.402015086272467,-0.1429852356963772,2.9789176103581556,0.6971173162337394,True,-15.274691057114401,-33.95324051450264,71.23921654091077,31.093742183280067,40.50518423362294,-1.1987873092053747
2026-07-27T21:53:12.147+00:00,183.200000,102984.900000,1.217946,4095,2,02,80,FFFFFFFF,32,2.96231072,3.07753394,2.20475562,1.36591296,1.10303959,0.48085684,2.20472461,1.19261765,1.05061106,1.49799797,2.20447967,0.89121746,1.01075641,0.96014222,2.20479505,0.63963263,1.98659694,0.97989405,2.20704762,1.00824155,0.76762921,0.81219714,2.20546116,1.17926964,1.81899314,1.37246411,2.20483132,1.14831098,1.06996541,0.80820705,2.20729916,0.71178914,SD 02 80 FFFFFFFF 929E18 95004C 7FD913 61C92E 553B7B 2DBF4D 7FD8D8 59BA5F 527C8C 676BF5 7FD706 499184 5056E3 4D88EA 7FD95E 39764E 792F9E 4EA3CF 7FEA19 5033BF 41FF1A 44CC67 7FDE51 5912BC 7393EC 62133F 7FD9A3 5788CC 5382A8 448D0C 7FEBF7 3E5D7F 7CB7B6 000FFF 02 0FB6D9,2026-07-27T21:53:11.968+00:00,serial_request_midpoint,357.7959,True,matched,89.33085,89.33085,2026-07-27T21:53:12.057+00:00,114.515506,1785189191988.044,3438,False,,,,,,,,,,,,,,False,,,,,,,,,,,,,,True,0.5634889632513675,-19.22227369412397,-9.181090892450907,44.19597550299754,0.04507723962547175,-0.7261783501205501,-2.890620859737594,36.007455896529166,15.75239709258276,-27.387197106193334,0.4950841865662263,-0.12151399082952419,0.0980313619171407,False,,,,,,,,,,,,,,False,,,,,,,,,,,,,,False,,,,,,,,,,,,,,True,0.06895206447564176,11.239536384865922,9.398913264789057,76.15837578621912,0.19730042055945077,0.022726408924314462,-3.0369506629058787,-2.842170943040401e-15,1.4210854715202005e-15,0.0,0.0,0.0,0.0,True,2,0.5634889632513503,-19.766300651882656,-6.8285002716637875,48.63557853101656,2.672961562217206,0.21711084700051778,0.07315233341156085,35.74025654206717,13.319868145756857,-22.965418003387708,-0.1398518920823021,2.9601502905746444,0.7015060903579522,True,-15.265065192765263,-34.016955156168216,71.13220305708714,31.010819148944268,40.62741143210333,-0.6606692636911816
2026-07-27T21:53:12.704+00:00,184.300000,102986.000000,1.220997,4095,2,02,80,FFFFFFFF,32,2.97858620,3.09217408,2.20742809,1.37279575,1.10399991,0.48086856,2.20801551,1.19352187,1.05280292,1.49809216,2.20775547,0.89215518,1.01177818,0.96100493,2.20754335,0.63992899,1.98968615,0.98123248,2.20761757,1.00996569,0.76826303,0.81287793,2.20792602,1.18081260,1.82011598,1.37760230,2.20765283,1.15098106,1.07347972,0.80846209,2.20552689,0.71245976,SD 02 80 FFFFFFFF 92F5EE 954BEE 7FECEC 6216FD 554826 2DBF89 7FF148 59C5AE 529A63 676CF3 7FEF5A 499FA2 506526 4D9558 7FEDC7 397B97 794901 4EB6DA 7FEE54 504BD8 420974 44D732 7FF09E 59262E 739DF0 624D26 7FEE97 57AB0F 53B1EB 44911A 7FDECE 3E68DF 7D07B6 000FFF 02 0FB6E4,2026-07-27T21:53:12.526+00:00,serial_request_midpoint,356.6648,True,matched,33.0115,33.0115,2026-07-27T21:53:12.559+00:00,115.016575,1785189192488.062,3453,False,,,,,,,,,,,,,,False,,,,,,,,,,,,,,True,0.5240310500589499,-19.085179057843064,-9.012316850997852,43.656189680310476,0.061700747855780155,-0.688092821098427,-2.9013622026762778,35.82060945521649,15.487889233549515,-28.24337246828164,0.46582083530453605,-0.10452222332459413,0.0928804954578356,False,,,,,,,,,,,,,,False,,,,,,,,,,,,,,False,,,,,,,,,,,,,,True,0.08922339999046786,11.252118136511736,9.40626181839814,76.2304620709042,0.1902563211996471,0.016712159377568352,-3.0371540485561215,2.842170943040401e-15,0.0,0.0,0.0,0.0,0.0,True,2,0.5240310500589329,-19.671504784925766,-6.782122021352459,48.15320828216796,2.6991463792005606,0.21601270314999332,0.08900798255131206,35.620036627508476,13.189168694082687,-23.74710984649375,-0.1327617874670435,2.9867976427344116,0.6615243803266546,True,-15.343072667080415,-34.570243602529104,69.93981630459996,31.32894512170275,41.16424037070597,-2.19361330628617
2026-07-27T21:53:13.260+00:00,185.500000,102987.200000,1.217945,4095,2,02,80,FFFFFFFF,32,2.99668061,3.10856044,2.20459425,1.38047157,1.10521213,0.48088848,2.20442080,1.19461852,1.05467087,1.49819007,2.20699394,0.89310593,1.01264766,0.96174058,2.20763967,0.64019889,1.99314439,0.98250552,2.20473880,1.01125113,0.76870184,0.81312416,2.20677348,1.18058872,1.82049142,1.37908135,2.20499586,1.15236053,1.07495723,0.80858595,2.20696658,0.71242751,SD 02 80 FFFFFFFF 9356F0 95A017 7FD7E0 626D69 555821 2DBFEF 7FD696 59D363 52B3C9 676DFB 7FE9B3 49ADF0 507147 4D9FF0 7FEE7E 398067 796561 4EC8F3 7FD8F3 505DCB 42109E 44DB19 7FE810 59235C 73A149 625DC9 7FDADC 57BCBD 53C5C2 449312 7FE97F 3E6853 7CB7B4 000FFF 02 0FB6F0,2026-07-27T21:53:13.083+00:00,serial_request_midpoint,355.2536,True,matched,72.947,72.947,2026-07-27T21:53:13.155+00:00,115.61325,1785189193088.095,3471,False,,,,,,,,,,,,,,False,,,,,,,,,,,,,,True,0.545156845723676,-18.78302024046409,-9.900667581435384,44.225131193263195,0.10396702133632209,-0.7286527810584001,-2.8757048915887875,35.5156665553017,16.44550608008517,-27.675552779448545,0.49628237817085996,-0.07678341965284806,0.11103166663443503,False,,,,,,,,,,,,,,False,,,,,,,,,,,,,,False,,,,,,,,,,,,,,True,0.05160832373599147,11.246844328114555,9.40148359220229,76.21556190009173,0.1907971099498566,0.016923253133224545,-3.038525024774046,0.0,0.0,0.0,0.0,0.0,0.0,True,2,0.5451568457236938,-19.53589706876099,-7.557573119517113,48.639177838256344,2.666189803408648,0.23478968898808047,0.12736025855993427,35.48094824048718,14.018199567690683,-23.242980084755594,-0.1626835506711697,3.0017353297817224,0.7124718022755951,True,-15.250199042536682,-34.627048230224474,71.32061572016676,31.00485966608345,41.26268618195836,-0.8092132380748922
2026-07-27T21:53:13.817+00:00,186.000000,102987.700000,1.219166,4095,2,02,80,FFFFFFFF,32,2.97719685,3.09224005,2.20734705,1.37584181,1.10529957,0.48090898,2.20787233,1.19460477,1.05250980,1.49821343,2.20796182,0.89261594,1.01193748,0.96099652,2.20765283,0.64006525,1.99166071,0.98188550,2.20750967,1.00970705,0.76826519,0.81240753,2.20523402,1.17848971,1.81964338,1.37548049,2.20469149,1.15169474,1.07378681,0.80852869,2.20722811,0.71235979,SD 02 80 FFFFFFFF 92EE74 954C45 7FEC52 623954 555948 2DC058 7FF038 59D337 529666 676E3A 7FF0E2 49A691 50675F 4D9539 7FEE97 397E05 795936 4EC023 7FED87 50483B 42097D 44CFBD 7FDCA1 5908E6 7399B9 623542 7FD899 57B435 53B60B 449229 7FEB70 3E672D 7CD7B4 000FFF 02 0FB6F5,2026-07-27T21:53:13.638+00:00,serial_request_midpoint,356.3669,True,matched,98.86225,98.86225,2026-07-27T21:53:13.737+00:00,116.19518,1785189193654.803,3488,False,,,,,,,,,,,,,,False,,,,,,,,,,,,,,True,0.5236046180643298,-17.424511051067036,-9.71475013535597,44.29233675952457,0.22808193992336656,-0.7268228766575733,-2.857296761340376,34.15101640948265,16.27160358170291,-27.855699497607922,0.496570719383281,0.008465570418840397,0.12237844471587668,False,,,,,,,,,,,,,,False,,,,,,,,,,,,,,False,,,,,,,,,,,,,,True,0.046115248161775084,11.250645933397326,9.40160393308417,76.2187737431316,0.19038075861342288,0.011487484429078362,-3.038125943158314,0.0,0.0,0.0,0.0,0.0,0.0,True,2,0.5236046180643336,-18.59509502183131,-7.424324842523019,48.64255606487058,2.6566806746603135,0.2520453767514203,0.24237754803698072,34.54212140658285,13.871646391856975,-23.425353548653778,0.18312990180423216,-3.020363469042864,-0.7166640591809124,True,-15.231987265519,-34.486044034919466,71.48821594379424,30.98369211692816,41.099773742160934,-0.8081482235410931
2026-07-27T21:53:14.373+00:00,187.200000,102988.900000,1.218556,4095,2,02,80,FFFFFFFF,32,2.98022549,3.09428581,2.20751020,1.37568195,1.10521657,0.48090332,2.20823031,1.19478579,1.05350710,1.49823605,2.20783548,0.89283092,1.01231157,0.96143320,2.20756756,0.64012506,1.99302385,0.98256847,2.20525505,1.01119683,0.76880140,0.81331051,2.20683872,1.18147850,1.82109219,1.38195438,2.20753493,1.15463245,1.07724666,0.80882434,2.20760809,0.71327127,SD 02 80 FFFFFFFF 92FEBF 9556CE 7FED88 623787 555830 2DC03B 7FF2E0 59D57A 52A3F7 676E77 7FEFF2 49A9CD 506C97 4D9B83 7FEDF5 397F16 796464 4EC9D8 7FDCC9 505D09 42123E 44DE0D 7FE88C 592E91 73A6A4 627E10 7FEDB7 57D9D3 53E477 4496DC 7FEE42 3E76A1 7CC7B6 000FFF 02 0FB701,2026-07-27T21:53:14.195+00:00,serial_request_midpoint,355.575,True,matched,30.3376,30.3376,2026-07-27T21:53:14.225+00:00,116.683133,1785189194154.848,3503,False,,,,,,,,,,,,,,False,,,,,,,,,,,,,,True,0.5834455362205332,-18.446024302268253,-10.091905718202224,44.14686085388912,0.11435624767955546,-0.7285761218315682,-2.877661357879733,35.36835857464572,16.88556228997222,-27.37536769466136,0.5031379442400443,-0.0765028912086903,0.11101947950441325,False,,,,,,,,,,,,,,False,,,,,,,,,,,,,,False,,,,,,,,,,,,,,True,0.10727772384215609,11.242838188479562,9.393106789154842,76.15247739418969,0.200420276217487,0.02829212930025635,-3.038235673663199,0.0,1.4210854715202005e-15,0.0,0.0,0.0,0.0,True,2,0.5834455362205079,-19.229566385032435,-7.753074947747012,48.557830780462396,2.6663665750090453,0.23185181070730213,0.1369442507020567,35.337214797634466,14.428076960991381,-22.959428475828993,-0.16277383234965456,2.9995724589200443,0.7228350025334803,True,-15.119823185907887,-34.84828312648575,71.24110698387287,30.86443936429664,41.517277970068065,-0.3377401359875648
2026-07-27T21:53:14.930+00:00,187.800000,102989.500000,1.219166,4095,2,02,80,FFFFFFFF,32,3.01332650,3.12326190,2.20787022,1.38752122,1.10655902,0.48089609,2.20811817,1.19613606,1.05662068,1.49836586,2.20766704,0.89420435,1.01369586,0.96263836,2.20724758,0.64054270,1.99769294,0.98427786,2.20536704,1.01338253,0.76951664,0.81391732,2.20733705,1.18232747,1.82234732,1.38656192,2.20765599,1.15737621,1.08047814,0.80904655,2.20779969,0.71371524,SD 02 80 FFFFFFFF 93AF96 95EB28 7FF034 62BC75 5569DF 2DC016 7FF20B 59E657 52CE44 676FD5 7FEEB2 49BE74 507FE4 4DACDC 7FEB95 398688 798AA1 4EE21F 7FDD9E 507B86 421DEA 44E7AA 7FEC3F 593941 73B1D3 62B1B8 7FEE9D 57FCE6 540FBC 449A64 7FEFAE 3E7E27 7CD7B6 000FFF 02 0FB707,2026-07-27T21:53:14.751+00:00,serial_request_midpoint,357.1703,True,matched,53.75645,53.75645,2026-07-27T21:53:14.805+00:00,117.263086,1785189194754.907,3521,False,,,,,,,,,,,,,,False,,,,,,,,,,,,,,True,0.5397877588772703,-18.203415438536688,-9.29077283858933,44.033826715500304,0.08574116625345045,-0.6874402969409669,-2.8961452788649913,35.018807009935145,15.959127668899594,-27.695096912132044,0.4696614204510334,-0.09251819867176683,0.09928357317497222,False,,,,,,,,,,,,,,False,,,,,,,,,,,,,,False,,,,,,,,,,,,,,True,0.07158005051007925,11.242043423077924,9.395422724191102,76.1557824645233,0.19665155890392239,0.022184621975201997,-3.0372759267344813,0.0,1.4210854715202005e-15,-1.1368683772161604e-14,0.0,0.0,0.0,True,2,0.5397877588772583,-18.873852411466896,-7.069397267881653,48.52345117348215,2.6976971415050714,0.22274925077785843,0.11129022064405944,34.885199342129944,13.645806470909895,-23.203836848346754,-0.14332259062014743,2.9966514372421966,0.6695170822117326,True,-14.635233066043128,-34.83980342776477,70.35026868066522,30.560799570074305,41.51872492142773,-1.525015422946899
2026-07-27T21:53:15.487+00:00,188.900000,102990.600000,1.217946,4095,2,02,80,FFFFFFFF,32,3.01884965,3.12890018,2.20771968,1.39088751,1.10748012,0.48090683,2.20777653,1.19692695,1.05684201,1.49846452,2.20778390,0.89455264,1.01398906,0.96279718,2.20504738,0.64064548,1.99991019,0.98486468,2.20673771,1.01359187,0.76965049,0.81384729,2.20528134,1.18155389,1.82251266,1.38674474,2.20722864,1.15847539,1.08113356,0.80911071,2.20716181,0.71369334,SD 02 80 FFFFFFFF 93CCE0 9607D6 7FEF16 62E218 5575FF 2DC04D 7FEF82 59F036 52D145 6770DF 7FEF90 49C3B0 5083FA 4DAF25 7FDB3E 39885D 799CC2 4EEA73 7FE7CC 507E71 422019 44E68E 7FDCFB 592F84 73B34C 62B3C4 7FEB71 580AEF 541880 449B69 7FEAF2 3E7DC8 7CB7B6 000FFF 02 0FB712,2026-07-27T21:53:15.309+00:00,serial_request_midpoint,356.417,True,matched,82.8146,82.8146,2026-07-27T21:53:15.391+00:00,117.849549,1785189195321.637,3538,False,,,,,,,,,,,,,,False,,,,,,,,,,,,,,True,0.6030255910889694,-18.776048947941852,-10.114214942370442,44.56943267024249,0.07459923126858857,-0.7022234428297491,-2.8897148397118277,35.58769252936991,16.357797450628006,-27.468400956266088,0.4690537618816951,-0.09754712079215123,0.10075803069843633,False,,,,,,,,,,,,,,False,,,,,,,,,,,,,,False,,,,,,,,,,,,,,True,0.12155483407894194,11.259363817455252,9.409384811924717,76.27554376481302,0.1930344991146416,0.005520044277744082,-3.0359769173331954,0.0,0.0,0.0,0.0,0.0,0.0,True,2,0.603025591088963,-19.417921842867184,-7.843070099977597,49.0382829915399,2.6871485645801267,0.2264444265688799,0.10069800963403956,35.43125510368215,14.04614665955209,-22.977018000595343,-0.14521505696529768,2.9918643862833134,0.6675554893736967,True,-14.992835217832654,-35.360333486199465,71.14688174465816,30.987502185106678,41.92624909680031,-1.3315967106470452
2026-07-27T21:53:16.044+00:00,189.500000,102991.200000,1.218556,4095,2,02,80,FFFFFFFF,32,3.00307217,3.11540725,2.20491595,1.38698968,1.10764516,0.48092656,2.20721180,1.19700240,1.05524674,1.49848529,2.20468571,0.89418746,1.01346800,0.96225997,2.20470095,0.64054160,1.99867204,0.98435547,2.20425893,1.01241799,0.76933349,0.81330657,2.20718759,1.17992441,1.82182334,1.38362057,2.20755283,1.15801978,1.07980285,0.80907704,2.20776179,0.71354971,SD 02 80 FFFFFFFF 93790B 95C31A 7FDA44 62B682 55782B 2DC0B2 7FEB51 59F127 52BB9C 677117 7FD88E 49BE33 507CB7 4DA76A 7FD8AB 398683 7992A3 4EE339 7FD562 506E13 421AED 44DDFD 7FEB23 591AFD 73AD28 6290C2 7FEDD9 58051E 5406B3 449AE0 7FEF66 3E7B59 7CC7B6 000FFF 02 0FB718,2026-07-27T21:53:15.866+00:00,serial_request_midpoint,355.8172,True,matched,16.4899,16.4899,2026-07-27T21:53:15.883+00:00,118.340282,1785189195821.632,3553,False,,,,,,,,,,,,,,False,,,,,,,,,,,,,,True,0.5385712196380797,-18.697620014677316,-10.724642051657952,44.53377808674436,0.07486073761988814,-0.7048670235255968,-2.888648409122498,35.52439947337226,17.22908814772142,-27.315986957186816,0.4784167769064964,-0.0974445634990821,0.10266565494060981,False,,,,,,,,,,,,,,False,,,,,,,,,,,,,,False,,,,,,,,,,,,,,True,0.05172661971046051,11.246894686275146,9.399771958748131,76.20902993819931,0.19255298188840336,0.016966738727469545,-3.0372097310131436,0.0,0.0,0.0,0.0,0.0,0.0,True,2,0.53857121963808,-19.341558994030336,-8.445384215479965,48.99819846121933,2.685217831884218,0.22692843927966141,0.100895568849001,35.373727403049145,14.875623737434562,-22.84617419045107,-0.14824604696967814,2.988689867756673,0.6815490487091891,True,-14.910154985909045,-35.91919117145766,71.15951395905533,30.864939031774064,42.54365306508803,-0.9436105213435099
2026-07-27T21:53:16.602+00:00,190.600000,102992.300000,1.220387,4095,2,02,80,FFFFFFFF,32,2.99929873,3.11157260,2.20506683,1.38474488,1.10738425,0.48096679,2.20479084,1.19707691,1.05551448,1.49850866,2.20477402,0.89418486,1.01357842,0.96238591,2.20448808,0.64052144,1.99905187,0.98465051,2.20470936,1.01333826,0.76969263,0.81389981,2.20681400,1.18210588,1.82301445,1.38862247,2.20726074,1.16049758,1.08246914,0.80927912,2.20768968,0.71428480,SD 02 80 FFFFFFFF 9364EB 95AF81 7FDB63 629D5D 5574BC 2DC180 7FD956 59F215 52BF3F 677156 7FD936 49BE29 507E41 4DA93A 7FD716 398627 7995BE 4EE769 7FD8BB 507AE8 4220C9 44E763 7FE85D 593677 73B7C4 62C8C7 7FEBAE 5824BB 542A5A 449E16 7FEEDD 3E87CD 7CF7B7 000FFF 02 0FB723,2026-07-27T21:53:16.423+00:00,serial_request_midpoint,357.9831,True,matched,51.46385,51.46385,2026-07-27T21:53:16.474+00:00,118.932313,1785189196421.598,3571,False,,,,,,,,,,,,,,False,,,,,,,,,,,,,,True,0.5545931853490433,-18.65739512131368,-11.115926425199497,44.52628665553935,0.07484955175505116,-0.7078092252318309,-2.8871270446057715,35.628399021160405,17.584481847127165,-27.21801419126358,0.4802097696650681,-0.10076642136142547,0.10336348168554213,False,,,,,,,,,,,,,,False,,,,,,,,,,,,,,False,,,,,,,,,,,,,,True,0.06254527158492197,11.249373152709746,9.400818018740784,76.2132796334902,0.19716977635339147,0.01695209018911744,-3.035917230954875,0.0,0.0,0.0,0.0,0.0,0.0,True,2,0.5545931853490342,-19.303081600615453,-8.827475869828666,48.985749179698175,2.682995655278643,0.22791404545901772,0.10083401882141385,35.46307382094544,15.22229633208731,-22.753322695872566,-0.14910034101296715,2.984817830356984,0.6835307531633507,True,-14.851342118912147,-36.249842697899204,71.20662062673935,30.88246342045081,42.847536854003316,-0.8116862665330473
2026-07-27T21:53:17.160+00:00,191.200000,102992.900000,1.218556,4095,2,02,80,FFFFFFFF,32,3.02639078,3.13599064,2.20507314,1.39449137,1.10845489,0.48100585,2.20760546,1.19815612,1.05784888,1.49861846,2.20757441,0.89523697,1.01462554,0.96330389,2.20738862,0.64085546,2.00262606,0.98601278,2.20715865,1.01495846,0.77022840,0.81439115,2.20772073,1.18296572,1.82411364,1.39297264,2.20530710,1.16312080,1.08552167,0.80955919,2.20501952,0.71477267,SD 02 80 FFFFFFFF 93F4C4 962BD1 7FDB6F 630A4F 5582D2 2DC248 7FEE3D 59FF8B 52DEEE 67727E 7FEE02 49CDF8 508CD8 4DB66F 7FECA1 398C1B 79B2F0 4EFABC 7FEAEC 50917B 422986 44EF2B 7FEF18 594149 73C18D 62F95F 7FDD2C 584626 545319 44A289 7FDB09 3E9010 7CC7B7 000FFF 02 0FB729,2026-07-27T21:53:16.981+00:00,serial_request_midpoint,357.3787,True,matched,81.30405,81.30405,2026-07-27T21:53:17.062+00:00,119.519998,1785189196988.294,3588,False,,,,,,,,,,,,,,False,,,,,,,,,,,,,,True,0.6271637224380798,-18.567707640658945,-11.451012757378857,44.505329745457814,0.08015573033571759,-0.7086742758166583,-2.886371534385866,35.574349940435795,17.879247120407918,-27.204516933757088,0.47910557600092646,-0.09773070567598413,0.10437004142819749,False,,,,,,,,,,,,,,False,,,,,,,,,,,,,,False,,,,,,,,,,,,,,True,0.09301287667061206,11.240658465559065,9.393424063250778,76.16379396254717,0.1984345339203842,0.014181581054856014,-3.0362622158386574,0.0,0.0,0.0,0.0,0.0,0.0,True,2,0.6271637224380997,-19.231429414874746,-9.161619207225081,48.96165934258484,2.6821223659700286,0.22849787919746223,0.10572945187517183,35.424573543855345,15.522700143824547,-22.736298465791656,-0.1508220616779494,2.988037138312586,0.6824765037399524,True,-14.821950014105315,-36.56983096324617,71.20840594705368,30.857085290923017,43.16949869744671,-0.8190929977829796
2026-07-27T21:53:17.716+00:00,192.300000,102994.000000,1.220387,4095,2,02,80,FFFFFFFF,32,3.03851146,3.14736798,2.20440609,1.39945509,1.10947422,0.48103808,2.20738967,1.19915357,1.05878317,1.49877389,2.20526136,0.89578320,1.01512004,0.96369801,2.20744178,0.64100540,2.00579741,0.98695358,2.20753704,1.01587793,0.77057722,0.81463146,2.20781021,1.18313774,1.82513262,1.39564774,2.20722916,1.16541927,1.08760060,0.80972371,2.20756756,0.71508394,SD 02 80 FFFFFFFF 9434A4 96655A 7FD67A 634191 559039 2DC2ED 7FECA3 5A0BFA 52EB99 677421 7FDCD5 49D62C 5093BB 4DBC1A 7FED06 398EC7 79CCCD 4F0812 7FEDBB 509E48 422F36 44F2F9 7FEFC2 594373 73CA9E 631732 7FEB72 586363 546ECE 44A526 7FEDF5 3E9555 7CF7B7 000FFF 02 0FB734,2026-07-27T21:53:17.538+00:00,serial_request_midpoint,355.5529,True,matched,38.35905,38.35905,2026-07-27T21:53:17.576+00:00,120.034277,1785189197521.658,3604,False,,,,,,,,,,,,,,False,,,,,,,,,,,,,,True,0.573735708923431,-18.512510746795563,-11.828115501303081,44.45741511269297,0.08088829189347219,-0.7119546003616959,-2.886298931656251,35.51860164478933,18.188780698547113,-27.458133826179232,0.47952232503064873,-0.09463560611024727,0.10261217741971156,False,,,,,,,,,,,,,,False,,,,,,,,,,,,,,False,,,,,,,,,,,,,,True,0.12742608314412085,11.251624778495044,9.397203145018924,76.23687395188134,0.19431783279469933,0.01101373164731855,-3.0360355399338848,0.0,0.0,1.1368683772161604e-14,0.0,0.0,0.0,True,2,0.5737357089234223,-19.178512064042366,-9.529060920107195,48.90842772487509,2.6800176481271336,0.22740993835774623,0.106353434536339,35.38181790931315,15.831013035843483,-22.990142683158147,-0.14837293187279726,2.9910361334832416,0.6837833620523943,True,-14.804133485918452,-36.89365499795357,71.21571616928478,30.915126610916957,43.47542199587755,-1.0491619204992275
2026-07-27T21:53:18.272+00:00,193.500000,102995.200000,1.219777,4095,2,02,80,FFFFFFFF,32,3.04193796,3.15078544,2.20519722,1.40142633,1.11005859,0.48103065,2.20708761,1.19977558,1.05887712,1.49878428,2.20521825,0.89600305,1.01532540,0.96382542,2.20500164,0.64108300,2.00758181,0.98735029,2.20701131,1.01606009,0.77067809,0.81457594,2.20776284,1.18265774,1.82528677,1.39587181,2.20753756,1.16674727,1.08813094,0.80976380,2.20749178,0.71513794,SD 02 80 FFFFFFFF 9446A5 967696 7FDC5B 635778 5597E7 2DC2C7 7FEA65 5A13BA 52ECDF 67743D 7FDC83 49D979 509697 4DBDEF 7FDAE7 399029 79DB56 4F0DB1 7FE9D4 50A0D1 4230DB 44F218 7FEF68 593D69 73CBFD 6319B1 7FEDBC 587443 5475DE 44A5C9 7FED65 3E963F 7CE7B7 000FFF 02 0FB740,2026-07-27T21:53:18.094+00:00,serial_request_midpoint,355.9973,True,matched,75.12415,75.12415,2026-07-27T21:53:18.170+00:00,120.627163,1785189198088.337,3621,False,,,,,,,,,,,,,,False,,,,,,,,,,,,,,True,0.6053754352555389,-18.65111469997354,-12.117794348948735,44.51449161949203,0.07082650218715039,-0.7083254850130598,-2.88724867930097,35.63630974045509,18.63113579888452,-27.281712705437087,0.48042793957322893,-0.10113420274512469,0.10425888537925755,False,,,,,,,,,,,,,,False,,,,,,,,,,,,,,False,,,,,,,,,,,,,,True,0.0575658122342327,11.248658115631157,9.39983546043734,76.20601783988076,0.1941785764968283,0.01668247642055878,-3.037653181947725,0.0,0.0,1.1368683772161604e-14,0.0,0.0,0.0,True,2,0.6053754352555271,-19.28363180846474,-9.826441152554784,48.974350992143115,2.6828051243838447,0.22764746350632,0.09710295312285033,35.47036120684523,16.267917563640868,-22.817590883198456,-0.15043515773166824,2.984312964046077,0.6837577537376339,True,-14.796773409828063,-37.24035709733787,71.19858616492465,30.855824541525,43.88510598531526,-0.8729270721874286
2026-07-27T21:53:18.829+00:00,194.000000,102995.700000,1.221608,4095,2,02,80,FFFFFFFF,32,3.03288815,3.14335193,2.20737915,1.39944560,1.11016264,0.48104198,2.20795340,1.19998977,1.05809429,1.49877797,2.20791497,0.89586385,1.01505748,0.96355784,2.20776231,0.64102096,2.00722442,0.98718100,2.20783548,1.01557260,0.77051181,0.81429273,2.20797603,1.18170715,1.82483052,1.39402924,2.20767968,1.16690411,1.08722055,0.80973035,2.20806079,0.71493349,SD 02 80 FFFFFFFF 94170B 965112 7FEC8F 634176 559945 2DC301 7FF0D2 5A1665 52E242 67742C 7FF089 49D762 5092DC 4DBA16 7FEF67 398F0E 79D86D 4F0B4B 7FEFF2 509A08 422E25 44ED9C 7FF0FD 593172 73C7EE 630528 7FEECA 587641 5469BE 44A541 7FF19E 3E92C9 7D17B7 000FFF 02 0FB745,2026-07-27T21:53:18.650+00:00,serial_request_midpoint,356.9646,True,matched,25.4098,25.4098,2026-07-27T21:53:18.676+00:00,121.134108,1785189198621.687,3637,False,,,,,,,,,,,,,,False,,,,,,,,,,,,,,True,0.5431387702146484,-18.50796653747527,-12.470987446654046,44.542809473464715,0.07746320836763415,-0.7080102566047013,-2.8865939314101112,35.470461514428166,18.933424128918453,-27.387524571860176,0.4792309377186407,-0.09421624277716817,0.10343442633601403,False,,,,,,,,,,,,,,False,,,,,,,,,,,,,,False,,,,,,,,,,,,,,True,0.08376195135750818,11.247680797417631,9.402365246367195,76.2108151750315,0.1902986144683684,0.01440893400776465,-3.037139961968873,0.0,0.0,-1.1368683772161604e-14,0.0,0.0,0.0,True,2,0.5431387702146525,-19.162754136858428,-10.182717989222898,49.00103771785836,2.6826691397280498,0.2284976982209485,0.1032483363017726,35.33660818077925,16.577084868557034,-22.918691215784122,-0.1496469109308669,2.991470025010464,0.683411569329448,True,-14.724882414540389,-37.599752298637256,71.23126126565009,30.850110261977683,44.22518242446762,-0.9864010322308104
2026-07-27T21:53:19.386+00:00,195.200000,102996.900000,1.217946,4095,2,02,80,FFFFFFFF,32,3.01935850,3.13078123,2.20761599,1.39506894,1.10975895,0.48104706,2.20771020,1.19995151,1.05677811,1.49877093,2.20766599,0.89549082,1.01464377,0.96310238,2.20764336,0.64089228,2.00574133,0.98655200,2.20725127,1.01468892,0.77021618,0.81390598,2.20774494,1.18062903,1.82410705,1.39078540,2.20765704,1.16618827,1.08534183,0.80964919,2.20745651,0.71458558,SD 02 80 FFFFFFFF 93CF92 961164 7FEE51 6310BF 5593F7 2DC31B 7FEF04 5A15EB 52D067 677419 7FEEB0 49D1C8 508D19 4DB389 7FEE85 398CC3 79CC58 4F0261 7FEB9C 508DBA 422953 44E77C 7FEF46 5923DE 73C17E 62E0F4 7FEE9F 586D29 5450B3 44A3F7 7FED22 3E8CE5 7CB7B7 000FFF 02 0FB751,2026-07-27T21:53:19.208+00:00,serial_request_midpoint,355.5141,True,matched,68.51925,68.51925,2026-07-27T21:53:19.277+00:00,121.734576,1785189199221.716,3655,False,,,,,,,,,,,,,,False,,,,,,,,,,,,,,True,0.6696354195033821,-18.55609839946227,-13.001492788946674,44.476394766686454,0.057738811395847314,-0.7156255271078977,-2.889956409350018,35.62112110910978,19.343449233631787,-27.51570506855964,0.4802534967177512,-0.10846837845207548,0.09862908119619641,False,,,,,,,,,,,,,,False,,,,,,,,,,,,,,False,,,,,,,,,,,,,,True,0.10479821632456388,11.25240824430289,9.402383441551084,76.25164589490036,0.19154498627565855,0.009618048977859499,-3.0365313086916714,0.0,0.0,0.0,0.0,0.0,0.0,True,2,0.6696354195033571,-19.14252637931723,-10.684408114455932,48.929252697748666,2.6791763143163916,0.22164984740299765,0.08492787073211654,35.4128103285935,16.979356122614725,-23.053822808828592,-0.14141112550302223,2.9777516316139288,0.6821389131838834,True,-14.662430463776275,-38.01561795127935,71.25647877210076,30.86979634418908,44.6183254480188,-1.1216611894389756
2026-07-27T21:53:19.942+00:00,195.800000,102997.500000,1.219166,4095,2,02,80,FFFFFFFF,32,3.00314400,3.11578971,2.20743072,1.38920305,1.10914616,0.48102382,2.20793234,1.19950624,1.05514150,1.49871342,2.20738336,0.89491011,1.01395794,0.96251756,2.20786601,0.64069962,2.00337189,0.98571252,2.20768704,1.01344782,0.76979920,0.81344019,2.20792023,1.17939667,1.82330838,1.38675416,2.20497273,1.16474522,1.08279809,0.80952550,2.20488546,0.71413766,SD 02 80 FFFFFFFF 93796D 95C50E 7FECF1 62CF45 558BE9 2DC2A4 7FF0AA 5A105F 52BA2E 67737E 7FEC97 49C90F 50838B 4DAB1F 7FF02C 398954 79B906 4EF67A 7FEED8 507C6F 422286 44E01B 7FF093 591456 73BA62 62B3DF 7FDAB0 585AD1 542EBF 44A200 7FDA0A 3E854F 7CD7B7 000FFF 02 0FB757,2026-07-27T21:53:19.764+00:00,serial_request_midpoint,355.9728,True,matched,24.7049,24.7049,2026-07-27T21:53:19.789+00:00,122.246686,1785189199721.742,3670,False,,,,,,,,,,,,,,False,,,,,,,,,,,,,,True,0.732895686972733,-18.44453796056162,-13.603917382787447,44.40379893086038,0.041424632413554936,-0.7252679317927866,-2.898380167337373,35.70684603625905,20.20091883780031,-27.094286016123583,0.49211070497279247,-0.12643265372697637,0.09170723663902296,False,,,,,,,,,,,,,,False,,,,,,,,,,,,,,False,,,,,,,,,,,,,,True,0.07686647097239395,11.243166360176147,9.399738514503593,76.13120566377015,0.20155577385289059,0.020624650874405535,-3.037203071802463,0.0,0.0,-1.1368683772161604e-14,0.0,0.0,0.0,True,2,0.732895686972717,-18.966969494887064,-11.255031137550116,48.84795482484967,2.6754509716873676,0.207155430434052,0.06988906161355117,35.40707779926019,17.780891390675883,-22.66773780442934,-0.12998013562983582,2.9569131644266466,0.696232132637759,True,-14.655876632369825,-38.51659586034011,71.2932857853865,30.807893322578757,45.17542301724294,-0.44256167818415404
2026-07-27T21:53:20.500+00:00,196.900000,102998.600000,1.218556,4095,2,02,80,FFFFFFFF,32,2.98560019,3.10013216,2.20688608,1.38257667,1.10829333,0.48098847,2.20782127,1.19891473,1.05332385,1.49860362,2.20543908,0.89421916,1.01316481,0.96185020,2.20743388,0.64049646,2.00056756,0.98467831,2.20788128,1.01205900,0.76931122,0.81291835,2.20749599,1.17820236,1.82228418,1.38249278,2.20721390,1.16292441,1.08005361,0.80934698,2.20743809,0.71366498,SD 02 80 FFFFFFFF 931B9D 9574DE 7FE8E6 62850C 5580B2 2DC1EF 7FEFD7 5A0900 52A179 677256 7FDE27 49BEAD 50787D 4DA184 7FECF7 3985B5 79A221 4EE7CE 7FF049 506911 421A90 44D7D6 7FED6D 590546 73B143 62841B 7FEB55 5843A6 540A0E 449F2A 7FECFF 3E7D4D 7CC7B7 000FFF 02 0FB762,2026-07-27T21:53:20.321+00:00,serial_request_midpoint,357.3574,True,matched,53.9313,53.9313,2026-07-27T21:53:20.375+00:00,122.832754,1785189200321.774,3688,False,,,,,,,,,,,,,,False,,,,,,,,,,,,,,True,0.6730703768026504,-18.502895790386344,-14.019079428984691,44.533020281937944,0.03302272282834319,-0.7156087960800122,-2.900880836446757,35.60924400797766,20.575078535627693,-27.362536442310613,0.4845185450480786,-0.12426749204977844,0.08901680189199443,False,,,,,,,,,,,,,,False,,,,,,,,,,,,,,False,,,,,,,,,,,,,,True,0.07649539746759146,11.25409074080828,9.406042436795909,76.24809452557399,0.1898316142750398,0.01847850525732291,-3.037684128266506,0.0,0.0,0.0,0.0,0.0,0.0,True,2,0.6730703768026692,-18.995622653226302,-11.697132015817004,48.994690755959866,2.682262709583682,0.2072847330221099,0.06225422520222238,35.3142016065631,18.189242583246298,-22.917150096971092,-0.12595874948085334,2.9617825578581813,0.685491484606761,True,-14.589722089328356,-39.10348901286874,71.24443122867876,30.84063775479902,45.762219263858384,-0.8878628146562277
2026-07-27T21:53:21.056+00:00,197.500000,102999.200000,1.219166,4095,2,02,80,FFFFFFFF,32,2.97095108,3.08728428,2.20712971,1.37665037,1.10740384,0.48101894,2.20771389,1.19821313,1.05168840,1.49856171,2.20771652,0.89350047,1.01247905,0.96128618,2.20538492,0.64026856,1.99813372,0.98368301,2.20482448,1.01082860,0.76885716,0.81246223,2.20735652,1.17732699,1.82147527,1.37891390,2.20766231,1.16113377,1.07761538,0.80918643,2.20808500,0.71325929,SD 02 80 FFFFFFFF 92CCCB 9532B7 7FEAB5 62426F 5574FE 2DC28B 7FEF0B 5A0041 528B38 6771E5 7FEF10 49B3DF 506EED 4D9965 7FDDC0 3981A5 798E3C 4ED9AD 7FD996 5057E5 421327 44D09B 7FEC64 58FA3A 73AA0E 625BE7 7FEEA9 582CD7 53E968 449C9D 7FF1CC 3E766D 7CD7B7 000FFF 02 0FB768,2026-07-27T21:53:20.878+00:00,serial_request_midpoint,356.9151,True,matched,89.53705,89.53705,2026-07-27T21:53:20.968+00:00,123.425737,1785189200888.483,3705,False,,,,,,,,,,,,,,False,,,,,,,,,,,,,,True,0.6779057883919006,-18.30223767909432,-14.326095856209406,44.62668169857844,0.03559153654103095,-0.7103823525555358,-2.904921901394616,35.57850454542536,20.784469922117047,-27.186727233724213,0.4771272460021104,-0.12710262453912294,0.08658024813419896,False,,,,,,,,,,,,,,False,,,,,,,,,,,,,,False,,,,,,,,,,,,,,True,0.13453867917307627,11.25702087154435,9.41223869605197,76.24446182202436,0.1973185483457622,0.013541126069941097,-3.0366998769508045,0.0,-1.4210854715202005e-15,0.0,0.0,0.0,0.0,True,2,0.6779057883918885,-18.79857892901189,-12.021687913979731,49.097036535740706,2.6864489924438057,0.20373048710791702,0.06470840737647772,35.26451177275272,18.43123052305095,-22.725292953124153,-0.12201374819477724,2.9616849144656965,0.6740089217714154,True,-14.498405915456825,-39.530563411937884,71.24069467127646,30.835507869725042,46.1750430008592,-0.9024583903244434
2026-07-27T21:53:21.615+00:00,198.700000,103000.400000,1.219166,4095,2,02,80,FFFFFFFF,32,2.96004466,3.07738766,2.20734336,1.37192733,1.10667057,0.48100644,2.20757335,1.19752342,1.05036333,1.49846044,2.20775442,0.89292207,1.01186077,0.96076087,2.20771863,0.64010906,1.99574610,0.98283019,2.20527818,1.00985580,0.76848027,0.81213285,2.20750546,1.17651609,1.82073460,1.37564900,2.20757441,1.15948741,1.07540229,0.80906106,2.20779548,0.71287629,SD 02 80 FFFFFFFF 9291D2 94FF8A 7FEC4B 620D30 556B57 2DC24B 7FEE00 59F7A7 52792C 6770D4 7FEF58 49AB2C 50664D 4D91D4 7FEF14 397ECD 797AB2 4ECD90 7FDCF5 504A4F 420D00 44CB62 7FED7F 58EFFD 73A374 623728 7FEE02 5817D9 53CBBB 449A9F 7FEFA6 3E6FEF 7CD7B7 000FFF 02 0FB774,2026-07-27T21:53:21.437+00:00,serial_request_midpoint,357.2617,True,matched,33.98385,33.98385,2026-07-27T21:53:21.470+00:00,123.928354,1785189201388.527,3720,False,,,,,,,,,,,,,,False,,,,,,,,,,,,,,True,0.7106093998044426,-18.222052400945962,-14.588614781227772,44.726638699652206,0.035924847966313185,-0.707566695958143,-2.906854698293271,35.465511028191635,21.20004331098956,-27.021766636976956,0.4798970469191575,-0.12582815502095787,0.08515187849680482,False,,,,,,,,,,,,,,False,,,,,,,,,,,,,,False,,,,,,,,,,,,,,True,0.10415529999013617,11.252759765792181,9.412529275696775,76.23220507697857,0.19529982374468832,0.020673201868213184,-3.036997130467645,0.0,0.0,0.0,0.0,0.0,0.0,True,2,0.7106093998044265,-18.7172530999349,-12.293272475019368,49.20178147526753,2.688661896044641,0.20213354807503323,0.06505970060316522,35.156792497115475,18.83472200125294,-22.56635746751033,-0.11998065975030715,2.962098397547152,0.6784126233981234,True,-14.455885388812092,-39.85466171578979,71.28756611338922,30.78839389340079,46.521822132703896,-0.6594431553069967
2026-07-27T21:53:22.172+00:00,199.200000,103000.900000,1.216725,4095,2,02,80,FFFFFFFF,32,2.95108498,3.06911419,2.20731389,1.36765715,1.10595987,0.48099042,2.20773231,1.19691662,1.04912643,1.49841779,2.20787233,0.89236387,1.01130878,0.96029456,2.20511572,0.63991497,1.99347795,0.98205092,2.20448072,1.00890036,0.76809845,0.81177252,2.20441239,1.17581503,1.82000122,1.37286706,2.20460424,1.15782216,1.07338174,0.80893864,2.20728916,0.71249846,SD 02 80 FFFFFFFF 926130 94D49C 7FEC13 61DCED 5561FB 2DC1F9 7FEF2E 59F015 526850 677061 7FF038 49A2C6 505E99 4D8B1C 7FDBC0 397B57 79681D 4EC27D 7FD708 503CF5 4206C4 44C5AB 7FD686 58E722 739CEA 6217CB 7FD7F3 580298 53B09A 4498AD 7FEBE4 3E6987 7C97B7 000FFF 02 0FB779,2026-07-27T21:53:21.994+00:00,serial_request_midpoint,357.1077,True,matched,63.47845,63.47845,2026-07-27T21:53:22.057+00:00,124.515217,1785189201988.518,3738,False,,,,,,,,,,,,,,False,,,,,,,,,,,,,,True,0.6347994474169573,-18.056513363668774,-14.63426948147496,44.698378281479826,0.04560483945386613,-0.7102719986765776,-2.908520217345951,35.2941688237013,21.050840936648687,-27.262957464364654,0.47487931497928415,-0.11799521757329443,0.08251261016816917,False,,,,,,,,,,,,,,False,,,,,,,,,,,,,,False,,,,,,,,,,,,,,True,0.06444122297863317,11.259138476325662,9.409538397447191,76.23522921300881,0.19397896482339536,0.009916917273943757,-3.0370775807340396,0.0,0.0,0.0,0.0,0.0,0.0,True,2,0.6347994474169425,-18.580781407959776,-12.334163686554554,49.16776071207594,2.6871605237534526,0.1989189777005782,0.07397460154512783,35.01865626484208,18.709282663567325,-22.79284329975012,-0.11639106921744917,2.9715277522866934,0.6726057485040982,True,-14.49391341662727,-39.877293330180095,71.30923388320903,30.854019142306516,46.51570769937141,-0.9976640369416827
2026-07-27T21:53:22.730+00:00,200.300000,103002.000000,1.217946,4095,2,02,80,FFFFFFFF,32,2.94385288,3.06246005,2.20737073,1.36385214,1.10527141,0.48098632,2.20546327,1.19635041,1.04807568,1.49832321,2.20694817,0.89184998,1.01080258,0.95987119,2.20769704,0.63975967,1.99149978,0.98131598,2.20770126,1.00808569,0.76776528,0.81151346,2.20781758,1.17528023,1.81940690,1.37056792,2.20523192,1.15630433,1.07163638,0.80879952,2.20499165,0.71220294,SD 02 80 FFFFFFFF 9239CF 94B1FC 7FEC7F 61B1D3 5558E9 2DC1E4 7FDE55 59E904 5259FB 676F62 7FE95C 499B0A 505788 4D8502 7FEEEB 397892 7957E4 4EB80A 7FEEF3 503191 420153 44C18F 7FEFD0 58E060 73979D 61FDD6 7FDC9D 57EF34 539924 449677 7FDAD4 3E6484 7CB7B7 000FFF 02 0FB784,2026-07-27T21:53:22.551+00:00,serial_request_midpoint,357.3746,True,matched,93.4304,93.4304,2026-07-27T21:53:22.644+00:00,125.102596,1785189202588.502,3756,False,,,,,,,,,,,,,,False,,,,,,,,,,,,,,True,0.6656310490462997,-17.578940777690235,-14.5422720353599,44.835583887263155,0.06365665777997837,-0.7055474527539509,-2.8960317735447094,34.775236563568406,21.14429111862314,-27.0602313742668,0.4779186300402843,-0.10565472873380477,0.09559768796721971,False,,,,,,,,,,,,,,False,,,,,,,,,,,,,,False,,,,,,,,,,,,,,True,0.0635258637382576,11.25426709578697,9.407883939019861,76.19942293030468,0.19344183339125773,0.016992236923404014,-3.037170357056171,0.0,0.0,-1.1368683772161604e-14,0.0,0.0,0.0,True,2,0.6656310490462962,-18.177381963688394,-12.258820147899204,49.30418976906957,2.686837409382218,0.21704054819298205,0.09056258551912202,34.576133505857044,18.79117300119277,-22.59213155441132,-0.13697597111173437,2.9814958492706554,0.6793079426763418,True,-13.857148656219271,-39.77653043352585,71.43296107561754,30.172329480608482,46.492314526498184,-0.7100707960102909
2026-07-27T21:53:23.286+00:00,201.500000,103003.200000,1.217946,4095,2,02,80,FFFFFFFF,32,2.93963033,3.05780150,2.20684451,1.36118512,1.10473584,0.48093281,2.20808711,1.19586010,1.04734322,1.49824718,2.20528292,0.89146624,1.01043135,0.95957448,2.20709077,0.63963811,1.99011336,0.98071949,2.20724811,1.00740963,0.76752304,0.81126947,2.20788391,1.17490628,1.81905443,1.36889344,2.20772336,1.15507768,1.07022424,0.80868376,2.20791339,0.71195446,SD 02 80 FFFFFFFF 9222C4 9499B1 7FE897 61938F 5551DA 2DC0D2 7FF1D0 59E2E5 524FFC 676E95 7FDCFE 499543 505259 4D80BB 7FEA6B 397667 794C83 4EAF8E 7FEB96 50281C 41FD5E 44BDB0 7FF04E 58DBA6 739478 61EAE9 7FEF1D 57DF85 538624 4494A0 7FF086 3E604D 7CB7B7 000FFF 02 0FB790,2026-07-27T21:53:23.108+00:00,serial_request_midpoint,355.6855,True,matched,39.77615,39.77615,2026-07-27T21:53:23.147+00:00,125.605671,1785189203088.503,3771,False,,,,,,,,,,,,,,False,,,,,,,,,,,,,,True,0.6550028003059546,-17.322307891449512,-14.475180005084264,44.879219880668366,0.051416875577861336,-0.7035409470614825,-2.888661323412443,34.55300069726915,21.181647978929853,-26.928440799287245,0.4793543231518233,-0.11561752508176795,0.1039856861631224,False,,,,,,,,,,,,,,False,,,,,,,,,,,,,,False,,,,,,,,,,,,,,True,0.0926731877197365,11.256765224086177,9.407995450752882,76.19285113244219,0.1958775462868048,0.021125257747444743,-3.0370771498191593,0.0,0.0,0.0,0.0,0.0,0.0,True,2,0.6550028003059539,-17.890417073102334,-12.19203370668918,49.35193917252269,2.686617278447458,0.2277343418970972,0.07919603595625531,34.31631325191418,18.82004634185548,-22.466654196718913,-0.1490090014064934,2.9707005923966427,0.6791997441984279,True,-13.198065893518052,-39.668942211138855,71.455618824963,29.499796310426,46.45897606888698,-0.5928789663495422
2026-07-27T21:53:23.841+00:00,202.100000,103003.800000,1.217946,4095,2,02,80,FFFFFFFF,32,2.93674175,3.05491716,2.20511520,1.35919056,1.10427422,0.48095214,2.20703920,1.19542904,1.04679617,1.49817820,2.20485182,0.89114769,1.01012509,0.95931764,2.20495275,0.63955248,1.98878682,0.98023713,2.20483920,1.00693759,0.76731838,0.81112152,2.20716128,1.17466650,1.81878519,1.36752667,2.20759125,1.15396850,1.06910533,0.80860167,2.20804763,0.71175092,SD 02 80 FFFFFFFF 9212FB 948AA1 7FDBBF 617CE5 554BC4 2DC135 7FEA09 59DD83 524884 676DDB 7FD9CA 499077 504E12 4D7D07 7FDA8A 3974E0 79419E 4EA8B1 7FD9B2 502181 41FA06 44BB57 7FEAF1 58D89E 739211 61DB73 7FEE22 57D154 537713 449352 7FF185 3E5CD9 7CB7B7 000FFF 02 0FB796,2026-07-27T21:53:23.664+00:00,serial_request_midpoint,355.1526,True,matched,69.5154,69.5154,2026-07-27T21:53:23.733+00:00,126.191259,1785189203655.163,3788,False,,,,,,,,,,,,,,False,,,,,,,,,,,,,,True,0.7489037576999334,-16.92596831575771,-14.457032218551038,44.982740410503894,0.05419863977937833,-0.7018444562204441,-2.8830000294601628,34.12931067010628,21.075466665743157,-27.035161895810212,0.4738061123089225,-0.1125902126918112,0.11009233807494385,False,,,,,,,,,,,,,,False,,,,,,,,,,,,,,False,,,,,,,,,,,,,,True,0.0951721180756391,11.259168897208168,9.411407406236673,76.22022992058295,0.19511289125568376,0.013500436649280231,-3.0376295293519764,0.0,1.4210854715202005e-15,0.0,0.0,0.0,0.0,True,2,0.7489037576999069,-17.51019691617894,-12.178622869448898,49.45579869977511,2.6862513879667826,0.2358561352276767,0.08173884938682519,33.912705264456484,18.739278418830914,-22.55899956049701,-0.15836629844298286,2.974941981104947,0.6713888254157073,True,-12.659539360580615,-39.6321360096711,71.55437449709996,28.95107369048019,46.47864687257503,-0.8453871331809182
2026-07-27T21:53:24.398+00:00,203.200000,103004.900000,1.217946,4095,2,02,80,FFFFFFFF,32,2.93493633,3.05310485,2.20759651,1.35771343,1.10391460,0.48093574,2.20562312,1.19511192,1.04643948,1.49818821,2.20490964,0.89091115,1.00992235,0.95913506,2.20484709,0.63946860,1.98772866,0.97984630,2.20706866,1.00658065,0.76716251,0.81101444,2.20778442,1.17450708,1.81840000,1.36656455,2.20757967,1.15304368,1.06821643,0.80851886,2.20778811,0.71158677,SD 02 80 FFFFFFFF 92091B 948128 7FEE2C 616C18 554706 2DC0E1 7FDF85 59D98D 5243A5 676DF6 7FDA38 498CE7 504B3D 4D7A65 7FD9C1 397361 7938EC 4EA321 7FEA41 501C82 41F77A 44B9A4 7FEF91 58D69A 738EA1 61D08F 7FEE0C 57C57D 536B19 449201 7FEF98 3E5A10 7CB7B8 000FFF 02 0FB7A1,2026-07-27T21:53:24.220+00:00,serial_request_midpoint,356.1193,True,matched,21.38295,21.38295,2026-07-27T21:53:24.241+00:00,126.699167,1785189204188.476,3804,False,,,,,,,,,,,,,,False,,,,,,,,,,,,,,True,0.7140749978926838,-16.63847377403189,-14.448554062940783,45.05808541138405,0.04560525092985501,-0.7003083367291878,-2.8775018981799545,33.8005356997419,20.940855159329043,-27.235686193279133,0.4682980902217762,-0.11569459006690039,0.11460377319468772,False,,,,,,,,,,,,,,False,,,,,,,,,,,,,,False,,,,,,,,,,,,,,True,0.09792522394532921,11.268129406278979,9.420536147206063,76.27132398556654,0.19141722925196675,0.0059978065482991305,-3.0371871383145033,2.842170943040401e-15,1.4210854715202005e-15,-1.1368683772161604e-14,0.0,0.0,0.0,True,2,0.714074997892666,-17.201608901509925,-12.170507951028465,49.53403307681099,2.686042617397497,0.2438097237455125,0.07371275914715525,33.57230920417374,18.62858803043836,-22.747695979964067,-0.16487984713036197,2.9733376216250393,0.6624412405539171,True,-12.079372208145665,-39.59197006583486,71.61111217427177,28.42700221836846,46.47035641018528,-1.2085905147295193
2026-07-27T21:53:24.956+00:00,203.800000,103005.500000,1.216115,4095,2,02,80,FFFFFFFF,32,2.93362948,3.05157078,2.20488336,1.35651402,1.10361814,0.48093281,2.20745441,1.19471888,1.04611862,1.49811033,2.20750283,0.89071433,1.00971684,0.95902021,2.20539701,0.63939809,1.98694466,0.97953046,2.20460949,1.00623020,0.76702601,0.81091574,2.20733494,1.17437084,1.81831859,1.36558087,2.20486811,1.15224589,1.06740130,0.80845939,2.20499638,0.71142863,SD 02 80 FFFFFFFF 9201F4 947922 7FDA06 615E71 55431D 2DC0D2 7FED1E 59D4A4 523F43 676D24 7FED7A 4989F0 50485E 4D78BD 7FDDD7 39721F 79327A 4E9EA2 7FD7FD 50179A 41F53F 44B813 7FEC3B 58D4E1 738DE7 61C56B 7FD9E9 57BB45 53601C 44910F 7FDADD 3E5761 7C87B8 000FFF 02 0FB7A7,2026-07-27T21:53:24.777+00:00,serial_request_midpoint,357.4671,True,matched,56.28625,56.28625,2026-07-27T21:53:24.833+00:00,127.291032,1785189204755.127,3821,False,,,,,,,,,,,,,,False,,,,,,,,,,,,,,True,0.6781188742668067,-16.393760944268813,-14.38967991430801,45.03831450551097,0.054570273316295735,-0.7008811316502267,-2.8715596127716334,33.627709239233276,20.93052955590672,-27.172884209111736,0.4708675050244428,-0.11200281482202433,0.12013279965542538,False,,,,,,,,,,,,,,False,,,,,,,,,,,,,,False,,,,,,,,,,,,,,True,0.0876223225070923,11.268285933229214,9.41992169934285,76.2663398346481,0.19465033916563207,0.00855196389120215,-3.036315491203736,2.842170943040401e-15,0.0,0.0,0.0,0.0,0.0,True,2,0.6781188742668063,-16.993464906007745,-12.111759797017543,49.5095736023097,2.6840068360456524,0.2514413265752639,0.08198804042654384,33.424863542717205,18.60767972806471,-22.689141897840194,-0.17353643211273653,2.9755448129855457,0.6668594365506918,True,-11.789767407397417,-39.4793468865575,71.63440182698866,28.155303195965267,46.37217574930734,-1.0804443625769864
2026-07-27T21:53:25.512+00:00,205.000000,103006.700000,1.219777,4095,2,02,80,FFFFFFFF,32,2.93233256,3.05050552,2.20722337,1.35544295,1.10328828,0.48092636,2.20820662,1.19446847,1.04581497,1.49807807,2.20727442,0.89052375,1.00955468,0.95884064,2.20770915,0.63934050,1.98620701,0.97924459,2.20736231,1.00592056,0.76689647,0.81081311,2.20730547,1.17418025,1.81813084,1.36478488,2.20778442,1.15142959,1.06669314,0.80839648,2.20799024,0.71126842,SD 02 80 FFFFFFFF 91FADA 94738F 7FEB67 61523E 553EC3 2DC0B1 7FF2B3 59D183 523B1D 676CCD 7FEBC8 498711 50461A 4D7626 7FEF02 397118 792C69 4E9A90 7FEC6F 501344 41F321 44B672 7FEC03 58D278 738C3A 61BC66 7FEF91 57B0CF 53568F 44900F 7FF118 3E54A9 7CE7B7 000FFF 02 0FB7B3,2026-07-27T21:53:25.334+00:00,serial_request_midpoint,355.8461,True,matched,89.72535,89.72535,2026-07-27T21:53:25.423+00:00,127.881678,1785189205355.118,3839,False,,,,,,,,,,,,,,False,,,,,,,,,,,,,,True,0.6893022877311247,-16.20951776150148,-14.335415012323654,45.15242965493892,0.05975265156718825,-0.6963173957563736,-2.874060395641047,33.39679883772615,21.09025566324972,-26.893290261859732,0.47317069522257227,-0.10911858338598174,0.12003893511807587,False,,,,,,,,,,,,,,False,,,,,,,,,,,,,,False,,,,,,,,,,,,,,True,0.10361466014668679,11.260557130036153,9.411926527210081,76.21451060447403,0.19557133307628186,0.016935669202931852,-3.037612415258897,0.0,0.0,-1.1368683772161604e-14,0.0,0.0,0.0,True,2,0.6893022877311136,-16.822999430928895,-12.073765106545212,49.63007442597025,2.6874007927060064,0.24967191839233854,0.0868875115825581,33.208658157206486,18.75784141450401,-22.413874049097522,-0.17364396733469128,2.977583491772312,0.6708758966803233,True,-11.710374569783472,-39.52652184882892,71.67045847458299,27.982197570927468,46.47305950884863,-0.7315745756760293
2026-07-27T21:53:26.070+00:00,205.500000,103007.200000,1.218556,4095,2,02,80,FFFFFFFF,32,2.93140986,3.04927284,2.20753072,1.35448937,1.10308429,0.48093925,2.20764020,1.19415903,1.04557083,1.49808994,2.20718654,0.89034201,1.00941686,0.95868736,2.20766652,0.63930153,1.98565715,0.97898346,2.20768178,1.00561990,0.76680564,0.81073755,2.20785917,1.17409716,1.81789979,1.36413773,2.20728021,1.15073979,1.06609905,0.80833260,2.20565047,0.71115565,SD 02 80 FFFFFFFF 91F5CC 946D1B 7FEDAF 614760 553C12 2DC0F3 7FEE7F 59CDA5 5237C7 676CED 7FEB21 498454 50442D 4D73F0 7FEEB1 397066 7927E3 4E96D8 7FEECE 500F0E 41F1A5 44B53F 7FF01F 58D16B 738A2A 61B510 7FEBD3 57A7F7 534E8B 448F0B 7FDFB9 3E52BF 7CC7B7 000FFF 02 0FB7B8,2026-07-27T21:53:25.891+00:00,serial_request_midpoint,357.1818,True,matched,38.0201,38.0201,2026-07-27T21:53:25.929+00:00,128.387033,1785189205855.104,3854,False,,,,,,,,,,,,,,False,,,,,,,,,,,,,,True,0.6667444269470587,-13.109804994404808,-14.386291790730084,45.229574757244286,0.2538833626302865,-0.7143247541842533,-2.8568838589985006,30.336817684459373,21.10178769337468,-27.545599311479627,0.48197510254636405,0.024998280687772233,0.12106360819644948,False,,,,,,,,,,,,,,False,,,,,,,,,,,,,,False,,,,,,,,,,,,,,True,0.04820361750739434,11.26945050028115,9.426259713581508,76.2615306234849,0.19272126319801258,0.0008865095228167892,-3.0360542771435544,0.0,-1.4210854715202005e-15,0.0,0.0,0.0,0.0,True,2,0.6667444269470807,-14.362463547493423,-12.144815174567624,49.58243039089231,2.662718734025585,0.25466014125936615,0.26689178247920625,30.802125611125774,18.772088444510917,-23.085026144045248,0.1803829414343918,-3.00970613931227,-0.6909354452819424,True,-11.1886839276346,-39.40336731940489,72.22022561533731,27.51274867123785,46.33975597724758,-0.8414872870202885
2026-07-27T21:53:26.627+00:00,206.700000,103008.400000,1.215504,4095,2,02,80,FFFFFFFF,32,2.93060507,3.04827712,2.20666615,1.35370585,1.10285488,0.48092109,2.20551269,1.19394714,1.04536274,1.49804432,2.20462999,0.89017740,1.00925837,0.95858961,2.20725969,0.63925336,1.98516202,0.97874129,2.20513097,1.00540824,0.76670647,0.81065757,2.20757967,1.17400327,1.81779434,1.36356487,2.20760125,1.15012914,1.06560760,0.80830410,2.20793129,0.71103690,SD 02 80 FFFFFFFF 91F163 9467E4 7FE744 613E71 55390B 2DC096 7FDEB3 59CAFF 5234EF 676C72 7FD824 4981D9 5041F6 4D7287 7FEBAC 396F8A 7923D0 4E9365 7FDBDD 500C17 41F006 44B3FA 7FEE0C 58D03B 738939 61AE91 7FEE35 57A022 5347E9 448E97 7FF0A8 3E50BB 7C77B7 000FFF 02 0FB7C4,2026-07-27T21:53:26.448+00:00,serial_request_midpoint,357.0135,True,matched,77.90025,77.90025,2026-07-27T21:53:26.527+00:00,128.984313,1785189206455.082,3872,False,,,,,,,,,,,,,,False,,,,,,,,,,,,,,True,0.6852074527550959,-14.524996708832214,-14.382044579053574,45.04665018123908,0.10830907873883326,-0.7114609039515934,-2.8840810095016565,31.826123628324275,21.219023345312984,-27.22195456373823,0.48149076104692373,-0.07858860332099386,0.10587887739671782,False,,,,,,,,,,,,,,False,,,,,,,,,,,,,,False,,,,,,,,,,,,,,True,0.07241505997512551,11.26511342174602,9.415867858680729,76.2350052238367,0.19852785918792318,0.013482329635700875,-3.036849348481832,-2.842170943040401e-15,0.0,0.0,0.0,0.0,0.0,True,2,0.6852074527550835,-15.282012041726869,-12.093648828587456,49.488597420217104,2.6789286322577537,0.22972631744854308,0.13172791248944857,31.771611731707196,18.856468943540836,-22.75473084529209,-0.1544945789766943,3.005584390914664,0.6899788963023851,True,-11.139056660655806,-39.46633854941747,71.83010795307432,27.435535565448014,46.44984397766335,-0.7234936481029081
2026-07-27T21:53:27.183+00:00,207.900000,103009.600000,1.217946,4095,2,02,80,FFFFFFFF,32,2.93012760,3.04778872,2.20553793,1.35306887,1.10264029,0.48091543,2.20753914,1.19378464,1.04519869,1.49798425,2.20525873,0.89004183,1.00914797,0.95853924,2.20457217,0.63921548,1.98470781,0.97855783,2.20484866,1.00524011,0.76661016,0.81059531,2.20492173,1.17396991,1.81771121,1.36310340,2.20470095,1.14958202,1.06515854,0.80823653,2.20493120,0.71096211,SD 02 80 FFFFFFFF 91EEC5 946555 7FDEE3 61372D 553636 2DC079 7FEDBF 59C8F7 5232B1 676BD0 7FDCD0 497FCE 50406B 4D71CD 7FD7B6 396EDD 792013 4E90C8 7FD9C4 5009BC 41EE73 44B2FD 7FDA4F 58CFCF 73887B 61A955 7FD8AB 57991D 5341D9 448D84 7FDA61 3E4F76 7CB7B7 000FFF 02 0FB7D0,2026-07-27T21:53:27.006+00:00,serial_request_midpoint,356.1807,True,matched,43.24355,43.24355,2026-07-27T21:53:27.049+00:00,129.506852,1785189206988.46,3888,False,,,,,,,,,,,,,,False,,,,,,,,,,,,,,True,0.7217420667657708,-14.586237584670238,-14.3108278034042,45.13861773850333,0.07886212472162872,-0.7072499904774883,-2.8782817826618263,31.787564249351895,20.996872607626358,-27.426381300840905,0.47307999238023474,-0.09426418160407024,0.11235315153062907,False,,,,,,,,,,,,,,False,,,,,,,,,,,,,,False,,,,,,,,,,,,,,True,0.05128318943362825,11.27657509387408,9.426261320410244,76.3025361658978,0.1930610542268065,0.004966327919893482,-3.037349378748423,0.0,0.0,-1.1368683772161604e-14,0.0,0.0,0.0,True,2,0.7217420667657695,-15.256135396817683,-12.023757526948287,49.59521616213661,2.681070084936956,0.23980540405727718,0.10452611802830726,31.66214410122265,18.668399543786485,-22.94272141018081,-0.16310946092905368,2.992696119806907,0.6739477262282173,True,-10.574304291370876,-39.38204620954228,71.84776236683123,26.89493415292531,46.41958350357976,-1.2006696930425165
2026-07-27T21:53:27.740+00:00,208.400000,103010.100000,1.219166,4095,2,02,80,FFFFFFFF,32,2.93009340,3.04751287,2.20668194,1.35262859,1.10251717,0.48090176,2.20765441,1.19355874,1.04510782,1.49796422,2.20719127,0.88998067,1.00911220,0.95845530,2.20774231,0.63922052,1.98429214,0.97838509,2.20750756,1.00511548,0.76654994,0.81056726,2.20750967,1.17396250,1.81758521,1.36270333,2.20758441,1.14911604,1.06475733,0.80821442,2.20795234,0.71087928,SD 02 80 FFFFFFFF 91EE95 9463E3 7FE762 613227 553496 2DC033 7FEE9A 59C624 523173 676B9A 7FEB2A 497EE2 503FEB 4D7097 7FEF41 396EF4 791CA7 4E8E52 7FED83 5007FD 41ED77 44B28B 7FED87 58CFB7 73875B 61A4CB 7FEE15 579322 533C6E 448D2A 7FF0D0 3E4E0E 7CD7B7 000FFF 02 0FB7D5,2026-07-27T21:53:27.562+00:00,serial_request_midpoint,354.7498,True,matched,82.9773,82.9773,2026-07-27T21:53:27.645+00:00,130.103135,1785189207588.5,3906,False,,,,,,,,,,,,,,False,,,,,,,,,,,,,,True,0.7260624762668515,-14.459213723924321,-14.219725683669026,45.24313758436115,0.07447780376322319,-0.704406982080448,-2.8755260047936164,31.6543549413854,21.0169138121394,-27.21070118107844,0.4752117961662353,-0.09807336676989593,0.11539642798669178,False,,,,,,,,,,,,,,False,,,,,,,,,,,,,,False,,,,,,,,,,,,,,True,0.09930299136701473,11.27005483152821,9.424242313377427,76.2769679741808,0.1937100207408644,0.01106146740230539,-3.036726501292244,0.0,-1.4210854715202005e-15,0.0,0.0,0.0,0.0,True,2,0.7260624762668406,-15.118512723901201,-11.93917039736502,49.704652467350805,2.6822956595340415,0.24458405406466358,0.10048792608914237,31.51486302878023,18.678077445470688,-22.732854701724385,-0.16747463402659976,2.9880226219937254,0.6762858533640588,True,-10.280049153223548,-39.30831169292465,71.91029791509824,26.594648135694275,46.36982236165297,-0.9491437314811378
2026-07-27T21:53:28.297+00:00,209.500000,103011.200000,1.219166,4095,2,02,80,FFFFFFFF,32,2.92957612,3.04682486,2.20736547,1.35220075,1.10235560,0.48088945,2.20802499,1.19340753,1.04498237,1.49797906,2.20783074,0.88984408,1.00900935,0.95841144,2.20798235,0.63915855,1.98396858,0.97820607,2.20533076,1.00494459,0.76648423,0.81051239,2.20503003,1.17388375,1.81738616,1.36234844,2.20479610,1.14862493,1.06437819,0.80817019,2.20697395,0.71079667,SD 02 80 FFFFFFFF 91EBBF 946048 7FEC75 612D45 553274 2DBFF4 7FF15A 59C440 522FBC 676BC2 7FEFE9 497CD3 503E7B 4D6FF5 7FF109 396DD9 7919FD 4E8BC5 7FDD59 500598 41EC64 44B1AC 7FDB1D 58CEB8 738594 61A0C4 7FD960 578CD4 53374F 448C76 7FE98D 3E4CA7 7CD7B7 000FFF 02 0FB7E0,2026-07-27T21:53:28.119+00:00,serial_request_midpoint,357.9042,True,matched,31.7531,31.7531,2026-07-27T21:53:28.150+00:00,130.608466,1785189208088.493,3921,False,,,,,,,,,,,,,,False,,,,,,,,,,,,,,True,0.653538830772543,-14.381942124575655,-14.231465942125965,45.294040741478995,0.07545424968326664,-0.7017029254703567,-2.8593935483767794,31.582985044648467,21.109798400586307,-26.96392034466833,0.4771700392828829,-0.09904459344309324,0.1327442677630224,False,,,,,,,,,,,,,,False,,,,,,,,,,,,,,False,,,,,,,,,,,,,,True,0.10276480194040066,11.25458537377509,9.409575633889606,76.1814353260812,0.19639729651355653,0.015141614444521218,-3.036940427691874,-2.842170943040401e-15,0.0,0.0,0.0,0.0,0.0,True,2,0.6535388307725332,-15.064861193942459,-11.956580446758396,49.75489719106379,2.6798625989250726,0.2669995096617852,0.10136424087285321,31.46032829262923,18.762756407452947,-22.489876095916042,-0.19372361717394768,2.984689621548076,0.6785463766568167,True,-9.724267695418039,-39.218786581840035,71.9769918822486,25.975487248186813,46.33895817254787,-0.6944424076380529
2026-07-27T21:53:28.853+00:00,210.100000,103011.800000,1.219166,4095,2,02,80,FFFFFFFF,32,2.92926409,3.04652973,2.20735547,1.35177403,1.10222688,0.48089726,2.20771073,1.19320292,1.04487921,1.49792826,2.20765652,0.88976660,1.00891741,0.95832697,2.20791444,0.63915111,1.98371479,0.97809532,2.20769547,1.00482975,0.76644552,0.81046367,2.20739862,1.17387664,1.81748590,1.36198157,2.20764230,1.14827296,1.06408067,0.80813850,2.20791707,0.71071039,SD 02 80 FFFFFFFF 91EA09 945EBC 7FEC62 612866 5530C1 2DC01C 7FEF05 59C1B1 522E53 676B39 7FEE9E 497BA8 503D32 4D6EBD 7FF088 396DB7 7917E6 4E8A31 7FEEE8 5003FC 41EBC2 44B0E6 7FECB4 58CEA1 738678 619C9A 7FEE83 57884F 53334A 448BF5 7FF08D 3E4B30 7CD7B7 000FFF 02 0FB7E6,2026-07-27T21:53:28.676+00:00,serial_request_midpoint,355.067,True,matched,64.5982,64.5982,2026-07-27T21:53:28.740+00:00,131.198524,1785189208688.485,3939,False,,,,,,,,,,,,,,False,,,,,,,,,,,,,,True,0.6554194359462733,-14.606408431894844,-14.143821516947522,45.40174480947679,0.07715625887956902,-0.6914057729194089,-2.852899957516713,31.91292498654987,21.068199439825158,-26.547994188391687,0.47336871522391566,-0.10294563805911927,0.14197077950481238,False,,,,,,,,,,,,,,False,,,,,,,,,,,,,,False,,,,,,,,,,,,,,True,0.12676005932515413,11.248327707610379,9.404331568892907,76.12823028475813,0.20414087768137398,0.020022353194971747,-3.0360396950490176,0.0,0.0,1.1368683772161604e-14,0.0,0.0,0.0,True,2,0.6554194359462518,-15.30291676838712,-11.900013897268977,49.876219771475625,2.684620255901626,0.2793233129266912,0.10308782518650943,31.780891159408355,18.737399477823672,-22.06573345433019,-0.20731913229052895,2.981173044313863,0.6718153911174232,True,-9.69207177183077,-39.238247902359674,71.93774044978947,25.94910888290868,46.35337900308027,-0.4111887795451935
2026-07-27T21:53:29.411+00:00,211.200000,103012.900000,1.217946,4095,2,02,80,FFFFFFFF,32,2.92918574,3.04644925,2.20526609,1.35143499,1.10210883,0.48091836,2.20765652,1.19308016,1.04481293,1.49792010,2.20749599,0.88969507,1.00884475,0.95834457,2.20551480,0.63913163,1.98347859,0.97795415,2.20735810,1.00473247,0.76638531,0.81045530,2.20776916,1.17382939,1.81742334,1.36180746,2.20787496,1.14788276,1.06378031,0.80811958,2.20795287,0.71066392,SD 02 80 FFFFFFFF 91E99B 945E50 7FDCDE 612487 552F32 2DC088 7FEE9E 59C028 522D6B 676B23 7FED6D 497A94 503C2E 4D6EFE 7FDEB7 396D5E 7915F4 4E882E 7FEC67 50029F 41EAC6 44B0C4 7FEF74 58CE08 7385E9 619AA0 7FF03D 57834C 532F3B 448BA8 7FF0D1 3E4A66 7CB7B8 000FFF 02 0FB7F1,2026-07-27T21:53:29.232+00:00,serial_request_midpoint,357.0989,True,matched,90.94845,90.94845,2026-07-27T21:53:29.323+00:00,131.781136,1785189209255.147,3956,False,,,,,,,,,,,,,,False,,,,,,,,,,,,,,True,0.6597876060237644,-14.40619588973191,-14.400278284122734,45.07501145084813,0.0739171397024121,-0.7106204342943226,-2.8548259072921502,31.542944430720617,21.32680460525045,-27.422491314435483,0.4850606125317169,-0.09549607764901714,0.13452832211061327,False,,,,,,,,,,,,,,False,,,,,,,,,,,,,,False,,,,,,,,,,,,,,True,0.07259151621095233,11.268599659727492,9.421980563891582,76.30140773335266,0.18878426294293468,0.01666658601882003,-3.037481145328654,2.842170943040401e-15,0.0,0.0,0.0,0.0,0.0,True,2,0.6597876060237622,-15.089932671123956,-12.096858396653044,49.52107528402603,2.6730811559871013,0.2698497614143307,0.0997734375826479,31.44271575926272,18.945805381215372,-22.965864823301864,-0.19681647114734233,2.985253146260682,0.6910313208364186,True,-9.675466858380442,-39.19835798042471,71.92115552954311,25.950655319129424,46.340576477405264,-0.9446227275110232
2026-07-27T21:53:29.967+00:00,211.800000,103013.500000,1.216725,4095,2,02,80,FFFFFFFF,32,2.92912020,3.04620633,2.20751335,1.35122325,1.10199492,0.48089824,2.20756125,1.19296179,1.04470236,1.49793790,2.20777495,0.88963651,1.00877741,0.95825089,2.20544434,0.63909879,1.98317554,0.97787768,2.20483027,1.00462600,0.76633872,0.81044521,2.20693238,1.17383650,1.81731266,1.36159930,2.20766178,1.14753581,1.06357306,0.80807290,2.20772336,0.71060548,SD 02 80 FFFFFFFF 91E93F 945D0A 7FED8E 61221C 552DB1 2DC021 7FEDE9 59BEAD 522BE8 676B53 7FEF7F 4979B2 503B3D 4D6DA4 7FDE31 396CC8 791375 4E8717 7FD9A1 500121 41EA03 44B09B 7FE93E 58CE1F 7384EC 619843 7FEEA8 577ED7 532C6E 448AEA 7FEF1D 3E4968 7C97B8 000FFF 02 0FB7F7,2026-07-27T21:53:29.789+00:00,serial_request_midpoint,355.7743,True,matched,34.59395,34.59395,2026-07-27T21:53:29.824+00:00,132.281652,1785189209755.184,3971,False,,,,,,,,,,,,,,False,,,,,,,,,,,,,,True,0.6947857965572499,-14.506084569232328,-14.536726325854271,44.80908667368925,0.07226285112491272,-0.7273220823387984,-2.8481674530575685,31.838874433470004,21.208101835966367,-27.566896715636183,0.4891754952057048,-0.1020538045074116,0.13845817907602578,False,,,,,,,,,,,,,,False,,,,,,,,,,,,,,False,,,,,,,,,,,,,,True,0.11976201549259907,11.259071703429239,9.411477088554943,76.21086335388601,0.19748855679298505,0.005930715955376759,-3.0363260955369027,0.0,0.0,0.0,0.0,0.0,0.0,True,2,0.6947857965572544,-15.192935353049657,-12.180834408032794,49.22708757783424,2.660833757190708,0.272515175102672,0.0979525220757236,31.713455276693537,18.807069075727487,-23.121670688077394,-0.20226107912198324,2.977094645424322,0.6957012717981758,True,-9.713595714836387,-38.99662281182149,71.95288006444481,25.9998724457474,46.090098712405755,-1.0182189257348795
2026-07-27T21:53:30.525+00:00,213.000000,103014.700000,1.219166,4095,2,02,80,FFFFFFFF,32,2.92915796,3.04608115,2.20508103,1.35087952,1.10186120,0.48089492,2.20496905,1.19285966,1.04470521,1.49787746,2.20715339,0.88956525,1.00873074,0.95823546,2.20489492,0.63908324,1.98309445,0.97776503,2.20462001,1.00451173,0.76631602,0.81043734,2.20442028,1.17380654,1.81726149,1.36130035,2.20448125,1.14721326,1.06331643,0.80806627,2.20480819,0.71055303,SD 02 80 FFFFFFFF 91E974 945C62 7FDB7E 611E2F 552BED 2DC010 7FDAA9 59BD66 522BF2 676AB0 7FEAE2 49789F 503A96 4D6D6B 7FDA1C 396C81 7912CA 4E857C 7FD811 4FFF87 41E9A4 44B07B 7FD695 58CDBE 738477 6194DE 7FD709 577AB2 5328F6 448ACF 7FD977 3E4884 7CD7B6 000FFF 02 0FB803,2026-07-27T21:53:30.346+00:00,serial_request_midpoint,357.8082,True,matched,63.9513,63.9513,2026-07-27T21:53:30.410+00:00,132.867962,1785189210355.27,3989,False,,,,,,,,,,,,,,False,,,,,,,,,,,,,,True,0.6946037590293878,-14.891259821681505,-13.898565205341978,44.7338245907956,0.054329488225740234,-0.7167637251059853,-2.8554577111141564,32.12896486897839,20.509083076607897,-27.805961439987364,0.47900383161445975,-0.11178716250593743,0.13387719698756417,False,,,,,,,,,,,,,,False,,,,,,,,,,,,,,False,,,,,,,,,,,,,,True,0.12883159752959228,11.276768484231626,9.425942467665285,76.31334327284759,0.19459661104255324,0.00266691263965397,-3.037266146450593,0.0,0.0,-1.1368683772161604e-14,0.0,0.0,0.0,True,2,0.6946037590293876,-15.510439018710239,-11.568970108919507,49.175707810567836,2.6698446384565546,0.26706426187007903,0.0814445567343278,31.94681108741032,18.15016966948401,-23.34019495852479,-0.19440331167112418,2.9716554673713995,0.6786555967588612,True,-9.957743445482253,-38.58080814454866,71.65012643575459,26.240108718153472,45.67696928750612,-1.5392737488574313
2026-07-27T21:53:31.081+00:00,213.500000,103015.200000,1.216114,4095,2,02,80,FFFFFFFF,32,2.92960319,3.04634641,2.20459898,1.35078856,1.10179050,0.48089804,2.20688555,1.19278190,1.04472464,1.49787004,2.20737178,0.88952509,1.00874639,0.95822707,2.20542909,0.63908587,1.98300294,0.97775982,2.20480451,1.00462906,0.76632319,0.81051854,2.20495170,1.17420342,1.81739272,1.36196540,2.20467677,1.14725429,1.06354532,0.80807880,2.20729916,0.71066070,SD 02 80 FFFFFFFF 91EBE5 945DC6 7FD7E9 611D25 552AFE 2DC020 7FE8E5 59BC6D 522C36 676A9C 7FEC81 497804 503ACE 4D6D4C 7FDE14 396C8D 791209 4E8569 7FD970 50012C 41E9C2 44B1C5 7FDA88 58D2C3 7385A3 619C6B 7FD87D 577B39 532C0E 448B02 7FEBF7 3E4A58 7C87B6 000FFF 02 0FB808,2026-07-27T21:53:30.903+00:00,serial_request_midpoint,355.5142,True,matched,80.9607,80.9607,2026-07-27T21:53:30.984+00:00,133.442153,1785189210921.966,4006,False,,,,,,,,,,,,,,False,,,,,,,,,,,,,,True,0.6736484723355364,-14.883835015266076,-13.478700334217095,44.238194513513506,0.07612315195055752,-0.7100703848456883,-2.8555250835775663,32.08170597013032,20.26877440553472,-28.14961939242871,0.4812596979104385,-0.09589359516697768,0.13441059244105005,False,,,,,,,,,,,,,,False,,,,,,,,,,,,,,False,,,,,,,,,,,,,,True,0.13601775845367103,11.265034626552502,9.421622426362294,76.24244391435748,0.19231120258365625,0.011801905864419922,-3.0373523836318315,-2.842170943040401e-15,0.0,0.0,0.0,0.0,0.0,True,2,0.6736484723355161,-15.573844551154696,-11.1779485799503,48.68467075362928,2.6735532302851577,0.2690783117783883,0.10184241556972591,31.977908361351098,17.904549474527578,-23.68415309199501,-0.19656026271531177,2.9861740554005927,0.6852651640475351,True,-10.19963613466645,-38.29486888624247,71.07578130515161,26.48488856243989,45.38404425430422,-1.7689662374608588
2026-07-27T21:53:31.640+00:00,214.700000,103016.400000,1.217946,4095,2,02,80,FFFFFFFF,32,2.93447375,3.05085857,2.20721811,1.35291239,1.10195853,0.48090742,2.20756651,1.19293024,1.04551366,1.49787783,2.20764441,0.88979951,1.00903869,0.95851406,2.20800341,0.63916731,1.98360475,0.97802788,2.20761336,1.00515814,0.76647587,0.81073017,2.20776758,1.17492390,1.81766877,1.36325870,2.20748967,1.14767476,1.06423477,0.80810189,2.20796603,0.71086984,SD 02 80 FFFFFFFF 920693 947568 7FEB5D 613564 552D36 2DC050 7FEDF3 59BE48 5236FF 676AB1 7FEE87 497C27 503EE4 4D7170 7FF131 396E01 7916FE 4E893B 7FEE4C 500896 41EC41 44B521 7FEF71 58DBDF 73881A 61AB18 7FED61 5780A0 53355F 448B60 7FF0EA 3E4DE5 7CB7B7 000FFF 02 0FB814,2026-07-27T21:53:31.460+00:00,serial_request_midpoint,358.4574,True,matched,97.1451,97.1451,2026-07-27T21:53:31.557+00:00,134.015493,1785189211488.651,4023,False,,,,,,,,,,,,,,False,,,,,,,,,,,,,,True,0.669744769888402,-15.079398743187985,-13.586732463350597,44.717976845917846,0.06585373621810495,-0.7239050462376595,-2.8520982333975917,32.27768340273121,20.337552661992245,-27.565956837535776,0.4902847915056349,-0.10522968036275204,0.13554046742695702,False,,,,,,,,,,,,,,False,,,,,,,,,,,,,,False,,,,,,,,,,,,,,True,0.11971430321215057,11.261306938440763,9.416312813141435,76.2199450811982,0.19526536373442466,0.011698831477760772,-3.036875204264095,0.0,0.0,0.0,0.0,0.0,0.0,True,2,0.6697447698883919,-15.740357441377913,-11.23936804399284,49.144458140183204,2.664193265207288,0.26871142695301076,0.09206049525975127,32.13380516180432,17.930506948782618,-23.124543464208795,-0.19759294008696313,2.9739743521143924,0.6967729872479007,True,-10.27681498761333,-38.13298410576557,71.78191457216823,26.46498540132877,45.201089786037684,-0.9942224323801042
2026-07-27T21:53:32.196+00:00,215.900000,103017.600000,1.220387,4095,2,02,80,FFFFFFFF,32,2.94072557,3.05644645,2.20787865,1.35557015,1.10228813,0.48090234,2.20823347,1.19321229,1.04661653,1.49789006,2.20771020,0.89019840,1.00950520,0.95894870,2.20764020,0.63929759,1.98470734,0.97860363,2.20774758,1.00599810,0.76677290,0.81111290,2.20761125,1.17599715,1.81813391,1.36543399,2.20779600,1.14862371,1.06556535,0.80818321,2.20763704,0.71114138,SD 02 80 FFFFFFFF 9228BF 94929E 7FF044 6153B1 553190 2DC036 7FF2E6 59C1CF 524610 676AD2 7FEF04 49822A 504569 4D77B5 7FEE7F 397054 792012 4E916F 7FEF4B 50145A 41F11C 44BB34 7FEE48 58E96F 738C41 61C3C1 7FEFA7 578CD0 534757 448CAB 7FEE79 3E5281 7CF7B6 000FFF 02 0FB820,2026-07-27T21:53:32.018+00:00,serial_request_midpoint,356.1101,True,matched,40.15925,40.15925,2026-07-27T21:53:32.058+00:00,134.516249,1785189211988.641,4038,False,,,,,,,,,,,,,,False,,,,,,,,,,,,,,True,0.6889504507620122,-14.990725099209516,-13.331691972188775,44.74297997412962,0.07689682991140374,-0.7250539654675076,-2.8488911184170633,32.1744847007097,20.0150595686506,-27.669981631427664,0.4897380334283167,-0.0970051073934458,0.1371208277400871,False,,,,,,,,,,,,,,False,,,,,,,,,,,,,,False,,,,,,,,,,,,,,True,0.03832326032589047,11.268054726904115,9.425643170387694,76.27087457602968,0.1941316434906899,0.008628437476129605,-3.0360468730724866,0.0,-1.4210854715202005e-15,0.0,0.0,0.0,0.0,True,2,0.688950450762015,-15.691698735419902,-10.98465214653456,49.16347346464461,2.662332794892916,0.27231101093840515,0.10230237790835388,32.072013428282176,17.613012335994846,-23.224715451324123,-0.2006728120593069,2.981912177067896,0.697637101487861,True,-10.26442730142988,-37.84117554573619,71.85362970963507,26.47467193245268,44.89125864974239,-1.0856467952642332
2026-07-27T21:53:32.752+00:00,216.400000,103018.100000,1.218556,4095,2,02,80,FFFFFFFF,32,2.94631056,3.06186407,2.20526819,1.35872644,1.10272079,0.48090176,2.20724653,1.19352750,1.04738586,1.49797535,2.20779284,0.89059038,1.00992710,0.95926535,2.20783548,0.63942503,1.98574023,0.97902186,2.20772863,1.00652540,0.76696291,0.81122073,2.20776389,1.17610507,1.81835929,1.36631513,2.20759651,1.14907617,1.06643602,0.80824513,2.20776021,0.71124219,SD 02 80 FFFFFFFF 924734 94AEE1 7FDCE2 61779E 553746 2DC033 7FEB93 59C5C0 525091 676BB8 7FEFA1 498812 504B4E 4D7C46 7FEFF2 39729A 792892 4E9764 7FEF27 501BBC 41F437 44BCEA 7FEF6A 58EACC 738E44 61CDBC 7FEE2C 57929F 535317 448DA7 7FEF63 3E5437 7CC7B6 000FFF 02 0FB825,2026-07-27T21:53:32.574+00:00,serial_request_midpoint,355.6904,True,matched,63.6487,63.6487,2026-07-27T21:53:32.638+00:00,135.095877,1785189212555.294,4055,False,,,,,,,,,,,,,,False,,,,,,,,,,,,,,True,0.6485979864929533,-14.971107825289215,-13.232463789071872,44.693556081155776,0.08193986594370488,-0.7289959894067134,-2.8437276934916658,32.2167296579546,19.996237802351157,-27.509007390097963,0.4945245805119734,-0.09715618766444245,0.1433418669786113,False,,,,,,,,,,,,,,False,,,,,,,,,,,,,,False,,,,,,,,,,,,,,True,0.11771275030350463,11.260072496476127,9.41717844777038,76.21230556714356,0.19981754950817507,0.011668713119876968,-3.0367391205597962,0.0,0.0,-1.1368683772161604e-14,0.0,0.0,0.0,True,2,0.6485979864929468,-15.695155067060444,-10.87466230907688,49.104593436107145,2.6583243347459904,0.27753483279076285,0.1069137075934459,32.12317964829747,17.57337865372091,-23.074853049555532,-0.21013750583221574,2.979409314698864,0.7045797193966226,True,-10.2064428413401,-37.633492776626824,71.89516922620726,26.326598981545278,44.715241572798064,-0.8197357821042601
2026-07-27T21:53:33.310+00:00,217.500000,103019.200000,1.219167,4095,2,02,80,FFFFFFFF,32,2.94686923,3.06258076,2.20764388,1.35955169,1.10299844,0.48090195,2.20812396,1.19369840,1.04761396,1.49792232,2.20766967,0.89074052,1.01007168,0.95937995,2.20801604,0.63946335,1.98624358,0.97930687,2.20769441,1.00682539,0.76708816,0.81131108,2.20760704,1.17633732,1.81848972,1.36696548,2.20528660,1.14959055,1.06712119,0.80829156,2.20729389,0.71141942,SD 02 80 FFFFFFFF 924A3F 94B29D 7FEE86 618100 553AF0 2DC034 7FF216 59C7E3 5253AE 676B29 7FEEB7 498A55 504D53 4D7DED 7FF149 397349 792CB6 4E9B73 7FEEE6 501FEF 41F643 44BE59 7FEE40 58EDBB 738F6E 61D519 7FDD05 579939 535C55 448E64 7FEBED 3E5739 7CD7B8 000FFF 02 0FB830,2026-07-27T21:53:33.131+00:00,serial_request_midpoint,356.8998,True,matched,82.6281,82.6281,2026-07-27T21:53:33.214+00:00,135.671976,1785189213155.293,4073,False,,,,,,,,,,,,,,False,,,,,,,,,,,,,,True,0.6704873109946461,-15.085049421067513,-12.99953745832974,44.61889041294738,0.07731089283069516,-0.7312795125877289,-2.8428566668480477,32.15085445822173,19.879939909847177,-27.666160337664003,0.5007737282124258,-0.09510942026897287,0.14255392671833764,False,,,,,,,,,,,,,,False,,,,,,,,,,,,,,False,,,,,,,,,,,,,,True,0.11403715576370338,11.25718953571501,9.413023436209622,76.21112746470673,0.19090032122433415,0.017927318018825744,-3.0372665392017213,0.0,0.0,-1.1368683772161604e-14,0.0,0.0,0.0,True,2,0.6704873109946313,-15.795201638988322,-10.632778656124122,49.02738894923054,2.6567790715497455,0.2779300586062295,0.10256482313398177,32.0687918976727,17.430123343882904,-23.2466142892412,-0.20919194741278047,2.979277806565914,0.7143719919568865,True,-10.250028822679543,-37.348928271279,71.8543406272378,26.326064884955876,44.43535803781394,-0.8120494324122433
2026-07-27T21:53:33.866+00:00,218.100000,103019.800000,1.217946,4095,2,02,80,FFFFFFFF,32,2.95012967,3.06582181,2.20749862,1.36111977,1.10326933,0.48088828,2.20784338,1.19393839,1.04817331,1.49797498,2.20739283,0.89098351,1.01031052,0.95961973,2.20780653,0.63951503,1.98698124,0.97970552,2.20746809,1.00730829,0.76727487,0.81153242,2.20766546,1.17685544,1.81879526,1.36859776,2.20752178,1.15033073,1.06823585,0.80839525,2.20524453,0.71167103,SD 02 80 FFFFFFFF 925BFE 94C37D 7FED72 6192D1 553E83 2DBFEE 7FF001 59CAE3 525B50 676BB7 7FECA9 498DFE 5050A9 4D8162 7FEFBB 397435 7932C7 4EA120 7FED38 5026B1 41F950 44C1DC 7FEEAF 58F446 739228 61E791 7FED9E 57A2B8 536B5C 44900A 7FDCB5 3E5B7E 7CB7B8 000FFF 02 0FB836,2026-07-27T21:53:33.689+00:00,serial_request_midpoint,355.4879,True,matched,101.40355,101.40355,2026-07-27T21:53:33.790+00:00,136.247765,1785189213721.947,4090,False,,,,,,,,,,,,,,False,,,,,,,,,,,,,,True,0.6655915672983631,-15.084300691258946,-12.842685527877103,44.58210352079033,0.08277533656227347,-0.7316794328847336,-2.839942715528576,32.1739631249355,19.64834994798965,-27.749535544525838,0.499171490571282,-0.09197634044095045,0.1448768583125641,False,,,,,,,,,,,,,,False,,,,,,,,,,,,,,False,,,,,,,,,,,,,,True,0.08037807635358961,11.257987803003047,9.418458366766114,76.23306861140549,0.19204173693576113,0.014556457282254522,-3.0367372310074696,0.0,0.0,0.0,0.0,0.0,0.0,True,2,0.6655915672983397,-15.816018641113619,-10.47648641306176,48.98737460452245,2.6555836478308863,0.2814913383982982,0.10763472171458145,32.10923321179214,17.20679919550643,-23.32513019559454,-0.21297242437653974,2.9825865303607655,0.7125847972962672,True,-10.248948874448743,-37.163658878651326,71.84287448391937,26.340444671388326,44.23837360410282,-0.9290060107992758
2026-07-27T21:53:34.423+00:00,219.300000,103021.000000,1.218556,4095,2,02,80,FFFFFFFF,32,2.95704744,3.07193585,2.20690555,1.36396513,1.10365871,0.48091152,2.20787128,1.19428749,1.04922383,1.49802689,2.20791286,0.89142576,1.01073515,0.96001239,2.20754809,0.63964599,1.98830569,0.98027913,2.20730126,1.00815021,0.76759980,0.81190304,2.20506315,1.17783055,1.81937056,1.37118212,2.20711497,1.15165359,1.06996048,0.80849969,2.20773126,0.71204450,SD 02 80 FFFFFFFF 928192 94E344 7FE90B 61B31B 5543A6 2DC065 7FF036 59CF40 5269A4 676C43 7FF085 4994A7 505697 4D870B 7FEDD0 39768B 793DAA 4EA94A 7FEBFB 503278 41FE9F 44C7BD 7FDB5C 590095 73974A 6204C6 7FEA99 57B3AE 538297 4491B3 7FEF2C 3E61D4 7CC7B9 000FFF 02 0FB842,2026-07-27T21:53:34.245+00:00,serial_request_midpoint,356.5472,True,matched,37.4973,37.4973,2026-07-27T21:53:34.282+00:00,136.740234,1785189214221.923,4105,False,,,,,,,,,,,,,,False,,,,,,,,,,,,,,True,0.6693655825287486,-15.100087286361983,-12.378589774521377,44.56749798348301,0.08821428352602462,-0.7322743258513229,-2.837753375853595,32.148051105640924,19.219734785732356,-27.746382186563373,0.5013893649921272,-0.08836397681021402,0.14659321020311197,False,,,,,,,,,,,,,,False,,,,,,,,,,,,,,False,,,,,,,,,,,,,,True,0.09575254309635756,11.25777480447199,9.416333227883024,76.2376978074101,0.19188476241268518,0.016782442047422793,-3.036512007441824,0.0,0.0,0.0,0.0,0.0,0.0,True,2,0.669365582528728,-15.852327423156023,-10.012527616561934,48.96938477564582,2.6544530886584896,0.28400989324191167,0.11268449878661102,32.10380058130463,16.76977840085866,-23.326373329891073,-0.21592341255389647,2.98507358380331,0.7166306908521002,True,-10.287083235355741,-36.67508578025185,71.85403823664794,26.334745414255046,43.74420255719316,-0.8615172509876174
2026-07-27T21:53:34.980+00:00,219.800000,103021.500000,1.220387,4095,2,02,80,FFFFFFFF,32,2.96538484,3.07990948,2.20756967,1.36795648,1.10427096,0.48092128,2.20569885,1.19483894,1.05037222,1.49806583,2.20690186,0.89198181,1.01129674,0.96047591,2.20532340,0.63979427,1.98980603,0.98102540,2.20498219,1.00899314,0.76789969,0.81219271,2.20692712,1.17844946,1.81996705,1.37356275,2.20747967,1.15297688,1.07175227,0.80862060,2.20797814,0.71241830,SD 02 80 FFFFFFFF 92AEBA 950C99 7FEDF9 61E050 554BB9 2DC097 7FE015 59D624 52794B 676CAC 7FE904 499D06 505E6E 4D8DB9 7FDD4B 397930 7949FD 4EB3E8 7FDAC2 503E41 420385 44CC55 7FE934 590864 739C9C 621FA4 7FED4E 57C4A2 539AB3 44939F 7FF101 3E682B 7CF7B9 000FFF 02 0FB847,2026-07-27T21:53:34.802+00:00,serial_request_midpoint,356.0279,True,matched,62.69735,62.69735,2026-07-27T21:53:34.864+00:00,137.322429,1785189214788.596,4122,False,,,,,,,,,,,,,,False,,,,,,,,,,,,,,True,0.6574317341927315,-15.116595236680663,-11.876689295929312,44.503770834973935,0.10243118060265335,-0.736622956670504,-2.8334263974778526,32.03073534396603,18.566877453696804,-28.126921624468242,0.49836278736780343,-0.0745727256331665,0.15010068270697652,False,,,,,,,,,,,,,,False,,,,,,,,,,,,,,False,,,,,,,,,,,,,,True,0.13958320512039,11.270264264020714,9.426262060611121,76.31160908776762,0.18741507104264374,0.005913968318061745,-3.0384080167205316,0.0,-1.4210854715202005e-15,1.1368683772161604e-14,0.0,0.0,0.0,True,2,0.6574317341927438,-15.920539052532641,-9.502922100627504,48.89234991450456,2.6500828087067525,0.28762328422888467,0.1258393046164163,32.05605421870556,16.135449274888053,-23.69654481659871,-0.2224834638119162,2.9989751251058103,0.7149723799619477,True,-10.430846548068262,-36.07745519811713,71.89732288968983,26.382169290853632,43.166721342223184,-1.2758250471677797
2026-07-27T21:53:35.537+00:00,221.000000,103022.700000,1.217946,4095,2,02,80,FFFFFFFF,32,2.97553772,3.08912627,2.20736389,1.37208375,1.10496789,0.48091796,2.20517776,1.19546001,1.05184737,1.49814593,2.20728284,0.89255415,1.01194056,0.96104967,2.20769652,0.63999843,1.99197974,0.98192891,2.20789338,1.01036338,0.76839198,0.81275693,2.20814133,1.17987079,1.82086475,1.37802204,2.20758704,1.15525788,1.07469503,0.80885752,2.20770968,0.71307423,SD 02 80 FFFFFFFF 92E585 953C38 7FEC72 620EF4 5554E9 2DC086 7FDC36 59DDE6 528D62 676D84 7FEBD8 49A5A3 50676A 4D95FD 7FEEEA 397CD4 795BD4 4EC0C1 7FF060 505166 420B8F 44D547 7FF237 591A50 73A49D 6251DF 7FEE1A 57E1D3 53C23D 449763 7FEF03 3E734A 7CB7B8 000FFF 02 0FB853,2026-07-27T21:53:35.358+00:00,serial_request_midpoint,356.6929,True,matched,86.83565,86.83565,2026-07-27T21:53:35.445+00:00,137.903129,1785189215388.636,4140,False,,,,,,,,,,,,,,False,,,,,,,,,,,,,,True,0.7128914921420726,-15.197751463792542,-11.522015709606215,44.514284552375884,0.0873069203176907,-0.7356662224053365,-2.833814101218965,32.299587539366584,18.238379503125902,-27.72525256944712,0.49969491060769594,-0.0931695814801124,0.15089205311369303,False,,,,,,,,,,,,,,False,,,,,,,,,,,,,,False,,,,,,,,,,,,,,True,0.1290794672188523,11.261658028523296,9.415352972658743,76.23364321760964,0.19900855692396702,0.011053676020751612,-3.0361184563121526,0.0,0.0,0.0,0.0,0.0,0.0,True,2,0.7128914921420909,-15.952255830917059,-9.144698576325803,48.90971507116937,2.6512606183191454,0.28792830315575285,0.11177052981886268,32.23685152726907,15.794633006386618,-23.302030860081828,-0.22198973357070367,2.980542396216713,0.7129364765124977,True,-10.291782573713437,-35.72241348596906,71.86958065044396,26.261519373442233,42.78456040960542,-0.9098326840971822
2026-07-27T21:53:36.096+00:00,221.500000,103023.200000,1.220387,4095,2,02,80,FFFFFFFF,32,2.99660457,3.10801730,2.20745757,1.38006030,1.10605359,0.48093535,2.20803446,1.19652911,1.05426763,1.49825682,2.20532919,0.89357840,1.01302696,0.96195141,2.20459110,0.64030735,1.99584629,0.98341867,2.20696711,1.01239335,0.76913624,0.81356371,2.20773600,1.18177137,1.82246661,1.38462081,2.20769547,1.15864371,1.07913221,0.80914169,2.20786496,0.71393635,SD 02 80 FFFFFFFF 935688 959D4F 7FED24 6268CA 556337 2DC0DF 7FF16C 59EB3F 52AE4E 676EAF 7FDD56 49B50B 507691 4DA2F9 7FD7DA 398256 797B84 4ED5EC 7FE980 506DBB 4217B5 44E210 7FEF35 593241 73B2E3 629BF9 7FEEE8 580D15 53FDB9 449BE7 7FF02A 3E81E6 7CF7B8 000FFF 02 0FB858,2026-07-27T21:53:35.917+00:00,serial_request_midpoint,359.287,True,matched,25.3474,25.3474,2026-07-27T21:53:35.942+00:00,138.399965,1785189215888.651,4155,False,,,,,,,,,,,,,,False,,,,,,,,,,,,,,True,0.6903056804547896,-15.141780738348263,-10.782576600832734,44.49651148652336,0.09398417147268054,-0.7397822051025048,-2.8325810435843395,32.12388499087826,17.58755581050134,-27.697521330384472,0.5056870550010252,-0.0878953667512207,0.15115851958046753,False,,,,,,,,,,,,,,False,,,,,,,,,,,,,,False,,,,,,,,,,,,,,True,0.11519393511889783,11.251598926274806,9.402280481240673,76.1884639129219,0.1973846546483527,0.015312629662095196,-3.036428656176633,0.0,0.0,0.0,0.0,0.0,0.0,True,2,0.6903056804547938,-15.919500466515052,-8.395491851888814,48.88259190800364,2.6481312205058254,0.28779373336045067,0.11791083887971104,32.08946169265643,15.119317430213659,-23.287607796931972,-0.22294056601853457,2.9834480650738437,0.7230281188385049,True,-10.338013714682708,-34.91150102721476,71.93296235590097,26.184237747593308,41.973880770451004,-0.7147906777511708
2026-07-27T21:53:36.653+00:00,222.700000,103024.400000,1.218556,4095,2,02,80,FFFFFFFF,32,3.02514203,3.13291382,2.20772810,1.39025081,1.10756145,0.48095234,2.20763020,1.19791804,1.05675912,1.49844041,2.20538282,0.89477595,1.01419652,0.96296932,2.20495275,0.64068449,2.00110172,0.98523471,2.20691554,1.01439924,0.76988900,0.81420343,2.20738441,1.18278440,1.82382880,1.39049448,2.20760967,1.16205293,1.08340001,0.80945812,2.20734126,0.71462756,SD 02 80 FFFFFFFF 93EE2B 961C37 7FEF26 62DAFB 557711 2DC136 7FEE6C 59FC93 52D025 67709E 7FDDBC 49C70B 5086DE 4DB19F 7FDA8A 39890F 79A67E 4EEFB3 7FE91E 5089B1 4223FD 44EC32 7FEC99 593F01 73BF04 62DDB4 7FEE45 58388D 5436C9 44A0EE 7FEC47 3E8D9B 7CC7B9 000FFF 02 0FB864,2026-07-27T21:53:36.475+00:00,serial_request_midpoint,355.9832,True,matched,44.8826,44.8826,2026-07-27T21:53:36.520+00:00,138.97784,1785189216455.33,4172,False,,,,,,,,,,,,,,False,,,,,,,,,,,,,,True,0.6252327157447012,-15.323273840484992,-10.653840461681403,44.41479754191037,0.07944329049942647,-0.7411010697203421,-2.8345952177257137,32.19326117772787,17.40576848114809,-27.971986794125833,0.5044699970010063,-0.09371131818645244,0.14846986927751502,False,,,,,,,,,,,,,,False,,,,,,,,,,,,,,False,,,,,,,,,,,,,,True,0.10930164148495862,11.254546299114319,9.411863450195638,76.23909470674135,0.19125681311054607,0.012261523926011528,-3.0370935737872684,0.0,0.0,0.0,0.0,0.0,0.0,True,2,0.6252327157446887,-16.05117383448759,-8.256889653886578,48.80404704523826,2.64828350069851,0.28502452643623727,0.10435996218994763,32.12693320043779,14.94062789258226,-23.560705205204606,-0.21831972564150803,2.9786211831551612,0.7200225693973993,True,-10.376536240051717,-34.7624039642863,71.84374135842651,26.21900415315465,41.83397815773001,-1.034822300854455
2026-07-27T21:53:37.209+00:00,223.900000,103025.600000,1.217946,4095,2,02,80,FFFFFFFF,32,3.04154892,3.14870285,2.20736599,1.39707855,1.10891650,0.48096796,2.20787759,1.19901534,1.05809947,1.49851942,2.20764652,0.89557873,1.01498090,0.96352905,2.20798761,0.64091749,2.00525726,0.98654263,2.20766915,1.01571263,0.77038651,0.81451549,2.20789707,1.18318369,1.82504304,1.39454919,2.20791233,1.16503459,1.08667702,0.80969887,2.20506683,0.71514163,SD 02 80 FFFFFFFF 94449A 966C16 7FEC76 632721 5588E4 2DC186 7FF042 5A0A41 52E254 677173 7FEE8B 49D31A 5091CB 4DB9AC 7FF113 398D36 79C866 4F023F 7FEEB6 509BFB 422C1A 44F123 7FF067 594407 73C9D2 630AF4 7FF084 585E7F 546280 44A4C1 7FDB63 3E964F 7CB7B8 000FFF 02 0FB870,2026-07-27T21:53:37.031+00:00,serial_request_midpoint,355.4242,True,matched,65.3535,65.3535,2026-07-27T21:53:37.096+00:00,139.55422,1785189217022.005,4189,False,,,,,,,,,,,,,,False,,,,,,,,,,,,,,True,0.5925028044058639,-15.262893917933848,-10.376875472142135,44.306562953614666,0.08632639427967,-0.7495452835471587,-2.834467526137863,32.09118894921504,17.008311210753583,-28.281183909601584,0.5058664620444375,-0.08722547135869564,0.14642164509499123,False,,,,,,,,,,,,,,False,,,,,,,,,,,,,,False,,,,,,,,,,,,,,True,0.059704681635703374,11.265214391003603,9.416780613722644,76.29754715305071,0.18904809347720555,0.005073223528271478,-3.0375141823351433,0.0,0.0,0.0,0.0,0.0,0.0,True,2,0.5925028044058562,-16.01307205706464,-7.9573820585793085,48.679663368792276,2.6427522007547077,0.28179224726325275,0.1106152005127682,32.05408019019217,14.539042872005231,-23.871868807322215,-0.2158128249432996,2.984592731578726,0.7235812244644861,True,-10.493730093515342,-34.35307864186935,71.8825808772532,26.307272722829502,41.412923103442196,-1.281160983714858
2026-07-27T21:53:37.766+00:00,224.400000,103026.100000,1.217946,4095,2,02,80,FFFFFFFF,32,3.05149462,3.15839275,2.20446600,1.40161207,1.10991976,0.48100097,2.20705025,1.20002332,1.05892266,1.49860807,2.20778337,0.89610869,1.01548140,0.96392622,2.20758283,0.64107248,2.00832123,0.98757832,2.20755072,1.01665443,0.77078592,0.81480196,2.20791076,1.18363806,1.82617102,1.39814072,2.20523875,1.16794059,1.08956881,0.80994162,2.20507682,0.71564688,SD 02 80 FFFFFFFF 9478BC 969CDF 7FD6EC 635988 559614 2DC22F 7FEA1E 5A16D0 52ED7D 677262 7FEF8F 49DB0F 5098C3 4DBF62 7FEE12 398FF9 79E15B 4F10EC 7FEDD5 50A916 42329D 44F5AC 7FF081 5949BE 73D3DA 6332F3 7FDCAA 58836A 548901 44A89C 7FDB76 3E9EDC 7CB7B8 000FFF 02 0FB875,2026-07-27T21:53:37.587+00:00,serial_request_midpoint,357.4807,True,matched,100.13165,100.13165,2026-07-27T21:53:37.687+00:00,140.145636,1785189217622.013,4207,False,,,,,,,,,,,,,,False,,,,,,,,,,,,,,True,0.6701445178831711,-15.511121179235204,-10.281589884565246,44.231987862144635,0.07541685785271514,-0.7552942324987758,-2.8340037858228855,32.45505729021654,17.063835560975882,-27.9434324163367,0.5151078790422158,-0.10052070425457786,0.14758691854901898,False,,,,,,,,,,,,,,False,,,,,,,,,,,,,,False,,,,,,,,,,,,,,True,0.06813738467785913,11.253153500576172,9.406455948669961,76.19126030539147,0.196868315317969,0.014640305540854935,-3.037090324883197,0.0,1.4210854715202005e-15,0.0,0.0,0.0,0.0,True,2,0.6701445178831622,-16.226446668479483,-7.840185603738131,48.59874607426377,2.639318489452192,0.2804387504940821,0.10039735224367755,32.35945158766704,14.54976910844194,-23.56039099250816,-0.21648060115458628,2.968368006989248,0.7344147674047055,True,-10.624354373766042,-34.14404819824482,71.88596766171324,26.375334263865064,41.20142952233516,-0.7689309302471543
2026-07-27T21:53:38.322+00:00,225.600000,103027.300000,1.220387,4095,2,02,80,FFFFFFFF,32,3.06482656,3.17122902,2.20471199,1.40708020,1.11088526,0.48100331,2.20738704,1.20105576,1.05987314,1.49875943,2.20756651,0.89672550,1.01607974,0.96441045,2.20807553,0.64126191,2.01186264,0.98861303,2.20790707,1.01762263,0.77118545,0.81506183,2.20793655,1.18383251,1.82723677,1.40114318,2.20717338,1.17079642,1.09211715,0.81013472,2.20518302,0.71601120,SD 02 80 FFFFFFFF 94BE4F 96DD3A 7FD8C0 639628 55A2C3 2DC23B 7FEC9E 5A23AB 52FA5E 6773FA 7FEDF3 49E451 50A117 4DC658 7FF1BA 399359 79FE28 4F1F93 7FF07A 50B68D 423920 44F9C9 7FF0B2 594C30 73DD53 635453 7FEB08 58A7A2 54AAE1 44ABAD 7FDC40 3EA506 7CF7B8 000FFF 02 0FB881,2026-07-27T21:53:38.144+00:00,serial_request_midpoint,355.3612,True,matched,31.4668,31.4668,2026-07-27T21:53:38.176+00:00,140.633882,1785189218122.016,4222,False,,,,,,,,,,,,,,False,,,,,,,,,,,,,,True,0.6339298720687642,-15.472996630682157,-10.185608070773231,44.17772411110491,0.07477952656481275,-0.7591626400474893,-2.8347575129754863,32.30057560077174,16.900076507251395,-28.292400505423124,0.5161849055023795,-0.09594126759292432,0.14377521344142472,False,,,,,,,,,,,,,,False,,,,,,,,,,,,,,False,,,,,,,,,,,,,,True,0.08482408995028132,11.261461688955242,9.416558686769182,76.27793428512803,0.18878690139250945,0.01145714069424766,-3.036720180509331,0.0,0.0,0.0,0.0,0.0,0.0,True,2,0.6339298720687614,-16.185103967415166,-7.732506229066222,48.53844851198513,2.637118551167661,0.2779712182936132,0.09975264532288657,32.22250658139906,14.382524145860524,-23.911012809599242,-0.21113395154693693,2.9728119545825975,0.7371447520664557,True,-10.635325835888153,-33.990441964658814,71.88993857854112,26.426427938600206,41.02926543426328,-1.0652699718718737
2026-07-27T21:53:38.878+00:00,226.100000,103027.800000,1.218556,4095,2,02,80,FFFFFFFF,32,3.06919838,3.17633614,2.20455903,1.41002333,1.11166383,0.48101386,2.20512308,1.20191079,1.06002800,1.49880543,2.20442921,0.89704989,1.01631835,0.96457189,2.20488336,0.64137593,2.01395049,0.98916749,2.20451226,1.01794464,0.77134534,0.81504060,2.20708024,1.18350481,1.82779074,1.40221655,2.20512098,1.17289825,1.09344695,0.81028184,2.20452802,0.71624421,SD 02 80 FFFFFFFF 94D50C 96F6BF 7FD79D 63B6B6 55ACFC 2DC271 7FDBCE 5A2E4F 52FC77 677476 7FD6A6 49E92F 50A469 4DC8AA 7FDA06 399561 7A0F1D 4F276C 7FD744 50BB07 423BBB 44F973 7FEA57 594811 73E23F 63603E 7FDBCA 58C240 54BC89 44AE03 7FD762 3EA8F7 7CC7B8 000FFF 02 0FB886,2026-07-27T21:53:38.700+00:00,serial_request_midpoint,355.3419,True,matched,51.43225,51.43225,2026-07-27T21:53:38.751+00:00,141.209533,1785189218688.687,4239,False,,,,,,,,,,,,,,False,,,,,,,,,,,,,,True,0.6211945929019672,-15.539532467353416,-9.85557630088977,44.2331882766742,0.08552777999842927,-0.7566603343301476,-2.833688092109876,32.308529511862886,16.57930355323541,-28.304059994650185,0.5138326999738684,-0.08758246719271509,0.14626446059316928,False,,,,,,,,,,,,,,False,,,,,,,,,,,,,,False,,,,,,,,,,,,,,True,0.06931513440762124,11.273482906667079,9.423583817536075,76.31449731154116,0.18818883080913038,0.009753773550149744,-3.0381289716483897,0.0,0.0,1.1368683772161604e-14,0.0,0.0,0.0,True,2,0.6211945929019869,-16.28794981932883,-7.414254836663018,48.59444311660849,2.638096497534618,0.28009108678519407,0.10974873927709262,32.27283817563182,14.075003532110856,-23.914534925124332,-0.215625974421028,2.9813940956595504,0.7354181517204618,True,-10.805082687247548,-33.70473828908868,71.92510882896707,26.52545592291002,40.767037899048844,-1.1093992463468907
2026-07-27T21:53:39.436+00:00,227.300000,103029.000000,1.216725,4095,2,02,80,FFFFFFFF,32,3.06916981,3.17705064,2.20689923,1.41095488,1.11212068,0.48102479,2.20797498,1.20254260,1.06012692,1.49887369,2.20760599,0.89721158,1.01649943,0.96471106,2.20498692,0.64141452,2.01530791,0.98961859,2.20697290,1.01831564,0.77151243,0.81507244,2.20758230,1.18333897,1.82819532,1.40296347,2.20739441,1.17471810,1.09418380,0.81036598,2.20766704,0.71630726,SD 02 80 FFFFFFFF 94D4E6 96FA50 7FE8FF 63C101 55B2FB 2DC2A9 7FF0FB 5A362B 52FDCE 67752E 7FEE3E 49EB9C 50A6EE 4DCAAA 7FDACB 399611 7A1A21 4F2DCE 7FE98B 50C02F 423E74 44F9F4 7FEE11 5945FB 73E5D7 636888 7FECAC 58D945 54C650 44AF59 7FEEB2 3EAA08 7C97B9 000FFF 02 0FB892,2026-07-27T21:53:39.257+00:00,serial_request_midpoint,357.1437,True,matched,69.30065,69.30065,2026-07-27T21:53:39.326+00:00,141.784145,1785189219255.364,4256,False,,,,,,,,,,,,,,False,,,,,,,,,,,,,,True,0.6498709006462695,-15.037583498181188,-9.993443568108393,44.02878513881133,0.10847029011067431,-0.7691810106943763,-2.8340838186572714,31.995176345818628,16.603389004832152,-28.444975129280852,0.5194439866955934,-0.07673002526331078,0.141597842428629,False,,,,,,,,,,,,,,False,,,,,,,,,,,,,,False,,,,,,,,,,,,,,True,0.123080524328144,11.26455146647918,9.418005476059111,76.27585924263816,0.1947752052444479,0.005200078449141547,-3.03573127268847,-2.842170943040401e-15,0.0,0.0,0.0,0.0,0.0,True,2,0.6498709006462583,-15.858649292161848,-7.524345078204307,48.36123552270071,2.629647795993508,0.2740123026041607,0.13073043564960715,32.007916166186725,14.077721301607994,-24.06758286108939,-0.2095563590796042,2.9902785849333684,0.7463825204559852,True,-10.7770812603639,-33.667154853693376,71.94730086037309,26.571236287418476,40.66612802297401,-1.0660512893187275
2026-07-27T21:53:39.993+00:00,227.800000,103029.500000,1.219777,4095,2,02,80,FFFFFFFF,32,3.05856200,3.16745086,2.20754335,1.40875989,1.11225493,0.48103515,2.20755914,1.20287871,1.05921492,1.49890893,2.20767178,0.89708347,1.01623329,0.96442812,2.20767652,0.64136321,2.01483801,0.98944631,2.20750756,1.01779093,0.77138897,0.81487525,2.20794866,1.18276857,1.82803435,1.40209866,2.20791391,1.17568085,1.09409281,0.81041126,2.20796024,0.71638509,SD 02 80 FFFFFFFF 949DA9 96CA51 7FEDC7 63A8BE 55B4BE 2DC2DE 7FEDE5 5A3A59 52F173 67758D 7FEEBB 49E9B0 50A33A 4DC699 7FEEC4 399527 7A1651 4F2B5E 7FED83 50B8E4 423C71 44F6D5 7FF0C9 593ECE 73E469 635EEF 7FF087 58E570 54C51B 44B011 7FF0DF 3EAB59 7CE7B9 000FFF 02 0FB897,2026-07-27T21:53:39.815+00:00,serial_request_midpoint,357.583,True,matched,100.9799,100.9799,2026-07-27T21:53:39.915+00:00,142.373405,1785189219855.373,4274,False,,,,,,,,,,,,,,False,,,,,,,,,,,,,,True,0.5936004801580046,-13.837132973692476,-9.582538377030605,44.35106246797882,0.126602080235925,-0.7605838091193996,-2.866682536367582,30.658668500584078,16.592556540664514,-28.11603816494476,0.5184119291535054,-0.06436772461906468,0.11302603184456056,False,,,,,,,,,,,,,,False,,,,,,,,,,,,,,False,,,,,,,,,,,,,,True,0.1182458640820269,11.252751974397938,9.407426387157159,76.22044276353805,0.19414896760566636,0.016284694079039562,-3.0380855714086175,0.0,0.0,0.0,0.0,0.0,0.0,True,2,0.59360048015801,-14.671474680783149,-7.150727776254094,48.70202717834509,2.643067455939829,0.23395485383083037,0.14747655250286862,30.6935039586074,14.071555497802649,-23.736076632482828,-0.166935097038893,3.0054786758321637,0.7484523404290708,True,-10.681659353942974,-33.726934887460615,72.01206587355355,26.340287131714852,40.80609887603325,-0.6734443380608809
2026-07-27T21:53:40.549+00:00,229.000000,103030.700000,1.219167,4095,2,02,80,FFFFFFFF,32,3.05864810,3.16732842,2.20779337,1.40892625,1.11237728,0.48103905,2.20539070,1.20328023,1.05939076,1.49893936,2.20729231,0.89720898,1.01637394,0.96459500,2.20501531,0.64140685,2.01529299,0.98978040,2.20476140,1.01823553,0.77154600,0.81504554,2.20496432,1.18322655,1.82841479,1.40350184,2.20484656,1.17743345,1.09511158,0.81050796,2.20736178,0.71652530,SD 02 80 FFFFFFFF 949E1C 96C9B4 7FEFA2 63AA95 55B659 2DC2F2 7FDDCB 5A3F57 52F3D5 6775DF 7FEBEA 49EB92 50A52F 4DC8FF 7FDB01 3995EE 7A1A02 4F3018 7FD91E 50BF12 423F00 44F987 7FDAA0 594491 73E7CA 636E81 7FD9C0 58FB92 54D29E 44B19A 7FEC6E 3EADB8 7CD7B9 000FFF 02 0FB8A3,2026-07-27T21:53:40.371+00:00,serial_request_midpoint,355.1259,True,matched,30.95005,30.95005,2026-07-27T21:53:40.403+00:00,142.860244,1785189220322.045,4288,False,,,,,,,,,,,,,,False,,,,,,,,,,,,,,True,0.5046852080139234,-14.386485703113218,-9.217222803943027,44.37026055801903,0.09615096972522508,-0.7543699928378841,-2.8670041254081515,31.163310377615538,16.2352715736269,-27.938115017933256,0.51550563659945,-0.0855234104787426,0.11533415599215632,False,,,,,,,,,,,,,,False,,,,,,,,,,,,,,False,,,,,,,,,,,,,,True,0.06113116395560009,11.24591275371378,9.399031199592336,76.17732681290322,0.19491987970769495,0.019619508458256274,-3.0381314766920013,0.0,0.0,0.0,0.0,0.0,0.0,True,2,0.5046852080139309,-15.12388441179767,-6.792785645081237,48.74279652043266,2.6480999297147036,0.23699734006142936,0.11964019992621223,31.09835908014113,13.721529946843086,-23.554325846660248,-0.16883023650411821,2.986032077037004,0.7392600626925296,True,-10.730791115682571,-33.432257065708804,71.90765370655285,26.351016824329445,40.50865061404279,-0.6308832038280912
2026-07-27T21:53:41.107+00:00,229.500000,103031.200000,1.219167,4095,2,02,80,FFFFFFFF,32,3.05416892,3.16385401,2.20753388,1.40854834,1.11260325,0.48107538,2.20778442,1.20360611,1.05868260,1.49895420,2.20794392,0.89713919,1.01617434,0.96433925,2.20801341,0.64138777,2.01441442,0.98949076,2.20776705,1.01739534,0.77125496,0.81451081,2.20559157,1.18133767,1.82740822,1.39885785,2.20724337,1.17654641,1.09255157,0.81041347,2.20502635,0.71601628,SD 02 80 FFFFFFFF 9486B8 96B84A 7FEDB5 63A667 55B950 2DC3AC 7FEF91 5A4364 52EA3C 677607 7FF0C0 49EA86 50A268 4DC552 7FF144 399597 7A12E1 4F2BFF 7FEF70 50B364 423A42 44F110 7FDF49 592CCB 73DED9 633AED 7FEB8D 58F05F 54B0A6 44B01A 7FDB16 3EA51C 7CD7B9 000FFF 02 0FB8A8,2026-07-27T21:53:40.928+00:00,serial_request_midpoint,358.0204,True,matched,52.5883,52.5883,2026-07-27T21:53:40.980+00:00,143.438628,1785189220922.058,4306,False,,,,,,,,,,,,,,False,,,,,,,,,,,,,,True,0.5497433510525251,-14.486590624422817,-8.944950634190294,44.19984518575535,0.07823070521931728,-0.7285503661192413,-2.871500123296432,31.377317353940803,15.844726259920918,-28.028795954291894,0.49412903859433627,-0.10073069114008525,0.11660162245905273,False,,,,,,,,,,,,,,False,,,,,,,,,,,,,,False,,,,,,,,,,,,,,True,0.09276473346575202,11.245365138395352,9.401566659949145,76.17603246668807,0.20074986242497722,0.015313490961472163,-3.0370097688561972,0.0,1.4210854715202005e-15,0.0,0.0,0.0,0.0,True,2,0.549743351052526,-15.162239048839842,-6.592114505687985,48.621200662978346,2.6659769975258927,0.24110974584597453,0.10357782616732379,31.233175878607835,13.421147209894013,-23.59639133373521,-0.16934316190241105,2.97890419536929,0.7039767745981931,True,-10.461521132508206,-33.60769713236897,71.28467041375129,26.226099262143414,40.68673543043438,-1.3009165131144413
2026-07-27T21:53:41.664+00:00,230.700000,103032.400000,1.216115,4095,2,02,80,FFFFFFFF,32,3.02793537,3.13942756,2.20436877,1.39927730,1.11177186,0.48106093,2.20698184,1.20306657,1.05667939,1.49885774,2.20465522,0.89635903,1.01537843,0.96362466,2.20729179,0.64113409,2.01191071,0.98849687,2.20749651,1.01634726,0.77095224,0.81428705,2.20738862,1.18130417,1.82692731,1.39742283,2.20529764,1.17637938,1.09145294,0.81035713,2.20465890,0.71599666,SD 02 80 FFFFFFFF 93FCEC 963D39 7FD633 633F97 55AE67 2DC362 7FE99C 5A3CAF 52CF10 677503 7FD854 49DED1 509754 4DBB0C 7FEBE9 399112 79FE8C 4F1DEE 7FED6E 50A4D0 423553 44ED85 7FECA1 592C5F 73DA93 632AF6 7FDD1A 58EE43 54A20E 44AF35 7FD85B 3EA4C7 7C87B9 000FFF 02 0FB8B4,2026-07-27T21:53:41.486+00:00,serial_request_midpoint,357.3086,True,matched,68.1338,68.1338,2026-07-27T21:53:41.554+00:00,144.012114,1785189221488.739,4323,False,,,,,,,,,,,,,,False,,,,,,,,,,,,,,True,0.5493554902176163,-14.953009259851052,-8.341787669472314,44.45158049133222,0.06526881314694613,-0.7490712835305219,-2.866518163368902,31.66868015354895,15.2690964561349,-27.863628012873072,0.5104479105784492,-0.10679540491819177,0.11668679747933637,False,,,,,,,,,,,,,,False,,,,,,,,,,,,,,False,,,,,,,,,,,,,,True,0.11696701120673597,11.255688665764612,9.41010418613393,76.23847816765463,0.19526122644624788,0.018602318123029468,-3.0371286652946003,2.842170943040401e-15,0.0,0.0,0.0,0.0,0.0,True,2,0.5493554902175907,-15.592177061272869,-5.921831820377376,48.84202477727719,2.652151714137607,0.2403333703872659,0.0912935571233667,31.50133641810919,12.772138080884655,-23.472965447336215,-0.16922020754858721,2.9672985756632397,0.7269789176084169,True,-10.787775832260273,-32.60715290230304,71.87206347280144,26.392140539203986,39.66508578263979,-0.7521204781500842
2026-07-27T21:53:42.221+00:00,231.900000,103033.600000,1.218556,4095,2,02,80,FFFFFFFF,32,3.02642924,3.13766998,2.20439558,1.39867907,1.11149154,0.48109198,2.20726232,1.20309297,1.05627507,1.49885774,2.20742967,0.89628382,1.01517923,0.96346332,2.20712023,0.64109550,2.01050647,0.98807891,2.20765967,1.01562535,0.77062729,0.81389266,2.20743072,1.17999042,1.82603131,1.39337041,2.20760020,1.17500146,1.08895905,0.81023337,2.20781600,0.71554207,SD 02 80 FFFFFFFF 93F4F8 963453 7FD666 6338F0 55AAB9 2DC401 7FEBB1 5A3D03 52C993 677503 7FECEF 49DDB0 50948E 4DB8BA 7FEAA3 399062 79F322 4F1803 7FEEA4 509AC4 423007 44E746 7FECF1 591BD2 73D29C 62FDCF 7FEE33 58DCDA 5480E4 44AD3E 7FEFCD 3E9D16 7CC7B8 000FFF 02 0FB8C0,2026-07-27T21:53:42.043+00:00,serial_request_midpoint,355.4724,True,matched,86.0741,86.0741,2026-07-27T21:53:42.130+00:00,144.587267,1785189222055.404,4340,False,,,,,,,,,,,,,,False,,,,,,,,,,,,,,True,0.5693667591224398,-15.608264821307753,-8.023607440871263,44.669358890983624,0.015392808896376705,-0.7379808248974368,-2.873908715268475,32.2205703202054,14.898252411356506,-27.5685662417121,0.5015114147947665,-0.13932734990582676,0.11178254148426775,False,,,,,,,,,,,,,,False,,,,,,,,,,,,,,False,,,,,,,,,,,,,,True,0.10532767116878383,11.254302883598022,9.40718317026599,76.20852369072904,0.1935375588289495,0.019322354045899003,-3.0371943525191694,2.842170943040401e-15,-1.4210854715202005e-15,-1.1368683772161604e-14,0.0,0.0,0.0,True,2,0.5693667591224424,-16.076610220258754,-5.621301815778455,49.090931362275995,2.6619018618606223,0.23493722985179527,0.045480814269612556,31.88721997283641,12.433184169638388,-23.169357340381843,-0.1593560348919973,2.939585167912744,0.7068951381078298,True,-10.859695610952176,-32.493453745612115,71.81190333425134,26.453433544057038,39.54268988533706,-0.7836480679673855
2026-07-27T21:53:42.778+00:00,232.400000,103034.100000,1.218556,4095,2,02,80,FFFFFFFF,32,3.00754848,3.12074764,2.20718338,1.39151780,1.11072167,0.48107577,2.20554740,1.20248042,1.05466484,1.49878057,2.20489860,0.89560787,1.01452683,0.96288732,2.20477192,0.64087606,2.00808417,0.98720141,2.20678348,1.01452458,0.77027248,0.81356692,2.20721127,1.17944005,1.82543126,1.39084660,2.20771441,1.17399184,1.08714197,0.81010791,2.20762336,0.71537103,SD 02 80 FFFFFFFF 9390E1 95DE59 7FEB1B 62E922 55A09D 2DC3AE 7FDEF5 5A3565 52B3B4 677433 7FDA23 49D38A 508B78 4DB071 7FD932 398C79 79DF6D 4F0B95 7FE823 508B70 422A3E 44E21D 7FEB50 5914E2 73CD46 62E1A3 7FEF0C 58D016 5468B2 44AB40 7FEE5F 3E9A31 7CC7B8 000FFF 02 0FB8C5,2026-07-27T21:53:42.600+00:00,serial_request_midpoint,356.5306,True,matched,31.1542,31.1542,2026-07-27T21:53:42.630+00:00,145.088815,1785189222555.404,4355,False,,,,,,,,,,,,,,False,,,,,,,,,,,,,,True,0.5443561859884829,-15.78801777209701,-7.4380580195160535,45.20054137459157,0.01969678973611245,-0.7096414415377011,-2.8742215196248484,32.28789558562358,14.244900198711576,-27.072779219144593,0.48095228705633675,-0.13586803432399366,0.11692367705586097,False,,,,,,,,,,,,,,False,,,,,,,,,,,,,,False,,,,,,,,,,,,,,True,0.07504624588826322,11.255070087856867,9.409175134735595,76.2360515478275,0.19403213181524612,0.01681951882518302,-3.037065110478954,0.0,0.0,0.0,0.0,0.0,0.0,True,2,0.5443561859884773,-16.270599140719213,-5.121951353107457,49.66635462051112,2.6797649197342897,0.24486573554810503,0.049534726225358566,31.96970847822532,11.871312902197932,-22.622435061052023,-0.1670447085053105,2.9494455898127656,0.6771226936775413,True,-10.86018153760035,-32.377377955632305,71.87987340539505,26.447285836717516,39.42171379925322,-0.8038747668381575
2026-07-27T21:53:43.334+00:00,233.600000,103035.300000,1.219167,4095,2,02,80,FFFFFFFF,32,3.00364100,3.11716782,2.20524243,1.38941060,1.11027086,0.48108788,2.20514832,1.20224928,1.05440931,1.49872641,2.20681715,0.89544556,1.01431400,0.96279501,2.20717707,0.64083091,2.00692897,0.98689789,2.20732810,1.01438830,0.77018384,0.81361155,2.20788601,1.17979920,1.82534738,1.39070358,2.20720443,1.17376362,1.08661225,0.81013300,2.20802236,0.71540266,SD 02 80 FFFFFFFF 937C13 95CC17 7FDCB1 62D197 559AB1 2DC3EC 7FDBFE 5A3285 52B03B 6773A1 7FE863 49D11A 508881 4DAF1D 7FEB0F 398BAB 79D605 4F0748 7FEC2E 50898A 4228CC 44E2D2 7FF052 591969 73CC87 62E00A 7FEB43 58CD33 5461A3 44ABA6 7FF155 3E9ABA 7CD7B9 000FFF 02 0FB8D1,2026-07-27T21:53:43.156+00:00,serial_request_midpoint,355.0593,True,matched,65.27335,65.27335,2026-07-27T21:53:43.222+00:00,145.679486,1785189223155.434,4373,False,,,,,,,,,,,,,,False,,,,,,,,,,,,,,True,0.5368088207906754,-15.692121772771364,-7.76339048114415,44.958024668978865,0.023733974892762338,-0.7242034280961287,-2.87214237193056,32.28939605997185,14.526113106415243,-27.343206756553265,0.4884442628031011,-0.13443009039075512,0.11703921269195433,False,,,,,,,,,,,,,,False,,,,,,,,,,,,,,False,,,,,,,,,,,,,,True,0.047199965705275876,11.258143292828574,9.411948855895734,76.26225676595176,0.1960935598076233,0.013099475202614846,-3.0375439155372552,0.0,0.0,-1.1368683772161604e-14,0.0,0.0,0.0,True,2,0.536808820790657,-16.190299608242874,-5.404425259724565,49.399626271300995,2.6700101846350948,0.24236569413580952,0.05319612916480189,31.981177596028168,12.119568529111977,-22.909893386024493,-0.16741878081999115,2.948309707081732,0.6884886294066133,True,-10.885090694708811,-32.45015693126457,71.89305801185506,26.468193437108273,39.50327500424299,-0.8801194407586308
2026-07-27T21:53:43.891+00:00,234.100000,103035.800000,1.219777,4095,2,02,80,FFFFFFFF,32,3.00612596,3.11910035,2.20548220,1.38989776,1.11022270,0.48106444,2.20524453,1.20226498,1.05472606,1.49876684,2.20745441,0.89553660,1.01442784,0.96286397,2.20789760,0.64083332,2.00676111,0.98691471,2.20770126,1.01457001,0.77021690,0.81371659,2.20498587,1.18019376,1.82524988,1.39143804,2.20418956,1.17406998,1.08684264,0.81015268,2.20443394,0.71554184,SD 02 80 FFFFFFFF 93894F 95D5F3 7FDE79 62D709 559A0F 2DC374 7FDCB5 5A32B7 52B489 67740E 7FED1E 49D278 508A17 4DB01B 7FF068 398BB6 79D4A7 4F0785 7FEEF3 508C12 422956 44E47C 7FDAC9 591E62 73CBA9 62E83E 7FD4DE 58D113 5464B5 44ABF6 7FD6AF 3E9D15 7CE7B9 000FFF 02 0FB8D6,2026-07-27T21:53:43.713+00:00,serial_request_midpoint,357.4679,True,matched,100.38115,100.38115,2026-07-27T21:53:43.813+00:00,146.271053,1785189223755.455,4391,False,,,,,,,,,,,,,,False,,,,,,,,,,,,,,True,0.548632895141517,-16.17760014349892,-6.983550091751726,44.90459528870319,0.008491072363713596,-0.7214385822772295,-2.8682158645241045,32.73338052037256,13.749759993229777,-27.20237731593566,0.48882012184255397,-0.1464869494071745,0.1212833593872521,False,,,,,,,,,,,,,,False,,,,,,,,,,,,,,False,,,,,,,,,,,,,,True,0.11321661084074111,11.252372544816781,9.40549662703579,76.20148295775287,0.1981884364214573,0.01693803935876554,-3.036791245907974,0.0,1.4210854715202005e-15,0.0,0.0,0.0,0.0,True,2,0.5486328951414995,-16.630922285128953,-4.626383514692323,49.35195266457348,2.6709473500124097,0.24847623260284638,0.03900465681060361,32.37251035737357,11.338539705703834,-22.775582503061877,-0.17287268534969646,2.936141518712925,0.6864581022448004,True,-11.024528617347832,-31.666173605145854,71.77937821094913,26.548913901695453,38.69402252356598,-0.790710457602745
2026-07-27T21:53:44.447+00:00,235.300000,103037.000000,1.218556,4095,2,02,80,FFFFFFFF,32,3.01280779,3.12489410,2.20682820,1.39206642,1.11038177,0.48106718,2.20762283,1.20253444,1.05542101,1.49876573,2.20767652,0.89581052,1.01468528,0.96312465,2.20541489,0.64091442,2.00734962,0.98726978,2.20481187,1.01518316,0.77040160,0.81395333,2.20721443,1.18086904,1.82577958,1.39330423,2.20533076,1.17500208,1.08798367,0.81024592,2.20506525,0.71577939,SD 02 80 FFFFFFFF 93ACD5 95F377 7FE878 62EF42 559C26 2DC382 7FEE5E 5A3611 52BDFA 67740B 7FEEC4 49D695 508DAD 4DB3DB 7FDDF9 398D28 79D972 4F0C8D 7FD97E 50949C 422C59 44E83C 7FEB56 5926E4 73D05F 62FD12 7FDD59 58DCDC 5473E8 44AD71 7FDB60 3EA11A 7CC7B7 000FFF 02 0FB8E2,2026-07-27T21:53:44.270+00:00,serial_request_midpoint,355.1942,True,matched,41.9477,41.9477,2026-07-27T21:53:44.312+00:00,146.769695,1785189224255.459,4406,False,,,,,,,,,,,,,,False,,,,,,,,,,,,,,True,0.6269667163523679,-15.956971049234088,-7.03691576535673,44.63664925352035,-0.0010641083275044236,-0.7380502493042835,-2.873698922434604,32.461351401694856,13.686365757500283,-27.80861544121808,0.4946729524496561,-0.14866300441953437,0.11112700606373427,False,,,,,,,,,,,,,,False,,,,,,,,,,,,,,False,,,,,,,,,,,,,,True,0.15420655716904622,11.26442454349934,9.419234810141315,76.29996818016471,0.19143648776172753,0.009318232136549672,-3.036895178374869,0.0,0.0,-1.1368683772161604e-14,0.0,0.0,0.0,True,2,0.626966716352366,-16.37188178793291,-4.628882110914557,49.06044239313583,2.661977375398157,0.23501406297881844,0.03029598690421282,32.079688867898604,11.249579212129955,-23.397592001389064,-0.15762644113511062,2.9329929894024747,0.6948935969158575,True,-10.979464270069448,-31.49070992233202,71.75262947756968,26.536805790607378,38.51468302056532,-1.2286525536195996
2026-07-27T21:53:45.005+00:00,235.800000,103037.500000,1.217946,4095,2,02,80,FFFFFFFF,32,3.02032116,3.13177228,2.20707024,1.39487301,1.11082071,0.48109159,2.20549114,1.20287745,1.05621407,1.49882138,2.20493751,0.89615266,1.01507572,0.96342583,2.20487127,0.64101965,2.00857224,0.98780088,2.20715549,1.01580019,0.77062418,0.81416742,2.20772705,1.18136714,1.82617981,1.39535288,2.20773968,1.17628320,1.08946340,0.81038050,2.20789812,0.71609341,SD 02 80 FFFFFFFF 93D4AB 96166C 7FEA44 630E90 55A1EA 2DC3FF 7FDE8A 5A3A55 52C8BF 6774A1 7FDA6D 49DBB8 50931D 4DB830 7FD9EF 398F08 79E366 4F1413 7FEAE6 509D33 422FFA 44EBA0 7FEF24 592D2A 73D3EE 6313E9 7FEF3C 58ED0C 54879A 44AF94 7FF069 3EA66A 7CB7B7 000FFF 02 0FB8E7,2026-07-27T21:53:44.826+00:00,serial_request_midpoint,357.3892,True,matched,83.7334,83.7334,2026-07-27T21:53:44.910+00:00,147.367931,1785189224855.499,4424,False,,,,,,,,,,,,,,False,,,,,,,,,,,,,,True,0.5889517451419832,-15.5641057284849,-6.892252047324743,44.28720165167941,0.024366813953885295,-0.7626021444847426,-2.8653819772929543,32.242999902845575,13.753170064205538,-27.80659838594205,0.5179859457809657,-0.13858461217744697,0.1164083412615695,False,,,,,,,,,,,,,,False,,,,,,,,,,,,,,False,,,,,,,,,,,,,,True,0.0875970311476224,11.248568390608886,9.40464488658946,76.18483949926289,0.20094040161967822,0.01852349152072804,-3.0367106290736565,0.0,0.0,0.0,0.0,0.0,0.0,True,2,0.588951745141963,-16.071506267401155,-4.417550707509109,48.66431494302084,2.644163892153367,0.23700534059241776,0.05353015906055747,31.925526909568113,11.215826976155608,-23.447490249467307,-0.16653473273986463,2.934057095758452,0.7311890318020844,True,-10.912845273798478,-30.88322840592009,71.87050884570688,26.339895814164105,37.929805117359024,-0.6278624727153328
2026-07-27T21:53:45.564+00:00,237.000000,103038.700000,1.217946,4095,2,02,80,FFFFFFFF,32,3.02830981,3.13900002,2.20761283,1.39793112,1.11137551,0.48107675,2.20818872,1.20345557,1.05704178,1.49886070,2.20776337,0.89653991,1.01546597,0.96376457,2.20793129,0.64113080,2.00995839,0.98840113,2.20764283,1.01659097,0.77092540,0.81444592,2.20495748,1.18195755,1.82681919,1.39815793,2.20458847,1.17805685,1.09144118,0.81052863,2.20508050,0.71649019,SD 02 80 FFFFFFFF 93FEE6 963B0F 7FEE4B 63309E 55A933 2DC3B3 7FF291 5A4185 52D3FB 67750B 7FEF69 49E188 50988C 4DBD0F 7FF0A8 399103 79EEAD 4F1C93 7FEE84 50A834 4234E3 44F009 7FDA93 593499 73D99D 633324 7FD7D5 590370 54A1E6 44B1EE 7FDB7D 3EAD20 7CB7B9 000FFF 02 0FB8F3,2026-07-27T21:53:45.385+00:00,serial_request_midpoint,359.1023,True,matched,25.34945,25.34945,2026-07-27T21:53:45.410+00:00,147.867978,1785189225355.556,4439,False,,,,,,,,,,,,,,False,,,,,,,,,,,,,,True,0.5877130468489488,-15.72740688065197,-6.412004277572265,44.134399290272356,0.00942645959436551,-0.7687298616192969,-2.8663053185292595,32.251203499353025,13.239938276590987,-28.070524066349982,0.5211133513218756,-0.14464448720004705,0.11327616084620806,False,,,,,,,,,,,,,,False,,,,,,,,,,,,,,False,,,,,,,,,,,,,,True,0.07401603478287773,11.246269723885197,9.400503370362511,76.16213393389026,0.19450895514345115,0.017184548971940865,-3.0372461845451153,0.0,0.0,0.0,0.0,0.0,0.0,True,2,0.587713046848928,-16.184662660916416,-3.914565639664489,48.50411784457652,2.6407533396567993,0.23337996154240226,0.039817212947830624,31.90183409535907,10.687869294692021,-23.722466135076292,-0.16145372998020688,2.9273915907423405,0.7345441871539499,True,-10.950916488525476,-30.296870017619277,71.7883019927076,26.319142639188936,37.34085236848426,-0.8309095234018287
2026-07-27T21:53:46.120+00:00,237.600000,103039.300000,1.218556,4095,2,02,80,FFFFFFFF,32,3.03789934,3.14844031,2.20446338,1.40177566,1.11203614,0.48110273,2.20456429,1.20419454,1.05799952,1.49889632,2.20452592,0.89710092,1.01591891,0.96417973,2.20669404,0.64126081,2.01178236,0.98911283,2.20746862,1.01741248,0.77120415,0.81470301,2.20769283,1.18254009,1.82758540,1.40109113,2.20783390,1.18007194,1.09335041,0.81066323,2.20831191,0.71688014,SD 02 80 FFFFFFFF 94316C 966AC3 7FD6E7 635B59 55B1DF 2DC438 7FD7A7 5A4AB4 52E0F9 67756B 7FD75E 49E9F3 509EDA 4DC307 7FE779 399354 79FD81 4F26A6 7FED39 50B3A1 42396E 44F41B 7FEEE3 593BEE 73E06C 6353BF 7FEFEF 591CD9 54BB41 44B411 7FF37B 3EB3B8 7CC7B9 000FFF 02 0FB8F9,2026-07-27T21:53:45.942+00:00,serial_request_midpoint,354.9918,True,matched,56.472,56.472,2026-07-27T21:53:45.999+00:00,148.456313,1785189225922.326,4456,False,,,,,,,,,,,,,,False,,,,,,,,,,,,,,True,0.6008659055205794,-15.835006018355429,-6.469620253826942,43.98991881013093,0.015236795995803975,-0.7753566545418625,-2.858480620076962,32.391572262481866,13.416403461071562,-28.07540429370793,0.5303695203582713,-0.1420633696711673,0.1201765089863545,False,,,,,,,,,,,,,,False,,,,,,,,,,,,,,False,,,,,,,,,,,,,,True,0.07006984498812151,11.238139369915135,9.39973588581662,76.12479855503918,0.19586644654466062,0.02332892323967899,-3.037424003913956,0.0,0.0,1.1368683772161604e-14,0.0,0.0,0.0,True,2,0.6008659055205711,-16.321126641906268,-3.952129780591553,48.344990712711876,2.6345099011528674,0.24112861488623277,0.04499428662408442,32.06737190293618,10.82429746137631,-23.749135296831213,-0.17205519032062103,2.925857730751276,0.7485122659457077,True,-10.974549000295633,-30.1744453989701,71.78375317715351,26.298484149915872,37.23393266586308,-0.6229073901635502
2026-07-27T21:53:46.677+00:00,238.700000,103040.400000,1.219167,4095,2,02,80,FFFFFFFF,32,3.04580101,3.15575752,2.20761125,1.40522545,1.11272474,0.48111347,2.20758072,1.20489671,1.05877165,1.49898611,2.20752809,0.89752435,1.01630768,0.96453602,2.20787075,0.64139610,2.01344048,0.98978565,2.20769441,1.01805537,0.77146904,0.81486168,2.20774179,1.18280272,1.82810252,1.40306803,2.20757230,1.18194762,1.09470683,0.81080769,2.20527871,0.71710820,SD 02 80 FFFFFFFF 945AEA 968F9F 7FEE48 63819D 55BAE8 2DC46F 7FEE0E 5A536D 52EB71 67765D 7FEDAA 49F04D 50A443 4DC826 7FF035 3995BD 7A0AF9 4F302B 7FEEE6 50BC91 423DBF 44F69E 7FEF40 593F3C 73E504 6369B1 7FEDFE 593479 54CD40 44B65C 7FDCF6 3EB793 7CD7B9 000FFF 02 0FB904,2026-07-27T21:53:46.498+00:00,serial_request_midpoint,357.2553,True,matched,90.29695,90.29695,2026-07-27T21:53:46.588+00:00,149.046437,1785189226522.453,4474,False,,,,,,,,,,,,,,False,,,,,,,,,,,,,,True,0.6724839975591385,-15.885125695890613,-5.95470922757728,43.99799297747332,0.021248917812175836,-0.7729261070555083,-2.860022495235575,32.36143645039052,12.553455732009443,-28.435248634996736,0.5188790833488376,-0.13452676250720658,0.11662763390428622,False,,,,,,,,,,,,,,False,,,,,,,,,,,,,,False,,,,,,,,,,,,,,True,0.07089678558641699,11.259047612756872,9.411277836481858,76.25470517539492,0.19134009390129258,0.007755573004256871,-3.036098616340287,2.842170943040401e-15,0.0,0.0,0.0,0.0,0.0,True,2,0.6724839975591349,-16.38887395413123,-3.44692025859568,48.35665731363776,2.636355441620723,0.2400798560074052,0.05054449915725688,32.0640445099148,10.013107407639271,-24.076474605457253,-0.16717260307006548,2.9376153666592297,0.7333858034183264,True,-11.130610874984955,-29.720095686560306,71.75841444967418,26.53192280797365,36.70623727831971,-1.2194458853009906
2026-07-27T21:53:47.233+00:00,239.900000,103041.600000,1.219167,4095,2,02,80,FFFFFFFF,32,3.04565350,3.15594777,2.20696185,1.40617498,1.11320034,0.48113163,2.20806500,1.20548055,1.05870421,1.49897423,2.20784496,0.89774105,1.01644581,0.96458739,2.20798077,0.64144764,2.01390382,0.98994278,2.20758757,1.01815065,0.77150117,0.81481578,2.20738967,1.18249353,1.82835629,1.40328915,2.20753914,1.18302471,1.09492569,0.81086455,2.20754178,0.71718030,SD 02 80 FFFFFFFF 945A24 969094 7FE976 638C22 55C125 2DC4CC 7FF1A6 5A5AAD 52EA87 67763D 7FF004 49F38D 50A62F 4DC8E3 7FF106 3996A8 7A0EBC 4F3264 7FEE1B 50BDE4 423E45 44F5E4 7FECA3 593B58 73E745 636C25 7FEDBF 594207 54D027 44B743 7FEDC4 3EB8CB 7CD7B9 000FFF 02 0FB910,2026-07-27T21:53:47.055+00:00,serial_request_midpoint,356.0909,True,matched,36.11125,36.11125,2026-07-27T21:53:47.091+00:00,149.5491,1785189227022.465,4489,False,,,,,,,,,,,,,,False,,,,,,,,,,,,,,True,0.5902774192886149,-15.960559400963353,-5.549363723966492,43.9354256997235,0.026627658472282895,-0.7740993150533155,-2.8557762254743473,32.421163104544526,12.271558622240503,-28.382506743414275,0.5234655009006102,-0.13211725914537603,0.12177621510316501,False,,,,,,,,,,,,,,False,,,,,,,,,,,,,,False,,,,,,,,,,,,,,True,0.136661624521895,11.255754618578578,9.411638777243509,76.2267606436213,0.1931608500754189,0.012889491004267738,-3.0368793460396635,2.842170943040401e-15,0.0,1.1368683772161604e-14,0.0,0.0,0.0,True,2,0.590277419288585,-16.487385771886803,-3.038696371014113,48.28970247172259,2.6344310905536954,0.24519340213185206,0.055410037433432396,32.14387889886639,9.711622317942219,-24.033879100505636,-0.17511812244118108,2.9377783174631205,0.7405309670691917,True,-11.170747421518215,-29.259395131199426,71.73708245139528,26.483097591150546,36.27774220926891,-1.0606741948330067
2026-07-27T21:53:47.790+00:00,240.400000,103042.100000,1.219777,4095,2,02,80,FFFFFFFF,32,3.04093758,3.15176997,2.20498850,1.40522016,1.11334033,0.48114492,2.20721548,1.20580747,1.05840138,1.49897757,2.20524453,0.89772620,1.01642026,0.96457189,2.20709234,0.64145202,2.01379170,0.98999580,2.20761915,1.01803851,0.77147192,0.81475236,2.20780758,1.18232902,1.82844470,1.40315042,2.20766441,1.18386016,1.09497106,0.81091968,2.20767336,0.71724801,SD 02 80 FFFFFFFF 944164 967B8C 7FDACE 63818E 55C2FB 2DC510 7FEB58 5A5EBC 52E66C 677646 7FDCB5 49F354 50A5D4 4DC8AA 7FEA6E 3996BC 7A0DD3 4F3324 7FEE57 50BC55 423DCB 44F4E3 7FEFBD 593946 73E80E 636A9B 7FEEAD 594C89 54D0C1 44B823 7FEEBE 3EB9F0 7CE7B9 000FFF 02 0FB915,2026-07-27T21:53:47.612+00:00,serial_request_midpoint,356.2619,True,matched,68.65155,68.65155,2026-07-27T21:53:47.680+00:00,150.137987,1785189227622.476,4507,False,,,,,,,,,,,,,,False,,,,,,,,,,,,,,True,0.6234941726522648,-16.000461414846434,-5.2944177714385665,43.8259001083589,0.03558321232363753,-0.7817293089633839,-2.8497138061887166,32.53659197354009,11.943446034755905,-28.355246815400612,0.5274915832525464,-0.12946919614259242,0.12663511999607746,False,,,,,,,,,,,,,,False,,,,,,,,,,,,,,False,,,,,,,,,,,,,,True,0.09681923001094653,11.249430552605695,9.402733629677781,76.17915142650153,0.19835525841845858,0.010509013925688948,-3.036247176100811,0.0,0.0,-1.1368683772161604e-14,0.0,0.0,0.0,True,2,0.6234941726522409,-16.56403606117536,-2.7627899367281326,48.16340708963713,2.6279076255174068,0.25014567535747606,0.06350738777341754,32.28003367779387,9.36656425449023,-24.015364234094818,-0.18264901464653924,2.938365926212423,0.7469162517087496,True,-11.235766986863819,-28.826188321142972,71.78289328343833,26.504586874171792,35.8187921086476,-0.9395073593778989
2026-07-27T21:53:48.346+00:00,241.600000,103043.300000,1.217946,4095,2,02,80,FFFFFFFF,32,3.03909549,3.15021815,2.20706288,1.40497096,1.11346247,0.48116113,2.20775126,1.20612061,1.05834203,1.49903323,2.20789760,0.89779159,1.01647669,0.96459146,2.20770494,0.64144632,2.01386725,0.99005380,2.20779811,1.01811158,0.77148055,0.81474619,2.20796971,1.18232468,1.82851112,1.40328985,2.20538071,1.18461055,1.09509185,0.81095463,2.20739494,0.71733884,SD 02 80 FFFFFFFF 9437B6 9673BA 7FEA36 637ECB 55C495 2DC563 7FEF52 5A629F 52E59E 6776DC 7FF068 49F44F 50A69D 4DC8F2 7FEEFA 3996A2 7A0E70 4F33F6 7FEFAB 50BD59 423DEF 44F4CA 7FF0F1 593938 73E8A5 636C27 7FDDB8 5955F8 54D25B 44B8B1 7FECAD 3EBB79 7CB7B9 000FFF 02 0FB921,2026-07-27T21:53:48.168+00:00,serial_request_midpoint,356.0316,True,matched,86.7815,86.7815,2026-07-27T21:53:48.254+00:00,150.712452,1785189228189.147,4524,False,,,,,,,,,,,,,,False,,,,,,,,,,,,,,True,0.6089680391626593,-16.025422013194017,-4.8182800109478,43.7410999490146,0.030874837667211698,-0.7852253157510902,-2.8426501604717376,32.43939443507939,11.55173536913551,-28.549372485592738,0.5324543341096952,-0.12972405445262944,0.1329149876461085,False,,,,,,,,,,,,,,False,,,,,,,,,,,,,,False,,,,,,,,,,,,,,True,0.04979791212988993,11.25510079634247,9.404670208720471,76.21115281256125,0.19371579311699935,0.013182203923642954,-3.0373448349381706,2.842170943040401e-15,0.0,1.1368683772161604e-14,0.0,0.0,0.0,True,2,0.608968039162643,-16.583141633179004,-2.2725895949697352,48.07112672340813,2.6238953793807185,0.2579793347753814,0.05906228884566762,32.19204686262516,8.953211958888433,-24.2218769049731,-0.1920916194011719,2.9356416107076315,0.7539907700331689,True,-11.02590295925307,-28.217194362763923,71.76850836138917,26.213459815222876,35.26147221129496,-1.0334475890313115
2026-07-27T21:53:48.904+00:00,242.100000,103043.800000,1.217946,4095,2,02,80,FFFFFFFF,32,3.03883912,3.15010889,2.20747493,1.40512041,1.11360308,0.48115410,2.20814449,1.20635952,1.05840455,1.49901727,2.20770915,0.89789813,1.01658226,0.96466241,2.20554267,0.64148207,2.01419111,0.99024107,2.20499165,1.01839125,0.77158004,0.81482146,2.20686661,1.18252612,1.82890705,1.40410626,2.20757335,1.18576958,1.09581823,0.81103832,2.20768073,0.71749161,SD 02 80 FFFFFFFF 94365D 96732D 7FED45 638073 55C66D 2DC53F 7FF23D 5A6596 52E677 6776B1 7FEF02 49F5E8 50A815 4DC9F7 7FDEEC 399745 7A1111 4F369C 7FDAD4 50C13C 423F8E 44F5FB 7FE8C1 593BC1 73EC29 637535 7FEE00 596488 54DBFC 44BA05 7FEECC 3EBE0E 7CB7B9 000FFF 02 0FB926,2026-07-27T21:53:48.725+00:00,serial_request_midpoint,357.5989,True,matched,29.53455,29.53455,2026-07-27T21:53:48.754+00:00,151.212625,1785189228689.145,4539,False,,,,,,,,,,,,,,False,,,,,,,,,,,,,,True,0.5793860952082387,-16.1691459694489,-4.32548752423637,43.561482181831465,0.025184821837170114,-0.7823203831267845,-2.843964515655009,32.635814731913925,11.100851087156387,-28.551396817147843,0.5327897888789439,-0.13674219618658312,0.13210955287829776,False,,,,,,,,,,,,,,False,,,,,,,,,,,,,,False,,,,,,,,,,,,,,True,0.13464167809842514,11.249373585534348,9.402431951486005,76.16940408075588,0.19780782468248195,0.017593280715311306,-3.0361051663904988,0.0,0.0,1.1368683772161604e-14,0.0,0.0,0.0,True,2,0.5793860952082298,-16.70675769360041,-1.7865770295317709,47.89802803555391,2.6261540729556043,0.2574009681217134,0.053864584544608844,32.35399746448836,8.499059567103583,-24.227974246837874,-0.1903205953328429,2.928876512955815,0.7529252884490678,True,-11.09869255920276,-27.78089581648622,71.52886193922072,26.292870287784204,34.80149191326384,-1.0543663111790464
2026-07-27T21:53:49.461+00:00,243.300000,103045.000000,1.219167,4095,2,02,80,FFFFFFFF,32,3.04110862,3.15208711,2.20495380,1.40634745,1.11390014,0.48119609,2.20749651,1.20673227,1.05855466,1.49906847,2.20492068,0.89809092,1.01671452,0.96479098,2.20474563,0.64154435,2.01459733,0.99048499,2.20449701,1.01856385,0.77164286,0.81486094,2.20474038,1.18247987,1.82900913,1.40443003,2.20659355,1.18658429,1.09603518,0.81108706,2.20538071,0.71755449,SD 02 80 FFFFFFFF 94424A 967D25 7FDA8C 638E0B 55CA52 2DC616 7FED6E 5A6A36 52E880 67773B 7FDA4D 49F8CC 50A9EC 4DCBD0 7FD900 399861 7A145D 4F3A0F 7FD727 50C3A2 424094 44F69B 7FD8F6 593B2C 73ED11 6378CC 7FE6BA 596EC3 54DEDC 44BACB 7FDDB8 3EBF1E 7CD7B9 000FFF 02 0FB932,2026-07-27T21:53:49.283+00:00,serial_request_midpoint,356.8879,True,matched,51.17745,51.17745,2026-07-27T21:53:49.334+00:00,151.791806,1785189229255.804,4556,False,,,,,,,,,,,,,,False,,,,,,,,,,,,,,True,0.623785426807339,-16.328022071754354,-3.999976478693128,43.28973156910892,0.03118648488513831,-0.7795587717446244,-2.8458185529515085,32.722874083270675,10.770326165967225,-28.84073114270757,0.5311426378038744,-0.1305117072543407,0.13059418626758199,False,,,,,,,,,,,,,,False,,,,,,,,,,,,,,False,,,,,,,,,,,,,,True,0.08340439922872087,11.242772536411808,9.39748119073905,76.13685624550847,0.1947353976284072,0.017566060120629355,-3.036607409788388,-2.842170943040401e-15,0.0,0.0,0.0,0.0,0.0,True,2,0.6237854268073393,-16.882772509170632,-1.4719569595751827,47.630479425655714,2.6282902832625057,0.2560707620871669,0.059423644716748526,32.468108055575286,8.17729985162381,-24.510369553275872,-0.18853783752898107,2.935615270633559,0.7519480621827286,True,-11.369552289575028,-27.52587930068906,71.21795169772416,26.550635902184098,34.52652709592179,-1.3527992646136
2026-07-27T21:53:50.017+00:00,243.800000,103045.500000,1.219167,4095,2,02,80,FFFFFFFF,32,3.03862291,3.14989038,2.20710024,1.40587452,1.11397613,0.48116992,2.20787233,1.20700086,1.05838179,1.49910446,2.20740546,0.89806200,1.01669711,0.96476733,2.20795655,0.64153689,2.01440383,0.99050405,2.20780074,1.01846518,0.77162872,0.81480048,2.20545906,1.18227564,1.82908920,1.40402664,2.20717759,1.18701467,1.09602486,0.81109912,2.20786127,0.71755749,SD 02 80 FFFFFFFF 94353A 967213 7FEA7D 6388CE 55CB51 2DC590 7FF038 5A6D8B 52E628 67779C 7FECC1 49F85D 50A9AE 4DCB79 7FF0D8 39983F 7A12CB 4F3A54 7FEFB0 50C243 424059 44F5A6 7FDE4D 59389A 73EDC7 637453 7FEB10 59742A 54DEB9 44BAFC 7FF023 3EBF2B 7CD7B9 000FFF 02 0FB937,2026-07-27T21:53:49.839+00:00,serial_request_midpoint,355.2749,True,matched,79.46445,79.46445,2026-07-27T21:53:49.918+00:00,152.376475,1785189229855.793,4574,False,,,,,,,,,,,,,,False,,,,,,,,,,,,,,True,0.5498338082404494,-16.106446835894676,-3.6423242756210756,43.263234381289536,0.045218158664932555,-0.7845981476039233,-2.839117127866903,32.447293045452355,10.569707398156897,-28.973290406136734,0.5385667288736568,-0.11979431782516364,0.136781633392353,False,,,,,,,,,,,,,,False,,,,,,,,,,,,,,False,,,,,,,,,,,,,,True,0.0522771589128847,11.254791694845064,9.407679867198576,76.20343953175576,0.192828852938277,0.0219246483873786,-3.037792639111521,2.842170943040401e-15,-1.4210854715202005e-15,1.1368683772161604e-14,0.0,0.0,0.0,True,2,0.5498338082404567,-16.715579194689564,-1.10295523594351,47.59004446104787,2.623071380439196,0.26276863587481786,0.07220816501396343,32.255191989028006,7.94755011190634,-24.657260845674244,-0.19877702585333878,2.9424472744762973,0.765148925059018,True,-11.206589399950511,-27.031081798188996,71.31670876823166,26.30509376518245,34.09655888782065,-1.2821247841259606
2026-07-27T21:53:50.577+00:00,245.000000,103046.700000,1.218556,4095,2,02,80,FFFFFFFF,32,3.03559032,3.14702508,2.20752125,1.40505449,1.11401457,0.48118105,2.20746125,1.20711517,1.05810149,1.49907812,2.20504107,0.89796091,1.01663842,0.96467573,2.20716181,0.64152856,2.01412036,0.99040957,2.20755809,1.01838113,0.77157117,0.81472818,2.20808027,1.18212605,1.82902012,1.40357545,2.20501689,1.18728017,1.09580320,0.81114318,2.20739652,0.71754686,SD 02 80 FFFFFFFF 942546 96639F 7FED9D 637FB8 55CBD2 2DC5C9 7FED2B 5A6EF6 52E25B 677755 7FDB32 49F6D9 50A8DD 4DCA28 7FEAF2 399819 7A107E 4F38FE 7FEDE3 50C118 423F69 44F481 7FF1C3 5936B8 73ED2A 636F52 7FDB04 59777F 54DBC9 44BBAF 7FECB0 3EBEFD 7CC7B9 000FFF 02 0FB943,2026-07-27T21:53:50.397+00:00,serial_request_midpoint,360.0619,True,matched,20.73565,20.73565,2026-07-27T21:53:50.417+00:00,152.875589,1785189230355.782,4589,False,,,,,,,,,,,,,,False,,,,,,,,,,,,,,True,0.5905895079474285,-16.10117789048325,-3.4768995597966934,43.50829464638049,0.05065279289806881,-0.7917261644520937,-2.8388124891278728,32.41046217228591,10.275426687997333,-28.70213061053463,0.5401949571612039,-0.11699289405122545,0.1349728706418894,False,,,,,,,,,,,,,,False,,,,,,,,,,,,,,False,,,,,,,,,,,,,,True,0.10756367456828322,11.245468170394638,9.401166133106704,76.16026436730407,0.1941759008047712,0.016951920151484133,-3.0370569887720285,2.842170943040401e-15,0.0,0.0,0.0,0.0,0.0,True,2,0.590589507947419,-16.727831075197408,-0.9186251156547227,47.82144434704277,2.6184292420523536,0.26031096656157693,0.07713819139115748,32.22999208400663,7.647015344123067,-24.389404437866705,-0.19631103186024934,2.9447065059026465,0.7682491555186743,True,-11.339782225518881,-26.748040884652095,71.68316107819807,26.37839502080874,33.766386396061904,-0.9563384328970983
2026-07-27T21:53:51.134+00:00,245.600000,103047.300000,1.219166,4095,2,02,80,FFFFFFFF,32,3.03381354,3.14532749,2.20741915,1.40438141,1.11400414,0.48120215,2.20814607,1.20718824,1.05800384,1.49903842,2.20790497,0.89793147,1.01664151,0.96469177,2.20542436,0.64149983,2.01415357,0.99050432,2.20713286,1.01842554,0.77163519,0.81477753,2.20766757,1.18233057,1.82917633,1.40430214,2.20754967,1.18807630,1.09659005,0.81121457,2.20736020,0.71769526,SD 02 80 FFFFFFFF 941BEB 965B0D 7FECDB 637842 55CBAF 2DC635 7FF240 5A6FDE 52E108 6776EA 7FF076 49F668 50A8E8 4DCA63 7FDE0B 399796 7A10C3 4F3A55 7FEABB 50C1B6 424074 44F549 7FEEB3 59394B 73EE8D 637761 7FEDD3 59817C 54E636 44BCD1 7FEC6B 3EC17F 7CD7B7 000FFF 02 0FB949,2026-07-27T21:53:50.956+00:00,serial_request_midpoint,356.9317,True,matched,44.67165,44.67165,2026-07-27T21:53:51.000+00:00,153.458177,1785189230922.5,4606,False,,,,,,,,,,,,,,False,,,,,,,,,,,,,,True,0.5154160523355936,-16.18328764277584,-3.0653974989161585,43.40017923584035,0.038956812633851985,-0.7983344836327411,-2.837243681545857,32.56477114632852,9.777689592121593,-28.714544058148828,0.5415906572477649,-0.12831531740629895,0.13612343754328338,False,,,,,,,,,,,,,,False,,,,,,,,,,,,,,False,,,,,,,,,,,,,,True,0.08326366030155316,11.246445494295491,9.402204970082904,76.15321272503128,0.19953004012861764,0.013178193463241991,-3.036744015057745,0.0,0.0,-1.1368683772161604e-14,0.0,0.0,0.0,True,2,0.5154160523356001,-16.773784392089706,-0.4828617781830264,47.70396195751441,2.614097615172655,0.2598015524191798,0.06633227457431994,32.3323915022309,7.140148076021903,-24.409884103279843,-0.19711138476362466,2.933224810775558,0.7676655500757411,True,-11.271956719173584,-26.196777852896524,71.66425676146608,26.26951458795197,33.218364211124886,-0.9846950652953979
2026-07-27T21:53:51.690+00:00,246.700000,103048.400000,1.219166,4095,2,02,80,FFFFFFFF,32,3.03932438,3.15080017,2.20732705,1.40636685,1.11438025,0.48121641,2.20793497,1.20752872,1.05847082,1.49906736,2.20740704,0.89817742,1.01690267,0.96493045,2.20756230,0.64160027,2.01493237,0.99087871,2.20780706,1.01887369,0.77177522,0.81487945,2.20809922,1.18255126,1.82948172,1.40529948,2.20755862,1.18907845,1.09732211,0.81126947,2.20770757,0.71783028,SD 02 80 FFFFFFFF 9438EA 9676A9 7FEC2C 638E42 55D09D 2DC67E 7FF0AF 5A7417 52E75D 677738 7FECC4 49FA18 50AC8A 4DCDD1 7FEDEB 399960 7A1715 4F3FA0 7FEFBC 50C7F0 4242BC 44F6E6 7FF1E7 593C12 73F143 63826F 7FEDE4 598E0D 54EFE8 44BDB0 7FEEFF 3EC3C7 7CD7B7 000FFF 02 0FB954,2026-07-27T21:53:51.512+00:00,serial_request_midpoint,355.6083,True,matched,69.98805,69.98805,2026-07-27T21:53:51.582+00:00,154.039924,1785189231522.578,4624,False,,,,,,,,,,,,,,False,,,,,,,,,,,,,,True,0.436482853264312,-16.2083883973571,-2.5716379429533918,43.37335953624474,0.05411283388208555,-0.7994607863240124,-2.8328911904754883,32.55093133038869,9.31019966169204,-28.791960054654787,0.5435020398389921,-0.11777589220842971,0.14035052469896778,False,,,,,,,,,,,,,,False,,,,,,,,,,,,,,False,,,,,,,,,,,,,,True,0.06046461093448213,11.252250782719795,9.407483488322566,76.2006935364565,0.19940053039748945,0.013610288053902906,-3.037164076408516,0.0,0.0,-1.1368683772161604e-14,0.0,0.0,0.0,True,2,0.4364828532643157,-16.853916527160273,0.009471129718975393,47.670089978413124,2.6118969698675314,0.26487630309179255,0.08018114966644545,32.37542136166964,6.6674817446261985,-24.487780531707973,-0.20435946804424265,2.942113253057352,0.7727925838220262,True,-11.405939317372189,-25.65605858414751,71.69448265669773,26.343404929612355,32.683410457662326,-0.9854924368487559
2026-07-27T21:53:52.246+00:00,247.900000,103049.600000,1.217946,4095,2,02,80,FFFFFFFF,32,3.03918986,3.15055293,2.20762862,1.40677570,1.11466731,0.48121602,2.20760862,1.20781098,1.05846678,1.49909408,2.20763915,0.89825350,1.01694059,0.96493779,2.20499849,0.64161365,2.01516780,0.99095442,2.20486075,1.01885569,0.77179465,0.81486587,2.20688660,1.18237558,1.82960011,1.40510596,2.20502898,1.18951787,1.09741091,0.81129754,2.20495748,0.71781710,SD 02 80 FFFFFFFF 943835 96756A 7FEE69 6392C9 55D460 2DC67C 7FEE43 5A7797 52E74F 677780 7FEE7D 49FB3C 50AD11 4DCDEC 7FDAE1 39999D 7A18FE 4F40B2 7FD9DB 50C7B0 42430D 44F6AF 7FE8E7 5939DC 73F250 63804A 7FDB1B 59938F 54F115 44BE22 7FDA93 3EC38E 7CB7BA 000FFF 02 0FB960,2026-07-27T21:53:52.068+00:00,serial_request_midpoint,356.2683,True,matched,97.19135,97.19135,2026-07-27T21:53:52.165+00:00,154.623283,1785189232089.236,4641,False,,,,,,,,,,,,,,False,,,,,,,,,,,,,,True,0.45713512533438666,-16.260036006517538,-1.8965301716196437,43.29649899651433,0.052036949834892814,-0.8030992387796526,-2.831893729618246,32.50397615156278,8.779415371069772,-28.85046105583306,0.550770528100223,-0.11837943613975074,0.14037995298993067,False,,,,,,,,,,,,,,False,,,,,,,,,,,,,,False,,,,,,,,,,,,,,True,0.07288545171065354,11.25017244684579,9.404824868217622,76.18119921058533,0.1972521396765674,0.020690172188467953,-3.0373511438268337,2.842170943040401e-15,-2.842170943040401e-15,0.0,0.0,0.0,0.0,True,2,0.45713512533437567,-16.899971815749996,0.6962948045086839,47.587007584164844,2.609394644784995,0.26473248996702964,0.0782308547697929,32.32878029315863,6.105390017381552,-24.56564857959723,-0.20442693864842967,2.938743515180795,0.7833687720570661,True,-11.43477299878966,-24.90677954374578,71.67404767922423,26.28317447700894,31.947382383106536,-0.8757056582287305
2026-07-27T21:53:52.803+00:00,248.400000,103050.100000,1.219777,4095,2,02,80,FFFFFFFF,32,3.03635185,3.14816851,2.20442186,1.40607270,1.11477016,0.48124493,2.20503792,1.20796726,1.05823083,1.49913934,2.20479399,0.89818654,1.01691531,0.96489103,2.20490176,0.64162132,2.01494874,0.99092789,2.20709866,1.01872832,0.77174333,0.81480418,2.20512098,1.18218719,1.82957370,1.40457168,2.20478453,1.18973108,1.09734925,0.81131452,2.20713760,0.71780854,SD 02 80 FFFFFFFF 942948 966964 7FD698 638B00 55D5B9 2DC710 7FDB2C 5A7987 52E41C 6777FA 7FD95C 49FA3B 50ACB7 4DCD40 7FDA29 3999C0 7A1737 4F4052 7FEA7A 50C5EB 424237 44F5B5 7FDBCA 59377D 73F214 637A5E 7FD94A 59963B 54F044 44BE67 7FEAC4 3EC369 7CE7BA 000FFF 02 0FB965,2026-07-27T21:53:52.625+00:00,serial_request_midpoint,356.6154,True,matched,44.6555,44.6555,2026-07-27T21:53:52.669+00:00,155.127671,1785189232589.223,4656,False,,,,,,,,,,,,,,False,,,,,,,,,,,,,,True,0.43895371226082797,-16.251487755128373,-1.2691750055990767,43.24461920358644,0.059878243611581866,-0.8071291301996907,-2.825857905853121,32.40634261795128,8.004093327076838,-29.017301304790635,0.5499829947932212,-0.11139430945411857,0.14438026144946728,False,,,,,,,,,,,,,,False,,,,,,,,,,,,,,False,,,,,,,,,,,,,,True,0.08550255894531247,11.25327737112388,9.404030054186846,76.19626432147189,0.1951341799641948,0.013821692645716784,-3.0370647116292773,0.0,0.0,0.0,0.0,0.0,0.0,True,2,0.4389537122608101,-16.92497140780905,1.3338069834902235,47.52382796968636,2.605021913681537,0.2708162453056873,0.08532782313197391,32.26960434543455,5.335674895806932,-24.72759632072635,-0.21103535967109288,2.9452630356010876,0.7837326222523531,True,-11.412403453732576,-24.157992351380127,71.71785772817307,26.209545850394022,31.179631131612005,-1.04348916316967
2026-07-27T21:53:53.359+00:00,249.600000,103051.300000,1.216115,4095,2,02,80,FFFFFFFF,32,3.03411094,3.14586822,2.20747651,1.40525894,1.11476539,0.48126446,2.20813028,1.20804130,1.05797158,1.49913304,2.20744441,0.89811228,1.01682965,0.96484372,2.20784285,0.64158689,2.01470371,0.99091960,2.20766283,1.01866703,0.77173398,0.81477210,2.20801499,1.18204599,1.82952661,1.40403932,2.20788707,1.18989942,1.09716989,0.81134924,2.20775600,0.71781109,SD 02 80 FFFFFFFF 941D7C 965DC8 7FED48 6381FC 55D5A9 2DC774 7FF222 5A7A72 52E098 6777E9 7FED0B 49F91E 50AB86 4DCC92 7FF000 399923 7A153A 4F4034 7FEEAA 50C511 424210 44F533 7FF147 5935B6 73F1A9 637477 7FF054 599857 54EDE4 44BEF4 7FEF5B 3EC374 7C87B9 000FFF 02 0FB971,2026-07-27T21:53:53.182+00:00,serial_request_midpoint,355.3092,True,matched,72.3253,72.3253,2026-07-27T21:53:53.254+00:00,155.711662,1785189233189.192,4674,False,,,,,,,,,,,,,,False,,,,,,,,,,,,,,True,0.43480070439346485,-16.34163594192416,-1.147145431261137,43.18050361167156,0.059776282683171277,-0.8125296790012397,-2.827715484023159,32.56659244917019,7.962254525526321,-28.97770259924002,0.5564009053597545,-0.11427517288598019,0.14164879263326496,False,,,,,,,,,,,,,,False,,,,,,,,,,,,,,False,,,,,,,,,,,,,,True,0.09025135551589326,11.254553462177507,9.407743297257129,76.20674080441212,0.1985508599944601,0.01877412511698634,-3.0364110660242,0.0,0.0,0.0,0.0,0.0,0.0,True,2,0.43480070439345364,-17.01165971710597,1.4711820484099434,47.45088444578789,2.602185605773349,0.26623922046963155,0.08518947172014239,32.415150447267635,5.265460957936308,-24.706275098700814,-0.20674243407917658,2.9403277433602018,0.7926025079694992,True,-11.606268781182886,-23.96279792768072,71.72979970446055,26.392227396927275,30.96718510437828,-0.8584850844871539
2026-07-27T21:53:53.917+00:00,250.100000,103051.800000,1.219167,4095,2,02,80,FFFFFFFF,32,3.03185639,3.14376625,2.20766283,1.40453468,1.11475764,0.48128946,2.20568044,1.20807344,1.05775326,1.49913526,2.20742073,0.89804611,1.01678837,0.96477984,2.20736810,0.64156847,2.01458144,0.99093784,2.20757914,1.01854024,0.77172031,0.81474792,2.20802499,1.18198827,1.82944256,1.40375260,2.20761967,1.19014916,1.09725102,0.81133619,2.20758599,0.71780045,SD 02 80 FFFFFFFF 94119B 96532A 7FEEAA 6379F5 55D58F 2DC7F4 7FDFF2 5A7AD8 52DDA2 6777EF 7FECDE 49F820 50AAF3 4DCBA7 7FEC7A 3998CF 7A143C 4F4076 7FEE0B 50C34E 4241D7 44F4D1 7FF15A 5934FC 73F0EA 637149 7FEE58 599B78 54EEF7 44BEBF 7FEE18 3EC346 7CD7B9 000FFF 02 0FB976,2026-07-27T21:53:53.738+00:00,serial_request_midpoint,356.9817,True,matched,96.54375,96.54375,2026-07-27T21:53:53.834+00:00,156.292304,1785189233755.84,4691,False,,,,,,,,,,,,,,False,,,,,,,,,,,,,,True,0.3704763985931455,-16.438357222334485,-0.9188854146908187,43.056696779018736,0.05746841201860664,-0.8166019965642812,-2.8281057001598833,32.63527573511545,7.662992998678011,-29.05259827465236,0.5567624957868903,-0.11570524040611495,0.14081471213793237,False,,,,,,,,,,,,,,False,,,,,,,,,,,,,,False,,,,,,,,,,,,,,True,0.11383710224506927,11.244606161771177,9.400087836527362,76.14760912407272,0.1987524922610891,0.015321022244531687,-3.0368867415606773,0.0,0.0,0.0,0.0,0.0,0.0,True,2,0.37047639859314385,-17.099993806160903,1.7121167015788668,47.320590300255624,2.5998125575789963,0.2641161169967658,0.08303523339614782,32.476021770857336,4.964205664064705,-24.78271441642884,-0.20536992561533662,2.9389161336229064,0.7928197129312177,True,-11.720095084932591,-23.66633118615957,71.6631946656644,26.456269628150388,30.660711444876405,-0.928501171611174
2026-07-27T21:53:54.473+00:00,251.300000,103053.000000,1.219167,4095,2,02,80,FFFFFFFF,32,3.03134954,3.14352893,2.20757283,1.40425175,1.11480057,0.48128966,2.20799077,1.20813993,1.05765564,1.49908072,2.20795234,0.89801771,1.01678781,0.96480376,2.20804289,0.64158316,2.01465750,0.99092320,2.20735178,1.01860321,0.77174045,0.81474101,2.20737178,1.18202147,1.82961772,1.40380438,2.20727600,1.19041546,1.09742035,0.81138912,2.20761599,0.71784415,SD 02 80 FFFFFFFF 940EEF 9651F7 7FEDFF 6376D2 55D61F 2DC7F5 7FF119 5A7BAB 52DC4F 67775C 7FF0D0 49F7B3 50AAF1 4DCBFF 7FF17C 399912 7A14DA 4F4041 7FEC5B 50C42E 42422B 44F4B5 7FEC81 593567 73F278 6371DC 7FEBCB 599ECE 54F135 44BF96 7FEE51 3EC403 7CD7BA 000FFF 02 0FB982,2026-07-27T21:53:54.295+00:00,serial_request_midpoint,356.2783,True,matched,42.47915,42.47915,2026-07-27T21:53:54.337+00:00,156.795063,1785189234255.836,4706,False,,,,,,,,,,,,,,False,,,,,,,,,,,,,,True,0.4035816664494475,-16.377664689600817,-0.3729269178388767,43.025896799539524,0.059846523201595274,-0.8199294950722085,-2.824369675442482,32.4454765644302,7.045742379165601,-29.305699466264645,0.5565632087880632,-0.11053354814650215,0.1429398552941613,False,,,,,,,,,,,,,,False,,,,,,,,,,,,,,False,,,,,,,,,,,,,,True,0.08653604509007672,11.254403352579947,9.410586295960169,76.2211847374577,0.19376187242613127,0.010324558572497148,-3.0374658540212933,0.0,0.0,0.0,0.0,0.0,0.0,True,2,0.4035816664494466,-17.052014304844985,2.2677410002723066,47.281816046162156,2.596636581739491,0.2675405594847699,0.0851428461541519,32.31371839584709,4.34944120925096,-25.03330869794498,-0.20900950909570348,2.9436854538610926,0.7936956130476258,True,-11.623845990155079,-23.02776052600542,71.69992215645718,26.30959445662105,30.04223809374007,-1.1711629707278235
2026-07-27T21:53:55.029+00:00,251.900000,103053.600000,1.218556,4095,2,02,80,FFFFFFFF,32,3.03158220,3.14360005,2.20749704,1.40440220,1.11481876,0.48128497,2.20804763,1.20829308,1.05770978,1.49904658,2.20786864,0.89805444,1.01681056,0.96479398,2.20551480,0.64158031,2.01460551,0.99096520,2.20738967,1.01855767,0.77172367,0.81468821,2.20767968,1.18193396,1.82958207,1.40362546,2.20768968,1.19062504,1.09740295,0.81137435,2.20770547,0.71781363,SD 02 80 FFFFFFFF 941029 965253 7FED6F 63787D 55D65C 2DC7DD 7FF185 5A7D91 52DD0B 677700 7FF031 49F840 50AB42 4DCBDB 7FDEB7 399905 7A146E 4F40D9 7FECA3 50C38C 4241E5 44F3DF 7FEECA 59344D 73F227 636FE0 7FEEDD 59A16E 54F0FA 44BF5A 7FEEFB 3EC37F 7CC7BA 000FFF 02 0FB988,2026-07-27T21:53:54.851+00:00,serial_request_midpoint,356.1623,True,matched,82.67915,82.67915,2026-07-27T21:53:54.934+00:00,157.391718,1785189234855.857,4724,False,,,,,,,,,,,,,,False,,,,,,,,,,,,,,True,0.3378873911466072,-16.72944132588055,0.2023986824862014,42.88689661092878,0.04829646943683069,-0.8287305943782635,-2.8273153711980434,32.77841471933654,6.469305218039096,-29.38386842574202,0.563638529247293,-0.11960673700025402,0.13746169270957734,False,,,,,,,,,,,,,,False,,,,,,,,,,,,,,False,,,,,,,,,,,,,,True,0.12311508394744068,11.255652043202307,9.412461920033795,76.22902295977424,0.19440390229246587,0.013167599069218916,-3.0364677998109877,0.0,0.0,1.1368683772161604e-14,0.0,0.0,0.0,True,2,0.33788739114659466,-17.361404504535667,2.872354260776332,47.13103171672661,2.5922421444060224,0.26028336729015833,0.0745285638184461,32.598876287026926,3.7400842356190567,-25.134181163610133,-0.20007557709130752,2.9328614622809153,0.8021083422516443,True,-11.974139907322826,-22.318947260098724,71.66564038644302,26.61813122797769,29.284447050848478,-1.1073725608278893
2026-07-27T21:53:55.589+00:00,253.000000,103054.700000,1.222218,4095,2,02,80,FFFFFFFF,32,3.03020358,3.14216343,2.20508733,1.40394351,1.11484053,0.48127462,2.20738967,1.20834886,1.05750129,1.49905437,2.20770862,0.89800390,1.01680185,0.96476489,2.20770494,0.64155970,2.01445678,0.99095884,2.20774442,1.01850791,0.77171480,0.81462455,2.20793760,1.18183777,1.82960011,1.40322823,2.20760178,1.19070364,1.09729350,0.81136844,2.20547799,0.71781317,SD 02 80 FFFFFFFF 9408E4 964B10 7FDB8A 637367 55D6A5 2DC7A8 7FECA3 5A7E42 52DA37 677715 7FEF01 49F77E 50AB23 4DCB70 7FEEFA 3998A7 7A1339 4F40C2 7FEF45 50C2DB 4241C0 44F2DD 7FF0B4 593317 73F250 636B78 7FEE36 59A26A 54EF87 44BF42 7FDE71 3EC37D 7D27B9 000FFF 02 0FB993,2026-07-27T21:53:55.409+00:00,serial_request_midpoint,358.7958,True,matched,22.1661,22.1661,2026-07-27T21:53:55.431+00:00,157.889309,1785189235355.888,4739,False,,,,,,,,,,,,,,False,,,,,,,,,,,,,,True,0.4107288380529826,-16.646807613746784,0.2774324215742921,42.85699087496364,0.0647815909398171,-0.8289577179136712,-2.8191359062987296,32.7894302951167,6.477640668448759,-29.25196020353667,0.5668900649106773,-0.11198077593127607,0.14692504125343203,False,,,,,,,,,,,,,,False,,,,,,,,,,,,,,False,,,,,,,,,,,,,,True,0.07454240154104315,11.24787292920186,9.403860118575398,76.19434017504155,0.2001827030098338,0.016549410228055138,-3.0367113566788517,0.0,1.4210854715202005e-15,0.0,0.0,0.0,0.0,True,2,0.4107288380530255,-17.343710119300844,2.9435844096746093,47.093343500856506,2.589423385256493,0.2704906009357071,0.08951023480023712,32.66089935994626,3.7372672117107264,-25.007604396925025,-0.2149746313044916,2.9377636136727285,0.8084567431189803,True,-11.912269239735348,-22.173904546332757,71.69380108295812,26.50837277594864,29.160020567648104,-0.8953389876250071
2026-07-27T21:53:56.146+00:00,253.600000,103055.300000,1.219167,4095,2,02,80,FFFFFFFF,32,3.02801750,3.14003117,2.20445970,1.40304726,1.11478895,0.48126602,2.20700763,1.20839456,1.05732536,1.49908517,2.20757335,0.89794242,1.01674513,0.96471840,2.20542856,0.64153645,2.01410352,0.99087594,2.20478611,1.01832744,0.77166133,0.81459691,2.20746967,1.18169629,1.82943640,1.40268254,2.20764441,1.19066465,1.09704187,0.81136869,2.20806868,0.71779976,SD 02 80 FFFFFFFF 93FD5B 964047 7FD6E0 636976 55D5F8 2DC77C 7FE9CD 5A7ED3 52D7D4 677768 7FEE00 49F692 50AA59 4DCAC5 7FDE13 39983D 7A105B 4F3F96 7FD94D 50C059 4240E1 44F26D 7FED3B 59314F 73F0DC 63656A 7FEE87 59A1ED 54EC32 44BF43 7FF1AD 3EC343 7CD7BA 000FFF 02 0FB999,2026-07-27T21:53:55.967+00:00,serial_request_midpoint,357.3101,True,matched,55.43995,55.43995,2026-07-27T21:53:56.023+00:00,158.480854,1785189235955.878,4757,False,,,,,,,,,,,,,,False,,,,,,,,,,,,,,True,0.37999971061088084,-16.709333741899748,0.4100447804659825,42.67331110939879,0.059690766041360824,-0.8451509343466629,-2.814422910391331,32.85098559410688,6.288022831500562,-29.37092109769905,0.5768304206273542,-0.11595218287075319,0.14790787558903892,False,,,,,,,,,,,,,,False,,,,,,,,,,,,,,False,,,,,,,,,,,,,,True,0.04979697345559323,11.24027011937783,9.392206221137611,76.13250882261846,0.20052263451284005,0.014597124910370912,-3.036681793404461,0.0,1.4210854715202005e-15,0.0,0.0,0.0,0.0,True,2,0.37999971061087146,-17.39495845725048,3.126210370064705,46.879626160348835,2.578138985732071,0.2698757173818473,0.08463667754093392,32.70945522718937,3.504560541867258,-25.155113950105807,-0.2161904653908166,2.9298714109468755,0.8220809239030743,True,-11.933018196743138,-21.706451233110162,71.76089302972271,26.460918058073958,28.677652821806042,-0.8067562427774305
2026-07-27T21:53:56.703+00:00,254.700000,103056.400000,1.217336,4095,2,02,80,FFFFFFFF,32,3.02680495,3.13897224,2.20782548,1.40247980,1.11478090,0.48126798,2.20778495,1.20841473,1.05713304,1.49902209,2.20782022,0.89784707,1.01667886,0.96462490,2.20734810,0.64154259,2.01381288,0.99075215,2.20481607,1.01822850,0.77160954,0.81451500,2.20700394,1.18146268,1.82928237,1.40195017,2.20519722,1.19047565,1.09654641,0.81136475,2.20756651,0.71772208,SD 02 80 FFFFFFFF 93F6F4 963AEB 7FEFDF 63632A 55D5DD 2DC786 7FEF92 5A7F13 52D538 6776BE 7FEFD5 49F524 50A96D 4DC96D 7FEC54 399859 7A0DFF 4F3DD6 7FD986 50BEF9 424009 44F121 7FE9C6 592E5E 73EF7E 635D49 7FDC5B 599F8F 54E5A2 44BF33 7FEDF3 3EC1F3 7CA7BA 000FFF 02 0FB9A4,2026-07-27T21:53:56.525+00:00,serial_request_midpoint,356.2621,True,matched,85.38675,85.38675,2026-07-27T21:53:56.610+00:00,159.067868,1785189236555.856,4775,False,,,,,,,,,,,,,,False,,,,,,,,,,,,,,True,0.37010480814307256,-16.82840999742401,1.023321522699932,42.487948796678964,0.05116533788989243,-0.8543020394280143,-2.813620917752895,32.9646838150377,5.590368507400298,-29.62182096264265,0.5807563622765791,-0.1223267853545936,0.1460428260167595,False,,,,,,,,,,,,,,False,,,,,,,,,,,,,,False,,,,,,,,,,,,,,True,0.04858354953837596,11.250473295952506,9.40327557508697,76.20333933710752,0.2009631054482094,0.011487092671921318,-3.0359770287246235,0.0,0.0,-1.1368683772161604e-14,0.0,0.0,0.0,True,2,0.3701048081430614,-17.48668227901641,3.7694029096808395,46.67918222844305,2.5724211554866723,0.2671580457549233,0.07677191972722784,32.79203431517186,2.788429957620275,-25.419434072597248,-0.21286802226077411,2.922436136006817,0.8263228142650717,True,-11.995490857083249,-20.916279393945615,71.69987807616599,26.497333378059373,27.871876426975472,-0.9905829317135272
2026-07-27T21:53:57.258+00:00,255.900000,103057.600000,1.217946,4095,2,02,80,FFFFFFFF,32,3.02321350,3.13536791,2.20506368,1.40115338,1.11456327,0.48127638,2.20509049,1.20824581,1.05680862,1.49900688,2.20476561,0.89770797,1.01650140,0.96449960,2.20487337,0.64148799,2.01319370,0.99051869,2.20462211,1.01796769,0.77150428,0.81442150,2.20477560,1.18125888,1.82897745,1.40091881,2.20661723,1.19007059,1.09589487,0.81132905,2.20736915,0.71757159,SD 02 80 FFFFFFFF 93E3F9 9628A9 7FDB5D 635470 55D303 2DC7B1 7FDB90 5A7CFB 52D0D1 677695 7FD926 49F30E 50A6F5 4DC7A0 7FD9F3 399760 7A08F8 4F3A89 7FD815 50BB59 423E52 44EFA6 7FD939 592BCD 73ECC9 6351D5 7FE6E7 599A7C 54DD00 44BEA2 7FEC7C 3EBF68 7CB7BA 000FFF 02 0FB9B0,2026-07-27T21:53:57.080+00:00,serial_request_midpoint,355.6281,True,matched,24.42095,24.42095,2026-07-27T21:53:57.105+00:00,159.563034,1785189237022.555,4789,False,,,,,,,,,,,,,,False,,,,,,,,,,,,,,True,0.4309570854653942,-16.95890651240385,1.3250450627258745,42.39836027584058,0.044398508707126284,-0.8574360100129288,-2.8114835120031887,32.87764169214042,5.29234804814661,-29.984717101218536,0.5824087533217304,-0.1198860370103898,0.14661422001019225,False,,,,,,,,,,,,,,False,,,,,,,,,,,,,,False,,,,,,,,,,,,,,True,0.08043393491026125,11.258358020345959,9.412860469257005,76.2569597001862,0.19054117173960677,0.009499505299092723,-3.0378310365279604,0.0,0.0,1.1368683772161604e-14,0.0,0.0,0.0,True,2,0.4309570854653948,-17.598205249438383,4.083412510041941,46.58445980208637,2.569992602801343,0.2686110324353753,0.07056524124370424,32.7181269049057,2.4842396160780247,-25.78593094809989,-0.21395418076439177,2.924012313218047,0.8293349527396452,True,-11.997998150652585,-20.52982606908191,71.65231734576143,26.444458283069885,27.524647309375542,-1.3075654122029505
2026-07-27T21:53:57.815+00:00,256.400000,103058.100000,1.219167,4095,2,02,80,FFFFFFFF,32,3.01870660,3.13112206,2.20743757,1.39942839,1.11435790,0.48125372,2.20816713,1.20805075,1.05631162,1.49899464,2.20795866,0.89748059,1.01632228,0.96431723,2.20758704,0.64142483,2.01246315,0.99020212,2.20753756,1.01752682,0.77135037,0.81426460,2.20746178,1.18089881,1.82871216,1.39943998,2.20725758,1.18933305,1.09495279,0.81125224,2.20778863,0.71741141,SD 02 80 FFFFFFFF 93CC1E 96131F 7FECFE 634145 55D052 2DC73D 7FF268 5A7A90 52CA12 677674 7FF0DC 49EFA5 50A477 4DC501 7FEE1A 399640 7A0309 4F360F 7FEDBC 50B538 423BD0 44ED2A 7FED2C 592744 73EA6E 634166 7FEBA8 59913E 54D083 44BD6A 7FEF99 3EBCB3 7CD7BA 000FFF 02 0FB9B5,2026-07-27T21:53:57.637+00:00,serial_request_midpoint,356.4105,True,matched,43.74035,43.74035,2026-07-27T21:53:57.681+00:00,160.138532,1785189237622.587,4807,False,,,,,,,,,,,,,,False,,,,,,,,,,,,,,True,0.5010426248667392,-17.123628777450794,2.019469682043127,42.29699455190493,0.048119240713830794,-0.8639583439258863,-2.806199789523915,32.967747058789165,4.610917322703729,-30.080527382805514,0.589008299893417,-0.1172475037132429,0.14938384121921738,False,,,,,,,,,,,,,,False,,,,,,,,,,,,,,False,,,,,,,,,,,,,,True,0.06931152398217748,11.25451217692322,9.411331400317975,76.25303272817642,0.1895830379821758,0.011715211692844,-3.03721381307015,2.842170943040401e-15,0.0,0.0,0.0,0.0,0.0,True,2,0.5010426248667473,-17.78197629499009,4.796418713596998,46.46782845701275,2.564343363815138,0.2725338113161466,0.0738373141683054,32.8277530108106,1.776166098687152,-25.898983408845396,-0.21839895818534774,2.9234727993688225,0.8395905103478684,True,-12.140984002896436,-19.669117679453095,71.67076577973428,26.509955068267754,26.63969040540751,-1.252241171006426
2026-07-27T21:53:58.372+00:00,257.600000,103059.300000,1.217946,4095,2,02,80,FFFFFFFF,32,3.01529929,3.12761051,2.20513465,1.39768117,1.11404318,0.48125157,2.20502425,1.20783713,1.05594795,1.49892229,2.20489230,0.89726392,1.01612942,0.96419304,2.20714076,0.64136124,2.01192177,0.99003557,2.20750862,1.01732848,0.77127150,0.81422144,2.20770705,1.18082717,1.82860438,1.39886101,2.20775863,1.18897219,1.09463526,0.81125593,2.20809185,0.71737420,SD 02 80 FFFFFFFF 93BA0E 960148 7FDBE4 632DD6 55CC32 2DC732 7FDB12 5A77EA 52C522 6775B1 7FDA17 49EC65 50A1C8 4DC338 7FEACA 39951E 79FEA3 4F33B4 7FED85 50B276 423A87 44EC7B 7FEEFE 59265D 73E979 633AF6 7FEF60 598CB8 54CC4D 44BD79 7FF1D9 3EBC12 7CB7BA 000FFF 02 0FB9C1,2026-07-27T21:53:58.194+00:00,serial_request_midpoint,356.8105,True,matched,58.92915,58.92915,2026-07-27T21:53:58.252+00:00,160.710553,1785189238189.235,4824,False,,,,,,,,,,,,,,False,,,,,,,,,,,,,,True,0.41218982473478133,-17.12183075578895,2.432994165971236,42.18220880234679,0.05968413499237477,-0.8687185823974891,-2.797734487302291,33.02196425370185,4.167114976116551,-30.083739300332535,0.5922187950925247,-0.1119811413720262,0.15735565492363768,False,,,,,,,,,,,,,,False,,,,,,,,,,,,,,False,,,,,,,,,,,,,,True,0.1588964958274747,11.25552631228857,9.408108840736388,76.22511881004172,0.1939767540620363,0.01027519829378242,-3.0371334199729714,0.0,-1.4210854715202005e-15,0.0,0.0,0.0,0.0,True,2,0.412189824734781,-17.829522628894882,5.220934111143185,46.33760122194749,2.558651779837837,0.28110716884224174,0.08422950952627922,32.92004121287032,1.3211473279611112,-25.90871799195329,-0.23086225977566371,2.926161606276773,0.8453859979219207,True,-12.133702239721325,-19.093642492081806,71.67394486960761,26.443895825505155,26.06603183356939,-1.183800470190647
2026-07-27T21:53:58.928+00:00,258.200000,103059.900000,1.219167,4095,2,02,80,FFFFFFFF,32,3.01593782,3.12819686,2.20771231,1.39763202,1.11402232,0.48124864,2.20788444,1.20779397,1.05605727,1.49889113,2.20791497,0.89729361,1.01619090,0.96426179,2.20755756,0.64137440,2.01191263,0.99011208,2.20756178,1.01743748,0.77131417,0.81430777,2.20785127,1.18108085,1.82883006,1.39935846,2.20777021,1.18914700,1.09512337,0.81125741,2.20548325,0.71746388,SD 02 80 FFFFFFFF 93BD71 960443 7FEF08 632D4A 55CBEC 2DC723 7FF04F 5A7761 52C69E 67755D 7FF089 49ECD7 50A2A3 4DC435 7FEDE2 39955A 79FE90 4F34C9 7FEDEA 50B3FA 423B39 44EDD9 7FF010 59298F 73EB7A 63407E 7FEF76 598EE9 54D2C6 44BD7F 7FDE7B 3EBD96 7CD7BA 000FFF 02 0FB9C7,2026-07-27T21:53:58.750+00:00,serial_request_midpoint,355.6233,True,matched,73.00725,73.00725,2026-07-27T21:53:58.823+00:00,161.281094,1785189238755.882,4841,False,,,,,,,,,,,,,,False,,,,,,,,,,,,,,True,0.3602711853340781,-17.216605665184353,3.0517155374305838,42.08623991459021,0.055083167039986634,-0.8762367888026272,-2.796084417009372,33.095790303685156,3.784344473204611,-30.07022594792203,0.6044957036265667,-0.11703927566207747,0.1581039305801094,False,,,,,,,,,,,,,,False,,,,,,,,,,,,,,False,,,,,,,,,,,,,,True,0.06230823278121942,11.249769223864497,9.40350646402464,76.19183095443914,0.19556822768993531,0.021442496025627946,-3.037382567204258,0.0,0.0,-1.1368683772161604e-14,0.0,0.0,0.0,True,2,0.36027118533407515,-17.911022266627384,5.863435871903571,46.227826252307864,2.5536170768730617,0.2800121407006078,0.07995235444843936,32.97692397038506,0.8859328827468346,-25.93189245537628,-0.23161058077317637,2.916106158683693,0.8620580073554388,True,-12.192457507420837,-18.319698908723545,71.68456060707011,26.394274172572057,25.316360229995514,-0.9240085784404869
2026-07-27T21:53:59.485+00:00,259.300000,103061.000000,1.217946,4095,2,02,80,FFFFFFFF,32,3.01887251,3.13118746,2.20473722,1.39858073,1.11420261,0.48126446,2.20689187,1.20792693,1.05628370,1.49889521,2.20759651,0.89743241,1.01629701,0.96433870,2.20784811,0.64140597,2.01216744,0.99028940,2.20782653,1.01765747,0.77138897,0.81437364,2.20550376,1.18132340,1.82895457,1.40007889,2.20438454,1.18960110,1.09562872,0.81133053,2.20482659,0.71758500,SD 02 80 FFFFFFFF 93CCFF 961374 7FD8F0 6337D8 55CE49 2DC774 7FE8F1 5A7907 52C9B1 677568 7FEE2C 49EEEC 50A41D 4DC550 7FF00A 3995EA 7A00A2 4F374B 7FEFE1 50B709 423C71 44EEE4 7FDEA2 592C9D 73EC95 634880 7FD651 59949A 54D979 44BEA8 7FD99A 3EBFA2 7CB7BA 000FFF 02 0FB9D2,2026-07-27T21:53:59.307+00:00,serial_request_midpoint,356.5835,True,matched,92.85225,92.85225,2026-07-27T21:53:59.400+00:00,161.857524,1785189239322.53,4858,False,,,,,,,,,,,,,,False,,,,,,,,,,,,,,True,0.3647319863172794,-17.441969111235323,3.5390246605582965,42.03414122054447,0.06060209335539269,-0.8739708782485838,-2.795234858364085,33.26109959869919,3.124769946208781,-30.08958067864313,0.5989897828552146,-0.11280655052919891,0.15879612428523368,False,,,,,,,,,,,,,,False,,,,,,,,,,,,,,False,,,,,,,,,,,,,,True,0.07846857107751357,11.242609951110945,9.402669719633241,76.15540130549859,0.19548721509701353,0.014943817596737786,-3.0369253626414343,0.0,0.0,0.0,0.0,0.0,0.0,True,2,0.36473198631729986,-18.155708740268317,6.342167369769197,46.17825629526246,2.5546406076348096,0.2819958806571128,0.08498573994159048,33.160604069332564,0.2505445157258833,-25.933927675551804,-0.23300079160413859,2.9223561808567453,0.8550634073029147,True,-12.455347245848742,-17.86932239498085,71.61211083869513,26.62663639380613,24.817756617927614,-1.0475725653160453
2026-07-27T21:54:00.042+00:00,259.900000,103061.600000,1.217946,4095,2,02,80,FFFFFFFF,32,3.02233690,3.13447336,2.20416644,1.39973692,1.11437489,0.48124258,2.20478033,1.20818594,1.05668256,1.49897683,2.20447704,0.89760378,1.01645030,0.96448764,2.20694027,0.64144939,2.01278872,0.99059052,2.20747757,1.01799017,0.77152035,0.81449181,2.20773494,1.18162772,1.82927489,1.40115127,2.20765599,1.19033127,1.09653226,0.81140414,2.20552900,0.71776092,SD 02 80 FFFFFFFF 93DF56 962420 7FD4B2 6344B3 55D08B 2DC704 7FD942 5A7C3D 52CF1B 677644 7FD701 49F17E 50A63F 4DC774 7FE94D 3996B0 7A05AE 4F3B8D 7FED4A 50BBA9 423E95 44F0C3 7FEF33 593072 73EF6D 63546A 7FEE9D 599DC0 54E572 44BFD3 7FDED2 3EC29B 7CB7BA 000FFF 02 0FB9D8,2026-07-27T21:53:59.864+00:00,serial_request_midpoint,355.9649,True,matched,27.72715,27.72715,2026-07-27T21:53:59.892+00:00,162.349238,1785189239822.512,4873,False,,,,,,,,,,,,,,False,,,,,,,,,,,,,,True,0.403975593337114,-17.358783253668683,3.659605639934121,41.9202339456785,0.07300801356395084,-0.8833052625277203,-2.788151033089881,33.101134934667904,3.0123639571222602,-30.4219649194856,0.6064347757346978,-0.10098728525452332,0.162150486936226,False,,,,,,,,,,,,,,False,,,,,,,,,,,,,,False,,,,,,,,,,,,,,True,0.06453687879870229,11.257007047239506,9.410466445188101,76.24689363736296,0.1901389141059976,0.014255105988796176,-3.0372949835887297,0.0,0.0,1.1368683772161604e-14,0.0,0.0,0.0,True,2,0.4039755933371144,-18.121824441410826,6.4855955678517985,46.03997570265461,2.546451852175928,0.286681152010695,0.09609764772439794,33.064911398798486,0.1117867399443199,-26.283600177985267,-0.239223695610458,2.929920311240003,0.8689525138998366,True,-12.471673038745642,-17.521918793855793,71.677572275491,26.62262241493565,24.47724224321852,-1.1759757284577177
2026-07-27T21:54:00.599+00:00,261.000000,103062.700000,1.217336,4095,2,02,80,FFFFFFFF,32,3.02649358,3.13845836,2.20706182,1.40146537,1.11473141,0.48123692,2.20793602,1.20845696,1.05707776,1.49898685,2.20539544,0.89783222,1.01670301,0.96464990,2.20501058,0.64151693,2.01343664,0.99092679,2.20473354,1.01836708,0.77165078,0.81457175,2.20479399,1.18183033,1.82956182,1.40229397,2.20706551,1.19121400,1.09735722,0.81147382,2.20792076,0.71792021,SD 02 80 FFFFFFFF 93F54F 963851 7FEA34 6357E7 55D537 2DC6E7 7FF0B1 5A7F99 52D478 67765F 7FDDD4 49F4EB 50A9C3 4DC9C9 7FDAF8 3997E4 7A0AF1 4F404E 7FD8E9 50C0E6 4240B5 44F207 7FD95C 5932FF 73F1F9 63611A 7FEA3B 59A8CE 54F05F 44C0EE 7FF094 3EC54C 7CA7BA 000FFF 02 0FB9E3,2026-07-27T21:54:00.420+00:00,serial_request_midpoint,357.2473,True,matched,48.85225,48.85225,2026-07-27T21:54:00.469+00:00,162.927183,1785189240389.155,4890,False,,,,,,,,,,,,,,False,,,,,,,,,,,,,,True,0.33008032430922674,-17.546373651838717,4.380312154324533,41.877136048920455,0.057345952629088544,-0.8839553375481578,-2.787777631893689,33.24701668496054,2.2756219628978256,-30.43237288451538,0.605837305110642,-0.11235783231195957,0.1634606710327392,False,,,,,,,,,,,,,,False,,,,,,,,,,,,,,False,,,,,,,,,,,,,,True,0.09011863695668569,11.25922950593918,9.409925490913334,76.2517212762549,0.19141033359207912,0.013438556978216174,-3.0378080741862603,0.0,0.0,0.0,0.0,0.0,0.0,True,2,0.33008032430923634,-18.25975442923693,7.215133565091847,45.99970787690753,2.5462980667342063,0.28711264753884164,0.08185304233541582,33.15887934587687,-0.6263740346364628,-26.29578321654335,-0.2400893749688557,2.919278044398986,0.8650656537108153,True,-12.414340062739964,-16.765685553425165,71.61850488264274,26.49048793510122,23.743521188359797,-1.2515807428165204
2026-07-27T21:54:01.159+00:00,261.600000,103063.300000,1.217336,4095,2,02,80,FFFFFFFF,32,3.02949048,3.14152844,2.20510942,1.40279167,1.11494041,0.48126094,2.20475142,1.20881724,1.05740972,1.49901133,2.20708182,0.89799426,1.01682291,0.96480865,2.20547641,0.64156299,2.01394472,0.99115064,2.20469044,1.01861839,0.77174957,0.81466995,2.20479505,1.18197430,1.82963884,1.40306380,2.20713444,1.19185341,1.09793261,0.81154104,2.20716338,0.71801663,SD 02 80 FFFFFFFF 940521 9647DA 7FDBB4 6366A0 55D7F4 2DC762 7FD90B 5A8410 52D8F9 6776A1 7FEA5A 49F759 50AB6E 4DCC11 7FDE6E 3998B6 7A0F11 4F4378 7FD897 50C464 424251 44F395 7FD95E 5934CF 73F2A8 6369A5 7FEABE 59B0CF 54F7FD 44C1FF 7FEAF5 3EC6ED 7CA7BA 000FFF 02 0FB9E9,2026-07-27T21:54:00.979+00:00,serial_request_midpoint,359.5968,True,matched,65.1666,65.1666,2026-07-27T21:54:01.044+00:00,163.502199,1785189240989.161,4908,False,,,,,,,,,,,,,,False,,,,,,,,,,,,,,True,0.33128483970046835,-17.900761327077465,5.154007634681749,41.91903637091819,0.0495318632207486,-0.8808551327018758,-2.785557382780265,33.52612368471024,1.4504200018394329,-30.297434808215137,0.6039078886925928,-0.11859340820367072,0.16602525807125057,False,,,,,,,,,,,,,,False,,,,,,,,,,,,,,False,,,,,,,,,,,,,,True,0.09115179750548937,11.250947905362327,9.406978419258625,76.21377841390623,0.192432926455445,0.013760016207792346,-3.0369838615826965,0.0,0.0,0.0,0.0,0.0,0.0,True,2,0.3312848397004609,-18.59289482312788,7.984061118037556,46.04850020390433,2.5476882525384092,0.2913433115627446,0.07475301070543229,33.41150010712006,-1.4456204641054327,-26.15732199598162,-0.24331012163853252,2.913881852467125,0.8605422901973877,True,-12.55635529856239,-16.011619019055,71.60899394050591,26.563670722412184,22.95741130218944,-1.193937047956581
2026-07-27T21:54:01.714+00:00,262.700000,103064.400000,1.219167,4095,2,02,80,FFFFFFFF,32,3.03007991,3.14212943,2.20750441,1.40334725,1.11516017,0.48126661,2.20536389,1.20905999,1.05747940,1.49902840,2.20452382,0.89809509,1.01688863,0.96484481,2.20489072,0.64159084,2.01412036,0.99125179,2.20671193,1.01869908,0.77176156,0.81467710,2.20755546,1.18192372,1.82975416,1.40320992,2.20769073,1.19222362,1.09790191,0.81156148,2.20791391,0.71799467,SD 02 80 FFFFFFFF 94083D 964AE4 7FED7D 636CCA 55DAD5 2DC77F 7FDD98 5A8712 52D9EB 6776CF 7FD75A 49F8DC 50AC58 4DCC96 7FDA14 399935 7A107E 4F44E6 7FE79B 50C583 424283 44F3B2 7FEDDE 59342C 73F3AE 636B44 7FEEDF 59B571 54F795 44C252 7FF087 3EC68E 7CD7BA 000FFF 02 0FB9F4,2026-07-27T21:54:01.537+00:00,serial_request_midpoint,355.156,True,matched,81.846,81.846,2026-07-27T21:54:01.619+00:00,164.07666,1785189241555.845,4925,False,,,,,,,,,,,,,,False,,,,,,,,,,,,,,True,0.25322383607994803,-17.811636973373577,5.663477728436574,41.90312344662157,0.07058233708862295,-0.8760125292686105,-2.778467408729919,33.45119677770953,1.0699515381951188,-30.224497803277437,0.6049895079907738,-0.10598150272019906,0.17517089728146182,False,,,,,,,,,,,,,,False,,,,,,,,,,,,,,False,,,,,,,,,,,,,,True,0.08725820518607741,11.251085824417581,9.403648790183663,76.18164286655967,0.19554171270437176,0.01865333372033279,-3.0374292216754943,0.0,0.0,0.0,0.0,0.0,0.0,True,2,0.25322383607997184,-18.58295335620041,8.471998099907307,46.0332575117382,2.5480217224426243,0.302110208422318,0.09392720853695605,33.4101990493149,-1.8251926122450057,-26.082374848842267,-0.25827812443013626,2.924100229414145,0.8650996141203775,True,-12.549295122756067,-15.532785342601139,71.58588271801418,26.49191407311419,22.50434316438857,-1.0667330099101604
2026-07-27T21:54:02.270+00:00,263.900000,103065.600000,1.217946,4095,2,02,80,FFFFFFFF,32,3.02640927,3.13845913,2.20749651,1.40232389,1.11511156,0.48127501,2.20771652,1.20907765,1.05706539,1.49897868,2.20529133,0.89797133,1.01671677,0.96468415,2.20452172,0.64154435,2.01355114,0.99096575,2.20435143,1.01820292,0.77158532,0.81445875,2.20680979,1.18121236,1.82934750,1.40112103,2.20756967,1.19130199,1.09645736,0.81148293,2.20775337,0.71768371,SD 02 80 FFFFFFFF 93F4DD 963852 7FED6E 63616F 55DA32 2DC7AA 7FEF10 5A874A 52D44D 677649 7FDD0E 49F701 50A9F4 4DCA47 7FD756 399861 7A0BDF 4F40DB 7FD612 50BE9E 423FA4 44F03D 7FE855 592B37 73F012 635414 7FEDF9 59A9E8 54E474 44C113 7FEF56 3EC14D 7CB7BA 000FFF 02 0FBA00,2026-07-27T21:54:02.092+00:00,serial_request_midpoint,356.2538,True,matched,18.848,18.848,2026-07-27T21:54:02.112+00:00,164.569539,1785189242055.881,4940,False,,,,,,,,,,,,,,False,,,,,,,,,,,,,,True,0.2891405342018462,-18.08276572779873,6.428467861075694,41.8967262701336,0.06444421478105827,-0.8712857244025644,-2.7786161119929154,33.649365686602195,0.25812042724862466,-30.20713765080389,0.6007268153543767,-0.11013781863869362,0.17650713936852244,False,,,,,,,,,,,,,,False,,,,,,,,,,,,,,False,,,,,,,,,,,,,,True,0.12159651427660641,11.250352706156871,9.40223018134592,76.18291157737262,0.19583835841765018,0.017350099732322287,-3.037586424782537,0.0,-1.4210854715202005e-15,0.0,0.0,0.0,0.0,True,2,0.28914053420185193,-18.834705230960683,9.226279486905645,46.03768752774252,2.551126898413019,0.3040888936102977,0.08838328056742714,33.58859958132443,-2.620909399080665,-26.054040278165196,-0.2598276442738188,2.921810656473451,0.8577245094222571,True,-12.678942251917992,-14.843876479032541,71.49953130727675,26.561412836884347,21.807172216719046,-1.1651112179837924
2026-07-27T21:54:02.827+00:00,264.400000,103066.100000,1.219167,4095,2,02,80,FFFFFFFF,32,3.01650947,3.12932918,2.20764388,1.39867731,1.11462409,0.48126817,2.20556107,1.20866657,1.05609093,1.49897349,2.20488546,0.89749075,1.01635260,0.96435229,2.20479925,0.64142966,2.01209196,0.99038084,2.20484498,1.01747569,0.77133551,0.81418345,2.20676875,1.18053539,1.82873591,1.39824360,2.20477349,1.18992468,1.09472126,0.81132929,2.20496484,0.71734092,SD 02 80 FFFFFFFF 93C079 960A04 7FEE86 6338EB 55D3CF 2DC787 7FDF0F 5A8232 52C713 67763B 7FDA0A 49EFCC 50A4E3 4DC582 7FD966 399656 7A0005 4F3896 7FD9BD 50B482 423B92 44EBE1 7FE807 5922B0 73EAA4 633418 7FD935 5998A8 54CD71 44BEA3 7FDAA1 3EBB82 7CD7BA 000FFF 02 0FBA05,2026-07-27T21:54:02.649+00:00,serial_request_midpoint,356.2491,True,matched,51.53455,51.53455,2026-07-27T21:54:02.700+00:00,165.158663,1785189242622.585,4957,False,,,,,,,,,,,,,,False,,,,,,,,,,,,,,True,0.31601525989495033,-18.022953788467134,6.673671830092038,41.84229638308021,0.06955096640021768,-0.8781199836497692,-2.776223970190546,33.56233790502745,-0.06434260103008285,-30.269973901246992,0.6037860259192555,-0.10660473595472417,0.17633582826275304,False,,,,,,,,,,,,,,False,,,,,,,,,,,,,,False,,,,,,,,,,,,,,True,0.11878243727840616,11.246749255193151,9.40270770121624,76.1722080135197,0.19563014574480272,0.014278858937599505,-3.036965325574881,0.0,0.0,0.0,0.0,0.0,0.0,True,2,0.31601525989494406,-18.79417643529975,9.489188381224285,45.96768184674163,2.5460489730010147,0.30403132098433877,0.09294355862723398,33.519531156919946,-2.9546511300552085,-26.12449356311522,-0.2599542012299338,2.92386623197193,0.8631327958196768,True,-12.707199263038387,-14.458443217836798,71.56125456397218,26.555626206938218,21.39850147527858,-1.1445155655049688
2026-07-27T21:54:03.384+00:00,265.600000,103067.300000,1.219777,4095,2,02,80,FFFFFFFF,32,3.00636960,3.11967027,2.20678137,1.39480221,1.11407357,0.48126778,2.20780706,1.20806178,1.05495433,1.49888445,2.20748967,0.89699495,1.01589701,0.96391779,2.20785706,0.64128208,2.01060736,0.98974864,2.20526557,1.01665583,0.77104403,0.81391732,2.20500164,1.17992999,1.82805854,1.39549242,2.20474721,1.18847715,1.09303759,0.81122663,2.20726232,0.71699128,SD 02 80 FFFFFFFF 938A9B 95D8DB 7FE81F 630DC6 55CC98 2DC785 7FEFBC 5A7AB3 52B7A3 67754B 7FED61 49E85C 509E8C 4DBF43 7FF01B 3993B5 79F3F4 4F2FA5 7FDCDD 50A91B 4236D2 44E7AA 7FDAE7 591B0F 73E4A0 631577 7FD903 598683 54B71A 44BD02 7FEBB1 3EB599 7CE7B8 000FFF 02 0FBA11,2026-07-27T21:54:03.205+00:00,serial_request_midpoint,356.1342,True,matched,76.7057,76.7057,2026-07-27T21:54:03.282+00:00,165.740185,1785189243222.588,4975,False,,,,,,,,,,,,,,False,,,,,,,,,,,,,,True,0.2759340762981073,-17.58299588158734,6.801136976177972,41.73707906953295,0.08044221798135073,-0.886791789112889,-2.7759386466179268,33.133532230531344,-0.24802560926529366,-30.53137370644459,0.6067756738588651,-0.09848046381538801,0.17385036163860898,False,,,,,,,,,,,,,,False,,,,,,,,,,,,,,False,,,,,,,,,,,,,,True,0.0833270965500067,11.258798787060003,9.412389321560731,76.25358956317072,0.19492844986459534,0.009256488341385857,-3.0369420748449567,0.0,0.0,0.0,0.0,0.0,0.0,True,2,0.27593407629811123,-18.388369016746825,9.636365796322753,45.84238961603856,2.540347250445364,0.3003591749971832,0.10274625849903612,33.12679755662816,-3.147783749773562,-26.39228196991715,-0.25707224445727067,2.930587023318573,0.8697274806330294,True,-12.523178210064625,-14.19057052662286,71.59987313045926,26.371723377211442,21.146777249084543,-1.2981672528068997
2026-07-27T21:54:03.940+00:00,266.200000,103067.900000,1.217946,4095,2,02,80,FFFFFFFF,32,2.99749305,3.11176508,2.20517356,1.39130826,1.11354052,0.48126759,2.20471935,1.20756148,1.05393861,1.49881210,2.20659881,0.89653939,1.01546625,0.96355675,2.20484709,0.64115952,2.00895770,0.98907419,2.20456850,1.01583218,0.77075573,0.81359749,2.20704762,1.17911660,1.82736469,1.39206537,2.20754388,1.18657744,1.09084278,0.81109001,2.20795813,0.71655856,SD 02 80 FFFFFFFF 935B47 95B07D 7FDC2E 62E6CB 55C59B 2DC784 7FD8CE 5A747F 52A9D5 677488 7FE6C4 49E186 50988D 4DBA12 7FD9C1 399186 79E689 4F261A 7FD7AF 509DA5 42321F 44E299 7FEA19 5910CE 73DE76 62EF3F 7FEDC8 596EAD 5499F2 44BAD7 7FF0DB 3EAE48 7CB7B8 000FFF 02 0FBA17,2026-07-27T21:54:03.762+00:00,serial_request_midpoint,356.4836,True,matched,95.0584,95.0584,2026-07-27T21:54:03.857+00:00,166.315106,1785189243789.257,4992,False,,,,,,,,,,,,,,False,,,,,,,,,,,,,,True,0.26265090911577177,-17.05121535208504,6.634123250357831,41.88038112850909,0.07086246266829999,-0.8841647918466029,-2.7594402925233616,32.5329883191285,0.2502299650616223,-30.4797510459965,0.6149328603468424,-0.10328668477927921,0.19116814146614858,False,,,,,,,,,,,,,,False,,,,,,,,,,,,,,False,,,,,,,,,,,,,,True,0.06061671015603875,11.25451450666967,9.406768027477066,76.21070687611896,0.19120482092516697,0.02142104983220004,-3.0378346796145563,0.0,0.0,0.0,0.0,0.0,0.0,True,2,0.26265090911578476,-17.852110870252762,9.469882726296262,45.98620109541958,2.5369714700290356,0.32242046524048995,0.0939504059518957,32.53390766084169,-2.6827690615582798,-26.364141868519358,-0.28262625109721434,2.920047129182765,0.8798537740550715,True,-11.374596878560123,-14.19604655943716,71.74541145331371,25.18092567408636,21.300963779451656,-1.1394410844533127
2026-07-27T21:54:04.497+00:00,267.300000,103069.000000,1.217946,4095,2,02,80,FFFFFFFF,32,2.98571012,3.10097493,2.20738441,1.38660413,1.11277833,0.48125958,2.20757757,1.20679965,1.05258759,1.49877426,2.20541226,0.89587998,1.01485692,0.96306681,2.20740757,0.64098698,2.00678893,0.98823090,2.20754651,1.01473071,0.77036303,0.81320747,2.20798235,1.17828349,1.82648739,1.38850512,2.20759651,1.18438649,1.08859483,0.81091549,2.20784180,0.71607840,SD 02 80 FFFFFFFF 931C34 957932 7FEC99 62B231 55BB9C 2DC75B 7FEE08 5A6B0C 529775 677422 7FDDF4 49D7A0 509011 4DB306 7FECC5 398E73 79D4E1 4F1A2A 7FEDCD 508E4F 422BB8 44DC6B 7FF109 59064C 73D6AA 62C777 7FEE2C 595327 547C0B 44B812 7FEFFE 3EA629 7CB7BB 000FFF 02 0FBA22,2026-07-27T21:54:04.319+00:00,serial_request_midpoint,356.9903,True,matched,35.33855,35.33855,2026-07-27T21:54:04.354+00:00,166.812343,1785189244289.256,5007,False,,,,,,,,,,,,,,False,,,,,,,,,,,,,,True,0.27276615052734504,-16.417804771959617,6.847276695115482,41.99592330524186,0.06514543184877515,-0.8842227011985652,-2.7483636640441866,31.805588914528762,-0.058549558551577265,-30.59122455071851,0.6108657833475063,-0.1040099531945853,0.20161166360921126,False,,,,,,,,,,,,,,False,,,,,,,,,,,,,,False,,,,,,,,,,,,,,True,0.10550884811888274,11.261078141279516,9.416452646979668,76.26983042664902,0.1875728163540157,0.012810074339723783,-3.0385000623908294,0.0,0.0,0.0,0.0,0.0,0.0,True,2,0.2727661505273235,-17.217658763251727,9.688349773899635,46.09827146058559,2.533464832632479,0.33636331355304266,0.08863305948700916,31.816606010174176,-2.973869715098698,-26.46308816216935,-0.29818501295754796,2.9195295624182815,0.8733370044145178,True,-10.359322102872174,-13.838541855926758,71.88625128110365,24.136449642145855,21.047595469547776,-1.3721391311422395
2026-07-27T21:54:05.055+00:00,267.900000,103069.600000,1.220388,4095,2,02,80,FFFFFFFF,32,2.97475967,3.09126286,2.20739020,1.38194498,1.11200400,0.48126173,2.20572041,1.20598748,1.05128503,1.49865518,2.20729600,0.89527260,1.01430278,0.96258000,2.20544749,0.64081250,2.00463053,0.98737896,2.20472408,1.01374126,0.77000324,0.81286339,2.20670298,1.17741086,1.82573126,1.38500733,2.20735126,1.18216577,1.08639859,0.81074789,2.20804815,0.71562310,SD 02 80 FFFFFFFF 92E154 95473C 7FECA4 627DF5 55B173 2DC766 7FE03E 5A60F8 5285BA 6772E1 7FEBF1 49CE81 508859 4DAC05 7FDE37 398B57 79C34A 4F0E19 7FD8D7 508086 4225DA 44D6F7 7FE78A 58FB49 73CFF1 62A04E 7FEC5A 593738 545ECA 44B569 7FF186 3E9E75 7CF7BB 000FFF 02 0FBA28,2026-07-27T21:54:04.877+00:00,serial_request_midpoint,356.9895,True,matched,48.23495,48.23495,2026-07-27T21:54:04.925+00:00,167.382473,1785189244855.92,5024,False,,,,,,,,,,,,,,False,,,,,,,,,,,,,,True,0.2263103642787389,-16.04572476145291,6.861063804787205,42.149831571662645,0.04706180277205405,-0.8812358671528425,-2.737166455613973,31.510512347251186,-0.09375690195829378,-30.34990826552263,0.6089332982863493,-0.1201293286203345,0.21338871478822674,False,,,,,,,,,,,,,,False,,,,,,,,,,,,,,False,,,,,,,,,,,,,,True,0.07324342009322157,11.255821054729285,9.410803581013305,76.2403366073615,0.19262911062589133,0.012486320268300299,-3.0368364581319995,0.0,0.0,0.0,0.0,0.0,0.0,True,2,0.22631036427876977,-16.804818104878642,9.705344615521726,46.25769804973399,2.5319615299617504,0.35191787910803934,0.07193900373358311,31.46238396301721,-3.0070653537551992,-26.220617701838854,-0.31390003100406216,2.903303290079953,0.8658848722614684,True,-9.376966152954987,-13.710018392369324,71.98937318605459,23.16516667193023,20.97765650342467,-1.2915058566415951
2026-07-27T21:54:05.613+00:00,269.100000,103070.800000,1.219167,4095,2,02,80,FFFFFFFF,32,2.96463583,3.08228111,2.20517776,1.37765784,1.11128863,0.48125098,2.20712181,1.20520811,1.05013629,1.49858322,2.20760704,0.89466572,1.01379115,0.96212644,2.20770599,0.64064154,2.00278210,0.98667905,2.20762283,1.01289697,0.76968162,0.81263076,2.20795971,1.17686008,1.82488936,1.38239288,2.20540385,1.18020864,1.08451114,0.81058571,2.20507682,0.71526556,SD 02 80 FFFFFFFF 92AAAD 9518DE 7FDC36 624DC6 55A80F 2DC72F 7FEAA6 5A574B 527614 67721F 7FEE40 49C563 508138 4DA57E 7FEEFC 39884B 79B436 4F042E 7FEE5E 5074C1 42209B 44D347 7FF0DE 58F455 73C874 6282FC 7FDDE4 591E92 54459E 44B2D6 7FDB76 3E9868 7CD7B9 000FFF 02 0FBA34,2026-07-27T21:54:05.434+00:00,serial_request_midpoint,357.1941,True,matched,67.97415,67.97415,2026-07-27T21:54:05.502+00:00,167.960131,1785189245422.584,5041,False,,,,,,,,,,,,,,False,,,,,,,,,,,,,,True,0.28207396577648924,-15.566434968183813,7.042744026904735,42.30732522375402,0.07771680928850531,-0.8685732200767678,-2.738401569916432,31.06333279843816,-0.16779503143846597,-30.185364669466328,0.6026596466554487,-0.10051158025809541,0.21546061409635553,False,,,,,,,,,,,,,,False,,,,,,,,,,,,,,False,,,,,,,,,,,,,,True,0.08236173339367817,11.256417632517987,9.40939049961396,76.23443242112651,0.19570117020588193,0.015489486693343359,-3.0366742812378584,0.0,0.0,0.0,0.0,0.0,0.0,True,2,0.28207396577648447,-16.423591205875265,9.834019451210496,46.43222373666788,2.5394857530893207,0.3556176195947878,0.10034127239038965,31.106698861621386,-3.0458147828475814,-26.031349172739265,-0.31932981900492946,2.924092429780084,0.8617161539191605,True,-9.270522349512596,-13.810844248672078,72.03154679963691,23.06355920574952,21.0928353565782,-1.16762482068998
2026-07-27T21:54:06.171+00:00,269.600000,103071.300000,1.218556,4095,2,02,80,FFFFFFFF,32,2.95843538,3.07685313,2.20462684,1.37462048,1.11067558,0.48123575,2.20686030,1.20450235,1.04934789,1.49853240,2.20751546,0.89423710,1.01336880,0.96177504,2.20532866,0.64052363,2.00107207,0.98606292,2.20468150,1.01218416,0.76942782,0.81236171,2.20690239,1.17633732,1.82440466,1.38004362,2.20745599,1.17837080,1.08285511,0.81045358,2.20752967,0.71494203,SD 02 80 FFFFFFFF 928919 94FCC5 7FD81E 622B91 55A002 2DC6E1 7FE8B5 5A4E87 526B55 677196 7FED92 49BEF2 507B55 4DA06F 7FDD55 398631 79A640 4EFB72 7FD886 506AD0 421C77 44CF03 7FE905 58EDBB 73C424 62689A 7FED21 590766 542F82 44B0BD 7FEDAD 3E92EE 7CC7BA 000FFF 02 0FBA39,2026-07-27T21:54:05.992+00:00,serial_request_midpoint,356.8255,True,matched,81.31125,81.31125,2026-07-27T21:54:06.073+00:00,168.531244,1785189246022.615,5059,False,,,,,,,,,,,,,,False,,,,,,,,,,,,,,True,0.3244914429856299,-15.222796843152292,6.370419739207987,42.49852079391762,0.06265279396063056,-0.8651568595584372,-2.746207490421579,30.8494564982468,0.6074700947919368,-29.793179641991777,0.6004022374026268,-0.11459522970818531,0.21106932280519075,False,,,,,,,,,,,,,,False,,,,,,,,,,,,,,False,,,,,,,,,,,,,,True,0.07828851076682863,11.24395484743659,9.397108873765017,76.11461436775136,0.20140876823684592,0.018498131734077054,-3.037267449516598,0.0,0.0,0.0,0.0,0.0,0.0,True,2,0.32449144298562227,-16.019361903385047,9.158404496410633,46.63776567636206,2.5445534591535335,0.3476147120908331,0.08654715435658858,30.81874454186783,-2.2685186114757143,-25.637644918809134,-0.31105977995377876,2.9125238067561234,0.8549266475481386,True,-8.859995012624879,-14.617081333581893,72.11404982463337,22.677602009693345,21.949946136108732,-0.8836739591231322
2026-07-27T21:54:06.727+00:00,270.700000,103072.400000,1.219167,4095,2,02,80,FFFFFFFF,32,2.95269758,3.07141521,2.20751230,1.37161177,1.11007910,0.48124610,2.20557317,1.20388206,1.04856503,1.49851534,2.20716970,0.89377897,1.01297373,0.96141204,2.20751914,0.64041012,1.99943033,0.98543298,2.20768073,1.01147895,0.76915227,0.81211733,2.20554372,1.17583513,1.82386391,1.37774081,2.20492436,1.17657672,1.08131556,0.81033498,2.20488441,0.71462526,SD 02 80 FFFFFFFF 9269F4 94E090 7FED8C 6209A0 55982C 2DC716 7FDF26 5A46D2 5260A8 677168 7FEB01 49B80F 5075D3 4D9B35 7FED99 39842B 7998D6 4EF283 7FEECC 5060F9 4217F8 44CB23 7FDEEE 58E763 73BF54 624EB5 7FDA54 58F0C1 541AEF 44AEDB 7FDA08 3E8D91 7CD7BA 000FFF 02 0FBA44,2026-07-27T21:54:06.549+00:00,serial_request_midpoint,356.0697,True,matched,94.61395,94.61395,2026-07-27T21:54:06.643+00:00,169.10164,1785189246589.317,5076,False,,,,,,,,,,,,,,False,,,,,,,,,,,,,,True,0.2546074639278606,-15.214601961937083,5.91117785125487,42.60491356900746,0.05493020010390472,-0.8586332427775591,-2.751889172003679,30.694197824268997,0.7779281952419581,-30.052960989321814,0.5867646241948956,-0.11228607908724485,0.20444142920871794,False,,,,,,,,,,,,,,False,,,,,,,,,,,,,,False,,,,,,,,,,,,,,True,0.15542297145255785,11.258916662205154,9.41380835035556,76.26206448559539,0.1911831009521112,0.004208204271644687,-3.037441142466347,0.0,0.0,0.0,0.0,0.0,0.0,True,2,0.2546074639278441,-15.977776370988959,8.683137338004792,46.761177331512656,2.5506158553166074,0.34345188437543744,0.07954835330257809,30.656658857926118,-2.0413056704737245,-25.858770450643807,-0.301353696368808,2.921474721048771,0.8357537408905539,True,-8.812983000678454,-15.248627807834357,72.08917898378085,22.747210479368135,22.563236176395005,-1.41232977751597
2026-07-27T21:54:07.283+00:00,271.900000,103073.600000,1.218556,4095,2,02,80,FFFFFFFF,32,2.94799624,3.06671379,2.20692975,1.36891105,1.10956367,0.48119570,2.20514096,1.20324284,1.04787987,1.49845710,2.20486549,0.89341397,1.01259332,0.96111449,2.20483710,0.64030012,1.99791308,0.98490432,2.20727810,1.01087084,0.76892130,0.81193629,2.20791076,1.17550959,1.82335664,1.37612274,2.20764809,1.17497334,1.08000719,0.81024322,2.20561997,0.71437313,SD 02 80 FFFFFFFF 925062 94C821 7FE939 61EB1C 559166 2DC614 7FDBF0 5A3EE0 52574F 6770CB 7FD9E4 49B292 507085 4D96EC 7FD9AE 398235 798C6E 4EEB03 7FEBCF 50587C 421433 44C844 7FF081 58E346 73BAD0 623C7E 7FEE8E 58DC7F 54096F 44AD66 7FDF7F 3E894C 7CC7B9 000FFF 02 0FBA50,2026-07-27T21:54:07.106+00:00,serial_request_midpoint,354.754,True,matched,30.8891,30.8891,2026-07-27T21:54:07.136+00:00,169.594096,1785189247056.002,5090,False,,,,,,,,,,,,,,False,,,,,,,,,,,,,,True,0.30120375294290924,-15.308345444950982,5.788727569800722,42.71350151678467,0.054721604155783816,-0.8502422366973112,-2.751024324549509,30.921441087924983,1.2188995261476436,-29.652605685306394,0.5915203973949255,-0.11863060280341524,0.208894284128461,False,,,,,,,,,,,,,,False,,,,,,,,,,,,,,False,,,,,,,,,,,,,,True,0.08206026811111258,11.244328683915437,9.399770503561102,76.16218048134006,0.19877472341667102,0.021317398810647554,-3.0366545420762927,0.0,-1.4210854715202005e-15,0.0,0.0,0.0,0.0,True,2,0.30120375294291835,-16.072512822545534,8.536652228004495,46.885513184631925,2.555522020074921,0.34823432348012345,0.07942908584954966,30.863252847606134,-1.622474317521312,-25.473618741799605,-0.3072961157386197,2.9127977147947166,0.8409748202965611,True,-8.790366616214218,-15.504990417343668,72.07561203864874,22.719311955881516,22.831143546713466,-0.9528496911718889
2026-07-27T21:54:07.839+00:00,272.500000,103074.200000,1.216725,4095,2,02,80,FFFFFFFF,32,2.94550326,3.06414377,2.20475930,1.36715528,1.10909654,0.48121230,2.20452487,1.20273201,1.04749862,1.49839220,2.20481870,0.89317267,1.01236590,0.96091950,2.20478663,0.64019078,1.99676440,0.98448317,2.20483605,1.01045205,0.76877507,0.81182768,2.20474721,1.17538038,1.82317325,1.37505684,2.20727074,1.17374447,1.07910478,0.81014087,2.20501899,0.71419393,SD 02 80 FFFFFFFF 9242CE 94BAC1 7FD91A 61D73F 558B42 2DC669 7FD75C 5A3886 52521B 67701C 7FD98B 49AEF1 506D59 4D941D 7FD94E 398042 798308 4EE509 7FD9AC 5052A3 4211D0 44C68B 7FD903 58E1A4 73B92E 62307C 7FEBC1 58CCF5 53FD5B 44ABC6 7FDB08 3E8643 7C97B9 000FFF 02 0FBA56,2026-07-27T21:54:07.661+00:00,serial_request_midpoint,356.1876,True,matched,53.0515,53.0515,2026-07-27T21:54:07.713+00:00,170.171904,1785189247656.029,5108,False,,,,,,,,,,,,,,False,,,,,,,,,,,,,,True,0.3507624682562294,-15.184563376618584,5.2229597712475,42.87910791044569,0.05077388043599648,-0.8390593770109374,-2.754491680483799,30.791290371281036,1.6779223380621047,-29.622165183583654,0.5793191297163677,-0.11869938301140034,0.20793413461293334,False,,,,,,,,,,,,,,False,,,,,,,,,,,,,,False,,,,,,,,,,,,,,True,0.06076871200549174,11.252815844081253,9.408593859346974,76.22482882762,0.1961112790396225,0.014688746917975946,-3.037235561100848,0.0,-1.4210854715202005e-15,0.0,0.0,0.0,0.0,True,2,0.3507624682562538,-15.930988506437405,7.939639105220482,47.07472777369854,2.5636574979286393,0.34877406736377947,0.07591760755827406,30.724153306435518,-1.1128026788484917,-25.40931939842892,-0.305794417897087,2.9179063475942897,0.8231154043288166,True,-8.580115626586352,-16.300344250707408,72.0539028909989,22.604705236868455,23.64947320175967,-1.1920616884733248
2026-07-27T21:54:08.397+00:00,273.600000,103075.300000,1.218556,4095,2,02,80,FFFFFFFF,32,2.94448051,3.06278171,2.20722706,1.36593572,1.10874717,0.48117050,2.20760388,1.20235385,1.04721016,1.49835474,2.20787022,0.89294492,1.01215812,0.96076765,2.20779916,0.64016033,1.99609916,0.98417054,2.20777231,1.01014858,0.76863747,0.81174025,2.20794603,1.17525458,1.82281924,1.37407854,2.20740283,1.17252143,1.07817342,0.81007027,2.20499533,0.71403988,SD 02 80 FFFFFFFF 923D3B 94B3A9 7FEB6E 61C970 5586AA 2DC593 7FEE3A 5A33D2 524E2B 676FB7 7FF034 49AB84 506A73 4D91ED 7FEFAD 397FB7 797D96 4EE099 7FEF7A 504E66 420F91 44C528 7FF0C4 58E00D 73B607 622575 7FECBC 58BD7B 53F0E2 44AAA7 7FDADB 3E83A7 7CC7BA 000FFF 02 0FBA61,2026-07-27T21:54:08.218+00:00,serial_request_midpoint,357.3597,True,matched,74.64955,74.64955,2026-07-27T21:54:08.293+00:00,170.750438,1785189248222.72,5125,False,,,,,,,,,,,,,,False,,,,,,,,,,,,,,True,0.3181413370160393,-15.165176137532086,4.884481274189633,43.15637962419173,0.05823240442915976,-0.8225773778715771,-2.75435088841517,30.74206351484721,1.9837116206177385,-29.36736350850664,0.5674336697419244,-0.1120687277449403,0.2114730047409133,False,,,,,,,,,,,,,,False,,,,,,,,,,,,,,False,,,,,,,,,,,,,,True,0.05801184852282502,11.25374679080661,9.406949246364446,76.21752623365757,0.19476522161701357,0.013224017423925875,-3.0372682201722037,0.0,0.0,0.0,0.0,0.0,0.0,True,2,0.31814133701607417,-15.936286429751561,7.548980971713753,47.38089774608357,2.5736774621174856,0.35599773627926334,0.08300013408970354,30.704261309507398,-0.7537330597336294,-25.119341533710262,-0.31180815445892296,2.928396252213518,0.8071586138703168,True,-8.496380843951242,-16.929716650762106,72.09956442359513,22.578777876634355,24.278464774327233,-1.1832410720499866
2026-07-27T21:54:08.953+00:00,274.200000,103075.900000,1.219167,4095,2,02,80,FFFFFFFF,32,2.94314518,3.06113483,2.20654252,1.36482762,1.10846707,0.48117402,2.20739704,1.20197138,1.04703219,1.49826684,2.20770336,0.89274446,1.01194644,0.96063886,2.20541752,0.64009000,1.99536210,0.98386183,2.20474353,1.00988153,0.76851233,0.81163954,2.20731336,1.17511704,1.82261265,1.37322440,2.20756862,1.17141738,1.07741833,0.80997852,2.20794918,0.71386948,SD 02 80 FFFFFFFF 9235F3 94AB14 7FE659 61BCE2 5582FB 2DC5A5 7FECB1 5A2F10 524BBD 676ECA 7FEEF7 49A880 50677F 4D9012 7FDDFE 397E76 79778D 4EDC37 7FD8FC 504AAB 420D86 44C38F 7FEC12 58DE50 73B430 621BD3 7FEDF7 58AF80 53E6C4 44A932 7FF0CA 3E80C4 7CD7BA 000FFF 02 0FBA67,2026-07-27T21:54:08.775+00:00,serial_request_midpoint,355.9192,True,matched,79.5297,79.5297,2026-07-27T21:54:08.854+00:00,171.312176,1785189248789.399,5142,False,,,,,,,,,,,,,,False,,,,,,,,,,,,,,True,0.3929053204019753,-14.669791963207135,4.180791420579025,42.95905307461625,0.07344065232529537,-0.8380875888192474,-2.749668220887748,30.29368505055133,2.8505205322302785,-29.66967127787034,0.5829318711392042,-0.1004041287771845,0.21156052463865074,False,,,,,,,,,,,,,,False,,,,,,,,,,,,,,False,,,,,,,,,,,,,,True,0.09467383994497827,11.254410291624964,9.409730142020631,76.22639670589396,0.19167340345863146,0.018783940261921327,-3.0373076816450357,0.0,0.0,-1.1368683772161604e-14,0.0,0.0,0.0,True,2,0.3929053204020032,-15.497155233018834,6.883661773630257,47.14840685386282,2.562168222020081,0.35497601951558855,0.09689327085221208,30.320289016139135,0.053668516496856,-25.460439252378375,-0.31340460324115144,2.9331241811837185,0.8328524832760624,True,-8.27381848820982,-17.333315301925406,72.18703186254194,22.384187947932556,24.711304453278345,-1.0762106491089867
2026-07-27T21:54:09.510+00:00,275.400000,103077.100000,1.219167,4095,2,02,80,FFFFFFFF,32,2.94211119,3.06004622,2.20739862,1.36382045,1.10819800,0.48118847,2.20742757,1.20163075,1.04684509,1.49829799,2.20757230,0.89256298,1.01182802,0.96054857,2.20535022,0.64004860,1.99468872,0.98361342,2.20726074,1.00957565,0.76840825,0.81157994,2.20778442,1.17508243,1.82230566,1.37253750,2.20533812,1.17042839,1.07678742,0.80992342,2.20738546,0.71376388,SD 02 80 FFFFFFFF 92304F 94A567 7FECB4 61B177 557F71 2DC5EF 7FECEB 5A2AD3 52492F 676F1E 7FEDFE 49A5C5 5065D8 4D8EC5 7FDD7E 397DB9 797209 4ED8B0 7FEBAE 504665 420BD3 44C29D 7FEF91 58DDE0 73B174 621413 7FDD67 58A2F8 53DE4F 44A852 7FEC9B 3E7EFA 7CD7BA 000FFF 02 0FBA73,2026-07-27T21:54:09.332+00:00,serial_request_midpoint,356.9329,True,matched,91.01465,91.01465,2026-07-27T21:54:09.422+00:00,171.880482,1785189249356.059,5159,False,,,,,,,,,,,,,,False,,,,,,,,,,,,,,True,0.37462850380781765,-14.779835663429726,3.897722635953744,43.04870464637524,0.05661553018707543,-0.8336404645881433,-2.756675460153034,30.493950019528597,3.004802500702856,-29.487147221986845,0.5747634321442391,-0.11424397430983199,0.2066967488046186,False,,,,,,,,,,,,,,False,,,,,,,,,,,,,,False,,,,,,,,,,,,,,True,0.07605024332006845,11.255234215018053,9.40856303092006,76.21807985481735,0.19580495076167437,0.013445673640183979,-3.0370635805487125,0.0,0.0,0.0,0.0,0.0,0.0,True,2,0.37462850380784074,-15.542138003123515,6.5951055815346935,47.25390898583,2.567605020083303,0.3482939563820481,0.08140486636953796,30.443423591665418,0.23504191715971814,-25.260257521660982,-0.3044399578725812,2.924168935273747,0.8175676750852022,True,-8.265871031469624,-17.75369538468516,72.14895156857685,22.430798414414713,25.119620630670898,-1.1329515230190281
2026-07-27T21:54:10.066+00:00,275.900000,103077.600000,1.216115,4095,2,02,80,FFFFFFFF,32,2.94153352,3.05903144,2.20762651,1.36299942,1.10788860,0.48117304,2.20801393,1.20128517,1.04665658,1.49825534,2.20753756,0.89244616,1.01164829,0.96041329,2.20799761,0.63999755,1.99400126,0.98332241,2.20770126,1.00936208,0.76830920,0.81150558,2.20785969,1.17494306,1.82210527,1.37181522,2.20721917,1.16943597,1.07607636,0.80983709,2.20549008,0.71358775,SD 02 80 FFFFFFFF 922D28 94A01C 7FEE65 61A827 557B5F 2DC5A0 7FF145 5A2686 52469C 676EAB 7FEDBC 49A403 506356 4D8CD2 7FF126 397CD0 796C67 4ED48E 7FEEF3 504369 420A35 44C16F 7FF020 58DC1D 73AFAB 620BEC 7FEB5F 589663 53D4C6 44A6F3 7FDE88 3E7BFE 7C87BA 000FFF 02 0FBA78,2026-07-27T21:54:09.888+00:00,serial_request_midpoint,356.4715,True,matched,96.01785,96.01785,2026-07-27T21:54:09.984+00:00,172.442369,1785189249922.746,5176,False,,,,,,,,,,,,,,False,,,,,,,,,,,,,,True,0.369007418328701,-14.752580787098676,3.16326667750026,43.13830765024201,0.04637298320038555,-0.8302069242813399,-2.759992007472987,30.504805001166563,3.727368651636106,-29.424977597067333,0.5715495506116605,-0.1205752097259132,0.20419154205245793,False,,,,,,,,,,,,,,False,,,,,,,,,,,,,,False,,,,,,,,,,,,,,True,0.08282276499656693,11.25386984480278,9.406100192895101,76.22844616675242,0.19469448846122062,0.012958904613864557,-3.03714711340325,0.0,1.4210854715202005e-15,0.0,0.0,0.0,0.0,True,2,0.36900741832871875,-15.476644873811864,5.8551511139146495,47.353780636964885,2.571015954959998,0.34566385154040724,0.07197743751112547,30.418897657106022,0.968017523278796,-25.19185529773109,-0.29994455990914004,2.9198669339298937,0.8113871768489953,True,-8.136531324443627,-18.573062669371218,72.15209548238556,22.381454335639283,25.94499834959114,-1.168507313147768
2026-07-27T21:54:10.626+00:00,277.100000,103078.800000,1.217946,4095,2,02,80,FFFFFFFF,32,2.94041934,3.05788981,2.20702762,1.36204696,1.10765140,0.48116992,2.20795076,1.20090200,1.04644692,1.49819600,2.20538229,0.89225874,1.01151505,0.96032085,2.20708445,0.63996141,1.99345126,0.98313595,2.20518407,1.00916698,0.76820849,0.81142778,2.20500532,1.17491802,1.82196496,1.37148031,2.20724337,1.16868950,1.07561220,0.80980905,2.20768757,0.71352459,SD 02 80 FFFFFFFF 922713 949A27 7FE9F3 619D58 557840 2DC590 7FF0CD 5A21C1 5243BF 676E0B 7FDDBB 49A131 50617A 4D8B7D 7FEA5F 397C2B 7967E5 4ED1E8 7FDC42 5040AF 420890 44C033 7FDAEE 58DBCC 73AE6B 620824 7FEB8D 588CEB 53CE8C 44A681 7FEED9 3E7AEC 7CB7BB 000FFF 02 0FBA84,2026-07-27T21:54:10.446+00:00,serial_request_midpoint,358.9405,True,matched,24.45105,24.45105,2026-07-27T21:54:10.471+00:00,172.928677,1785189250389.442,5190,False,,,,,,,,,,,,,,False,,,,,,,,,,,,,,True,0.359186865569472,-14.70548572238539,2.9994033726249363,43.26588306654854,0.0422581897827305,-0.8238926286036,-2.7645445238135107,30.522603861064702,4.025440346165761,-29.141106199801538,0.570474616872685,-0.12637156713275285,0.20223262247230778,False,,,,,,,,,,,,,,False,,,,,,,,,,,,,,False,,,,,,,,,,,,,,True,0.08176668755218401,11.245170009866095,9.403440251868178,76.16860887617696,0.19870072588683751,0.019448016237609642,-3.0370190241918213,0.0,0.0,0.0,0.0,0.0,0.0,True,2,0.35918686556949647,-15.40949576316535,5.673861458019327,47.49582005448327,2.576475789580027,0.3426090875710455,0.06826555622987,30.40587286886592,1.2679175679571528,-24.907530274762546,-0.2963520001753377,2.9151120729705746,0.8084706279448294,True,-8.08513578907361,-18.8945540525256,72.15992403178775,22.336445663993462,26.281539514012216,-0.933077695876716
2026-07-27T21:54:11.181+00:00,278.300000,103080.000000,1.219167,4095,2,02,80,FFFFFFFF,32,2.94128660,3.05859120,2.20739073,1.36194165,1.10751693,0.48118515,2.20772126,1.20072001,1.04653244,1.49821120,2.20499691,0.89221929,1.01147055,0.96031272,2.20696237,0.63992964,1.99318156,0.98297949,2.20754599,1.00908872,0.76818648,0.81145929,2.20792971,1.17502279,1.82192418,1.37143706,2.20758651,1.16803661,1.07538424,0.80978962,2.20755125,0.71347895,SD 02 80 FFFFFFFF 922BCF 949DD0 7FECA5 619C26 55767B 2DC5DE 7FEF19 5A1F7D 5244EA 676E34 7FDADE 49A099 5060DB 4D8B5F 7FE977 397B9A 7965AF 4ECFAF 7FEDCC 503F97 420834 44C0B3 7FF0A5 58DD1F 73AE0E 6207A7 7FEE19 5884A2 53CB7D 44A632 7FEDD6 3E7A26 7CD7BB 000FFF 02 0FBA90,2026-07-27T21:54:11.003+00:00,serial_request_midpoint,355.2625,True,matched,37.85445,37.85445,2026-07-27T21:54:11.041+00:00,173.499347,1785189250989.476,5208,False,,,,,,,,,,,,,,False,,,,,,,,,,,,,,True,0.4168584244083275,-14.570202538915916,2.1680678022693707,43.33305228135257,0.04238974875112942,-0.8209791716357532,-2.766590568603703,30.41832639627416,4.740635781600849,-29.266733194395506,0.5645051534126475,-0.12341876491189764,0.19977813170818487,False,,,,,,,,,,,,,,False,,,,,,,,,,,,,,False,,,,,,,,,,,,,,True,0.0659206302239505,11.26292354251009,9.414206187412816,76.26378193619765,0.19501610649479856,0.013133129962552377,-3.0369470139926236,0.0,0.0,0.0,0.0,0.0,0.0,True,2,0.416858424408346,-15.271677064021825,4.833454574320139,47.56913184049923,2.5789369193104736,0.34124528934420945,0.06843438509535055,30.30864569934165,2.009359295330816,-25.015989484680137,-0.29298767482806637,2.9206668622714926,0.8005121906161862,True,-7.977316591626218,-19.800465624196704,72.17672407712419,22.359749595254904,27.18559056255528,-1.1718341287482985
2026-07-27T21:54:11.738+00:00,278.800000,103080.500000,1.217336,4095,2,02,80,FFFFFFFF,32,2.94193723,3.05894758,2.20753756,1.36186079,1.10734002,0.48114648,2.20750283,1.20056911,1.04657248,1.49817449,2.20776600,0.89221150,1.01145655,0.96027179,2.20792181,0.63991803,1.99293190,0.98287913,2.20763546,1.00902584,0.76815036,0.81146348,2.20794603,1.17511179,1.82173873,1.37135300,2.20757125,1.16752949,1.07519561,0.80975691,2.20792497,0.71345659,SD 02 80 FFFFFFFF 922F5C 949FAC 7FEDBC 619B3B 557427 2DC518 7FED7A 5A1D9C 524576 676DD1 7FEF6E 49A07B 5060A9 4D8AC8 7FF096 397B65 7963A3 4ECE42 7FEE76 503EB6 42079D 44C0C4 7FF0C4 58DE3F 73AC67 6206B4 7FEDFC 587E32 53C8F5 44A5AD 7FF09C 3E79C5 7CA7BB 000FFF 02 0FBA95,2026-07-27T21:54:11.560+00:00,serial_request_midpoint,356.3235,True,matched,51.58595,51.58595,2026-07-27T21:54:11.611+00:00,174.069039,1785189251556.179,5225,False,,,,,,,,,,,,,,False,,,,,,,,,,,,,,True,0.370036465742752,-14.332303329550118,1.5583355390815898,43.52559978371043,0.04758293010519141,-0.8128885877635637,-2.770053830445631,30.207477633163258,5.272438594381825,-29.118628718775756,0.5552616299434153,-0.11896808687837755,0.1984362235769036,False,,,,,,,,,,,,,,False,,,,,,,,,,,,,,False,,,,,,,,,,,,,,True,0.10044326952535865,11.259881505208961,9.414095190676116,76.25955719541678,0.19497425548079944,0.007738752813427801,-3.037370723261424,2.842170943040401e-15,0.0,0.0,0.0,0.0,0.0,True,2,0.3700364657427461,-15.045748165001635,4.1965854772189655,47.77664163797668,2.584969637299098,0.34022446315506927,0.07335987893291904,30.11174219748741,2.5821179745322445,-24.84151137121492,-0.2914256254052924,2.9287276789886914,0.7880351398295837,True,-7.828156482490998,-20.596395315955075,72.24674152387834,22.272425264143966,27.992147472530483,-1.2100318224942725
2026-07-27T21:54:12.294+00:00,279.900000,103081.600000,1.218556,4095,2,02,80,FFFFFFFF,32,2.94332853,3.06019979,2.20694396,1.36220389,1.10731984,0.48114218,2.20547168,1.20042292,1.04678215,1.49813740,2.20478085,0.89221098,1.01149350,0.96033874,2.20486759,0.63993183,1.99291999,0.98285961,2.20458269,1.00911807,0.76818816,0.81152430,2.20495328,1.17541160,1.82190489,1.37185120,2.20672297,1.16724338,1.07523665,0.80976552,2.20504107,0.71353681,SD 02 80 FFFFFFFF 9236F3 94A634 7FE954 619F20 5573E3 2DC502 7FDE65 5A1BCA 524853 676D6D 7FD943 49A079 50612D 4D8BBF 7FD9E8 397BA4 79638A 4ECDFB 7FD7CA 504000 42083B 44C1BB 7FDA8B 58E209 73ADE2 620C54 7FE7B0 587A90 53C982 44A5D0 7FDB32 3E7B21 7CC7BA 000FFF 02 0FBAA0,2026-07-27T21:54:12.116+00:00,serial_request_midpoint,356.9628,True,matched,60.4863,60.4863,2026-07-27T21:54:12.176+00:00,174.634752,1785189252122.908,5242,False,,,,,,,,,,,,,,False,,,,,,,,,,,,,,True,0.43360410423301293,-14.217711449648132,0.7649555635805696,43.58962309221994,0.04937888456116462,-0.8081869526109804,-2.771311060561276,30.13485250769123,6.068617669962099,-29.100471065132684,0.5528958707592857,-0.1167140255664108,0.19682977234122628,False,,,,,,,,,,,,,,False,,,,,,,,,,,,,,False,,,,,,,,,,,,,,True,0.13369032205835546,11.261895736524396,9.415113992858878,76.26590270119372,0.19288216237605835,0.008872464891764862,-3.0364123068109428,-2.842170943040401e-15,0.0,0.0,0.0,0.0,0.0,True,2,0.4336041042330208,-14.935208225601546,3.388177294926245,47.84927440644389,2.5882580252636322,0.34058534321897627,0.07508334695147742,30.04627156816506,3.389196212026488,-24.816363542907727,-0.2892582675139392,2.932037059459786,0.7851374017549865,True,-7.7264690355535475,-21.48699480377766,72.23843607883184,22.29078591450261,28.8673725372565,-1.2306414181036416
2026-07-27T21:54:12.851+00:00,280.500000,103082.200000,1.218556,4095,2,02,80,FFFFFFFF,32,2.94681830,3.06329990,2.20684925,1.36334445,1.10739018,0.48115488,2.20762388,1.20042512,1.04725766,1.49813703,2.20769283,0.89238360,1.01164605,0.96046778,2.20767441,0.63996360,1.99327733,0.98301716,2.20744493,1.00946523,0.76825729,0.81167327,2.20751809,1.17585956,1.82208861,1.37281860,2.20530290,1.16737413,1.07573711,0.80976355,2.20470621,0.71365484,SD 02 80 FFFFFFFF 9249F8 94B65C 7FE8A0 61AC11 5574D0 2DC543 7FEE60 5A1BD1 524ED1 676D6C 7FEEE3 49A312 50634E 4D8D9B 7FEEC0 397C35 796678 4ED038 7FED0C 5044DA 42095C 44C418 7FED97 58E7B2 73AF85 62173F 7FDD24 587C39 53D039 44A5C8 7FD8B5 3E7D21 7CC7BA 000FFF 02 0FBAA6,2026-07-27T21:54:12.674+00:00,serial_request_midpoint,355.7463,True,matched,92.69995,92.69995,2026-07-27T21:54:12.766+00:00,175.22408,1785189252689.635,5259,False,,,,,,,,,,,,,,False,,,,,,,,,,,,,,True,0.38029093852722357,-14.05423459294623,0.44585244108576727,43.69948194874095,0.053597778202097296,-0.8017738240241011,-2.7717557889937012,29.965365289587794,6.388489295886522,-29.055692001075435,0.5480229775620626,-0.11258091636675287,0.1977350844704509,False,,,,,,,,,,,,,,False,,,,,,,,,,,,,,False,,,,,,,,,,,,,,True,0.12351349637567917,11.262372892029848,9.414804113129147,76.2816310712229,0.19154583890604981,0.007806497913307797,-3.036736110400752,-2.842170943040401e-15,0.0,0.0,0.0,0.0,0.0,True,2,0.38029093852720897,-14.784840463014609,3.047902801964155,47.96987679095282,2.5923065978015143,0.3426685248652446,0.07907241209443733,29.894930501826117,3.7317031431440477,-24.757174884023993,-0.2910469910106226,2.937711706090822,0.7788950599797423,True,-7.5725107004048855,-21.925759817772864,72.25711190496017,22.175098907889684,29.3223885539715,-1.2818189741027823
2026-07-27T21:54:13.410+00:00,281.600000,103083.300000,1.219167,4095,2,02,80,FFFFFFFF,32,2.95001908,3.06635561,2.20449071,1.36481900,1.10749437,0.48114882,2.20516146,1.20051421,1.04774362,1.49814816,2.20672771,0.89258037,1.01182270,0.96062421,2.20522193,0.64002012,1.99361567,0.98318298,2.20710866,1.00971376,0.76837380,0.81174912,2.20739915,1.17612857,1.82215262,1.37346959,2.20750756,1.16744365,1.07606442,0.80979626,2.20778390,0.71373230,SD 02 80 FFFFFFFF 925B64 94C644 7FD71B 61BCC9 55762F 2DC524 7FDC17 5A1CED 525573 676D8A 7FE7B9 49A608 5065C5 4D8FDC 7FDC8A 397D37 79693E 4ED293 7FEA8D 504853 420B43 44C54C 7FECB5 58EB18 73B017 621E97 7FED83 587D1B 53D49D 44A64D 7FEF90 3E7E71 7CD7BB 000FFF 02 0FBAB1,2026-07-27T21:54:13.231+00:00,serial_request_midpoint,357.5573,True,matched,39.53155,39.53155,2026-07-27T21:54:13.270+00:00,175.727995,1785189253189.68,5274,False,,,,,,,,,,,,,,False,,,,,,,,,,,,,,True,0.4530516550076125,-13.937410224190742,0.5190192397446258,43.79241436897003,0.07158045413838393,-0.7944410286018828,-2.7700043031445905,29.88966465990118,6.285228448799844,-28.871719931997877,0.5412752212389338,-0.10182347667985032,0.20238563533827797,False,,,,,,,,,,,,,,False,,,,,,,,,,,,,,False,,,,,,,,,,,,,,True,0.09650324399347499,11.258913867704347,9.410907960781667,76.235471086788,0.19564463292293593,0.00466036995731968,-3.0375205924322173,0.0,0.0,0.0,0.0,0.0,0.0,True,2,0.4530516550076212,-14.729125882153266,3.0904461849620053,48.07045976880492,2.5959103844489344,0.3477157569863049,0.09590249324038222,29.872935185987092,3.6626141019125695,-24.551727249954876,-0.29921563308472643,2.949806012889993,0.7712725324290506,True,-7.602822050490579,-21.981522542921144,72.28168634944366,22.17474844285679,29.388444339649293,-1.2173985863915733
2026-07-27T21:54:13.965+00:00,282.200000,103083.900000,1.217336,4095,2,02,80,FFFFFFFF,32,2.95206004,3.06834988,2.20764073,1.36559467,1.10764932,0.48114980,2.20785233,1.20056817,1.04808026,1.49815817,2.20774021,0.89271720,1.01199936,0.96072562,2.20552689,0.64006196,1.99405084,0.98335156,2.20741283,1.01001155,0.76847764,0.81188236,2.20545275,1.17643444,1.82230347,1.37416412,2.20677296,1.16752734,1.07654211,0.80982725,2.20486391,0.71378394,SD 02 80 FFFFFFFF 92667D 94D0A3 7FEE80 61C593 557839 2DC529 7FF012 5A1D99 525A0B 676DA5 7FEF3D 49A817 50683C 4D9152 7FDECE 397DF6 796CCF 4ED4F8 7FECCF 504C7C 420CF5 44C769 7FDE41 58EEF5 73B16F 62266C 7FE80F 587E2B 53DB05 44A6CB 7FD9E1 3E7F51 7CA7BB 000FFF 02 0FBAB7,2026-07-27T21:54:13.788+00:00,serial_request_midpoint,355.1811,True,matched,71.22235,71.22235,2026-07-27T21:54:13.858+00:00,176.316646,1785189253789.715,5292,False,,,,,,,,,,,,,,False,,,,,,,,,,,,,,True,0.4465872192674988,-13.507682660678835,-0.0942851708340032,43.93951308497894,0.0682146189493396,-0.7909270741348399,-2.779705267969798,29.415067460686693,7.144768671302385,-28.86975026874369,0.5450694239450797,-0.10151869122202464,0.1924433416831155,False,,,,,,,,,,,,,,False,,,,,,,,,,,,,,False,,,,,,,,,,,,,,True,0.06689644317435414,11.262012588804712,9.416867160926902,76.2776727764727,0.18982316033570484,0.014978442307142514,-3.037416108490565,-2.842170943040401e-15,0.0,0.0,0.0,0.0,0.0,True,2,0.4465872192674897,-14.274557662506094,2.4667430835548876,48.228307749202486,2.601232190849628,0.33677186908680357,0.09287741186447974,29.388489631469827,4.504885553534828,-24.560338081031993,-0.28430918139949085,2.9501834625800956,0.7772884211365081,True,-7.35218001644416,-22.763022423002298,72.33455040419929,22.001192902712564,30.204722733530435,-1.0972280848026912
2026-07-27T21:54:14.524+00:00,283.400000,103085.100000,1.219167,4095,2,02,80,FFFFFFFF,32,2.95265517,3.06914275,2.20461580,1.36621440,1.10775204,0.48114374,2.20747493,1.20065727,1.04821168,1.49818969,2.20492699,0.89277899,1.01204136,0.96077714,2.20724337,0.64009285,1.99406371,0.98338979,2.20754599,1.00998834,0.76842978,0.81183827,2.20741336,1.17628382,1.82224383,1.37395486,2.20749809,1.16725476,1.07643491,0.80984521,2.20728284,0.71375351,SD 02 80 FFFFFFFF 9269B9 94D4C2 7FD809 61CC98 557993 2DC50A 7FED45 5A1EB5 525BD6 676DFA 7FDA59 49A905 5068D2 4D9210 7FEB8D 397E83 796CEA 4ED583 7FEDCC 504C29 420C2D 44C6B6 7FECD0 58ED0E 73B0E7 622410 7FED71 587AB5 53D995 44A714 7FEBD8 3E7ECD 7CD7BB 000FFF 02 0FBAC3,2026-07-27T21:54:14.344+00:00,serial_request_midpoint,358.1339,True,matched,31.80795,31.80795,2026-07-27T21:54:14.376+00:00,176.83407,1785189254323.052,5308,False,,,,,,,,,,,,,,False,,,,,,,,,,,,,,True,0.4399209815294618,-13.54085496175819,-0.6519745931320864,43.925343408474454,0.05684272734941868,-0.7907275698953573,-2.7823438102030864,29.55345953208495,7.677989381886208,-28.741403438608312,0.543641568591469,-0.11164873823389786,0.19085652421726781,False,,,,,,,,,,,,,,False,,,,,,,,,,,,,,False,,,,,,,,,,,,,,True,0.09212493111241525,11.253627667424682,9.40905513840942,76.21212204580482,0.19343334159595166,0.014418004591706017,-3.0373274241972594,0.0,0.0,0.0,0.0,0.0,0.0,True,2,0.4399209815294611,-14.266901196922092,1.913578904284925,48.21853743180641,2.602437140329731,0.3336268058332565,0.08231079377489317,29.475707058505787,5.039716147353876,-24.4316248249809,-0.280799413707899,2.941324056244241,0.772867915234359,True,-7.286032187694332,-23.338773687620673,72.28422817988657,21.980536541340506,30.778725775337215,-1.0457932806174313
2026-07-27T21:54:15.079+00:00,283.900000,103085.600000,1.217946,4095,2,02,80,FFFFFFFF,32,2.95241006,3.06889547,2.20504948,1.36607264,1.10770750,0.48113671,2.20742546,1.20053083,1.04823115,1.49817894,2.20517566,0.89274732,1.01204276,0.96077741,2.20732810,0.64008913,1.99408897,0.98340025,2.20767125,1.01004595,0.76846807,0.81186955,2.20736231,1.17650712,1.82226269,1.37443993,2.20512676,1.16732152,1.07673934,0.80982651,2.20732178,0.71383559,SD 02 80 FFFFFFFF 926864 94D379 7FDB42 61CAFD 5578FD 2DC4E6 7FECE7 5A1D22 525C1A 676DDD 7FDC32 49A88B 5068D7 4D9211 7FEC2E 397E72 796D1F 4ED5A9 7FEEBA 504CF7 420CCD 44C735 7FEC6F 58EFE0 73B112 622988 7FDBD5 587B8E 53DDAA 44A6C8 7FEC22 3E8031 7CB7BB 000FFF 02 0FBAC8,2026-07-27T21:54:14.901+00:00,serial_request_midpoint,355.0952,True,matched,69.5854,69.5854,2026-07-27T21:54:14.971+00:00,177.428755,1785189254889.723,5325,False,,,,,,,,,,,,,,False,,,,,,,,,,,,,,True,0.4646570369899995,-13.415242817530014,-1.3224595680940172,44.152687544419265,0.05330228736223459,-0.7795518990644229,-2.7864667068407374,29.40909346528834,8.382574775876524,-28.58760660048436,0.53672065467156,-0.11195019899871524,0.18861384517298754,False,,,,,,,,,,,,,,False,,,,,,,,,,,,,,False,,,,,,,,,,,,,,True,0.08789280770264422,11.253604636410692,9.406909089776825,76.22669887703849,0.19022160072070374,0.015840615807631603,-3.0373804111154485,0.0,0.0,0.0,0.0,0.0,0.0,True,2,0.46465703699001526,-14.123785980739493,1.2107033136646965,48.46798303805076,2.610765149327518,0.33293730312536224,0.07916641380597647,29.3231381415796,5.773677580825237,-24.260137374136594,-0.2773497318215256,2.9439954746164627,0.7626451234105135,True,-7.1096741017789125,-24.23976097743531,72.31431224505904,21.89171368403764,31.69012937852407,-1.0505968469837739
2026-07-27T21:54:15.639+00:00,285.100000,103086.800000,1.217946,4095,2,02,80,FFFFFFFF,32,2.95459750,3.07105489,2.20514254,1.36696721,1.10782329,0.48115312,2.20509575,1.20063123,1.04856818,1.49818191,2.20721180,0.89289870,1.01216288,0.96088127,2.20533550,0.64011783,1.99444556,0.98359664,2.20447073,1.01021487,0.76853434,0.81195969,2.20462001,1.17667818,1.82244951,1.37491022,2.20472303,1.16738520,1.07699371,0.80987374,2.20462316,0.71390130,SD 02 80 FFFFFFFF 927446 94DEB1 7FDBF3 61D51E 557A83 2DC53A 7FDB9A 5A1E62 5260B3 676DE5 7FEB51 49AAD2 506A84 4D9390 7FDD62 397EF5 79700B 4ED873 7FD6F5 504F53 420DE2 44C8A3 7FD811 58F209 73B2BC 622ED5 7FD8D5 587C5D 53E113 44A788 7FD817 3E814E 7CB7BA 000FFF 02 0FBAD4,2026-07-27T21:54:15.459+00:00,serial_request_midpoint,359.165,True,matched,96.8957,96.8957,2026-07-27T21:54:15.556+00:00,178.013739,1785189255489.727,5343,False,,,,,,,,,,,,,,False,,,,,,,,,,,,,,True,0.4038921680398519,-13.218002368794576,-2.067712979505221,44.30898370017442,0.05982376316599736,-0.7717337722618194,-2.786386371936235,29.319163871524733,9.16441413462264,-28.377241881627548,0.5323961564513814,-0.10904151219647663,0.1904987886062122,False,,,,,,,,,,,,,,False,,,,,,,,,,,,,,False,,,,,,,,,,,,,,True,0.07210640953753672,11.25550285176343,9.406197120285585,76.21924290635806,0.19276693142280654,0.017452688119246895,-3.036962744426534,0.0,0.0,0.0,0.0,0.0,0.0,True,2,0.4038921680398618,-13.94780636008071,0.43889069702902883,48.636228464319416,2.6154894005963865,0.3361445176166345,0.08533734889181047,29.247259839037252,6.575520422239921,-24.037520431830377,-0.28046649708798055,2.948113613729271,0.7568524541918134,True,-6.928486597781529,-25.123693264888715,72.36078886059758,21.801863413018435,32.583178317146405,-0.9347258473416218
2026-07-27T21:54:16.194+00:00,286.300000,103088.000000,1.216726,4095,2,02,80,FFFFFFFF,32,2.95500542,3.07162812,2.20458952,1.36733268,1.10793106,0.48115546,2.20455168,1.20059985,1.04860999,1.49819007,2.20702604,0.89293921,1.01218052,0.96090947,2.20762546,0.64014324,1.99445367,0.98354025,2.20765809,1.01015893,0.76849917,0.81187694,2.20778021,1.17638619,1.82232320,1.37432420,2.20748704,1.16702037,1.07664873,0.80983069,2.20771441,0.71373645,SD 02 80 FFFFFFFF 92767D 94E1AB 7FD7D7 61D941 557BEE 2DC546 7FD78F 5A1DFE 526145 676DFB 7FE9F0 49AB6E 506AC3 4D93F8 7FEE63 397F69 79701C 4ED7A6 7FEEA1 504E8B 420D4F 44C753 7FEF89 58EE59 73B19C 62283A 7FED5C 5877BB 53DC73 44A6D9 7FEF0C 3E7E83 7C97BB 000FFF 02 0FBAE0,2026-07-27T21:54:16.017+00:00,serial_request_midpoint,355.9938,True,matched,50.3007,50.3007,2026-07-27T21:54:16.067+00:00,178.524892,1785189255989.747,5358,False,,,,,,,,,,,,,,False,,,,,,,,,,,,,,True,0.4131456551124014,-13.180850306569914,-2.577261311346624,44.381406940203306,0.049917141126177074,-0.7669116845023936,-2.791316490885926,29.357592940208043,9.6105964459548,-28.245071166236773,0.5261541761548792,-0.1171628253955666,0.18709101930714306,False,,,,,,,,,,,,,,False,,,,,,,,,,,,,,False,,,,,,,,,,,,,,True,0.09397302449256595,11.24878941609366,9.406222327242528,76.18714062739022,0.19523263206391211,0.014436138869010377,-3.036726474198451,0.0,0.0,-1.1368683772161604e-14,0.0,0.0,0.0,True,2,0.4131456551123918,-13.87128823047762,-0.08125465482484183,48.72121907596443,2.620227263451442,0.33182135377044214,0.07617751157023937,29.239034233680684,7.045003432526755,-23.892554715673224,-0.27442306871420574,2.9431792749428,0.7458981955870404,True,-6.835119629191942,-25.756697395623014,72.31857668673145,21.775219083970544,33.21599119579908,-0.9809380630283158
2026-07-27T21:54:16.751+00:00,286.800000,103088.500000,1.220388,4095,2,02,80,FFFFFFFF,32,2.95123513,3.06805084,2.20516567,1.36579639,1.10777460,0.48115781,2.20477875,1.20033227,1.04816930,1.49820045,2.20473197,0.89273018,1.01201224,0.96074026,2.20707340,0.64009044,1.99386494,0.98332929,2.20731863,1.00989187,0.76841591,0.81181611,2.20734599,1.17633825,1.82230347,1.37401826,2.20527713,1.16672574,1.07651443,0.80981938,2.20458111,0.71377541,SD 02 80 FFFFFFFF 926201 94CF15 7FDC1F 61C7DC 5579DF 2DC552 7FD93F 5A1AA9 525B42 676E17 7FD8E6 49A849 50686A 4D9188 7FEA4A 397E78 796B49 4ED4A7 7FEC1C 504AD0 420BF3 44C65C 7FEC50 58EDBE 73B16F 6224C7 7FDCF3 5873FD 53DAA6 44A6AB 7FD7C7 3E7F2C 7CF7BB 000FFF 02 0FBAE5,2026-07-27T21:54:16.573+00:00,serial_request_midpoint,355.0255,True,matched,87.10805,87.10805,2026-07-27T21:54:16.660+00:00,179.118341,1785189256589.772,5376,False,,,,,,,,,,,,,,False,,,,,,,,,,,,,,True,0.4775510172543579,-12.984505227873797,-3.1607148896161283,44.43119637500017,0.05106708123812327,-0.7663981723576576,-2.794522290405415,29.17796746412326,10.138971879531606,-28.347461366785865,0.5236530057262236,-0.11435056655663234,0.1830289105777836,False,,,,,,,,,,,,,,False,,,,,,,,,,,,,,False,,,,,,,,,,,,,,True,0.08398244644327499,11.256274426868782,9.409426840042048,76.24482931245811,0.19229143711561258,0.01114097080681832,-3.0364824734079985,0.0,0.0,0.0,0.0,0.0,0.0,True,2,0.4775510172543798,-13.674301865449005,-0.667446899303071,48.77268438895176,2.621496658663275,0.3278604757782684,0.07729138491938134,29.06619223477984,7.585084247721748,-23.98788717769251,-0.2686059086160651,2.9473754211208405,0.7429548174711463,True,-6.739994027707131,-26.386583515268075,72.35260595949369,21.770575823057523,33.840222045150156,-1.1184089339020715
2026-07-27T21:54:17.307+00:00,287.900000,103089.600000,1.217946,4095,2,02,80,FFFFFFFF,32,2.95519753,3.07173421,2.20443552,1.36706142,1.10784259,0.48114394,2.20697342,1.20045398,1.04877811,1.49822678,2.20757862,0.89294024,1.01223513,0.96093225,2.20806289,0.64013754,1.99465344,0.98370557,2.20541068,1.01053065,0.76864417,0.81214936,2.20505632,1.17730316,1.82271266,1.37602736,2.20478296,1.16755318,1.07781391,0.80991186,2.20487179,0.71410560,SD 02 80 FFFFFFFF 927788 94E238 7FD6B2 61D62F 557AC4 2DC50B 7FE98C 5A1C2D 526390 676E5E 7FEE0A 49AB72 506B86 4D944C 7FF1A2 397F4F 7971BF 4ED9FF 7FDDF1 5053BC 420FAD 44CBA5 7FDB4F 58F9ED 73B514 623B6B 7FD947 587E7F 53EC11 44A823 7FD9F0 3E84C4 7CB7BA 000FFF 02 0FBAF0,2026-07-27T21:54:17.129+00:00,serial_request_midpoint,356.067,True,matched,37.9669,37.9669,2026-07-27T21:54:17.167+00:00,179.624925,1785189257089.805,5391,False,,,,,,,,,,,,,,False,,,,,,,,,,,,,,True,0.5347701689095539,-12.855684839416238,-3.9600903231271025,44.47401299669552,0.04384201330703768,-0.7681015037247023,-2.7980739911590837,29.1631225215403,11.040237882749093,-28.175435345944738,0.526593730657137,-0.12149187756126908,0.1806392982745618,False,,,,,,,,,,,,,,False,,,,,,,,,,,,,,False,,,,,,,,,,,,,,True,0.07848951235469415,11.25201136427532,9.404907057718685,76.19822383649533,0.1953943438817782,0.015123735966567601,-3.0370799803630923,0.0,0.0,0.0,0.0,0.0,0.0,True,2,0.534770168909569,-13.517000340638432,-1.4590725013385977,48.81547522994288,2.62164091517126,0.3226260375381796,0.07057360442477895,29.015633177989535,8.470642185776994,-23.826165578798186,-0.26429619770349916,2.939807347785324,0.7457810261997989,True,-6.621879136913293,-27.18834751921001,72.3958277585381,21.685506193910303,34.66878856224058,-0.902429418067095
2026-07-27T21:54:17.863+00:00,288.500000,103090.200000,1.219167,4095,2,02,80,FFFFFFFF,32,2.96292843,3.07908395,2.20453328,1.37036635,1.10823750,0.48115800,2.20446338,1.20084018,1.04976912,1.49824940,2.20465575,0.89339916,1.01267315,0.96135209,2.20718075,0.64026506,1.99586156,0.98424319,2.20524874,1.01118396,0.76889545,0.81236220,2.20520615,1.17798503,1.82317457,1.37800919,2.20459793,1.16855527,1.07927344,0.81000509,2.20717654,0.71439481,SD 02 80 FFFFFFFF 92A170 950853 7FD76C 61FB8F 557FF6 2DC553 7FD6E7 5A20FC 527113 676E9B 7FD855 49B259 5071A2 4D9A58 7FEB16 398195 797BA4 4EE1A1 7FDCBD 505CDB 4213C7 44CF05 7FDC6C 590288 73B931 6251BA 7FD7E7 588B37 53FF9D 44A99E 7FEB0E 3E89AA 7CD7BA 000FFF 02 0FBAF6,2026-07-27T21:54:17.685+00:00,serial_request_midpoint,356.2755,True,matched,74.66085,74.66085,2026-07-27T21:54:17.760+00:00,180.217961,1785189257689.832,5409,False,,,,,,,,,,,,,,False,,,,,,,,,,,,,,True,0.5141515030987585,-12.834850509105323,-4.472398261492109,44.57521414677358,0.027941957441852953,-0.7592113849626252,-2.8049501608715066,29.132456413047414,11.39167455545455,-28.264880806307417,0.5142517163868502,-0.12949317370770771,0.17500889578732814,False,,,,,,,,,,,,,,False,,,,,,,,,,,,,,False,,,,,,,,,,,,,,True,0.09347231414955055,11.260255272254026,9.41231581434538,76.26139954747474,0.19201654376795826,0.006739650381588134,-3.037124073978967,0.0,0.0,0.0,0.0,0.0,0.0,True,2,0.5141515030987429,-13.43443518494754,-1.9922770275353994,48.937578154101686,2.6295317016330815,0.3172766671369672,0.055887102041261155,28.9328859848408,8.872425452761595,-23.888320689751758,-0.2549420478435238,2.93740820248819,0.7259847586672434,True,-6.479450147855395,-27.90607123404505,72.29726067952654,21.660278733995337,35.38622666320896,-1.3118098016632758
2026-07-27T21:54:18.422+00:00,289.700000,103091.400000,1.217946,4095,2,02,80,FFFFFFFF,32,2.96970329,3.08538836,2.20734389,1.37346127,1.10870736,0.48114941,2.20506736,1.20127952,1.05064317,1.49828241,2.20721969,0.89383275,1.01310429,0.96167004,2.20737704,0.64038733,1.99710999,0.98477383,2.20763599,1.01187057,0.76913145,0.81256596,2.20749862,1.17834603,1.82357428,1.37974296,2.20752230,1.16949480,1.08049683,0.81009561,2.20552269,0.71464879,SD 02 80 FFFFFFFF 92C60F 9528ED 7FEC4C 621E7F 558624 2DC527 7FDB64 5A2674 527CFC 676EF4 7FEB60 49B8DE 5077A5 4D9EEC 7FEC8B 3983C3 7985DC 4EE929 7FEE77 506670 4217A1 44D240 7FED72 590716 73BCC0 626539 7FED9F 589722 540FFC 44AB0E 7FDEC6 3E8DF7 7CB7BB 000FFF 02 0FBB02,2026-07-27T21:54:18.243+00:00,serial_request_midpoint,357.7952,True,matched,29.6532,29.6532,2026-07-27T21:54:18.272+00:00,180.730274,1785189258189.818,5424,False,,,,,,,,,,,,,,False,,,,,,,,,,,,,,True,0.5135035610154725,-12.506152519348097,-4.809535246647345,44.67137309957565,0.04390435992285523,-0.754416186944954,-2.8066735025766985,28.885344444187904,11.805315947082846,-28.039431975671306,0.5130377097917982,-0.12118896717792065,0.17469996956372771,False,,,,,,,,,,,,,,False,,,,,,,,,,,,,,False,,,,,,,,,,,,,,True,0.11871408210220182,11.249141131630264,9.402047413454955,76.19367148720899,0.19601213190210212,0.009927896314201138,-3.0367219176665596,0.0,0.0,0.0,0.0,0.0,0.0,True,2,0.5135035610154814,-13.155669356727264,-2.3514379288367797,49.03905077348317,2.632774421697702,0.3168888383526144,0.07084436286398021,28.724513045416153,9.294464182424019,-23.656455876478486,-0.2553089680968411,2.945844414967976,0.7260053249018086,True,-6.382255807125136,-28.360726479180556,72.34589725092776,21.585990329315447,35.84112670988916,-1.0757668520766628
2026-07-27T21:54:18.978+00:00,290.200000,103091.900000,1.218557,4095,2,02,80,FFFFFFFF,32,2.97497790,3.09048151,2.20710287,1.37579881,1.10914408,0.48115234,2.20748020,1.20167753,1.05143650,1.49833026,2.20531972,0.89421137,1.01343718,0.96200568,2.20477034,0.64049821,1.99847189,0.98528483,2.20705709,1.01246813,0.76935432,0.81275447,2.20789812,1.17869566,1.82390033,1.38089858,2.20771810,1.17017784,1.08120250,0.81015047,2.20742073,0.71468754,SD 02 80 FFFFFFFF 92E281 954335 7FEA82 6238D8 558BE2 2DC536 7FED4F 5A2B68 5287CA 676F75 7FDD44 49BE8F 507C49 4DA3C1 7FD92F 3985BD 799100 4EF069 7FEA2B 506EC6 421B44 44D53D 7FF069 590B7F 73BFA7 627235 7FEF13 589FCB 54196C 44ABED 7FECDE 3E8E9F 7CC7BB 000FFF 02 0FBB07,2026-07-27T21:54:18.800+00:00,serial_request_midpoint,356.3662,True,matched,62.718,62.718,2026-07-27T21:54:18.863+00:00,181.320658,1785189258789.802,5442,False,,,,,,,,,,,,,,False,,,,,,,,,,,,,,True,0.5311520082235975,-12.466161865925814,-5.629300128196076,44.83797101149933,0.03360909586712793,-0.7439060538944793,-2.8105525348406935,28.938643617707534,12.743529759146986,-27.760044819268067,0.5092483915743594,-0.12981945188501234,0.17336933840466123,False,,,,,,,,,,,,,,False,,,,,,,,,,,,,,False,,,,,,,,,,,,,,True,0.07207897628480556,11.245557051364706,9.402008847038006,76.1792675705311,0.19790992087193224,0.016349275865854388,-3.0364041329570255,-2.842170943040401e-15,0.0,1.1368683772161604e-14,0.0,0.0,0.0,True,2,0.5311520082235769,-13.076346973623785,-3.1990113102510893,49.22683112673052,2.64069607439115,0.31598848746344854,0.061343164306001646,28.732805737577497,10.245965219212714,-23.371363371347922,-0.25241220254196806,2.939099005961988,0.7185841247490238,True,-6.2045688123665625,-29.38423093428323,72.3067846118617,21.508268114560988,36.883773675496464,-0.9257729021242085
2026-07-27T21:54:19.534+00:00,291.400000,103093.100000,1.216725,4095,2,02,80,FFFFFFFF,32,2.97083308,3.08710946,2.20747599,1.37515703,1.10921925,0.48114999,2.20780706,1.20176103,1.05084735,1.49825460,2.20804710,0.89407233,1.01324382,0.96179186,2.20799288,0.64045613,1.99794889,0.98505409,2.20769283,1.01203716,0.76923582,0.81259454,2.20764967,1.17817388,1.82367872,1.38022334,2.20768494,1.17010882,1.08101758,0.81015293,2.20803815,0.71470092,SD 02 80 FFFFFFFF 92CC28 9531D0 7FED47 62319D 558CDF 2DC52A 7FEFBC 5A2C72 527FC4 676EA9 7FF184 49BC78 507997 4DA0AD 7FF11D 3984FD 798CB9 4EED23 7FEEE3 5068C3 421955 44D2B4 7FEE91 5904EA 73BDAE 626A9F 7FEED4 589EEB 5416F3 44ABF7 7FF173 3E8ED9 7C97B9 000FFF 02 0FBB13,2026-07-27T21:54:19.356+00:00,serial_request_midpoint,356.1148,True,matched,15.1745,15.1745,2026-07-27T21:54:19.372+00:00,181.829554,1785189259289.792,5457,False,,,,,,,,,,,,,,False,,,,,,,,,,,,,,True,0.589524682767745,-12.292901229524542,-6.171937382491173,44.83016693047488,0.03668582600279509,-0.7479467197179342,-2.8090282756808667,28.814467299358324,13.275459671358536,-27.762675891940273,0.5109425477827607,-0.12775746031084362,0.17455515918938022,False,,,,,,,,,,,,,,False,,,,,,,,,,,,,,False,,,,,,,,,,,,,,True,0.10317740310766126,11.24264222371103,9.400865548728754,76.14858852446375,0.19832287605712634,0.01442705552000132,-3.0368876419024082,0.0,0.0,1.1368683772161604e-14,0.0,0.0,0.0,True,2,0.5895246827677499,-12.915374656796752,-3.730527533916864,49.21112205713978,2.6376590926258165,0.3163933726745666,0.06417512461209655,28.62090335880755,10.771282033671332,-23.377205518302695,-0.2544093621771373,2.940314500979663,0.7214921905205837,True,-6.070211136717918,-29.84720506528556,72.37648857351573,21.389531946710946,37.36424718988462,-0.8806994244025759
2026-07-27T21:54:20.093+00:00,291.900000,103093.600000,1.218556,4095,2,02,80,FFFFFFFF,32,2.97168816,3.08792236,2.20746967,1.37532586,1.10927185,0.48115058,2.20766441,1.20184894,1.05099619,1.49832766,2.20773915,0.89413522,1.01336600,0.96188927,2.20804921,0.64048528,1.99831712,0.98521736,2.20791128,1.01227601,0.76928896,0.81264308,2.20557054,1.17825964,1.82371558,1.38044827,2.20727916,1.17032391,1.08123668,0.81015982,2.20753809,0.71469308,SD 02 80 FFFFFFFF 92D0C5 953602 7FED3B 623384 558D90 2DC52D 7FEEAD 5A2D8A 5281CB 676F6E 7FEF3B 49BD6A 507B4B 4DA214 7FF188 398582 798FBC 4EEF74 7FF082 506C18 421A33 44D379 7FDF21 5905FF 73BE02 626D26 7FEBD1 58A1A5 5419E1 44AC13 7FEDBD 3E8EB7 7CC7B9 000FFF 02 0FBB18,2026-07-27T21:54:19.914+00:00,serial_request_midpoint,357.8489,True,matched,37.23645,37.23645,2026-07-27T21:54:19.951+00:00,182.408843,1785189259889.786,5475,False,,,,,,,,,,,,,,False,,,,,,,,,,,,,,True,0.6163367019175214,-12.190025109169401,-6.480977695706001,44.85642622787215,0.035277243512980734,-0.7474826101303808,-2.8138349912974743,28.684909405986673,13.507479546515617,-27.882104614636432,0.5065093736267909,-0.12643866025591277,0.17043477435586707,False,,,,,,,,,,,,,,False,,,,,,,,,,,,,,False,,,,,,,,,,,,,,True,0.08243536695242816,11.244031074457194,9.40048009854227,76.18232762245094,0.19594979084556413,0.008502039321393836,-3.0380905076031097,0.0,0.0,0.0,0.0,0.0,0.0,True,2,0.6163367019175091,-12.801482953509495,-4.041450218597935,49.239980497090556,2.6393751335331483,0.31029982210124,0.06292889305377013,28.49012952073256,11.023076807980754,-23.48545510993241,-0.24833071178497054,2.943705399458963,0.7153528397564944,True,-6.079012294933368,-30.214609245890266,72.37751384679743,21.408221230341,37.74147782620619,-1.090256143905765
2026-07-27T21:54:20.650+00:00,293.100000,103094.800000,1.218557,4095,2,02,80,FFFFFFFF,32,2.96996308,3.08629832,2.20696816,1.37495979,1.10930572,0.48113886,2.20785338,1.20186872,1.05084534,1.49834695,2.20538387,0.89405960,1.01329230,0.96184775,2.20731073,0.64047454,1.99814470,0.98519589,2.20752493,1.01212984,0.76927651,0.81257828,2.20502372,1.17804849,1.82363922,1.38006795,2.20692133,1.17025180,1.08112158,0.81015416,2.20770441,0.71469400,SD 02 80 FFFFFFFF 92C776 952DA0 7FE982 622F64 558E02 2DC4F1 7FF014 5A2DC9 527FBD 676FA2 7FDDBE 49BC47 507A44 4DA17B 7FEC0D 398551 798E53 4EEF26 7FEDA4 506A0E 4219FF 44D272 7FDB11 590355 73BD54 6268E0 7FE929 58A0BB 541857 44ABFC 7FEEF9 3E8EBB 7CC7BB 000FFF 02 0FBB24,2026-07-27T21:54:20.471+00:00,serial_request_midpoint,357.4908,True,matched,60.947,60.947,2026-07-27T21:54:20.533+00:00,182.990484,1785189260456.452,5492,False,,,,,,,,,,,,,,False,,,,,,,,,,,,,,True,0.6199064651801776,-12.017556966642159,-7.042570111634878,44.88659231280807,0.040672749958822564,-0.7466023403664476,-2.8128661865277236,28.60174149508103,14.26238363614562,-27.69677273764094,0.5127440872116953,-0.12485042530634331,0.17130014116395734,False,,,,,,,,,,,,,,False,,,,,,,,,,,,,,False,,,,,,,,,,,,,,True,0.06833424317649592,11.239347589637955,9.398390770942473,76.14995136672619,0.19772924370493605,0.0188476468061177,-3.0372618789891628,0.0,0.0,0.0,0.0,0.0,0.0,True,2,0.6199064651801856,-12.647975354558412,-4.607869261225308,49.270144236069385,2.6395517124078127,0.3118906835114738,0.06796212671542859,28.418848442825585,11.751330514524572,-23.31477714310073,-0.24984143147952892,2.94290033597803,0.7248789859260739,True,-5.9477067546322475,-30.78657865567406,72.40783837057623,21.331325186583662,38.32291818074127,-0.7473435778736303
2026-07-27T21:54:21.207+00:00,294.300000,103096.000000,1.219167,4095,2,02,80,FFFFFFFF,32,2.96939506,3.08582704,2.20764862,1.37469499,1.10930661,0.48114003,2.20796708,1.20188787,1.05082985,1.49835993,2.20772705,0.89407467,1.01334470,0.96182767,2.20775073,0.64047235,1.99820966,0.98522480,2.20760072,1.01223457,0.76929016,0.81266575,2.20795340,1.17828225,1.82382441,1.38045871,2.20731179,1.17048387,1.08129920,0.81019377,2.20747967,0.71472699,SD 02 80 FFFFFFFF 92C465 952B31 7FEE8F 622C68 558E05 2DC4F7 7FF0EC 5A2E06 527F87 676FC5 7FEF24 49BC81 507AFF 4DA131 7FEF51 398547 798EDB 4EEF8F 7FEE34 506B84 421A38 44D3D5 7FF0D2 590648 73BEFA 626D44 7FEC0F 58A3AC 541AB7 44AC9D 7FED4E 3E8F4A 7CD7BA 000FFF 02 0FBB30,2026-07-27T21:54:21.029+00:00,serial_request_midpoint,355.9403,True,matched,90.56105,90.56105,2026-07-27T21:54:21.119+00:00,183.576987,1785189261056.471,5510,False,,,,,,,,,,,,,,False,,,,,,,,,,,,,,True,0.6909395479327436,-12.193384807183355,-7.521775550556782,44.88381118816515,0.03270132626181539,-0.7481156519613954,-2.8094291997551606,28.705099508003705,14.678283254159586,-27.873350554428885,0.5129433888539845,-0.12561229308812813,0.17263597613839735,False,,,,,,,,,,,,,,False,,,,,,,,,,,,,,False,,,,,,,,,,,,,,True,0.03961821739407352,11.243792984043159,9.408177014912269,76.19569090652801,0.19028311833414235,0.016501723245810836,-3.0371664695659466,0.0,0.0,0.0,0.0,0.0,0.0,True,2,0.6909395479327576,-12.802242207857494,-5.078153041302125,49.265446126607415,2.6377377255495724,0.3158113988748549,0.06045464918646154,28.52037709623504,12.166118319151167,-23.492069006094635,-0.25176859599990997,2.941918777051213,0.7249678393010351,True,-5.926851059349042,-31.193954443815205,72.42284728458833,21.37989912464636,38.72518295204418,-0.9265870725037416
2026-07-27T21:54:21.763+00:00,294.800000,103096.500000,1.219777,4095,2,02,80,FFFFFFFF,32,2.97020697,3.08646552,2.20506157,1.37515564,1.10936040,0.48114003,2.20761336,1.20197264,1.05090814,1.49836475,2.20775810,0.89411365,1.01334022,0.96186729,2.20546011,0.64047717,1.99824405,0.98527106,2.20718759,1.01224297,0.76930763,0.81265048,2.20737599,1.17823518,1.82384460,1.38038395,2.20725548,1.17055691,1.08134595,0.81019426,2.20779021,0.71474153,SD 02 80 FFFFFFFF 92C8C7 952E7D 7FDB59 623199 558EBA 2DC4F7 7FEE4C 5A2F14 528098 676FD2 7FEF5F 49BD17 507AEF 4DA1C3 7FDE4F 39855D 798F23 4EF037 7FEB23 506BA2 421A81 44D397 7FEC89 5905B0 73BF28 626C6D 7FEBA4 58A499 541B57 44AC9F 7FEF9C 3E8F89 7CE7BA 000FFF 02 0FBB35,2026-07-27T21:54:21.585+00:00,serial_request_midpoint,355.8392,True,matched,44.6325,44.6325,2026-07-27T21:54:21.629+00:00,184.087571,1785189261556.492,5525,False,,,,,,,,,,,,,,False,,,,,,,,,,,,,,True,0.6753642536726612,-12.213118576127435,-8.311342479340496,44.87968123571798,0.022953692918675165,-0.7503868924546396,-2.8081140210887767,28.920506663879184,15.329926239612414,-27.82310498459634,0.5102624098830086,-0.13576088358364452,0.17384585622624435,False,,,,,,,,,,,,,,False,,,,,,,,,,,,,,False,,,,,,,,,,,,,,True,0.07993350832175036,11.249318498585492,9.404590624028833,76.20359025077207,0.19594870133605283,0.011041822245654911,-3.0362328796699143,0.0,-1.4210854715202005e-15,0.0,0.0,0.0,0.0,True,2,0.675364253672644,-12.791747335126315,-5.85619988687795,49.258971891452795,2.636075222857397,0.3166247777579608,0.05131235458828365,28.6873524734708,12.82576121002688,-23.4395539508377,-0.2525381548951472,2.932975562684088,0.7187890884910119,True,-5.792485605751968,-31.9203658709511,72.43742959533267,21.359226445911524,39.4354425759485,-0.9941815712027051
2026-07-27T21:54:22.319+00:00,296.000000,103097.700000,1.217946,4095,2,02,80,FFFFFFFF,32,2.97025112,3.08651319,2.20745283,1.37520071,1.10937645,0.48115546,2.20528029,1.20196134,1.05092994,1.49835325,2.20718812,0.89409832,1.01334610,0.96190094,2.20551953,0.64048922,1.99822064,0.98526472,2.20674402,1.01226985,0.76935073,0.81265762,2.20541174,1.17829432,1.82387400,1.38077617,2.20721022,1.17075111,1.08164633,0.81021911,2.20772178,0.71484097,SD 02 80 FFFFFFFF 92C904 952EBC 7FED1B 62321B 558EF0 2DC546 7FDCF9 5A2EF0 5280E4 676FB3 7FEB24 49BCDC 507B04 4DA23F 7FDEC0 398594 798EF2 4EF020 7FE7D8 506C02 421B35 44D3B4 7FDDF3 59066F 73BF6B 6270D5 7FEB4E 58A70F 541F5B 44AD04 7FEF1A 3E9138 7CB7BB 000FFF 02 0FBB41,2026-07-27T21:54:22.141+00:00,serial_request_midpoint,356.0321,True,matched,79.11835,79.11835,2026-07-27T21:54:22.220+00:00,184.678184,1785189262156.554,5543,False,,,,,,,,,,,,,,False,,,,,,,,,,,,,,True,0.6340272222980017,-11.846603885840805,-8.756386132595221,44.922825682192936,0.0285119838236069,-0.7491168022114092,-2.810098943770266,28.652738653635218,15.989673691046653,-27.576162961169626,0.5154040147473534,-0.13519480035713163,0.17296044287000312,False,,,,,,,,,,,,,,False,,,,,,,,,,,,,,False,,,,,,,,,,,,,,True,0.08065033273920179,11.240589697682406,9.39783099566186,76.13980429412263,0.1999217344492119,0.020783722240838236,-3.0360158811775393,0.0,-1.4210854715202005e-15,0.0,0.0,0.0,0.0,True,2,0.6340272222979962,-12.44084116392741,-6.308038900827903,49.30383023923741,2.6373715727213347,0.31454488537049047,0.05654421785368054,28.42383929452334,13.463286745465961,-23.205156541200353,-0.2513178045219275,2.9318084462447884,0.7265070928963778,True,-5.548978219985225,-32.414540185008164,72.46682077571953,21.129089829300693,39.96043778315536,-0.6162448397115441
2026-07-27T21:54:22.877+00:00,296.500000,103098.200000,1.218557,4095,2,02,80,FFFFFFFF,32,2.97346584,3.08950421,2.20751072,1.37627015,1.10952801,0.48117207,2.20812343,1.20215758,1.05130138,1.49836364,2.20765809,0.89425737,1.01347221,0.96200297,2.20790865,0.64051508,1.99867396,0.98552138,2.20730494,1.01256951,0.76942901,0.81276482,2.20745757,1.17860987,1.82409520,1.38159948,2.20756651,1.17113925,1.08206631,0.81023510,2.20779390,0.71492011,SD 02 80 FFFFFFFF 92DA5B 953E2B 7FED89 623E27 5590EE 2DC59B 7FF215 5A3161 5285F3 676FCF 7FEEA1 49BF40 507CC6 4DA3B7 7FF07D 39860A 7992A7 4EF3C4 7FEC02 507030 421C7C 44D567 7FED24 590A6A 73C163 627A14 7FEDF3 58ABFA 5424F8 44AD45 7FEFA3 3E928F 7CC7BB 000FFF 02 0FBB46,2026-07-27T21:54:22.698+00:00,serial_request_midpoint,358.0214,True,matched,31.2926,31.2926,2026-07-27T21:54:22.730+00:00,185.187556,1785189262656.598,5558,False,,,,,,,,,,,,,,False,,,,,,,,,,,,,,True,0.6629854028078778,-11.708789942824534,-9.071013141627635,45.00069449785478,0.034060363649719955,-0.7447414706955683,-2.808565402933897,28.466124064451936,16.247593737754283,-27.65091309298017,0.5100470308686101,-0.12836181946460695,0.17514939428951073,False,,,,,,,,,,,,,,False,,,,,,,,,,,,,,False,,,,,,,,,,,,,,True,0.11187998838007462,11.243430686382348,9.400902997592613,76.15934335702786,0.19623658657160747,0.01618950637852682,-3.036788654129394,2.842170943040401e-15,-1.4210854715202005e-15,0.0,0.0,0.0,0.0,True,2,0.6629854028078864,-12.3231182337245,-6.637951039065287,49.38743960040643,2.63958227793414,0.3182585106976771,0.061731891188686966,28.269961256910175,13.747115903311919,-23.26344756136789,-0.25522995577010676,2.9399717797226894,0.720022381069061,True,-5.405189328712398,-32.7909325445349,72.4901479431941,21.01146687868461,40.35685714711404,-0.7955316582113937
2026-07-27T21:54:23.433+00:00,297.700000,103099.400000,1.216726,4095,2,02,80,FFFFFFFF,32,2.97482492,3.09074446,2.20748967,1.37704316,1.10958834,0.48116152,2.20764809,1.20230298,1.05141584,1.49837402,2.20793971,0.89431273,1.01354899,0.96206213,2.20549587,0.64052626,1.99881059,0.98552303,2.20729547,1.01251658,0.76942829,0.81274510,2.20791760,1.17842004,1.82403200,1.38132952,2.20760493,1.17098170,1.08187925,0.81022526,2.20797340,0.71481859,SD 02 80 FFFFFFFF 92E1AE 954490 7FED61 6246DB 5591B9 2DC565 7FEE8E 5A3330 528782 676FEB 7FF0B8 49C015 507DD8 4DA491 7FDE93 39863D 7993C5 4EF3CA 7FEBF0 506F73 421C79 44D517 7FF08E 590805 73C0D3 62770C 7FEE3C 58A9FB 542278 44AD1D 7FF0F8 3E90D7 7C97BB 000FFF 02 0FBB52,2026-07-27T21:54:23.255+00:00,serial_request_midpoint,355.1624,True,matched,64.3532,64.3532,2026-07-27T21:54:23.319+00:00,185.777725,1785189263256.585,5576,False,,,,,,,,,,,,,,False,,,,,,,,,,,,,,True,0.6412552083363027,-11.593786454763716,-9.234732894029168,44.9523458321051,0.0312473048837661,-0.7492799724022912,-2.8085781055639716,28.365563832500424,16.395835975612556,-27.729912019825452,0.5120024703143379,-0.13010974995596558,0.1744318447742199,False,,,,,,,,,,,,,,False,,,,,,,,,,,,,,False,,,,,,,,,,,,,,True,0.07124451842651378,11.242668727723636,9.399459336390352,76.1555486183597,0.19606579904171248,0.01454838505496099,-3.0370607642489396,0.0,0.0,0.0,0.0,0.0,0.0,True,2,0.6412552083362912,-12.199038603169779,-6.786754684722124,49.332048468587274,2.6367808212220822,0.31646692897582074,0.05907662569908534,28.161126890749625,13.886155500808098,-23.348082252292944,-0.25399696332897187,2.9376985065374064,0.7225519236165581,True,-5.293496576058449,-32.87665263580527,72.50966760744653,20.89812212547195,40.454685980963625,-0.8329037134328019
2026-07-27T21:54:23.990+00:00,298.200000,103099.900000,1.219167,4095,2,02,80,FFFFFFFF,32,2.97158171,3.08781714,2.20754546,1.37589036,1.10944836,0.48114999,2.20777653,1.20213937,1.05105986,1.49836957,2.20786233,0.89412587,1.01338169,0.96190175,2.20783601,0.64050434,1.99843988,0.98531622,2.20773810,1.01228189,0.76934187,0.81263594,2.20801078,1.17813642,1.82384284,1.38061448,2.20779179,1.17067004,1.08154639,0.81019746,2.20767231,0.71476506,SD 02 80 FFFFFFFF 92D032 953577 7FEDCB 6239E0 558FE2 2DC52A 7FEF82 5A3127 5282A9 676FDF 7FF025 49BD46 507B83 4DA242 7FEFF3 3985D9 7990BD 4EF0DB 7FEF39 506C2D 421B10 44D35C 7FF13F 590471 73BF24 626F04 7FEF9F 58A608 541E05 44ACAC 7FEEBC 3E8FEF 7CD7BB 000FFF 02 0FBB57,2026-07-27T21:54:23.812+00:00,serial_request_midpoint,356.6315,True,matched,24.02275,24.02275,2026-07-27T21:54:23.836+00:00,186.294184,1785189263756.582,5591,False,,,,,,,,,,,,,,False,,,,,,,,,,,,,,True,0.6640318278568415,-11.547666509490682,-9.346574618356502,45.0967255677369,0.02887082364203939,-0.7411466045190004,-2.8121878839204704,28.38525254160702,16.54526282773814,-27.513101447198956,0.508092192469564,-0.13391067593530592,0.1718497119985263,False,,,,,,,,,,,,,,False,,,,,,,,,,,,,,False,,,,,,,,,,,,,,True,0.07496944770310467,11.242352243497283,9.401426573879972,76.17029201364005,0.19877600797594294,0.018018702071451044,-3.035658249263513,2.842170943040401e-15,0.0,0.0,0.0,0.0,0.0,True,2,0.6640318278568476,-12.139995047433656,-6.922856573297556,49.49166137834414,2.6429837467222765,0.31492610322050996,0.05694820244950265,28.15727443673891,14.0512439326744,-23.123497960216365,-0.24972106530528876,2.935786592772928,0.7160481444409676,True,-5.239379183913263,-33.15928000135358,72.50476419261133,20.919743588444085,40.72272311304294,-0.7221216568885325
2026-07-27T21:54:24.546+00:00,299.400000,103101.100000,1.217336,4095,2,02,80,FFFFFFFF,32,2.97126457,3.08747652,2.20744651,1.37554533,1.10935565,0.48116113,2.20779758,1.20204988,1.05109887,1.49835474,2.20782811,0.89405648,1.01340187,0.96192427,2.20749599,0.64050259,1.99850485,0.98543876,2.20781758,1.01248633,0.76945343,0.81282889,2.20747967,1.17890256,1.82421152,1.38249104,2.20748283,1.17145655,1.08268229,0.81026880,2.20778811,0.71510378,SD 02 80 FFFFFFFF 92CE7C 9533B5 7FED0F 6235FD 558EAA 2DC563 7FEFAA 5A300A 528331 676FB7 7FEFE4 49BC3B 507BCB 4DA295 7FED6D 3985D1 799145 4EF298 7FEFD0 506F07 421CE2 44D66B 7FED4E 590E1B 73C26C 628416 7FED54 58AFFF 542D33 44ADCE 7FEF98 3E95AB 7CA7BC 000FFF 02 0FBB63,2026-07-27T21:54:24.368+00:00,serial_request_midpoint,356.0272,True,matched,63.9874,63.9874,2026-07-27T21:54:24.433+00:00,186.890672,1785189264356.594,5609,False,,,,,,,,,,,,,,False,,,,,,,,,,,,,,True,0.5974813097845391,-11.325495918368878,-9.83116089189987,44.91642847373214,0.04311458819857319,-0.7512075223785176,-2.804310848795784,28.133669934354554,17.073045213355382,-27.823854026788524,0.5154946728692287,-0.12099361985728006,0.1783342004328066,False,,,,,,,,,,,,,,False,,,,,,,,,,,,,,False,,,,,,,,,,,,,,True,0.08714982914465759,11.244485212769893,9.404583928480832,76.18528170952823,0.19452941741455648,0.016556656839587326,-3.037592534723744,-2.842170943040401e-15,0.0,-1.1368683772161604e-14,0.0,0.0,0.0,True,2,0.5974813097845232,-11.975484950054954,-7.381831169062392,49.28895874121162,2.6341063763551715,0.3212386761008948,0.07010210151351728,27.979727440769228,14.551714997958461,-23.44664961916638,-0.2608005717795779,2.944647032271255,0.7295693732661425,True,-5.092840464176549,-33.40841322507322,72.54444295665834,20.730726848550095,41.02069541255317,-0.8100336848453367
2026-07-27T21:54:25.104+00:00,299.900000,103101.600000,1.218557,4095,2,02,80,FFFFFFFF,32,2.98675221,3.10127924,2.20760651,1.38082729,1.10991560,0.48117363,2.20808237,1.20258940,1.05295769,1.49838886,2.20743125,0.89471928,1.01413708,0.96258108,2.20550376,0.64068208,2.00061442,0.98632880,2.20687292,1.01385955,0.76989882,0.81339212,2.20778916,1.18038038,1.82518400,1.38668298,2.20764546,1.17336993,1.08532777,0.81046465,2.20549955,0.71557878,SD 02 80 FFFFFFFF 9321CB 957AC2 7FEE3F 627168 559606 2DC5A3 7FF1C7 5A36C0 529C7E 677013 7FECF2 49C631 50860A 4DAC09 7FDEA2 398904 79A283 4EFF37 7FE8CD 50822C 422426 44DF58 7FEF9A 5920BC 73CB13 62B313 7FEE89 58C838 545083 44B0EA 7FDE9A 3E9DB5 7CC7BC 000FFF 02 0FBB68,2026-07-27T21:54:24.925+00:00,serial_request_midpoint,357.1188,True,matched,92.3621,92.3621,2026-07-27T21:54:25.018+00:00,187.475803,1785189264956.591,5627,False,,,,,,,,,,,,,,False,,,,,,,,,,,,,,True,0.6349669650889574,-11.174266030307177,-9.724984448891824,44.402202482473676,0.044468634205980885,-0.7249229643327333,-2.806660933804867,28.02686855093046,16.963027867986096,-28.343058404141566,0.4973017457585124,-0.11905502620089231,0.18075415405276757,False,,,,,,,,,,,,,,False,,,,,,,,,,,,,,False,,,,,,,,,,,,,,True,0.10171812062707929,11.23951755685107,9.397690115343007,76.15947342536468,0.19388787737748384,0.016344072105829097,-3.037191792087432,0.0,0.0,0.0,0.0,0.0,0.0,True,2,0.6349669650889581,-11.824218959839706,-7.3562917113483195,48.818940978652606,2.6513080547210306,0.3284078413932319,0.07160964293570407,27.875770312032284,14.522210002066211,-23.920355553311964,-0.26447694813085976,2.9525933767933665,0.7029850222244376,True,-4.777861430826709,-33.76151420857276,71.59358444847541,20.58434155675092,41.39151318620121,-1.774319162168797
2026-07-27T21:54:25.662+00:00,301.100000,103102.800000,1.219167,4095,2,02,80,FFFFFFFF,32,3.00249173,3.11547303,2.20458374,1.38680649,1.11078740,0.48118926,2.20734073,1.20335124,1.05440155,1.49851645,2.20763494,0.89536285,1.01476549,0.96312465,2.20794866,0.64087650,2.00299320,0.98720527,2.20757757,1.01490909,0.77027032,0.81369489,2.20487810,1.18073601,1.82575542,1.38915379,2.20465207,1.17491184,1.08718126,0.81057095,2.20494960,0.71576900,SD 02 80 FFFFFFFF 9375F3 95C370 7FD7CC 62B475 55A17A 2DC5F3 7FEC46 5A4039 52B020 67716B 7FEE75 49CFDC 508ECB 4DB3DB 7FF0C9 398C7B 79B5EF 4F0BA3 7FEE08 5090CB 422A35 44E424 7FD9FC 592537 73D028 62CEB8 7FD84E 58DBB8 546938 44B29A 7FDA84 3EA0ED 7CD7BB 000FFF 02 0FBB74,2026-07-27T21:54:25.483+00:00,serial_request_midpoint,358.1801,True,matched,37.74055,37.74055,2026-07-27T21:54:25.521+00:00,187.979017,1785189265456.578,5642,False,,,,,,,,,,,,,,False,,,,,,,,,,,,,,True,0.6298124533429695,-11.158723557089946,-10.345002607772113,45.06000398166121,0.03448713674272206,-0.7401163764732985,-2.8071183157130895,27.984761422006745,17.527288194745292,-27.763764761012123,0.5052154143389119,-0.12575322339932646,0.1776970761348657,False,,,,,,,,,,,,,,False,,,,,,,,,,,,,,False,,,,,,,,,,,,,,True,0.06447796840081255,11.246811769559713,9.39911804255647,76.19424595869728,0.19354066648814383,0.013034387159806421,-3.0376652722863486,0.0,0.0,0.0,0.0,0.0,0.0,True,2,0.62981245334297,-11.776140450578517,-7.925744544882285,49.45394406656132,2.6420580423054845,0.32195589421910353,0.062137320305097346,27.801823808389674,15.04900017488348,-23.36315741826408,-0.25926833401177923,2.9438295201574576,0.713369346205613,True,-4.7764668603487195,-34.125583091654896,72.4788076814763,20.504563775086183,41.75485052556711,-1.0221890465620163
2026-07-27T21:54:26.219+00:00,302.300000,103104.000000,1.217336,4095,2,02,80,FFFFFFFF,32,3.00110493,3.11519538,2.20684714,1.38756555,1.11120265,0.48118086,2.20561366,1.20357782,1.05396533,1.49851868,2.20718654,0.89538574,1.01468359,0.96294407,2.20741283,0.64089338,2.00313538,0.98716777,2.20766178,1.01428063,0.77008827,0.81323015,2.20794603,1.17918290,1.82525998,1.38666972,2.20784496,1.17443942,1.08648182,0.81056332,2.20783548,0.71562194,SD 02 80 FFFFFFFF 936E8E 95C205 7FE89C 62BCF4 55A6EE 2DC5C8 7FDF73 5A430A 52AA32 677171 7FEB21 49D034 508DA7 4DB142 7FECCF 398CC8 79B718 4F0B1B 7FEEA8 50880A 42273D 44DCC7 7FF0C4 5911A4 73CBC0 62B2ED 7FF004 58D5BF 545FE6 44B27B 7FEFF2 3E9E70 7CA7BB 000FFF 02 0FBB80,2026-07-27T21:54:26.041+00:00,serial_request_midpoint,356.2524,True,matched,78.951,78.951,2026-07-27T21:54:26.119+00:00,188.577609,1785189266056.567,5660,False,,,,,,,,,,,,,,False,,,,,,,,,,,,,,True,0.5948363650914293,-10.998254113522686,-10.319744751527317,45.004532760703015,0.036113881971992605,-0.7487731338293766,-2.8081415459814396,27.844595549001873,17.490758898049144,-27.88985500232686,0.510414349974774,-0.1246624547991741,0.1742620522128388,False,,,,,,,,,,,,,,False,,,,,,,,,,,,,,False,,,,,,,,,,,,,,True,0.08646138925208767,11.25345863976666,9.407570558113182,76.2261033551994,0.19309439373579373,0.011970461606219703,-3.0371241267337226,0.0,0.0,0.0,0.0,0.0,0.0,True,2,0.5948363650914152,-11.620058168777403,-7.875387255260359,49.38393899593347,2.6368899792115554,0.3172284878553393,0.06362288749733677,27.665210691168483,14.990036141958385,-23.501811065011168,-0.25427809487203784,2.9435103301179124,0.7213889017215476,True,-4.750166376787003,-33.97096091474626,72.56576241172277,20.489239450674667,41.59797589115557,-1.0052714690900644
2026-07-27T21:54:26.775+00:00,302.800000,103104.500000,1.219167,4095,2,02,80,FFFFFFFF,32,2.99798678,3.11234413,2.20739862,1.38601323,1.11103339,0.48117148,2.20517461,1.20359919,1.05429694,1.49853092,2.20486706,0.89540836,1.01479943,0.96309695,2.20482816,0.64087957,2.00398196,0.98754358,2.20465049,1.01523506,0.77044041,0.81383643,2.20480661,1.18126912,1.82630503,1.39169307,2.20438507,1.17681677,1.08930691,0.81074838,2.20672455,0.71629109,SD 02 80 FFFFFFFF 935DEA 95B373 7FECB4 62AB93 55A4B5 2DC598 7FDC30 5A434E 52AEB4 677192 7FD9E7 49D08B 508F44 4DB375 7FD99D 398C89 79BE00 4F106E 7FD84B 509555 422CFB 44E662 7FD974 592BEE 73D50B 62EB17 7FD652 58F3C9 548585 44B56B 7FE7B3 3EA9C2 7CD7BB 000FFF 02 0FBB85,2026-07-27T21:54:26.597+00:00,serial_request_midpoint,355.9913,True,matched,25.81335,25.81335,2026-07-27T21:54:26.623+00:00,189.080893,1785189266556.557,5675,False,,,,,,,,,,,,,,False,,,,,,,,,,,,,,True,0.5719547344303324,-10.862886083336756,-10.535803702712851,44.89359965406625,0.02623119085930117,-0.7558919720312587,-2.813271022545125,27.790011326983937,17.708016440800538,-27.943677138046723,0.5140058255233828,-0.1335016766079158,0.16822957232424973,False,,,,,,,,,,,,,,False,,,,,,,,,,,,,,False,,,,,,,,,,,,,,True,0.0793319919281797,11.246890495795224,9.407703829791986,76.20049912908202,0.1959475404103464,0.011579437549767134,-3.0368864007095233,0.0,0.0,0.0,0.0,0.0,0.0,True,2,0.5719547344303318,-11.44563299928117,-8.066951236611716,49.264628870139845,2.6340764431036363,0.3077446696240562,0.05443773195596572,27.562376156272173,15.188299657179453,-23.56875628909659,-0.24440421848069727,2.934561239958803,0.7249571060208487,True,-4.686820499245267,-34.11399930408386,72.53351486178762,20.44047564600598,41.745247227568065,-0.9949133819252779
2026-07-27T21:54:27.331+00:00,304.000000,103105.700000,1.220388,4095,2,02,80,FFFFFFFF,32,3.02429508,3.13569852,2.20488178,1.39502758,1.11212038,0.48119765,2.20473880,1.20463222,1.05653089,1.49863181,2.20474984,0.89635174,1.01576819,0.96395963,2.20682557,0.64117465,2.00739040,0.98886250,2.20469149,1.01688133,0.77101911,0.81434922,2.20719601,1.18218284,1.82746933,1.39623270,2.20734599,1.17943819,1.09245303,0.81097604,2.20738599,0.71679720,SD 02 80 FFFFFFFF 93E9B1 962A56 7FDA03 631049 55B2FA 2DC61E 7FD8F3 5A5024 52CD0C 6772A2 7FD908 49DEB5 509CC1 4DBFDD 7FE873 3991CB 79D9C7 4F231B 7FD899 50AC3E 42366A 44EE81 7FEB33 59376F 73DF64 631DB6 7FEC50 5914DC 54AF57 44B908 7FEC9C 3EB251 7CF7BC 000FFF 02 0FBB91,2026-07-27T21:54:27.153+00:00,serial_request_midpoint,355.8586,True,matched,59.4329,59.4329,2026-07-27T21:54:27.213+00:00,189.670905,1785189267156.595,5693,False,,,,,,,,,,,,,,False,,,,,,,,,,,,,,True,0.6091141467155894,-10.94488892613428,-11.06986305555352,44.96665524867804,0.026546523569919104,-0.7542922513735437,-2.8182153129511116,27.83760272937449,18.420239160491654,-27.72924493436066,0.5189178886246053,-0.13210270097198862,0.16380460433094618,False,,,,,,,,,,,,,,False,,,,,,,,,,,,,,False,,,,,,,,,,,,,,True,0.11584888628008219,11.237114893376871,9.39583938900814,76.14777278926357,0.1932250032928733,0.021089523254129258,-3.0375178362454616,-2.842170943040401e-15,0.0,0.0,0.0,0.0,0.0,True,2,0.6091141467155703,-11.522059130607868,-8.60720617374039,49.341917350308975,2.6365026939418597,0.30192130712978976,0.054817490840203084,27.613395349555823,15.879592575383054,-23.36626787725246,-0.23796940427671703,2.934713659190594,0.732628705632754,True,-4.898433540772902,-34.72829693407535,72.56663513692965,20.647364511045577,42.34850022311397,-0.6408931383188132
2026-07-27T21:54:27.889+00:00,304.500000,103106.200000,1.217336,4095,2,02,80,FFFFFFFF,32,3.03865188,3.14849297,2.20734441,1.40029156,1.11310503,0.48119472,2.20795445,1.20542643,1.05758191,1.49874236,2.20746178,0.89691893,1.01632424,0.96438164,2.20733547,0.64135554,2.01050407,0.98984446,2.20740546,1.01783027,0.77141198,0.81464922,2.20764967,1.18266364,1.82846318,1.39985746,2.20529501,1.18203047,1.09526420,0.81115992,2.20732126,0.71724847,SD 02 80 FFFFFFFF 943561 966B07 7FEC4D 634ADD 55BFE5 2DC60F 7FF0D4 5A5A01 52DB4F 6773CC 7FED2C 49E738 50A47E 4DC5EE 7FEC3C 399504 79F31D 4F3100 7FECC1 50B970 423CD1 44F341 7FEE91 593D7C 73E838 63460A 7FDD15 593584 54D4A4 44BBF3 7FEC21 3EB9F2 7CA7BC 000FFF 02 0FBB96,2026-07-27T21:54:27.711+00:00,serial_request_midpoint,356.7384,True,matched,84.0409,84.0409,2026-07-27T21:54:27.794+00:00,190.252345,1785189267723.291,5710,False,,,,,,,,,,,,,,False,,,,,,,,,,,,,,True,0.6519329562500434,-11.023851773984633,-11.333455222433244,44.951438678794986,0.02260330662225035,-0.7541004500317555,-2.820004085531966,27.996853736841608,18.564114897041026,-27.811122912814323,0.5149076867567229,-0.13548660321409087,0.16180052616567342,False,,,,,,,,,,,,,,False,,,,,,,,,,,,,,False,,,,,,,,,,,,,,True,0.1219748754035268,11.248945882306444,9.40370961753126,76.18925578733128,0.1946946618203059,0.015762110125560315,-3.0369514414484016,0.0,-1.4210854715202005e-15,0.0,0.0,0.0,0.0,True,2,0.6519329562500475,-11.585703710351396,-8.870157382843335,49.32833357800957,2.637192926999118,0.29965000756816274,0.05117527289993752,27.751858084907933,16.03978411001148,-23.439801143385033,-0.23461411992978426,2.9331639395944946,0.7260458276299738,True,-4.970690805846308,-35.00995354439771,72.53445293557918,20.799582457894395,42.610988407878494,-0.8298856083991495
2026-07-27T21:54:28.446+00:00,305.700000,103107.400000,1.217946,4095,2,02,80,FFFFFFFF,32,3.05183287,3.16105158,2.20731336,1.40529736,1.11398149,0.48120508,2.20802709,1.20631576,1.05871199,1.49882249,2.20716602,0.89748267,1.01687150,0.96480431,2.20727653,0.64153009,2.01348090,0.99081736,2.20762441,1.01893386,0.77182894,0.81495373,2.20791655,1.18334021,1.82978321,1.40402946,2.20755072,1.18503235,1.09832576,0.81138986,2.20726284,0.71775768,SD 02 80 FFFFFFFF 947A81 96AA3A 7FEC12 638269 55CB63 2DC644 7FF15E 5A650B 52EAA2 6774A4 7FEAFA 49EFAD 50AC1B 4DCC01 7FEBCC 399820 7A0B4D 4F3EC2 7FEE61 50C8C6 42439C 44F813 7FF08C 5945FF 73F3F0 63745B 7FEDD5 595B45 54FD31 44BF99 7FEBB2 3EC28D 7CB7BC 000FFF 02 0FBBA2,2026-07-27T21:54:28.268+00:00,serial_request_midpoint,356.4195,True,matched,24.42455,24.42455,2026-07-27T21:54:28.292+00:00,190.750059,1785189268223.3,5725,False,,,,,,,,,,,,,,False,,,,,,,,,,,,,,True,0.5973880161569762,-10.97800666152009,-11.809149999994249,44.953694071753795,0.01236659180527683,-0.7560002928640189,-2.823670817159392,27.94420828358647,18.92645094593887,-27.949730151361234,0.5112466696421792,-0.14058530158260402,0.15804543323276865,False,,,,,,,,,,,,,,False,,,,,,,,,,,,,,False,,,,,,,,,,,,,,True,0.07170998288711096,11.243981706073473,9.402436128195102,76.20315141834377,0.1926965156710286,0.008890768597271467,-3.0377387904123276,0.0,0.0,0.0,0.0,0.0,0.0,True,2,0.5973880161569745,-11.50142672422089,-9.336917229284087,49.33031599498295,2.6371769884210696,0.29405979150443495,0.04171250373583308,27.668149497104906,16.416474224741314,-23.5719988554782,-0.2284942802121806,2.930041627658491,0.7196694721404944,True,-4.903162076129215,-35.48265302704458,72.5345121232611,20.758981502151055,43.09037115331987,-1.0700448293670093
2026-07-27T21:54:29.003+00:00,306.200000,103107.900000,1.218557,4095,2,02,80,FFFFFFFF,32,3.06692707,3.17580801,2.20738862,1.41099696,1.11495263,0.48122070,2.20786654,1.20732240,1.05978807,1.49893713,2.20778863,0.89808024,1.01743804,0.96527603,2.20781548,0.64171827,2.01656695,0.99179085,2.20786654,1.01997321,0.77223090,0.81523583,2.20768125,1.18381387,1.83113889,1.40787325,2.20749178,1.18821364,1.10126493,0.81158635,2.20777231,0.71819052,SD 02 80 FFFFFFFF 94C93D 96F41C 7FECA1 63C178 55D81D 2DC694 7FF02D 5A7188 52F937 6775D9 7FEF99 49F8A3 50B3FC 4DD2C8 7FEFCC 399B7A 7A2457 4F4C84 7FF02D 50D735 424A28 44FC8A 7FEECD 594BF4 73FFF7 639EEF 7FED65 598335 55240D 44C2B7 7FEF7A 3EC9DD 7CC7BC 000FFF 02 0FBBA7,2026-07-27T21:54:28.825+00:00,serial_request_midpoint,356.4846,True,matched,45.6371,45.6371,2026-07-27T21:54:28.870+00:00,191.328162,1785189268789.972,5742,False,,,,,,,,,,,,,,False,,,,,,,,,,,,,,True,0.6270688427184127,-11.064453232869962,-12.22572206586694,44.990096745684795,0.010923567854877542,-0.7526093814099359,-2.824368448087912,27.962722455601597,19.39326691877804,-28.064773012837556,0.5107644520494373,-0.13736664303313914,0.1572362868776424,False,,,,,,,,,,,,,,False,,,,,,,,,,,,,,False,,,,,,,,,,,,,,True,0.09952745806431264,11.257403224847689,9.409357961028618,76.28390075997723,0.18611730015523936,0.01102366870754889,-3.038407796864452,-2.842170943040401e-15,0.0,0.0,0.0,0.0,0.0,True,2,0.6270688427184309,-11.58214911315409,-9.763193715773927,49.37286617925183,2.6395195462336516,0.2944547710653152,0.040385918356725295,27.700802129326792,16.886446268391705,-23.684365408885007,-0.22757922016555251,2.933402944723393,0.7196747075924776,True,-4.957891916772686,-35.96129565207195,72.51049756761299,20.865114965491895,43.57667632779857,-1.1793367462446214
2026-07-27T21:54:29.560+00:00,307.400000,103109.100000,1.215505,4095,2,02,80,FFFFFFFF,32,3.07713433,3.18601403,2.20743967,1.41518945,1.11584648,0.48124766,2.20776126,1.20828772,1.06037959,1.49902766,2.20728179,0.89848934,1.01780161,0.96552921,2.20759230,0.64184110,2.01876123,0.99248415,2.20736073,1.02051495,0.77244272,0.81530149,2.20784653,1.18361476,1.83177764,1.40938055,2.20779758,1.19049655,1.10280041,0.81171735,2.20737652,0.71833738,SD 02 80 FFFFFFFF 94FE3A 9726F9 7FED02 63EFBA 55E3D2 2DC71E 7FEF65 5A7D80 53013A 6776CD 7FEBD6 49FEC5 50B90A 4DD66B 7FEE24 399DAA 7A361F 4F564F 7FEC6C 50DEBA 424D9B 44FD94 7FF007 594973 7405A1 63AF9B 7FEFAA 599FD2 553853 44C4CB 7FEC8A 3ECC58 7C77BB 000FFF 02 0FBBB3,2026-07-27T21:54:29.382+00:00,serial_request_midpoint,357.2674,True,matched,59.7419,59.7419,2026-07-27T21:54:29.441+00:00,191.899433,1785189269389.967,5760,False,,,,,,,,,,,,,,False,,,,,,,,,,,,,,True,0.7066300494220908,-11.074605036951354,-12.555694714679323,45.04350778588049,0.006889853972249646,-0.7501280748799672,-2.827038699107839,28.23507634642428,19.807498235340628,-27.570620362779966,0.5120675976548685,-0.14936269355283366,0.15649564133004415,False,,,,,,,,,,,,,,False,,,,,,,,,,,,,,False,,,,,,,,,,,,,,True,0.07765494845814026,11.244844596113271,9.401566360109097,76.17896159645855,0.19942483687361018,0.017796490750956434,-3.0366339432063114,-2.842170943040401e-15,0.0,0.0,0.0,0.0,0.0,True,2,0.7066300494221079,-11.57548698492066,-10.099691582551253,49.43188891429837,2.641875353091178,0.29188444808781444,0.036686274267189185,27.91541540445653,17.291219568589792,-23.199478453334166,-0.22538475347644654,2.92151144191548,0.7190385443222996,True,-4.965336114159536,-36.35654742801588,72.50686976604372,20.923144916638456,43.95202373130775,-0.7076801803072158
2026-07-27T21:54:30.116+00:00,308.000000,103109.700000,1.217946,4095,2,02,80,FFFFFFFF,32,3.07234898,3.18182223,2.20745493,1.41485701,1.11619973,0.48125841,2.20783074,1.20878824,1.05998560,1.49908554,2.20779969,0.89847135,1.01776143,0.96547808,2.20791549,0.64182903,2.01911526,0.99258235,2.20752020,1.02029035,0.77239834,0.81510255,2.20771599,1.18291976,1.83178469,1.40846535,2.20759283,1.19151760,1.10247486,0.81176316,2.20786812,0.71823030,SD 02 80 FFFFFFFF 94E569 97121B 7FED1F 63EC10 55E872 2DC755 7FEFE9 5A83B4 52FBE4 677769 7FEFAE 49FE80 50B87B 4DD5AF 7FF08A 399D73 7A38FD 4F57B2 7FED9B 50DB9C 424CE2 44FA6E 7FEF0F 5940B5 7405B1 63A57C 7FEE25 59AC9B 553407 44C585 7FF030 3ECA89 7CB7BB 000FFF 02 0FBBB9,2026-07-27T21:54:29.939+00:00,serial_request_midpoint,355.4824,True,matched,86.2506,86.2506,2026-07-27T21:54:30.025+00:00,192.482706,1785189269956.627,5777,False,,,,,,,,,,,,,,False,,,,,,,,,,,,,,True,0.674584982354434,-11.024479698316776,-12.832993948749458,45.12679102467992,0.014574834440327115,-0.7470535186117022,-2.824927756004039,28.092496083618062,19.985925601043864,-27.740349381089878,0.5070907912826259,-0.13935447465032613,0.15813449567008214,False,,,,,,,,,,,,,,False,,,,,,,,,,,,,,False,,,,,,,,,,,,,,True,0.05792441249037329,11.24944320991408,9.404571021395318,76.23170389387585,0.19288816814804813,0.01192635161781788,-3.0371424188374228,0.0,0.0,0.0,0.0,0.0,0.0,True,2,0.6745849823544118,-11.553318555233734,-10.388721711017926,49.51844052773468,2.643123746875544,0.29590569398843736,0.04380114523597148,27.820410365268934,17.49451874160855,-23.351775137780255,-0.22870044026505756,2.9326783426713288,0.713815975971294,True,-4.933458233574207,-36.669918409141694,72.56290763305944,20.929711377095916,44.263260087299045,-0.9570420749804385
2026-07-27T21:54:30.674+00:00,309.100000,103110.800000,1.217946,4095,2,02,80,FFFFFFFF,32,3.06005821,3.17073314,2.20756756,1.41156002,1.11604637,0.48127970,2.20760809,1.20889700,1.05899701,1.49905883,2.20781548,0.89822536,1.01737483,0.96514496,2.20777231,0.64171870,2.01801814,0.99219264,2.20778021,1.01959115,0.77216470,0.81479530,2.20800972,1.18208447,1.83116444,1.40573488,2.20778126,1.19137781,1.10083886,0.81168583,2.20522350,0.71795906,SD 02 80 FFFFFFFF 94A577 96DABF 7FEDF5 63C7B0 55E670 2DC7C2 7FEE42 5A850D 52EE7F 677721 7FEFCC 49FAD0 50B31B 4DD0E6 7FEF7A 399B7C 7A301A 4F5231 7FEF89 50D1E7 424914 44F591 7FF13D 593632 740031 638742 7FEF8B 59AADB 551E6C 44C44B 7FDC8D 3EC5F4 7CB7BB 000FFF 02 0FBBC4,2026-07-27T21:54:30.496+00:00,serial_request_midpoint,357.6428,True,matched,29.6477,29.6477,2026-07-27T21:54:30.526+00:00,192.983286,1785189270456.62,5792,False,,,,,,,,,,,,,,False,,,,,,,,,,,,,,True,0.6637611311531371,-10.97486109266992,-13.19046050567355,45.25104255928472,0.014337454614762974,-0.735866070459567,-2.825118066504062,28.047830106465817,20.46574604150531,-27.451214364649083,0.5036690534523924,-0.13983426286228678,0.16009688139142575,False,,,,,,,,,,,,,,False,,,,,,,,,,,,,,False,,,,,,,,,,,,,,True,0.12127553390623266,11.238159720404195,9.404445950091429,76.15652125519951,0.19298115489422912,0.018367984261544845,-3.036922898120344,-2.842170943040401e-15,0.0,0.0,0.0,0.0,0.0,True,2,0.6637611311531209,-11.502303289443645,-10.779660165904605,49.661322503689426,2.650214280397103,0.2999599853796461,0.043598097964600784,27.774260588242463,17.98914079648732,-23.054362204724395,-0.2315519761852886,2.9331705219600845,0.7086204399544568,True,-4.783103131563509,-37.21311312317282,72.50199300011708,20.817676068027517,44.824984156438795,-0.7605344107944575
2026-07-27T21:54:31.231+00:00,310.300000,103112.000000,1.217946,4095,2,02,80,FFFFFFFF,32,3.04353192,3.15535454,2.20442711,1.40630548,1.11548972,0.48123672,2.20729758,1.20868611,1.05758537,1.49900985,2.20756020,0.89776944,1.01681674,0.96464691,2.20756441,0.64157834,2.01593108,0.99136954,2.20769020,1.01845562,0.77177642,0.81437660,2.20802025,1.18094904,1.83020228,1.40163564,2.20714286,1.19009304,1.09822067,0.81154055,2.20743862,0.71752837,SD 02 80 FFFFFFFF 944F03 968D98 7FD6A2 638D94 55DF26 2DC6E6 7FEBF4 5A8270 52DB5B 67769D 7FEDE7 49F3FA 50AB58 4DC9BE 7FEDEF 3998FC 7A1F2F 4F4690 7FEEDE 50C221 4242C1 44EEF0 7FF151 5927E6 73F7A8 6359CB 7FEACE 599AC4 54FBCD 44C1FD 7FED00 3EBEAD 7CB7BC 000FFF 02 0FBBD0,2026-07-27T21:54:31.053+00:00,serial_request_midpoint,356.4909,True,matched,58.91505,58.91505,2026-07-27T21:54:31.112+00:00,193.569797,1785189271056.612,5810,False,,,,,,,,,,,,,,False,,,,,,,,,,,,,,True,0.6949796323210347,-10.878670320723675,-13.861122087337359,45.1938567776364,0.020443135655318537,-0.7428026741110436,-2.822610254643839,28.029858281884913,21.30167016408629,-27.359829854026167,0.5135980156116428,-0.13700683124344182,0.16219125435591503,False,,,,,,,,,,,,,,False,,,,,,,,,,,,,,False,,,,,,,,,,,,,,True,0.1117760579168563,11.23844775198395,9.400554401520482,76.14093889871796,0.19427588882706237,0.025898951044073065,-3.037559537330013,-2.842170943040401e-15,-1.4210854715202005e-15,0.0,0.0,0.0,0.0,True,2,0.6949796323210471,-11.429708058780362,-11.431406329612514,49.590851370054196,2.645062171671634,0.3006174015864264,0.04923904914849953,27.77744038121687,18.78253966347136,-22.985931201548688,-0.2350414494743063,2.9321231783475885,0.7237776152233935,True,-4.764160949077436,-37.7495814067661,72.57988042890685,20.791087617371737,45.38122029403751,-0.4188671810694814
2026-07-27T21:54:31.787+00:00,310.800000,103112.500000,1.218557,4095,2,02,80,FFFFFFFF,32,3.02503263,3.13818371,2.20506788,1.39989401,1.11469861,0.48122735,2.20468045,1.20811756,1.05593587,1.49893490,2.20483500,0.89713711,1.01618753,0.96407131,2.20725863,0.64138273,2.01355017,0.99037946,2.20762336,1.01722960,0.77132736,0.81396344,2.20792602,1.17995044,1.82911692,1.39746565,2.20727389,1.18845098,1.09535614,0.81139355,2.20532919,0.71709919,SD 02 80 FFFFFFFF 93ED97 9636ED 7FDB65 634672 55D4C9 2DC6B6 7FD884 5A7B64 52C4F8 6775D3 7FD9AA 49EA7E 50A297 4DC178 7FEBAA 399580 7A0BDD 4F3891 7FEE5F 50B116 423B70 44E865 7FF09E 591B51 73EE06 632B70 7FEBC7 59862F 54D5DC 44BFA8 7FDD56 3EB76C 7CC7BC 000FFF 02 0FBBD5,2026-07-27T21:54:31.610+00:00,serial_request_midpoint,355.6669,True,matched,96.57235,96.57235,2026-07-27T21:54:31.706+00:00,194.16402,1785189271623.274,5827,False,,,,,,,,,,,,,,False,,,,,,,,,,,,,,True,0.7598562385267947,-10.92395754086915,-14.30214490149142,45.24488592703245,0.016627963710334946,-0.7396891264523123,-2.8233784410801155,28.130560797361085,21.610135590632137,-27.408210455178654,0.5070020815674158,-0.13953017746510468,0.1621577564374722,False,,,,,,,,,,,,,,False,,,,,,,,,,,,,,False,,,,,,,,,,,,,,True,0.06864417091626819,11.241136382443282,9.399350597403526,76.17196360762651,0.195041118001791,0.01940146645316831,-3.037577758169662,-2.842170943040401e-15,-1.4210854715202005e-15,0.0,0.0,0.0,0.0,True,2,0.759856238526796,-11.461338076241002,-11.880358104420344,49.64794099223012,2.6472882501583905,0.30078973804422815,0.04569880302951856,27.86272770181008,19.118987744144828,-23.019227557365497,-0.23468954506802225,2.932037454267386,0.7135306401827631,True,-4.749349413615077,-38.2459600276592,72.56901335262009,20.844118365348162,45.867907637542494,-0.6405385374324283
2026-07-27T21:54:32.344+00:00,312.000000,103113.700000,1.219167,4095,2,02,80,FFFFFFFF,32,3.00932367,3.12422022,2.20437718,1.39428569,1.11385366,0.48122852,2.20741599,1.20747517,1.05452916,1.49886330,2.20773073,0.89653731,1.01555548,0.96354779,2.20767968,0.64119460,2.01095571,0.98949628,2.20515095,1.01608928,0.77091342,0.81355607,2.20470463,1.17902708,1.82801720,1.39332068,2.20705288,1.18647414,1.09250009,0.81124657,2.20724811,0.71661562,SD 02 80 FFFFFFFF 939A52 95F009 7FD643 630804 55C9B6 2DC6BC 7FECD5 5A736D 52B1DC 677512 7FEF2B 49E17E 5099CB 4DB9F1 7FEECA 399226 79F6C9 4F2C13 7FDC03 50A139 4234B1 44E1F1 7FD8B2 590FAD 73E442 62FD41 7FEA23 596D61 54AFF7 44BD53 7FEB96 3EAF3F 7CD7BC 000FFF 02 0FBBE1,2026-07-27T21:54:32.166+00:00,serial_request_midpoint,357.2725,True,matched,48.79225,48.79225,2026-07-27T21:54:32.215+00:00,194.672915,1785189272156.639,5843,False,,,,,,,,,,,,,,False,,,,,,,,,,,,,,True,0.6813735450682269,-10.873472259788796,-14.416905848189268,45.412095575178995,0.0170308218159937,-0.7301809949357447,-2.8263387366428874,27.96999639353219,21.521367087719735,-27.598661156143358,0.49355292314266,-0.1338125965366901,0.1597433684855476,False,,,,,,,,,,,,,,False,,,,,,,,,,,,,,False,,,,,,,,,,,,,,True,0.0920076369201167,11.251530897838917,9.40515034998386,76.23692178646932,0.1882080487271084,0.008212253701374447,-3.037864971163186,0.0,0.0,0.0,0.0,0.0,0.0,True,2,0.681373545068213,-11.407975182292805,-12.024668461907758,49.83162379099148,2.6541034091832025,0.300547470422047,0.046147277176707274,27.71992294641034,19.091263117683848,-23.17454760620916,-0.231487525668041,2.942499938579365,0.6949768651829438,True,-4.702160366898679,-38.548337218462166,72.57142058178029,20.869754612499435,46.15918324780468,-1.129724895227048
2026-07-27T21:54:32.901+00:00,312.500000,103114.200000,1.217946,4095,2,02,80,FFFFFFFF,32,2.99241854,3.10912048,2.20740441,1.38818769,1.11305320,0.48121191,2.20817977,1.20679146,1.05281125,1.49874830,2.20727337,0.89585475,1.01487067,0.96295032,2.20488388,0.64097558,2.00821469,0.98844362,2.20461370,1.01478091,0.77043083,0.81311528,2.20436825,1.17791785,1.82701786,1.38879677,2.20681873,1.18409317,1.08944843,0.81101813,2.20766178,0.71612089,SD 02 80 FFFFFFFF 934026 95A2F5 7FECBF 62C3EA 55BF37 2DC667 7FF280 5A6AF2 529A80 6773DC 7FEBC6 49D73F 509042 4DB159 7FDA07 398E3F 79E07D 4F1D2D 7FD805 508F02 422CD3 44DAF5 7FD632 5901AF 73DB61 62CABA 7FE866 594F77 548767 44B9B3 7FEEA8 3EA6E1 7CB7BC 000FFF 02 0FBBE6,2026-07-27T21:54:32.724+00:00,serial_request_midpoint,355.4355,True,matched,77.57035,77.57035,2026-07-27T21:54:32.801+00:00,195.258739,1785189272723.336,5860,False,,,,,,,,,,,,,,False,,,,,,,,,,,,,,True,0.6692549918069349,-10.900411642821034,-14.426773771722736,45.46858145992137,0.01741699756799256,-0.7257265378356711,-2.826341243209008,28.122618477337948,21.64054791119976,-27.287964573927717,0.4945388950483808,-0.13850510184731063,0.16125755518274795,False,,,,,,,,,,,,,,False,,,,,,,,,,,,,,False,,,,,,,,,,,,,,True,0.08818088821598168,11.250669484511368,9.40452614641396,76.21312152167755,0.19504665151722683,0.015206074229017943,-3.0368684548219966,0.0,0.0,0.0,0.0,0.0,0.0,True,2,0.669254991806924,-11.435972718253229,-12.048127575000938,49.89531154838464,2.6569049407716134,0.30224104848638883,0.046517585125453204,27.852373493377087,19.204511394165248,-22.86830209732143,-0.23332028851500602,2.937456238227124,0.6954146217422561,True,-4.693962770519043,-38.63138609592345,72.55468009666069,20.88547323209403,46.24053898932729,-0.8209252158164645
2026-07-27T21:54:33.459+00:00,313.700000,103115.400000,1.218556,4095,2,02,80,FFFFFFFF,32,2.97765335,3.09531801,2.20769599,1.38230483,1.11208942,0.48119805,2.20565836,1.20596388,1.05135302,1.49869784,2.20490544,0.89519432,1.01417409,0.96236745,2.20458479,0.64077129,2.00526445,0.98741095,2.20707287,1.01359215,0.77001378,0.81272982,2.20737073,1.17709739,1.82593202,1.38512445,2.20753441,1.18188587,1.08678841,0.81085888,2.20800446,0.71568681,SD 02 80 FFFFFFFF 92F0E9 955C1E 7FEEE9 6281FF 55B292 2DC620 7FDFC8 5A60AD 5286A7 677354 7FDA30 49CD54 50868E 4DA8F6 7FD7CE 398A9B 79C875 4F0E8D 7FEA49 507E72 422606 44D4D9 7FEC7F 58F754 73D1BA 62A19E 7FEDB6 5933B2 5463FC 44B72C 7FF133 3E9F89 7CC7BA 000FFF 02 0FBBF2,2026-07-27T21:54:33.280+00:00,serial_request_midpoint,357.1432,True,matched,29.0333,29.0333,2026-07-27T21:54:33.309+00:00,195.767098,1785189273256.691,5876,False,,,,,,,,,,,,,,False,,,,,,,,,,,,,,True,0.684712609262426,-10.885686006984518,-14.607594486360028,45.43959259561789,0.010255472916608522,-0.7286989598197898,-2.8274386523042017,28.22064852751522,21.828436902478604,-27.158567601681646,0.4964264559938785,-0.14730495523255926,0.16046756031378326,False,,,,,,,,,,,,,,False,,,,,,,,,,,,,,False,,,,,,,,,,,,,,True,0.14549045721749265,11.241980478968715,9.399275112916389,76.17247470946963,0.20081835443899132,0.016193467381692007,-3.036413911980391,0.0,0.0,0.0,0.0,0.0,0.0,True,2,0.684712609262407,-11.396383953232933,-12.217275327962627,49.86297191934336,2.655428018577365,0.2996125055081398,0.03983404591333619,27.908119372981957,19.38121547428966,-22.74788108801446,-0.23133481121398294,2.928440388157109,0.6963918777452854,True,-4.638818322534405,-38.7679125533195,72.55592863296806,20.835612666172622,46.37635695679601,-0.6840350961264903
2026-07-27T21:54:34.015+00:00,314.200000,103115.900000,1.218556,4095,2,02,80,FFFFFFFF,32,2.96753124,3.08583914,2.20751493,1.37772970,1.11128744,0.48119961,2.20802078,1.20520244,1.05016209,1.49866335,2.20772442,0.89464389,1.01363504,0.96193757,2.20555529,0.64061567,2.00294246,0.98659003,2.20477454,1.01264906,0.76964259,0.81242503,2.20738546,1.17651238,1.82510496,1.38221642,2.20759072,1.17983949,1.08456618,0.81069202,2.20790970,0.71531103,SD 02 80 FFFFFFFF 92BA54 952B41 7FED91 624E95 55A80B 2DC628 7FF152 5A5739 52766E 6772F7 7FEF1F 49C50F 507F0B 4DA2C6 7FDF04 3987D5 79B585 4F02EB 7FD937 50714C 421FF8 44D004 7FEC9B 58EFF1 73CA5F 628101 7FEE21 5919EB 54465A 44B486 7FF07F 3E992D 7CC7BA 000FFF 02 0FBBF7,2026-07-27T21:54:33.837+00:00,serial_request_midpoint,356.263,True,matched,64.1722,64.1722,2026-07-27T21:54:33.901+00:00,196.359119,1785189273823.398,5893,False,,,,,,,,,,,,,,False,,,,,,,,,,,,,,True,0.6818471858101433,-10.503482194016524,-14.524597486253281,45.47574377813565,0.03280038175070884,-0.72396558709547,-2.8282819927756258,27.668383285485824,21.765103779190706,-27.372461569462057,0.4935673016819788,-0.1256279816643437,0.15898663365061366,False,,,,,,,,,,,,,,False,,,,,,,,,,,,,,False,,,,,,,,,,,,,,True,0.05948146681159298,11.244872786944,9.400025601017969,76.18620281536442,0.19158925471894012,0.014662815693468233,-3.037047270745766,2.842170943040401e-15,0.0,1.1368683772161604e-14,0.0,0.0,0.0,True,2,0.6818471858101438,-11.087109881643642,-12.158295838145838,49.90301358381272,2.658332850976237,0.3003923511263293,0.06095642415072726,27.456721373273588,19.337685260599777,-22.944870659002806,-0.23112154134785362,2.950466440155657,0.69672141102148,True,-4.550865974911464,-38.79486616606421,72.56006439563978,20.75019385026456,46.41212069165846,-0.8639116806272114
2026-07-27T21:54:34.573+00:00,315.400000,103117.100000,1.218557,4095,2,02,80,FFFFFFFF,32,2.95979956,3.07841556,2.20548851,1.37401757,1.11056554,0.48121953,2.20503476,1.20458348,1.04920321,1.49853908,2.20476508,0.89417628,1.01314295,0.96153466,2.20497010,0.64046358,2.00096111,0.98581637,2.20703867,1.01184957,0.76932679,0.81215231,2.20737178,1.17599622,1.82446656,1.37974157,2.20717601,1.17797233,1.08264867,0.81057735,2.20530237,0.71498379,SD 02 80 FFFFFFFF 92907E 9504DD 7FDE85 6224C5 559E90 2DC68E 7FDB26 5A4F89 52695C 6771A8 7FD925 49BE08 50782F 4D9CF9 7FDAAB 39851F 79A558 4EF7F3 7FEA08 506625 421AD1 44CBB1 7FEC81 58E96C 73C4B1 626535 7FEB0D 59025F 542CC0 44B2B4 7FDD23 3E93A3 7CC7BC 000FFF 02 0FBC03,2026-07-27T21:54:34.394+00:00,serial_request_midpoint,357.4185,True,matched,98.79805,98.79805,2026-07-27T21:54:34.492+00:00,196.950799,1785189274423.463,5911,False,,,,,,,,,,,,,,False,,,,,,,,,,,,,,True,0.6913587118829809,-9.822670783085236,-14.361191315803449,45.504287650886944,0.04419028468091498,-0.7237728870466618,-2.811762867936563,26.99656440588446,21.759626732754278,-27.349058486697857,0.49770624534371305,-0.11895589868968143,0.17596743723302466,False,,,,,,,,,,,,,,False,,,,,,,,,,,,,,False,,,,,,,,,,,,,,True,0.07293830552423976,11.244074631662821,9.40346448893566,76.19142204775028,0.19318928758895315,0.01874913145112648,-3.0373357628125635,0.0,0.0,0.0,0.0,0.0,0.0,True,2,0.6913587118829927,-10.465020358875424,-11.996889581468967,49.92448983753804,2.6535308904910666,0.3221523027655473,0.07141932174262659,26.840178093920105,19.316851663555774,-22.927620222727352,-0.257302886022903,2.9532179810535646,0.7037494875344756,True,-3.5566219764263862,-38.47197690086838,72.6602567687788,19.699359090883476,46.20553307526993,-0.7560431331886548
2026-07-27T21:54:35.131+00:00,316.000000,103117.700000,1.219167,4095,2,02,80,FFFFFFFF,32,2.95442557,3.07303390,2.20456061,1.37092584,1.10992184,0.48119472,2.20692081,1.20396819,1.04848857,1.49847083,2.20748125,0.89377689,1.01277203,0.96121919,2.20535127,0.64034000,1.99911733,0.98517826,2.20492699,1.01124301,0.76908812,0.81197398,2.20440766,1.17567869,1.82397758,1.37787517,2.20435353,1.17633856,1.08097056,0.81047056,2.20469938,0.71472123,SD 02 80 FFFFFFFF 927357 94E8F7 7FD7A0 6201E1 55961B 2DC60F 7FE928 5A47E4 525F9D 6770F0 7FED51 49B807 507303 4D986E 7FDD80 3982EB 799647 4EEEE6 7FDA59 505DAE 4216EC 44C8DD 7FD67D 58E569 73C057 625038 7FD616 58EDBF 541652 44B102 7FD8A8 3E8F31 7CD7BC 000FFF 02 0FBC09,2026-07-27T21:54:34.952+00:00,serial_request_midpoint,358.4664,True,matched,50.1803,50.1803,2026-07-27T21:54:35.002+00:00,197.460546,1785189274923.477,5926,False,,,,,,,,,,,,,,False,,,,,,,,,,,,,,True,0.7013515568251686,-9.808351909953965,-14.32850515636515,45.511409098889864,0.03466827410492913,-0.7245217253992637,-2.813156843058741,26.992019285064867,21.71989072291374,-27.361338467542538,0.49757006370963086,-0.125746129505169,0.1743565784906233,False,,,,,,,,,,,,,,False,,,,,,,,,,,,,,False,,,,,,,,,,,,,,True,0.061460676050117805,11.246046510115628,9.40729518971792,76.20814654663673,0.19342297555351848,0.01840622597539563,-3.0371025652461845,0.0,0.0,-1.1368683772161604e-14,0.0,0.0,0.0,True,2,0.7013515568251679,-10.417597597753659,-11.957875623599337,49.932908657845886,2.653636453780158,0.32007295088662263,0.06248558954243526,26.80093714934995,19.275076599940224,-22.942391244380424,-0.25419560433029076,2.9469632317743524,0.7021679427567846,True,-3.45432332078052,-38.43072753335339,72.6545335522064,19.61052372480625,46.173530002348954,-0.7987132735749356
2026-07-27T21:54:35.687+00:00,317.100000,103118.800000,1.219777,4095,2,02,80,FFFFFFFF,32,2.95085007,3.06940509,2.20442974,1.36859119,1.10942875,0.48119375,2.20446443,1.20344332,1.04787128,1.49840592,2.20444656,0.89339890,1.01250061,0.96098811,2.20482816,0.64024271,1.99765378,0.98471988,2.20697553,1.01068535,0.76884710,0.81178458,2.20717180,1.17534885,1.82349924,1.37620529,2.20518144,1.17476939,1.07958102,0.81034236,2.20471147,0.71447462,SD 02 80 FFFFFFFF 925FE9 94D61F 7FD6A7 61E77E 558FA0 2DC60A 7FD6E9 5A415E 525731 677041 7FD6C7 49B258 506F3A 4D951A 7FD99D 39812F 798A4F 4EE865 7FE990 5055E5 4212FD 44C5DC 7FEB05 58E13E 73BC15 623D6C 7FDC3D 58D9EB 5403BB 44AEF9 7FD8BF 3E8B04 7CE7BC 000FFF 02 0FBC14,2026-07-27T21:54:35.510+00:00,serial_request_midpoint,355.1394,True,matched,88.1217,88.1217,2026-07-27T21:54:35.598+00:00,198.056141,1785189275523.472,5944,False,,,,,,,,,,,,,,False,,,,,,,,,,,,,,True,0.7039782708915645,-9.343650813372282,-14.232793712779781,45.59631452284985,0.031782311519268545,-0.7228287561641096,-2.8025083609888437,26.550413459546537,21.684668861728465,-27.25061851897151,0.4978475812675237,-0.1292629192843157,0.18554430552478818,False,,,,,,,,,,,,,,False,,,,,,,,,,,,,,False,,,,,,,,,,,,,,True,0.05857265697544408,11.244764376627408,9.402485849242561,76.17794705238363,0.19568059469777851,0.01967496577300276,-3.036859774679828,0.0,-1.4210854715202005e-15,1.1368683772161604e-14,0.0,0.0,0.0,True,2,0.7039782708915732,-9.956968685493553,-11.863642922520139,50.018043682364194,2.651627212241157,0.33471130917491576,0.0596234473667488,26.35659124043449,19.23755770282306,-22.833062298311745,-0.2705884068988631,2.9419167215992412,0.701504204020561,True,-2.6298576545789656,-38.241568742174174,72.73565333051219,18.7659268691692,46.06098801908844,-0.7320054185286609
2026-07-27T21:54:36.243+00:00,318.300000,103120.000000,1.218557,4095,2,02,80,FFFFFFFF,32,2.94775731,3.06593216,2.20677664,1.36659836,1.10892719,0.48118808,2.20724021,1.20292897,1.04738872,1.49835177,2.20531972,0.89311268,1.01222028,0.96081266,2.20505895,0.64015595,1.99650811,0.98427759,2.20711813,1.01028619,0.76868701,0.81168386,2.20548325,1.17528178,1.82330970,1.37524612,2.20720180,1.17361076,1.07865143,0.81026536,2.20795603,0.71433761,SD 02 80 FFFFFFFF 924F15 94C410 7FE816 61D0F1 558908 2DC5ED 7FEB87 5A3AF9 52509B 676FAF 7FDD44 49AE0A 506B51 4D9293 7FDB54 397FA3 7980EF 4EE21E 7FEA9F 505052 421060 44C443 7FDE7B 58E065 73BA65 62329E 7FEB3E 58CB44 53F749 44ADC0 7FF0D7 3E88B2 7CC7BC 000FFF 02 0FBC20,2026-07-27T21:54:36.066+00:00,serial_request_midpoint,356.1175,True,matched,34.05065,34.05065,2026-07-27T21:54:36.100+00:00,198.557875,1785189276023.467,5959,False,,,,,,,,,,,,,,False,,,,,,,,,,,,,,True,0.6601403881935757,-8.788557568866683,-14.123600426014821,45.68302363931157,0.043922748822315054,-0.722394191187779,-2.7963791514234404,25.93406615405476,21.574581254040783,-27.336153146130062,0.4965529478115891,-0.11883890081600082,0.19121047920143347,False,,,,,,,,,,,,,,False,,,,,,,,,,,,,,False,,,,,,,,,,,,,,True,0.11277902043237671,11.246092252700628,9.403229655396265,76.18555935761468,0.19308057938193088,0.016431685418367988,-3.0371435850865174,0.0,0.0,0.0,0.0,0.0,0.0,True,2,0.6601403881935731,-9.449850083752404,-11.760361480830817,50.10100018111235,2.649854500778357,0.3428791405750425,0.07098979106090746,25.79663055026335,19.13768422622936,-22.910843308747538,-0.2801896261321849,2.9515376569872567,0.7016022049396301,True,-2.0689252426220235,-38.08572862331106,72.86211412650954,18.182925391344796,45.959247262029116,-0.8154463944165741
2026-07-27T21:54:36.800+00:00,318.800000,103120.500000,1.217946,4095,2,02,80,FFFFFFFF,32,2.94762315,3.06576926,2.20768178,1.36589020,1.10863667,0.48116796,2.20562943,1.20254323,1.04735639,1.49829391,2.20720390,0.89300516,1.01209232,0.96072454,2.20779969,0.64012111,1.99589972,0.98401040,2.20771231,1.01014187,0.76860804,0.81165111,2.20757757,1.17532629,1.82313026,1.37469949,2.20768968,1.17275690,1.07797368,0.81020385,2.20792392,0.71424790,SD 02 80 FFFFFFFF 924E5A 94C337 7FEECE 61C8EC 558536 2DC586 7FDF91 5A362D 52502A 676F13 7FEB42 49AC6C 506988 4D914E 7FEFAE 397F04 797BF4 4EDE53 7FEF08 504E4E 420F16 44C3BE 7FEE08 58E0F5 73B8CC 622C75 7FEEDD 58C076 53EE35 44ACC6 7FF09A 3E872D 7CB7BC 000FFF 02 0FBC25,2026-07-27T21:54:36.622+00:00,serial_request_midpoint,356.1376,True,matched,70.732,70.732,2026-07-27T21:54:36.693+00:00,199.150842,1785189276623.461,5977,False,,,,,,,,,,,,,,False,,,,,,,,,,,,,,True,0.7423023103721671,-8.639359931425078,-14.126651031942774,45.761313973877805,0.03625140344678214,-0.7202810715878306,-2.7911140056361936,25.803523643967786,21.676218355261163,-27.162356846029574,0.4977858388487778,-0.12581016903476352,0.1976956403485465,False,,,,,,,,,,,,,,False,,,,,,,,,,,,,,False,,,,,,,,,,,,,,True,0.11561535354994769,11.24204191503183,9.40306670684087,76.16782886482979,0.19535463627804378,0.020546962681584565,-3.0373386709393415,0.0,0.0,0.0,0.0,0.0,0.0,True,2,0.7423023103721521,-9.281905383443116,-11.765077664302133,50.18294598138029,2.649735601876531,0.3506383840790499,0.06368955537037235,25.641413039331177,19.231245711752614,-22.74233965570234,-0.2891494242214754,2.943438249665057,0.7017642435498663,True,-1.6415535608077576,-38.052976529391785,72.90172042053787,17.723783764706063,45.9799436571668,-0.6654372546238847
2026-07-27T21:54:37.358+00:00,320.000000,103121.700000,1.217946,4095,2,02,80,FFFFFFFF,32,2.94829763,3.06582481,2.20732336,1.36551122,1.10842192,0.48115156,2.20783338,1.20229607,1.04739273,1.49832692,2.20755230,0.89291272,1.01202232,0.96066488,2.20534917,0.64009110,1.99540408,0.98384477,2.20663406,1.01000820,0.76854176,0.81165456,2.20731494,1.17542304,1.82287407,1.37437375,2.20514043,1.17194263,1.07752502,0.81013177,2.20463525,0.71413651,SD 02 80 FFFFFFFF 925206 94C381 7FEC25 61C4A1 558263 2DC532 7FEFEE 5A331A 5250A9 676F6C 7FEDD8 49AB08 50688E 4D9072 7FDD7C 397E7B 7977E5 4EDBF9 7FE707 504C70 420E01 44C3CC 7FEC15 58E22E 73B684 6228C9 7FDBEF 58B627 53E832 44ABA1 7FD82E 3E854A 7CB7BC 000FFF 02 0FBC31,2026-07-27T21:54:37.179+00:00,serial_request_midpoint,357.7597,True,matched,19.86905,19.86905,2026-07-27T21:54:37.199+00:00,199.657117,1785189277123.473,5992,False,,,,,,,,,,,,,,False,,,,,,,,,,,,,,True,0.6942010650965228,-8.344873961558623,-14.123743104562982,45.83921590317434,0.04458037611455248,-0.7198523833107238,-2.785646800040503,25.49340516995158,21.64519945435587,-27.144277213952513,0.49579069597356257,-0.11996921343805206,0.20398172872921147,False,,,,,,,,,,,,,,False,,,,,,,,,,,,,,False,,,,,,,,,,,,,,True,0.07037281900372838,11.239308573833291,9.395185583977634,76.14696969341512,0.19620915241521186,0.016969293516549314,-3.038125426786116,0.0,1.4210854715202005e-15,-1.1368683772161604e-14,0.0,0.0,0.0,True,2,0.6942010650965336,-9.022002705223098,-11.766640135555132,50.258071557781605,2.6481815227754044,0.3579323990296874,0.071499657486823,25.365987305813498,19.21192211162134,-22.71667638511867,-0.2992135855280229,2.948746740985354,0.6998398826347332,True,-1.3071672445218496,-38.00476882481117,73.0091865069988,17.3390218145995,45.966322960925886,-0.68621622356643
2026-07-27T21:54:37.913+00:00,320.500000,103122.200000,1.219777,4095,2,02,80,FFFFFFFF,32,2.94802566,3.06564990,2.20450963,1.36504788,1.10822503,0.48116992,2.20742967,1.20204266,1.04728857,1.49823123,2.20739967,0.89280314,1.01195568,0.96062720,2.20771547,0.64005845,1.99496816,0.98365440,2.20781758,1.00984070,0.76846735,0.81161319,2.20791970,1.17538162,1.82282802,1.37394135,2.20763862,1.17119505,1.07708201,0.81008577,2.20732178,0.71405049,SD 02 80 FFFFFFFF 92508B 94C298 7FD73F 61BF61 557FCC 2DC590 7FECEF 5A2FF3 524F3D 676E6A 7FECB6 49A962 5067A0 4D8FE7 7FEF0E 397DE6 797453 4ED945 7FEFD0 504A19 420CCA 44C324 7FF092 58E1A8 73B61B 6223E9 7FEE7C 58ACAF 53E242 44AAE6 7FEC22 3E83D5 7CE7BC 000FFF 02 0FBC36,2026-07-27T21:54:37.736+00:00,serial_request_midpoint,354.7682,True,matched,61.9074,61.9074,2026-07-27T21:54:37.797+00:00,200.255706,1785189277723.486,6010,False,,,,,,,,,,,,,,False,,,,,,,,,,,,,,True,0.7032710468190057,-8.327267998122702,-14.070309529095173,45.89421280700068,0.04040696237410096,-0.7145120032374941,-2.783793121724285,25.46904549506932,21.487357153525913,-27.295888789321005,0.48999195274866547,-0.12047994054862525,0.20417332783946462,False,,,,,,,,,,,,,,False,,,,,,,,,,,,,,False,,,,,,,,,,,,,,True,0.10409579827456446,11.254298400165,9.409177423779932,76.23758589720424,0.19230310964016648,0.013112281308893296,-3.036271807897876,0.0,0.0,-1.1368683772161604e-14,0.0,0.0,0.0,True,2,0.7032710468190182,-8.992359887096818,-11.727118182757751,50.32228576618739,2.65105938824773,0.3624704397814583,0.06756283535316775,25.336049339458395,19.079394038999602,-22.854633482554267,-0.29939925083485125,2.9502160146298495,0.6911365683696835,True,-1.1269506512750156,-38.01060026290765,72.9692551446194,17.295942552477236,45.96185265761571,-0.9854447412113018
2026-07-27T21:54:38.470+00:00,321.700000,103123.400000,1.218557,4095,2,02,80,FFFFFFFF,32,2.94832634,3.06582706,2.20777705,1.36473491,1.10810179,0.48115429,2.20759862,1.20179337,1.04729028,1.49821380,2.20762178,0.89274160,1.01189465,0.96058056,2.20535022,0.64003896,1.99474547,0.98351577,2.20470253,1.00982728,0.76843696,0.81161171,2.20429309,1.17550990,1.82274117,1.37380487,2.20410916,1.17071072,1.07682529,0.81006830,2.20446548,0.71402097,SD 02 80 FFFFFFFF 92522E 94C384 7FEF83 61BBD5 557E2D 2DC540 7FEE30 5A2CD9 524F43 676E3B 7FEE5C 49A875 5066C6 4D8F3B 7FDD7E 397D8D 797280 4ED74D 7FD8AE 5049E9 420C4B 44C31E 7FD5A3 58E347 73B555 62225F 7FD445 58A68C 53DED1 44AA9F 7FD6EB 3E8355 7CC7BB 000FFF 02 0FBC42,2026-07-27T21:54:38.292+00:00,serial_request_midpoint,356.6147,True,matched,88.42795,88.42795,2026-07-27T21:54:38.380+00:00,200.838471,1785189278323.493,6028,False,,,,,,,,,,,,,,False,,,,,,,,,,,,,,True,0.6991696537807875,-8.040941711503082,-14.038719872037063,45.96614441260379,0.024049790322107054,-0.715691283754827,-2.775246471499388,25.157664420858236,21.527056266957867,-27.22649499194399,0.4919294793864552,-0.13196688448897254,0.21326187355498424,False,,,,,,,,,,,,,,False,,,,,,,,,,,,,,False,,,,,,,,,,,,,,True,0.10455694383625351,11.250997291691041,9.409325437621337,76.2252673482224,0.19249791631256846,0.01452877857709115,-3.0369334792778004,0.0,1.4210854715202005e-15,-1.1368683772161604e-14,0.0,0.0,0.0,True,2,0.6991696537807593,-8.662820452410372,-11.68181630295464,50.39321968157749,2.6479241585968385,0.3732203149273582,0.05190116580998117,24.981908619943045,19.105727864779894,-22.794001144598518,-0.3116692427318939,2.937060613931207,0.6913468061769645,True,-0.3786315723299083,-37.836383287838444,73.04012134967606,16.492808393961205,45.87615573825221,-0.9570901094589545
2026-07-27T21:54:39.027+00:00,322.300000,103124.000000,1.216726,4095,2,02,80,FFFFFFFF,32,2.94979791,3.06680541,2.20421321,1.36497618,1.10803855,0.48115214,2.20698184,1.20169165,1.04747486,1.49820193,2.20774968,0.89271953,1.01195204,0.96060171,2.20546379,0.64003348,1.99454378,0.98349239,2.20719812,1.00983455,0.76844605,0.81164323,2.20783969,1.17564066,1.82261397,1.37373490,2.20745441,1.17025365,1.07668719,0.81005969,2.20499691,0.71396678,SD 02 80 FFFFFFFF 925A30 94C89B 7FD50B 61BE91 557D58 2DC535 7FE99C 5A2B95 5251C8 676E1B 7FEF4F 49A820 506793 4D8F89 7FDE56 397D74 7970D9 4ED6F8 7FEB37 504A03 420C71 44C39E 7FEFFA 58E4EE 73B433 622195 7FED1E 58A0C1 53DCF7 44AA7C 7FDADE 3E826A 7C97BB 000FFF 02 0FBC48,2026-07-27T21:54:38.849+00:00,serial_request_midpoint,356.9958,True,matched,103.5351,103.5351,2026-07-27T21:54:38.953+00:00,201.41078,1785189278890.168,6045,False,,,,,,,,,,,,,,False,,,,,,,,,,,,,,True,0.6368272673866531,-7.564366566663968,-13.966885570412694,45.98368797362336,0.05023447744259774,-0.714544268043055,-2.7683483699164366,24.6793455513009,21.470046074480877,-27.289449583122575,0.49064454844529887,-0.11380434953069507,0.2208333024349752,False,,,,,,,,,,,,,,False,,,,,,,,,,,,,,False,,,,,,,,,,,,,,True,0.08424403315298046,11.249167261433444,9.412901128189855,76.21915642803164,0.19356566519182763,0.011817838175965094,-3.037575991564207,-2.842170943040401e-15,0.0,0.0,0.0,0.0,0.0,True,2,0.6368272673866361,-8.281984754082343,-11.626252281057985,50.404907569789145,2.6460053783428923,0.38262092787823254,0.07671057414278583,24.5992132961689,19.063652763261683,-22.84607554652871,-0.3251903823147489,2.953636363989602,0.6929602882224651,True,-0.07056817271126477,-37.736291959285545,73.12955895238937,16.13945245580681,45.818007618619845,-0.978102217260232
2026-07-27T21:54:39.584+00:00,323.400000,103125.100000,1.217946,4095,2,02,80,FFFFFFFF,32,2.94945471,3.06661767,2.20455483,1.36479316,1.10794799,0.48115019,2.20506052,1.20150017,1.04739674,1.49823049,2.20482921,0.89267773,1.01189605,0.96057189,2.20680873,0.64002757,1.99430301,0.98337357,2.20463735,1.00973557,0.76838074,0.81156295,2.20712023,1.17546013,1.82257274,1.37326838,2.20510784,1.16959276,1.07631839,0.81000902,2.20444393,0.71386764,SD 02 80 FFFFFFFF 925852 94C7A1 7FD795 61BC7E 557C27 2DC52B 7FDB57 5A2933 5250B7 676E68 7FD99F 49A77F 5066CB 4D8F1B 7FE853 397D59 796EE0 4ED548 7FD832 5048A1 420B60 44C258 7FEAA3 58E2A6 73B3D5 621C52 7FDBB1 589860 53D805 44A9AE 7FD6C2 3E80BC 7CB7BC 000FFF 02 0FBC53,2026-07-27T21:54:39.406+00:00,serial_request_midpoint,355.5488,True,matched,44.4443,44.4443,2026-07-27T21:54:39.451+00:00,201.908742,1785189279390.176,6060,False,,,,,,,,,,,,,,False,,,,,,,,,,,,,,True,0.6838612383677481,-7.552194268273661,-13.900793640759451,45.77841795049052,0.03845545667106599,-0.7288547000629018,-2.7612890085795545,24.746912510047668,21.47377906722059,-27.35999753632953,0.5034028031464675,-0.124944122903007,0.22532427247198628,False,,,,,,,,,,,,,,False,,,,,,,,,,,,,,False,,,,,,,,,,,,,,True,0.07595418692114166,11.24711682977858,9.407622237003013,76.1989041876241,0.1966511120713993,0.016326336704338158,-3.0369471678271225,0.0,0.0,0.0,0.0,0.0,0.0,True,2,0.6838612383677578,-8.241914409950514,-11.508629620296036,50.176435738669895,2.634944296339328,0.38621402443033725,0.06530582815009933,24.626956549791338,19.006201677033523,-22.95121137335756,-0.33061485398674434,2.937777020304708,0.7093697589193283,True,0.17007348583811677,-37.33412724304607,73.151497151223,15.867630196050873,45.43506993596994,-0.8071277591594026
2026-07-27T21:54:40.143+00:00,324.000000,103125.700000,1.219167,4095,2,02,80,FFFFFFFF,32,2.94785059,3.06504870,2.20690870,1.36387694,1.10777668,0.48114140,2.20788180,1.20127763,1.04714750,1.49823346,2.20764125,0.89253286,1.01175635,0.96046561,2.20749020,0.63999361,1.99384492,0.98317995,2.20759230,1.00949514,0.76831710,0.81152503,2.20745862,1.17534761,1.82242144,1.37279713,2.20773810,1.16900973,1.07598870,0.80996352,2.20782758,0.71380216,SD 02 80 FFFFFFFF 924F97 94BF77 7FE911 61B21B 5579E6 2DC4FE 7FF04A 5A266E 524D50 676E70 7FEE81 49A551 5064D8 4D8D93 7FED62 397CBE 796B1F 4ED288 7FEE24 504545 420A56 44C1BE 7FED26 58E13A 73B27C 621701 7FEF39 5890FB 53D399 44A8F5 7FEFE3 3E7FA0 7CD7BB 000FFF 02 0FBC59,2026-07-27T21:54:39.964+00:00,serial_request_midpoint,358.8368,True,matched,79.2642,79.2642,2026-07-27T21:54:40.043+00:00,202.500969,1785189279990.186,6078,False,,,,,,,,,,,,,,False,,,,,,,,,,,,,,True,0.6407183348264885,-7.452376743798335,-13.34188123288649,45.65441474187193,0.052946176523573224,-0.7313354592621073,-2.7592193904295605,24.43948484526675,20.87374649772977,-27.801154394148973,0.5042127024043072,-0.10776284659984811,0.22507775343017633,False,,,,,,,,,,,,,,False,,,,,,,,,,,,,,False,,,,,,,,,,,,,,True,0.1129485303672272,11.25976449181094,9.416252686854843,76.27840874772536,0.18625480943793174,0.012330812720833839,-3.037797260304942,0.0,0.0,0.0,0.0,0.0,0.0,True,2,0.6407183348264829,-8.193225152465484,-10.949763527640823,50.04413447910307,2.632429339651406,0.3878084228804177,0.07902607840145395,24.401935671629055,18.411319269961307,-23.388018880784948,-0.33239866127715373,2.9539632715945916,0.7142374430098716,True,0.0930038557494001,-36.73065242544657,73.11479747769422,15.903327706411705,44.83345552815736,-1.1345766091044993
2026-07-27T21:54:40.700+00:00,325.100000,103126.800000,1.216726,4095,2,02,80,FFFFFFFF,32,2.94810603,3.06496389,2.20769178,1.36355178,1.10771463,0.48113066,2.20797761,1.20110754,1.04713806,1.49817671,2.20778284,0.89250509,1.01170008,0.96042142,2.20742441,0.63997543,1.99362139,0.98310763,2.20479399,1.00943476,0.76828241,0.81149475,2.20479662,1.17536709,1.82227672,1.37245027,2.20459110,1.16849678,1.07560870,0.80995097,2.20501478,0.71369795,SD 02 80 FFFFFFFF 9250FB 94BF06 7FEEE1 61AE6B 557915 2DC4C7 7FF100 5A2450 524D2F 676DD7 7FEF8E 49A4E6 50640F 4D8CF0 7FECE5 397C6B 79694A 4ED181 7FD95C 50446D 4209C5 44C143 7FD961 58E179 73B132 621317 7FD7DA 588A79 53CE80 44A8C2 7FDB00 3E7DDC 7C97BB 000FFF 02 0FBC64,2026-07-27T21:54:40.521+00:00,serial_request_midpoint,356.1342,True,matched,30.417,30.417,2026-07-27T21:54:40.551+00:00,203.009782,1785189280490.193,6093,False,,,,,,,,,,,,,,False,,,,,,,,,,,,,,True,0.5946902317392296,-7.456723337846782,-12.934495084140817,45.55594271682301,0.05475858398705849,-0.736319991242022,-2.76124329555029,24.51667135336019,20.487069797915012,-27.687272743727213,0.5080059026292171,-0.11106076397990546,0.22316221968621083,False,,,,,,,,,,,,,,False,,,,,,,,,,,,,,False,,,,,,,,,,,,,,True,0.1306922162979857,11.250217082732329,9.407073949235901,76.18724938772132,0.19290443223012083,0.014105380650348534,-3.037376865500673,0.0,0.0,0.0,0.0,0.0,0.0,True,2,0.5946902317392192,-8.201497550662335,-10.528402579266649,49.93735266693109,2.6299077130605477,0.3831469957548203,0.08071638970482176,24.463274773922265,18.00618941822757,-23.284648041577487,-0.3291320504272186,2.9498023934500277,0.719219011559744,True,-0.0432361120536882,-36.269534691699064,73.09784062814988,15.976197376430397,44.354455652270346,-0.9394092099799878
2026-07-27T21:54:41.256+00:00,326.300000,103128.000000,1.215505,4095,2,02,80,FFFFFFFF,32,2.94659669,3.06362767,2.20697816,1.36282348,1.10752257,0.48111816,2.20741546,1.20094655,1.04691060,1.49815187,2.20753493,0.89235452,1.01156124,0.96030730,2.20781179,0.63994125,1.99337740,0.98287033,2.20774547,1.00916250,0.76818744,0.81139355,2.20794339,1.17506667,1.82206800,1.37157095,2.20749493,1.16773687,1.07498197,0.80985849,2.20799498,0.71354211,SD 02 80 FFFFFFFF 9248C3 94B811 7FE995 61A628 55768E 2DC487 7FECD4 5A224F 524A14 676D94 7FEDB7 49A2A2 50621F 4D8B4B 7FEFC5 397BCF 79674A 4ECE22 7FEF47 50409F 420838 44BFA8 7FF0BF 58DDAD 73AF56 62092A 7FED6B 5880D4 53C617 44A74A 7FF121 3E7B38 7C77BC 000FFF 02 0FBC70,2026-07-27T21:54:41.078+00:00,serial_request_midpoint,356.378,True,matched,51.2113,51.2113,2026-07-27T21:54:41.129+00:00,203.587112,1785189281056.863,6110,False,,,,,,,,,,,,,,False,,,,,,,,,,,,,,True,0.5813075216284468,-7.428714974351829,-12.221329969896084,45.54258663712146,0.05313272916699023,-0.741819349078137,-2.7621441984295685,24.505961791532723,19.659037820998556,-27.749785711820277,0.508689732806174,-0.11385722884377647,0.2195433453000546,False,,,,,,,,,,,,,,False,,,,,,,,,,,,,,False,,,,,,,,,,,,,,True,0.06634031278072715,11.254001934564473,9.414394813549162,76.20073466376788,0.1949794834475225,0.009851861392899182,-3.03529463857527,0.0,0.0,-1.1368683772161604e-14,0.0,0.0,0.0,True,2,0.581307521628431,-8.16753962208007,-9.797678355917594,49.91531735200098,2.6267742105437706,0.3797713593519353,0.07912905943372381,24.435027779852163,17.173412755579214,-23.350085800345845,-0.3233611277566312,2.9475107400016287,0.7197477562937656,True,-0.070856341878428,-35.47487590243705,73.16820020013976,16.01818967224328,43.530846457202664,-0.9890965631279187
2026-07-27T21:54:41.812+00:00,326.800000,103128.500000,1.218557,4095,2,02,80,FFFFFFFF,32,2.94390302,3.06086957,2.20742546,1.36138910,1.10730233,0.48113241,2.20758388,1.20060644,1.04650469,1.49808956,2.20774600,0.89213597,1.01136615,0.96013870,2.20796603,0.63988649,1.99275467,0.98263390,2.20775337,1.00887717,0.76805827,0.81125790,2.20790128,1.17487723,1.82188472,1.37081310,2.20769441,1.16704006,1.07440959,0.80985996,2.20752178,0.71345613,SD 02 80 FFFFFFFF 923A15 94A9B2 7FECE7 6195E0 5573A8 2DC4D0 7FEE14 5A1E13 524489 676CEC 7FEF48 499F58 505F66 4D88DD 7FF0EA 397AD5 79622F 4ECAC6 7FEF56 503CA2 42061C 44BD81 7FF06F 58DB48 73ADB4 62009B 7FEEE6 5877FB 53BE68 44A750 7FED9E 3E79C3 7CC7BC 000FFF 02 0FBC75,2026-07-27T21:54:41.634+00:00,serial_request_midpoint,355.8596,True,matched,80.4966,80.4966,2026-07-27T21:54:41.714+00:00,204.172732,1785189281656.867,6128,False,,,,,,,,,,,,,,False,,,,,,,,,,,,,,True,0.6685938337666993,-7.575577881262683,-11.4988381442041,45.42637616522543,0.05095663095411479,-0.7472244308976632,-2.7609015408261692,24.492654630682587,19.010707179927945,-27.90060178957389,0.5141976179589665,-0.11286688171167018,0.2209367075635365,False,,,,,,,,,,,,,,False,,,,,,,,,,,,,,False,,,,,,,,,,,,,,True,0.07928809292563585,11.254651868087722,9.41373331427285,76.21318342320544,0.1913638771892538,0.01192492995378503,-3.037385079903757,-2.842170943040401e-15,0.0,0.0,0.0,0.0,0.0,True,2,0.6685938337666838,-8.309470530390064,-9.0573312677185,49.7899949061779,2.6230220713350456,0.3792116070999449,0.0770037649378634,24.431606455481862,16.501730408121453,-23.51402779115537,-0.3256053896705979,2.946247801723749,0.7280739104423828,True,-0.20505850902962663,-34.645073651390874,73.13859786710456,15.987997682345394,42.72389543456898,-1.0045887278620966
2026-07-27T21:54:42.370+00:00,328.000000,103129.700000,1.215505,4095,2,02,80,FFFFFFFF,32,2.94326478,3.06038632,2.20751651,1.36085357,1.10716759,0.48113144,2.20783127,1.20037963,1.04640631,1.49810217,2.20754230,0.89204929,1.01125532,0.96007039,2.20775600,0.63983326,1.99231121,0.98248215,2.20776389,1.00867793,0.76799632,0.81124756,2.20806974,1.17488496,1.82180186,1.37042340,2.20760599,1.16643454,1.07400931,0.80980315,2.20779232,0.71335840,SD 02 80 FFFFFFFF 92369A 94A72D 7FED94 618FCB 5571E2 2DC4CB 7FEFEA 5A1B40 524331 676D0E 7FEDC5 499E0A 505DDA 4D87E1 7FEF5B 3979E2 795E8C 4EC89E 7FEF6A 5039D9 420519 44BD57 7FF1AF 58DB61 73ACF7 61FC34 7FEE3E 58704A 53B908 44A669 7FEFA0 3E781B 7C77BB 000FFF 02 0FBC81,2026-07-27T21:54:42.191+00:00,serial_request_midpoint,358.0214,True,matched,25.0573,25.0573,2026-07-27T21:54:42.217+00:00,204.674402,1785189282156.9,6143,False,,,,,,,,,,,,,,False,,,,,,,,,,,,,,True,0.6852415978771387,-7.7228765360691,-10.800731407697638,45.3199267103535,0.045080952143605434,-0.7499872520184208,-2.7616303725489866,24.662539719572855,18.45954771600243,-27.715993300700365,0.5211063590168936,-0.12145803298455413,0.2208034381914913,False,,,,,,,,,,,,,,False,,,,,,,,,,,,,,False,,,,,,,,,,,,,,True,0.10137382724803777,11.24172446151741,9.404636218548008,76.1299750717883,0.19690458326173216,0.02085076654518937,-3.0369779789482614,0.0,0.0,0.0,0.0,0.0,0.0,True,2,0.685241597877127,-8.436654709892721,-8.347760040594514,49.68045136109137,2.6216393597038388,0.37718983671185313,0.07143267342932152,24.56457083718887,15.916347725073546,-23.349844088503055,-0.3243892231067761,2.9355715380911236,0.7364065739497992,True,-0.313972261894979,-33.901831584491305,73.05956109843044,15.998258018130139,41.975941643416114,-0.6984166670520494
2026-07-27T21:54:42.927+00:00,328.600000,103130.300000,1.218557,4095,2,02,80,FFFFFFFF,32,2.94265964,3.05955489,2.20759125,1.36032335,1.10697173,0.48113320,2.20813923,1.20019080,1.04622156,1.49805100,2.20755967,0.89191096,1.01117221,0.96002811,2.20766283,0.63981114,1.99197498,0.98227683,2.20728337,1.00851644,0.76792193,0.81119882,2.20770915,1.17479071,1.82166157,1.37004312,2.20522929,1.16587964,1.07364286,0.80975150,2.20708287,0.71331921,SD 02 80 FFFFFFFF 92334D 94A2D7 7FEE22 6189C5 556F4E 2DC4D4 7FF233 5A18E6 5240AB 676C84 7FEDE6 499BF5 505CB1 4D8745 7FEEAA 39797D 795BCA 4EC5B3 7FEBD9 503797 4203E2 44BC91 7FEF02 58DA30 73ABB7 61F7E8 7FDC98 58693D 53B41C 44A597 7FEA5C 3E7771 7CC7BB 000FFF 02 0FBC87,2026-07-27T21:54:42.749+00:00,serial_request_midpoint,356.0003,True,matched,55.69075,55.69075,2026-07-27T21:54:42.804+00:00,205.26221,1785189282723.599,6160,False,,,,,,,,,,,,,,False,,,,,,,,,,,,,,True,0.700621987759563,-7.778991101055519,-10.080451009996205,45.29277794443548,0.05628633805108116,-0.7531278118062759,-2.762074388411634,24.57416342916999,17.646529140510523,-27.944759330479837,0.5199462653348077,-0.1101354845515164,0.21959903430124994,False,,,,,,,,,,,,,,False,,,,,,,,,,,,,,False,,,,,,,,,,,,,,True,0.10788788061269557,11.252831411341285,9.409713669410532,76.1816478754497,0.19267904497415989,0.014616230570575622,-3.0381868820603826,2.842170943040401e-15,0.0,0.0,0.0,0.0,0.0,True,2,0.700621987759531,-8.529471654803102,-7.6240688147164475,49.64521269971594,2.6195805790078786,0.37522915312883953,0.0819933204835276,24.527959549250124,15.113822058794819,-23.571661699564025,-0.32396773040999294,2.947002578382334,0.7372305493168964,True,-0.5781962329914478,-33.15178877667128,73.11187090753613,16.168023287984045,41.21503680122368,-0.891067143659393
2026-07-27T21:54:43.483+00:00,329.700000,103131.400000,1.217946,4095,2,02,80,FFFFFFFF,32,2.94293247,3.05978781,2.20740283,1.36004490,1.10685274,0.48114902,2.20808711,1.20006127,1.04628762,1.49804655,2.20756493,0.89186685,1.01117501,0.96002649,2.20768125,0.63978113,1.99168404,0.98222021,2.20783706,1.00852119,0.76791141,0.81120694,2.20759125,1.17498045,1.82175057,1.37016653,2.20768178,1.16558029,1.07352509,0.80973035,2.20559367,0.71331599,SD 02 80 FFFFFFFF 9234CA 94A40E 7FECBC 61869B 556DBD 2DC525 7FF1D0 5A1749 524192 676C78 7FEDF0 499B4B 505CBB 4D873F 7FEECD 3978F4 795967 4EC4E5 7FEFF5 5037A8 4203B6 44BCB2 7FEE22 58DC96 73AC82 61F94D 7FEECE 58656F 53B287 44A541 7FDF4D 3E7763 7CB7BC 000FFF 02 0FBC92,2026-07-27T21:54:43.305+00:00,serial_request_midpoint,356.3467,True,matched,86.90275,86.90275,2026-07-27T21:54:43.392+00:00,205.849845,1785189283323.612,6178,False,,,,,,,,,,,,,,False,,,,,,,,,,,,,,True,0.750213335785602,-7.741234001333955,-9.523466652178318,45.32213854189729,0.05320970943251739,-0.7524141726921139,-2.759920810310982,24.61866214394965,17.21271621254574,-27.640300881873735,0.523937990822754,-0.11835542137264081,0.2226407001866179,False,,,,,,,,,,,,,,False,,,,,,,,,,,,,,False,,,,,,,,,,,,,,True,0.11451545178641061,11.23927489404435,9.398621831096039,76.11235139461536,0.200665310529176,0.02260596732995303,-3.0368161073673448,0.0,0.0,-1.1368683772161604e-14,0.0,0.0,0.0,True,2,0.7502133357855925,-8.484428426130222,-7.067244337846861,49.67591357327579,2.6193991890286705,0.37834340703319286,0.07907282301321082,24.539642985012705,14.658960113209995,-23.27993291667294,-0.32753563845163747,2.9371816188557496,0.7412114042438527,True,-0.4284646909299298,-32.57552081419237,73.12800504153518,15.964111391569134,40.64139343893433,-0.5435143091549776
2026-07-27T21:54:44.040+00:00,330.300000,103132.000000,1.217946,4095,2,02,80,FFFFFFFF,32,2.94525237,3.06171566,2.20454169,1.36084841,1.10682011,0.48112616,2.20496432,1.20000262,1.04662082,1.49801354,2.20654989,0.89196390,1.01123517,0.96011105,2.20760967,0.63981552,1.99192641,0.98225402,2.20770810,1.00869051,0.76796953,0.81134160,2.20508944,1.17540171,1.82193953,1.37099155,2.20683083,1.16559965,1.07385952,0.80975863,2.20524874,0.71345105,SD 02 80 FFFFFFFF 924170 94AE1B 7FD77C 618FBC 556D4F 2DC4B0 7FDAA0 5A168E 52461F 676C1F 7FE667 499CC1 505D92 4D8877 7FEE45 397991 795B64 4EC560 7FEF00 503A06 4204A9 44BED5 7FDB8E 58E1E9 73AE31 62029F 7FE87D 5865AE 53B705 44A5B4 7FDCBD 3E79AD 7CB7BC 000FFF 02 0FBC98,2026-07-27T21:54:43.861+00:00,serial_request_midpoint,356.3066,True,matched,37.2835,37.2835,2026-07-27T21:54:43.899+00:00,206.356735,1785189283823.616,6193,False,,,,,,,,,,,,,,False,,,,,,,,,,,,,,True,0.6863554190676094,-7.899761520201613,-8.832138637883855,45.19848832795254,0.04861814903047227,-0.7543674008519065,-2.7589143907559186,24.74040264222292,16.276753524617412,-28.003196634422892,0.5177118604147867,-0.11991595076913485,0.22205585625109772,False,,,,,,,,,,,,,,False,,,,,,,,,,,,,,False,,,,,,,,,,,,,,True,0.08594424499457681,11.25310613263285,9.411335152656498,76.20723829749312,0.1993750491632007,0.01083415230209824,-3.0361199106416032,0.0,0.0,0.0,0.0,0.0,0.0,True,2,0.6863554190675946,-8.629359055675208,-6.367321495114751,49.549705045970924,2.617941981884973,0.37889023026072655,0.07470537030198217,24.6493004583692,13.749124209823401,-23.627866535183365,-0.32643302208502023,2.93805849267248,0.7316930450443553,True,-0.5111915359987833,-31.832715581074428,73.0269360347692,16.067002042425017,39.87863819585984,-1.0632046169237128
2026-07-27T21:54:44.597+00:00,331.400000,103133.100000,1.218557,4095,2,02,80,FFFFFFFF,32,2.95076962,3.06669953,2.20450910,1.36291024,1.10699132,0.48113534,2.20469570,1.20011522,1.04745626,1.49805211,2.20697605,0.89223512,1.01149350,0.96036666,2.20781600,0.63988101,1.99249983,0.98260613,2.20760757,1.00925474,0.76813194,0.81159792,2.20773021,1.17614960,1.82224515,1.37261884,2.20763230,1.16606592,1.07478146,0.80982701,2.20803236,0.71363916,SD 02 80 FFFFFFFF 925F79 94C80E 7FD73E 61A724 556F90 2DC4DF 7FD8A1 5A17F5 525187 676C87 7FE991 49A0D6 50612D 4D8C26 7FEFCD 397ABC 796018 4ECA61 7FEE41 5041E9 420750 44C2E6 7FEF2A 58EB5C 73B0EA 6214FE 7FEE70 586B9B 53C366 44A6CA 7FF168 3E7CDD 7CC7BC 000FFF 02 0FBCA3,2026-07-27T21:54:44.418+00:00,serial_request_midpoint,356.9461,True,matched,73.82395,73.82395,2026-07-27T21:54:44.492+00:00,206.950219,1785189284423.611,6211,False,,,,,,,,,,,,,,False,,,,,,,,,,,,,,True,0.6318374115665123,-7.870164078538681,-8.432684617646618,45.159898038158175,0.051508727836126776,-0.7548532121554082,-2.7580574460544174,24.522401853256913,15.881927729695079,-28.203909732646945,0.5181958243921582,-0.11255297475399306,0.22215959837383167,False,,,,,,,,,,,,,,False,,,,,,,,,,,,,,False,,,,,,,,,,,,,,True,0.0814423246872904,11.255299838865605,9.41024078305469,76.2225925181972,0.19154421734559343,0.009571352234030689,-3.037405577359436,0.0,0.0,0.0,0.0,0.0,0.0,True,2,0.6318374115665057,-8.610522773001874,-5.967827677479816,49.50927409047683,2.617300161044351,0.37977348661968635,0.07742200632130007,24.46688508202116,13.355874459195359,-23.827073484950677,-0.3275010955029096,2.944892037837926,0.7340212197921842,True,-0.5053268682263564,-31.418944671958787,73.0064602584141,15.991543077895198,39.47755669210085,-1.2129714694304312
2026-07-27T21:54:45.156+00:00,332.000000,103133.700000,1.216726,4095,2,02,80,FFFFFFFF,32,2.95610001,3.07179816,2.20761599,1.36531022,1.10731747,0.48113222,2.20804710,1.20038214,1.04819650,1.49811219,2.20799551,0.89254844,1.01185573,0.96062096,2.20790549,0.63998967,1.99331640,0.98292450,2.20783969,1.00972355,0.76831901,0.81176266,2.20747072,1.17652878,1.82250652,1.37372762,2.20480293,1.16650710,1.07564364,0.80987349,2.20484709,0.71377726,SD 02 80 FFFFFFFF 927C6E 94E28D 7FEE51 61C25A 5573DB 2DC4CF 7FF184 5A1B48 525BA1 676D29 7FF122 49A58D 50663B 4D8FD0 7FF077 397CAC 7966CA 4ECEE7 7FEFFA 504876 420A5E 44C583 7FED3D 58F026 73B33E 622180 7FD96D 587136 53CEF8 44A787 7FD9C1 3E7F34 7C97BD 000FFF 02 0FBCA9,2026-07-27T21:54:44.977+00:00,serial_request_midpoint,359.0753,True,matched,20.87575,20.87575,2026-07-27T21:54:44.998+00:00,207.455487,1785189284923.601,6226,False,,,,,,,,,,,,,,False,,,,,,,,,,,,,,True,0.634779898843846,-7.929863388317986,-8.210364437821829,45.14037968681059,0.045992960881949894,-0.757347227119162,-2.7578409751292328,24.661303620803555,15.828481941409995,-27.927431823369528,0.5251337305678101,-0.1216360200709693,0.22355976794127402,False,,,,,,,,,,,,,,False,,,,,,,,,,,,,,False,,,,,,,,,,,,,,True,0.07255909551832943,11.242591706719079,9.402003886554255,76.13850273855768,0.19836407275354648,0.01888105546192424,-3.037244958184961,-2.842170943040401e-15,0.0,-1.1368683772161604e-14,0.0,0.0,0.0,True,2,0.6347798988438584,-8.65254779912936,-5.7348997573051905,49.48670283359975,2.6157760744217793,0.37907653314653644,0.07218777034887702,24.568594344568538,13.26801574306501,-23.57127056881718,-0.3285107448213136,2.9334568126998937,0.7422169752148948,True,-0.5029022212732557,-31.144580376223455,73.0133414063336,15.915878436828347,39.21424045467828,-0.8227487406508999
2026-07-27T21:54:45.713+00:00,333.100000,103134.800000,1.218557,4095,2,02,80,FFFFFFFF,32,2.95864432,3.07419867,2.20705709,1.36656282,1.10753385,0.48114355,2.20728758,1.20053962,1.04854985,1.49808734,2.20528870,0.89270707,1.01199404,0.96074216,2.20720917,0.64003260,1.99386017,0.98319480,2.20721443,1.00997548,0.76841112,0.81183261,2.20744914,1.17655661,1.82261704,1.37412081,2.20509837,1.16658152,1.07595696,0.80987964,2.20695027,0.71372907,SD 02 80 FFFFFFFF 928A3B 94EF02 7FEA2B 61D08A 5576B4 2DC509 7FEBE1 5A1D3E 526073 676CE6 7FDD09 49A7F0 506829 4D918F 7FEB4C 397D70 796B3F 4ED2BE 7FEB56 504BFB 420BDF 44C69F 7FED14 58F080 73B43A 6225EF 7FDB9F 587228 53D32C 44A7A0 7FE960 3E7E63 7CC7BD 000FFF 02 0FBCB4,2026-07-27T21:54:45.535+00:00,serial_request_midpoint,356.4772,True,matched,59.0982,59.0982,2026-07-27T21:54:45.593+00:00,208.051665,1785189285523.586,6244,False,,,,,,,,,,,,,,False,,,,,,,,,,,,,,True,0.6292143245495971,-7.83455583905174,-7.983387830228372,45.0980800372354,0.05228653284640477,-0.7602275334709077,-2.755875291587161,24.556653458767187,15.2729295581701,-28.280060912591928,0.5164848145844841,-0.11479008492023714,0.22362124695613073,False,,,,,,,,,,,,,,False,,,,,,,,,,,,,,False,,,,,,,,,,,,,,True,0.08551514263436669,11.260409828900812,9.4109442559664,76.22480407009189,0.19676120840329436,0.001706770571096193,-3.0367839409614374,0.0,0.0,0.0,0.0,0.0,0.0,True,2,0.6292143245495997,-8.580988244238196,-5.502302650893105,49.43717879573116,2.613203332596312,0.38037657555126514,0.07808122705765938,24.491274713543355,12.753324626156433,-23.899645447723977,-0.32940496917211903,2.9431231493432097,0.7309501333173312,True,-0.47509724313858187,-30.85493261640418,73.04035654031273,15.937122981994401,38.90240937863962,-1.3469700079177642
2026-07-27T21:54:46.270+00:00,334.300000,103136.000000,1.217947,4095,2,02,80,FFFFFFFF,32,2.95560915,3.07203217,2.20532551,1.36596469,1.10755700,0.48113417,2.20767283,1.20039751,1.04814525,1.49809884,2.20777600,0.89261308,1.01183753,0.96062476,2.20555844,0.64001201,1.99363569,0.98305813,2.20725548,1.00959354,0.76829365,0.81161959,2.20782179,1.17581998,1.82229251,1.37285668,2.20520300,1.16597893,1.07530768,0.80982332,2.20688292,0.71351214,SD 02 80 FFFFFFFF 9279C4 94E3C4 7FDD4F 61C9C4 557702 2DC4D9 7FEEBD 5A1B79 525AEE 676D05 7FEF81 49A686 5065FA 4D8FDE 7FDF0A 397D12 796968 4ED0CD 7FEBA4 5046A5 4209F4 44C33E 7FEFD8 58E732 73B156 6217AD 7FDC66 586A80 53CA76 44A6BB 7FE8E0 3E7AB6 7CB7BD 000FFF 02 0FBCC0,2026-07-27T21:54:46.092+00:00,serial_request_midpoint,356.4481,True,matched,93.15375,93.15375,2026-07-27T21:54:46.184+00:00,208.642538,1785189286123.594,6262,False,,,,,,,,,,,,,,False,,,,,,,,,,,,,,True,0.5877171151969885,-7.699846628440969,-7.38748236739534,45.03524300952382,0.06871296009205334,-0.7619215430234638,-2.7523891304697434,24.28421770304459,14.906931181880418,-28.30172840101914,0.5258884013047692,-0.10147602258370166,0.22587357570663152,False,,,,,,,,,,,,,,False,,,,,,,,,,,,,,False,,,,,,,,,,,,,,True,0.11135501278714102,11.254332203210838,9.40966368775269,76.20450104392407,0.19231574653904415,0.012412092690797261,-3.0370875169631093,0.0,0.0,0.0,0.0,0.0,0.0,True,2,0.5877171151969981,-8.505352638406745,-4.909844302205498,49.36573865726286,2.6106280817471257,0.3839474769734038,0.09353841487433003,24.29112334220959,12.353688657954669,-23.940349284796792,-0.33450556267595744,2.951983446521075,0.7477593999881911,True,-0.5063726234507626,-30.213183754490295,73.0581139289601,15.8715755543722,38.2768124281706,-1.0782806169238826
2026-07-27T21:54:46.826+00:00,334.800000,103136.500000,1.217336,4095,2,02,80,FFFFFFFF,32,2.94890841,3.06590814,2.20726337,1.36321428,1.10734299,0.48113398,2.20802394,1.20008824,1.04730230,1.49806138,2.20761915,0.89227587,1.01153017,0.96031489,2.20542488,0.63990358,1.99285853,0.98268723,2.20711339,1.00909571,0.76815969,0.81145338,2.20773336,1.17546724,1.82201757,1.37178408,2.20771284,1.16536088,1.07466826,0.80979503,2.20772494,0.71342432,SD 02 80 FFFFFFFF 925559 94C3F0 7FEBB3 61AA97 557431 2DC4D8 7FF158 5A179F 524F6D 676CA0 7FEE57 49A173 5061B0 4D8B67 7FDE0C 397B23 796309 4ECB88 7FEA96 503FB0 4207C4 44C09B 7FEF30 58E2BD 73AEE3 620B92 7FEF09 5862A5 53C1E1 44A648 7FEF20 3E7939 7CA7BD 000FFF 02 0FBCC5,2026-07-27T21:54:46.648+00:00,serial_request_midpoint,355.9787,True,matched,44.04115,44.04115,2026-07-27T21:54:46.692+00:00,209.150085,1785189286623.601,6277,False,,,,,,,,,,,,,,False,,,,,,,,,,,,,,True,0.548024313579035,-7.7249359127216,-7.133541058828918,45.065914829235766,0.06805192572473683,-0.7588939445131264,-2.751509463984342,24.326352916026728,14.685827262958139,-28.19086885008727,0.5249460119683308,-0.10381716680394397,0.22782800077413928,False,,,,,,,,,,,,,,False,,,,,,,,,,,,,,False,,,,,,,,,,,,,,True,0.07903516021599735,11.249835797649649,9.406911054218948,76.18731482265851,0.19505146509357688,0.014524551157561459,-3.0368199672863345,-2.842170943040401e-15,0.0,0.0,0.0,0.0,0.0,True,2,0.5480243135790459,-8.529205506723779,-4.6646211543646725,49.40161636101662,2.6122529446783807,0.3863459379083012,0.09294822404974024,24.32405006952856,12.135699208283711,-23.827663096419048,-0.3371423302658399,2.9497559207114374,0.7457706590292426,True,-0.46655884716180795,-29.997360124531156,73.04093487582603,15.808819130993246,38.06488512147888,-1.0079462998739928
2026-07-27T21:54:47.382+00:00,336.000000,103137.700000,1.219778,4095,2,02,80,FFFFFFFF,32,2.94805221,3.06491586,2.20750335,1.36245170,1.10710052,0.48113691,2.20751020,1.19992579,1.04710029,1.49806880,2.20780653,0.89214557,1.01142745,0.96021866,2.20796761,0.63988627,1.99244362,0.98246566,2.20760599,1.00884475,0.76804487,0.81138198,2.20498797,1.17531300,1.82180493,1.37114511,2.20677454,1.16485826,1.07416261,0.80976208,2.20779074,0.71332060,SD 02 80 FFFFFFFF 9250B0 94BEC6 7FED7B 61A1F0 557100 2DC4E7 7FED88 5A1599 524CAB 676CB4 7FEFBB 499F7D 506041 4D8A04 7FF0ED 397AD4 795FA2 4EC862 7FEE3E 503C2E 4205E4 44BF79 7FDACD 58E0CA 73ACFE 62045B 7FE812 585C41 53BB17 44A5C2 7FEF9D 3E7777 7CE7BD 000FFF 02 0FBCD1,2026-07-27T21:54:47.204+00:00,serial_request_midpoint,355.5334,True,matched,78.4325,78.4325,2026-07-27T21:54:47.283+00:00,209.740451,1785189287223.601,6295,False,,,,,,,,,,,,,,False,,,,,,,,,,,,,,True,0.5141640231246495,-7.742396499322656,-6.712488047168492,45.05895795876913,0.06878635501334616,-0.7634046241186833,-2.7507581864362622,24.289684763364953,14.372194987526962,-28.12135633999053,0.5311870115173623,-0.10381067593237867,0.2286738833273339,False,,,,,,,,,,,,,,False,,,,,,,,,,,,,,False,,,,,,,,,,,,,,True,0.11543928412809666,11.247170602786754,9.401434019460863,76.15714623347323,0.19538754824875781,0.019239601890626876,-3.037715217274637,0.0,0.0,0.0,0.0,0.0,0.0,True,2,0.5141640231246636,-8.550537937887398,-4.230177214431292,49.38628546512233,2.6091610472080267,0.3854350913007249,0.09357608880309613,24.29241243110359,11.795282047495693,-23.773916258561105,-0.33844504720574997,2.947294033688205,0.7549928593793688,True,-0.5205662944436042,-29.493393129732663,73.11097285514921,15.754645016223316,37.57300769585354,-0.7916034354453473
2026-07-27T21:54:47.939+00:00,336.600000,103138.300000,1.219167,4095,2,02,80,FFFFFFFF,32,2.94581081,3.06266024,2.20766546,1.36138050,1.10691001,0.48113085,2.20814449,1.19968151,1.04675841,1.49804506,2.20765546,0.89197818,1.01125113,0.96008828,2.20785969,0.63983961,1.99194736,0.98227518,2.20776179,1.00860110,0.76795900,0.81128252,2.20799446,1.17514146,1.82168481,1.37058902,2.20767073,1.16437113,1.07369375,0.80969395,2.20753914,0.71323186,SD 02 80 FFFFFFFF 92447B 94B307 7FEEAF 6195C7 556E7E 2DC4C8 7FF23D 5A128E 524800 676C74 7FEE9C 499CF8 505DCB 4D8823 7FF020 3979FF 795B90 4EC5AD 7FEF66 5038C6 42047D 44BDE5 7FF120 58DE9F 73ABEC 61FE13 7FEEB9 58560F 53B4CB 44A4AD 7FEDBF 3E75F6 7CD7BD 000FFF 02 0FBCD7,2026-07-27T21:54:47.761+00:00,serial_request_midpoint,356.3623,True,matched,35.67025,35.67025,2026-07-27T21:54:47.796+00:00,210.254171,1785189287723.603,6310,False,,,,,,,,,,,,,,False,,,,,,,,,,,,,,True,0.48637353960699115,-7.769370763737221,-5.990408252614975,45.10472309351738,0.07442007002695267,-0.7571281515348225,-2.7489327980546348,24.234227101991813,13.449413952958746,-28.256154601906786,0.520438732890299,-0.09804544077750516,0.23113029615639322,False,,,,,,,,,,,,,,False,,,,,,,,,,,,,,False,,,,,,,,,,,,,,True,0.03193002424873486,11.252447920496184,9.407480193175429,76.2121212031465,0.19442255006319115,0.008708784883488911,-3.0376836124342734,2.842170943040401e-15,0.0,0.0,0.0,0.0,0.0,True,2,0.4863735396070046,-8.59798210028981,-3.5301529160135288,49.4407662094318,2.612350689733601,0.39028075553713776,0.09897749366753837,24.26092543333582,10.922287774031032,-23.879667032372303,-0.34282532254046993,2.9563191767369315,0.7402577818459013,True,-0.5179253638712666,-28.861640864351397,73.07548042796253,15.728883739901224,36.934538745837735,-1.1609879630825843
2026-07-27T21:54:48.496+00:00,337.700000,103139.400000,1.218557,4095,2,02,80,FFFFFFFF,32,2.94589182,3.06271423,2.20519827,1.36102793,1.10677946,0.48110468,2.20512519,1.19957271,1.04673839,1.49802281,2.20470884,0.89191901,1.01119264,0.96006985,2.20725021,0.63981136,1.99167356,0.98218778,2.20749335,1.00859104,0.76794417,0.81130221,2.20542804,1.17531021,1.82170410,1.37067097,2.20479347,1.16416324,1.07353410,0.80970871,2.20684504,0.71325952,SD 02 80 FFFFFFFF 9244EC 94B34F 7FDC5D 6191C6 556CC6 2DC442 7FDBD2 5A1133 5247BA 676C38 7FD8BA 499C14 505CFA 4D87DF 7FEB9A 39797E 795951 4EC46F 7FED68 5038A2 42043F 44BE35 7FDE12 58E0C1 73AC18 61FF00 7FD95B 58536A 53B2A6 44A4E9 7FE898 3E766E 7CC7BD 000FFF 02 0FBCE2,2026-07-27T21:54:48.317+00:00,serial_request_midpoint,356.4992,True,matched,80.3868,80.3868,2026-07-27T21:54:48.397+00:00,210.855552,1785189288323.616,6328,False,,,,,,,,,,,,,,False,,,,,,,,,,,,,,True,0.5449852593652604,-7.735807681031143,-5.683650160889557,44.93673317590493,0.07438510686774945,-0.768861340253764,-2.749939176236927,24.215122178935456,13.36374166235592,-28.20762887040388,0.5361854262631187,-0.10088012460208588,0.22764239701840341,False,,,,,,,,,,,,,,False,,,,,,,,,,,,,,False,,,,,,,,,,,,,,True,0.06814273800471882,11.241139760632636,9.400731580453588,76.12918343437558,0.1961222382320441,0.02086946075890049,-3.036906127496992,0.0,0.0,0.0,0.0,0.0,0.0,True,2,0.5449852593652413,-8.563945838127532,-3.1878268412082345,49.25249221644586,2.6053334055595783,0.38411559030195697,0.09877692691315343,24.233556559649305,10.766742257304253,-23.872196111141687,-0.33729192448990747,2.948386664087581,0.7631024507797008,True,-0.631969912790062,-28.37281462006549,73.0930346438074,15.774668605388792,36.436807282963535,-0.7406961405855327
2026-07-27T21:54:49.052+00:00,338.300000,103140.000000,1.218557,4095,2,02,80,FFFFFFFF,32,2.94795534,3.06441086,2.20702446,1.36174346,1.10678331,0.48112109,2.20542383,1.19955860,1.04707311,1.49803542,2.20500900,0.89202904,1.01131745,0.96016309,2.20728337,0.63982713,1.99191879,0.98224412,2.20758388,1.00873242,0.76795805,0.81139306,2.20524874,1.17553648,1.82180011,1.37099846,2.20701657,1.16409231,1.07367892,0.80970010,2.20770494,0.71325883,SD 02 80 FFFFFFFF 925029 94BC25 7FE9ED 6199E6 556CD3 2DC496 7FDE0A 5A1106 524C4C 676C5A 7FDAF5 499DBC 505EB8 4D8937 7FEBD9 3979C6 795B54 4EC53C 7FEE14 503A9C 420479 44BFA6 7FDCBD 58E39D 73ACF3 6202B3 7FE9DE 585283 53B498 44A4C6 7FEEFA 3E766B 7CC7BD 000FFF 02 0FBCE8,2026-07-27T21:54:48.874+00:00,serial_request_midpoint,356.5602,True,matched,39.1761,39.1761,2026-07-27T21:54:48.913+00:00,211.371091,1785189288856.956,6344,False,,,,,,,,,,,,,,False,,,,,,,,,,,,,,True,0.5446270724995065,-7.802995697028669,-5.330872425496816,44.89578988825115,0.08446421639645338,-0.7689724340607834,-2.7470561431483436,24.215986199466805,12.849146191592627,-28.432609636966845,0.5318679116525034,-0.09119732811538676,0.22912135672709177,False,,,,,,,,,,,,,,False,,,,,,,,,,,,,,False,,,,,,,,,,,,,,True,0.08022931988768718,11.248742910613714,9.40850708770219,76.1961059222113,0.19314199652307132,0.012747429867107809,-3.0367465651104024,2.842170943040401e-15,0.0,0.0,0.0,0.0,0.0,True,2,0.5446270724994882,-8.668240488106905,-2.8400976484292166,49.20718357201467,2.6040396817618086,0.38755020192761847,0.10826893819559938,24.279830348581672,10.276043269631524,-24.08338116371102,-0.34073559326807246,2.95895493137444,0.7588601278175927,True,-0.7745983960514835,-27.99904842586154,73.08790644703285,15.920510451276584,36.04217638891119,-1.0226034303771372
2026-07-27T21:54:49.610+00:00,339.500000,103141.200000,1.218557,4095,2,02,80,FFFFFFFF,32,2.94827108,3.06470275,2.20701657,1.36194991,1.10677560,0.48109433,2.20552374,1.19952129,1.04705251,1.49805916,2.20725390,0.89198622,1.01131046,0.96016065,2.20776284,0.63983567,1.99188498,0.98221197,2.20726705,1.00866732,0.76794561,0.81133890,2.20769441,1.17540109,1.82169533,1.37058902,2.20525400,1.16377977,1.07348728,0.80968387,2.20499376,0.71319683,SD 02 80 FFFFFFFF 9251E1 94BDAA 7FE9DE 619C3E 556CB9 2DC40D 7FDEC8 5A108F 524C04 676C9A 7FEBA1 499D17 505E9F 4D892E 7FEF68 3979ED 795B0D 4EC4C7 7FEBBA 5039B3 420445 44BECA 7FEEE6 58E1E7 73AC04 61FE13 7FDCC7 584E89 53B205 44A484 7FDAD8 3E755E 7CC7BD 000FFF 02 0FBCF4,2026-07-27T21:54:49.432+00:00,serial_request_midpoint,356.7476,True,matched,76.7689,76.7689,2026-07-27T21:54:49.508+00:00,211.96653,1785189289456.956,6362,False,,,,,,,,,,,,,,False,,,,,,,,,,,,,,True,0.46173599945044574,-8.082231752919096,-4.778949496073553,44.836466354743756,0.06931664102021096,-0.7737568627915097,-2.7453569779862153,24.434602596783034,12.283133338741957,-28.45540284369535,0.5353107227089198,-0.10167478398425275,0.22996228121071935,False,,,,,,,,,,,,,,False,,,,,,,,,,,,,,False,,,,,,,,,,,,,,True,0.06444694592856984,11.249077301098145,9.409926748195055,76.18309936149453,0.1925613993342312,0.013302016432914395,-3.036685356043593,-2.842170943040401e-15,1.4210854715202005e-15,0.0,0.0,0.0,0.0,True,2,0.4617359994504544,-8.900549884965931,-2.264867358039372,49.14349196185835,2.600881502235222,0.38805989220108217,0.09389821582894275,24.451780727800738,9.68980211492802,-24.11776970824389,-0.34067340844441546,2.9475470402904453,0.7615449770285335,True,-0.827690192890364,-27.320842804165874,73.07251922097016,15.909454439986979,35.3627213101788,-1.0201248863405454
2026-07-27T21:54:50.168+00:00,340.000000,103141.700000,1.218557,4095,2,02,80,FFFFFFFF,32,2.94678890,3.06334940,2.20689345,1.36128969,1.10671626,0.48111620,2.20794129,1.19933476,1.04684108,1.49798684,2.20542646,0.89190941,1.01121251,0.96008286,2.20723232,0.63979778,1.99161976,0.98210863,2.20746914,1.00854131,0.76790351,0.81128941,2.20735336,1.17527652,1.82157916,1.37023325,2.20763283,1.16349030,1.07326457,0.80962730,2.20758388,0.71312331,SD 02 80 FFFFFFFF 9249CF 94B69E 7FE8F4 6194BF 556BF1 2DC47D 7FF0BB 5A0E3C 524921 676BD7 7FDE0F 499BEF 505D41 4D880F 7FEB78 397940 7958E0 4EC34F 7FED3A 5037F0 420395 44BE01 7FEC5E 58E054 73AAFB 61FA0E 7FEE71 584ADA 53AF07 44A39E 7FEE14 3E741F 7CC7BD 000FFF 02 0FBCF9,2026-07-27T21:54:49.989+00:00,serial_request_midpoint,357.6109,True,matched,26.85245,26.85245,2026-07-27T21:54:50.016+00:00,212.473971,1785189289956.987,6377,False,,,,,,,,,,,,,,False,,,,,,,,,,,,,,True,0.4865326151500847,-8.081708960411465,-4.334509327201182,44.73350195369086,0.07237357616686116,-0.7781128210319348,-2.7444338134287674,24.448236659345955,11.930168718427637,-28.44813012170228,0.5403169664099088,-0.10187675198191612,0.23200285692247682,False,,,,,,,,,,,,,,False,,,,,,,,,,,,,,False,,,,,,,,,,,,,,True,0.12032853706749976,11.246276706392754,9.40284580148386,76.15093903813556,0.19627116002024766,0.01669237262899803,-3.0379014103163393,-2.842170943040401e-15,0.0,0.0,0.0,0.0,0.0,True,2,0.48653261515007834,-8.911709938539085,-1.8088743476166216,49.03152350489849,2.597774874709181,0.38735814907865324,0.09671291683082231,24.470311465011385,9.31557533636095,-24.123302139244817,-0.34373605033195864,2.9450909865354205,0.7688429938571615,True,-0.8935615787281108,-26.797117795436527,73.04960629692613,15.865711685101896,34.85538304829078,-0.9015365001427768
2026-07-27T21:54:50.724+00:00,341.100000,103142.800000,1.217947,4095,2,02,80,FFFFFFFF,32,2.94574628,3.06253278,2.20735231,1.36078445,1.10662459,0.48109511,2.20767073,1.19925544,1.04669119,1.49801095,2.20757862,0.89181184,1.01114478,0.96002296,2.20779916,0.63978025,1.99130983,0.98198552,2.20767389,1.00837899,0.76784779,0.81124657,2.20788812,1.17516248,1.82151647,1.36989483,2.20778969,1.16309226,1.07300787,0.80961255,2.20770915,0.71306132,SD 02 80 FFFFFFFF 924421 94B25D 7FEC5C 618F02 556ABC 2DC411 7FEEB9 5A0D3F 524715 676C18 7FEE0A 499A77 505C4F 4D8732 7FEFAD 3978F0 795655 4EC18F 7FEEBF 5035AB 4202AC 44BD53 7FF056 58DEE3 73AA6C 61F63B 7FEF9B 5845C9 53AB94 44A362 7FEF02 3E7312 7CB7BD 000FFF 02 0FBD04,2026-07-27T21:54:50.546+00:00,serial_request_midpoint,355.6314,True,matched,56.7469,56.7469,2026-07-27T21:54:50.603+00:00,213.060886,1785189290523.706,6394,False,,,,,,,,,,,,,,False,,,,,,,,,,,,,,True,0.49360491523706473,-8.206186482902766,-3.5367341869667945,44.61867938605587,0.07535267689932611,-0.7835493357372686,-2.7454410851220272,24.486977466376864,11.083831442849469,-28.613854509886544,0.5435382230496087,-0.09891824155859473,0.22832972197786477,False,,,,,,,,,,,,,,False,,,,,,,,,,,,,,False,,,,,,,,,,,,,,True,0.0898744621701589,11.246322477578056,9.406895866020994,76.16671246260606,0.19429072258125255,0.01556119770054114,-3.036942177801552,0.0,0.0,-1.1368683772161604e-14,0.0,0.0,0.0,True,2,0.49360491523706346,-9.044903480762237,-0.9965038577738131,48.90639517464935,2.594637496333794,0.38371536977174026,0.09944445144289402,24.52022074843572,8.456486359639547,-24.296832885023548,-0.33860932262057614,2.9473290794807867,0.7744265848419709,True,-1.1473231457034914,-25.92605252950174,73.02520821773649,16.07490647681822,33.949293087264365,-0.965206565074709
2026-07-27T21:54:51.281+00:00,342.300000,103144.000000,1.220388,4095,2,02,80,FFFFFFFF,32,2.94546240,3.06190605,2.20758914,1.36050695,1.10649702,0.48109765,2.20522771,1.19913476,1.04666201,1.49801095,2.20485497,0.89177265,1.01111204,0.95998394,2.20473827,0.63976251,1.99122842,0.98192617,2.20469359,1.00835888,0.76783081,0.81125938,2.20484130,1.17525829,1.82149894,1.36990002,2.20461370,1.16291674,1.07292618,0.80958476,2.20691975,0.71308806,SD 02 80 FFFFFFFF 924295 94AF19 7FEE1E 618BDB 55690E 2DC41E 7FDC95 5A0BBE 5246AF 676C18 7FD9D0 4999E0 505BDA 4D86A2 7FD8F2 39789F 7955AA 4EC0B7 7FD89D 503563 420265 44BD87 7FD9B6 58E019 73AA44 61F64A 7FD805 58438D 53AA7B 44A2F1 7FE926 3E7386 7CF7BD 000FFF 02 0FBD10,2026-07-27T21:54:51.103+00:00,serial_request_midpoint,356.5195,True,matched,12.40675,12.40675,2026-07-27T21:54:51.115+00:00,213.572807,1785189291057.088,6410,False,,,,,,,,,,,,,,False,,,,,,,,,,,,,,True,0.5361247282638707,-8.409886078109121,-3.0776900710073485,44.51773936468871,0.06273505552253796,-0.7920115828381648,-2.746262686618021,24.60254667165603,10.662815680594358,-28.777101555970763,0.5504218105475571,-0.10601173826580386,0.22613109087217412,False,,,,,,,,,,,,,,False,,,,,,,,,,,,,,False,,,,,,,,,,,,,,True,0.08134546606514621,11.253003219246942,9.406893830965569,76.21329842595966,0.19120821139972843,0.017366544387972842,-3.037873659177655,0.0,1.4210854715202005e-15,0.0,0.0,0.0,0.0,True,2,0.5361247282638639,-9.206581572104895,-0.5050758688142165,48.794146196877094,2.5899376109650043,0.3793078559076374,0.08748067773481367,24.603389366525924,8.002140151783852,-24.480413534003056,-0.3344389046430044,2.9383332719350554,0.7830237345727309,True,-1.2701987893015,-25.315082159146925,73.02323472555729,16.11965622825372,33.34341203831251,-0.9981324279485762
2026-07-27T21:54:51.836+00:00,342.900000,103144.600000,1.220998,4095,2,02,80,FFFFFFFF,32,2.94723934,3.06350766,2.20754756,1.36107849,1.10649880,0.48111444,2.20800972,1.19913194,1.04684852,1.49798314,2.20771968,0.89183701,1.01116213,0.96006795,2.20787022,0.63978245,1.99138362,0.98200421,2.20745230,1.00849381,0.76786692,0.81134234,2.20786180,1.17547744,1.82168174,1.37030377,2.20490386,1.16291183,1.07310554,0.80958107,2.20498009,0.71311824,SD 02 80 FFFFFFFF 924C43 94B771 7FEDCF 619259 556914 2DC474 7FF13D 5A0BB5 52493B 676BCD 7FEF16 499AD8 505C8D 4D87D8 7FF034 3978FA 7956F0 4EC1D3 7FED1A 503746 4202FC 44BED8 7FF024 58E2DE 73ABE5 61FADA 7FDA2D 58437D 53ACE4 44A2E2 7FDABE 3E7409 7D07BD 000FFF 02 0FBD16,2026-07-27T21:54:51.659+00:00,serial_request_midpoint,355.8089,True,matched,71.66045,71.66045,2026-07-27T21:54:51.730+00:00,214.188442,1785189291657.141,6428,False,,,,,,,,,,,,,,False,,,,,,,,,,,,,,True,0.45356018697762635,-8.594472569518404,-2.3537207685824892,44.47529278090733,0.05611477178160527,-0.7950876674589479,-2.7450044361097103,24.705891463237887,9.81574465853829,-28.8260401153945,0.549119440898632,-0.11019843806755657,0.22656718153728173,False,,,,,,,,,,,,,,False,,,,,,,,,,,,,,False,,,,,,,,,,,,,,True,0.10535542476038375,11.245422173886048,9.403013763944028,76.1900886123734,0.19109701087038553,0.012184896093841095,-3.0377871550606637,0.0,0.0,0.0,0.0,0.0,0.0,True,2,0.45356018697762335,-9.37141879920063,0.2319736930611888,48.74744234289189,2.587748997077751,0.3796981814528294,0.08122185189402506,24.686638876610147,7.15852585071096,-24.52725648301732,-0.3345594149933782,2.934787549657021,0.7801037235875714,True,-1.3527327211136069,-24.51321407382096,73.01568642224356,16.124357879210596,32.525276238158725,-1.1010610250553783
2026-07-27T21:54:52.394+00:00,344.000000,103145.700000,1.219167,4095,2,02,80,FFFFFFFF,32,2.94821941,3.06450315,2.20460897,1.36147166,1.10659017,0.48110917,2.20463630,1.19911877,1.04703706,1.49803950,2.20688029,0.89190214,1.01120159,0.96011159,2.20704920,0.63980303,1.99150502,0.98203114,2.20745862,1.00856589,0.76790136,0.81134727,2.20790970,1.17555998,1.82168568,1.37038640,2.20775126,1.16285415,1.07312763,0.80961968,2.20758757,0.71311018,SD 02 80 FFFFFFFF 925199 94BCA0 7FD7FC 6196D0 556A48 2DC459 7FD830 5A0B8B 524BCE 676C65 7FE8DB 499BD3 505D1A 4D8879 7FEA1C 397958 7957EF 4EC235 7FED26 503848 42038C 44BEEC 7FF07F 58E3E9 73ABEE 61FBC9 7FEF52 5842C1 53AD30 44A37F 7FEE1B 3E73E6 7CD7BB 000FFF 02 0FBD21,2026-07-27T21:54:52.216+00:00,serial_request_midpoint,356.8987,True,matched,18.78665,18.78665,2026-07-27T21:54:52.234+00:00,214.692428,1785189292157.156,6443,False,,,,,,,,,,,,,,False,,,,,,,,,,,,,,True,0.5186921162200444,-8.469192186479692,-1.9737338890540197,44.42145183462519,0.06584126744574594,-0.7991390926714365,-2.7377977354747474,24.665041142334182,9.488593052753254,-28.78803124682924,0.5548424102334886,-0.10741412869619942,0.23235829207227088,False,,,,,,,,,,,,,,False,,,,,,,,,,,,,,False,,,,,,,,,,,,,,True,0.12204871326108227,11.246874206351007,9.400799219306744,76.18692236950801,0.19619260035120334,0.01595178964015906,-3.0361825108643106,0.0,-1.4210854715202005e-15,0.0,0.0,0.0,0.0,True,2,0.5186921162200371,-9.288655405859059,0.6197309291672661,48.68092870450197,2.5825935200400054,0.38703096527259134,0.09023992419003955,24.67051007378625,6.8092677267294475,-24.502951454760165,-0.34361622977871986,2.9341733130165215,0.7890019429877849,True,-1.2228010515716647,-23.98865319985855,73.07233577391644,15.978515832978246,31.997905260465814,-0.932777716665737
2026-07-27T21:54:52.950+00:00,344.600000,103146.300000,1.219777,4095,2,02,80,FFFFFFFF,32,2.94838805,3.06494588,2.20719075,1.36166329,1.10662399,0.48111171,2.20557843,1.19911940,1.04715465,1.49801058,2.20699237,0.89191460,1.01125029,0.96012270,2.20740178,0.63978924,1.99157739,0.98205092,2.20522771,1.00861898,0.76793485,0.81136893,2.20506683,1.17554978,1.82159625,1.37038813,2.20714128,1.16271240,1.07318491,0.80960468,2.20796076,0.71309497,SD 02 80 FFFFFFFF 925284 94BEEE 7FEB29 6198FD 556ABA 2DC466 7FDF30 5A0B8D 524D69 676C17 7FE9B0 499C03 505DC8 4D88A2 7FECBA 397919 795887 4EC27D 7FDC95 503906 420418 44BF44 7FDB63 58E3C8 73AB22 61FBCE 7FEACB 5840F3 53ADF5 44A342 7FF0E0 3E73A4 7CE7BB 000FFF 02 0FBD27,2026-07-27T21:54:52.772+00:00,serial_request_midpoint,355.9993,True,matched,64.66245,64.66245,2026-07-27T21:54:52.837+00:00,215.295128,1785189292757.177,6461,False,,,,,,,,,,,,,,False,,,,,,,,,,,,,,True,0.4509809196237799,-8.81955358733396,-0.7915178991679015,44.47440335292954,0.04923119869840399,-0.7952396301546755,-2.7385602731646697,24.960226445794035,8.342437728997803,-28.5438363073004,0.5535718972636086,-0.1224793443479203,0.23380170887546584,False,,,,,,,,,,,,,,False,,,,,,,,,,,,,,False,,,,,,,,,,,,,,True,0.06895485440211861,11.234243080059823,9.39170979931068,76.12099677922501,0.201104470701302,0.01982223298337598,-3.03592610936954,0.0,0.0,1.1368683772161604e-14,0.0,0.0,0.0,True,2,0.4509809196238057,-9.583101323859454,1.79956224290497,48.745705414275065,2.585642270400225,0.38793474821921264,0.07468773088716532,24.895459784998135,5.660827108737711,-24.26067246397036,-0.3438319310574784,2.9201263632816334,0.7835302261073233,True,-1.3012023137170003,-22.85555454866372,73.01722534014822,15.926130748160858,30.860410617539923,-0.8063883703553983
2026-07-27T21:54:53.511+00:00,345.800000,103147.500000,1.219167,4095,2,02,80,FFFFFFFF,32,2.94744451,3.06402374,2.20734020,1.36134197,1.10657089,0.48112362,2.20752283,1.19905420,1.04693492,1.49802244,2.20738020,0.89184713,1.01118396,0.96008747,2.20492752,0.63978858,1.99143503,0.98197206,2.20465207,1.00845079,0.76788247,0.81128720,2.20675402,1.17532165,1.82149280,1.36977213,2.20747335,1.16238539,1.07293607,0.80954443,2.20517408,0.71300602,SD 02 80 FFFFFFFF 924D61 94BA21 7FEC45 619557 556A07 2DC4A3 7FEDA0 5A0ABD 524A69 676C37 7FEC91 499AFF 505CDB 4D8820 7FDA5A 397916 79575C 4EC15E 7FD84E 5036AC 42033D 44BDF8 7FE7EB 58E0E6 73AA36 61F4D8 7FED42 583CC9 53AA9D 44A24D 7FDC2F 3E7222 7CD7BD 000FFF 02 0FBD33,2026-07-27T21:54:53.331+00:00,serial_request_midpoint,359.5426,True,matched,18.4932,18.4932,2026-07-27T21:54:53.349+00:00,215.80711,1785189293290.535,6477,False,,,,,,,,,,,,,,False,,,,,,,,,,,,,,True,0.4894762694495869,-8.813643982237506,-0.46763908766214496,44.25824809860123,0.05589806750662285,-0.8102542315282081,-2.7319440117380367,24.89273351912624,7.896173854536229,-28.900469314320976,0.5598585619389418,-0.11501713647672936,0.2371362835480195,False,,,,,,,,,,,,,,False,,,,,,,,,,,,,,False,,,,,,,,,,,,,,True,0.054244881383224426,11.243562225544258,9.401815591468878,76.15710722645092,0.1979885111373627,0.011663434435137216,-3.037223460657572,0.0,1.4210854715202005e-15,0.0,0.0,0.0,0.0,True,2,0.4894762694495614,-9.609616253180949,2.1655558046272096,48.49775698081622,2.5739184661586907,0.389827082998955,0.08073156483567184,24.872003537873987,5.1922432525106865,-24.630919885332418,-0.3497999489401471,2.9241375482918466,0.7944169870967644,True,-1.3760554320609955,-22.203447219640914,73.07277442822159,15.920204468639264,30.219769088531933,-0.9864795518526194
2026-07-27T21:54:54.064+00:00,346.300000,103148.000000,1.221609,4095,2,02,80,FFFFFFFF,32,2.94475282,3.06152528,2.20451383,1.36019650,1.10643888,0.48110058,2.20720390,1.19888119,1.04656276,1.49803023,2.20746230,0.89169196,1.01100739,0.95988122,2.20760493,0.63974499,1.99102945,0.98173822,2.20715075,1.00816167,0.76777437,0.81117001,2.20775389,1.17495943,1.82135955,1.36894595,2.20482869,1.16182907,1.07233360,0.80950287,2.20449228,0.71288113,SD 02 80 FFFFFFFF 923EB7 94AD1D 7FD747 618854 55684A 2DC42D 7FEB42 5A0895 524554 676C4C 7FED2D 4998A9 505A64 4D8527 7FEE3C 39784F 795408 4EBE0B 7FEADD 5032A1 420179 44BC1C 7FEF57 58DC52 73A906 61EB81 7FD99E 5835B3 53A284 44A1A4 7FD71E 3E7004 7D17BD 000FFF 02 0FBD38,2026-07-27T21:54:53.888+00:00,serial_request_midpoint,354.0591,True,matched,71.40255,71.40255,2026-07-27T21:54:53.959+00:00,216.417292,1785189293890.584,6495,False,,,,,,,,,,,,,,False,,,,,,,,,,,,,,True,0.504457750459152,-8.936270788236023,0.2913606876182724,44.25819501547525,0.061772588951753096,-0.8071964653989996,-2.731610032730075,24.863294495486095,7.263930076944073,-28.9064837847831,0.5623854155416554,-0.1089199244095429,0.23788286200354922,False,,,,,,,,,,,,,,False,,,,,,,,,,,,,,False,,,,,,,,,,,,,,True,0.06829340694861961,11.239426990222935,9.39962845763832,76.14100504711817,0.19425167334820093,0.01787621941024592,-3.0378298164087836,0.0,1.4210854715202005e-15,0.0,0.0,0.0,0.0,True,2,0.5044577504591201,-9.751835235840804,2.912131019148305,48.50167708548414,2.575577214030922,0.3915001019912791,0.08627196448586597,24.8741003424937,4.552688540621313,-24.641536523362326,-0.3517229245012828,2.9287736937497755,0.7995675825195929,True,-1.5468939172931144,-21.501212871149697,73.0422331669055,15.99616344817577,29.517150136250507,-0.9027663683392916
2026-07-27T21:54:54.624+00:00,347.500000,103149.200000,1.217336,4095,2,02,80,FFFFFFFF,32,2.94177331,3.05870126,2.20430728,1.35871820,1.10629294,0.48112480,2.20690397,1.19868501,1.04608059,1.49802504,2.20754178,0.89149944,1.01082020,0.95971511,2.20535495,0.63969133,1.99047737,0.98147751,2.20478243,1.00780222,0.76764404,0.81103807,2.20727232,1.17460934,1.82116100,1.36807732,2.20524401,1.16120611,1.07168488,0.80948394,2.20732863,0.71271985,SD 02 80 FFFFFFFF 922E77 949E63 7FD5BE 617786 55665E 2DC4A9 7FE908 5A0623 523EBE 676C3E 7FEDC4 4995C3 5057C7 4D82C2 7FDD87 39775A 794F80 4EBA56 7FD946 502D9A 41FF58 44BA04 7FEBC4 58D7E5 73A741 61E1AE 7FDCB4 582DC3 5399CB 44A157 7FEC2F 3E6D48 7CA7BC 000FFF 02 0FBD44,2026-07-27T21:54:54.445+00:00,serial_request_midpoint,357.4748,True,matched,27.6341,27.6341,2026-07-27T21:54:54.472+00:00,216.930153,1785189294390.645,6510,False,,,,,,,,,,,,,,False,,,,,,,,,,,,,,True,0.4832722791032625,-9.149169374568219,0.8174677797184001,44.11319374925121,0.05627576538440096,-0.8100562610439278,-2.7310469506526056,25.05246373155852,6.642770306995968,-29.071481961884466,0.5623334120526196,-0.1127862311390051,0.2371089125179028,False,,,,,,,,,,,,,,False,,,,,,,,,,,,,,False,,,,,,,,,,,,,,True,0.08318771770123551,11.24451916869287,9.398871296758784,76.16565669846815,0.19422025981750887,0.01491098958940024,-3.0371112859799037,0.0,0.0,0.0,0.0,0.0,0.0,True,2,0.48327227910325427,-9.947679580808714,3.4500017730672914,48.35263577663765,2.5737281015185016,0.39104817435104866,0.08107877142620466,25.043869363165687,3.9295771503034644,-24.807770959660342,-0.35005886684498055,2.9252788845024855,0.7985913384432657,True,-1.6911809044691495,-20.910607836635236,72.92827908018964,16.128977893087757,28.89895736552947,-1.0880307318171958
2026-07-27T21:54:55.179+00:00,348.700000,103150.400000,1.217947,4095,2,02,80,FFFFFFFF,32,2.93942579,3.05670080,2.20729337,1.35746559,1.10608176,0.48113652,2.20790602,1.19840300,1.04566688,1.49798277,2.20794497,0.89128905,1.01064367,0.95956012,2.20798340,0.63963329,1.98991545,0.98124210,2.20768494,1.00750651,0.76754026,0.81094208,2.20776652,1.17445889,1.82103434,1.36747765,2.20753756,1.16064435,1.07112991,0.80944091,2.20799656,0.71263714,SD 02 80 FFFFFFFF 9221A6 9493F2 7FEBEC 616946 556396 2DC4E5 7FF078 5A029F 523917 676BCC 7FF0C2 499298 505550 4D8086 7FF10B 397651 794AE3 4EB6FD 7FEED4 502977 41FDA6 44B87E 7FEF6F 58D5FE 73A620 61DAE5 7FEDBC 58269A 539254 44A0A8 7FF124 3E6BE1 7CB7BD 000FFF 02 0FBD50,2026-07-27T21:54:55.001+00:00,serial_request_midpoint,355.3903,True,matched,62.43325,62.43325,2026-07-27T21:54:55.064+00:00,217.521837,1785189294990.689,6528,False,,,,,,,,,,,,,,False,,,,,,,,,,,,,,True,0.4298774383649642,-9.228003463575016,1.4757002393491752,44.013819615189995,0.06037142871749931,-0.8176427828923424,-2.72735265820956,25.057427291585054,5.929673248646281,-29.23253666363566,0.5663610779941256,-0.10894020814672437,0.2386311674795686,False,,,,,,,,,,,,,,False,,,,,,,,,,,,,,False,,,,,,,,,,,,,,True,0.084744395093355,11.246674100852205,9.4047772348484,76.19291537209048,0.19288754953139695,0.012033043669582619,-3.037216900904045,2.842170943040401e-15,1.4210854715202005e-15,0.0,0.0,0.0,0.0,True,2,0.4298774383649495,-10.045762230373715,4.129016243683349,48.236603947602966,2.567661818836677,0.39237838049682205,0.08480078938913775,25.071768791524,3.2017865941815735,-24.978226912409575,-0.3528534757874459,2.927037079020965,0.8053904187903566,True,-1.8148669762311371,-20.08225379918515,72.96792176446789,16.17349734684959,28.064338269380706,-1.1403242314459248
2026-07-27T21:54:55.737+00:00,349.200000,103150.900000,1.217336,4095,2,02,80,FFFFFFFF,32,2.93853842,3.05554971,2.20748546,1.35681663,1.10587891,0.48112519,2.20760967,1.19823287,1.04548622,1.49796089,2.20741336,0.89116973,1.01051107,0.95948642,2.20749388,0.63961796,1.98965143,0.98106440,2.20746546,1.00732867,0.76745585,0.81087045,2.20797656,1.17429917,1.82092434,1.36687611,2.20761388,1.16020010,1.07065554,0.80939690,2.20796550,0.71254499,SD 02 80 FFFFFFFF 921CCD 948DEF 7FED59 6161E3 5560EA 2DC4AB 7FEE45 5A0080 52369F 676B91 7FECD0 4990CC 505376 4D7F76 7FED69 39760B 7948B8 4EB476 7FED33 5026FA 41FC45 44B75B 7FF0FE 58D3F9 73A525 61D416 7FEE4D 5820F0 538BF2 449FF5 7FF0E9 3E6A51 7CA7BD 000FFF 02 0FBD55,2026-07-27T21:54:55.559+00:00,serial_request_midpoint,356.9143,True,matched,23.21135,23.21135,2026-07-27T21:54:55.582+00:00,218.039655,1785189295524.051,6544,False,,,,,,,,,,,,,,False,,,,,,,,,,,,,,True,0.44313254266813035,-9.204651133601,1.9984004945845306,43.962148888342014,0.06592748672517575,-0.8214648815566723,-2.722745225271333,24.910032585299984,5.441116477469204,-29.430913918629937,0.57015392897306,-0.10186887534148986,0.24220896617527285,False,,,,,,,,,,,,,,False,,,,,,,,,,,,,,False,,,,,,,,,,,,,,True,0.044379484826884384,11.253367917785985,9.408513274187928,76.25539665152844,0.18829315945671057,0.012024011620463779,-3.0384356204748935,0.0,0.0,-1.1368683772161604e-14,0.0,0.0,0.0,True,2,0.4431325426681311,-10.047603040386996,4.660513796794999,48.174429463519296,2.563576482440989,0.3964526545057787,0.08992142003618295,24.965275724769544,2.7017109576020424,-25.184347259758464,-0.35916159592763314,2.9315298159105407,0.8125686502038004,True,-1.7956116994360798,-19.44327903166182,73.00350767685322,16.07297292183143,27.448806522483153,-1.224390525748106
2026-07-27T21:54:56.292+00:00,350.300000,103152.000000,1.216726,4095,2,02,80,FFFFFFFF,32,2.93734979,3.05425562,2.20765020,1.35601219,1.10570396,0.48111034,2.20807342,1.19803833,1.04529815,1.49799204,2.20500795,0.89105794,1.01040142,0.95939376,2.20444025,0.63956737,1.98927377,0.98088095,2.20413754,1.00707268,0.76737480,0.81082467,2.20678243,1.17415461,1.82081961,1.36630202,2.20763704,1.15968829,1.07017259,0.80934919,2.20757020,0.71243488,SD 02 80 FFFFFFFF 92164E 94872C 7FEE92 6158BA 555E9C 2DC45F 7FF1B6 59FE13 52340D 676BE5 7FDAF3 498F1D 5051EE 4D7E20 7FD6BB 397524 79459E 4EB1DA 7FD47B 502365 41FAF2 44B6A1 7FE821 58D225 73A436 61CD96 7FEE79 581A69 538572 449F33 7FEDFA 3E6873 7C97BC 000FFF 02 0FBD60,2026-07-27T21:54:56.115+00:00,serial_request_midpoint,354.7247,True,matched,68.55225,68.55225,2026-07-27T21:54:56.183+00:00,218.641029,1785189296124.152,6562,False,,,,,,,,,,,,,,False,,,,,,,,,,,,,,True,0.41201769200896343,-9.178892728737292,2.681478320648295,44.01339710790747,0.07630343851483767,-0.8138042095488257,-2.715566505433438,24.852534300076417,4.882475906966567,-29.22626982542662,0.5699720123103228,-0.09699523012405122,0.25136190196821023,False,,,,,,,,,,,,,,False,,,,,,,,,,,,,,False,,,,,,,,,,,,,,True,0.08554591232123987,11.239159581182308,9.397556270368819,76.16396968243392,0.19142324590389176,0.01880882436417617,-3.03798838815931,0.0,1.4210854715202005e-15,1.1368683772161604e-14,0.0,0.0,0.0,True,2,0.4120176920089774,-10.06603444844257,5.315486175026246,48.234262596074224,2.5655798356563237,0.40871066796496697,0.09971473907356831,24.94348138720058,2.1482020597601292,-24.977011250946827,-0.3735516479070666,2.9344454360340535,0.8131583684266301,True,-1.6572453249099752,-18.812706840970627,72.98691663540721,15.85249827252471,26.830540701353943,-1.0248192860658036
2026-07-27T21:54:56.850+00:00,350.900000,103152.600000,1.220388,4095,2,02,80,FFFFFFFF,32,2.93613242,3.05295917,2.20723022,1.35523073,1.10556342,0.48112480,2.20759651,1.19785916,1.04505638,1.49791973,2.20774810,0.89090208,1.01028255,0.95926969,2.20793181,0.63952313,1.98884816,0.98068078,2.20752178,1.00683516,0.76728538,0.81075281,2.20799919,1.17393007,1.82059176,1.36566880,2.20770441,1.15915643,1.06965033,0.80931920,2.20784390,0.71233722,SD 02 80 FFFFFFFF 920FA6 948065 7FEB74 614FD3 555CC2 2DC4A9 7FEE2C 59FBD7 5230BF 676B22 7FEF4C 498CC4 505045 4D7C56 7FF0A9 39745A 79421F 4EAF01 7FED9E 502012 41F97C 44B57D 7FF129 58CF4E 73A22E 61C66A 7FEEF9 5813A0 537E6A 449EB9 7FF002 3E66CB 7CF7BC 000FFF 02 0FBD66,2026-07-27T21:54:56.671+00:00,serial_request_midpoint,357.2601,True,matched,28.63625,28.63625,2026-07-27T21:54:56.700+00:00,219.157681,1785189296624.257,6577,False,,,,,,,,,,,,,,False,,,,,,,,,,,,,,True,0.4467303308755821,-9.197304748227664,2.994228163247149,43.89241492717392,0.07252398695510673,-0.8236151482754706,-2.7122552759990617,24.846934656698718,4.541444565896464,-29.373443945419677,0.5763500296970727,-0.09953378802920083,0.25198211868730125,False,,,,,,,,,,,,,,False,,,,,,,,,,,,,,False,,,,,,,,,,,,,,True,0.08543854308169972,11.238998645998025,9.398438856051353,76.17457220910615,0.19085208045030214,0.017671935620997756,-3.0377112091769223,0.0,-1.4210854715202005e-15,0.0,0.0,0.0,0.0,True,2,0.44673033087552866,-10.077575497510967,5.660167737184733,48.09463006891882,2.5584258986192383,0.40863959663398797,0.09600196921721453,24.931060183610278,1.7791331525218907,-25.142217048560706,-0.37414409001407534,2.9293463555193453,0.821919372715385,True,-1.6363898429934907,-18.28250576883742,73.0158275694833,15.787524761444889,26.29928408325673,-1.0438919397540984
2026-07-27T21:54:57.406+00:00,352.000000,103153.700000,1.217947,4095,2,02,80,FFFFFFFF,32,2.93481925,3.05162155,2.20732810,1.35448663,1.10540036,0.48112890,2.20796813,1.19765839,1.04484493,1.49790489,2.20769915,0.89076022,1.01016788,0.95920061,2.20776916,0.63947517,1.98856383,0.98049271,2.20746072,1.00666241,0.76719932,0.81064502,2.20801920,1.17386769,1.82047521,1.36528022,2.20730863,1.15870003,1.06925846,0.80928699,2.20533287,0.71224279,SD 02 80 FFFFFFFF 920877 947966 7FEC2E 614758 555A9C 2DC4BE 7FF0EE 59F956 522DDB 676AFA 7FEEEF 498AA1 504EAB 4D7B57 7FEF74 39737F 793FC9 4EAC54 7FED2A 501DA7 41F814 44B3C7 7FF14F 58CE84 73A124 61C203 7FEC09 580DCD 537923 449E36 7FDD5D 3E6531 7CB7BD 000FFF 02 0FBD71,2026-07-27T21:54:57.228+00:00,serial_request_midpoint,355.9842,True,matched,71.6987,71.6987,2026-07-27T21:54:57.300+00:00,219.75756,1785189297224.276,6595,False,,,,,,,,,,,,,,False,,,,,,,,,,,,,,True,0.43522236613432164,-9.292437319105375,3.4978869903596044,43.86332946840247,0.07988986226831711,-0.8248344063090446,-2.70852352130973,24.833562423187107,3.9474475188056433,-29.476870348629387,0.5751463801309725,-0.09176396807543231,0.25481771743632214,False,,,,,,,,,,,,,,False,,,,,,,,,,,,,,False,,,,,,,,,,,,,,True,0.04974556050708005,11.240176590178274,9.398205537254345,76.18626338825916,0.18777880421998722,0.013025239235914256,-3.038258154212831,0.0,1.4210854715202005e-15,0.0,0.0,0.0,0.0,True,2,0.43522236613433285,-10.202448777614467,6.1633767268748,48.05949045710152,2.5561640015310934,0.4126499416958277,0.10287690648259126,24.95752082042376,1.19525730809045,-25.240031103040348,-0.3794785196383986,2.9365966412842575,0.8219602361393167,True,-1.7619012349079413,-17.721028199875878,73.036753581921,15.850665531726403,25.727101001720246,-1.1397168628859276
2026-07-27T21:54:57.964+00:00,352.600000,103154.300000,1.216116,4095,2,02,80,FFFFFFFF,32,2.93445305,3.05127885,2.20684136,1.35401997,1.10527734,0.48115234,2.20516199,1.19747237,1.04469579,1.49789451,2.20698921,0.89069799,1.01007447,0.95915564,2.20767599,0.63945853,1.98829143,0.98036972,2.20785443,1.00654716,0.76715797,0.81066249,2.20798077,1.17389826,1.82048485,1.36501513,2.20758072,1.15831014,1.06893569,0.80926068,2.20767441,0.71220594,SD 02 80 FFFFFFFF 920676 94779B 7FE891 614206 5558FD 2DC536 7FDC18 59F704 522BD1 676ADE 7FE9AA 4989B1 504D5D 4D7AB1 7FEEC3 397333 793D8C 4EAA94 7FF016 501C0A 41F767 44B40E 7FF106 58CEE7 73A13A 61BF02 7FEE0E 5808D3 5374CA 449DCB 7FEEC0 3E6491 7C87BD 000FFF 02 0FBD77,2026-07-27T21:54:57.785+00:00,serial_request_midpoint,357.5177,True,matched,27.28965,27.28965,2026-07-27T21:54:57.812+00:00,220.270108,1785189297757.624,6611,False,,,,,,,,,,,,,,False,,,,,,,,,,,,,,True,0.3912222598630091,-9.45485883619674,3.877443132197988,43.80546081872325,0.07648832807078824,-0.8283797760563509,-2.7046717135125213,25.160942567919772,3.642667320557309,-29.245728992950053,0.580367932560858,-0.1017491334258195,0.2595574279512514,False,,,,,,,,,,,,,,False,,,,,,,,,,,,,,False,,,,,,,,,,,,,,True,0.08866017915078644,11.233911054392431,9.39470879663243,76.10390196447821,0.19848312861293774,0.018661105563359988,-3.037079287883722,0.0,0.0,0.0,0.0,0.0,0.0,True,2,0.391222259863035,-10.359734405057376,6.555989347819754,47.99441220860488,2.5526883907963973,0.41599605051577604,0.09960735001815095,25.248103386016552,0.8637092802016013,-25.02547798467284,-0.38518677167853554,2.92411555057714,0.8270057684325126,True,-1.8089628370387274,-17.222698869919505,73.03497144691384,15.846848666518884,25.222113184912594,-0.8623680100393812
2026-07-27T21:54:58.521+00:00,353.800000,103155.500000,1.219167,4095,2,02,80,FFFFFFFF,32,2.93476571,3.05133709,2.20511152,1.35392610,1.10517418,0.48115429,2.20745020,1.19737217,1.04468550,1.49791120,2.20765862,0.89066869,1.01005378,0.95914941,2.20752335,0.63944539,1.98803807,0.98028901,2.20773757,1.00646429,0.76710872,0.81061771,2.20797445,1.17385534,1.82043403,1.36477558,2.20767652,1.15790659,1.06866981,0.80925257,2.20820082,0.71213247,SD 02 80 FFFFFFFF 92082C 9477E9 7FDBB8 6140F4 5557A1 2DC540 7FED16 59F5C4 522BAD 676B0B 7FEEA2 498940 504D13 4D7A9A 7FEDA1 3972F7 793B77 4EA96E 7FEF38 501AE1 41F699 44B358 7FF0FA 58CE5C 73A0C6 61BC4B 7FEEC4 5803AC 537135 449DAA 7FF2A8 3E6352 7CD7BE 000FFF 02 0FBD83,2026-07-27T21:54:58.343+00:00,serial_request_midpoint,356.7646,True,matched,60.4083,60.4083,2026-07-27T21:54:58.403+00:00,220.861119,1785189298324.293,6628,False,,,,,,,,,,,,,,False,,,,,,,,,,,,,,True,0.3357627845424627,-9.493203379545095,4.4815888099879215,43.754411964516024,0.07519558128258706,-0.8299303574418775,-2.702926979679853,25.012884636246667,2.991945929697571,-29.561200241477117,0.5809162783982011,-0.0972484793603573,0.2587613112506797,False,,,,,,,,,,,,,,False,,,,,,,,,,,,,,False,,,,,,,,,,,,,,True,0.1013693178369424,11.24793936010477,9.404393233779944,76.22026621860408,0.19001762158648078,0.016124422620590356,-3.037088824109907,2.842170943040401e-15,1.4210854715202005e-15,0.0,0.0,0.0,0.0,True,2,0.33576278454249353,-10.396566630088534,7.16573551368059,47.940103605704195,2.5511388037690925,0.41752464704245157,0.09836001488049596,25.1204875955198,0.21323229087114157,-25.3412600379855,-0.3846323103084018,2.928284634328614,0.8289638898181277,True,-1.798443625707867,-16.565983906317193,73.00899047577062,15.814948096914401,24.5677637024788,-1.1372304335361831
2026-07-27T21:54:59.076+00:00,354.300000,103156.000000,1.217336,4095,2,02,80,FFFFFFFF,32,2.93385355,3.05014730,2.20525190,1.35335240,1.10508378,0.48113691,2.20499060,1.19720027,1.04449352,1.49788191,2.20442186,0.89055408,1.00993074,0.95904296,2.20469359,0.63941780,1.98785841,0.98014957,2.20704709,1.00630358,0.76704155,0.81054954,2.20766231,1.17365708,1.82035780,1.36421181,2.20767441,1.15741566,1.06831556,0.80917070,2.20765178,0.71200420,SD 02 80 FFFFFFFF 92032E 9471AF 7FDCC3 613A69 555670 2DC4E7 7FDAD2 59F39F 52290D 676ABC 7FD698 498786 504B5B 4D7911 7FD89D 397279 7939FD 4EA772 7FEA18 5018A1 41F580 44B243 7FEEA9 58CBDA 73A018 61B5E7 7FEEC0 57FD67 536C6F 449C5D 7FEE95 3E6125 7CA7BE 000FFF 02 0FBD88,2026-07-27T21:54:58.899+00:00,serial_request_midpoint,355.2798,True,matched,89.5063,89.5063,2026-07-27T21:54:58.988+00:00,221.44649,1785189298924.278,6646,False,,,,,,,,,,,,,,False,,,,,,,,,,,,,,True,0.35415461487866584,-9.581321059276744,4.834136359591826,43.63619779534888,0.06731343480916771,-0.8368266398762481,-2.697149814033696,25.142049199623877,2.6580983074242694,-29.571151842346012,0.5864639703228386,-0.10537128982951728,0.26396893376846464,False,,,,,,,,,,,,,,False,,,,,,,,,,,,,,False,,,,,,,,,,,,,,True,0.01217417764807344,11.242267467066746,9.40260825551882,76.18075757533333,0.1937407976490512,0.017320144365988194,-3.037115910789368,0.0,0.0,-1.1368683772161604e-14,0.0,0.0,0.0,True,2,0.35415461487867345,-10.468014716820424,7.544322817089599,47.80865354453594,2.5449913535687623,0.42182756724971493,0.09082452215510797,25.22273323273647,-0.14751047587210592,-25.368441681325187,-0.39127449220038585,2.9173054813915127,0.8348979549766816,True,-1.688267625277625,-16.002106333530314,72.98906319163127,15.638607846333883,24.021589182331013,-1.0873692786962352
2026-07-27T21:54:59.636+00:00,355.500000,103157.200000,1.218557,4095,2,02,80,FFFFFFFF,32,2.93231117,3.04903338,2.20755020,1.35261456,1.10489706,0.48112812,2.20759125,1.19702995,1.04427501,1.49783889,2.20771599,0.89041849,1.00984545,0.95895277,2.20754020,0.63938474,1.98744544,0.97996266,2.20746335,1.00605250,0.76697964,0.81047449,2.20764862,1.17349590,1.82027456,1.36377050,2.20742178,1.15690989,1.06787097,0.80913923,2.20521562,0.71192407,SD 02 80 FFFFFFFF 91FABC 946BDA 7FEDD4 6131FE 5553FA 2DC4BA 7FEE22 59F17F 522610 676A48 7FEF0F 49857B 504A2A 4D77C4 7FEDC1 3971E2 793698 4EA4C9 7FED2F 50151D 41F47D 44B112 7FEE8F 58C9D0 739F5A 61B0E6 7FECE0 57F6F1 536671 449BDD 7FDC7E 3E5FC9 7CC7BD 000FFF 02 0FBD94,2026-07-27T21:54:59.456+00:00,serial_request_midpoint,358.9957,True,matched,33.47245,33.47245,2026-07-27T21:54:59.490+00:00,221.947756,1785189299424.246,6661,False,,,,,,,,,,,,,,False,,,,,,,,,,,,,,True,0.3651447276908884,-9.608815605699316,5.249009384821039,43.575545596342394,0.06221691749950103,-0.8393999320017548,-2.6980637791552056,25.107831830616856,2.3159640637147305,-29.64972523286417,0.5903494060154416,-0.10838920367784363,0.2625661378763208,False,,,,,,,,,,,,,,False,,,,,,,,,,,,,,False,,,,,,,,,,,,,,True,0.07727471319599534,11.241889018029706,9.400235466344247,76.17751722195707,0.19220836774018468,0.020662166056990918,-3.037429888758775,0.0,0.0,-1.1368683772161604e-14,0.0,0.0,0.0,True,2,0.3651447276909362,-10.4775705452327,7.969870574142709,47.74482643046407,2.543847176602951,0.41959846166162845,0.08601846768598671,25.17506102834716,-0.5077675957872856,-25.45893256555248,-0.38875171202329656,2.9131433761945305,0.8398952987905387,True,-1.6883288477866685,-15.546952455578381,72.94957954777915,15.588384867290694,23.574975101825352,-1.0932095293738826
2026-07-27T21:55:00.193+00:00,356.700000,103158.400000,1.218557,4095,2,02,80,FFFFFFFF,32,2.93144622,3.04839569,2.20445024,1.35204709,1.10477526,0.48113593,2.20491175,1.19685777,1.04407565,1.49780663,2.20475457,0.89029327,1.00970985,0.95886420,2.20479978,0.63936590,1.98715275,0.97982078,2.20713234,1.00594204,0.76692610,0.81039576,2.20770599,1.17341686,1.82014445,1.36334824,2.20753493,1.15647977,1.06748532,0.80913259,2.20515463,0.71185338,SD 02 80 FFFFFFFF 91F5FF 946883 7FD6CE 612B84 55525F 2DC4E2 7FDA3C 59EF59 522356 6769F1 7FD911 498398 504845 4D767D 7FD967 39718C 793430 4EA2C4 7FEABA 501391 41F39D 44AFD2 7FEEFC 58C8D0 739E31 61AC1C 7FEDB7 57F172 53613E 449BC2 7FDC0A 3E5E96 7CC7BD 000FFF 02 0FBDA0,2026-07-27T21:55:00.014+00:00,serial_request_midpoint,356.2872,True,matched,65.7985,65.7985,2026-07-27T21:55:00.080+00:00,222.537968,1785189300024.24,6679,False,,,,,,,,,,,,,,False,,,,,,,,,,,,,,True,0.2908692167031769,-9.85191868375083,5.874702757799451,43.54996511482441,0.04713113412618076,-0.8450472582416467,-2.7002415154187265,25.380491610802896,1.672233558348043,-29.512891761256622,0.5938430523553839,-0.12294824150285422,0.2597241481219487,False,,,,,,,,,,,,,,False,,,,,,,,,,,,,,False,,,,,,,,,,,,,,True,0.06464741315920808,11.234059513265297,9.396154731499918,76.1223061277641,0.197468874211545,0.021984401171620836,-3.0364489761417204,0.0,-1.4210854715202005e-15,1.1368683772161604e-14,0.0,0.0,0.0,True,2,0.2908692167031789,-10.668172064147294,8.621159560543223,47.71306836011387,2.5414543158018192,0.4144798503782875,0.07184786997426833,25.377745806285805,-1.1748409446602637,-25.337381922187454,-0.3824662421796524,2.8985832961435087,0.8414463160533414,True,-1.8157674543469882,-14.829267018673892,72.95754776867531,15.646074072737573,22.835665592808546,-0.9578524801171284
2026-07-27T21:55:00.749+00:00,357.200000,103158.900000,1.217947,4095,2,02,80,FFFFFFFF,32,2.93066138,3.04757176,2.20421689,1.35152291,1.10467658,0.48111484,2.20684241,1.19671472,1.04388946,1.49783111,2.20748914,0.89020980,1.00962513,0.95879812,2.20772336,0.63931642,1.98685202,0.97965449,2.20773547,1.00577385,0.76687185,0.81035910,2.20806342,1.17324614,1.82008181,1.36290267,2.20537335,1.15597948,1.06715884,0.80907974,2.20741073,0.71176059,SD 02 80 FFFFFFFF 91F1B2 946432 7FD512 612588 555112 2DC476 7FE893 59ED90 5220CA 676A33 7FED60 498256 504716 4D7589 7FEF1D 3970AA 7931B7 4EA066 7FEF34 501136 41F2BA 44AF3D 7FF1A3 58C6A7 739DA2 61A70E 7FDDAA 57EB0D 535CD7 449AEB 7FECCB 3E5D03 7CB7BD 000FFF 02 0FBDA5,2026-07-27T21:55:00.571+00:00,serial_request_midpoint,355.8262,True,matched,94.9045,94.9045,2026-07-27T21:55:00.666+00:00,223.123852,1785189300590.917,6696,False,,,,,,,,,,,,,,False,,,,,,,,,,,,,,True,0.32978871623791667,-9.877101224040338,6.71906940217332,43.679651435221174,0.05274046833477654,-0.8373342814716418,-2.7034880782366595,25.263253889696852,0.6005540837146739,-29.54068674170051,0.5813872488935369,-0.1158233685596809,0.2570437135782585,False,,,,,,,,,,,,,,False,,,,,,,,,,,,,,False,,,,,,,,,,,,,,True,0.0650926013359248,11.248187511970945,9.404106786925617,76.2028367886989,0.1944444522344475,0.010822354432437693,-3.036230280357479,-2.842170943040401e-15,1.4210854715202005e-15,1.1368683772161604e-14,0.0,0.0,0.0,True,2,0.3297887162379592,-10.706442517038692,9.438880719297398,47.857634538830894,2.5472721290174047,0.41384035097270383,0.07720745350854752,25.281298194801543,-2.191283287221924,-25.328081622255798,-0.37945642951938074,2.910952912723858,0.825107220183189,True,-1.9282201120783171,-14.170771115004879,72.9793077793662,15.733184451195143,22.153750345924504,-1.2091227709232613
2026-07-27T21:55:01.306+00:00,358.300000,103160.000000,1.218557,4095,2,02,80,FFFFFFFF,32,2.92997582,3.04667729,2.20720811,1.35093732,1.10451153,0.48112870,2.20742915,1.19653882,1.04374126,1.49781924,2.20478979,0.89005687,1.00951527,0.95870578,2.20446390,0.63930525,1.98658316,0.97948958,2.20650727,1.00561181,0.76679656,0.81030644,2.20748072,1.17319149,1.81995479,1.36252467,2.20723548,1.15555632,1.06683562,0.80903721,2.20729442,0.71169060,SD 02 80 FFFFFFFF 91EDF0 945F82 7FEB4A 611ED8 554EE5 2DC4BD 7FECEE 59EB5E 521EC3 676A13 7FD954 498008 50458D 4D7434 7FD6E8 397077 792F81 4E9E0D 7FE616 500EF1 41F17F 44AE67 7FED50 58C5F6 739C80 61A2C4 7FEB7E 57E5A4 53587B 449A3E 7FEBEE 3E5BD3 7CC7BD 000FFF 02 0FBDB0,2026-07-27T21:55:01.128+00:00,serial_request_midpoint,356.605,True,matched,44.3025,44.3025,2026-07-27T21:55:01.172+00:00,223.629894,1785189301090.914,6711,False,,,,,,,,,,,,,,False,,,,,,,,,,,,,,True,0.2525477863340205,-10.012963895948799,7.458060541814056,44.26923911914675,0.038181465077422566,-0.8046146009581101,-2.7170834321521227,25.20102325842936,-0.03253883826193231,-29.00249623512151,0.5603298227179921,-0.12382842632845041,0.2515426868716378,False,,,,,,,,,,,,,,False,,,,,,,,,,,,,,False,,,,,,,,,,,,,,True,0.03661501841641768,11.250049635473314,9.405759051209994,76.21181487620159,0.19151371338417728,0.015799819147127893,-3.036910850293579,0.0,0.0,-1.1368683772161604e-14,0.0,0.0,0.0,True,2,0.2525477863340383,-10.771733418846186,10.087281986771433,48.518025613884305,2.572647458453314,0.41128558159000383,0.06394648724075076,25.158886101336023,-2.741492625511057,-24.73628982756144,-0.37011396175115957,2.9128991701291147,0.7925026610475071,True,-1.8487173287694347,-14.14768842777833,72.98468267189443,15.636496174213823,22.155611028115437,-1.1772229006101953
2026-07-27T21:55:01.862+00:00,358.900000,103160.600000,1.217336,4095,2,02,80,FFFFFFFF,32,2.92952126,3.04633226,2.20736968,1.35056254,1.10438531,0.48112968,2.20742441,1.19639704,1.04365303,1.49777438,2.20762599,0.89000244,1.00944091,0.95867193,2.20772389,0.63926737,1.98636231,0.97935378,2.20487390,1.00550026,0.76674757,0.81031259,2.20730179,1.17315877,1.81992588,1.36229509,2.20750388,1.15521237,1.06652057,0.80903180,2.20779337,0.71161877,SD 02 80 FFFFFFFF 91EB72 945DB3 7FEC7D 611A90 554D3B 2DC4C2 7FECE5 59E999 521D8E 67699A 7FEE64 497F36 504483 4D73B7 7FEF1E 396FCA 792DB0 4E9C1E 7FD9F4 500D61 41F0B2 44AE80 7FEBFC 58C58C 739C3E 61A029 7FED7C 57E13E 53543B 449A28 7FEFA2 3E5A9B 7CA7BD 000FFF 02 0FBDB6,2026-07-27T21:55:01.684+00:00,serial_request_midpoint,355.3579,True,matched,89.62435,89.62435,2026-07-27T21:55:01.773+00:00,224.231502,1785189301690.911,6729,False,,,,,,,,,,,,,,False,,,,,,,,,,,,,,True,0.08728286369576807,-10.277222070752082,9.956047931912018,46.207754598102134,-0.0029405910793551047,-0.6827777894456613,-2.7646621245123235,25.01118196290686,-2.4244959634420895,-26.969790633796787,0.4742344381087624,-0.15210480065376203,0.23083416631451692,False,,,,,,,,,,,,,,False,,,,,,,,,,,,,,False,,,,,,,,,,,,,,True,0.05533176773893385,11.233417177463277,9.395289377729512,76.13742148008171,0.1946905134701069,0.022698933671517332,-3.037152370944179,0.0,0.0,0.0,0.0,0.0,0.0,True,2,0.08728286369579795,-10.816110526216109,12.228069477918876,50.68974527065995,2.6657085041981845,0.3996942923446112,0.025922782823849477,24.74899280273522,-4.777000662086567,-22.50462528982673,-0.33524638495167397,2.920612504036482,0.6606860501332363,True,-1.6353602506090426,-14.203818922981839,72.65882387381077,15.43202129930304,22.24251534509936,-1.3218230324811657
2026-07-27T21:55:02.419+00:00,360.100000,103161.800000,1.218557,4095,2,02,80,FFFFFFFF,32,2.92928190,3.04607370,2.20742546,1.35027158,1.10427066,0.48111112,2.20769968,1.19627938,1.04355910,1.49778847,2.20789812,0.88992157,1.00938751,0.95858690,2.20774652,0.63925314,1.98610633,0.97927367,2.20539807,1.00535638,0.76669165,0.81024863,2.20504685,1.17303098,1.81972484,1.36195404,2.20720285,1.15475672,1.06620963,0.80897330,2.20765336,0.71153520,SD 02 80 FFFFFFFF 91EA22 945C58 7FECE7 61173D 554BB8 2DC463 7FEEF0 59E821 521C45 6769C0 7FF069 497DFE 5043C4 4D727D 7FEF49 396F89 792B95 4E9AFA 7FDDD9 500B5D 41EFC8 44AD7C 7FDB3D 58C3EE 739A73 619C4A 7FEB40 57DB6A 535009 44993A 7FEE98 3E5930 7CC7BD 000FFF 02 0FBDC2,2026-07-27T21:55:02.240+00:00,serial_request_midpoint,357.3774,True,matched,54.2763,54.2763,2026-07-27T21:55:02.294+00:00,224.752696,1785189302224.278,6745,False,,,,,,,,,,,,,,False,,,,,,,,,,,,,,True,0.19767075227324626,-10.61133256554584,12.88104668210442,49.38880489375147,0.024615894465887626,-0.5249935452479745,-2.7850987310903292,24.64403401759727,-5.46453192408993,-23.891891289142592,0.3609374774928084,-0.1270860093080286,0.23510714501372187,False,,,,,,,,,,,,,,False,,,,,,,,,,,,,,False,,,,,,,,,,,,,,True,0.05876741476704085,11.243659475048347,9.403104939292254,76.18946226108608,0.1934898097153144,0.018196927046518437,-3.037151123718414,0.0,0.0,0.0,0.0,0.0,0.0,True,2,0.19767075227064032,-11.176137611755127,14.630414460722374,54.09639744580004,2.77306858636422,0.4289806539992962,0.0533736608486275,24.432980037994575,-7.28774108342255,-19.18316698417284,-0.3439273003674662,2.976308053514515,0.4968108991168892,True,-1.59574497199833,-13.957672463398705,72.97783482803182,15.351051867167149,21.998351051406424,-1.1439124845437618
2026-07-27T21:55:02.977+00:00,360.600000,103162.300000,1.219778,4095,2,02,80,FFFFFFFF,32,2.92836314,3.04514920,2.20512992,1.34970008,1.10414831,0.48108690,2.20752441,1.19607317,1.04341179,1.49776659,2.20782127,0.88980340,1.00930421,0.95846478,2.20773021,0.63923956,1.98587461,0.97910744,2.20761020,1.00517570,0.76664577,0.81019647,2.20701131,1.17294362,1.81979229,1.36160377,2.20708129,1.15431342,1.06588746,0.80895216,2.20771705,0.71145118,SD 02 80 FFFFFFFF 91E518 94577F 7FDBDB 6110B5 554A1B 2DC3E7 7FEDA3 59E58E 521A41 676985 7FEFD7 497C36 50429A 4D70BA 7FEF2A 396F4B 7929AD 4E989C 7FEE46 5008D5 41EF08 44ACA8 7FE9D4 58C2D3 739B0D 619850 7FEA59 57D5BE 534BB0 4498E4 7FEF11 3E57C3 7CE7BD 000FFF 02 0FBDC7,2026-07-27T21:55:02.799+00:00,serial_request_midpoint,356.9538,True,matched,14.1546,14.1546,2026-07-27T21:55:02.812+00:00,225.270557,1785189302757.631,6761,False,,,,,,,,,,,,,,False,,,,,,,,,,,,,,True,0.5414233106487666,-11.18506930827653,16.62374243595153,54.49375850777817,0.3800177564676332,-0.3589188444167045,-2.7349738445742657,24.160909889339898,-9.222239713575364,-18.910852175390517,0.25910221957844104,0.13347899288281853,0.27920758290682984,False,,,,,,,,,,,,,,False,,,,,,,,,,,,,,False,,,,,,,,,,,,,,True,0.09488748371790355,11.245620348321976,9.401594996650852,76.19915760360888,0.18968510600378838,0.021179599514182478,-3.037861666414986,0.0,0.0,0.0,0.0,0.0,0.0,True,2,0.541423310553153,-12.911550881861313,17.573865971502567,59.147488676460014,2.844071116504013,0.5187210304715407,0.42259414699026254,25.193405516093428,-10.373558825885436,-14.09950154152483,0.4090407669351627,-2.9411714902406514,-0.3360968988545565,True,-4.375920976469983,-12.740008518355063,75.69388859497693,17.62627504266542,20.502762846110876,1.8680471475406535
2026-07-27T21:55:03.533+00:00,361.800000,103163.500000,1.216726,4095,2,02,80,FFFFFFFF,32,2.92810537,3.04494214,2.20753230,1.34936143,1.10403249,0.48109413,2.20815607,1.19590766,1.04331644,1.49776659,2.20749967,0.88971036,1.00922623,0.95846234,2.20546484,0.63921504,1.98561679,0.97903091,2.20468150,1.00508872,0.76658889,0.81016449,2.20720285,1.17290967,1.81962674,1.36134404,2.20740178,1.15395538,1.06568082,0.80893151,2.20772705,0.71139709,SD 02 80 FFFFFFFF 91E3AE 945669 7FEDB2 610CD6 554894 2DC40C 7FF253 59E37D 5218F3 676985 7FED74 497ACF 504183 4D70B1 7FDE58 396EDB 79278E 4E9785 7FD886 50079D 41EE1A 44AC26 7FEB40 58C265 739993 61955D 7FECBA 57D129 5348E6 449890 7FEF24 3E56D8 7C97BD 000FFF 02 0FBDD3,2026-07-27T21:55:03.355+00:00,serial_request_midpoint,356.1287,True,matched,53.98165,53.98165,2026-07-27T21:55:03.409+00:00,225.867078,1785189303357.599,6779,False,,,,,,,,,,,,,,False,,,,,,,,,,,,,,True,0.20290418551996642,-11.35436210296508,18.374933898424047,55.8043771728239,0.20489228037343724,-0.17660495299512427,-2.793926599492639,24.041620251033955,-11.05697457467626,-17.442298655654213,0.12086694644681435,0.00920732013563658,0.24529007421062057,False,,,,,,,,,,,,,,False,,,,,,,,,,,,,,False,,,,,,,,,,,,,,True,0.07278973508446084,11.233528550402443,9.395160423779519,76.14253927289043,0.19608724708302067,0.017384250406955307,-3.0371351237613973,-2.842170943040401e-15,0.0,0.0,0.0,0.0,0.0,True,2,0.20290418551989634,-12.36677746177468,18.83073522333457,60.73468994811865,2.9997963175594524,0.49974425290533825,0.24886486527162624,24.361372850984914,-11.635197652073492,-12.43189546665153,0.3681673249713784,-3.086967006485288,-0.13708959027396697,True,-2.5609681866943035,-13.276917906047876,72.50397326173439,16.281647420647108,21.221896740120606,-1.4455084442975363
2026-07-27T21:55:04.090+00:00,362.300000,103164.000000,1.220998,4095,2,02,80,FFFFFFFF,32,2.92778356,3.04414387,2.20766862,1.34901875,1.10389802,0.48109823,2.20577352,1.19577063,1.04321111,1.49780404,2.20724811,0.88965335,1.00914909,0.95842498,2.20728968,0.63918745,1.98549193,0.97891736,2.20735178,1.00497303,0.76653130,0.81012169,2.20548851,1.17273005,1.81959127,1.36094161,2.20717970,1.15355713,1.06531680,0.80888358,2.20770494,0.71131423,SD 02 80 FFFFFFFF 91E1EA 945239 7FEEB5 6108EB 5546CE 2DC421 7FE0A3 59E1C7 521782 6769EA 7FEB96 4979F3 50406F 4D7027 7FEBE5 396E5D 792687 4E95E7 7FEC5B 5005FE 41ED29 44AB78 7FDE85 58C01F 739942 6190CB 7FEB14 57CC10 5343FC 4497CD 7FEEFA 3E5570 7D07BD 000FFF 02 0FBDD8,2026-07-27T21:55:03.912+00:00,serial_request_midpoint,355.6775,True,matched,94.50075,94.50075,2026-07-27T21:55:04.006+00:00,226.464204,1785189303924.237,6796,False,,,,,,,,,,,,,,False,,,,,,,,,,,,,,True,0.37761630417395947,-14.443258609481598,19.411226295654508,56.27878813506736,0.1587457453643087,-0.12294578943999707,-2.5664221292573584,26.92736835173514,-12.449723863305282,-16.688910389035165,0.06957529588943395,-0.010406844413442699,0.47503690153443195,False,,,,,,,,,,,,,,False,,,,,,,,,,,,,,False,,,,,,,,,,,,,,True,0.07024065168326228,11.249598248051782,9.40649991592915,76.23827402927199,0.1937436639716112,0.011611009321101992,-3.037421513211093,0.0,0.0,1.1368683772161604e-14,0.0,0.0,0.0,True,2,0.3776163041740523,-15.326851078874252,19.605378200205035,61.25094002046512,2.957854161742384,0.8540423058249573,0.205755118637961,27.148656310471516,-12.736431604177081,-11.648121234932898,0.723958151803443,-3.0502055634226846,-0.054088646348439635,True,2.070158997590542,-9.427217302286731,72.20647531182472,11.403160216966281,17.847818558757286,-2.578705075520611
2026-07-27T21:55:04.648+00:00,363.500000,103165.200000,1.220388,4095,2,02,80,FFFFFFFF,32,2.92694788,3.04345823,2.20747283,1.34850468,1.10374252,0.48109257,2.20741073,1.19560170,1.04311492,1.49777808,2.20726863,0.88955100,1.00908201,0.95833969,2.20771705,0.63916009,1.98530489,0.97879120,2.20746967,1.00482445,0.76651314,0.81012538,2.20791286,1.17278622,1.81958864,1.36090687,2.20535863,1.15327552,1.06510184,0.80886809,2.20521719,0.71127349,SD 02 80 FFFFFFFF 91DD54 944EA0 7FED41 61030A 5544C1 2DC404 7FECCB 59DFAB 521631 6769A4 7FEBBD 497868 503F7F 4D6EEC 7FEF11 396DE0 7924FD 4E941B 7FED3B 5003E9 41ECDD 44AB87 7FF085 58C0D5 73993C 619066 7FDD8E 57C875 534115 44978E 7FDC81 3E54BF 7CF7BD 000FFF 02 0FBDE4,2026-07-27T21:55:04.469+00:00,serial_request_midpoint,357.7615,True,matched,44.52625,44.52625,2026-07-27T21:55:04.513+00:00,226.971156,1785189304457.541,6812,False,,,,,,,,,,,,,,False,,,,,,,,,,,,,,True,0.3571467789051506,-16.95828900107537,23.894540227307466,55.74367694167503,0.176126766971534,-0.07759900106477104,-2.3637573194486037,29.02790877246066,-17.02753230908827,-17.00480064644271,0.035053331283891945,0.010376938148680931,0.675081953596643,False,,,,,,,,,,,,,,False,,,,,,,,,,,,,,False,,,,,,,,,,,,,,True,0.0781072347768588,11.23777500481468,9.399640244520757,76.1544446472113,0.19440904078017707,0.024844844732781427,-3.036344022754901,0.0,-1.4210854715202005e-15,0.0,0.0,0.0,0.0,True,2,0.3571467789051506,-17.87666657355469,23.799864442745353,60.712413421791496,2.884285265089121,1.161429463037234,0.23196377487083908,29.30746052420533,-17.074227828557838,-11.958971336486456,1.0194261998508032,-2.947277969296309,0.0024409839487816087,True,5.0350493861831636,-1.3110599016227014,71.20365096003579,7.800201031060334,10.088329460839411,-3.8840357127873175
2026-07-27T21:55:05.204+00:00,364.700000,103166.400000,1.219778,4095,2,02,80,FFFFFFFF,32,2.92737992,3.04379991,2.20687976,1.34856103,1.10375141,0.48109843,2.20776916,1.19556229,1.04309637,1.49774620,2.20500585,0.88951291,1.00908313,0.95833266,2.20500480,0.63916666,1.98519999,0.97871908,2.20484446,1.00476397,0.76646989,0.81007839,2.20466942,1.17269425,1.81944894,1.36067234,2.20445759,1.15290977,1.06485133,0.80885851,2.20472513,0.71121664,SD 02 80 FFFFFFFF 91DFB3 94506B 7FE8DA 6103AF 5544DF 2DC422 7FEF74 59DF2D 5215F0 67694E 7FDAEF 4977D5 503F83 4D6ED2 7FDAED 396DFE 792420 4E9314 7FD9BC 500310 41EC28 44AAC8 7FD86F 58BFAB 7397FD 618DBC 7FD6DC 57C3C6 533DB3 449767 7FD8D9 3E53C8 7CE7BD 000FFF 02 0FBDF0,2026-07-27T21:55:05.026+00:00,serial_request_midpoint,356.5932,True,matched,90.1513,90.1513,2026-07-27T21:55:05.116+00:00,227.574199,1785189305057.513,6830,False,,,,,,,,,,,,,,False,,,,,,,,,,,,,,True,0.34211100742507133,-16.893312315830126,23.82150941689043,55.71000231359894,0.1821893878861514,-0.08439987684162924,-2.3630144877940262,28.98168267565203,-17.035559852493225,-16.941377748349215,0.03552213086288695,0.016549567551273483,0.6757789635148652,False,,,,,,,,,,,,,,False,,,,,,,,,,,,,,False,,,,,,,,,,,,,,True,0.10378678706882989,11.237753798653479,9.394860766076691,76.14706272308192,0.19516341842259427,0.01684974031670335,-3.036943073911613,-2.842170943040401e-15,-1.4210854715202005e-15,0.0,0.0,0.0,0.0,True,2,0.342111007425048,-17.84352996672337,23.7424510167342,60.67302148237379,2.8786452499501545,1.1597796793415853,0.23898193941045523,29.290803853766693,-17.07412339369131,-11.897204869188329,1.018655825740692,-2.9411498396697087,0.0017738397642886755,True,5.000969087191251,-1.3343507989642602,71.3900261200524,7.809072567826258,10.083731738247034,-3.7389305220333995
2026-07-27T21:55:05.760+00:00,365.200000,103166.900000,1.219167,4095,2,02,80,FFFFFFFF,32,2.92663973,3.04311511,2.20443710,1.34811436,1.10364154,0.48110819,2.20460476,1.19535898,1.04295224,1.49775880,2.20450700,0.88941601,1.00894451,0.95825658,2.20478979,0.63912856,1.98493371,0.97863160,2.20705393,1.00464133,0.76640968,0.81002329,2.20771336,1.17262944,1.81936793,1.36030823,2.20741073,1.15253129,1.06463614,0.80881427,2.20788707,0.71112642,SD 02 80 FFFFFFFF 91DBA3 944CD3 7FD6B5 60FE93 55436C 2DC454 7FD7F4 59DCA3 5213F7 676970 7FD73A 49765F 503D93 4D6DB9 7FD954 396D50 7921EF 4E91D5 7FEA25 500158 41EB2C 44A9E8 7FEF0A 58BED9 739744 618999 7FECCB 57BEED 533ACB 4496B3 7FF054 3E5240 7CD7BD 000FFF 02 0FBDF5,2026-07-27T21:55:05.583+00:00,serial_request_midpoint,355.708,True,matched,42.092,42.092,2026-07-27T21:55:05.624+00:00,228.082678,1785189305557.487,6845,False,,,,,,,,,,,,,,False,,,,,,,,,,,,,,True,0.3934479033679816,-16.892613784503794,23.83988171854689,55.74342284849858,0.18071690494506626,-0.08541409630701448,-2.3650082817431546,28.94715026262917,-17.06258856945441,-17.031545480189312,0.03604389208218961,0.01824776140077119,0.6737951592955856,False,,,,,,,,,,,,,,False,,,,,,,,,,,,,,False,,,,,,,,,,,,,,True,0.09173139023101694,11.246505010309008,9.410014923680285,76.21564588839544,0.19117948481320787,0.014722383097158473,-3.0372155874596083,2.842170943040401e-15,-1.4210854715202005e-15,0.0,0.0,0.0,0.0,True,2,0.393447903368013,-17.83887666627235,23.76774968163546,60.707303050119535,2.8791881133452315,1.1567210055120751,0.237102003711011,29.265132437602,-17.101297047541372,-11.987924546938075,1.0152385303815035,-2.9405272301769902,0.0009630931420951588,True,4.963694481305478,-1.3444411529098061,71.43073231883673,7.850971053578237,10.09920621744459,-3.7941690537211796
2026-07-27T21:55:06.318+00:00,366.400000,103168.100000,1.217947,4095,2,02,80,FFFFFFFF,32,2.92600221,3.04244685,2.20742388,1.34769545,1.10345557,0.48110878,2.20512939,1.19520073,1.04282953,1.49773507,2.20713339,0.88932559,1.00888220,0.95815154,2.20526189,0.63909660,1.98473249,0.97849504,2.20479399,1.00449278,0.76636500,0.80998073,2.20450069,1.17248409,1.81929568,1.35989675,2.20471357,1.15205565,1.06433655,0.80875921,2.20742599,0.71104864,SD 02 80 FFFFFFFF 91D823 944951 7FECE4 60F9C8 5540F8 2DC457 7FDBDA 59DAA9 521249 676930 7FEABC 497502 503CB4 4D6C35 7FDCD6 396CBE 792047 4E8FE3 7FD95C 4FFF43 41EA71 44A93B 7FD72E 58BD02 73969F 6184EC 7FD8C3 57B8D5 5336BF 4495D3 7FECE8 3E50EE 7CB7BD 000FFF 02 0FBE01,2026-07-27T21:55:06.139+00:00,serial_request_midpoint,357.0085,True,matched,75.49125,75.49125,2026-07-27T21:55:06.214+00:00,228.67261,1785189306157.452,6863,False,,,,,,,,,,,,,,False,,,,,,,,,,,,,,True,0.3104041847198418,-16.900351390797393,23.83663089213685,55.747551521281295,0.17797961265313425,-0.08795638525386087,-2.3643192850215926,28.95337881109281,-16.993014873263945,-17.11785123402501,0.040874675640609044,0.016362821430698688,0.6756763648889436,False,,,,,,,,,,,,,,False,,,,,,,,,,,,,,False,,,,,,,,,,,,,,True,0.08742255848125861,11.249906906471097,9.40471006155505,76.22593399814467,0.18909302178898996,0.01871859352756853,-3.0381115246732273,0.0,1.4210854715202005e-15,0.0,0.0,0.0,0.0,True,2,0.31040418471988124,-17.840550621763008,23.77736946820124,60.712754092324396,2.877137463322331,1.1571381994214756,0.2336596147715687,29.270411507710094,-17.05690590528988,-12.074426674554491,1.0186317332101773,-2.94131840206825,-0.006401859218208631,True,4.9889715171542806,-1.2931908680155118,71.47617539175096,7.805046166374973,10.06233109736886,-3.746378290402151
2026-07-27T21:55:06.874+00:00,366.900000,103168.600000,1.219167,4095,2,02,80,FFFFFFFF,32,2.92531433,3.04191415,2.20743809,1.34723739,1.10332884,0.48108612,2.20792181,1.19503781,1.04265860,1.49770059,2.20780811,0.88921497,1.00877880,0.95810200,2.20800709,0.63905982,1.98448336,0.97836892,2.20776863,1.00435289,0.76629524,0.80991285,2.20725074,1.17238350,1.81922562,1.35967507,2.20746020,1.15172369,1.06403123,0.80872554,2.20500164,0.71097868,SD 02 80 FFFFFFFF 91D45C 944685 7FECFF 60F48A 553F4C 2DC3E3 7FF096 59D8A0 520FF2 6768D3 7FEFBE 497357 503B42 4D6B7E 7FF138 396C16 791E3A 4E8E17 7FEF73 4FFD4D 41E94D 44A827 7FEB9B 58BBBC 7395FF 618267 7FED29 57B494 53329F 44954A 7FDAE7 3E4FBE 7CD7BD 000FFF 02 0FBE06,2026-07-27T21:55:06.696+00:00,serial_request_midpoint,356.5913,True,matched,37.80345,37.80345,2026-07-27T21:55:06.734+00:00,229.191952,1785189306657.424,6878,False,,,,,,,,,,,,,,False,,,,,,,,,,,,,,True,0.3165675281703125,-16.896407379745845,23.84147304750978,55.74290430877484,0.18036029117801008,-0.08603001566307594,-2.3639261447125346,28.983021325460278,-17.119592392501186,-16.936177813642256,0.03292451306218962,0.017245849852971628,0.6748592397315173,False,,,,,,,,,,,,,,False,,,,,,,,,,,,,,False,,,,,,,,,,,,,,True,0.08867330826065863,11.247090137593572,9.408040815679318,76.22581594929719,0.19422027401252248,0.01023704026565102,-3.0371939607668605,0.0,1.4210854715202005e-15,1.1368683772161604e-14,0.0,0.0,0.0,True,2,0.3165675281702487,-17.84237333163916,23.771515184425507,60.7068722179946,2.878133702883865,1.1581108636337163,0.23665696567086303,29.29117276051315,-17.145107022629702,-11.891862717889751,1.0170582689157432,-2.9409688519569297,0.005732168766003377,True,4.9867028179725965,-1.3101977520981278,71.4452274485315,7.832261927361733,10.05342407056919,-3.809389893357718
2026-07-27T21:55:07.431+00:00,368.100000,103169.800000,1.218557,4095,2,02,80,FFFFFFFF,32,2.92506754,3.04159429,2.20699394,1.34689273,1.10321189,0.48105448,2.20793602,1.19485895,1.04256900,1.49769355,2.20524138,0.88913363,1.00873410,0.95804841,2.20734705,0.63905828,1.98427601,0.97828831,2.20759967,1.00427319,0.76625343,0.80991629,2.20785443,1.17232241,1.81917571,1.35944070,2.20766546,1.15136254,1.06378522,0.80872431,2.20732757,0.71089860,SD 02 80 FFFFFFFF 91D301 9444D7 7FE9B3 60F098 553DC1 2DC341 7FF0B1 59D664 520EB8 6768C0 7FDCAF 49721D 503AA2 4D6AB8 7FEC52 396C0F 791C85 4E8CF1 7FEE32 4FFC2F 41E89E 44A835 7FF016 58BAF6 73958D 617FBD 7FEEAF 57AFF3 532F4C 449545 7FEC2D 3E4E62 7CC7BD 000FFF 02 0FBE12,2026-07-27T21:55:07.253+00:00,serial_request_midpoint,356.4007,True,matched,70.48255,70.48255,2026-07-27T21:55:07.323+00:00,229.781618,1785189307257.478,6896,False,,,,,,,,,,,,,,False,,,,,,,,,,,,,,True,0.3352132377417017,-16.909384730608867,23.852105528237097,55.77624247200347,0.18109436085677333,-0.08764141096996661,-2.364879438083835,28.963254660723305,-17.07627163039784,-17.009405638037993,0.037652534414290714,0.01876094723776961,0.6743289284439268,False,,,,,,,,,,,,,,False,,,,,,,,,,,,,,False,,,,,,,,,,,,,,True,0.07295530000418665,11.2475147593482,9.403082495792109,76.2262742083282,0.19090075360751954,0.014365513018777393,-3.037645807502007,0.0,1.4210854715202005e-15,0.0,0.0,0.0,0.0,True,2,0.3352132377417445,-17.86027342355137,23.78748516265726,60.739342106211154,2.877506359270256,1.1561558918389017,0.23744281238251172,29.286246039083096,-17.121515951535105,-11.966157419082663,1.0158989025860996,-2.9397695036011005,-0.0014811743227500088,True,4.930721327817631,-1.309980917563692,71.52169200441878,7.865642549099991,10.056573147235492,-3.715064534115311
2026-07-27T21:55:07.988+00:00,368.600000,103170.300000,1.217947,4095,2,02,80,FFFFFFFF,32,2.92472549,3.04135553,2.20495801,1.34666788,1.10310265,0.48104686,2.20507577,1.19480611,1.04250024,1.49767649,2.20676717,0.88908156,1.00863714,0.95799075,2.20517303,0.63903771,1.98412608,0.97815398,2.20486286,1.00416787,0.76622022,0.80987816,2.20732284,1.17228415,1.81909865,1.35919605,2.20756599,1.15103621,1.06356121,0.80867835,2.20763020,0.71085926,SD 02 80 FFFFFFFF 91D120 944396 7FDA94 60EE05 553C50 2DC31A 7FDB74 59D5BB 520DC7 676892 7FE804 497154 503947 4D69E3 7FDC2D 396BB1 791B49 4E8B07 7FD9DF 4FFAB5 41E813 44A79A 7FEC24 58BA7A 7394DD 617CF5 7FEDF2 57ABC4 532C45 44948A 7FEE6C 3E4DB7 7CB7BD 000FFF 02 0FBE17,2026-07-27T21:55:07.810+00:00,serial_request_midpoint,356.1879,True,matched,25.80295,25.80295,2026-07-27T21:55:07.835+00:00,230.29341,1785189307757.51,6911,False,,,,,,,,,,,,,,False,,,,,,,,,,,,,,True,0.36939770381620696,-16.892265535182425,23.832566668114513,55.72802388263756,0.18301187869054003,-0.08413891097197021,-2.3641997957068313,29.013047132294957,-16.99408787406937,-16.90980562417493,0.037881782159039236,0.013624425033264002,0.67426434805611,False,,,,,,,,,,,,,,False,,,,,,,,,,,,,,False,,,,,,,,,,,,,,True,0.082998125268068,11.237652866432859,9.399283497094718,76.14579752334973,0.1986041921413242,0.022215840550121244,-3.0361300308798045,0.0,0.0,0.0,0.0,0.0,0.0,True,2,0.36939770381616566,-17.844969606294324,23.752015796631873,60.69054235884687,2.879480559457793,1.158083850103078,0.2399712096179417,29.312427529801653,-17.04885635706399,-11.865195142919935,1.0173057632778448,-2.944611520501266,-0.0018715768307727063,True,4.964713579425805,-1.3574093158258933,71.40531898839448,7.857891302817782,10.117383745453337,-3.66339115175042
2026-07-27T21:55:08.545+00:00,369.800000,103171.500000,1.219777,4095,2,02,80,FFFFFFFF,32,2.92439557,3.04105730,2.20745178,1.34638814,1.10299963,0.48102343,2.20813133,1.19462728,1.04242749,1.49767241,2.20786180,0.88902043,1.00859886,0.95791875,2.20777705,0.63902216,1.98391545,0.97805913,2.20758862,1.00407258,0.76618630,0.80983389,2.20551953,1.17226903,1.81904305,1.35903252,2.20470884,1.15072882,1.06337770,0.80866778,2.20449596,0.71079207,SD 02 80 FFFFFFFF 91CF50 944205 7FED19 60EAD1 553AF4 2DC2A2 7FF224 59D37F 520CC8 676887 7FF024 497068 5038BE 4D68D9 7FEF83 396B6A 79198D 4E89AD 7FEE1D 4FF95F 41E785 44A6E6 7FDEC0 58BA49 73945E 617B19 7FD8BA 57A7D3 5329CA 44945F 7FD725 3E4C93 7CE7BC 000FFF 02 0FBE23,2026-07-27T21:55:08.367+00:00,serial_request_midpoint,357.0503,True,matched,66.93705,66.93705,2026-07-27T21:55:08.433+00:00,230.891736,1785189308357.491,6929,False,,,,,,,,,,,,,,False,,,,,,,,,,,,,,True,0.32722772916414067,-16.90121231351866,23.842026088065268,55.75161464259251,0.1791874321752963,-0.08665665186419562,-2.364506506504649,28.951258370986455,-17.074371402466415,-17.035753232343588,0.037132249918012214,0.017024575175039545,0.674154717086004,False,,,,,,,,,,,,,,False,,,,,,,,,,,,,,False,,,,,,,,,,,,,,True,0.07246766351429622,11.24855761992219,9.406361914178545,76.22424175294144,0.1910355635936972,0.014939078889171795,-3.0369447896929556,2.842170943040401e-15,0.0,0.0,0.0,0.0,0.0,True,2,0.3272277291641552,-17.84383514617371,23.776370998797802,60.71627723859795,2.878100176858589,1.1571803706570973,0.23518982078027625,29.26529576064412,-17.12008150385455,-11.991943740293664,1.016140906513029,-2.9414871373723526,-0.000702306605882344,True,4.977604814478932,-1.3108604745109147,71.45797216347383,7.835703006640924,10.061778445194397,-3.7766921409809013
2026-07-27T21:55:09.102+00:00,370.300000,103172.000000,1.217946,4095,2,02,80,FFFFFFFF,32,2.92418085,3.04064162,2.20686398,1.34619849,1.10294842,0.48100331,2.20515726,1.19447566,1.04238641,1.49765573,2.20458216,0.88891683,1.00852399,0.95791496,2.20466679,0.63900618,1.98374847,0.97796402,2.20714760,1.00400237,0.76616265,0.80983955,2.20782601,1.17221535,1.81909952,1.35889338,2.20782969,1.15038616,1.06317195,0.80866188,2.20780916,0.71074191,SD 02 80 FFFFFFFF 91CE22 943FD6 7FE8BC 60E8A5 553A47 2DC23B 7FDC0F 59D19A 520C38 67685A 7FD7C9 496ED8 5037B2 4D68CB 7FD86A 396B21 79182D 4E8852 7FEAD7 4FF863 41E722 44A6FD 7FEFE0 58B99B 7394DF 617984 7FEFE7 57A36E 532702 449447 7FEFC0 3E4BB9 7CB7BC 000FFF 02 0FBE28,2026-07-27T21:55:08.924+00:00,serial_request_midpoint,356.1997,True,matched,15.24825,15.24825,2026-07-27T21:55:08.940+00:00,231.397379,1785189308857.476,6944,False,,,,,,,,,,,,,,False,,,,,,,,,,,,,,True,0.3333435183079093,-16.908075071669,23.848832599655136,55.769238553042086,0.17986255637289597,-0.08802107952030216,-2.3650059421767042,28.95939103023657,-17.001773356464213,-17.033528659149965,0.04141840836702276,0.016368999150109236,0.6746806994708329,False,,,,,,,,,,,,,,False,,,,,,,,,,,,,,False,,,,,,,,,,,,,,True,0.062129298379949995,11.240742772601642,9.400636850640668,76.18348402665774,0.190865324057676,0.02004066899687745,-3.0377280724722517,-2.842170943040401e-15,-1.4210854715202005e-15,0.0,0.0,0.0,0.0,True,2,0.3333435183078853,-17.855081836200192,23.787450343547857,60.73312145813818,2.8773845609381086,1.1559628742498114,0.23592660953139744,29.277369131849525,-17.068447060131028,-11.990199636265197,1.017166912685104,-2.9417944926350406,-0.00724537043097974,True,4.941257888531391,-1.3060563866759138,71.51338721863719,7.840721636473782,10.06810082151036,-3.6445883369933654
2026-07-27T21:55:09.662+00:00,371.500000,103173.200000,1.217947,4095,2,02,80,FFFFFFFF,32,2.92418725,3.04061188,2.20513781,1.34606445,1.10286790,0.48101776,2.20762125,1.19440345,1.04231851,1.49766685,2.20771284,0.88886088,1.00847789,0.95788086,2.20802973,0.63898473,1.98369819,0.97790755,2.20754704,1.00395139,0.76612275,0.80978667,2.20729705,1.17219067,1.81901152,1.35863782,2.20519879,1.15012640,1.06301910,0.80862969,2.20751072,0.71071200,SD 02 80 FFFFFFFF 91CE2B 943FAE 7FDBEA 60E71C 553937 2DC285 7FEE5B 59D0B3 520B4A 676878 7FEF09 496E00 50370D 4D684D 7FF163 396ABF 7917C3 4E8784 7FEDCE 4FF7AC 41E67B 44A626 7FEBF3 58B94B 739416 61769C 7FDC5E 57A019 5324F1 4493C4 7FED89 3E4B37 7CB7BE 000FFF 02 0FBE34,2026-07-27T21:55:09.482+00:00,serial_request_midpoint,358.8255,True,matched,60.35395,60.35395,2026-07-27T21:55:09.542+00:00,232.000159,1785189309490.792,6963,False,,,,,,,,,,,,,,False,,,,,,,,,,,,,,True,0.3396819712957071,-16.895078645584395,23.833662055000353,55.732001411388524,0.18068215002591087,-0.08540021460073281,-2.3644220605027413,28.972704295303153,-17.09375718751396,-16.981259129909187,0.033246397980679895,0.01846356716458599,0.6747871638088424,False,,,,,,,,,,,,,,False,,,,,,,,,,,,,,False,,,,,,,,,,,,,,True,0.10811693564340187,11.248318264605796,9.405300690290053,76.21977555331812,0.19247790678562088,0.010840025180518383,-3.0377417488374503,0.0,-1.4210854715202005e-15,0.0,0.0,0.0,0.0,True,2,0.3396819712956882,-17.84124081213438,23.761209756585064,60.69589614287774,2.878854657337693,1.1575714568248112,0.23707176371455652,29.287072511256895,-17.118792418223556,-11.937325253629274,1.0166010125754223,-2.9398610734340407,0.005246576139516429,True,4.976152041590521,-1.337124399592264,71.42023857846767,7.8395508950349235,10.081646772806698,-3.8310783372748687
2026-07-27T21:55:10.217+00:00,372.700000,103174.400000,1.217946,4095,2,02,80,FFFFFFFF,32,2.92391569,3.04061560,2.20502845,1.34580697,1.10275720,0.48101327,2.20520037,1.19431155,1.04234133,1.49765128,2.20729916,0.88882670,1.00847230,0.95787734,2.20762809,0.63897356,1.98347954,0.97782149,2.20750546,1.00387924,0.76610149,0.80979552,2.20540858,1.17215488,1.81895636,1.35849288,2.20719601,1.14985327,1.06287898,0.80860216,2.20528607,0.71064781,SD 02 80 FFFFFFFF 91CCAD 943FB3 7FDB1A 60E429 5537C1 2DC26E 7FDC61 59CF8D 520B9A 67684E 7FEBF7 496D7C 5036F9 4D6840 7FEE68 396A8C 7915F6 4E864A 7FED7F 4FF6A9 41E622 44A64A 7FDDED 58B8D7 739398 6174F6 7FEB33 579C98 53230C 449354 7FDD04 3E4A20 7CB7BC 000FFF 02 0FBE40,2026-07-27T21:55:10.039+00:00,serial_request_midpoint,355.8735,True,matched,94.32245,94.32245,2026-07-27T21:55:10.133+00:00,232.591718,1785189310057.489,6980,False,,,,,,,,,,,,,,False,,,,,,,,,,,,,,True,0.28522933785721116,-16.900257968497232,23.83909186807544,55.74417113339956,0.18008888622064334,-0.0881114615815694,-2.3654385759232146,28.97934525458167,-17.02311996381247,-16.989285256732888,0.040002251199921485,0.015053972153289779,0.673702715995037,False,,,,,,,,,,,,,,False,,,,,,,,,,,,,,False,,,,,,,,,,,,,,True,0.10799485270798108,11.24251857923945,9.400941159763052,76.18307547119267,0.1937108849998564,0.01870397948183256,-3.037067444285164,0.0,0.0,0.0,0.0,0.0,0.0,True,2,0.28522933785677496,-17.848174722655624,23.77794695743213,60.70788292071696,2.8775616442292193,1.1552918260658638,0.23618799338005594,29.28888878672833,-17.085586173723925,-11.94537800592118,1.0160870760155942,-2.943523923982517,-0.005107309889068486,True,4.935108580831146,-1.3260712473984142,71.49127694193061,7.865628910867199,10.079875285372458,-3.6596701461293266
2026-07-27T21:55:10.774+00:00,373.200000,103174.900000,1.217946,4095,2,02,80,FFFFFFFF,32,2.92369107,3.04032935,2.20680084,1.34572036,1.10267196,0.48098554,2.20751809,1.19416496,1.04225489,1.49764757,2.20768915,0.88879769,1.00842453,0.95787301,2.20774547,0.63895321,1.98339986,0.97775653,2.20759335,1.00382547,0.76608095,0.80975666,2.20791549,1.17212588,1.81889595,1.35839363,2.20744388,1.14958507,1.06268716,0.80854736,2.20508418,0.71061745,SD 02 80 FFFFFFFF 91CB71 943E32 7FE844 60E32B 5536A1 2DC1E0 7FED97 59CDB8 520A6B 676844 7FEEDC 496D0C 50364E 4D6830 7FEF47 396A2F 79154E 4E855D 7FEE26 4FF5E8 41E5CC 44A5AC 7FF08A 58B879 73930E 6173D5 7FED0A 579927 532074 449275 7FDB84 3E499C 7CB7BC 000FFF 02 0FBE45,2026-07-27T21:55:10.596+00:00,serial_request_midpoint,356.7414,True,matched,40.267,40.267,2026-07-27T21:55:10.636+00:00,233.094142,1785189310557.533,6995,False,,,,,,,,,,,,,,False,,,,,,,,,,,,,,True,0.31455355429989657,-16.89975454536783,23.840231403907566,55.745793244847995,0.18123030445875515,-0.0868951762432744,-2.364073204711055,28.991080622714726,-17.04516087925987,-16.923103053445764,0.03794555425799164,0.014909038811979813,0.6745639844745485,False,,,,,,,,,,,,,,False,,,,,,,,,,,,,,False,,,,,,,,,,,,,,True,0.04501292742645171,11.239577891132448,9.402530997101742,76.16985892780114,0.19590124285742833,0.017820226229001625,-3.0365611798319567,0.0,0.0,0.0,0.0,0.0,0.0,True,2,0.31455355429989923,-17.85010375128646,23.77225004972867,60.70895131341159,2.877553416606493,1.1575423769229776,0.23766319319678378,29.296556228637325,-17.09804292761573,-11.878837870646397,1.0173740950563033,-2.9432603040528122,-0.001955104077584446,True,4.963492498460934,-1.3111514521247245,71.47622162591324,7.8430876562897796,10.064138430337977,-3.660814700499145
2026-07-27T21:55:11.330+00:00,374.400000,103176.100000,1.220388,4095,2,02,80,FFFFFFFF,32,2.92365410,3.04018512,2.20446916,1.34552396,1.10262164,0.48099120,2.20450490,1.19412433,1.04220925,1.49762422,2.20467625,0.88872880,1.00840022,0.95781942,2.20676612,0.63892278,1.98328035,0.97771405,2.20515358,1.00372937,0.76605205,0.80976158,2.20488336,1.17217678,1.81884910,1.35840943,2.20715128,1.14939452,1.06264527,0.80856383,2.20787496,0.71062067,SD 02 80 FFFFFFFF 91CB3D 943D70 7FD6F2 60E0EB 5535F7 2DC1FD 7FD736 59CD36 5209CB 676805 7FD87C 496C02 5035F7 4D676A 7FE802 3969A4 791452 4E84C2 7FDC08 4FF48F 41E553 44A5C0 7FDA06 58B91E 7392A3 617403 7FEADE 5796B5 531FE3 4492B8 7FF03D 3E49AA 7CF7BD 000FFF 02 0FBE51,2026-07-27T21:55:11.152+00:00,serial_request_midpoint,354.9571,True,matched,78.73575,78.73575,2026-07-27T21:55:11.231+00:00,233.688941,1785189311157.525,7013,False,,,,,,,,,,,,,,False,,,,,,,,,,,,,,True,0.3529254765264185,-16.902890459254678,23.848082884705814,55.75952735607335,0.18077801552544528,-0.08620775401555611,-2.364027235747083,28.96415791363821,-17.00159324623224,-16.992965915220644,0.039868886719996624,0.015984225298104955,0.675449236418371,False,,,,,,,,,,,,,,False,,,,,,,,,,,,,,False,,,,,,,,,,,,,,True,0.09142974463415754,11.234859205431132,9.397910902817594,76.16043617538034,0.1926130159299838,0.02057319175100477,-3.0374650422277694,-2.842170943040401e-15,0.0,0.0,0.0,0.0,0.0,True,2,0.3529254765264589,-17.850610547688614,23.77822323326988,60.72316205027431,2.878042014931376,1.1578706729626826,0.23715231878347912,29.277779898252078,-17.061468440906093,-11.949278838663952,1.0183935461087386,-2.941796946482683,-0.004872364843089661,True,4.971519655056753,-1.3064197052582358,71.46943472444546,7.813104289083384,10.069479540736678,-3.65767601757434
2026-07-27T21:55:11.887+00:00,374.900000,103176.600000,1.218557,4095,2,02,80,FFFFFFFF,32,2.92476673,3.04114803,2.20765178,1.34593894,1.10269149,0.48101601,2.20775494,1.19410464,1.04238127,1.49763460,2.20749914,0.88882333,1.00844716,0.95789656,2.20797393,0.63893635,1.98349661,0.97774009,2.20787865,1.00386057,0.76607116,0.80982233,2.20738915,1.17234648,1.81893141,1.35857291,2.20747914,1.14931599,1.06266203,0.80856555,2.20774863,0.71063240,SD 02 80 FFFFFFFF 91D15A 94427F 7FEE95 60E5AC 5536E3 2DC27C 7FEF59 59CCF7 520C26 676821 7FED73 496D6F 50369F 4D6887 7FF0F9 3969E2 79161A 4E8521 7FF044 4FF666 41E5A3 44A6B7 7FECA2 58BB44 73935F 6175DF 7FED4D 5795B3 53201D 4492BF 7FEF4D 3E49DD 7CC7BD 000FFF 02 0FBE56,2026-07-27T21:55:11.709+00:00,serial_request_midpoint,356.8382,True,matched,25.2727,25.2727,2026-07-27T21:55:11.734+00:00,234.191856,1785189311657.512,7028,False,,,,,,,,,,,,,,False,,,,,,,,,,,,,,True,0.30063648020568745,-16.90596450151928,23.838448722972736,55.74329054866335,0.179160014757586,-0.08488535465054065,-2.364180078436047,28.999598957944592,-17.019938884769402,-17.009240333650563,0.03608662786817536,0.01527190560495315,0.6756893803399983,False,,,,,,,,,,,,,,False,,,,,,,,,,,,,,False,,,,,,,,,,,,,,True,0.09766457065722649,11.24405082019109,9.406084089454007,76.2189542635084,0.1934183565822365,0.016628563534666015,-3.0379375765361343,0.0,0.0,0.0,0.0,0.0,0.0,True,2,0.3006364802051289,-17.845918203789154,23.766191520767485,60.70836708637644,2.8791688433641145,1.1582216046281038,0.2352566974062442,29.303684115806448,-17.063263071570425,-11.9648003922263,1.0189050661932717,-2.942385688414896,0.0009020154980754644,True,4.992945109408836,-1.3236703904175358,71.40679998895028,7.816961381553739,10.089438213836038,-3.8025167792303365
2026-07-27T21:55:12.444+00:00,376.100000,103177.800000,1.219167,4095,2,02,80,FFFFFFFF,32,2.92531860,3.04166124,2.20510836,1.34618860,1.10265242,0.48099687,2.20750809,1.19407495,1.04248255,1.49763312,2.20751125,0.88881711,1.00846476,0.95788790,2.20762704,0.63892847,1.98342310,0.97771981,2.20748651,1.00384831,0.76608883,0.80982258,2.20748599,1.17232179,1.81893141,1.35856123,2.20748493,1.14910082,1.06254158,0.80856137,2.20506578,0.71059697,SD 02 80 FFFFFFFF 91D462 944531 7FDBB2 60E888 55365F 2DC21A 7FED84 59CC98 520D89 67681D 7FED8A 496D57 5036DE 4D6867 7FEE66 3969BE 79157F 4E84D7 7FED5B 4FF63A 41E5ED 44A6B8 7FED5A 58BAF4 73935F 6175BD 7FED58 5792F0 531E7C 4492AE 7FDB61 3E4943 7CD7BC 000FFF 02 0FBE62,2026-07-27T21:55:12.266+00:00,serial_request_midpoint,356.1189,True,matched,60.39635,60.39635,2026-07-27T21:55:12.326+00:00,234.784268,1785189312257.564,7046,False,,,,,,,,,,,,,,False,,,,,,,,,,,,,,True,0.34576892859360736,-16.90021131678434,23.859912660177805,55.789502324734336,0.18159312734876193,-0.0870355529986165,-2.3650217151159802,28.997933818353665,-17.041624269785636,-16.88829435765773,0.03879583778268359,0.014904342592928796,0.6740180027895611,False,,,,,,,,,,,,,,False,,,,,,,,,,,,,,False,,,,,,,,,,,,,,True,0.09157789793938464,11.246793349237857,9.402611262639079,76.16704325657174,0.19587689616725887,0.018946568385441672,-3.036923991322059,-2.842170943040401e-15,-1.4210854715202005e-15,-1.1368683772161604e-14,0.0,0.0,0.0,True,2,0.3457689285936462,-17.851994688148658,23.792437180621413,60.752392469063295,2.8779908661918805,1.1561012126165766,0.23807741987138115,29.30479596928209,-17.098621724319297,-11.8441581559351,1.0165803092358867,-2.943523433327619,-0.0032613527717999667,True,4.934414863891419,-1.3138600901283042,71.5238683109148,7.868537609935061,10.068878955905118,-3.598853487611484
2026-07-27T21:55:13.002+00:00,376.600000,103178.300000,1.214895,4095,2,02,80,FFFFFFFF,32,2.92478949,3.04113390,2.20461317,1.34600272,1.10258435,0.48099491,2.20484604,1.19399495,1.04242606,1.49762125,2.20424317,0.88878319,1.00844185,0.95786056,2.20675033,0.63893416,1.98335575,0.97765157,2.20752283,1.00377867,0.76609170,0.80981569,2.20785338,1.17246712,1.81900145,1.35891571,2.20760283,1.14916655,1.06273945,0.80858865,2.20769283,0.71065034,SD 02 80 FFFFFFFF 91D17A 94426C 7FD804 60E667 553579 2DC210 7FD9BF 59CB98 520CC3 6767FD 7FD544 496CD4 50368C 4D6802 7FE7E4 3969D8 7914F1 4E83DE 7FEDA0 4FF540 41E5F9 44A69C 7FF014 58BCCB 7393FF 6179C5 7FEE38 5793C8 532129 44931D 7FEEE3 3E4A2B 7C67BC 000FFF 02 0FBE67,2026-07-27T21:55:12.823+00:00,serial_request_midpoint,357.4508,True,matched,19.5362,19.5362,2026-07-27T21:55:12.843+00:00,235.300978,1785189312790.939,7062,False,,,,,,,,,,,,,,False,,,,,,,,,,,,,,True,0.32289153370137014,-16.918875549767073,23.85493555838272,55.782735257101635,0.17876154682632991,-0.08732995704566056,-2.3649660589374872,28.97458089370403,-17.08020964924747,-16.94702970827816,0.03717370968189216,0.0159085018376681,0.6741865662490331,False,,,,,,,,,,,,,,False,,,,,,,,,,,,,,False,,,,,,,,,,,,,,True,0.07343032768924211,11.241470144376109,9.405684795590544,76.19537345851032,0.19235410228747815,0.01471600279119724,-3.0373165077655333,0.0,0.0,0.0,0.0,0.0,0.0,True,2,0.32289153370135887,-17.860916608909594,23.79260400149882,60.74755111506956,2.8779175951731384,1.1563412223372056,0.2346290387362318,29.283472679064857,-17.127938275221478,-11.902921171894059,1.0165141350665223,-2.94251687858514,-0.0007734480367041492,True,4.949304153945539,-1.2998636143137419,71.5008395623939,7.845240161533002,10.05042327113717,-3.6986439391451653
2026-07-27T21:55:13.557+00:00,377.800000,103179.500000,1.218557,4095,2,02,80,FFFFFFFF,32,2.92696283,3.04312478,2.20764336,1.34698827,1.10268439,0.48099511,2.20810711,1.19407495,1.04281868,1.49759678,2.20754441,0.88892512,1.00858545,0.95796937,2.20786496,0.63899721,1.98361898,0.97780148,2.20557159,1.00400962,0.76614258,0.80988407,2.20728968,1.17258562,1.81904699,1.35906241,2.20751178,1.14906795,1.06275013,0.80859283,2.20548851,0.71065748,SD 02 80 FFFFFFFF 91DD69 944CE0 7FEE85 60F1B0 5536CB 2DC211 7FF1F6 59CC98 521223 6767BB 7FEDC9 496EF8 50388E 4D6994 7FF02A 396AF8 79171C 4E8601 7FDF23 4FF87D 41E6CE 44A7B2 7FEBE5 58BE4B 739467 617B70 7FED8B 579284 53214E 44932E 7FDE85 3E4A4A 7CC7BE 000FFF 02 0FBE73,2026-07-27T21:55:13.380+00:00,serial_request_midpoint,354.3367,True,matched,61.59245,61.59245,2026-07-27T21:55:13.442+00:00,235.899781,1785189313390.958,7080,False,,,,,,,,,,,,,,False,,,,,,,,,,,,,,True,0.3314112769166396,-16.902074296373193,23.84745141587741,55.75802959071872,0.18230968702681583,-0.08661553137584792,-2.3639437896083524,28.94827696837741,-17.069341162920765,-17.079800209945027,0.035986471828015294,0.022130059765868973,0.6758591806150552,False,,,,,,,,,,,,,,False,,,,,,,,,,,,,,False,,,,,,,,,,,,,,True,0.09961250398604304,11.252120438620103,9.409546822312574,76.251271212212,0.1882440626214884,0.011962640998917657,-3.0386610282017266,2.842170943040401e-15,1.4210854715202005e-15,0.0,0.0,0.0,0.0,True,2,0.33141127691660244,-17.855902879886926,23.776814480205534,60.72048307193584,2.8776110769027063,1.1577202010269203,0.23899001023214003,29.284205067889182,-17.100868352883833,-12.037292753837084,1.0171506857613408,-2.9358784545234524,0.0011038110521144856,True,4.953180959991068,-1.3093188181232733,71.49094848695128,7.840989230164385,10.064341789437734,-3.8025391332114737
2026-07-27T21:55:14.116+00:00,378.400000,103180.100000,1.217336,4095,2,02,80,FFFFFFFF,32,2.92654509,3.04268571,2.20691712,1.34683165,1.10263052,0.48100487,2.20778284,1.19400745,1.04275562,1.49756342,2.20763441,0.88890491,1.00854187,0.95798019,2.20539544,0.63898911,1.98357013,0.97774173,2.20714497,1.00391517,0.76611798,0.80987226,2.20795340,1.17254396,1.81890777,1.35895247,2.20777863,1.14894015,1.06264787,0.80860438,2.20804394,0.71063815,SD 02 80 FFFFFFFF 91DB1E 944A92 7FE921 60EFE5 553615 2DC243 7FEF8E 59CBC0 521146 676761 7FEE74 496EAA 5037F2 4D69BC 7FDDD4 396AD3 7916B5 4E8527 7FEAD2 4FF72A 41E667 44A782 7FF0D2 58BDC4 739329 617A30 7FEF86 5790E0 531FEC 44935D 7FF17E 3E49F6 7CA7BE 000FFF 02 0FBE79,2026-07-27T21:55:13.937+00:00,serial_request_midpoint,358.2157,True,matched,20.97095,20.97095,2026-07-27T21:55:13.957+00:00,236.415627,1785189313891.08,7095,False,,,,,,,,,,,,,,False,,,,,,,,,,,,,,True,0.3398927609814928,-16.90224365698653,23.84115218517307,55.75017613608666,0.1810034721040312,-0.08645746525915576,-2.364148729241155,28.969999046599572,-16.97499341337724,-17.04899827729745,0.04061003880064831,0.016552995732080307,0.6756471410536832,False,,,,,,,,,,,,,,False,,,,,,,,,,,,,,False,,,,,,,,,,,,,,True,0.07782033139276977,11.239394758696514,9.401880703826718,76.18630137480062,0.19177895793805091,0.021115138652678035,-3.0378234642332824,0.0,0.0,0.0,0.0,0.0,0.0,True,2,0.3398927609814791,-17.851130491435942,23.771943431935984,60.713597034627,2.877922656594368,1.1575953096501022,0.2374101078099816,29.28748630961138,-17.03734321107557,-12.005583022459188,1.0185294268872755,-2.9411579455520966,-0.005996447738007279,True,4.964801356833246,-1.3149519582938098,71.46777056432938,7.823531026553136,10.084970647252794,-3.6839227728843413
2026-07-27T21:55:14.674+00:00,379.500000,103181.200000,1.215505,4095,2,02,80,FFFFFFFF,32,2.92651663,3.04273408,2.20764336,1.34677842,1.10259738,0.48098730,2.20777968,1.19397120,1.04272594,1.49752745,2.20771652,0.88888575,1.00850443,0.95796504,2.20736968,0.63898845,1.98345487,0.97772447,2.20752230,1.00394080,0.76612705,0.80988481,2.20545012,1.17252791,1.81888281,1.35883396,2.20472618,1.14876701,1.06256209,0.80853778,2.20722390,0.71058363,SD 02 80 FFFFFFFF 91DAF6 944AD3 7FEE85 60EF49 5535A5 2DC1E9 7FEF88 59CB4C 5210DE 676700 7FEF10 496E60 50376C 4D6984 7FEC7D 396AD0 7915C2 4E84E8 7FED9F 4FF786 41E68D 44A7B5 7FDE3C 58BD90 7392F0 6178D7 7FD8DB 578EA7 531EC3 44924E 7FEB68 3E4909 7C77BD 000FFF 02 0FBE84,2026-07-27T21:55:14.495+00:00,serial_request_midpoint,357.7911,True,matched,71.77185,71.77185,2026-07-27T21:55:14.567+00:00,237.025058,1785189314491.358,7113,False,,,,,,,,,,,,,,False,,,,,,,,,,,,,,True,0.34582138787644984,-16.896286659006183,23.837233184004596,55.72832906584368,0.18065836667148277,-0.08453521226903347,-2.3637892310887825,28.998221571482627,-17.166988020513458,-16.782478208648648,0.02920300562314736,0.015797966146411078,0.6746094287962621,False,,,,,,,,,,,,,,False,,,,,,,,,,,,,,False,,,,,,,,,,,,,,True,0.06289233467913244,11.234970333326428,9.39548112394065,76.15679166820308,0.19804765639569383,0.007672284408570669,-3.036723941022778,0.0,0.0,0.0,0.0,0.0,0.0,True,2,0.3458213878764791,-17.841142928167116,23.76131325697914,60.69242071444538,2.8790980525055017,1.158761360799273,0.23710132759959618,29.293525599503617,-17.17755636349122,-11.73734124900418,1.0170593206823788,-2.9424673445343776,0.011405234160911165,True,4.996518246016461,-1.3271012745892876,71.39681248219765,7.821209202376258,10.050363289386114,-3.790559847061627
2026-07-27T21:55:15.230+00:00,380.700000,103182.400000,1.220388,4095,2,02,80,FFFFFFFF,32,2.92584712,3.04232706,2.20739020,1.34658805,1.10252191,0.48100976,2.20514990,1.19387401,1.04259297,1.49754154,2.20490964,0.88883680,1.00846895,0.95793201,2.20491227,0.63896218,1.98342357,0.97766691,2.20448598,1.00386559,0.76607856,0.80982750,2.20687924,1.17241127,1.81884254,1.35862786,2.20761441,1.14850932,1.06243529,0.80850804,2.20553636,0.71053302,SD 02 80 FFFFFFFF 91D749 9448B0 7FECA4 60ED1B 5534A6 2DC25C 7FDC01 59CA15 520F0C 676726 7FDA38 496DA3 5036ED 4D690A 7FDA3D 396A58 791580 4E8416 7FD712 4FF678 41E5C2 44A6CC 7FE8D9 58BC16 739294 61767F 7FEE4E 578B58 531D0C 4491D5 7FDEE0 3E482D 7CF7BE 000FFF 02 0FBE90,2026-07-27T21:55:15.052+00:00,serial_request_midpoint,355.2147,True,matched,27.38705,27.38705,2026-07-27T21:55:15.079+00:00,237.537847,1785189315024.74,7129,False,,,,,,,,,,,,,,False,,,,,,,,,,,,,,True,0.3517773725873059,-16.90928722827446,23.86547409177985,55.80350729401513,0.1819415713762463,-0.08922247680256654,-2.3650392862663914,28.953742403303067,-17.07268630161804,-16.994127755014926,0.03970939124902049,0.01913402146078196,0.6740114378319166,False,,,,,,,,,,,,,,False,,,,,,,,,,,,,,False,,,,,,,,,,,,,,True,0.0754273479223606,11.245342781711754,9.410707100322846,76.22341706579238,0.1907796346772914,0.015523985578575988,-3.0374619998751333,2.842170943040401e-15,0.0,0.0,0.0,0.0,0.0,True,2,0.35177737258735636,-17.86551925832754,23.80548504143745,60.765638358339956,2.8764263796526266,1.1553397913516177,0.23838170558783753,29.281852801141884,-17.127007264818012,-11.951299592090379,1.0153495365364895,-2.9395528508535587,-0.004620808101347345,True,4.906080158682295,-1.2896256582804284,71.59434990183816,7.878373818484221,10.043184346401862,-3.6300562967241716
2026-07-27T21:55:15.786+00:00,381.200000,103182.900000,1.216116,4095,2,02,80,FFFFFFFF,32,2.92504407,3.04173264,2.20445129,1.34618894,1.10249172,0.48101386,2.20491648,1.19378496,1.04250110,1.49757602,2.20721601,0.88877153,1.00841894,0.95788356,2.20544276,0.63895408,1.98326944,0.97762362,2.20468624,1.00379594,0.76605587,0.80983192,2.20686135,1.17233876,1.81873704,1.35840290,2.20755967,1.14834536,1.06234142,0.80851394,2.20762020,0.71049805,SD 02 80 FFFFFFFF 91D2E0 944591 7FD6D0 60E889 553440 2DC271 7FDA45 59C8F8 520DCA 676783 7FEB59 496CA7 50363A 4D6857 7FDE2E 396A33 79143B 4E8378 7FD88F 4FF57E 41E563 44A6DE 7FE8B7 58BB2B 7391A3 6173F0 7FEDE6 57893D 531BC7 4491ED 7FEE59 3E4795 7C87BE 000FFF 02 0FBE95,2026-07-27T21:55:15.608+00:00,serial_request_midpoint,354.9631,True,matched,74.05965,74.05965,2026-07-27T21:55:15.682+00:00,238.140323,1785189315624.71,7147,False,,,,,,,,,,,,,,False,,,,,,,,,,,,,,True,0.36054255832268,-16.85942894537082,23.871084561164164,55.76381576975492,0.18844947950650345,-0.08693685012990263,-2.3641341067431814,28.9525785219305,-17.081346259951108,-16.89032918532563,0.03688493196604047,0.02146366165328985,0.6745210586728164,False,,,,,,,,,,,,,,False,,,,,,,,,,,,,,False,,,,,,,,,,,,,,True,0.08867580290594103,11.242302053880053,9.404175740317095,76.16745949151696,0.19559014578508835,0.015484422975162074,-3.03723281261901,0.0,1.4210854715202005e-15,0.0,0.0,0.0,0.0,True,2,0.3605425583193247,-17.83576456154632,23.79284010652475,60.72177480742289,2.877120544764689,1.156771382779624,0.24641443644644534,29.286924198358896,-17.118514559216994,-11.847756158043683,1.015384423145787,-2.9371502592408767,-0.0002876897746054628,True,4.914554333143985,-1.3195878267832513,71.55506923785622,7.878070116813464,10.067285861958705,-3.59157440694064
2026-07-27T21:55:16.343+00:00,382.400000,103184.100000,1.218557,4095,2,02,80,FFFFFFFF,32,2.92468069,3.04141503,2.20731073,1.34593724,1.10244822,0.48095878,2.20763336,1.19370746,1.04239782,1.49757009,2.20532866,0.88870964,1.00838877,0.95783864,2.20491490,0.63893263,1.98303376,0.97754935,2.20698868,1.00366948,0.76601478,0.80976109,2.20758704,1.17227428,1.81872522,1.35823120,2.20758599,1.14812423,1.06217999,0.80851247,2.20539386,0.71046608,SD 02 80 FFFFFFFF 91D0E1 9443E6 7FEC0D 60E5A7 5533AD 2DC157 7FEE72 59C800 520C60 676773 7FDD55 496BB8 5035CE 4D67B1 7FDA42 3969D1 79124A 4E8269 7FE9A9 4FF3B8 41E4B7 44A5BE 7FEE1A 58BA5A 739188 6171FC 7FEE18 578666 531998 4491E7 7FDDD1 3E470A 7CC7BE 000FFF 02 0FBEA1,2026-07-27T21:55:16.164+00:00,serial_request_midpoint,356.7883,True,matched,48.50035,48.50035,2026-07-27T21:55:16.213+00:00,238.670824,1785189316158.041,7163,False,,,,,,,,,,,,,,False,,,,,,,,,,,,,,True,0.30026636756729636,-16.916732157592026,23.825195423305743,55.72445294785566,0.1776644755958463,-0.08317946284444556,-2.363434383068529,28.94504483399075,-17.065636659315498,-17.113477888915828,0.034671777569483066,0.017666855690646178,0.6750305505011394,False,,,,,,,,,,,,,,False,,,,,,,,,,,,,,False,,,,,,,,,,,,,,True,0.08740912599621081,11.252867514989976,9.408651323675532,76.23200304516868,0.1884928699634586,0.014554853906209338,-3.0369079045783693,0.0,0.0,-1.1368683772161604e-14,0.0,0.0,0.0,True,2,0.3002663675672765,-17.848859750287932,23.748479274717784,60.6909382094142,2.880030909605621,1.1599748019554983,0.23354519465887516,29.25801807834472,-17.098578138226465,-12.06950270290597,1.0172126531928922,-2.940477659695707,0.0030695466690552234,True,5.029711370239042,-1.3281246054724734,71.33547840855688,7.80221194107626,10.08425886400872,-3.9262189523533153
2026-07-27T21:55:16.900+00:00,382.900000,103184.600000,1.217947,4095,2,02,80,FFFFFFFF,32,2.92452781,3.04084611,2.20702289,1.34571763,1.10240028,0.48096718,2.20564626,1.19365278,1.04237499,1.49753709,2.20475142,0.88865241,1.00837983,0.95780480,2.20468729,0.63892037,1.98296690,0.97749619,2.20695343,1.00363132,0.76600570,0.80976945,2.20768073,1.17228076,1.81879613,1.35804715,2.20521036,1.14795513,1.06203156,0.80849109,2.20501531,0.71042536,SD 02 80 FFFFFFFF 91D00A 9440E9 7FE9EA 60E323 55330B 2DC182 7FDFB1 59C751 520C10 67671A 7FD90B 496ADB 5035AE 4D6734 7FD891 396999 7911BD 4E81A7 7FE966 4FF32F 41E491 44A5E0 7FEECC 58BA6F 73922A 616FE4 7FDC74 57843A 531796 449190 7FDB01 3E4659 7CB7BE 000FFF 02 0FBEA6,2026-07-27T21:55:16.722+00:00,serial_request_midpoint,356.6712,True,matched,15.7234,15.7234,2026-07-27T21:55:16.737+00:00,239.195077,1785189316658.036,7178,False,,,,,,,,,,,,,,False,,,,,,,,,,,,,,True,0.3087756885738294,-16.900839764739256,23.843970237321976,55.74535754498786,0.179768189327702,-0.08489092294851248,-2.3648564646832337,28.996899569533696,-17.093784254959637,-16.94674198070801,0.033116706098758365,0.016125639507940662,0.6743116354141262,False,,,,,,,,,,,,,,False,,,,,,,,,,,,,,False,,,,,,,,,,,,,,True,0.08725465190410213,11.247180371128898,9.406164070717159,76.22579758146483,0.1945247317867973,0.0121376849429319,-3.037435428548275,-2.842170943040401e-15,0.0,0.0,0.0,0.0,0.0,True,2,0.30877568857379456,-17.84293788934915,23.77121974011873,60.71002083352263,2.8795273218836566,1.1571926978273817,0.23598178294600602,29.30015843073046,-17.12217204994051,-11.902145735619262,1.0165792812742909,-2.9422857585683437,0.005425646857320958,True,4.9740902939348555,-1.3368595329230915,71.4123053949618,7.848892021559865,10.084225926892683,-3.825859875082597
2026-07-27T21:55:17.456+00:00,384.100000,103185.800000,1.220388,4095,2,02,80,FFFFFFFF,32,2.92452355,3.04099186,2.20439978,1.34568898,1.10234643,0.48097870,2.20469780,1.19357811,1.04233448,1.49756490,2.20719759,0.88861175,1.00833485,0.95778315,2.20525558,0.63892037,1.98296453,0.97746879,2.20479347,1.00360235,0.76600021,0.80976158,2.20485918,1.17232364,1.81878475,1.35803719,2.20706866,1.14781677,1.06193599,0.80847610,2.20755651,0.71041432,SD 02 80 FFFFFFFF 91D004 9441AD 7FD66E 60E2CF 553255 2DC1BD 7FD8A5 59C662 520B82 676765 7FEB36 496A3E 50350D 4D66E4 7FDCCA 396999 7911B8 4E8143 7FD95B 4FF2C7 41E47A 44A5C0 7FD9D8 58BAFA 739210 616FC7 7FEA41 578273 53164B 449153 7FEDE0 3E4629 7CF7BE 000FFF 02 0FBEB2,2026-07-27T21:55:17.278+00:00,serial_request_midpoint,355.528,True,matched,56.6209,56.6209,2026-07-27T21:55:17.334+00:00,239.792513,1785189317258.017,7196,False,,,,,,,,,,,,,,False,,,,,,,,,,,,,,True,0.3107125531500818,-16.917026263571742,23.856452214459264,55.78262100764958,0.1818332399812305,-0.08831379716510152,-2.3644403115827535,28.992819436093704,-17.03717293987385,-16.9365076341959,0.04030940294974483,0.01568594946068186,0.6744441719771839,False,,,,,,,,,,,,,,False,,,,,,,,,,,,,,False,,,,,,,,,,,,,,True,0.05367276469458771,11.236497347932822,9.403862284327793,76.18350049967631,0.19473117022352152,0.019291722267976086,-3.036822525936483,0.0,0.0,1.1368683772161604e-14,0.0,0.0,0.0,True,2,0.31071255315011875,-17.871589756540555,23.792975508777513,60.74502993080908,2.8767255524359987,1.1565030504871758,0.23831093878934342,29.305797861301137,-17.099849702800686,-11.892814621762478,1.0170021679367163,-2.9425644730108678,-0.005561111906345074,True,4.920447436197668,-1.2929994641214164,71.55188955773468,7.867643265447353,10.048729872633931,-3.590316847434815
2026-07-27T21:55:18.013+00:00,384.600000,103186.300000,1.218557,4095,2,02,80,FFFFFFFF,32,2.92475891,3.04104020,2.20755599,1.34572206,1.10227630,0.48095683,2.20759862,1.19346876,1.04235132,1.49759382,2.20781021,0.88860424,1.00832899,0.95779939,2.20773389,0.63892256,1.98283698,0.97741919,2.20498692,1.00354609,0.76599113,0.80975396,2.20702394,1.17224096,1.81882897,1.35791496,2.20521299,1.14760939,1.06188979,0.80844686,2.20512414,0.71036923,SD 02 80 FFFFFFFF 91D14F 9441EE 7FEDDF 60E330 553168 2DC14D 7FEE30 59C504 520BBD 6767B3 7FEFC2 496A21 5034F8 4D6720 7FEF31 3969A3 7910AB 4E808E 7FDACB 4FF1FD 41E454 44A5A1 7FE9EC 58B9EE 739275 616E63 7FDC79 577FC9 5315AB 4490DC 7FDBD0 3E4565 7CC7BE 000FFF 02 0FBEB7,2026-07-27T21:55:17.835+00:00,serial_request_midpoint,356.9095,True,matched,22.88935,22.88935,2026-07-27T21:55:17.857+00:00,240.315664,1785189317791.354,7212,False,,,,,,,,,,,,,,False,,,,,,,,,,,,,,True,0.31560934931104107,-16.92743847651756,23.84062658886319,55.75544348298828,0.17914440685836644,-0.08598801031007107,-2.3638292409608335,29.076025505040455,-16.97343192172711,-16.801817736519432,0.03975360431442492,0.008018558173661197,0.6755202205477739,False,,,,,,,,,,,,,,False,,,,,,,,,,,,,,False,,,,,,,,,,,,,,True,0.08137455415991762,11.231155461523606,9.39291950016627,76.1066369844568,0.2017393855492795,0.024481848406029152,-3.036373185117168,0.0,0.0,0.0,0.0,0.0,0.0,True,2,0.3156093493110358,-17.86897940655479,23.77222619516312,60.72027430957977,2.8781787591623003,1.158372806141691,0.2351857647759529,29.35225840509198,-17.04585831313215,-11.756109374334391,1.0208308492065377,-2.949223272704866,-0.004764424489676845,True,4.972972423348812,-1.3028174099307193,71.44681799965788,7.828974838769412,10.066596262471682,-3.5564516899163436
2026-07-27T21:55:18.570+00:00,385.800000,103187.500000,1.215505,4095,2,02,80,FFFFFFFF,32,2.92433798,3.04051522,2.20453223,1.34548645,1.10225144,0.48095370,2.20684609,1.19341971,1.04229027,1.49755452,2.20479873,0.88854106,1.00829211,0.95773146,2.20720917,0.63888819,1.98280047,0.97735179,2.20520510,1.00350599,0.76596366,0.80973601,2.20505842,1.17223694,1.81874010,1.35776321,2.20694817,1.14746132,1.06177027,0.80843162,2.20505789,0.71032875,SD 02 80 FFFFFFFF 91CEFF 943F2C 7FD76A 60E07D 553114 2DC13D 7FE89A 59C467 520AE7 676749 7FD965 49692D 503474 4D6625 7FEB4C 396906 79105E 4E7F98 7FDC6A 4FF16D 41E3E1 44A558 7FDB53 58B9E1 7391AA 616CA9 7FE95C 577DE2 53140D 44909E 7FDB52 3E44B5 7C77BE 000FFF 02 0FBEC3,2026-07-27T21:55:18.392+00:00,serial_request_midpoint,355.7267,True,matched,57.93195,57.93195,2026-07-27T21:55:18.449+00:00,240.907592,1785189318391.421,7230,False,,,,,,,,,,,,,,False,,,,,,,,,,,,,,True,0.3411463511434371,-16.89867515450651,23.8450680841936,55.747486336124894,0.18153943613143536,-0.08487404359342146,-2.36446683686884,28.937531305476178,-17.16628429811153,-16.943460574065284,0.031841103461127375,0.019749279507108308,0.673205895093357,False,,,,,,,,,,,,,,False,,,,,,,,,,,,,,False,,,,,,,,,,,,,,True,0.1263471926581635,11.242556141491033,9.405557496352873,76.21000147998522,0.19214093661196355,0.008920491461448188,-3.0363915851719683,2.842170943040401e-15,-1.4210854715202005e-15,0.0,0.0,0.0,0.0,True,2,0.34114635114344694,-17.84714460885416,23.76947843931785,60.71089393477435,2.8792038507946125,1.1575983956552243,0.23813937920848804,29.255679159386034,-17.183041831283052,-11.899729393807103,1.0138730884077802,-2.939439148489091,0.007377411108284405,True,4.964616468708707,-1.3362783335984942,71.42984202362624,7.856474146118709,10.06467155827566,-3.8246161083623633
2026-07-27T21:55:19.127+00:00,386.400000,103188.100000,1.220388,4095,2,02,80,FFFFFFFF,32,2.92438917,3.04061486,2.20700868,1.34541963,1.10222304,0.48097655,2.20725074,1.19338004,1.04226744,1.49755526,2.20522193,0.88850222,1.00826222,0.95774066,2.20486338,0.63888513,1.98272509,0.97732110,2.20708182,1.00346699,0.76594384,0.80970034,2.20772336,1.17220702,1.81870464,1.35768871,2.20526083,1.14728044,1.06168626,0.80844514,2.20737810,0.71029724,SD 02 80 FFFFFFFF 91CF47 943FB2 7FE9CF 60DFB9 5530B4 2DC1B2 7FEB9B 59C3E8 520A97 67674B 7FDC8A 496897 503409 4D6647 7FD9E0 3968F8 790FBF 4E7F28 7FEA5A 4FF0E1 41E38E 44A4C7 7FEF1D 58B980 739159 616BD0 7FDCD4 577B8F 5312EA 4490D5 7FEC8D 3E442C 7CF7BE 000FFF 02 0FBEC9,2026-07-27T21:55:18.948+00:00,serial_request_midpoint,356.8745,True,matched,25.59405,25.59405,2026-07-27T21:55:18.974+00:00,241.431955,1785189318891.455,7245,False,,,,,,,,,,,,,,False,,,,,,,,,,,,,,True,0.31791438013290735,-16.924209529048838,23.865596110913366,55.801547332129985,0.1778998607777781,-0.08962346822879941,-2.3647298438311095,28.986697267580052,-17.156659064497152,-16.855700814274098,0.03676500333085328,0.014123568970215127,0.6734148069788629,False,,,,,,,,,,,,,,False,,,,,,,,,,,,,,False,,,,,,,,,,,,,,True,0.07031776722620536,11.243040335820087,9.401846097979957,76.20008133071566,0.1949188554096024,0.012136929353639477,-3.0361596853401083,0.0,0.0,0.0,0.0,0.0,0.0,True,2,0.31791438013285445,-17.866528764063673,23.81275658791676,60.76642049540531,2.8761996106600027,1.1560175462714326,0.23346758848840427,29.286608294221157,-17.205598842991513,-11.811061941424919,1.0158889969682439,-2.944571679283784,-0.00017218747372689685,True,4.944892662469618,-1.25730764085788,71.56930190724913,7.855745598859452,9.988448614443662,-3.6395735979549158
2026-07-27T21:55:19.686+00:00,387.500000,103189.200000,1.217947,4095,2,02,80,FFFFFFFF,32,2.92407919,3.04037619,2.20741230,1.34519224,1.10216889,0.48096308,2.20801288,1.19330600,1.04216760,1.49753858,2.20764546,0.88847373,1.00819798,0.95768248,2.20763283,0.63887331,1.98261889,0.97725835,2.20763230,1.00340238,0.76591948,0.80967059,2.20788707,1.17212094,1.81865824,1.35755415,2.20530658,1.14709045,1.06158204,0.80838985,2.20759757,0.71026665,SD 02 80 FFFFFFFF 91CD93 943E71 7FECCE 60DD1E 552FFD 2DC16D 7FF143 59C2FB 520939 67671E 7FEE89 496829 503323 4D6570 7FEE71 3968C2 790EDF 4E7E43 7FEE70 4FEFF9 41E328 44A44E 7FF054 58B869 7390EF 616A48 7FDD2B 57791E 531181 448FF4 7FEE2E 3E43A7 7CB7BE 000FFF 02 0FBED4,2026-07-27T21:55:19.507+00:00,serial_request_midpoint,358.2848,True,matched,97.5004,97.5004,2026-07-27T21:55:19.604+00:00,242.061828,1785189319524.798,7264,False,,,,,,,,,,,,,,False,,,,,,,,,,,,,,True,0.2517610264436794,-16.914064782974787,23.864861471554136,55.79301122786969,0.1826385737882391,-0.08781741008144887,-2.362712384940268,29.010662903316227,-17.056983351099905,-16.849245334084014,0.03865708343269318,0.01554002577718236,0.6763072761809211,False,,,,,,,,,,,,,,False,,,,,,,,,,,,,,False,,,,,,,,,,,,,,True,0.022558787742043007,11.239341932896197,9.401162566555591,76.1558061179135,0.19666621961544836,0.01813866593797498,-3.0369568364731805,0.0,0.0,0.0,0.0,0.0,0.0,True,2,0.2517610264436948,-17.87093498899349,23.797457038149883,60.7549240756877,2.8760103759150337,1.1590715677894798,0.2393478856110954,29.320197878261574,-17.111715744357546,-11.805247363965066,1.0197743073446124,-2.9418049944608047,-0.003014060856446118,True,4.959393378544709,-1.2538153257087514,71.56145794711483,7.825614376516103,10.008915529081682,-3.5574868104093413
2026-07-27T21:55:20.242+00:00,388.700000,103190.400000,1.216116,4095,2,02,80,FFFFFFFF,32,2.92395692,3.04010558,2.20521089,1.34507430,1.10206622,0.48095097,2.20735547,1.19319292,1.04212225,1.49754710,2.20764441,0.88843438,1.00815301,0.95767192,2.20771441,0.63887024,1.98253545,0.97716712,2.20487653,1.00333972,0.76590538,0.80967501,2.20721180,1.17214963,1.81869545,1.35748138,2.20744599,1.14688134,1.06144695,0.80836945,2.20751230,0.71023123,SD 02 80 FFFFFFFF 91CCE7 943D05 7FDC75 60DBC4 552EA2 2DC12F 7FEC62 59C191 52089A 676735 7FEE87 496791 503282 4D6549 7FEF0C 3968B4 790E2F 4E7CF6 7FD9F9 4FEF18 41E2ED 44A460 7FEB51 58B8C6 739144 616974 7FED0E 57766E 530FAD 448FA1 7FED8C 3E430D 7C87BF 000FFF 02 0FBEE0,2026-07-27T21:55:20.064+00:00,serial_request_midpoint,355.7914,True,matched,53.4316,53.4316,2026-07-27T21:55:20.117+00:00,242.575177,1785189320058.113,7280,False,,,,,,,,,,,,,,False,,,,,,,,,,,,,,True,0.2943829843757308,-16.914502926823477,23.859859232962624,55.78859090464469,0.17938330609777142,-0.08868026629021042,-2.3649159987581907,29.020200496658646,-17.004251448223954,-16.841219073843046,0.04149163064497816,0.011204100973465192,0.6747325609150717,False,,,,,,,,,,,,,,False,,,,,,,,,,,,,,False,,,,,,,,,,,,,,True,0.08003445063557064,11.233174822851147,9.395446169484154,76.12162452246505,0.19767206823808584,0.022106648023806953,-3.037053058240878,0.0,0.0,0.0,0.0,0.0,0.0,True,2,0.2943829843757887,-17.8607588718259,23.80152805315422,60.75265378045391,2.876891660845018,1.155922564400313,0.23531221898615745,29.31417694071958,-17.079744607660853,-11.796558360951348,1.018754726334204,-2.946606176798882,-0.007405407745960316,True,4.938427859528036,-1.2841384704426617,71.54513885979932,7.839559679364354,10.04355820972345,-3.5056855186671667
2026-07-27T21:55:20.798+00:00,389.200000,103190.900000,1.219168,4095,2,02,80,FFFFFFFF,32,2.92377921,3.03983276,2.20766967,1.34488921,1.10205202,0.48095038,2.20753756,1.19311577,1.04210028,1.49757194,2.20755914,0.88839632,1.00815049,0.95766813,2.20721653,0.63885667,1.98248378,0.97712301,2.20761651,1.00329433,0.76587720,0.80964845,2.20794023,1.17211014,1.81862016,1.35739454,2.20789128,1.14668806,1.06133640,0.80838715,2.20755493,0.71018661,SD 02 80 FFFFFFFF 91CBED 943B96 7FEEB7 60D9A5 552E72 2DC12C 7FEDBC 59C09A 52084D 676778 7FEDE5 4966FE 503279 4D653B 7FEB5A 396876 790DC2 4E7C55 7FEE52 4FEE75 41E277 44A3F4 7FF0B9 58B846 739098 616877 7FF05C 5773F2 530E2E 448FE9 7FEDDD 3E424B 7CD7BF 000FFF 02 0FBEE5,2026-07-27T21:55:20.620+00:00,serial_request_midpoint,355.7288,True,matched,19.7344,19.7344,2026-07-27T21:55:20.640+00:00,243.097909,1785189320558.083,7295,False,,,,,,,,,,,,,,False,,,,,,,,,,,,,,True,0.32577364131461434,-16.92003508585345,23.866804477830524,55.801543715281355,0.17995081344502697,-0.08862748054912625,-2.3651946520061258,28.980356490189763,-17.025653615783614,-16.951581963449122,0.040640451722179054,0.016379637723886634,0.6750524707218817,False,,,,,,,,,,,,,,False,,,,,,,,,,,,,,False,,,,,,,,,,,,,,True,0.06650669404472646,11.240706103945048,9.399690051607251,76.16733194521274,0.19166330157647998,0.01836583760911354,-3.0383226916215977,-2.842170943040401e-15,0.0,0.0,0.0,0.0,0.0,True,2,0.32577364131463327,-17.868230425325795,23.80761020575286,60.76522629300697,2.877059556317448,1.155488427861609,0.23599773786327843,29.297100210837744,-17.088581999308268,-11.908127142590933,1.0177024140327318,-2.9416119990596754,-0.0060523684561902035,True,4.919552713647789,-1.2870880500190167,71.56079824612831,7.848210704487835,10.045927492160237,-3.5873790792286626
2026-07-27T21:55:21.354+00:00,390.400000,103192.100000,1.218557,4095,2,02,80,FFFFFFFF,32,2.92367187,3.03966403,2.20726284,1.34478254,1.10203013,0.48096015,2.20527345,1.19304143,1.04203896,1.49754080,2.20720864,0.88836240,1.00808932,0.95761590,2.20539333,0.63882756,1.98237949,0.97710055,2.20472986,1.00321552,0.76586000,0.80963296,2.20729442,1.17209379,1.81857901,1.35730736,2.20733020,1.14650878,1.06124549,0.80836921,2.20793866,0.71017189,SD 02 80 FFFFFFFF 91CB56 943AB3 7FEBB2 60D86C 552E28 2DC15E 7FDCEC 59BFAC 520776 676724 7FEB4B 49667B 50319E 4D647A 7FDDD0 3967F1 790CE6 4E7C03 7FD8E2 4FED5A 41E22F 44A3B5 7FEBEE 58B811 73903A 616779 7FEC32 5771A4 530CF3 448FA0 7FF0B6 3E420B 7CC7BE 000FFF 02 0FBEF1,2026-07-27T21:55:21.176+00:00,serial_request_midpoint,356.1004,True,matched,69.8261,69.8261,2026-07-27T21:55:21.247+00:00,243.704227,1785189321191.427,7314,False,,,,,,,,,,,,,,False,,,,,,,,,,,,,,True,0.30037707274652875,-16.90405971978208,23.843601441697253,55.74480445875095,0.1786013553662633,-0.08457084467633713,-2.3645918892067255,28.946951707489696,-17.0810145213463,-17.032865929893795,0.034079103973618304,0.018098865095140436,0.6748762292724761,False,,,,,,,,,,,,,,False,,,,,,,,,,,,,,False,,,,,,,,,,,,,,True,0.06941344837326657,11.242395369653927,9.406208371266384,76.2178193624762,0.1898537066046918,0.012320003291469277,-3.037975418306768,-2.842170943040401e-15,0.0,-1.1368683772161604e-14,0.0,0.0,0.0,True,2,0.3003770727465312,-17.841513533759137,23.77122968512301,60.71035233873158,2.8796683683408175,1.157780270127148,0.23458775518533595,29.260977415652082,-17.110516338930704,-11.988934866700891,1.0168505134199197,-2.940153158229416,0.0039747956302840105,True,4.993518559857139,-1.3280636964100636,71.39483153817753,7.810775548943814,10.081018469753614,-3.859938043124032
2026-07-27T21:55:21.912+00:00,390.900000,103192.600000,1.217947,4095,2,02,80,FFFFFFFF,32,2.92346717,3.03964842,2.20751546,1.34475255,1.10199167,0.48095273,2.20747020,1.19299552,1.04203125,1.49755452,2.20757809,0.88835023,1.00807955,0.95758532,2.20772915,0.63883456,1.98237759,0.97708329,2.20537861,1.00318684,0.76585212,0.80961747,2.20697763,1.17207590,1.81853874,1.35717385,2.20745599,1.14639544,1.06116612,0.80832744,2.20733863,0.71015901,SD 02 80 FFFFFFFF 91CA36 943A9E 7FED92 60D814 552DA6 2DC138 7FED3C 59BF19 52075B 676749 7FEE09 49664C 50317B 4D6409 7FEF28 396811 790CE2 4E7BC4 7FDDB4 4FECF3 41E20E 44A376 7FE994 58B7D7 738FDE 6165F4 7FED21 57702F 530BE0 448EF6 7FEC42 3E41D3 7CB7BE 000FFF 02 0FBEF6,2026-07-27T21:55:21.734+00:00,serial_request_midpoint,356.9858,True,matched,23.5769,23.5769,2026-07-27T21:55:21.757+00:00,244.214994,1785189321691.439,7329,False,,,,,,,,,,,,,,False,,,,,,,,,,,,,,True,0.3170616374751245,-16.908365694778702,23.851152679049953,55.76030656022057,0.17940390065117892,-0.0861964194585056,-2.3647458707972158,29.04817030626914,-16.976715221847392,-16.842426222289,0.04010326519053372,0.009271948575670272,0.6748590792326405,False,,,,,,,,,,,,,,False,,,,,,,,,,,,,,False,,,,,,,,,,,,,,True,0.09965864094387396,11.234405048180227,9.394044190644834,76.12323483644619,0.20016858429412013,0.02407785925365534,-3.0367744024515417,0.0,1.4210854715202005e-15,0.0,0.0,0.0,0.0,True,2,0.31706163747516497,-17.851074099149358,23.783634154990366,60.72492791445209,2.878555558540176,1.1569650020927973,0.23547238494537567,29.330844262345966,-17.048869470726565,-11.797070706908698,1.019489311563518,-2.9483710318208782,-0.005297396653612989,True,4.965016903282086,-1.3127724102052127,71.45654865017154,7.835356570047861,10.07798864652222,-3.5721760395550293
2026-07-27T21:55:22.468+00:00,392.100000,103193.800000,1.217947,4095,2,02,80,FFFFFFFF,32,2.92354180,3.03951984,2.20743178,1.34467825,1.10192067,0.48096464,2.20769704,1.19292900,1.04198248,1.49752004,2.20767599,0.88830259,1.00804352,0.95759398,2.20744441,0.63882362,1.98223823,0.97701453,2.20765757,1.00314702,0.76581844,0.80961476,2.20762230,1.17202654,1.81857464,1.35704379,2.20761441,1.14620252,1.06103510,0.80833579,2.20759493,0.71012107,SD 02 80 FFFFFFFF 91CA9F 9439F1 7FECF3 60D73A 552CB6 2DC175 7FEEEB 59BE44 5206B0 6766EC 7FEEC3 496594 5030FA 4D6429 7FED0B 3967DF 790BBC 4E7AC9 7FEEA0 4FEC64 41E181 44A36B 7FEE5D 58B737 739030 616479 7FEE4E 576DB4 530A1A 448F18 7FEE29 3E412E 7CB7BE 000FFF 02 0FBF02,2026-07-27T21:55:22.290+00:00,serial_request_midpoint,356.0645,True,matched,67.71915,67.71915,2026-07-27T21:55:22.358+00:00,244.815832,1785189322291.391,7347,False,,,,,,,,,,,,,,False,,,,,,,,,,,,,,True,0.31561532255780034,-16.927745559579296,23.874004060977573,55.81747316833489,0.17842524449294264,-0.09010814145711793,-2.3652381158382636,28.98607921012358,-17.056011836988727,-16.92526167899255,0.042310974018654954,0.013308368673255603,0.6736572614785533,False,,,,,,,,,,,,,,False,,,,,,,,,,,,,,False,,,,,,,,,,,,,,True,0.0602799597596342,11.24057065137027,9.403016651570303,76.18168923225849,0.19372132865973718,0.019960254769758174,-3.036602790775191,-2.842170943040401e-15,0.0,0.0,0.0,0.0,0.0,True,2,0.31561532255780017,-17.87261886791723,23.822446655523525,60.78187437565443,2.876123713986416,1.1550845290944183,0.23406944161688953,29.291246584598923,-17.13214050332354,-11.881275122525505,1.0165602943505916,-2.945152022120777,-0.008652247290581899,True,4.919302214558456,-1.2587055885546306,71.60016676455399,7.86317549381439,10.012734930706005,-3.5407222792511903
2026-07-27T21:55:23.026+00:00,392.700000,103194.400000,1.216116,4095,2,02,80,FFFFFFFF,32,2.92360009,3.03957335,2.20773073,1.34457056,1.10190055,0.48096308,2.20816134,1.19286934,1.04196993,1.49749446,2.20759809,0.88828317,1.00801782,0.95756855,2.20732968,0.63882778,1.98212637,0.97696686,2.20753704,1.00310720,0.76579313,0.80961107,2.20788812,1.17205585,1.81852693,1.35696555,2.20760704,1.14606278,1.06094363,0.80830557,2.20775021,0.71008174,SD 02 80 FFFFFFFF 91CAF1 943A39 7FEF2B 60D5FE 552C72 2DC16D 7FF25D 59BD85 520684 6766A7 7FEE2F 496549 50309E 4D63CB 7FEC31 3967F2 790AD0 4E7A1B 7FEDBB 4FEBD5 41E117 44A35C 7FF056 58B796 738FC3 616395 7FEE40 576BE8 5308DD 448E9D 7FEF50 3E4083 7C87BE 000FFF 02 0FBF08,2026-07-27T21:55:22.848+00:00,serial_request_midpoint,357.748,True,matched,40.6629,40.6629,2026-07-27T21:55:22.888+00:00,245.346067,1785189322824.69,7363,False,,,,,,,,,,,,,,False,,,,,,,,,,,,,,True,0.3293939709978946,-16.89907798432602,23.836948224398064,55.72918541505779,0.1797447908383876,-0.08505991530243528,-2.364070472013038,28.984660005150573,-17.018708203181383,-17.006175785310187,0.037039858571888275,0.01531193405104817,0.6753367484977741,False,,,,,,,,,,,,,,False,,,,,,,,,,,,,,False,,,,,,,,,,,,,,True,0.08104166727280648,11.243279214834699,9.403032440503052,76.18955603189544,0.19352058527095728,0.01791171843828941,-3.0374323889891706,0.0,0.0,1.1368683772161604e-14,0.0,0.0,0.0,True,2,0.32939397099787304,-17.84139843910609,23.764420958412458,60.693809775340824,2.878945273692783,1.1582707051417,0.23595918128531151,29.29050787162788,-17.066505910977078,-11.96188242109904,1.018385573013918,-2.942512529964047,-0.0005583921279562523,True,4.994335337740225,-1.3240562323364458,71.40216585152828,7.816306730514166,10.086743110476856,-3.7685273291937733
2026-07-27T21:55:23.582+00:00,393.800000,103195.500000,1.221609,4095,2,02,80,FFFFFFFF,32,2.92359085,3.03947971,2.20730968,1.34453240,1.10182778,0.48095156,2.20782601,1.19277659,1.04195710,1.49751374,2.20768599,0.88824874,1.00797816,0.95751659,2.20779705,0.63881092,1.98214391,0.97691865,2.20769704,1.00309078,0.76579886,0.80961747,2.20792444,1.17202839,1.81844858,1.35693810,2.20781179,1.14593368,1.06090207,0.80828886,2.20550796,0.71009393,SD 02 80 FFFFFFFF 91CAE4 9439BB 7FEC0B 60D58E 552B7C 2DC132 7FEFE0 59BC5C 520657 6766DB 7FEED6 4964C4 503010 4D630B 7FEFA9 3967A5 790AF5 4E796B 7FEEEB 4FEB9A 41E12F 44A376 7FF09B 58B73D 738F10 616345 7FEFC5 576A3F 53084D 448E59 7FDEAA 3E40B8 7D17BE 000FFF 02 0FBF13,2026-07-27T21:55:23.404+00:00,serial_request_midpoint,355.469,True,matched,83.1357,83.1357,2026-07-27T21:55:23.488+00:00,245.945394,1785189323424.683,7381,False,,,,,,,,,,,,,,False,,,,,,,,,,,,,,True,0.31538294217075535,-16.929455361283466,23.879895781093403,55.829074786679016,0.17687754318054635,-0.09113633597515919,-2.3652440870533074,28.97288980436298,-17.119443252236913,-16.861614145850204,0.04023950319070824,0.013628884728194185,0.6736846788133779,False,,,,,,,,,,,,,,False,,,,,,,,,,,,,,False,,,,,,,,,,,,,,True,0.06450120273780609,11.240161748374835,9.399997391265506,76.16679656177864,0.19311961706010344,0.015159691211456043,-3.0368170140895354,0.0,0.0,-1.1368683772161604e-14,0.0,0.0,0.0,True,2,0.31538294217071017,-17.870267789553818,23.83433711796634,60.794305845387086,2.8754880374821976,1.1548803913886403,0.23214001187701178,29.27616528820773,-17.185361821118004,-11.817369722102626,1.0164795408146392,-2.9448651419839926,-0.005482703020284193,True,4.9292454593711055,-1.2349921831099038,71.62399830355254,7.843933431285436,9.975492667876896,-3.5397652503415316
2026-07-27T21:55:24.142+00:00,394.400000,103196.100000,1.215505,4095,2,02,80,FFFFFFFF,32,2.92355744,3.03937789,2.20458689,1.34442472,1.10183221,0.48095566,2.20730179,1.19274411,1.04195310,1.49751670,2.20780969,0.88825728,1.00795666,0.95754284,2.20734547,0.63881202,1.98199935,0.97686688,2.20752020,1.00308075,0.76578119,0.80959829,2.20787022,1.17204598,1.81845558,1.35682692,2.20779390,1.14575904,1.06082849,0.80828788,2.20746914,0.71005414,SD 02 80 FFFFFFFF 91CAB5 943932 7FD7D2 60D452 552B8B 2DC147 7FEBFC 59BBF4 520649 6766E3 7FEFC1 4964E5 502FC3 4D636C 7FEC4F 3967AA 7909C4 4E78AE 7FED9B 4FEB76 41E0E5 44A328 7FF034 58B776 738F20 616201 7FEFA3 576800 53074E 448E55 7FED3A 3E400B 7C77BE 000FFF 02 0FBF19,2026-07-27T21:55:23.962+00:00,serial_request_midpoint,359.6459,True,matched,42.76245,42.76245,2026-07-27T21:55:24.005+00:00,246.462761,1785189323924.694,7396,False,,,,,,,,,,,,,,False,,,,,,,,,,,,,,True,0.3450091744384537,-16.918544322191718,23.86502299843596,55.78997995203175,0.17812795572098267,-0.08875346570343386,-2.364988209396358,28.997007097988938,-17.074538614643075,-16.899090777305833,0.03887433759922305,0.013416983104546287,0.6743171170160617,False,,,,,,,,,,,,,,False,,,,,,,,,,,,,,False,,,,,,,,,,,,,,True,0.11202359954305585,11.240803399783102,9.400175072804467,76.1802930689176,0.19468956880386773,0.016627940803360955,-3.037134272923206,0.0,0.0,1.1368683772161604e-14,0.0,0.0,0.0,True,2,0.3450091744384723,-17.860388800515214,23.808816913924517,60.754906231994745,2.8769564753728583,1.1559070449245379,0.23378519054619376,29.29704222029904,-17.134271569980598,-11.854575536950346,1.0174578890669508,-2.9447692646776815,-0.0033895776589411395,True,4.947257401372838,-1.2733535951317094,71.5376383540629,7.842309399403547,10.022865547382882,-3.6231930343049386
2026-07-27T21:55:24.698+00:00,395.500000,103197.200000,1.217947,4095,2,02,80,FFFFFFFF,32,2.92331792,3.03958004,2.20755020,1.34435112,1.10175619,0.48094589,2.20782390,1.19274349,1.04193428,1.49746072,2.20536231,0.88820421,1.00796280,0.95749575,2.20731705,0.63880020,1.98194722,0.97684743,2.20709287,1.00301810,0.76577808,0.80958624,2.20504160,1.17198459,1.81834398,1.35684614,2.20448650,1.14560141,1.06074511,0.80825348,2.20464471,0.71002678,SD 02 80 FFFFFFFF 91C964 943A42 7FEDD4 60D37A 552A8A 2DC115 7FEFDC 59BBF2 520607 67664C 7FDD95 496418 502FD9 4D62BE 7FEC19 396774 790956 4E7867 7FEA6F 4FEA95 41E0D8 44A2F7 7FDB33 58B6AF 738E21 616239 7FD713 5765F9 53062D 448DC9 7FD840 3E3F94 7CB7BE 000FFF 02 0FBF24,2026-07-27T21:55:24.520+00:00,serial_request_midpoint,355.7439,True,matched,10.28155,10.28155,2026-07-27T21:55:24.530+00:00,246.988158,1785189324458.055,7412,False,,,,,,,,,,,,,,False,,,,,,,,,,,,,,True,0.34192670939949077,-16.91037554988583,23.85414664905086,55.770156419294075,0.17962006686911003,-0.08820728357217424,-2.364803601091228,28.956901585431105,-17.04031264200045,-17.017555289063626,0.04016055427490839,0.016726706776569417,0.6745671984754203,False,,,,,,,,,,,,,,False,,,,,,,,,,,,,,False,,,,,,,,,,,,,,True,0.06294773260722812,11.241909867947069,9.401857498846129,76.19200149885404,0.19087023824337845,0.017777538093306674,-3.0375155575908592,0.0,0.0,0.0,0.0,0.0,0.0,True,2,0.34192670939946057,-17.856799726357796,23.79368521291223,60.73416173697841,2.877147468034101,1.1562153238765571,0.23562650043482258,29.274492985940547,-17.10055271071064,-11.97412094949766,1.016878016305486,-2.941530851863524,-0.005322960376347564,True,4.945613684311956,-1.2930328668481679,71.51738172767134,7.839970302220474,10.048845190195667,-3.6649244978844306
2026-07-27T21:55:25.254+00:00,396.700000,103198.400000,1.217947,4095,2,02,80,FFFFFFFF,32,2.92330513,3.03955775,2.20440766,1.34433545,1.10170443,0.48093417,2.20452855,1.19266043,1.04190547,1.49744701,2.20693343,0.88820059,1.00795163,0.95752606,2.20783443,0.63878334,1.98196759,0.97681018,2.20720864,1.00299416,0.76574608,0.80959214,2.20793550,1.17199785,1.81839212,1.35679707,2.20788233,1.14546355,1.06068539,0.80828395,2.20743862,0.71000999,SD 02 80 FFFFFFFF 91C952 943A24 7FD67D 60D34C 5529DB 2DC0D9 7FD763 59BAE8 5205A2 676627 7FE940 49640A 502FB1 4D632E 7FEFF0 396727 790981 4E77DF 7FEB4B 4FEA3F 41E052 44A30F 7FF0B0 58B6DA 738E8F 6161AA 7FF04B 576433 53055E 448E45 7FED00 3E3F4B 7CB7BE 000FFF 02 0FBF30,2026-07-27T21:55:25.076+00:00,serial_request_midpoint,355.9884,True,matched,59.5936,59.5936,2026-07-27T21:55:25.135+00:00,247.593524,1785189325058.045,7430,False,,,,,,,,,,,,,,False,,,,,,,,,,,,,,True,0.29691771413353735,-16.901066108735705,23.83836989348313,55.735035631409076,0.1786117467764585,-0.08538865469874451,-2.3647578931274795,28.951043665130896,-17.037968422430193,-17.046269149357748,0.037679724420441534,0.015723233392757625,0.6741097459566026,False,,,,,,,,,,,,,,False,,,,,,,,,,,,,,False,,,,,,,,,,,,,,True,0.05836092082402952,11.241551944243364,9.403929392276682,76.19647658061051,0.19137696811497001,0.017623147400818735,-3.036968440986839,-2.842170943040401e-15,1.4210854715202005e-15,0.0,0.0,0.0,0.0,True,2,0.29691771413353324,-17.839742797587945,23.769057601438284,60.70039613623644,2.879183969424985,1.157278053769004,0.23455398105452593,29.259900991614302,-17.088384332270486,-12.002184648594982,1.0164616449443578,-2.9427230633282395,-0.0015487063612256934,True,4.986900570515061,-1.3293794037181699,71.40479369872358,7.823853731693615,10.087406664667139,-3.78369474512981
2026-07-27T21:55:25.810+00:00,397.200000,103198.900000,1.219167,4095,2,02,80,FFFFFFFF,32,2.92349134,3.03948863,2.20522824,1.34429831,1.10165059,0.48093632,2.20511520,1.19264388,1.04193542,1.49747259,2.20722864,0.88818738,1.00791700,0.95750171,2.20537388,0.63877284,1.98182163,0.97676581,2.20489755,1.00295462,0.76574417,0.80956607,2.20702867,1.17202993,1.81826607,1.35667767,2.20738757,1.14541405,1.06063028,0.80826749,2.20800498,0.71000424,SD 02 80 FFFFFFFF 91CA58 9439C7 7FDC96 60D2DF 552925 2DC0E4 7FDBBF 59BAB3 52060B 67666C 7FEB71 4963D7 502F35 4D62D4 7FDDAB 3966F7 79084D 4E773D 7FDA21 4FE9B1 41E04A 44A2A5 7FE9F5 58B742 738D6F 61604E 7FEC9F 576390 53049F 448E02 7FF134 3E3F32 7CD7BE 000FFF 02 0FBF35,2026-07-27T21:55:25.632+00:00,serial_request_midpoint,356.3721,True,matched,24.37505,24.37505,2026-07-27T21:55:25.656+00:00,248.114667,1785189325591.348,7446,False,,,,,,,,,,,,,,False,,,,,,,,,,,,,,True,0.3196383763671667,-16.9253410973151,23.86864943577929,55.809596600628026,0.17591331309851466,-0.09161966307997621,-2.365971666122669,29.000423776667116,-17.033726009767722,-16.925169610661282,0.04233350941926668,0.012133097727035382,0.6743927951824017,False,,,,,,,,,,,,,,False,,,,,,,,,,,,,,False,,,,,,,,,,,,,,True,0.06549988036900872,11.241288456452498,9.404300098350266,76.1825528214962,0.19318462634929473,0.01807521429594111,-3.038024843043124,-2.842170943040401e-15,0.0,0.0,0.0,0.0,0.0,True,2,0.31963837636714953,-17.863328478522142,23.82664221183759,60.775393429920086,2.8756294464481624,1.1537640092129375,0.2309337374000932,29.300124579929275,-17.111707803709006,-11.880883600499715,1.0179915964349329,-2.94589167207485,-0.008688401823995617,True,4.923874991254104,-1.2533113274902121,71.60639537915475,7.84367303513929,10.014533809604021,-3.552677444646406
2026-07-27T21:55:26.366+00:00,398.400000,103200.100000,1.221609,4095,2,02,80,FFFFFFFF,32,2.92337265,3.03940241,2.20776810,1.34428264,1.10164408,0.48093027,2.20807711,1.19259204,1.04192344,1.49745479,2.20785496,0.88817858,1.00793152,0.95752498,2.20797445,0.63879210,1.98182305,0.97673952,2.20765073,1.00295824,0.76573724,0.80956263,2.20784022,1.17202500,1.81825863,1.35662312,2.20776073,1.14528864,1.06053825,0.80825840,2.20781548,0.70998193,SD 02 80 FFFFFFFF 91C9B1 943953 7FEF72 60D2B1 55290F 2DC0C5 7FF1BD 59BA0D 5205E1 67663C 7FF017 4963B5 502F69 4D632A 7FF0FA 39674F 790850 4E76DD 7FEE93 4FE9BE 41E02D 44A297 7FEFFB 58B732 738D5E 615FAF 7FEF64 5761F3 530360 448DDD 7FEFCC 3E3ED1 7D17BE 000FFF 02 0FBF41,2026-07-27T21:55:26.189+00:00,serial_request_midpoint,356.0601,True,matched,68.62695,68.62695,2026-07-27T21:55:26.258+00:00,248.715307,1785189326191.345,7464,False,,,,,,,,,,,,,,False,,,,,,,,,,,,,,True,0.35034897816174765,-16.919628376555295,23.863382570722216,55.790633062609494,0.17898877954889064,-0.0870041490600144,-2.3647966134580094,28.96438779164431,-17.058195849102063,-16.959188101755466,0.03982451551756635,0.014706658195327571,0.6737761831503052,False,,,,,,,,,,,,,,False,,,,,,,,,,,,,,False,,,,,,,,,,,,,,True,0.14474144164620467,11.24021139652453,9.400180428262201,76.17128748249044,0.1926032646330855,0.019450054318289643,-3.0364816863597714,0.0,0.0,0.0,0.0,0.0,0.0,True,2,0.3503489781617521,-17.862022972951316,23.79944090929293,60.75536135311688,2.8780358928949137,1.156669341488123,0.23492502856902334,29.2720165099743,-17.120383750292298,-11.915159915221272,1.0162945897545343,-2.9438154372352465,-0.004837864144999785,True,4.952143786897719,-1.29182102460274,71.5030906179703,7.843794077643887,10.044071880266287,-3.63899241944556
2026-07-27T21:55:26.924+00:00,399.000000,103200.700000,1.216726,4095,2,02,80,FFFFFFFF,32,2.92334209,3.03938978,2.20757178,1.34428673,1.10159853,0.48091855,2.20809079,1.19258767,1.04185756,1.49749705,2.20785180,0.88815062,1.00791895,0.95749846,2.20797182,0.63879451,1.98179888,0.97673185,2.20791813,1.00292066,0.76573103,0.80957542,2.20781232,1.17202376,1.81831903,1.35662415,2.20721653,1.14515293,1.06048690,0.80824980,2.20745809,0.70996998,SD 02 80 FFFFFFFF 91C986 943942 7FEDFD 60D2BD 552875 2DC089 7FF1D7 59B9FF 5204FA 6766AE 7FF011 496349 502F3C 4D62C8 7FF0F5 39675A 79081D 4E76C1 7FF08F 4FE937 41E013 44A2CB 7FEFC6 58B72E 738DE8 615FB2 7FEB5A 576034 5302AE 448DBA 7FED25 3E3E9D 7C97BE 000FFF 02 0FBF47,2026-07-27T21:55:26.746+00:00,serial_request_midpoint,357.2881,True,matched,35.11895,35.11895,2026-07-27T21:55:26.781+00:00,249.238827,1785189326724.675,7480,False,,,,,,,,,,,,,,False,,,,,,,,,,,,,,True,0.31539581983651727,-16.89040914089903,23.827043431496843,55.70295359734259,0.1799370972245189,-0.08267990257095248,-2.3640040822432784,28.993734170675634,-16.90566282015447,-17.072857664833315,0.03966754482019257,0.01323512812951931,0.6760426578987566,False,,,,,,,,,,,,,,False,,,,,,,,,,,,,,False,,,,,,,,,,,,,,True,0.053406234025452366,11.237084802529063,9.401877753067245,76.1646056568535,0.1942201324646926,0.02553617169484146,-3.037665280358524,0.0,0.0,0.0,0.0,0.0,0.0,True,2,0.3153958198365024,-17.829936086029207,23.745515606611796,60.667967738164386,2.880587634365846,1.1591125456810147,0.23632088986286595,29.294174756323468,-16.96897492896549,-12.028410210771574,1.0200722647370255,-2.9440822582693498,-0.004580649805345393,True,5.018055865894721,-1.3560895406681681,71.31925862363998,7.793267153803475,10.14453462209065,-3.773721432578077
2026-07-27T21:55:27.480+00:00,400.100000,103201.800000,1.219168,4095,2,02,80,FFFFFFFF,32,2.92323619,3.03938755,2.20779495,1.34421450,1.10163314,0.48092968,2.20820504,1.19254333,1.04187781,1.49751633,2.20724127,0.88813742,1.00792175,0.95751524,2.20546221,0.63878991,1.98181878,0.97667789,2.20694975,1.00289727,0.76570691,0.80955353,2.20768020,1.17201204,1.81828445,1.35656994,2.20749335,1.14500902,1.06041594,0.80824341,2.20773705,0.70995112,SD 02 80 FFFFFFFF 91C8F1 94393F 7FEFA5 60D1E9 5528EA 2DC0C2 7FF2B0 59B971 520541 6766E2 7FEB89 496316 502F46 4D6306 7FDE53 396745 790847 4E75FC 7FE95F 4FE8E3 41DFAE 44A272 7FEECB 58B708 738D99 615F14 7FED68 575E5A 5301B8 448DA0 7FEF37 3E3E4B 7CD7BF 000FFF 02 0FBF52,2026-07-27T21:55:27.303+00:00,serial_request_midpoint,355.6149,True,matched,86.21225,86.21225,2026-07-27T21:55:27.389+00:00,249.846806,1785189327324.631,7498,False,,,,,,,,,,,,,,False,,,,,,,,,,,,,,True,0.31605816378196394,-16.886093411094482,23.823802065743287,55.69130200555971,0.18273500166307832,-0.0821680116885416,-2.3629959500881066,28.981177180960024,-17.064022344369135,-16.936110292443733,0.032083970605540434,0.01756596448690043,0.6756835371859536,False,,,,,,,,,,,,,,False,,,,,,,,,,,,,,False,,,,,,,,,,,,,,True,0.07544135278824267,11.239702424546982,9.397592498645363,76.15457171836786,0.19543385197632998,0.01424320836072823,-3.0370370318541973,0.0,-1.4210854715202005e-15,1.1368683772161604e-14,0.0,0.0,0.0,True,2,0.31605816378199775,-17.834996873988615,23.735797667661316,60.65442204541207,2.880189064557219,1.1604727949320577,0.23976577008847585,29.289407189250472,-17.08488030537594,-11.891778593059735,1.0181698277749986,-2.940269614919416,0.007027396934353285,True,5.016874204678535,-1.3557373426048798,71.32110727395005,7.807918336222139,10.102788948399958,-3.8327717102821452
2026-07-27T21:55:28.038+00:00,400.700000,103202.400000,1.218557,4095,2,02,80,FFFFFFFF,32,2.92333072,3.03931323,2.20764494,1.34410036,1.10161096,0.48091601,2.20802867,1.19248244,1.04186127,1.49747481,2.20538650,0.88812370,1.00788097,0.95749278,2.20742125,0.63879276,1.98186760,0.97663736,2.20728074,1.00284020,0.76570381,0.80955845,2.20754230,1.17202777,1.81821924,1.35645776,2.20520195,1.14493070,1.06032190,0.80823161,2.20743230,0.70991847,SD 02 80 FFFFFFFF 91C976 9438DB 7FEE88 60D09A 55289F 2DC07C 7FF161 59B8AE 520507 676672 7FDDC3 4962E1 502EB4 4D62B3 7FECDF 396752 7908AE 4E7568 7FEBD4 4FE816 41DFA1 44A286 7FEDC5 58B73B 738D04 615DCD 7FDC64 575D58 530072 448D70 7FECF4 3E3DBD 7CC7BF 000FFF 02 0FBF58,2026-07-27T21:55:27.859+00:00,serial_request_midpoint,357.155,True,matched,61.1857,61.1857,2026-07-27T21:55:27.920+00:00,250.378402,1785189327857.927,7514,False,,,,,,,,,,,,,,False,,,,,,,,,,,,,,True,0.3263683254702012,-16.89815235669862,23.839509897014032,55.73413995543399,0.17783829883841334,-0.08673828652478444,-2.365138024110315,28.97448285979276,-17.037873220686656,-16.937518236455322,0.03787365318167029,0.012987787990202344,0.674060738196003,False,,,,,,,,,,,,,,False,,,,,,,,,,,,,,False,,,,,,,,,,,,,,True,0.06698448900368026,11.233232817738585,9.400311627455867,76.15040862497092,0.19471195022735296,0.01760833998594117,-3.0369916327829145,-2.842170943040401e-15,1.4210854715202005e-15,0.0,0.0,0.0,0.0,True,2,0.3263683254701789,-17.83599452941726,23.776449389468414,60.69974148210931,2.878494019695,1.1563664731623178,0.23353742509680175,29.270882124834323,-17.09369903895898,-11.892743311450351,1.0171906890199582,-2.9453079760374488,-0.0018667710000017962,True,4.980832278158166,-1.3200617762900435,71.4295530588434,7.817390912406606,10.075563044286966,-3.69821907984732
2026-07-27T21:55:28.594+00:00,401.800000,103203.500000,1.217947,4095,2,02,80,FFFFFFFF,32,2.92328523,3.03926418,2.20731126,1.34410207,1.10158168,0.48092773,2.20785812,1.19242062,1.04180765,1.49741661,2.20773494,0.88810506,1.00782121,0.95745652,2.20741073,0.63878072,1.98186665,0.97664366,2.20778811,1.00286804,0.76569617,0.80954419,2.20514622,1.17202222,1.81825776,1.35642825,2.20475877,1.14481383,1.06030056,0.80820975,2.20439558,0.70989662,SD 02 80 FFFFFFFF 91C936 943899 7FEC0E 60D09F 55283C 2DC0B8 7FF01D 59B7E8 52044B 6765D5 7FEF33 496299 502DDE 4D622D 7FECCB 39671B 7908AC 4E757F 7FEF98 4FE87A 41DF81 44A24C 7FDBFA 58B729 738D5C 615D77 7FD919 575BD7 530028 448D17 7FD666 3E3D5E 7CB7BE 000FFF 02 0FBF63,2026-07-27T21:55:28.416+00:00,serial_request_midpoint,355.798,True,matched,12.8253,12.8253,2026-07-27T21:55:28.429+00:00,250.887066,1785189328357.902,7529,False,,,,,,,,,,,,,,False,,,,,,,,,,,,,,True,0.2932264442660554,-16.8944587837784,23.832660823147595,55.72179044005194,0.17747598414392318,-0.08445612412638884,-2.364909835969257,28.976428330152864,-17.075988216306378,-16.939863181480177,0.03357945989552088,0.014281611371997219,0.6743522400615254,False,,,,,,,,,,,,,,False,,,,,,,,,,,,,,False,,,,,,,,,,,,,,True,0.08994663682869455,11.241786904097626,9.398871864733593,76.17170857775191,0.19406354056803465,0.01340004605229213,-3.037347106807048,0.0,0.0,-1.1368683772161604e-14,0.0,0.0,0.0,True,2,0.29322644426606004,-17.827674191627214,23.761673044929136,60.688156597362436,2.8800038005680832,1.1574596859803143,0.23322216477975935,29.271830317326355,-17.109556282731827,-11.89483256497524,1.017184211737426,-2.9439903623694703,0.0047089069449014484,True,5.009565185890153,-1.3415228390629295,71.35874087171418,7.807820293832799,10.088414728252868,-3.824023353430641
