pcnose_host_time_utc,pcnose_elapsed_s,pcnose_device_time_s,pcnose_therm1_volts,pcnose_battery_raw,pcnose_flag,pcnose_sd_field1_hex,pcnose_sd_field2_hex,pcnose_sensor_mask_hex,pcnose_active_sensor_count,pcnose_S1_kohm,pcnose_S2_kohm,pcnose_S3_kohm,pcnose_S4_kohm,pcnose_S5_kohm,pcnose_S6_kohm,pcnose_S7_kohm,pcnose_S8_kohm,pcnose_S9_kohm,pcnose_S10_kohm,pcnose_S11_kohm,pcnose_S12_kohm,pcnose_S13_kohm,pcnose_S14_kohm,pcnose_S15_kohm,pcnose_S16_kohm,pcnose_S17_kohm,pcnose_S18_kohm,pcnose_S19_kohm,pcnose_S20_kohm,pcnose_S21_kohm,pcnose_S22_kohm,pcnose_S23_kohm,pcnose_S24_kohm,pcnose_S25_kohm,pcnose_S26_kohm,pcnose_S27_kohm,pcnose_S28_kohm,pcnose_S29_kohm,pcnose_S30_kohm,pcnose_S31_kohm,pcnose_S32_kohm,pcnose_raw_frame,pcnose_sample_time_estimate_utc,pcnose_timestamp_basis,pcnose_serial_roundtrip_ms,pose_alignment_valid,pose_alignment_status,pose_minus_pcnose_ms,abs_pose_minus_pcnose_ms,pose_host_timestamp_utc,pose_elapsed_s,camera_timestamp_ms,frame_number,tag_0_visible,tag_0_rms_px,tag_0_cam_x_cm,tag_0_cam_y_cm,tag_0_cam_z_cm,tag_0_cam_rvec_x_rad,tag_0_cam_rvec_y_rad,tag_0_cam_rvec_z_rad,tag_0_desk_x_cm,tag_0_desk_y_cm,tag_0_desk_z_cm,tag_0_desk_rvec_x_rad,tag_0_desk_rvec_y_rad,tag_0_desk_rvec_z_rad,tag_1_visible,tag_1_rms_px,tag_1_cam_x_cm,tag_1_cam_y_cm,tag_1_cam_z_cm,tag_1_cam_rvec_x_rad,tag_1_cam_rvec_y_rad,tag_1_cam_rvec_z_rad,tag_1_desk_x_cm,tag_1_desk_y_cm,tag_1_desk_z_cm,tag_1_desk_rvec_x_rad,tag_1_desk_rvec_y_rad,tag_1_desk_rvec_z_rad,tag_2_visible,tag_2_rms_px,tag_2_cam_x_cm,tag_2_cam_y_cm,tag_2_cam_z_cm,tag_2_cam_rvec_x_rad,tag_2_cam_rvec_y_rad,tag_2_cam_rvec_z_rad,tag_2_desk_x_cm,tag_2_desk_y_cm,tag_2_desk_z_cm,tag_2_desk_rvec_x_rad,tag_2_desk_rvec_y_rad,tag_2_desk_rvec_z_rad,tag_3_visible,tag_3_rms_px,tag_3_cam_x_cm,tag_3_cam_y_cm,tag_3_cam_z_cm,tag_3_cam_rvec_x_rad,tag_3_cam_rvec_y_rad,tag_3_cam_rvec_z_rad,tag_3_desk_x_cm,tag_3_desk_y_cm,tag_3_desk_z_cm,tag_3_desk_rvec_x_rad,tag_3_desk_rvec_y_rad,tag_3_desk_rvec_z_rad,tag_4_visible,tag_4_rms_px,tag_4_cam_x_cm,tag_4_cam_y_cm,tag_4_cam_z_cm,tag_4_cam_rvec_x_rad,tag_4_cam_rvec_y_rad,tag_4_cam_rvec_z_rad,tag_4_desk_x_cm,tag_4_desk_y_cm,tag_4_desk_z_cm,tag_4_desk_rvec_x_rad,tag_4_desk_rvec_y_rad,tag_4_desk_rvec_z_rad,tag_5_visible,tag_5_rms_px,tag_5_cam_x_cm,tag_5_cam_y_cm,tag_5_cam_z_cm,tag_5_cam_rvec_x_rad,tag_5_cam_rvec_y_rad,tag_5_cam_rvec_z_rad,tag_5_desk_x_cm,tag_5_desk_y_cm,tag_5_desk_z_cm,tag_5_desk_rvec_x_rad,tag_5_desk_rvec_y_rad,tag_5_desk_rvec_z_rad,tag_6_visible,tag_6_rms_px,tag_6_cam_x_cm,tag_6_cam_y_cm,tag_6_cam_z_cm,tag_6_cam_rvec_x_rad,tag_6_cam_rvec_y_rad,tag_6_cam_rvec_z_rad,tag_6_desk_x_cm,tag_6_desk_y_cm,tag_6_desk_z_cm,tag_6_desk_rvec_x_rad,tag_6_desk_rvec_y_rad,tag_6_desk_rvec_z_rad,cube_pose_valid,cube_used_tag_ids,cube_rms_px,cube_cam_x_cm,cube_cam_y_cm,cube_cam_z_cm,cube_cam_rvec_x_rad,cube_cam_rvec_y_rad,cube_cam_rvec_z_rad,cube_desk_x_cm,cube_desk_y_cm,cube_desk_z_cm,cube_desk_rvec_x_rad,cube_desk_rvec_y_rad,cube_desk_rvec_z_rad,snout_position_valid,snout_cam_x_cm,snout_cam_y_cm,snout_cam_z_cm,snout_desk_x_cm,snout_desk_y_cm,snout_desk_z_cm
2026-07-22T20:34:42.969+00:00,0.000000,95459.900000,1.219773,4095,0,02,00,FFFFFFFF,32,2.93440737,3.04828606,2.20696448,1.35075539,1.10123832,0.49185259,2.20566782,1.19233820,1.04748545,1.49502561,2.20485340,0.88960827,1.00899510,0.95971998,2.20495485,0.63927963,1.98388509,0.97724383,2.20462842,1.00424031,0.76603055,0.81058276,2.20684504,1.17561995,1.81798731,1.36080852,2.20749967,1.14007580,1.06107752,0.80714285,2.20764230,0.70954462,SD 02 00 FFFFFFFF 920636 9467F0 7FE97B 611CC4 5523B3 2E9A5A 7FDFDA 59B6E0 5251ED 674C9F 7FD9CD 497945 503E48 4D82D4 7FDA8E 397002 79194D 4E7E0E 7FD821 4FFBB9 41E4F9 44B2CA 7FE898 58E4AB 738AF2 618F48 7FED74 571EC8 530AAD 447C1F 7FEE83 3E3763 7CE79F 000FFF 00 0E90E7,2026-07-22T20:34:42.917+00:00,serial_request_midpoint,104.7421,True,matched,-54.22025,54.22025,2026-07-22T20:34:42.860+00:00,0.004916,1784752482785.292,1,False,,,,,,,,,,,,,,False,,,,,,,,,,,,,,True,0.13544512842999304,-3.5385935090198033,21.815296892351732,57.31174929201519,0.2345419157583009,-0.15270842222199812,-2.481358617561695,19.413524625008446,-12.643625961671566,-16.963793158966677,0.018720781118246203,-0.0077778749142106115,0.4619142567800322,False,,,,,,,,,,,,,,False,,,,,,,,,,,,,,False,,,,,,,,,,,,,,True,0.07823450081794539,13.952155652117458,13.667058623402554,78.57665938021631,0.2987783206770638,-0.07745865206353388,-2.9380058558585422,0.0,0.0,1.1368683772161604e-14,0.0,0.0,0.0,True,2,0.13544512843001674,-4.745190974211331,21.986282217750233,62.216401120910234,2.8917977960519816,0.9626977951696243,0.2938089968315696,19.587881608674035,-12.682649173402837,-11.91316945308787,0.7026017984067306,-3.052911268454523,0.024696532619244836,True,14.181651067115316,-5.44914506948316,74.65196683549468,4.185405439920032,18.51986603961478,-4.514650210393574
2026-07-22T20:34:43.383+00:00,1.100000,95461.000000,1.219163,4095,0,02,00,FFFFFFFF,32,2.93436597,3.04790503,2.20766546,1.35071059,1.10123536,0.49185338,2.20533497,1.19231853,1.04752266,1.49499155,2.20505895,0.88956111,1.00904652,0.95973353,2.20714654,0.63925927,1.98379021,0.97721753,2.20749283,1.00421329,0.76600881,0.81057735,2.20780811,1.17560697,1.81806214,1.36080886,2.20736968,1.14005068,1.06107031,0.80710897,2.20742125,0.70955129,SD 02 00 FFFFFFFF 9205FC 9465F1 7FEEAF 611C41 5523A9 2E9A5E 7FDD61 59B6A1 52526F 674C43 7FDB54 49788F 503F00 4D8306 7FEAD5 396FA5 791885 4E7DAE 7FED67 4FFB58 41E49E 44B2B4 7FEFBE 58E481 738B9D 618F49 7FEC7D 571E75 530A94 447B95 7FECDF 3E3780 7CD79F 000FFF 00 0E90F2,2026-07-22T20:34:43.276+00:00,serial_request_midpoint,213.3198,True,matched,26.2167,26.2167,2026-07-22T20:34:43.302+00:00,0.444562,1784752483256.202,15,False,,,,,,,,,,,,,,False,,,,,,,,,,,,,,True,0.1632762334249062,-3.533843635165777,21.80019741948955,57.268293913953656,0.23636207392481823,-0.14551729049592652,-2.4820467413420615,19.419495280709516,-12.575380812109646,-17.16394642100431,0.016426822277362123,-0.00437091762963338,0.4611127847505225,False,,,,,,,,,,,,,,False,,,,,,,,,,,,,,False,,,,,,,,,,,,,,True,0.06692562534780144,13.9665016904986,13.68263868232649,78.66224656187232,0.29521328337808933,-0.07397458163883121,-2.9385249681548697,0.0,0.0,0.0,0.0,0.0,0.0,True,2,0.16327623342500466,-4.738228614621526,21.943384093752904,62.174379673285046,2.8970329878840158,0.9636286358246897,0.29637382690957226,19.60783967472522,-12.599473534347673,-12.113731672073573,0.7006676610307768,-3.049857770983268,0.028241760398655762,True,14.19640920036928,-5.560298381586,74.44622777546607,4.250281006911587,18.637096976626395,-4.765713625705189
2026-07-22T20:34:43.940+00:00,1.700000,95461.600000,1.217942,4095,0,02,00,FFFFFFFF,32,2.93439096,3.04808324,2.20753704,1.35067982,1.10127085,0.49182699,2.20810238,1.19228762,1.04753353,1.49498452,2.20768178,0.88956784,1.00902891,0.95971077,2.20742494,0.63926343,1.98386326,0.97722877,2.20747651,1.00425480,0.76601215,0.81058547,2.20753493,1.17560573,1.81795580,1.36076966,2.20739073,1.14004493,1.06109772,0.80712272,2.20543329,0.70954393,SD 02 00 FFFFFFFF 92061F 9466E0 7FEDBB 611BE7 552421 2E99D8 7FF1ED 59B63E 525295 674C30 7FEECE 4978A9 503EC1 4D82B2 7FECE6 396FB8 79191F 4E7DD7 7FED48 4FFBED 41E4AC 44B2D5 7FEDB7 58E47D 738AAA 618ED7 7FECA5 571E62 530AF3 447BCD 7FDE1C 3E3760 7CB79F 000FFF 00 0E90F8,2026-07-22T20:34:43.762+00:00,serial_request_midpoint,356.0065,True,matched,69.99835,69.99835,2026-07-22T20:34:43.831+00:00,0.974304,1784752483757.923,30,False,,,,,,,,,,,,,,False,,,,,,,,,,,,,,True,0.10606746170744108,-3.538975344444463,21.81768433236608,57.325948161287386,0.23705903586557556,-0.1528850533188595,-2.4809172132851702,19.38683493387929,-12.632360410126449,-17.17216895754217,0.019647465233018958,-0.0007658391582898537,0.46272327609901454,False,,,,,,,,,,,,,,False,,,,,,,,,,,,,,False,,,,,,,,,,,,,,True,0.06011184281967884,13.97526498529027,13.690299729330732,78.71534483762738,0.2915645582511541,-0.07889253586386595,-2.9395696563755065,0.0,-1.4210854715202005e-15,0.0,0.0,0.0,0.0,True,2,0.10606746170753142,-4.754782180434005,21.986059694135957,62.22841555596456,2.8912647891982908,0.9629831265315952,0.2967309717053052,19.596407758524087,-12.667686686063362,-12.12285669089024,0.7024714507914183,-3.0458314179579595,0.023270365841723647,True,14.158397608592859,-5.4483248621706535,74.68704666121764,4.2184433334277855,18.52654553546356,-4.638913814165926
2026-07-22T20:34:44.496+00:00,2.800000,95462.700000,1.219163,4095,0,02,00,FFFFFFFF,32,2.93425677,3.04822939,2.20704604,1.35070273,1.10122619,0.49183920,2.20794497,1.19232290,1.04750778,1.49499821,2.20770757,0.88959894,1.00898839,0.95971565,2.20751335,0.63928248,1.98391165,0.97724301,2.20764809,1.00424728,0.76600547,0.81058621,2.20792497,1.17563541,1.81794355,1.36077344,2.20763494,1.14007489,1.06109570,0.80712861,2.20802341,0.70953313,SD 02 00 FFFFFFFF 920563 9467A4 7FEA16 611C2A 55238A 2E9A16 7FF0C2 59B6AF 52523B 674C55 7FEEFF 497921 503E30 4D82C4 7FED8E 39700F 791985 4E7E0B 7FEE8E 4FFBD2 41E490 44B2D8 7FF09C 58E4DD 738A8E 618EE2 7FEE75 571EC5 530AEC 447BE5 7FF157 3E3731 7CD79F 000FFF 00 0E9103,2026-07-22T20:34:44.318+00:00,serial_request_midpoint,355.9072,True,matched,30.0877,30.0877,2026-07-22T20:34:44.347+00:00,1.490573,1784752484290.393,46,False,,,,,,,,,,,,,,False,,,,,,,,,,,,,,True,0.13051896497636312,-3.5380427488576296,21.81623634412635,57.313926024365074,0.2368473974303682,-0.1533763187751166,-2.4805807082473503,19.407937840180516,-12.687188524930667,-17.105438681739702,0.017132722455489264,-0.0025132719049668463,0.46218969231946866,False,,,,,,,,,,,,,,False,,,,,,,,,,,,,,False,,,,,,,,,,,,,,True,0.08135251490764896,13.970088005165177,13.692225735523497,78.70772525455205,0.29498254155856546,-0.08223000077712114,-2.9383958081029915,0.0,-1.4210854715202005e-15,0.0,0.0,0.0,0.0,True,2,0.13051896497638207,-4.753773150437895,21.986429653987308,62.21634959045825,2.89076766289058,0.9633462137656612,0.29646463731735884,19.60612228734824,-12.712379879540117,-12.05560588114248,0.7019594608310502,-3.047696876634038,0.0271601114851204,True,14.167477189088146,-5.437110731843001,74.68659549933544,4.228723466033335,18.505470994748347,-4.66962544432447
2026-07-22T20:34:45.055+00:00,3.400000,95463.300000,1.216721,4095,0,02,00,FFFFFFFF,32,2.93428247,3.04794231,2.20751441,1.35074547,1.10119219,0.49186381,2.20800709,1.19232259,1.04755013,1.49498303,2.20784338,0.88959194,1.00899621,0.95970264,2.20791865,0.63928992,1.98384002,0.97718164,2.20771547,1.00421050,0.76600021,0.81057956,2.20785706,1.17562984,1.81793261,1.36078341,2.20540753,1.14007974,1.06107954,0.80714064,2.20491017,0.70955037,SD 02 00 FFFFFFFF 920587 946623 7FED90 611CA7 552317 2E9A93 7FF138 59B6AE 5252CF 674C2C 7FF001 497906 503E4C 4D8294 7FF090 397031 7918EE 4E7D2B 7FEF0E 4FFB4E 41E47A 44B2BD 7FF01B 58E4CB 738A75 618EFF 7FDDEB 571ED5 530AB4 447C16 7FDA39 3E377C 7C979F 000FFF 00 0E9109,2026-07-22T20:34:44.877+00:00,serial_request_midpoint,359.099,True,matched,34.62,34.62,2026-07-22T20:34:44.911+00:00,2.053404,1784752484855.207,63,False,,,,,,,,,,,,,,False,,,,,,,,,,,,,,True,0.138799329995432,-3.538277881732926,21.809835596465838,57.30393979081932,0.23722543706601537,-0.1509498333967006,-2.4817293581796487,19.369100881648826,-12.623890580315864,-17.15361087904024,0.01942513326109194,-0.0013712888287963773,0.4608586708718531,False,,,,,,,,,,,,,,False,,,,,,,,,,,,,,False,,,,,,,,,,,,,,True,0.07246975546986799,13.967394715500465,13.683966433140494,78.66494926593063,0.2919550974292595,-0.07698255348012682,-2.9384303128347504,0.0,1.4210854715202005e-15,1.1368683772161604e-14,0.0,0.0,0.0,True,2,0.13879932999548195,-4.752176916700497,21.97151142471112,62.207105398879456,2.8930133128721285,0.9623703665544179,0.29702455220156776,19.575494652486327,-12.659207095572057,-12.10416761510437,0.6997398796131816,-3.0470415573690945,0.023588447253401246,True,14.149464334933262,-5.492786211320629,74.61724754496893,4.251302350297595,18.564332991665804,-4.632153867904878
2026-07-22T20:34:45.612+00:00,4.500000,95464.400000,1.217942,4095,0,02,00,FFFFFFFF,32,2.93435170,3.04789534,2.20461580,1.35075847,1.10123950,0.49184727,2.20464313,1.19227638,1.04750262,1.49500562,2.20473722,0.88961008,1.00900795,0.95969560,2.20679085,0.63929146,1.98379211,0.97726109,2.20755441,1.00428072,0.76602887,0.81058227,2.20559315,1.17558440,1.81792911,1.36084291,2.20450017,1.14006642,1.06106944,0.80711977,2.20706130,0.70954669,SD 02 00 FFFFFFFF 9205E8 9465E4 7FD809 611CCD 5523B7 2E9A3F 7FD83D 59B61A 525229 674C69 7FD8F0 49794C 503E76 4D827A 7FE831 397038 791889 4E7E4D 7FEDDC 4FFC4A 41E4F2 44B2C8 7FDF4C 58E438 738A6D 618FAC 7FD72D 571EA9 530A91 447BC1 7FEA33 3E376C 7CB79F 000FFF 00 0E9114,2026-07-22T20:34:45.435+00:00,serial_request_midpoint,355.4828,True,matched,14.5063,14.5063,2026-07-22T20:34:45.448+00:00,2.591176,1784752485388.348,79,False,,,,,,,,,,,,,,False,,,,,,,,,,,,,,True,0.09200180619327358,-3.5369909397854733,21.81203090567966,57.31431934612611,0.23402953248686148,-0.15339182457385864,-2.482306272416647,19.362111101966303,-12.662230331302533,-17.15295238204802,0.02001106751109441,-0.00379538787695429,0.4597722881948552,False,,,,,,,,,,,,,,False,,,,,,,,,,,,,,False,,,,,,,,,,,,,,True,0.044388648548337566,13.970698399366494,13.685169213398646,78.68912067261643,0.29201383525112656,-0.07867144607105919,-2.9375754383823867,0.0,0.0,0.0,0.0,0.0,0.0,True,2,0.09200180619327643,-4.74232085247368,21.98669761612313,62.21915312062987,2.8918367971334105,0.9611873980604372,0.29313746888359865,19.557373399241218,-12.703391380925762,-12.10311066008013,0.6985647457535433,-3.049761049327483,0.022664463308978443,True,14.15977891844235,-5.461426300980969,74.66433019505443,4.251362119624366,18.52879349109775,-4.62996128648025
2026-07-22T20:34:46.171+00:00,5.700000,95465.600000,1.219163,4095,0,02,00,FFFFFFFF,32,2.93444449,3.04805565,2.20752230,1.35073521,1.10114192,0.49186696,2.20527766,1.19230542,1.04749576,1.49496637,2.20719180,0.88960127,1.00901382,0.95967554,2.20780232,0.63927919,1.98388509,0.97721890,2.20532445,1.00426010,0.76600690,0.81059605,2.20679190,1.17558285,1.81796193,1.36086457,2.20737546,1.14010153,1.06111764,0.80711928,2.20531657,0.70956600,SD 02 00 FFFFFFFF 92066A 9466BB 7FED9F 611C89 55226D 2E9AA3 7FDCF4 59B677 525211 674BFF 7FEB2B 49792A 503E8B 4D8230 7FEFB3 397000 79194D 4E7DB3 7FDD4D 4FFC00 41E496 44B300 7FE833 58E433 738AB8 618FEB 7FEC88 571F1D 530B38 447BBF 7FDD3E 3E37C0 7CD79F 000FFF 00 0E9120,2026-07-22T20:34:45.992+00:00,serial_request_midpoint,358.377,True,matched,6.3763,6.3763,2026-07-22T20:34:45.997+00:00,3.140179,1784752485920.582,95,False,,,,,,,,,,,,,,False,,,,,,,,,,,,,,True,0.1556760708603974,-3.538609386240836,21.821632775797315,57.336340940795836,0.235539087189924,-0.15697503889456485,-2.481580447606619,19.375814733492724,-12.680048647018925,-17.076469651894342,0.021381395991439484,-0.0036646465873322568,0.46104281789566015,False,,,,,,,,,,,,,,False,,,,,,,,,,,,,,False,,,,,,,,,,,,,,True,0.109354057882443,13.965657484936425,13.681747937484383,78.67069263404112,0.2939199306048364,-0.08021782470313119,-2.938061853078799,0.0,-1.4210854715202005e-15,-1.1368683772161604e-14,0.0,0.0,0.0,True,2,0.15567607086043384,-4.753667578526208,22.007059843632312,62.238378653169946,2.8888593123604,0.9609807927812141,0.2946749730059006,19.573268473276165,-12.727486027985048,-12.026768169905903,0.7005031609734513,-3.049214088138665,0.020557846395177524,True,14.131132932047569,-5.407742635219114,74.78286865689438,4.230580670589785,18.475449468821616,-4.5067906364574695
2026-07-22T20:34:46.724+00:00,6.200000,95466.100000,1.216721,4095,0,02,00,FFFFFFFF,32,2.93446019,3.04805117,2.20456114,1.35069008,1.10122383,0.49186361,2.20493330,1.19232789,1.04750234,1.49501043,2.20475930,0.88959971,1.00901885,0.95969668,2.20721285,0.63927416,1.98389505,0.97724685,2.20726547,1.00422276,0.76602529,0.81059064,2.20782127,1.17565612,1.81794049,1.36082640,2.20778653,1.14007096,1.06108214,0.80712763,2.20796392,0.70953933,SD 02 00 FFFFFFFF 920680 9466B5 7FD7A1 611C05 552382 2E9A92 7FDA65 59B6BF 525228 674C76 7FD91A 497924 503E9D 4D827E 7FEB53 396FE9 791962 4E7E19 7FEBB7 4FFB7A 41E4E3 44B2EA 7FEFD7 58E520 738A87 618F7C 7FEF95 571EB8 530ABD 447BE1 7FF0E6 3E374C 7C979F 000FFF 00 0E9125,2026-07-22T20:34:46.548+00:00,serial_request_midpoint,353.9306,True,matched,11.8584,11.8584,2026-07-22T20:34:46.560+00:00,3.702428,1784752486484.833,112,False,,,,,,,,,,,,,,False,,,,,,,,,,,,,,True,0.07708116338119445,-3.5388274171167873,21.81503647814536,57.31733888059722,0.23572381879516327,-0.15171521963655127,-2.4816928107934024,19.380920436373803,-12.573128029970798,-17.14191197285736,0.02191614845564259,-0.0034950179532170058,0.4620930251595076,False,,,,,,,,,,,,,,False,,,,,,,,,,,,,,False,,,,,,,,,,,,,,True,0.06162870989221315,13.965556581384314,13.680546831607879,78.64749102556966,0.29242480359653916,-0.0736032596264724,-2.9392598225425606,0.0,-1.4210854715202005e-15,0.0,0.0,0.0,0.0,True,2,0.07708116338120934,-4.748337417206412,21.981235538565024,62.221437823305976,2.892572291237171,0.9623731969695621,0.2952335845778018,19.579806079631624,-12.622767250527977,-12.092287882237667,0.7020832270461667,-3.0486993695309206,0.019743901764816413,True,14.164156764937383,-5.471814702121972,74.63992851359686,4.206308877243231,18.560390840921485,-4.553219641136877
2026-07-22T20:34:47.281+00:00,7.400000,95467.300000,1.217332,4095,0,02,00,FFFFFFFF,32,2.93443735,3.04781034,2.20746178,1.35068905,1.10120934,0.49184885,2.20806079,1.19233133,1.04746657,1.49501561,2.20546852,0.88960723,1.00903702,0.95970400,2.20734231,0.63927460,1.98379875,0.97725534,2.20778442,1.00425954,0.76601168,0.81057956,2.20805026,1.17560666,1.81796193,1.36084669,2.20756967,1.14007217,1.06111735,0.80712517,2.20551375,0.70956186,SD 02 00 FFFFFFFF 920660 946572 7FED2C 611C02 552351 2E9A47 7FF19E 59B6CA 5251AB 674C84 7FDE5F 497941 503EDE 4D8299 7FEC49 396FEB 791897 4E7E38 7FEF91 4FFBFE 41E4AA 44B2BD 7FF18A 58E480 738AB8 618FB7 7FEDF9 571EBC 530B37 447BD7 7FDEB5 3E37AE 7CA79F 000FFF 00 0E9131,2026-07-22T20:34:47.104+00:00,serial_request_midpoint,356.2841,True,matched,9.32695,9.32695,2026-07-22T20:34:47.113+00:00,4.255487,1784752487050.785,129,False,,,,,,,,,,,,,,False,,,,,,,,,,,,,,True,0.1575396057278994,-3.5361581304496945,21.79855684703545,57.27154087607827,0.23701133477133265,-0.14547531153686472,-2.4811950535123564,19.35614265211974,-12.616518878691291,-17.25773400076495,0.014942985725798195,0.0012622959742914922,0.46160506909664567,False,,,,,,,,,,,,,,False,,,,,,,,,,,,,,False,,,,,,,,,,,,,,True,0.06304094305342191,13.972717922752262,13.6930504191258,78.70530430501131,0.28888021743036163,-0.07839326904867112,-2.9391655723186956,-5.684341886080802e-15,-1.4210854715202005e-15,-1.1368683772161604e-14,0.0,0.0,0.0,True,2,0.15753960572792175,-4.743007129826178,21.94028348815943,62.177063508043815,2.8965841026593315,0.9647940374321178,0.2971605288614428,19.570225448227923,-12.62682925436006,-12.208497871072598,0.7002888990506727,-3.0442101024309616,0.030537591409874706,True,14.208561209520003,-5.548842974955898,74.45538988039979,4.23346594355678,18.621465765046743,-4.866891711100254
2026-07-22T20:34:47.837+00:00,8.000000,95467.900000,1.219163,4095,0,02,00,FFFFFFFF,32,2.93449731,3.04805266,2.20701868,1.35078206,1.10120224,0.49186539,2.20554530,1.19230979,1.04751121,1.49503487,2.20730810,0.88961552,1.00902081,0.95969939,2.20557106,0.63928992,1.98389837,0.97723315,2.20840300,1.00423892,0.76603102,0.81057292,2.20704656,1.17561500,1.81810021,1.36086973,2.20843617,1.14012242,1.06109282,0.80712174,2.20766388,0.70957221,SD 02 00 FFFFFFFF 9206B4 9466B7 7FE9E2 611D12 552339 2E9A9B 7FDEF1 59B685 525247 674CB8 7FEC08 497961 503EA4 4D8288 7FDF22 397031 791969 4E7DE7 7FF428 4FFBB4 41E4FB 44B2A2 7FEA17 58E49B 738BF4 618FFA 7FF467 571F62 530AE2 447BC9 7FEEAC 3E37DB 7CD79F 000FFF 00 0E9137,2026-07-22T20:34:47.660+00:00,serial_request_midpoint,355.6642,True,matched,87.1709,87.1709,2026-07-22T20:34:47.747+00:00,4.889458,1784752487684.174,148,False,,,,,,,,,,,,,,False,,,,,,,,,,,,,,True,0.09612591101311344,-3.5937951615198953,21.774216847353465,57.28080577793734,0.23293380731653196,-0.1512580948617378,-2.4822647362182413,19.43846914915402,-12.504116429602416,-17.295688142925314,0.024113340412549828,-0.004582891959527817,0.46176520537840393,False,,,,,,,,,,,,,,False,,,,,,,,,,,,,,False,,,,,,,,,,,,,,True,0.06120636988985815,13.969976001333894,13.686382053691156,78.71556049485267,0.28967778065646044,-0.07029963607746961,-2.9393906361577855,-5.684341886080802e-15,0.0,-1.1368683772161604e-14,0.0,0.0,0.0,True,2,0.09612591101308705,-4.792766055850871,21.942408677978936,62.187424089762644,2.893386043125863,0.9620128255689545,0.29200859556079245,19.634572996992016,-12.565772469272101,-12.246087686560793,0.7018319393661463,-3.0498675304421754,0.016330295533973502,True,14.134135730541683,-5.515245812860982,74.57374369495842,4.267268648297391,18.604560849284873,-4.641642105402582
2026-07-22T20:34:48.395+00:00,9.100000,95469.000000,1.217332,4095,0,02,00,FFFFFFFF,32,2.93444806,3.04802582,2.20617114,1.35073179,1.10122619,0.49185889,2.20599652,1.19231541,1.04750463,1.49500414,2.20693659,0.88960956,1.00900823,0.95967852,2.20707919,0.63926496,1.98383528,0.97723342,2.20735389,1.00424756,0.76601932,0.81058596,2.20792865,1.17562397,1.81800306,1.36088383,2.20764125,1.14005976,1.06107204,0.80712124,2.20768231,0.70955864,SD 02 00 FFFFFFFF 92066F 946693 7FE397 611C7F 55238A 2E9A7A 7FE24B 59B697 525230 674C65 7FE946 49794A 503E77 4D823B 7FEA55 396FBF 7918E4 4E7DE8 7FEC5F 4FFBD3 41E4CA 44B2D7 7FF0A3 58E4B8 738B16 619023 7FEE81 571E93 530A9A 447BC7 7FEECF 3E37A0 7CA79F 000FFF 00 0E9142,2026-07-22T20:34:48.217+00:00,serial_request_midpoint,356.5334,True,matched,95.865,95.865,2026-07-22T20:34:48.311+00:00,5.454621,1784752488250.866,165,False,,,,,,,,,,,,,,False,,,,,,,,,,,,,,True,0.12077026629898281,-3.5556842039393133,21.80645572841983,57.31071163054751,0.2363514130840672,-0.15215772862382432,-2.482376312946482,19.42763231423412,-12.646454206125153,-17.068890662626576,0.01786496727817714,-0.0041028320843746,0.46086935463018747,False,,,,,,,,,,,,,,False,,,,,,,,,,,,,,False,,,,,,,,,,,,,,True,0.08198429820407101,13.963068656593336,13.682781336854578,78.66046437779967,0.2958398035583687,-0.07942101565022283,-2.9386127821983807,0.0,-1.4210854715202005e-15,0.0,0.0,0.0,0.0,True,2,0.12077026629902035,-4.767740106133096,21.973954251593156,62.21413775579172,2.892561515048339,0.9611809782342683,0.29590803863022885,19.618931834257037,-12.677294478550866,-12.018823692548732,0.7002666357249928,-3.0496860367854643,0.026007851670859877,True,14.117540703566736,-5.492161157710521,74.64514687789209,4.273080055914233,18.553118862793653,-4.620348818762158
2026-07-22T20:34:48.952+00:00,9.700000,95469.600000,1.217942,4095,0,02,00,FFFFFFFF,32,2.93424963,3.04788863,2.20514885,1.35063160,1.10121111,0.49184334,2.20687029,1.19230073,1.04752953,1.49497563,2.20742388,0.88959298,1.00901410,0.95970102,2.20725442,0.63927044,1.98380682,0.97725233,2.20749335,1.00423223,0.76601765,0.81060196,2.20548167,1.17559275,1.81798862,1.36088211,2.20746335,1.14013907,1.06108185,0.80712124,2.20786127,0.70955014,SD 02 00 FFFFFFFF 920559 9465DB 7FDBFF 611B5A 552357 2E9A2B 7FE8C8 59B668 525287 674C18 7FECE4 49790A 503E8C 4D828E 7FEBA2 396FD8 7918A8 4E7E2D 7FED68 4FFB9C 41E4C3 44B318 7FDE78 58E453 738AF5 61901E 7FED2F 571F99 530ABC 447BC7 7FF023 3E377B 7CB79F 000FFF 00 0E9148,2026-07-22T20:34:48.774+00:00,serial_request_midpoint,356.1672,True,matched,91.3667,91.3667,2026-07-22T20:34:48.866+00:00,6.008038,1784752488784.236,181,False,,,,,,,,,,,,,,False,,,,,,,,,,,,,,True,0.09770806238240333,-3.538301943875311,21.79284336144309,57.26834574771124,0.237782417998364,-0.15193227553994773,-2.4816006285528367,19.400065176730998,-12.641197215925613,-17.183759192409447,0.018499417315824725,-0.0012877233409543777,0.460854859058159,False,,,,,,,,,,,,,,False,,,,,,,,,,,,,,False,,,,,,,,,,,,,,True,0.06022108960089038,13.972792989508566,13.684759657681079,78.6941364865115,0.2931393273764988,-0.07924260230138697,-2.938294901160922,0.0,0.0,1.1368683772161604e-14,0.0,0.0,0.0,True,2,0.09770806238237134,-4.755353699196968,21.957344921045888,62.170635748826086,2.892220887328089,0.962196323326481,0.297609267822001,19.60580800685102,-12.671908572692889,-12.13425924749473,0.6997025168370563,-3.0469580544134582,0.02502262836195635,True,14.138286059802718,-5.4998015018466955,74.60875464603605,4.280810173707687,18.55850998799689,-4.692706138739561
2026-07-22T20:34:49.507+00:00,10.800000,95470.700000,1.217942,4095,0,02,00,FFFFFFFF,32,2.93444377,3.04794231,2.20787496,1.35068016,1.10119633,0.49186755,2.20790128,1.19227420,1.04750778,1.49497156,2.20523139,0.88960257,1.00901578,0.95969939,2.20449071,0.63926912,1.98380444,0.97721918,2.20711287,1.00422805,0.76601072,0.81059630,2.20513781,1.17558254,1.81812734,1.36081780,2.20474774,1.14005310,1.06110494,0.80713352,2.20724600,0.70954531,SD 02 00 FFFFFFFF 920669 946623 7FF03D 611BE8 552325 2E9AA6 7FF06F 59B613 52523B 674C0D 7FDC9C 49792F 503E92 4D8288 7FD71B 396FD2 7918A3 4E7DB4 7FEA95 4FFB8D 41E4A6 44B301 7FDBEA 58E432 738C32 618F63 7FD904 571E7D 530B0C 447BF9 7FEB92 3E3766 7CB79E 000FFF 00 0E9153,2026-07-22T20:34:49.330+00:00,serial_request_midpoint,355.6371,True,matched,83.23815,83.23815,2026-07-22T20:34:49.414+00:00,6.556036,1784752489350.949,198,False,,,,,,,,,,,,,,False,,,,,,,,,,,,,,True,0.14763676689224087,-3.6807229118741858,21.797764586735745,57.25560793277348,0.21867774084153346,-0.14073303013418145,-2.4832526755532114,19.5375408055743,-12.74569297761646,-17.144018701379775,0.004595586068288043,-0.01383802844993418,0.4606737487251057,False,,,,,,,,,,,,,,False,,,,,,,,,,,,,,False,,,,,,,,,,,,,,True,0.08723922830146126,13.975932036843934,13.690429347258469,78.71718333578245,0.29322729820261667,-0.08533661288249347,-2.93820815866838,0.0,-1.4210854715202005e-15,0.0,0.0,0.0,0.0,True,2,0.14763676689220423,-4.816628939891668,21.945222944305495,62.177873271736814,2.9022662938219477,0.9653103823333532,0.2760862018149169,19.666224196591156,-12.723038803101925,-12.091925084658396,0.7016595267664931,-3.059080493806397,0.046651275804502214,True,14.28209044617058,-5.552017319496533,74.20750379055752,4.241666272294998,18.5878422543942,-5.215657566919515
2026-07-22T20:34:50.068+00:00,11.400000,95471.300000,1.218552,4095,0,02,00,FFFFFFFF,32,2.93458939,3.04816302,2.20623005,1.35072974,1.10122472,0.49184845,2.20535653,1.19230354,1.04751751,1.49497563,2.20496747,0.88963470,1.00902248,0.95969180,2.20469202,0.63926277,1.98383860,0.97725260,2.20884322,1.00426901,0.76602529,0.81059556,2.20838089,1.17560573,1.81804945,1.36084360,2.20741336,1.14004644,1.06113207,0.80710946,2.20500742,0.70954922,SD 02 00 FFFFFFFF 920735 94674B 7FE407 611C79 552385 2E9A45 7FDD8A 59B671 52525D 674C18 7FDAA6 4979AB 503EAA 4D826C 7FD89A 396FB5 7918EB 4E7E2E 7FF76C 4FFC20 41E4E3 44B2FE 7FF3FE 58E47D 738B80 618FAE 7FECD0 571E67 530B6A 447B97 7FDAF2 3E3777 7CC79F 000FFF 00 0E9159,2026-07-22T20:34:49.889+00:00,serial_request_midpoint,358.7742,True,matched,62.8487,62.8487,2026-07-22T20:34:49.952+00:00,7.093477,1784752489884.31,214,False,,,,,,,,,,,,,,False,,,,,,,,,,,,,,True,0.059096996757599725,-3.444151934496636,21.848546447189815,57.295745796466825,0.2528934045862041,-0.14462118306663532,-2.4809895321950752,19.24816683629548,-12.720256891289313,-17.131900470107144,0.012518433992583322,0.01225319133455072,0.4587847340175508,False,,,,,,,,,,,,,,False,,,,,,,,,,,,,,False,,,,,,,,,,,,,,True,0.08927807265564969,13.964586580903694,13.684240400750184,78.65174742922575,0.29168185775089844,-0.08222645207999607,-2.937765287373468,0.0,0.0,0.0,0.0,0.0,0.0,True,2,0.05909699675763361,-4.7060202048294855,21.968391750475046,62.187989515771314,2.8958557276345966,0.9633740978590383,0.3156661503042377,19.513119155657396,-12.706806749598238,-12.08508539526838,0.6938093899592027,-3.0344424308846505,0.034214961461058964,True,14.101324445323314,-5.580377958051935,74.55408790972984,4.335916312595003,18.618730236645398,-4.741070068747774
2026-07-22T20:34:50.624+00:00,12.500000,95472.400000,1.218552,4095,0,02,00,FFFFFFFF,32,2.93463793,3.04818838,2.20433198,1.35067195,1.10116824,0.49184274,2.20447494,1.19231884,1.04750806,1.49491529,2.20493435,0.88963185,1.00900460,0.95967934,2.20476403,0.63925730,1.98388461,0.97722685,2.20463577,1.00419768,0.76603509,0.81059876,2.20441397,1.17558780,1.81797199,1.36086010,2.20673087,1.14007066,1.06111677,0.80712566,2.20762704,0.70954577,SD 02 00 FFFFFFFF 920779 94676D 7FD5ED 611BD0 5522C6 2E9A28 7FD6FD 59B6A2 52523C 674B75 7FDA67 4979A0 503E6A 4D823E 7FD923 396F9C 79194C 4E7DD0 7FD82F 4FFB20 41E50C 44B30B 7FD689 58E443 738ACF 618FDE 7FE7BF 571EB7 530B35 447BD9 7FEE66 3E3768 7CC79F 000FFF 00 0E9164,2026-07-22T20:34:50.447+00:00,serial_request_midpoint,355.603,True,matched,-11.4333,11.4333,2026-07-22T20:34:50.435+00:00,7.577035,1784752490384.301,229,False,,,,,,,,,,,,,,False,,,,,,,,,,,,,,True,0.13302398195657328,-3.522130884382551,21.807331094645416,57.310007629763845,0.2377964631689349,-0.15606730601365992,-2.4810539763604598,19.418013371666305,-12.668533530513017,-17.057351363985685,0.020034009593766992,-0.004640138709053743,0.46121342163447815,False,,,,,,,,,,,,,,False,,,,,,,,,,,,,,False,,,,,,,,,,,,,,True,0.074488856208479,13.96605281084884,13.683630118308646,78.679919519131,0.29815626013125174,-0.0800371195021206,-2.937457729930282,0.0,1.4210854715202005e-15,0.0,0.0,0.0,0.0,True,2,0.1330239819565494,-4.744234375273803,21.98646787810758,62.210527620046136,2.8890587141139794,0.9617436621176111,0.29736827490059375,19.609171041280227,-12.710490491644729,-12.00735913987736,0.700933652835815,-3.0501016529035385,0.022649019558070436,True,14.138339847133574,-5.431961834592994,74.75044060049075,4.252258557622997,18.49813625162856,-4.540219761207072
2026-07-22T20:34:51.180+00:00,13.700000,95473.600000,1.217332,4095,0,02,00,FFFFFFFF,32,2.93449445,3.04770223,2.20716707,1.35070820,1.10120816,0.49182148,2.20713655,1.19231447,1.04751493,1.49496119,2.20707024,0.88964610,1.00900236,0.95969451,2.20761862,0.63926737,1.98382342,0.97723424,2.20504580,1.00422304,0.76600833,0.81057563,2.20688134,1.17563108,1.81795624,1.36098185,2.20769599,1.14008852,1.06112370,0.80715832,2.20792602,0.70954600,SD 02 00 FFFFFFFF 9206B0 9464E1 7FEAFC 611C3A 55234D 2E99BC 7FEAC2 59B694 525254 674BF1 7FEA44 4979D7 503E62 4D8276 7FEE56 396FCA 7918CB 4E7DEB 7FDB3B 4FFB7B 41E49C 44B2AD 7FE8DD 58E4CF 738AAB 619140 7FEEE9 571EF2 530B4D 447C5E 7FF09E 3E3769 7CA79E 000FFF 00 0E9170,2026-07-22T20:34:51.003+00:00,serial_request_midpoint,355.0672,True,matched,2.0955,2.0955,2026-07-22T20:34:51.004+00:00,8.14732,1784752490950.967,246,False,,,,,,,,,,,,,,False,,,,,,,,,,,,,,True,0.20089280364876896,-4.640571207126468,21.022074266308124,57.13462374074893,0.20761126950291658,-0.20844949870573565,-2.4761861288372136,20.5917957734576,-12.067519933361904,-17.199477170759234,0.06142070786950475,-0.026123163741475414,0.4694763712880466,False,,,,,,,,,,,,,,False,,,,,,,,,,,,,,False,,,,,,,,,,,,,,True,0.07184227829782147,13.969750829534856,13.688426136422063,78.7064253406181,0.28965142834382807,-0.0768773940852413,-2.938130705760876,0.0,1.4210854715202005e-15,0.0,0.0,0.0,0.0,True,2,0.20089280364830484,-5.818965949057499,21.424329472701622,62.03261277404488,2.8523404061092537,0.9556525914368379,0.2594765789099896,20.72651374774035,-12.334199308043406,-12.15453384424967,-0.7142648302638059,3.049455684706153,0.04159502360254608,True,13.152507321084826,-5.420822685520363,75.63380104177844,5.0203145745856945,18.383990908354157,-3.4781629384756685
2026-07-22T20:34:51.736+00:00,14.200000,95474.100000,1.217942,4095,0,02,00,FFFFFFFF,32,2.93446233,3.04802135,2.20738810,1.35066956,1.10119662,0.49183310,2.20813975,1.19232946,1.04751980,1.49498489,2.20799761,0.88962019,1.00898112,0.95971673,2.20807342,0.63926080,1.98380682,0.97718164,2.20760336,1.00422053,0.76601000,0.81055373,2.20778547,1.17563386,1.81799431,1.36086698,2.20750546,1.14008519,1.06111475,0.80712959,2.20791128,0.70956278,SD 02 00 FFFFFFFF 920683 94668D 7FECA0 611BC9 552326 2E99F7 7FF234 59B6C4 525265 674C31 7FF126 497973 503E16 4D82C8 7FF1B6 396FAC 7918A8 4E7D2B 7FEE39 4FFB72 41E4A3 44B254 7FEF93 58E4D8 738B02 618FF2 7FED7F 571EE7 530B2E 447BE9 7FF082 3E37B2 7CB79E 000FFF 00 0E9175,2026-07-22T20:34:51.559+00:00,serial_request_midpoint,355.8108,True,matched,73.1638,73.1638,2026-07-22T20:34:51.631+00:00,8.774422,1784752491550.978,264,False,,,,,,,,,,,,,,False,,,,,,,,,,,,,,True,0.1653414133001012,-5.621172222918601,20.308271334882377,56.773994003427006,0.08188748482101778,-0.22413363016930404,-2.490502131378737,21.770365230045897,-11.670413669385354,-17.19859107894605,0.058563466020660454,-0.12550847604972937,0.465137048893472,False,,,,,,,,,,,,,,False,,,,,,,,,,,,,,False,,,,,,,,,,,,,,True,0.059715029251610076,13.962292034348394,13.67698023745126,78.64755792498417,0.2947486148462079,-0.084429998138561,-2.9378131856046394,0.0,-1.4210854715202005e-15,-1.1368683772161604e-14,0.0,0.0,0.0,True,2,0.16534141330028201,-6.364113341621151,20.926391326914366,61.73450704200958,2.8548387347796673,0.9383473685688581,0.11471638345583997,21.417776082397758,-12.038439148365015,-12.170573420252026,-0.6837277543535675,2.955574003065314,0.03686224572385285,True,13.26978347074738,-5.735362122094924,74.7434391164596,5.1288440593974824,18.622027565724636,-4.413138976028518
2026-07-22T20:34:52.293+00:00,15.400000,95475.300000,1.217942,4095,0,02,00,FFFFFFFF,32,2.93446091,3.04808473,2.20728810,1.35064050,1.10120993,0.49183959,2.20790760,1.19233102,1.04751236,1.49497193,2.20771757,0.88961811,1.00902416,0.95969126,2.20546432,0.63927306,1.98379306,0.97720876,2.20488073,1.00423307,0.76601860,0.81057661,2.20497588,1.17566169,1.81801182,1.36081608,2.20437140,1.14009790,1.06111937,0.80714113,2.20458479,0.70956278,SD 02 00 FFFFFFFF 920681 9466E2 7FEBE2 611B74 552353 2E9A18 7FF07B 59B6C9 52524B 674C0E 7FEF12 49796B 503EB0 4D826A 7FDE57 396FE4 79188B 4E7D8E 7FDA01 4FFB9F 41E4C7 44B2B1 7FDAB6 58E532 738B2A 618F5E 7FD638 571F11 530B3E 447C18 7FD7CE 3E37B2 7CB79F 000FFF 00 0E9181,2026-07-22T20:34:52.116+00:00,serial_request_midpoint,355.7554,True,matched,55.9605,55.9605,2026-07-22T20:34:52.171+00:00,9.313659,1784752492117.706,281,False,,,,,,,,,,,,,,False,,,,,,,,,,,,,,True,0.35557058947093007,-7.99417277268446,18.902438618440982,56.620256598066895,-0.18880580496706684,-0.3029172461848846,-2.4963597370036164,24.332957395922268,-10.750411700124904,-17.03217957419871,0.09987906375358013,-0.3346578242868739,0.4601826660116516,False,,,,,,,,,,,,,,False,,,,,,,,,,,,,,False,,,,,,,,,,,,,,True,0.06523822686732766,13.973382646873215,13.68623552845715,78.71045901032213,0.291209273847934,-0.08628479206629727,-2.9380679425046075,0.0,-1.4210854715202005e-15,0.0,0.0,0.0,0.0,True,2,0.35557058943131914,-7.84473919078969,20.124571330356527,61.521760568651324,2.802947702983377,0.890493696343852,-0.18962997043473107,23.02885262009348,-11.549469536195883,-12.215386321124516,-0.6309123218619864,2.7539768625598304,0.0947200924678627,True,13.08125813435143,-5.722250270817031,74.15567381029754,5.436297526536714,18.527274715090947,-5.041630313634198
2026-07-22T20:34:52.851+00:00,16.000000,95475.900000,1.219163,4095,0,02,00,FFFFFFFF,32,2.93435241,3.04798034,2.20698868,1.35065999,1.10120017,0.49184235,2.20566782,1.19231228,1.04753039,1.49499081,2.20724074,0.88958650,1.00904065,0.95972513,2.20761862,0.63927284,1.98378879,0.97719671,2.20514517,1.00421412,0.76600714,0.81059408,2.20480976,1.17565272,1.81799300,1.36095640,2.20682031,1.14009245,1.06108820,0.80713696,2.20692186,0.70954485,SD 02 00 FFFFFFFF 9205E9 946656 7FE9A9 611BAD 552332 2E9A26 7FDFDA 59B68D 52528A 674C41 7FEB88 4978F1 503EEB 4D82E7 7FEE56 396FE3 791882 4E7D62 7FDBF8 4FFB5B 41E497 44B2F8 7FD97A 58E515 738AFF 6190F6 7FE869 571EFF 530AD2 447C07 7FE92A 3E3764 7CD79F 000FFF 00 0E9187,2026-07-22T20:34:52.673+00:00,serial_request_midpoint,356.2129,True,matched,63.36785,63.36785,2026-07-22T20:34:52.735+00:00,9.87834,1784752492684.452,298,False,,,,,,,,,,,,,,False,,,,,,,,,,,,,,True,0.36580959525717793,-9.803322002292955,17.77543285219114,56.58092513481798,-0.3661821106589203,-0.3493899759477765,-2.4850320000501003,26.33380073936575,-9.835723927561096,-16.7302675517608,0.1300293489963872,-0.47624599840911974,0.45723878059596695,False,,,,,,,,,,,,,,False,,,,,,,,,,,,,,False,,,,,,,,,,,,,,True,0.05119350575910043,13.968159575852988,13.681473130219066,78.67772436656321,0.29352768194931633,-0.07629014165636375,-2.938580418661061,0.0,0.0,-1.1368683772161604e-14,0.0,0.0,0.0,True,2,0.365809595257117,-9.07073213297625,19.35329187024901,61.325858811090754,2.7556075444648607,0.8592819471187726,-0.3823601792944719,24.421044829038845,-10.92235327593589,-12.18039677596073,-0.5986625558181695,2.615984545995174,0.13296420925450605,True,12.734570999407074,-6.008389015081226,73.44547979145551,5.937040542326645,18.7334321424464,-5.513516585060495
2026-07-22T20:34:53.408+00:00,17.100000,95477.000000,1.219163,4095,0,02,00,FFFFFFFF,32,2.93439167,3.04806087,2.20522245,1.35071880,1.10119633,0.49184373,2.20474879,1.19233351,1.04748231,1.49500340,2.20717075,0.88958728,1.00900627,0.95972811,2.20512887,0.63927635,1.98385615,0.97719726,2.20469780,1.00422332,0.76601789,0.81056086,2.20701078,1.17565921,1.81800656,1.36086251,2.20753546,1.14004856,1.06112110,0.80712223,2.20811764,0.70955818,SD 02 00 FFFFFFFF 920620 9466C2 7FDC8B 611C59 552325 2E9A2D 7FD906 59B6D1 5251E2 674C63 7FEB03 4978F4 503E70 4D82F2 7FDBD9 396FF3 791910 4E7D64 7FD8A5 4FFB7C 41E4C4 44B271 7FE9D3 58E52A 738B1E 618FE5 7FEDB8 571E6E 530B44 447BCB 7FF20A 3E379E 7CD79F 000FFF 00 0E9192,2026-07-22T20:34:53.230+00:00,serial_request_midpoint,356.6602,True,matched,35.3105,35.3105,2026-07-22T20:34:53.264+00:00,10.406897,1784752493184.516,313,False,,,,,,,,,,,,,,False,,,,,,,,,,,,,,True,0.3123931857824218,-10.175470051967336,17.4087881794295,56.41153590594054,-0.39543931222214534,-0.3440393147054078,-2.4744491419920998,26.780261015785005,-9.435177182031415,-16.900351539977645,0.1299218643056455,-0.4989243465527841,0.4642075885826943,False,,,,,,,,,,,,,,False,,,,,,,,,,,,,,False,,,,,,,,,,,,,,True,0.04257213841464711,13.965701155809134,13.678813749153822,78.66278248160543,0.2913602689847295,-0.06769571818985354,-2.9392665111768452,0.0,0.0,0.0,0.0,0.0,0.0,True,2,0.3123931857824371,-9.33729577099951,19.004487239211528,61.13296909801593,2.7514186014640103,0.8690002035982191,-0.41599603060327994,24.772141884150635,-10.549958853238056,-12.398636046901458,-0.6034711862903853,2.5918560074340653,0.13203253391307876,True,12.850826576086211,-6.232093708635091,72.81087659489603,5.961885754152698,18.969323924861214,-6.045878903531706
2026-07-22T20:34:53.964+00:00,17.700000,95477.600000,1.217942,4095,0,02,00,FFFFFFFF,32,2.93452229,3.04820180,2.20783653,1.35070444,1.10126050,0.49185456,2.20808027,1.19233320,1.04750663,1.49506819,2.20865469,0.88957924,1.00897330,0.95971971,2.20833824,0.63927044,1.98368349,0.97720685,2.10117137,1.00423753,0.76599519,0.81057710,2.10872983,1.17558533,1.81794268,1.36086148,2.14258088,1.14006763,1.06113120,0.80715022,2.10670505,0.70953910,SD 02 00 FFFFFFFF 9206D7 94677F 7FEFF4 611C2F 5523FE 2E9A64 7FF1C3 59B6D0 525237 674D12 7FF606 4978D5 503DFA 4D82D3 7FF3AD 396FD8 7917A4 4E7D87 7CC4D3 4FFBAF 41E465 44B2B3 7CFF9F 58E43B 738A8C 618FE2 7E0471 571EAD 530B67 447C3D 7CEFE4 3E374B 7CB79F 000FFF 00 0E9198,2026-07-22T20:34:53.786+00:00,serial_request_midpoint,356.3394,True,matched,99.6913,99.6913,2026-07-22T20:34:53.885+00:00,11.02798,1784752493817.911,332,False,,,,,,,,,,,,,,False,,,,,,,,,,,,,,True,0.34917527475680293,-9.831553838113116,17.614322094521405,56.422600070688205,-0.36828061252156097,-0.34049385743440796,-2.478000585273402,26.430132222296344,-9.681478819320285,-16.813625521477217,0.12303994380207091,-0.4789516418288812,0.46466496020980147,False,,,,,,,,,,,,,,False,,,,,,,,,,,,,,False,,,,,,,,,,,,,,True,0.07016126249085358,13.959905830967548,13.676690146785248,78.63616408126879,0.29550246822585274,-0.07542505462101944,-2.9385198678926283,0.0,0.0,1.1368683772161604e-14,0.0,0.0,0.0,True,2,0.3491752747567633,-9.084992856247426,19.168507926620027,61.17316592096306,2.757852057331454,0.8716133702229244,-0.386362807975691,24.50130905115458,-10.74435421980063,-12.264926822326174,-0.6079279501826435,2.61150892557923,0.12330652611539708,True,12.942162068580512,-6.1252086745924235,73.03080738743212,5.826303186702418,18.860099364150678,-5.9094725749494845
2026-07-22T20:34:54.523+00:00,18.900000,95478.800000,1.218552,4095,0,02,00,FFFFFFFF,32,2.93445734,3.04799301,1.97644305,1.35071777,1.10120342,0.49186873,1.39195584,1.19237722,1.04751522,1.49499747,1.64907722,0.88962563,1.00902723,0.95969370,1.83486720,0.63925993,1.98377978,0.97719178,1.96310895,1.00418514,0.76602768,0.81056603,2.05147085,1.17561995,1.81804288,1.36092957,2.10927268,1.14007368,1.06112168,0.80714015,2.14519342,0.70955106,SD 02 00 FFFFFFFF 92067C 946667 78DBE9 611C56 55233D 2E9AAC 62EE06 59B75D 525255 674C53 6D651F 497988 503EBB 4D8273 742100 396FA8 79186F 4E7D50 786D5E 4FFAF3 41E4ED 44B286 7B3D03 58E4AB 738B71 6190A8 7D03D6 571EC1 530B46 447C14 7E1867 3E377F 7CC79E 000FFF 00 0E91A4,2026-07-22T20:34:54.344+00:00,serial_request_midpoint,359.2789,True,matched,100.45175,100.45175,2026-07-22T20:34:54.444+00:00,11.586872,1784752494384.562,349,False,,,,,,,,,,,,,,False,,,,,,,,,,,,,,True,0.32359243135704646,-10.134707024577747,17.416739906730914,56.37267282338878,-0.3980595694421833,-0.33886226343653436,-2.4744834496595542,26.767754091455707,-9.704961387639724,-16.74639332597161,0.11264884534651615,-0.500365552607038,0.4653989250608894,False,,,,,,,,,,,,,,False,,,,,,,,,,,,,,False,,,,,,,,,,,,,,True,0.05777107284874774,13.96251078557913,13.675397434666976,78.65421393662771,0.29692857364099656,-0.08593868102984012,-2.9373779704428578,0.0,1.4210854715202005e-15,0.0,0.0,0.0,0.0,True,2,0.3235924313570172,-9.281127643976884,18.997340780338483,61.09642409718369,2.754654893454097,0.8702169480269338,-0.4194194137057182,24.732830330066065,-10.741641937181624,-12.23805641521967,-0.6045633443612912,2.591053052851214,0.10877512615849283,True,12.925787097285086,-6.289493375832867,72.62899843098948,5.9856015706400765,18.934117835629184,-6.453420689409176
2026-07-22T20:34:55.080+00:00,19.400000,95479.300000,1.220994,4095,0,02,00,FFFFFFFF,32,2.93450587,3.04801016,2.17064805,1.35070375,1.10119101,0.49184865,1.00885397,1.19233476,1.04751121,1.49501043,1.32628362,0.88959557,1.00902612,0.95969099,1.59707417,0.63926912,1.98371147,0.97721068,1.79640800,1.00423391,0.76600785,0.81057366,1.93734146,1.17562582,1.81794618,1.36084600,2.03090114,1.14003403,1.06119383,0.80713377,2.09303947,0.70955405,SD 02 00 FFFFFFFF 9206C0 94667E 7ED9A4 611C2D 552313 2E9A46 503C4F 59B6D5 525247 674C76 600349 497914 503EB7 4D8269 6B6477 396FD2 7917DF 4E7D95 72C946 4FFBA2 41E49A 44B2A5 7795BC 58E4BE 738A94 618FB5 7A982A 571E3E 530C40 447BFA 7C8556 3E378C 7D079F 000FFF 00 0E91A9,2026-07-22T20:34:54.903+00:00,serial_request_midpoint,355.4636,True,matched,77.8893,77.8893,2026-07-22T20:34:54.979+00:00,12.122375,1784752494917.881,365,False,,,,,,,,,,,,,,False,,,,,,,,,,,,,,True,0.3332450049858191,-9.283530583257223,17.85448444620996,56.387129613600486,-0.3013095678033714,-0.33360832967883475,-2.477125326693043,25.843417429176462,-9.92816710137608,-16.953902777718632,0.11674128267759147,-0.4248967427050506,0.47247312747946285,False,,,,,,,,,,,,,,False,,,,,,,,,,,,,,False,,,,,,,,,,,,,,True,0.08535896120474804,13.963706008287796,13.679463601424894,78.65865263314684,0.29423178140044315,-0.08377687502202354,-2.9384481941186174,5.684341886080802e-15,0.0,-1.1368683772161604e-14,0.0,0.0,0.0,True,2,0.33324500498569715,-8.771154352971532,19.315825039817852,61.19781316243656,2.766881369089201,0.888783266629644,-0.3137006645185014,24.151952235382094,-10.911429595092603,-12.294196531015666,-0.6292070869201101,2.6618223727593606,0.1159785157069988,True,13.07292390814207,-5.926583486823668,73.49530768077759,5.584635731624402,18.687621080095187,-5.606725281798913
2026-07-22T20:34:55.637+00:00,20.500000,95480.400000,1.217942,4095,1,02,80,FFFFFFFF,32,2.93458725,3.04821075,2.13366871,1.35068802,1.10120165,0.49185574,2.16129599,1.19230385,1.04753010,1.49498785,2.17628588,0.88963496,1.00904205,0.95972974,2.18737675,0.63927131,1.98376412,0.97721589,2.19285593,1.00424199,0.76600977,0.81056185,1.79911552,1.17562181,1.81808227,1.36089037,1.94148500,1.14003736,1.06113120,0.80715169,2.03864727,0.70953496,SD 02 80 FFFFFFFF 920732 94678B 7DC02B 611BFF 552337 2E9A6A 7E92E8 59B672 525289 674C39 7F0423 4979AC 503EF0 4D82F8 7F576B 396FDC 79184E 4E7DA8 7F8068 4FFBBF 41E4A2 44B275 72E1B0 58E4B1 738BCB 619036 77B897 571E49 530B67 447C43 7AD66E 3E3739 7CB79F 000FFF 01 0E91B4,2026-07-22T20:34:55.459+00:00,serial_request_midpoint,356.3193,True,matched,108.37515,108.37515,2026-07-22T20:34:55.566+00:00,12.708936,1784752495484.536,382,False,,,,,,,,,,,,,,False,,,,,,,,,,,,,,True,0.3073368539273698,-9.247433851490433,17.95724724728532,56.415031494038296,-0.31006725800841817,-0.3330953255647336,-2.4777649572564333,25.781771683730916,-9.900816762791841,-17.004968056708844,0.12077733216305873,-0.4313065051755518,0.4717284333749499,False,,,,,,,,,,,,,,False,,,,,,,,,,,,,,False,,,,,,,,,,,,,,True,0.06749734362396168,13.966651595711298,13.681631861057465,78.65733830451022,0.2919453624132732,-0.0771760123300233,-2.9400797796598175,0.0,-1.4210854715202005e-15,0.0,0.0,0.0,0.0,True,2,0.3073368539273446,-8.702443001165893,19.42584328193751,61.21991786116918,2.766974445256212,0.8864715373457452,-0.3233159168293427,24.06606879104669,-10.909331095077128,-12.359541836588255,-0.6269356603767783,2.655627468558922,0.1213625943274001,True,13.159391737735826,-5.844308941411103,73.42855837475167,5.46392534661301,18.65334257388711,-5.608253104265339
2026-07-22T20:34:56.193+00:00,21.700000,95481.600000,1.219163,4095,1,02,80,FFFFFFFF,32,2.93433956,3.04804819,2.09976174,1.35066340,1.10117119,0.49181577,2.14000872,1.19228325,1.04749318,1.49503857,2.16479394,0.88958805,1.00897917,0.95970616,2.17728031,0.63926212,1.98366024,0.97720438,2.18703413,1.00418626,0.76600379,0.81053207,2.19621555,1.17553277,1.81794530,1.36070226,2.19716456,1.13994716,1.06108474,0.80712517,2.19884100,0.70948048,SD 02 80 FFFFFFFF 9205D7 9466B1 7CB9D6 611BB7 5522D0 2E999F 7DF0C4 59B630 525208 674CC2 7EAD66 4978F7 503E0F 4D82A1 7F0B9F 396FB2 791773 4E7D7E 7F54DA 4FFAF7 41E489 44B1FC 7F997D 58E391 738A92 618E13 7FA091 571D1F 530AC6 447BD7 7FAD10 3E364C 7CD79E 000FFF 01 0E91C0,2026-07-22T20:34:56.016+00:00,serial_request_midpoint,355.3832,True,matched,67.8581,67.8581,2026-07-22T20:34:56.082+00:00,13.225316,1784752496017.877,398,False,,,,,,,,,,,,,,False,,,,,,,,,,,,,,False,,,,,,,,,,,,,,False,,,,,,,,,,,,,,False,,,,,,,,,,,,,,False,,,,,,,,,,,,,,True,0.09600411205256526,13.97775400187098,13.692472075130098,78.73482511063136,0.2915862494003481,-0.07846118333158061,-2.9398195376141985,-5.684341886080802e-15,-1.4210854715202005e-15,0.0,0.0,0.0,0.0,False,,,,,,,,,,,,,,,False,,,,,,
2026-07-22T20:34:56.750+00:00,22.300000,95482.200000,1.218552,4095,1,02,80,FFFFFFFF,32,2.93317855,3.04706858,2.20356743,1.35015057,1.10106622,0.49181321,2.20437823,1.19221301,1.04726997,1.49496749,2.20678821,0.88952975,1.00892355,0.95960564,2.20792918,0.63925358,1.98359194,0.97710986,2.20443920,1.00402689,0.76597680,0.81050156,2.20447546,1.17531021,1.81783285,1.36025838,2.20553531,1.13978131,1.06082042,0.80714285,2.20501058,0.70943014,SD 02 80 FFFFFFFF 91FF7C 94618F 7FD03E 6115DB 55216D 2E9992 7FD645 59B54F 524EFC 674C02 7FE82C 497816 503D48 4D812E 7FF0A4 396F8B 7916E3 4E7C25 7FD6B9 4FF8BB 41E418 44B180 7FD6FE 58E0C1 738991 618908 7FDEDE 571AFB 530732 447C1F 7FDAF8 3E3571 7CC79E 000FFF 01 0E91C6,2026-07-22T20:34:56.572+00:00,serial_request_midpoint,356.5071,True,matched,33.20075,33.20075,2026-07-22T20:34:56.603+00:00,13.746795,1784752496551.23,414,False,,,,,,,,,,,,,,False,,,,,,,,,,,,,,True,0.16732155459694614,-2.686051103757556,22.500228023309017,57.49531200849229,0.3882117480839683,-0.10745318001070119,-2.4520661946694298,18.40858840366726,-13.092344131335167,-17.069167638750038,-0.0021419172194029326,0.11728918946356898,0.4697653542244523,False,,,,,,,,,,,,,,False,,,,,,,,,,,,,,False,,,,,,,,,,,,,,True,0.06331682621918823,13.960384738120808,13.675820897356985,78.62983585896892,0.2943590562768113,-0.07436845918764493,-2.93914684317618,0.0,-1.4210854715202005e-15,0.0,0.0,0.0,0.0,True,2,0.16732155459695414,-4.3805184351160396,22.30697862113476,62.2526388031113,2.8937553969101457,0.9930942164247007,0.4781968044971715,19.16449284419351,-12.883157932989317,-12.076615915382911,0.6899068572281805,-2.9284678009433995,0.05585304563974355,True,14.010739814023873,-5.481159936618383,74.70865302278466,4.3378197507176255,18.541508154310044,-4.445663090664072
2026-07-22T20:34:57.305+00:00,23.400000,95483.300000,1.219773,4095,1,02,80,FFFFFFFF,32,2.93223272,3.04614970,2.20659513,1.34960131,1.10104227,0.49181873,2.20752862,1.19211467,1.04706109,1.49500858,2.20742862,0.88943182,1.00884000,0.95954494,2.20777021,0.63923540,1.98341741,0.97704439,2.20726442,1.00395835,0.76592234,0.81043217,2.20712865,1.17520945,1.81779478,1.35990156,2.20696921,1.13960730,1.06068567,0.80711707,2.20522298,0.70938394,SD 02 80 FFFFFFFF 91FA4E 945CBE 7FE6BD 610F94 55211C 2E99AE 7FEDAB 59B414 524C22 674C71 7FECED 49769C 503C1D 4D804E 7FEF76 396F38 791573 4E7B36 7FEBB5 4FF7C5 41E334 44B066 7FEAB3 58DF7B 73893A 6184FA 7FE984 5718BC 53055F 447BB6 7FDC8C 3E34A8 7CE79F 000FFF 01 0E91D1,2026-07-22T20:34:57.128+00:00,serial_request_midpoint,354.0494,True,matched,17.0874,17.0874,2026-07-22T20:34:57.145+00:00,14.287852,1784752497084.611,430,False,,,,,,,,,,,,,,False,,,,,,,,,,,,,,True,0.12420858957098516,-3.5993038725750757,21.72688449316964,57.2971405187176,0.25331915622961854,-0.1497915575044079,-2.4703816109168715,19.468515364174223,-12.599999010001298,-17.197456238818575,0.01603327840531325,0.013583405550481977,0.4706783901917885,False,,,,,,,,,,,,,,False,,,,,,,,,,,,,,False,,,,,,,,,,,,,,True,0.049782259375606555,13.98208847663155,13.697035434977076,78.74362586688372,0.291376492239975,-0.08206341976450018,-2.939125081907334,0.0,0.0,0.0,0.0,0.0,0.0,True,2,0.12420858957098653,-4.871596702380308,21.85785450317673,62.186398225827205,2.886816047562168,0.9770716508156954,0.3162072556976506,19.74354490691573,-12.599360561881488,-12.15116240494117,0.7116821927481005,-3.0292007170180377,0.0289542515816014,True,14.183177284540122,-5.443807012247495,74.72059870039809,4.210171492331744,18.52015419369706,-4.677112199559008
2026-07-22T20:34:57.862+00:00,24.000000,95483.900000,1.219163,4095,1,02,80,FFFFFFFF,32,2.93179915,3.04560209,2.20656093,1.34929378,1.10102778,0.49182266,2.20484183,1.19207034,1.04690774,1.49494527,2.20664458,0.88938233,1.00880032,0.95947883,2.20708445,0.63921438,1.98324573,0.97697097,2.20726863,1.00388899,0.76587792,0.81039945,2.20783390,1.17514980,1.81779566,1.35965067,2.20750599,1.13950866,1.06051113,0.80709571,2.20546169,0.70936164,SD 02 80 FFFFFFFF 91F7EE 9459DF 7FE67C 610C10 5520EB 2E99C2 7FD9B7 59B386 524A0A 674BC6 7FE71B 4975DD 503B8F 4D7F5A 7FEA5F 396ED8 791409 4E7A2A 7FEBBD 4FF6CC 41E27A 44AFE1 7FEFEF 58DEBA 73893C 618220 7FED80 571776 530302 447B5F 7FDE52 3E3447 7CD79F 000FFF 01 0E91D7,2026-07-22T20:34:57.684+00:00,serial_request_midpoint,356.8893,True,matched,94.38855,94.38855,2026-07-22T20:34:57.779+00:00,14.921055,1784752497718.008,449,False,,,,,,,,,,,,,,False,,,,,,,,,,,,,,True,0.10107024979218661,-3.5884637023666235,21.69789572115125,57.24312104086304,0.2375455452779301,-0.1506931953536142,-2.4741720673509424,19.451956176345856,-12.53788593019333,-17.255057899425367,0.017812868031086657,0.001004294817850792,0.468742789963856,False,,,,,,,,,,,,,,False,,,,,,,,,,,,,,False,,,,,,,,,,,,,,True,0.09971714590356254,13.972502714694807,13.691747254466026,78.71003164825542,0.29059530412818074,-0.07901726340252657,-2.939113908607662,0.0,1.4210854715202005e-15,0.0,0.0,0.0,0.0,True,2,0.10107024979221639,-4.805230210831419,21.853436330773015,62.14577433805381,2.8893347913878045,0.9733027107628237,0.2976785243801145,19.6679253655883,-12.560998100591133,-12.205944501342879,0.7112741264703797,-3.0420779032581606,0.026194842309026814,True,14.29771151483628,-5.460689491906973,74.57909500072066,4.111190012934168,18.556069102641185,-4.770392835921337
2026-07-22T20:34:58.420+00:00,25.100000,95485.000000,1.219163,4095,1,02,80,FFFFFFFF,32,2.93163016,3.04550227,2.20683557,1.34900235,1.10095357,0.49183054,2.20511572,1.19204163,1.04683851,1.49495231,2.20704235,0.88932818,1.00873745,0.95945066,2.20751756,0.63919315,1.98317412,0.97690331,2.20725074,1.00375834,0.76584519,0.81038764,2.20742546,1.17512632,1.81768190,1.35957816,2.20767231,1.13935888,1.06041507,0.80706110,2.20515726,0.70934808,SD 02 80 FFFFFFFF 91F701 945959 7FE886 6108BB 551FF0 2E99EA 7FDBC0 59B32A 524918 674BD9 7FEA0F 49750C 503AAE 4D7EF2 7FED96 396E77 791372 4E7933 7FEB9B 4FF4F7 41E1F1 44AFB1 7FECE7 58DE6E 738838 61814D 7FEEBC 571587 5301B5 447AD2 7FDC0F 3E340C 7CD79F 000FFF 01 0E91E2,2026-07-22T20:34:58.243+00:00,serial_request_midpoint,354.4918,True,matched,80.9005,80.9005,2026-07-22T20:34:58.322+00:00,15.465106,1784752498251.362,465,False,,,,,,,,,,,,,,False,,,,,,,,,,,,,,True,0.13015410606757954,-3.621784690778729,21.719927309538768,57.329437575294904,0.23513567978889904,-0.15616593716199534,-2.4732001119103786,19.451777963337015,-12.651497945969684,-17.07632608003929,0.017452236627560434,-0.0005149077152043541,0.46933103756177685,False,,,,,,,,,,,,,,False,,,,,,,,,,,,,,False,,,,,,,,,,,,,,True,0.07566015042951352,13.969500772619137,13.685162114815835,78.68411393937461,0.2917096993821757,-0.08537398347338802,-2.9384900134999237,0.0,-1.4210854715202005e-15,0.0,0.0,0.0,0.0,True,2,0.1301541060675984,-4.836823332962129,21.89759350110123,62.23176750620395,2.885197706093133,0.9733329160408252,0.29454931318008304,19.659923172141596,-12.67450394351133,-12.026883613267467,0.7124688323260375,-3.0433513239004655,0.026762723020629684,True,14.281587080612642,-5.3512807666565125,74.78392067329818,4.0737884276434215,18.43359301906977,-4.615404555404086
2026-07-22T20:34:58.976+00:00,25.700000,95485.600000,1.214890,4095,1,02,80,FFFFFFFF,32,2.93146618,3.04538681,2.20454537,1.34877963,1.10090715,0.49180632,2.20685398,1.19201072,1.04680990,1.49498266,2.20747914,0.88927326,1.00871845,0.95943278,2.20787233,0.63918176,1.98293039,0.97684743,2.20529185,1.00371182,0.76582083,0.81037656,2.20502582,1.17508552,1.81770640,1.35945066,2.20470831,1.13929716,1.06025527,0.80706453,2.20462736,0.70931383,SD 02 80 FFFFFFFF 91F61B 9458BE 7FD783 61062F 551F53 2E996F 7FE8A9 59B2C7 5248B4 674C2B 7FED4D 497438 503A6A 4D7EB0 7FF038 396E43 791170 4E7867 7FDD0F 4FF450 41E18B 44AF84 7FDB15 58DDEA 738870 617FDA 7FD8B9 5714BB 52FF8B 447AE0 7FD81F 3E3377 7C679F 000FFF 01 0E91E8,2026-07-22T20:34:58.798+00:00,serial_request_midpoint,357.1289,True,matched,77.17075,77.17075,2026-07-22T20:34:58.874+00:00,16.017351,1784752498818.05,482,False,,,,,,,,,,,,,,False,,,,,,,,,,,,,,True,0.09616759343562085,-3.6208868214972822,21.706130555901705,57.28218889903271,0.23239192158500865,-0.14796249582622695,-2.474065676648745,19.482962377891035,-12.595634113872727,-17.24049795178712,0.01292490306429226,-0.0014132998843401933,0.46918556045257204,False,,,,,,,,,,,,,,False,,,,,,,,,,,,,,False,,,,,,,,,,,,,,True,0.09283982713523022,13.984125613652424,13.698937262877408,78.76285425420312,0.2899482348421147,-0.08295254927919912,-2.9391881737327807,0.0,1.4210854715202005e-15,0.0,0.0,0.0,0.0,True,2,0.09616759343560717,-4.816230887017443,21.857850108289306,62.19022891497573,2.891569543717953,0.9748864668375588,0.2918732286682159,19.681473266935463,-12.597685365499341,-12.190615549696304,0.7123516966666347,-3.044242182824518,0.03377420265773183,True,14.356216437255322,-5.453566131491146,74.52210311590687,4.086319105441601,18.543371960624388,-4.938234559809973
2026-07-22T20:34:59.535+00:00,26.900000,95486.800000,1.220383,4095,1,02,80,FFFFFFFF,32,2.93137278,3.04513952,2.20445129,1.34861295,1.10090035,0.49182778,2.20496852,1.19196297,1.04673352,1.49497119,2.20449649,0.88923855,1.00869693,0.95941787,2.20718759,0.63916468,1.98290004,0.97681703,2.20757020,1.00365110,0.76582203,0.81034212,2.20732652,1.17502927,1.81763421,1.35929535,2.20479820,1.13917101,1.06017105,0.80704563,2.20486969,0.70928947,SD 02 80 FFFFFFFF 91F598 945772 7FD6D0 610447 551F3C 2E99DC 7FDAA8 59B22E 5247A9 674C0C 7FD726 4973B2 503A1D 4D7E79 7FEB23 396DF5 791130 4E77F8 7FEDFA 4FF376 41E190 44AEF8 7FEC2B 58DD34 7387CB 617E16 7FD964 57131A 52FE67 447A93 7FD9EC 3E330D 7CF79F 000FFF 01 0E91F4,2026-07-22T20:34:59.356+00:00,serial_request_midpoint,358.1291,True,matched,48.45045,48.45045,2026-07-22T20:34:59.403+00:00,16.546438,1784752499351.408,498,False,,,,,,,,,,,,,,False,,,,,,,,,,,,,,True,0.09951694782614956,-3.6189906600721615,21.703011030255528,57.271354528293536,0.23298426453927137,-0.14907273489906261,-2.4748744587192397,19.48183449040272,-12.596469819469021,-17.231728197991448,0.013107464363742206,-0.0008851216011856481,0.46883042322657154,False,,,,,,,,,,,,,,False,,,,,,,,,,,,,,False,,,,,,,,,,,,,,True,0.05990022283975723,13.979308888829655,13.697736328048475,78.75066582179218,0.29004745071312266,-0.08405485493103662,-2.9397129418149475,-5.684341886080802e-15,0.0,0.0,0.0,0.0,0.0,True,2,0.09951694782613642,-4.817537749465401,21.8585620426603,62.17849338493191,2.891162568574463,0.9733178785246354,0.2924616027940209,19.68313888872179,-12.598864930001502,-12.181956539396742,0.7117073141236804,-3.0438515511022572,0.03348493238287404,True,14.32075538662097,-5.464096040872687,74.5384855297404,4.102948011017304,18.547278461373402,-4.919262907530117
2026-07-22T20:35:00.091+00:00,28.100000,95488.000000,1.217942,4095,1,02,80,FFFFFFFF,32,2.93134284,3.04496821,2.20634472,1.34859553,1.10087138,0.49184530,2.20737283,1.19189086,1.04673495,1.49497933,2.20750651,0.88922326,1.00864273,0.95941029,2.20546642,0.63914301,1.98283746,0.97674719,2.20715128,1.00362074,0.76578883,0.81031210,2.20740230,1.17501599,1.81762371,1.35920842,2.20769178,1.13911474,1.06010125,0.80704857,2.20772863,0.70927292,SD 02 80 FFFFFFFF 91F56E 94568C 7FE4E1 610414 551EDA 2E9A35 7FEC83 59B147 5247AE 674C22 7FED81 497377 50395B 4D7E5D 7FDE5B 396D92 7910AC 4E76F9 7FEADE 4FF309 41E105 44AE7E 7FECBB 58DD09 7387B3 617D19 7FEEE1 571260 52FD75 447A9F 7FEF27 3E32C5 7CB79F 000FFF 01 0E9200,2026-07-22T20:34:59.914+00:00,serial_request_midpoint,354.9476,True,matched,18.6352,18.6352,2026-07-22T20:34:59.933+00:00,17.074818,1784752499851.444,513,False,,,,,,,,,,,,,,False,,,,,,,,,,,,,,True,0.13238783339389018,-3.6298615187990277,21.688565191735247,57.25000116838422,0.23135185189260873,-0.15138771193141876,-2.4750085860730056,19.485888982023944,-12.515878048605062,-17.32495131644108,0.019375877572965987,-0.0029513210590488255,0.4684068826957829,False,,,,,,,,,,,,,,False,,,,,,,,,,,,,,False,,,,,,,,,,,,,,True,0.049085989118555835,13.978600743697138,13.698531268473577,78.75819554912539,0.28865788816160826,-0.07740782828973691,-2.9390821945623467,0.0,0.0,0.0,0.0,0.0,0.0,True,2,0.13238783339386903,-4.825360995968934,21.854553944545316,62.15754147921782,2.889733281636687,0.9726185586466186,0.29040860742171826,19.68442879059392,-12.551266204018752,-12.27519362014524,0.711577094801092,-3.046038217304511,0.02377105536661067,True,14.310919234471985,-5.449523848529557,74.56163070591643,4.113477441945776,18.55354907028189,-4.818166358440044
2026-07-22T20:35:00.648+00:00,28.600000,95488.500000,1.217332,4095,1,02,80,FFFFFFFF,32,2.93148614,3.04480213,2.20501426,1.34842545,1.10082378,0.49183585,2.20462211,1.19188868,1.04667002,1.49497489,2.20692344,0.88919606,1.00862149,0.95938211,2.20762809,0.63913666,1.98289388,0.97674116,2.20734178,1.00357506,0.76577713,0.81033449,2.20787707,1.17497396,1.81751740,1.35911909,2.20769547,1.13902308,1.05996051,0.80705103,2.20752493,0.70924488,SD 02 80 FFFFFFFF 91F637 9455AD 7FDAFF 610222 551E39 2E9A05 7FD815 59B140 5246CB 674C16 7FE92D 49730E 50390F 4D7DF5 7FEE68 396D75 791123 4E76E3 7FEC48 4FF265 41E0D4 44AED9 7FF041 58DC81 7386C0 617C15 7FEEE8 571131 52FB8D 447AA9 7FEDA4 3E324B 7CA79F 000FFF 01 0E9205,2026-07-22T20:35:00.470+00:00,serial_request_midpoint,355.7974,True,matched,16.5049,16.5049,2026-07-22T20:35:00.485+00:00,17.628349,1784752500418.172,530,False,,,,,,,,,,,,,,False,,,,,,,,,,,,,,True,0.08230916515489134,-3.608106445892441,21.701131378287283,57.26475651246828,0.23657534369483532,-0.14908123769252873,-2.4729331067846667,19.464882528848797,-12.548559551878146,-17.249940955849866,0.01621799642539298,0.0011148494483565364,0.4701024616360223,False,,,,,,,,,,,,,,False,,,,,,,,,,,,,,False,,,,,,,,,,,,,,True,0.11060968258934945,13.976703540401427,13.69288325509083,78.72520574850438,0.28986864094169396,-0.07960074037949856,-2.9392843580631975,0.0,0.0,0.0,0.0,0.0,0.0,True,2,0.08230916515489071,-4.819857651863318,21.851188872899645,62.16882265814236,2.8899005820556076,0.9756888694764382,0.29670216268554495,19.679503111935453,-12.563502810421667,-12.200739266241158,0.7132988058168687,-3.041500552211353,0.028682050173586597,True,14.335600257249643,-5.444889983398037,74.56090989537277,4.078460917504197,18.543946173130244,-4.817961000883372
2026-07-22T20:35:01.205+00:00,29.700000,95489.600000,1.218552,4095,1,02,80,FFFFFFFF,32,2.93113610,3.04488033,2.20518828,1.34838481,1.10077885,0.49181479,2.20718443,1.19184155,1.04664370,1.49495342,2.20760125,0.88916135,1.00861814,0.95938536,2.20795340,0.63912922,1.98285784,0.97670994,2.20748967,1.00352994,0.76577784,0.81030275,2.20778916,1.17496221,1.81761015,1.35909676,2.20770336,1.13897559,1.05991408,0.80700119,2.20741336,0.70922810,SD 02 80 FFFFFFFF 91F44C 945616 7FDC4A 6101AB 551DA1 2E999A 7FEB1D 59B0A9 52466F 674BDC 7FEE35 497288 503903 4D7E01 7FF0D2 396D53 7910D7 4E7671 7FED61 4FF1C3 41E0D7 44AE58 7FEF9A 58DC5B 738794 617BD4 7FEEF7 571094 52FAEC 4479DE 7FECD0 3E3202 7CC79F 000FFF 01 0E9210,2026-07-22T20:35:01.027+00:00,serial_request_midpoint,357.0927,True,matched,93.43425,93.43425,2026-07-22T20:35:01.119+00:00,18.261879,1784752501051.538,549,False,,,,,,,,,,,,,,False,,,,,,,,,,,,,,True,0.10429315194579573,-3.5830935536674273,21.727198075565788,57.31892101981394,0.23904425864665443,-0.1544679512547199,-2.473329616756707,19.423814231608183,-12.691473566726279,-17.077811932611258,0.015242450121335554,0.0015743776900940872,0.4673857378860812,False,,,,,,,,,,,,,,False,,,,,,,,,,,,,,False,,,,,,,,,,,,,,True,0.04426654036841273,13.969743323592429,13.690582982361601,78.7039731920338,0.29346987776727806,-0.08677677874471917,-2.9369734077698015,0.0,0.0,-1.1368683772161604e-14,0.0,0.0,0.0,True,2,0.10429315194579325,-4.809865990408609,21.89410946370766,62.218706020526476,2.886157868780342,0.9731954859359956,0.299194821901454,19.639607818280165,-12.701693877041484,-12.028648462346586,0.7090491211339566,-3.0419688595028203,0.030153435216150434,True,14.277515035817029,-5.383091660955552,74.75654870164598,4.124806921719971,18.45571686097444,-4.674872291234658
2026-07-22T20:35:01.762+00:00,30.300000,95490.200000,1.217332,4095,1,02,80,FFFFFFFF,32,2.93110117,3.04481181,2.20727337,1.34832915,1.10077323,0.49181813,2.20800604,1.19183156,1.04663169,1.49497341,2.20790865,0.88915928,1.00859160,0.95933470,2.20787549,0.63913184,1.98274500,0.97667433,2.20744020,1.00354080,0.76576232,0.81030817,2.20544171,1.17495912,1.81764777,1.35905553,2.20450069,1.13886579,1.05985901,0.80705103,2.20726390,0.70921706,SD 02 80 FFFFFFFF 91F41B 9455BA 7FEBC6 610108 551D8E 2E99AB 7FF136 59B089 524645 674C12 7FF07D 497280 5038A4 4D7D46 7FF03E 396D5F 790FE9 4E75EF 7FED03 4FF1EA 41E096 44AE6E 7FDE2C 58DC51 7387EA 617B5C 7FD72E 570F29 52FA2D 447AA9 7FEBB4 3E31D2 7CA79F 000FFF 01 0E9216,2026-07-22T20:35:01.584+00:00,serial_request_midpoint,354.5875,True,matched,74.16545,74.16545,2026-07-22T20:35:01.657+00:00,18.799998,1784752501584.878,565,False,,,,,,,,,,,,,,False,,,,,,,,,,,,,,True,0.13068157772984632,-3.5889152474428356,21.71953421462778,57.29709797008288,0.23699100850164853,-0.15559587637615044,-2.473783453117921,19.425262393572343,-12.543855264140754,-17.21681912461156,0.022947308477165636,0.0005158975613952514,0.46901929741584786,False,,,,,,,,,,,,,,False,,,,,,,,,,,,,,False,,,,,,,,,,,,,,True,0.04832953519589661,13.976603367878734,13.685187017425829,78.6982616208296,0.2895156967616655,-0.07716483952579654,-2.938889317406503,5.684341886080802e-15,0.0,0.0,0.0,0.0,0.0,True,2,0.1306815777298493,-4.809660068993766,21.893282817278823,62.19815055885242,2.885755830752846,0.972446754145089,0.2967202180232783,19.64481814689841,-12.59246132149022,-12.16804148081286,0.7118766606951623,-3.042472466623934,0.018250822221829784,True,14.278614122527099,-5.3780729939170415,74.7473439727982,4.084772937949458,18.48222465587196,-4.564082036158823
2026-07-22T20:35:02.319+00:00,31.400000,95491.300000,1.220383,4095,1,02,80,FFFFFFFF,32,2.93111971,3.04473808,2.20492962,1.34833290,1.10071529,0.49181420,2.20462842,1.19182969,1.04663655,1.49493639,2.20473407,0.88913337,1.00856701,0.95932495,2.20717864,0.63911936,1.98274737,0.97666201,2.20713076,1.00347674,0.76575205,0.81030841,2.20723443,1.17495727,1.81759090,1.35899541,2.20749283,1.13881285,1.05982815,0.80703409,2.20779548,0.70920672,SD 02 80 FFFFFFFF 91F435 945557 7FDA5E 610113 551CCA 2E9997 7FD821 59B083 524656 674BAE 7FD8EA 49721C 50384C 4D7D22 7FEB12 396D26 790FEE 4E75C2 7FEAB7 4FF104 41E06B 44AE6F 7FEB7C 58DC4B 738768 617AAD 7FED67 570E7A 52F9C2 447A64 7FEFA6 3E31A5 7CF79E 000FFF 01 0E9221,2026-07-22T20:35:02.141+00:00,serial_request_midpoint,356.6704,True,matched,43.5061,43.5061,2026-07-22T20:35:02.185+00:00,19.326538,1784752502118.273,581,False,,,,,,,,,,,,,,False,,,,,,,,,,,,,,True,0.1227026335639002,-3.5956682196332928,21.69484616486573,57.2404922159025,0.24065095855889548,-0.14543961338444084,-2.4735982113608754,19.50388062325937,-12.552809483661239,-17.20057466041103,0.012618718573607605,0.0017639049813283725,0.46888743395081905,False,,,,,,,,,,,,,,False,,,,,,,,,,,,,,False,,,,,,,,,,,,,,True,0.07715564996390362,13.977108592009504,13.69078189045199,78.71062552166157,0.29407281417389824,-0.07997715763576252,-2.938785567159828,0.0,0.0,0.0,0.0,0.0,0.0,True,2,0.12270263356394204,-4.81728610226045,21.82724570145931,62.14261860384632,2.892479318308133,0.9753317288401343,0.3016635564836366,19.717506384622897,-12.549732479372544,-12.151309607163546,0.7112572158662158,-3.0412564684744003,0.034233819775265496,True,14.303198681340698,-5.52145168389593,74.4725467340703,4.1527547812867684,18.60311811949442,-4.884279827173157
2026-07-22T20:35:02.875+00:00,32.000000,95491.900000,1.217942,4095,1,02,80,FFFFFFFF,32,2.93129222,3.04476862,2.20740809,1.34824241,1.10072829,0.49184137,2.20548745,1.19176352,1.04662425,1.49494268,2.20494749,0.88911187,1.00859132,0.95931980,2.20719759,0.63912309,1.98271940,0.97664311,2.20752020,1.00348844,0.76575587,0.81029759,2.20770757,1.17497087,1.81757515,1.35889785,2.20758230,1.13872000,1.05976125,0.80702083,2.20787180,0.70919960,SD 02 80 FFFFFFFF 91F527 945580 7FECC6 61000A 551CF6 2E9A21 7FDE83 59AFAF 52462B 674BBF 7FDA80 4971C9 5038A3 4D7D0F 7FEB36 396D37 790FB3 4E757D 7FED9B 4FF12E 41E07B 44AE43 7FEEFF 58DC77 738744 617991 7FEE11 570D47 52F8DA 447A2E 7FF037 3E3186 7CB79E 000FFF 01 0E9227,2026-07-22T20:35:02.697+00:00,serial_request_midpoint,355.2517,True,matched,97.22705,97.22705,2026-07-22T20:35:02.793+00:00,19.936553,1784752502718.349,599,False,,,,,,,,,,,,,,False,,,,,,,,,,,,,,True,0.13181623615112745,-3.617626636593671,21.712302486748317,57.30083682858361,0.23341467174165698,-0.15396213948355805,-2.4741913412232326,19.42480129259211,-12.77510858736982,-17.10220823117072,0.010318753462055399,0.0009763433688167197,0.4667323451912776,False,,,,,,,,,,,,,,False,,,,,,,,,,,,,,False,,,,,,,,,,,,,,True,0.09919612020942493,13.97624950660105,13.693563350111935,78.72902331215244,0.2902657272721359,-0.09431295191061716,-2.93722754661062,0.0,-1.4210854715202005e-15,0.0,0.0,0.0,0.0,True,2,0.13181623615114274,-4.823695077684995,21.884655567831594,62.20557088708794,2.8873681969146228,0.9727775071252557,0.2926632323615621,19.632004034344913,-12.762187986742585,-12.0526911319129,0.7080895087653191,-3.0427277591503437,0.03776712203837866,True,14.29864405622708,-5.39298776691295,74.68906538511493,4.125380626245129,18.43895631367611,-4.869061161210732
2026-07-22T20:35:03.432+00:00,33.200000,95493.100000,1.217332,4095,1,02,80,FFFFFFFF,32,2.93101349,3.04463531,2.20742230,1.34817343,1.10070612,0.49181282,2.20773652,1.19176945,1.04661109,1.49493083,2.20753493,0.88911679,1.00860026,0.95931032,2.20789181,0.63913381,1.98266203,0.97662202,2.20545433,1.00347312,0.76574703,0.81028110,2.20512834,1.17492730,1.81751958,1.35894285,2.20722548,1.13871244,1.05966466,0.80701077,2.20768546,0.70917225,SD 02 80 FFFFFFFF 91F3A0 9454CD 7FECE1 60FF40 551CAB 2E9990 7FEF36 59AFC2 5245FD 674B9F 7FEDB7 4971DC 5038C3 4D7CEC 7FF05D 396D68 790F3A 4E7530 7FDE44 4FF0F7 41E056 44AE00 7FDBD8 58DBEA 7386C5 617A14 7FEB6B 570D2E 52F78B 447A05 7FEED5 3E310F 7CA79F 000FFF 01 0E9233,2026-07-22T20:35:03.254+00:00,serial_request_midpoint,357.2686,True,matched,61.4416,61.4416,2026-07-22T20:35:03.314+00:00,20.457267,1784752503251.7,615,False,,,,,,,,,,,,,,False,,,,,,,,,,,,,,True,0.1445050345599375,-3.6152086155294194,21.712664217584422,57.299006647178786,0.23307252151726274,-0.15012868202840698,-2.4747918594173792,19.475436586849344,-12.63486137013443,-17.184924583279678,0.013956599410752665,-0.0024082777348303757,0.46698505174005667,False,,,,,,,,,,,,,,False,,,,,,,,,,,,,,False,,,,,,,,,,,,,,True,0.06689875755998932,13.982660125119875,13.69832328641784,78.75452668864648,0.29186240634878485,-0.083521395366508,-2.9375187644019283,-5.684341886080802e-15,1.4210854715202005e-15,0.0,0.0,0.0,0.0,True,2,0.14450503455994582,-4.815346135467252,21.871890564902078,62.20563891668596,2.8903762760040377,0.973109221985803,0.29249754650211485,19.670364876298954,-12.643521757718105,-12.134909604661198,0.7092088864015719,-3.045962031888618,0.03214852740589728,True,14.317842083635806,-5.442374932205183,74.5920558181979,4.13876161853621,18.52296485038679,-4.855436582359312
2026-07-22T20:35:03.988+00:00,33.700000,95493.600000,1.219163,4095,1,02,80,FFFFFFFF,32,2.93100636,3.04482894,2.20695974,1.34818368,1.10068454,0.49179648,2.20492279,1.19174823,1.04660680,1.49494157,2.20709129,0.88909296,1.00856226,0.95927917,2.20755914,0.63910886,1.98265824,0.97658642,2.20718233,1.00342215,0.76572745,0.81028824,2.20534917,1.17489238,1.81761190,1.35895007,2.20700920,1.13867887,1.05961997,0.80698745,2.20775073,0.70918604,SD 02 80 FFFFFFFF 91F396 9455D1 7FE972 60FF5E 551C62 2E993D 7FDA51 59AF7E 5245EE 674BBC 7FEA6C 497180 50383B 4D7C79 7FEDE5 396CF6 790F32 4E74AE 7FEB19 4FF040 41E004 44AE1D 7FDD7C 58DB79 738798 617A29 7FE9D0 570CBF 52F6F0 4479A6 7FEF51 3E314B 7CD79F 000FFF 01 0E9238,2026-07-22T20:35:03.810+00:00,serial_request_midpoint,355.8999,True,matched,41.59975,41.59975,2026-07-22T20:35:03.851+00:00,20.994269,1784752503785.047,631,False,,,,,,,,,,,,,,False,,,,,,,,,,,,,,True,0.10750502664376914,-3.6118479042085583,21.712265863976505,57.28841146007837,0.23503840914723775,-0.15027861367463868,-2.4731434500015843,19.48579353746846,-12.525475785295223,-17.19434447080631,0.01844501559345861,-0.002272064549529395,0.470363081813697,False,,,,,,,,,,,,,,False,,,,,,,,,,,,,,False,,,,,,,,,,,,,,True,0.07288517201041844,13.973160260191923,13.686513641112299,78.70298510348232,0.2921379739708763,-0.07659828712420526,-2.939171608718406,0.0,-1.4210854715202005e-15,0.0,0.0,0.0,0.0,True,2,0.10750502664377164,-4.8195455815251975,21.86864281783763,62.19328002357746,2.8892856103884075,0.9752076712790828,0.2948285935312725,19.686525693985395,-12.555154269461806,-12.144636672763522,0.7144116971581144,-3.0447104059155192,0.02524067556995862,True,14.337816701182794,-5.41815508008757,74.60285074858686,4.057778465481886,18.52693010448269,-4.713781690280859
2026-07-22T20:35:04.547+00:00,34.900000,95494.800000,1.219163,4095,1,02,80,FFFFFFFF,32,2.93094221,3.04459510,2.20744599,1.34813416,1.10064937,0.49180849,2.20755335,1.19173855,1.04661167,1.49492010,2.20733231,0.88908053,1.00854243,0.95927727,2.20756862,0.63910163,1.98267863,0.97658943,2.20781127,1.00342104,0.76574632,0.81028135,2.20797182,1.17488898,1.81753140,1.35885972,2.20746967,1.13864651,1.05956403,0.80700218,2.20761967,0.70917225,SD 02 80 FFFFFFFF 91F33C 945497 7FED0E 60FECD 551BEB 2E997A 7FEDDA 59AF5F 5245FF 674B82 7FEC36 497150 5037F4 4D7C72 7FEDF7 396CD5 790F5D 4E74B9 7FEFC4 4FF03C 41E053 44AE01 7FF0F5 58DB6E 7386E0 617922 7FED3B 570C54 52F62E 4479E2 7FEE58 3E310F 7CD79E 000FFF 01 0E9244,2026-07-22T20:35:04.368+00:00,serial_request_midpoint,359.157,True,matched,17.9295,17.9295,2026-07-22T20:35:04.385+00:00,21.528319,1784752504318.383,647,False,,,,,,,,,,,,,,False,,,,,,,,,,,,,,True,0.08049090981072482,-3.6098329062679064,21.699709858822725,57.266372374222065,0.23692749245501418,-0.15398432586307537,-2.4731642252434676,19.51145890115047,-12.542887464942996,-17.063287340700832,0.020266741244969085,-0.004781733014754765,0.4692759036675134,False,,,,,,,,,,,,,,False,,,,,,,,,,,,,,False,,,,,,,,,,,,,,True,0.045377942882135876,13.958776294146551,13.673393082204745,78.62284771649993,0.29762551981188734,-0.07659788309897111,-2.9375680824342525,-5.684341886080802e-15,-1.4210854715202005e-15,0.0,0.0,0.0,0.0,True,2,0.08049090981074293,-4.828608321840065,21.867290461815514,62.16812983751193,2.886568850893044,0.9738336600792911,0.29677568109096103,19.702115137748677,-12.584570895166017,-12.013273905856192,0.7132849158294143,-3.047522588182782,0.02240192939957865,True,14.286886576941011,-5.402041445788041,74.680232251566,4.092884419335354,18.49736715316659,-4.540900904519583
2026-07-22T20:35:05.105+00:00,36.100000,95496.000000,1.219163,4095,1,02,80,FFFFFFFF,32,2.93095789,3.04467776,2.20507419,1.34809148,1.10062335,0.49179510,2.20472145,1.19175603,1.04657820,1.49494749,2.20711866,0.88906680,1.00850555,0.95927808,2.20775705,0.63911017,1.98250274,0.97659354,2.20757283,1.00340517,0.76573318,0.81026733,2.20770231,1.17488960,1.81748065,1.35881884,2.20744546,1.13858995,1.05950032,0.80698401,2.20786496,0.70914375,SD 02 80 FFFFFFFF 91F352 945506 7FDB71 60FE50 551B93 2E9936 7FD8D2 59AF97 52458A 674BCC 7FEAA0 49711B 503770 4D7C75 7FEF5D 396CFC 790DEA 4E74C8 7FEDFF 4FF003 41E01C 44ADC8 7FEEF5 58DB70 73866C 6178AB 7FED0D 570B99 52F551 447998 7FF02A 3E3093 7CD79F 000FFF 01 0E9250,2026-07-22T20:35:04.926+00:00,serial_request_midpoint,356.2935,True,matched,79.19375,79.19375,2026-07-22T20:35:05.004+00:00,22.147464,1784752504951.727,666,False,,,,,,,,,,,,,,False,,,,,,,,,,,,,,True,0.08661580466003455,-3.61487440765728,21.709060191102814,57.29126670109537,0.2356602738599591,-0.15606029702446525,-2.4734312194513293,19.493320488962894,-12.499158103534864,-17.19215192256494,0.023511858815567284,-0.0024098753117558266,0.47069496887175943,False,,,,,,,,,,,,,,False,,,,,,,,,,,,,,False,,,,,,,,,,,,,,True,0.09023558466831151,13.971020064978228,13.688046965685956,78.69659891403124,0.2921610487520707,-0.07565114874461802,-2.93969780782041,0.0,1.4210854715202005e-15,0.0,0.0,0.0,0.0,True,2,0.08661580466002704,-4.8315742043656735,21.885861617145824,62.19321589487667,2.885350678194234,0.9729705757012385,0.2951571950944293,19.699287743139728,-12.553579433971521,-12.14286099739785,0.7150279756595589,-3.0447426960761543,0.017395005407822153,True,14.276203886765575,-5.370344125717148,74.74564114480175,4.067608848860289,18.4861903337734,-4.54321479223305
2026-07-22T20:35:05.661+00:00,36.600000,95496.500000,1.220383,4095,1,02,80,FFFFFFFF,32,2.93091512,3.04467553,2.20757914,1.34815704,1.10061774,0.49180475,2.20742546,1.19167957,1.04653415,1.49490825,2.20737862,0.88906809,1.00849577,0.95925912,2.20539018,0.63909156,1.98242832,0.97656478,2.20489019,1.00339208,0.76573390,0.81024641,2.20721443,1.17489176,1.81757558,1.35880132,2.20708392,1.13856213,1.05944554,0.80700512,2.20762441,0.70914168,SD 02 80 FFFFFFFF 91F316 945503 7FEE0B 60FF10 551B80 2E9967 7FECE7 59AEA2 5244F0 674B62 7FEC8E 497120 50374D 4D7C2F 7FDDCA 396CA7 790D4D 4E745F 7FDA13 4FEFD4 41E01F 44AD73 7FEB56 58DB77 738745 617878 7FEA5E 570B3D 52F493 4479EE 7FEE61 3E308A 7CF79F 000FFF 01 0E9255,2026-07-22T20:35:05.484+00:00,serial_request_midpoint,354.773,True,matched,52.4743,52.4743,2026-07-22T20:35:05.535+00:00,22.677961,1784752505485.08,682,False,,,,,,,,,,,,,,False,,,,,,,,,,,,,,True,0.1029508760326468,-3.6134583328111836,21.704651493634408,57.27830432627555,0.23538505814507096,-0.14791245272158318,-2.472667460079759,19.49241254305509,-12.572257097042208,-17.245107703932014,0.013998928435868705,-0.00012885516550514544,0.4702643883706569,False,,,,,,,,,,,,,,False,,,,,,,,,,,,,,False,,,,,,,,,,,,,,True,0.08895071250692012,13.984280731549038,13.699426697657376,78.76424137290118,0.29104754151350265,-0.08109901607085543,-2.939003191890878,5.684341886080802e-15,0.0,1.1368683772161604e-14,0.0,0.0,0.0,True,2,0.10295087603265513,-4.819680900721435,21.85172181448078,62.18382370903258,2.8906699057460092,0.9765648097578639,0.29540519370417334,19.698391775255782,-12.57782252833812,-12.19552707192986,0.7137581173570625,-3.0426374693190685,0.032122000404800594,True,14.361595105480859,-5.442362012481576,74.54031809671343,4.080099580168882,18.54086293115523,-4.897056073552653
2026-07-22T20:35:06.216+00:00,37.700000,95497.600000,1.220384,4095,1,02,80,FFFFFFFF,32,2.93108406,3.04472542,2.20508155,1.34810787,1.10054709,0.49180711,2.20705972,1.19167613,1.04658163,1.49492787,2.20713392,0.88904944,1.00850611,0.95926048,2.20748546,0.63910973,1.98247904,0.97652288,2.20754809,1.00335225,0.76572673,0.81026142,2.20770020,1.17490474,1.81756377,1.35881060,2.20759914,1.13854187,1.05940720,0.80699653,2.20768704,0.70912467,SD 02 80 FFFFFFFF 91F403 945546 7FDB7F 60FE80 551A91 2E9973 7FEA30 59AE97 524596 674B97 7FEABD 4970D8 503772 4D7C34 7FED59 396CFA 790DB8 4E73C6 7FEDD0 4FEF45 41E001 44ADB0 7FEEF1 58DBA1 73872A 617893 7FEE31 570AFA 52F40E 4479CB 7FEED8 3E3040 7CF7A0 000FFF 01 0E9260,2026-07-22T20:35:06.039+00:00,serial_request_midpoint,356.0983,True,matched,18.12805,18.12805,2026-07-22T20:35:06.056+00:00,23.19923,1784752505985.081,697,False,,,,,,,,,,,,,,False,,,,,,,,,,,,,,True,0.11293078434548781,-3.6170848022208766,21.711759401940974,57.29849087681394,0.23159486301255666,-0.1515956777837065,-2.4744036477038094,19.46703207840591,-12.550025171440504,-17.216000311414916,0.017769836469736056,-0.00268951576914265,0.4697371703343112,False,,,,,,,,,,,,,,False,,,,,,,,,,,,,,False,,,,,,,,,,,,,,True,0.09663166569452424,13.97729836629847,13.693338345357983,78.72281679729002,0.28955187207615757,-0.07976212663440137,-2.939835537586068,0.0,-1.4210854715202005e-15,-1.1368683772161604e-14,0.0,0.0,0.0,True,2,0.11293078434549648,-4.813852897210249,21.877833245033006,62.205719082442954,2.8892619445575725,0.9733990647263089,0.2906975977422196,19.664957270055826,-12.577029962549393,-12.16616670856896,0.713529104331794,-3.0453255592010664,0.026278355921248855,True,14.335005156103415,-5.4134048765306515,74.61865071756861,4.051738801239106,18.51902796931239,-4.761174819616974
2026-07-22T20:35:06.772+00:00,38.300000,95498.200000,1.219773,4095,2,02,80,FFFFFFFF,32,2.93094435,3.04444170,2.20509837,1.34805324,1.10056187,0.49180573,2.20469833,1.19168862,1.04654903,1.49497082,2.20698500,0.88904763,1.00847761,0.95926806,2.20718654,0.63909682,1.98243922,0.97657053,2.20766020,1.00336506,0.76571742,0.81029217,2.20781600,1.17494089,1.81772215,1.35891812,2.20783127,1.13859237,1.05939048,0.80701862,2.20749546,0.70914421,SD 02 80 FFFFFFFF 91F33F 9453C9 7FDB9F 60FDE0 551AC3 2E996C 7FD8A6 59AEBF 524524 674C0B 7FE9A2 4970D1 50370C 4D7C50 7FEB21 396CBF 790D64 4E7474 7FEEA5 4FEF73 41DFDA 44AE2D 7FEFCD 58DC16 738894 6179CC 7FEFEA 570BA1 52F3D4 447A25 7FED6C 3E3095 7CE7A0 000FFF 02 0E9266,2026-07-22T20:35:06.595+00:00,serial_request_midpoint,355.3938,True,matched,82.8149,82.8149,2026-07-22T20:35:06.678+00:00,23.820434,1784752506618.395,716,False,,,,,,,,,,,,,,False,,,,,,,,,,,,,,True,0.1237447164434911,-3.618820305288738,21.715897723409334,57.30551659090163,0.23539639200970555,-0.1570870291166143,-2.4733870108324965,19.476675012178276,-12.532793299120147,-17.212224862760717,0.02308859090666651,-0.0006651471378210733,0.47057300436620053,False,,,,,,,,,,,,,,False,,,,,,,,,,,,,,False,,,,,,,,,,,,,,True,0.07642548515992786,13.979924910063014,13.695753494764427,78.72125649246905,0.2899215330451629,-0.07827500037965211,-2.9398595578609097,5.684341886080802e-15,1.4210854715202005e-15,1.1368683772161604e-14,0.0,0.0,0.0,True,2,0.12374471644349891,-4.83582197645173,21.896713494791445,62.207244428919765,2.8846314183378876,0.9727533646642101,0.29478438806573676,19.690637288717646,-12.583141586684452,-12.163224129649915,0.7144848632761505,-3.0430908578225377,0.01805212463773697,True,14.269298651675603,-5.350713918983459,74.78275156970417,4.0742064019441555,18.46440500199363,-4.563997069307573
2026-07-22T20:35:07.330+00:00,39.500000,95499.400000,1.217942,4095,2,02,80,FFFFFFFF,32,2.93161733,3.04515590,2.20716444,1.34828339,1.10062749,0.49183192,2.20789023,1.19170329,1.04660909,1.49492972,2.20745651,0.88908700,1.00853013,0.95928838,2.20795392,0.63912199,1.98239940,0.97657464,2.20536178,1.00340294,0.76574345,0.81031481,2.20468150,1.17501722,1.81766133,1.35903423,2.20448335,1.13858239,1.05943199,0.80699530,2.20495853,0.70915869,SD 02 80 FFFFFFFF 91F6EF 945788 7FEAF7 610082 551BA1 2E99F1 7FF05A 59AEEE 5245F6 674B9C 7FED22 497169 5037C8 4D7C9B 7FF0D3 396D32 790D10 4E7483 7FDD94 4FEFFB 41E047 44AE89 7FD886 58DD0D 738809 617B1E 7FD70D 570B80 52F464 4479C6 7FDA95 3E30D4 7CB79D 000FFF 02 0E9272,2026-07-22T20:35:07.152+00:00,serial_request_midpoint,357.3802,True,matched,53.6025,53.6025,2026-07-22T20:35:07.205+00:00,24.347773,1784752507151.76,732,False,,,,,,,,,,,,,,False,,,,,,,,,,,,,,True,0.10316904197332419,-3.6099077221166076,21.693895477322116,57.2434417128769,0.23650672919186477,-0.1471647702178782,-2.473459261039785,19.456900640650737,-12.529933477435941,-17.289022745740613,0.015999108146451103,0.001381583651235335,0.4691504557495992,False,,,,,,,,,,,,,,False,,,,,,,,,,,,,,False,,,,,,,,,,,,,,True,0.10309387382740763,13.976178681521358,13.693939891858355,78.71926064083047,0.28891100691920474,-0.07806037590623001,-2.938929197484834,0.0,1.4210854715202005e-15,0.0,0.0,0.0,0.0,True,2,0.10316904197333991,-4.818991822376086,21.83741441836574,62.148361792526735,2.8915135552175064,0.9755145657712428,0.296732103646809,19.67258811780659,-12.543696697754982,-12.239863160061509,0.7117905363544109,-3.041563568635019,0.02900719619638914,True,14.334827549788773,-5.481863755647453,74.49176319738743,4.102684397295718,18.580581566138154,-4.862281210810136
2026-07-22T20:35:07.888+00:00,40.000000,95499.900000,1.217942,4095,2,02,80,FFFFFFFF,32,2.93167294,3.04536372,2.20696974,1.34839847,1.10064257,0.49181873,2.20797129,1.19165772,1.04667974,1.49490936,2.20716917,0.88910436,1.00854606,0.95930517,2.20518512,0.63912484,1.98255299,0.97658998,2.20702131,1.00341380,0.76573247,0.81029242,2.20781706,1.17498446,1.81759877,1.35893907,2.20764757,1.13854943,1.05942334,0.80698548,2.20765336,0.70915754,SD 02 80 FFFFFFFF 91F73D 94589F 7FE985 6101D3 551BD4 2E99AE 7FF0F4 59AE5C 5246ED 674B65 7FEB00 4971AC 503801 4D7CD9 7FDC44 396D3F 790E54 4E74BB 7FE9E7 4FF022 41E019 44AE2E 7FEFCF 58DCA3 73877A 617A09 7FEE8D 570B13 52F446 44799E 7FEE98 3E30CF 7CB79D 000FFF 02 0E9277,2026-07-22T20:35:07.709+00:00,serial_request_midpoint,356.8679,True,matched,39.55865,39.55865,2026-07-22T20:35:07.748+00:00,24.891036,1784752507685.135,748,False,,,,,,,,,,,,,,False,,,,,,,,,,,,,,True,0.09828313755359591,-3.6091756429960675,21.706264542347093,57.29520305324432,0.23604374365231415,-0.1528292084064819,-2.4729342537366956,19.435093531674188,-12.546716319720108,-17.215420403865313,0.019794697570425325,0.0008813259725858379,0.47000384652443006,False,,,,,,,,,,,,,,False,,,,,,,,,,,,,,False,,,,,,,,,,,,,,True,0.06509088127113925,13.971194682409015,13.688696534708466,78.6999416206453,0.2888650552754179,-0.07880082804565894,-2.9391314208255075,5.684341886080802e-15,0.0,0.0,0.0,0.0,0.0,True,2,0.09828313755356555,-4.82351947001021,21.87056341567017,62.19817132864612,2.887323236115169,0.9746194773427738,0.2958343942686324,19.652746817548035,-12.57935315040568,-12.166431906749267,0.713253752766263,-3.041777153421605,0.023145030986579992,True,14.313908943054084,-5.398594585238888,74.67708035101043,4.059208315481141,18.503568263305905,-4.66544076519101
2026-07-22T20:35:08.444+00:00,41.200000,95501.100000,1.217942,4095,2,02,80,FFFFFFFF,32,2.93164300,3.04529593,2.20450069,1.34849409,1.10062217,0.49182601,2.20439085,1.19172045,1.04669634,1.49491936,2.20711234,0.88912016,1.00855081,0.95930897,2.20721653,0.63911849,1.98260467,0.97654917,2.20738494,1.00343998,0.76574345,0.81029882,2.20770389,1.17497210,1.81765433,1.35892911,2.20783390,1.13856002,1.05949801,0.80698327,2.20790339,0.70914444,SD 02 80 FFFFFFFF 91F713 945844 7FD72E 6102EB 551B8F 2E99D3 7FD65D 59AF25 524727 674B80 7FEA94 4971E9 503812 4D7CE7 7FEB5A 396D22 790EC1 4E7426 7FEC9A 4FF080 41E047 44AE48 7FEEF8 58DC7B 7387F9 6179EC 7FEFEF 570B36 52F549 447995 7FF073 3E3096 7CB79F 000FFF 02 0E9283,2026-07-22T20:35:08.266+00:00,serial_request_midpoint,356.6643,True,matched,91.28135,91.28135,2026-07-22T20:35:08.356+00:00,25.499751,1784752508285.167,766,False,,,,,,,,,,,,,,False,,,,,,,,,,,,,,True,0.12616788276060636,-2.6728262945342154,20.110363794487377,56.00339047681596,0.24169776134991833,-0.25940844495965615,-2.4729751729980944,19.104284272466522,-10.913342869674633,-18.786595471470605,0.10132323557344648,-0.0022907608648673776,0.46939807670055556,False,,,,,,,,,,,,,,False,,,,,,,,,,,,,,False,,,,,,,,,,,,,,True,0.06301150330023281,13.986661082832493,13.70021369057223,78.77140214959067,0.28857827266906144,-0.0797290727250284,-2.939113342169442,0.0,1.4210854715202005e-15,0.0,0.0,0.0,0.0,True,2,0.1261678827607143,-4.030483643978937,20.65413272493881,60.84093170851854,2.813376833320861,0.9394040654434955,0.2952463790514849,19.40129300527304,-11.345724489442958,-13.760110094572417,0.7141056926359687,-3.042764921073525,-0.10314748203289868,True,14.308631924052431,-5.85828534276771,75.88552685487215,3.9560496430375793,19.040163699030565,-3.5761240767572304
2026-07-22T20:35:09.001+00:00,41.700000,95501.600000,1.217942,4095,2,02,80,FFFFFFFF,32,2.93176706,3.04504641,2.20771494,1.34846370,1.10063518,0.49181538,2.20777442,1.19170329,1.04664542,1.49493565,2.20777653,0.88910902,1.00855248,0.95929109,2.20798393,0.63912528,1.98262885,0.97656725,2.20719864,1.00341937,0.76573915,0.81030915,2.20784653,1.17499003,1.81757252,1.35893770,2.20493593,1.13851405,1.05940864,0.80698033,2.20498902,0.70912306,SD 02 80 FFFFFFFF 91F7C1 9456F5 7FEF0D 610292 551BBB 2E999D 7FEF7E 59AEEE 524675 674BAC 7FEF82 4971BE 503818 4D7CA5 7FF10C 396D41 790EF4 4E7468 7FEB38 4FF036 41E035 44AE72 7FF007 58DCB5 73873E 617A05 7FDA6A 570A9E 52F413 447989 7FDACF 3E3039 7CB79F 000FFF 02 0E9288,2026-07-22T20:35:08.823+00:00,serial_request_midpoint,356.4693,True,matched,71.16795,71.16795,2026-07-22T20:35:08.894+00:00,26.036796,1784752508818.527,782,False,,,,,,,,,,,,,,False,,,,,,,,,,,,,,True,0.12968111043426137,-3.1759217556550854,20.0484444940051,56.18385797165733,0.2661352153179947,-0.2314463469863106,-2.4331112985495524,19.590949302167566,-10.926338534849851,-18.342134658071153,0.07973574722213662,0.01887123942587331,0.5068056773812039,False,,,,,,,,,,,,,,False,,,,,,,,,,,,,,False,,,,,,,,,,,,,,True,0.08537665872555714,13.966689918288134,13.683686300640929,78.66150887849031,0.2937099696922473,-0.07889993197007454,-2.93875751066499,0.0,1.4210854715202005e-15,1.1368683772161604e-14,0.0,0.0,0.0,True,2,0.12968111043429595,-4.604455475793368,20.434580262649433,61.0161363301908,2.80971667678684,1.001675258582886,0.32650502150680144,19.969736930148617,-11.218174205192884,-13.311023902964143,0.766206238554789,-3.0102105869816658,-0.06847215441478285,True,14.714612821804417,-5.5626102600172995,75.72976945641315,3.5030265957426083,18.80890360484529,-3.6780926935747744
2026-07-22T20:35:09.559+00:00,42.900000,95502.800000,1.216721,4095,2,02,80,FFFFFFFF,32,2.93118458,3.04513132,2.20684399,1.34842613,1.10060709,0.49179667,2.20536599,1.19166459,1.04659307,1.49489715,2.20697816,0.88907457,1.00856282,0.95929678,2.20774126,0.63911980,1.98265113,0.97655219,2.20784653,1.00342578,0.76573390,0.81029882,2.20778547,1.17497365,1.81755371,1.35892224,2.20761809,1.13846627,1.05943372,0.80700929,2.20759125,0.70911663,SD 02 80 FFFFFFFF 91F490 945767 7FE896 610224 551B5C 2E993E 7FDD9C 59AE72 5245BE 674B44 7FE995 497139 50383D 4D7CBA 7FEF3F 396D28 790F23 4E7431 7FF007 4FF04D 41E01F 44AE48 7FEF93 58DC80 738713 6179D8 7FEE55 570A00 52F46A 4479FF 7FEE22 3E301D 7C979F 000FFF 02 0E9294,2026-07-22T20:35:09.381+00:00,serial_request_midpoint,358.2666,True,matched,53.3762,53.3762,2026-07-22T20:35:09.435+00:00,26.576553,1784752509351.875,798,False,,,,,,,,,,,,,,False,,,,,,,,,,,,,,True,0.09616727413550648,-3.0810625770381437,19.391594541912106,55.834090900456395,0.2537611050163003,-0.2768170491328119,-2.420448134593493,19.72160349404908,-10.190324808592642,-18.72759093718928,0.11735449725982137,0.0047955667003610454,0.5213674724880999,False,,,,,,,,,,,,,,False,,,,,,,,,,,,,,False,,,,,,,,,,,,,,True,0.06019356851558634,13.961959811752532,13.679431428657457,78.64666652914318,0.2953515175177943,-0.0722413097536356,-2.9393756667628033,0.0,0.0,0.0,0.0,0.0,0.0,True,2,0.09616727413547202,-4.527476913100542,19.949471443935202,60.64422419688027,2.772840373901776,1.0045295090799724,0.3095581401018439,20.082349452592272,-10.676609415723492,-13.710209844128315,0.7917259451842488,-3.016218453829659,-0.12663121420226559,True,14.886516868968803,-5.372167296448896,76.37580935742275,3.1538154643103327,18.71303853849531,-2.975003983651561
2026-07-22T20:35:10.116+00:00,44.100000,95504.000000,1.218553,4095,2,02,80,FFFFFFFF,32,2.93115250,3.04503003,2.20765915,1.34831378,1.10061478,0.49181361,2.20832718,1.19167894,1.04658878,1.49495971,2.20531078,0.88906421,1.00852231,0.95926481,2.20726232,0.63911083,1.98257764,0.97654863,2.20706340,1.00339765,0.76571861,0.81027864,2.20829243,1.17495418,1.81759440,1.35890644,2.20776652,1.13850921,1.05938356,0.80702353,2.20791970,0.70911272,SD 02 80 FFFFFFFF 91F463 9456DF 7FEEA3 6100DB 551B76 2E9994 7FF398 59AEA0 5245AF 674BED 7FDD33 497111 5037AC 4D7C44 7FEBB1 396CFF 790E88 4E7424 7FEA37 4FEFE8 41DFDF 44ADF6 7FF356 58DC41 738770 6179AA 7FEF6F 570A8E 52F3BC 447A39 7FF092 3E300C 7CC7A0 000FFF 02 0E92A0,2026-07-22T20:35:09.939+00:00,serial_request_midpoint,355.7109,True,matched,46.34875,46.34875,2026-07-22T20:35:09.984+00:00,27.127396,1784752509918.546,815,False,,,,,,,,,,,,,,False,,,,,,,,,,,,,,True,0.07362570232180435,-2.788338729159482,19.59342670118416,55.824374536389485,0.2585654897465646,-0.27302743164666565,-2.4397796849712776,19.353432630507225,-10.482161023472164,-18.866060110042053,0.11035131267370639,0.011376998879375154,0.4996649920786702,False,,,,,,,,,,,,,,False,,,,,,,,,,,,,,False,,,,,,,,,,,,,,True,0.09569914340254568,13.975110025987274,13.688913443886502,78.72596372599084,0.2912862654290843,-0.08162222339405747,-2.938367696732829,0.0,0.0,0.0,0.0,0.0,0.0,True,2,0.07362570232178955,-4.23705563583456,20.14431512402373,60.63462031074865,2.785502154527535,0.9786511853234486,0.3145888868044871,19.73294236157749,-10.932992288310611,-13.846752720121378,0.7573719315577238,-3.018376364572929,-0.11595742381101021,True,14.666599668703537,-5.63888136065597,76.23750177193259,3.4969657008567254,18.902314136912622,-3.2723086629752856
2026-07-22T20:35:10.673+00:00,44.600000,95504.500000,1.219163,4095,2,02,80,FFFFFFFF,32,2.93106553,3.04489001,2.20739336,1.34830183,1.10054679,0.49181617,2.20817713,1.19164461,1.04661996,1.49492491,2.20838089,0.88904867,1.00849577,0.95927348,2.20888640,0.63910557,1.98261842,0.97654479,2.20868208,1.00335949,0.76570094,0.81028430,2.20832613,1.17496438,1.81761102,1.35885388,2.20638944,1.13847201,1.05937116,0.80700659,2.20523507,0.70910399,SD 02 80 FFFFFFFF 91F3E9 945623 7FECAA 6100B8 551A90 2E99A1 7FF27B 59AE32 52461C 674B8F 7FF3FE 4970D5 50374D 4D7C64 7FF7BE 396CE7 790EDE 4E7416 7FF63A 4FEF5F 41DF95 44AE0D 7FF396 58DC62 738796 617911 7FE536 570A13 52F391 4479F4 7FDCA3 3E2FE6 7CD7A0 000FFF 02 0E92A5,2026-07-22T20:35:10.495+00:00,serial_request_midpoint,355.979,True,matched,31.1254,31.1254,2026-07-22T20:35:10.525+00:00,27.668208,1784752510451.863,831,False,,,,,,,,,,,,,,False,,,,,,,,,,,,,,True,0.145246582496354,-0.4221576980184055,20.390075069424633,55.437478390331954,0.4853294376762193,-0.27074502898237884,-2.375789803165429,17.05592846562404,-10.756440033506445,-19.649743729042132,0.12838337447160086,0.18878902957654842,0.5290182708740464,False,,,,,,,,,,,,,,False,,,,,,,,,,,,,,False,,,,,,,,,,,,,,True,0.04901357750546788,13.969502655940417,13.685608643503167,78.68932495863523,0.29501202131555837,-0.07505693080111514,-2.939388258328439,5.684341886080802e-15,1.4210854715202005e-15,-1.1368683772161604e-14,0.0,0.0,0.0,True,2,0.1452465824963685,-2.6642575500454133,20.59436923128541,59.96207508024311,2.7282484385833796,1.0233051699863391,0.5754927796408696,18.3066601404351,-11.048760900206712,-14.76190761825642,0.7633663500542269,-2.8353511218554446,-0.1344587481528216,True,14.958439071514618,-5.02259080056019,77.2474225526959,2.8690273074742834,18.438406191158926,-2.2017410519754774
2026-07-22T20:35:11.229+00:00,45.700000,95505.600000,1.217332,4095,2,02,80,FFFFFFFF,32,2.93113967,3.04456457,2.20625267,1.34825538,1.10052196,0.49179234,2.20437560,1.19161934,1.04662339,1.49492602,2.20687082,0.88903779,1.00849046,0.95926102,2.20762967,0.63909397,1.98257385,0.97652261,2.20729389,1.00335197,0.76570070,0.81029611,2.20774442,1.17495665,1.81761452,1.35882777,2.20751756,1.13839944,1.05931639,0.80699285,2.20806605,0.70911663,SD 02 80 FFFFFFFF 91F451 94546E 7FE432 610030 551A3C 2E9928 7FD640 59ADE1 524628 674B92 7FE8C9 4970AB 50373A 4D7C36 7FEE6B 396CB2 790E80 4E73C5 7FEBED 4FEF44 41DF94 44AE3D 7FEF45 58DC49 73879E 6178C5 7FED96 570923 52F2D3 4479BC 7FF1A8 3E301D 7CA79F 000FFF 02 0E92B0,2026-07-22T20:35:11.051+00:00,serial_request_midpoint,356.8546,True,matched,26.1433,26.1433,2026-07-22T20:35:11.077+00:00,28.219807,1784752511018.504,848,False,,,,,,,,,,,,,,False,,,,,,,,,,,,,,True,0.27361952793777344,-8.363144609200463,16.99759977836666,48.119129188573964,0.41956921101059175,-0.2805249014105939,-2.6193556232400064,26.71196384688536,-9.426555067411286,-25.30459585120078,0.13479095485233558,0.10762730049983239,0.30073956101814975,False,,,,,,,,,,,,,,False,,,,,,,,,,,,,,False,,,,,,,,,,,,,,True,0.037175670739335476,13.963792355088406,13.677162759892775,78.667355127045,0.29391934434707884,-0.07829470678749491,-2.939090539418959,0.0,0.0,0.0,0.0,0.0,0.0,True,2,0.27361952793776867,-10.259001673284937,17.551820326294692,52.770934060430385,2.8491566950193485,0.6971437791477189,0.4809663633091083,27.542732440419893,-9.98166550860341,-20.350567295460724,0.44249999540871976,-2.9782334098486904,-0.1522058587111924,True,1.80868010958945,-12.03574875524786,68.40800945720383,18.551648306693163,22.322211279528787,-8.468174216220756
2026-07-22T20:35:11.787+00:00,46.300000,95506.200000,1.217942,4095,2,02,80,FFFFFFFF,32,2.93116747,3.04480809,2.20787443,1.34834212,1.10059143,0.49178801,2.20754072,1.19162058,1.04661396,1.49490307,2.20777021,0.88903572,1.00853572,0.95926887,2.20724969,0.63910338,1.98257764,0.97652507,2.20757546,1.00331828,0.76569020,0.81028159,2.20734178,1.17491926,1.81754846,1.35883670,2.20525768,1.13839007,1.05927718,0.80698597,2.20736757,0.70911456,SD 02 80 FFFFFFFF 91F478 9455B5 7FF03C 61012E 551B27 2E9912 7FEDC2 59ADE5 524607 674B54 7FEF76 4970A3 5037DC 4D7C53 7FEB99 396CDD 790E88 4E73CE 7FEE04 4FEECB 41DF68 44AE02 7FEC48 58DBD0 738707 6178DF 7FDCCE 570904 52F24B 4479A0 7FEC79 3E3014 7CB79F 000FFF 02 0E92B6,2026-07-22T20:35:11.609+00:00,serial_request_midpoint,356.0991,True,matched,16.44105,16.44105,2026-07-22T20:35:11.624+00:00,28.767038,1784752511551.803,864,False,,,,,,,,,,,,,,False,,,,,,,,,,,,,,True,0.2505054646913816,-16.287733252401377,14.592715346591959,47.300233001357796,0.47033436236513704,-0.3654636086709287,-2.8096289829136785,34.93162624415535,-8.6954694631115,-24.63893078167441,0.19934390381369402,0.11438485851942319,0.09981303327589056,False,,,,,,,,,,,,,,False,,,,,,,,,,,,,,False,,,,,,,,,,,,,,True,0.06747351995406148,13.973116598706946,13.687695916455578,78.70673738228443,0.2925776113964892,-0.08402072694654743,-2.9376110508830817,0.0,1.4210854715202005e-15,0.0,0.0,0.0,0.0,True,2,0.2505054646758806,-18.234716434798965,15.575613941612113,51.85916683698364,2.8513194941839193,0.3928430264709292,0.5068883279289239,35.75162233122704,-9.670712882358647,-19.748407540890458,0.14172564039127186,-2.990336333487684,-0.2523502223297544,True,-13.1328564382305,-15.655715981879956,68.11174726341291,33.73901316326061,23.092940506262117,-6.034774335226643
2026-07-22T20:35:12.343+00:00,47.500000,95507.400000,1.219163,4095,2,02,80,FFFFFFFF,32,2.93131575,3.04481256,2.20714444,1.34821407,1.10057931,0.49180238,2.20767599,1.19163463,1.04665514,1.49492750,2.20774758,0.88902924,1.00855332,0.95926021,2.20780969,0.63910141,1.98247240,0.97650207,2.20789181,1.00334835,0.76571073,0.81030079,2.20748651,1.17494182,1.81755502,1.35884838,2.20533602,1.13842000,1.05932532,0.80700782,2.20514411,0.70910146,SD 02 80 FFFFFFFF 91F548 9455BB 7FEAD1 60FFB7 551AFE 2E995B 7FEEC3 59AE12 524697 674B96 7FEF4B 49708A 50381B 4D7C33 7FEFC1 396CD4 790DAA 4E737A 7FF05D 4FEF37 41DFBE 44AE50 7FED5B 58DC19 738716 617901 7FDD63 570967 52F2F2 4479F9 7FDBF6 3E2FDB 7CD79F 000FFF 02 0E92C2,2026-07-22T20:35:12.165+00:00,serial_request_midpoint,356.2235,True,matched,92.12775,92.12775,2026-07-22T20:35:12.256+00:00,29.399112,1784752512185.114,883,False,,,,,,,,,,,,,,False,,,,,,,,,,,,,,True,0.3003841683638951,-17.539639322558372,14.180973536118879,47.42622358391594,0.48026834903891047,-0.4037454358784619,-2.8258674406674675,36.14749040261273,-8.214614136709434,-24.520466681689193,0.23525609147294427,0.11935916433075167,0.08228671659238519,False,,,,,,,,,,,,,,False,,,,,,,,,,,,,,False,,,,,,,,,,,,,,True,0.09312395509023572,13.975599310834076,13.696817845164892,78.76197890044024,0.2869320156201233,-0.07144633982169693,-2.9398752662339644,0.0,0.0,-1.1368683772161604e-14,0.0,0.0,0.0,True,2,0.30038416831290127,-19.509958980843372,15.302502062249284,51.94294008533026,2.829549892905212,0.35785673087445785,0.5108393575283491,36.98916858569687,-9.373447180591558,-19.673880506098783,0.11593088573581548,-2.98111531059865,-0.3059422778575137,True,-15.367068112297323,-15.716471972608668,68.86130347569028,35.70970321304172,22.92830524529649,-4.823591845303008
2026-07-22T20:35:12.901+00:00,48.000000,95507.900000,1.219163,4095,2,02,80,FFFFFFFF,32,2.93116177,3.04487437,2.20438349,1.34815875,1.10066385,0.49182877,2.20486969,1.19167301,1.04663741,1.49494601,2.20422057,0.88904349,1.00854019,0.95930924,2.20427733,0.63911499,1.98248188,0.97649659,2.20424369,1.00330324,0.76571718,0.81030275,2.20727337,1.17492977,1.81747540,1.35883396,2.20748283,1.13839611,1.05935588,0.80697738,2.20780548,0.70909319,SD 02 80 FFFFFFFF 91F470 94560E 7FD64F 60FF15 551C1C 2E99E1 7FD9EC 59AE8D 524659 674BC8 7FD519 4970C1 5037EC 4D7CE8 7FD585 396D12 790DBE 4E7366 7FD545 4FEE95 41DFD9 44AE58 7FEBC6 58DBF2 738660 6178D7 7FED54 570918 52F35C 44797D 7FEFB9 3E2FB7 7CD79F 000FFF 02 0E92C7,2026-07-22T20:35:12.723+00:00,serial_request_midpoint,357.8594,True,matched,91.2475,91.2475,2026-07-22T20:35:12.813+00:00,29.956225,1784752512751.767,900,False,,,,,,,,,,,,,,False,,,,,,,,,,,,,,True,0.2533376292118483,-19.54457607150653,14.591142751023336,47.37954002854241,0.42559631487464944,-0.4810856962620543,-2.8385818710833965,38.04182378261095,-9.140840597595464,-24.003830675092622,0.280214062916101,0.073346854647322,0.07173886612031052,False,,,,,,,,,,,,,,False,,,,,,,,,,,,,,False,,,,,,,,,,,,,,True,0.057018025997626766,13.970318698015973,13.684938775894897,78.72997596745218,0.2907893934565414,-0.07761796800490892,-2.9384682032702996,0.0,1.4210854715202005e-15,-1.1368683772161604e-14,0.0,0.0,0.0,True,2,0.25333762913578645,-21.34696327368234,16.00271552686528,51.885043989977,2.7900446073910836,0.33032938786010346,0.44830462045779546,38.655955034668565,-10.534829906929126,-19.185081886737112,0.10125003211167385,-3.0193036837068883,-0.3788385419197631,True,-17.576493516850977,-14.20913460561673,70.28610331050024,37.3066265650162,21.07717172696177,-2.923717241910606
2026-07-22T20:35:13.456+00:00,49.200000,95509.100000,1.216722,4095,2,02,80,FFFFFFFF,32,2.93109690,3.04490490,2.20503897,1.34820553,1.10058995,0.49184530,2.20501163,1.19166271,1.04662568,1.49492639,2.20680979,0.88902898,1.00853684,0.95925777,2.20727600,0.63911586,1.98246102,0.97650316,2.20753809,1.00330630,0.76571718,0.81028086,2.20794287,1.17494862,1.81753927,1.35875152,2.20777231,1.13837979,1.05932244,0.80694841,2.20744336,0.70907710,SD 02 80 FFFFFFFF 91F415 945637 7FDB2E 60FF9E 551B22 2E9A35 7FDAFA 59AE6C 524630 674B93 7FE855 497089 5037E0 4D7C2A 7FEBCB 396D16 790D92 4E737E 7FEDBD 4FEEA0 41DFD9 44ADFF 7FF0BE 58DC2F 7386F2 6177E7 7FEF7A 5708E2 52F2E8 447907 7FED09 3E2F71 7C97A0 000FFF 02 0E92D3,2026-07-22T20:35:13.279+00:00,serial_request_midpoint,354.867,True,matched,74.5105,74.5105,2026-07-22T20:35:13.353+00:00,30.496046,1784752513285.121,916,False,,,,,,,,,,,,,,False,,,,,,,,,,,,,,True,0.2359456321132947,-19.7974281660317,14.597356745045426,47.488107612399574,0.3910504567414993,-0.5084058608532017,-2.8390147793350216,38.296238945764756,-9.207100759166604,-23.666868806370463,0.2950089694595141,0.046013259706147204,0.07461522486976536,False,,,,,,,,,,,,,,False,,,,,,,,,,,,,,False,,,,,,,,,,,,,,True,0.07194165152115992,13.963541869330964,13.67810262420559,78.64649612995888,0.2943350371741728,-0.07948527762673255,-2.938503569607251,0.0,1.4210854715202005e-15,1.1368683772161604e-14,0.0,0.0,0.0,True,2,0.23594563205108157,-21.496490836325158,16.114232679283557,51.999534515544724,2.7765524520102405,0.32811112327306263,0.4123455583125814,38.77939313385822,-10.677895167214915,-18.856045061972953,0.1061321293314836,-3.043282866299333,-0.40473484471990034,True,-17.544011500180165,-13.737203268198934,70.9426333566226,37.0350740908104,20.676115564358525,-2.1391471184971125
2026-07-22T20:35:14.014+00:00,49.700000,95509.600000,1.215501,4095,2,02,80,FFFFFFFF,32,2.93098070,3.04472021,2.20514832,1.34821236,1.10061419,0.49181695,2.20461475,1.19164243,1.04661081,1.49496860,2.20430728,0.88904038,1.00849325,0.95926589,2.20660776,0.63910557,1.98251696,0.97646318,2.20742336,1.00331410,0.76570620,0.81028898,2.20751914,1.17491277,1.81748327,1.35866736,2.20765915,1.13830963,1.05931841,0.80696118,2.20792550,0.70907986,SD 02 80 FFFFFFFF 91F372 94553F 7FDBFE 60FFB2 551B74 2E99A5 7FD807 59AE2B 5245FC 674C05 7FD5BE 4970B5 503744 4D7C48 7FE6D5 396CE7 790E08 4E72EC 7FECE3 4FEEBC 41DFAB 44AE20 7FED99 58DBBB 738672 6176F2 7FEEA3 5707FA 52F2DA 44793B 7FF09D 3E2F7D 7C77A0 000FFF 02 0E92D8,2026-07-22T20:35:13.837+00:00,serial_request_midpoint,355.7133,True,matched,60.54885,60.54885,2026-07-22T20:35:13.898+00:00,31.039355,1784752513818.463,932,False,,,,,,,,,,,,,,False,,,,,,,,,,,,,,True,0.16638199888602268,-19.84419368214436,13.807571457831575,47.349308126761215,0.36341122263828707,-0.523888170272799,-2.839968762001552,38.50657237657122,-8.502659720643953,-23.988068691212227,0.30101706301055875,0.028637204296901995,0.0758179311551133,False,,,,,,,,,,,,,,False,,,,,,,,,,,,,,False,,,,,,,,,,,,,,True,0.08686387159582805,13.982062690652688,13.698965008495776,78.75394731418807,0.2913695339502836,-0.08398254434603789,-2.939199277635261,0.0,1.4210854715202005e-15,0.0,0.0,0.0,0.0,True,2,0.16638199887837007,-21.458382961866445,15.387970676780307,51.870087862247374,2.769775742372781,0.3267878706226619,0.38429846643903776,38.905542737541865,-10.006063376516295,-19.179605502481092,0.10825799241240727,-3.059139864791331,-0.4162250674254603,True,-17.322870676431783,-14.248434560483398,71.10943134069943,36.92111840202601,21.239054077951856,-2.2865297006843663
2026-07-22T20:35:14.571+00:00,50.900000,95510.800000,1.219163,4095,2,02,80,FFFFFFFF,32,2.93082246,3.04479543,2.20504212,1.34809934,1.10053438,0.49181026,2.20752651,1.19158158,1.04657591,1.49499081,2.20525926,0.88901266,1.00847146,0.95922634,2.20738967,0.63908915,1.98248615,0.97647359,2.20482501,1.00332747,0.76569258,0.81028061,2.20489440,1.17490690,1.81757952,1.35869450,2.20464892,1.13829149,1.05923279,0.80694375,2.20436930,0.70907756,SD 02 80 FFFFFFFF 91F294 9455A4 7FDB34 60FE67 551A66 2E9983 7FEDA7 59AD68 524582 674C41 7FDCD1 49704A 5036F6 4D7BB6 7FECA3 396C9C 790DC7 4E7312 7FD997 4FEEEC 41DF72 44ADFE 7FDA1B 58DBA8 73874E 617741 7FD848 5707BE 52F1B1 4478F4 7FD634 3E2F73 7CD79F 000FFF 02 0E92E4,2026-07-22T20:35:14.393+00:00,serial_request_midpoint,357.6556,True,matched,54.5164,54.5164,2026-07-22T20:35:14.447+00:00,31.590208,1784752514385.1,949,False,,,,,,,,,,,,,,False,,,,,,,,,,,,,,True,0.18614170323452028,-19.76893397773071,12.575165946461325,46.9560542085043,0.38299526005508416,-0.5058112831325707,-2.8428600808480113,38.7430224874153,-7.168832813577547,-24.32899571451648,0.2944347167872924,0.04153376321269617,0.07320059739067258,False,,,,,,,,,,,,,,False,,,,,,,,,,,,,,False,,,,,,,,,,,,,,True,0.05849868895389317,13.965988257898413,13.681465489428055,78.65850065863876,0.2926328908476545,-0.07690525507620301,-2.939691595127839,0.0,1.4210854715202005e-15,0.0,0.0,0.0,0.0,True,2,0.1861417032333332,-21.4384879277367,14.088943448337108,51.479525000114265,2.780090801236655,0.3249564030243363,0.4045204558336902,39.20283993743445,-8.638400393416337,-19.515508438054745,0.10400023850758014,-3.047871815666047,-0.4044798443864529,True,-17.471983021242128,-15.808735832166803,70.34661081639841,37.45190534313378,22.726777530346062,-2.8202649061574787
2026-07-22T20:35:15.130+00:00,52.100000,95512.000000,1.217332,4095,2,02,80,FFFFFFFF,32,2.93094791,3.04474851,2.20458794,1.34810514,1.10050364,0.49177049,2.20516935,1.19159968,1.04656276,1.49497785,2.20681663,0.88898961,1.00846448,0.95922905,2.20747493,0.63909441,1.98239750,0.97647304,2.20518775,1.00326230,0.76569163,0.81027421,2.20495012,1.17493409,1.81753402,1.35867698,2.20466889,1.13826065,1.05924922,0.80696314,2.20483500,0.70907113,SD 02 80 FFFFFFFF 91F344 945565 7FD7D4 60FE78 5519FE 2E98B9 7FDC26 59ADA2 524554 674C1E 7FE862 496FF1 5036DD 4D7BC0 7FED45 396CB4 790D0C 4E7310 7FDC49 4FEE02 41DF6E 44ADE4 7FDA85 58DC00 7386E6 61770E 7FD86E 570758 52F1EA 447943 7FD9AA 3E2F57 7CA7A0 000FFF 02 0E92F0,2026-07-22T20:35:14.952+00:00,serial_request_midpoint,357.4414,True,matched,45.1953,45.1953,2026-07-22T20:35:14.996+00:00,32.139,1784752514918.4,965,False,,,,,,,,,,,,,,False,,,,,,,,,,,,,,True,0.13770141994452595,-19.716533336491764,11.27355209301434,47.19882577402099,0.3905575109565174,-0.5266983975975825,-2.826973967929092,38.86810982719412,-6.051325732232919,-24.23752361406863,0.30455973708787054,0.04833946669055647,0.08369452764324063,False,,,,,,,,,,,,,,False,,,,,,,,,,,,,,False,,,,,,,,,,,,,,True,0.0761969409675315,13.975937345779124,13.687732940503054,78.72334330813841,0.29086031414586533,-0.08472212644209283,-2.9385423022638393,0.0,-1.4210854715202005e-15,-1.1368683772161604e-14,0.0,0.0,0.0,True,2,0.13770141994121,-21.43003394005655,12.84458794799338,51.686194904068394,2.7616616589035003,0.3392575123937275,0.4111279391474932,39.37129514513519,-7.564220809747454,-19.44183047276049,0.12014643188005132,-3.03864412149739,-0.4187856314030929,True,-17.28877390378165,-16.698130081659123,71.06786385863847,37.36505815047076,23.609092306179996,-2.4191727123009175
2026-07-22T20:35:15.685+00:00,52.600000,95512.500000,1.219163,4095,2,02,80,FFFFFFFF,32,2.93094863,3.04472691,2.20437560,1.34805188,1.10053704,0.49177561,2.20732336,1.19153601,1.04654874,1.49496489,2.20767073,0.88898391,1.00845833,0.95922634,2.20796182,0.63908412,1.98251744,0.97647770,2.20784811,1.00328597,0.76567897,0.81027594,2.20778179,1.17493378,1.81751871,1.35866942,2.20758546,1.13823223,1.05916707,0.80693197,2.20745178,0.70906860,SD 02 80 FFFFFFFF 91F345 945548 7FD640 60FDDC 551A6F 2E98D3 7FEC25 59ACD6 524523 674BFB 7FEEB9 496FDB 5036C7 4D7BB6 7FF0E2 396C85 790E09 4E7321 7FF00A 4FEE57 41DF39 44ADEB 7FEF8C 58DBFF 7386C3 6176F8 7FEE17 5706FA 52F0CD 4478C4 7FED19 3E2F4C 7CD7A0 000FFF 02 0E92F5,2026-07-22T20:35:15.508+00:00,serial_request_midpoint,355.0074,True,matched,25.3262,25.3262,2026-07-22T20:35:15.534+00:00,32.675714,1784752515451.699,981,False,,,,,,,,,,,,,,False,,,,,,,,,,,,,,True,0.10483813913133506,-19.53401827833364,9.691768668190127,47.25318020479682,0.3759657169024497,-0.5288769866809467,-2.8260360650814387,39.041886521411506,-4.321753525852135,-24.082817311186183,0.3099793026056583,0.03458557986370379,0.08795876774784593,False,,,,,,,,,,,,,,False,,,,,,,,,,,,,,False,,,,,,,,,,,,,,True,0.0556474159856638,13.957089791837944,13.666638056204231,78.64545058961087,0.29575360700892467,-0.07666313586624214,-2.9384535049416627,0.0,0.0,1.1368683772161604e-14,0.0,0.0,0.0,True,2,0.104838139130108,-21.203872885314745,11.276082477074835,51.752319797396844,2.7615486312499353,0.3423695406774501,0.3969333059945808,39.481364132402085,-5.8628238747219665,-19.289834593039565,0.1269792310884715,-3.0508568853341944,-0.42887108970087623,True,-16.864506017696694,-18.20623694999257,71.18255528543791,37.17453433315715,25.202286593941988,-2.1081943168852377
2026-07-22T20:35:16.240+00:00,53.800000,95513.700000,1.218553,4095,2,02,80,FFFFFFFF,32,2.93101278,3.04475596,2.20737704,1.34806895,1.10051487,0.49175317,2.20744178,1.19152509,1.04652100,1.49491269,2.20486969,0.88897692,1.00847370,0.95920305,2.20719759,0.63909287,1.98243637,0.97646921,2.20742967,1.00327595,0.76568948,0.81027618,2.20762809,1.17491092,1.81757646,1.35870514,2.20714128,1.13822376,1.05923971,0.80696928,2.20770652,0.70908629,SD 02 80 FFFFFFFF 91F39F 94556F 7FEC8B 60FE0E 551A24 2E9861 7FED06 59ACB3 5244C2 674B6E 7FD9EC 496FC0 5036FE 4D7B60 7FEB36 396CAD 790D5E 4E7302 7FECEF 4FEE33 41DF65 44ADEC 7FEE68 58DBB5 738747 617760 7FEACB 5706DE 52F1C9 44795C 7FEEFD 3E2F99 7CC7A0 000FFF 02 0E9301,2026-07-22T20:35:16.064+00:00,serial_request_midpoint,355.0191,True,matched,33.74815,33.74815,2026-07-22T20:35:16.097+00:00,33.239887,1784752516018.354,998,False,,,,,,,,,,,,,,False,,,,,,,,,,,,,,True,0.09519993064403062,-19.99182735210931,7.672352462623356,47.388963962376494,0.3334956971335188,-0.5317422881107857,-2.8367923641372896,39.76618481852588,-2.371453494303028,-24.20056863928704,0.3100036755839341,0.00916036974752346,0.08247122129195945,False,,,,,,,,,,,,,,False,,,,,,,,,,,,,,False,,,,,,,,,,,,,,True,0.04814191871896298,13.970553700653635,13.679660948573575,78.74354396503644,0.2889893308419133,-0.07604211101400371,-2.9396501847680767,0.0,0.0,1.1368683772161604e-14,0.0,0.0,0.0,True,2,0.09519993064397302,-21.517357330416743,9.290463628735026,51.92715716497387,2.766797349161079,0.3333623842428115,0.35502219747191954,40.07543604861415,-3.9207416968989413,-19.400069420799763,0.1189134413717065,-3.076150855797036,-0.4326113546259138,True,-16.979772377386052,-20.177828354190357,71.33337794943455,37.643418437816,27.149508588633317,-2.2450074195332377
2026-07-22T20:35:16.798+00:00,54.300000,95514.200000,1.219163,4095,2,02,80,FFFFFFFF,32,2.93105127,3.04485873,2.20743862,1.34813451,1.10048797,0.49177029,2.20765599,1.19154101,1.04654903,1.49491158,2.20757914,0.88900541,1.00849018,0.95921307,2.20779705,0.63908434,1.98246624,0.97645853,2.20785233,1.00327818,0.76567849,0.81027323,2.20808658,1.17492977,1.81755502,1.35861687,2.20485918,1.13820290,1.05920973,0.80693835,2.20733810,0.70906998,SD 02 80 FFFFFFFF 91F3D5 9455F9 7FED00 60FECE 5519C9 2E98B8 7FEE9D 59ACE6 524524 674B6B 7FEE0B 49702E 503739 4D7B85 7FEFA9 396C86 790D9D 4E72DB 7FF012 4FEE3B 41DF37 44ADE0 7FF1CF 58DBF2 738716 61765F 7FD9D8 570699 52F161 4478DE 7FEC41 3E2F52 7CD7A0 000FFF 02 0E9306,2026-07-22T20:35:16.620+00:00,serial_request_midpoint,357.1357,True,matched,83.83565,83.83565,2026-07-22T20:35:16.703+00:00,33.84625,1784752516651.697,1017,False,,,,,,,,,,,,,,False,,,,,,,,,,,,,,True,0.1407871056329103,-19.5911494178082,5.537484983869055,47.83340377237145,0.34332930188772665,-0.5262454396301725,-2.8175963550263314,39.730745033738664,-0.29060860797210425,-23.837373050405596,0.3043524489028217,0.016489471456750712,0.09969304027395572,False,,,,,,,,,,,,,,False,,,,,,,,,,,,,,False,,,,,,,,,,,,,,True,0.06191075137517067,13.968183869012043,13.676820161509195,78.72610971492897,0.29143338268084845,-0.08007810144494398,-2.93829712025428,-5.684341886080802e-15,-1.4210854715202005e-15,0.0,0.0,0.0,0.0,True,2,0.1407871056327687,-21.168897441807914,7.12426790096288,52.36480028725197,2.764142992879055,0.3600036952189272,0.3661179070222384,40.08848656413865,-1.8060979101879866,-19.029459116007082,0.14531138903939209,-3.069322912641476,-0.4225669662664625,True,-16.132900831412226,-22.250708869780205,71.78954719913052,37.16813146245317,29.314441937254976,-2.042557090742946
2026-07-22T20:35:17.354+00:00,55.500000,95515.400000,1.220383,4095,2,02,80,FFFFFFFF,32,2.93113753,3.04487660,2.20733284,1.34817070,1.10045635,0.49175218,2.20550007,1.19159562,1.04656047,1.49490011,2.20686977,0.88899091,1.00848739,0.95922987,2.20523928,0.63908258,1.98242879,0.97645086,2.20704972,1.00327846,0.76568160,0.81026413,2.20735389,1.17491401,1.81752440,1.35860691,2.20770073,1.13818899,1.05920685,0.80696609,2.20776758,0.70907687,SD 02 80 FFFFFFFF 91F44E 945611 7FEC37 60FF38 55195E 2E985C 7FDE9B 59AD95 52454C 674B4C 7FE8C7 496FF6 50372F 4D7BC3 7FDCAB 396C7E 790D4E 4E72BF 7FEA1D 4FEE3C 41DF44 44ADBB 7FEC5F 58DBBF 7386D0 617642 7FEEF2 57066B 52F157 44794F 7FEF71 3E2F70 7CF79F 000FFF 02 0E9312,2026-07-22T20:35:17.177+00:00,serial_request_midpoint,355.1529,True,matched,89.65245,89.65245,2026-07-22T20:35:17.268+00:00,34.409414,1784752517185.018,1033,False,,,,,,,,,,,,,,False,,,,,,,,,,,,,,True,0.10945855776532104,-19.550395653149987,3.5966325375892305,47.97242743881014,0.33407512767369624,-0.5231123100363967,-2.812283141799518,40.0880921437488,1.8627514056551058,-23.63014475389225,0.30853726763882,0.008336521290883091,0.10832969499249612,False,,,,,,,,,,,,,,False,,,,,,,,,,,,,,False,,,,,,,,,,,,,,True,0.024919863441549013,13.971004251835335,13.68217809247452,78.68897403645437,0.2941767726689569,-0.06923632300946214,-2.9390016428842305,5.684341886080802e-15,0.0,0.0,0.0,0.0,0.0,True,2,0.10945855776534683,-21.104668900073225,5.175115645508616,52.514822070623055,2.765529446974865,0.36967828071665204,0.35768590284797697,40.413157918814264,0.32719475584425195,-18.826279512618964,0.15892527142690988,-3.075948876628897,-0.429979416366711,True,-15.76365016472002,-24.16804631793541,71.90615208142546,37.112123373096075,31.34519178101151,-1.7219424542340902
2026-07-22T20:35:17.913+00:00,56.000000,95515.900000,1.217332,4095,2,02,80,FFFFFFFF,32,2.93099353,3.04488852,2.20750125,1.34818299,1.10041999,0.49176478,2.20793392,1.19155848,1.04654073,1.49490233,2.20754756,0.88899065,1.00845721,0.95920846,2.20773442,0.63909747,1.98238044,0.97644347,2.20776705,1.00328068,0.76567396,0.81027618,2.20745967,1.17488929,1.81758171,1.35867389,2.20748020,1.13818022,1.05926191,0.80697002,2.20502635,0.70907181,SD 02 80 FFFFFFFF 91F384 945621 7FED77 60FF5C 5518E3 2E989C 7FF0AD 59AD1E 524507 674B52 7FEDCF 496FF5 5036C3 4D7B74 7FEF32 396CC2 790CE8 4E72A4 7FEF70 4FEE44 41DF24 44ADEC 7FED28 58DB6F 738753 617705 7FED4F 57064E 52F216 44795F 7FDB16 3E2F5A 7CA79F 000FFF 02 0E9317,2026-07-22T20:35:17.734+00:00,serial_request_midpoint,357.2662,True,matched,90.4042,90.4042,2026-07-22T20:35:17.825+00:00,34.96653,1784752517751.677,1050,False,,,,,,,,,,,,,,False,,,,,,,,,,,,,,True,0.1425621486399498,-19.104457074928575,1.6988145451446424,48.11019870084131,0.33177309588958653,-0.5237831989950953,-2.8086005528433153,39.95507964560839,3.7213463219327623,-23.721474325831867,0.30509766519432,0.008623493771792086,0.11219994487820657,False,,,,,,,,,,,,,,False,,,,,,,,,,,,,,False,,,,,,,,,,,,,,True,0.04216263407697688,13.965037092018083,13.6707336938365,78.70508159921567,0.2928348727756564,-0.07510699262436563,-2.939657608694663,0.0,-1.4210854715202005e-15,0.0,0.0,0.0,0.0,True,2,0.14256214863997946,-20.65578096716452,3.2789922058245686,52.65301236831135,2.7642623736207663,0.37486877989965195,0.3556083437427253,40.2836400448209,2.2034388722973426,-18.912240674438202,0.16485519820409536,-3.0761694943776523,-0.4245702158537707,True,-15.182554297220495,-26.016997482973743,72.07877085299825,36.854693817058475,33.266631487473276,-1.9154260595833876
2026-07-22T20:35:18.468+00:00,57.200000,95517.100000,1.215501,4095,2,02,80,FFFFFFFF,32,2.93114466,3.04500322,2.20440188,1.34819768,1.10044836,0.49175317,2.20729968,1.19155411,1.04660194,1.49485864,2.20523665,0.88898883,1.00844911,0.95919682,2.20476929,0.63908390,1.98233303,0.97642402,2.20688976,1.00328681,0.76566703,0.81027225,2.20537598,1.17490505,1.81754583,1.35872438,2.20474301,1.13820471,1.05925528,0.80696584,2.20498061,0.70906722,SD 02 80 FFFFFFFF 91F458 9456BB 7FD672 60FF87 551943 2E9861 7FEBF8 59AD10 5245DD 674ADC 7FDCA6 496FEE 5036A6 4D7B49 7FD92D 396C84 790C84 4E725D 7FE8ED 4FEE5A 41DF07 44ADDC 7FDDAF 58DBA2 738701 617798 7FD8FB 57069F 52F1FF 44794E 7FDABF 3E2F46 7C77A0 000FFF 02 0E9323,2026-07-22T20:35:18.291+00:00,serial_request_midpoint,355.7003,True,matched,75.96205,75.96205,2026-07-22T20:35:18.368+00:00,35.509216,1784752518285.095,1066,False,,,,,,,,,,,,,,False,,,,,,,,,,,,,,True,0.16390213645312618,-18.836713572725063,0.676891535578594,48.23334005271904,0.34216267796094174,-0.5221865332960101,-2.8105210839143484,39.841660998417694,4.7632231238122795,-23.671129646445443,0.30582355824871243,0.015704722755423894,0.10826271860745135,False,,,,,,,,,,,,,,False,,,,,,,,,,,,,,False,,,,,,,,,,,,,,True,0.10169289027294642,13.94849091942265,13.65487425734635,78.68117996395809,0.29217903224809655,-0.07353841576186004,-2.938798668451511,5.684341886080802e-15,-1.4210854715202005e-15,0.0,0.0,0.0,0.0,True,2,0.16390213645314877,-20.418273300026826,2.2474726554883944,52.76905027364338,2.7648634172873847,0.37117810504457105,0.36573420513123384,40.20246712998492,3.242925520523947,-18.864963027788043,0.1585847081868587,-3.0692820560185097,-0.4247707375632027,True,-15.119181060547742,-27.104579910042894,72.15842742609284,36.98977891991748,34.31038674266465,-1.8337328194964129
2026-07-22T20:35:19.025+00:00,57.800000,95517.700000,1.217942,4095,2,02,80,FFFFFFFF,32,2.93103630,3.04488107,2.20658776,1.34822124,1.10047881,0.49175159,2.20527135,1.19157346,1.04662511,1.49488012,2.20719601,0.88901292,1.00847705,0.95920576,2.20777705,0.63909791,1.98229653,0.97643717,2.20720759,1.00325479,0.76567778,0.81027028,2.20539754,1.17491617,1.81755633,1.35875255,2.20465154,1.13818476,1.05930803,0.80695602,2.20725232,0.70906331,SD 02 80 FFFFFFFF 91F3C0 945617 7FE6AF 60FFCC 5519AA 2E9859 7FDCE8 59AD4E 52462E 674B16 7FEB33 49704B 50370A 4D7B6A 7FEF83 396CC4 790C37 4E728D 7FEB49 4FEDE7 41DF34 44ADD4 7FDDD8 58DBC6 738719 6177EA 7FD84D 57065D 52F2B6 447926 7FEB9E 3E2F35 7CB7A0 000FFF 02 0E9329,2026-07-22T20:35:18.847+00:00,serial_request_midpoint,357.0487,True,matched,58.14745,58.14745,2026-07-22T20:35:18.905+00:00,36.047938,1784752518851.835,1083,False,,,,,,,,,,,,,,False,,,,,,,,,,,,,,True,0.15325342383692753,-18.655001997852462,-0.8625354575689682,48.40517271791718,0.34941203192410825,-0.5234342622407805,-2.8028974539102283,39.952657994691066,6.271375300644315,-23.619739459817417,0.3054230560542603,0.021564675664692275,0.11414109498485686,False,,,,,,,,,,,,,,False,,,,,,,,,,,,,,False,,,,,,,,,,,,,,True,0.06624534861835163,13.970292350531125,13.678318233851957,78.6969350264716,0.29203537337321045,-0.07640288981900455,-2.9384214378575404,0.0,0.0,0.0,0.0,0.0,0.0,True,2,0.15325342383694165,-20.26823893524989,0.7048746201869679,52.93081249637256,2.7611779207358316,0.3801421611509759,0.3731627534596235,40.34688885862763,4.756624798651048,-18.814446948949534,0.16748299125481025,-3.0632195054695037,-0.4232239858375909,True,-14.848413009020746,-28.573865992444855,72.39750584166742,37.009298397879306,35.81293718278382,-1.7869026237207208
2026-07-22T20:35:19.585+00:00,58.900000,95518.800000,1.217942,4095,2,02,80,FFFFFFFF,32,2.93113325,3.04487288,2.20751704,1.34820485,1.10045635,0.49175513,2.20778126,1.19160498,1.04660652,1.49488382,2.20775758,0.88897744,1.00844297,0.95922336,2.20720443,0.63909112,1.98240651,0.97645332,2.20750967,1.00329071,0.76568208,0.81028282,2.20774915,1.17493255,1.81759571,1.35872507,2.20753230,1.13820532,1.05928180,0.80693467,2.20732494,0.70906423,SD 02 80 FFFFFFFF 91F448 94560C 7FED95 60FF9C 55195E 2E986B 7FEF8B 59ADB3 5245ED 674B20 7FEF5E 496FC2 503690 4D7BAB 7FEB43 396CA5 790D1F 4E72C8 7FED87 4FEE68 41DF46 44AE07 7FEF4E 58DBFB 738773 61779A 7FEDB2 5706A1 52F25B 4478CF 7FEC28 3E2F39 7CB7A0 000FFF 02 0E9334,2026-07-22T20:35:19.406+00:00,serial_request_midpoint,359.1293,True,matched,50.14985,50.14985,2026-07-22T20:35:19.456+00:00,36.598207,1784752519385.187,1099,False,,,,,,,,,,,,,,False,,,,,,,,,,,,,,True,0.26912859274490764,-18.231314663367982,-2.8853006419705407,48.46018199538653,0.3338759352813132,-0.5284092650858192,-2.800431795381451,39.91389331469402,8.351661260641022,-23.657336781808585,0.30829606682187877,0.0103697377317661,0.11828870394475298,False,,,,,,,,,,,,,,False,,,,,,,,,,,,,,False,,,,,,,,,,,,,,True,0.09165762793417816,13.962352097040513,13.673802778759626,78.65790746235693,0.2926704748606162,-0.07567498282496184,-2.938454132306012,0.0,1.4210854715202005e-15,1.1368683772161604e-14,0.0,0.0,0.0,True,2,0.26912859274488204,-19.79939639320872,-1.2945966398170583,52.993558530087,2.7587339868788052,0.3843030705542994,0.35777913674645395,40.25668851062203,6.820682598729823,-18.853242889124807,0.17426834955402237,-3.0733475001930195,-0.4291257114846661,True,-14.154834250073602,-30.462593590579807,72.56236500428795,36.65004944597318,37.80802742527375,-1.7550578980107274
2026-07-22T20:35:20.142+00:00,60.100000,95520.000000,1.220384,4095,2,02,80,FFFFFFFF,32,2.93108763,3.04493693,2.20739652,1.34825880,1.10047172,0.49174391,2.20508155,1.19155193,1.04660337,1.49489159,2.20677348,0.88898469,1.00849130,0.95921226,2.20531709,0.63908784,1.98236953,0.97642238,2.20725284,1.00330714,0.76567802,0.81027864,2.20507314,1.17489145,1.81748459,1.35877006,2.20476403,1.13820562,1.05926075,0.80694228,2.20469990,0.70906745,SD 02 80 FFFFFFFF 91F408 945662 7FECB0 61003A 551992 2E9832 7FDB7F 59AD09 5245E2 674B35 7FE810 496FDE 50373D 4D7B82 7FDD3F 396C96 790CD1 4E7257 7FEB9F 4FEEA3 41DF35 44ADF6 7FDB6F 58DB76 738675 61781D 7FD923 5706A2 52F212 4478EE 7FD8A9 3E2F47 7CF7A1 000FFF 02 0E9340,2026-07-22T20:35:19.964+00:00,serial_request_midpoint,354.4662,True,matched,44.1063,44.1063,2026-07-22T20:35:20.007+00:00,37.150166,1784752519951.867,1116,False,,,,,,,,,,,,,,False,,,,,,,,,,,,,,True,0.342441224525844,-18.522608787535034,-4.4879671024120595,48.56297138381585,0.29746672098227717,-0.5232978176586197,-2.8089598478955424,40.47281961615638,9.852072994515662,-23.652850606272118,0.300491652259684,-0.014036553908640234,0.11521730919513919,False,,,,,,,,,,,,,,False,,,,,,,,,,,,,,False,,,,,,,,,,,,,,True,0.07838975506177003,13.96700566050807,13.67340080628602,78.71524294793262,0.2919007433998617,-0.0783498549284233,-2.939175633751437,0.0,0.0,0.0,0.0,0.0,0.0,True,2,0.34244122452577497,-19.964686128185384,-2.891780725263104,53.13608018816833,2.767699072741195,0.37928481545541826,0.32215615671111897,40.69003857023831,8.34994266726692,-18.83235866567037,0.1701405279171932,-3.099293458141296,-0.42056761944417803,True,-14.068451036718287,-32.133699624294465,72.51947270807497,36.88696535253023,39.4706327834133,-2.021332655111428
2026-07-22T20:35:20.697+00:00,60.600000,95520.500000,1.219773,4095,2,02,80,FFFFFFFF,32,2.93104700,3.04496747,2.20467467,1.34823046,1.10049063,0.49176163,2.20511310,1.19159593,1.04659279,1.49491640,2.20491017,0.88899324,1.00842034,0.95921470,2.20488336,0.63910032,1.98242547,0.97645387,2.20489545,1.00330324,0.76568709,0.81029045,2.20480346,1.17492019,1.81755546,1.35873709,2.20434565,1.13819927,1.05930370,0.80694670,2.20713023,0.70906906,SD 02 80 FFFFFFFF 91F3CF 94568B 7FD879 60FFE7 5519D2 2E988C 7FDBBB 59AD96 5245BD 674B78 7FDA39 496FFF 50363F 4D7B8B 7FDA06 396CCF 790D47 4E72CA 7FDA1D 4FEE95 41DF5B 44AE26 7FD96E 58DBD3 738717 6177BD 7FD607 57068D 52F2A7 447900 7FEAB6 3E2F4E 7CE7A1 000FFF 02 0E9345,2026-07-22T20:35:20.520+00:00,serial_request_midpoint,355.9285,True,matched,23.53775,23.53775,2026-07-22T20:35:20.542+00:00,37.685003,1784752520485.205,1132,False,,,,,,,,,,,,,,False,,,,,,,,,,,,,,True,0.3475411433251965,-18.04596819408173,-6.014781746856062,48.582922217219064,0.311463099890823,-0.521652823819706,-2.792716380404115,40.34311423239787,11.392559154667264,-23.784882665411253,0.29874161809418043,-0.0034900859219222933,0.12928233704970388,False,,,,,,,,,,,,,,False,,,,,,,,,,,,,,False,,,,,,,,,,,,,,True,0.10569317089544622,13.981415868728902,13.697596396999833,78.72834859461724,0.29302908055012383,-0.08088120019703371,-2.938562607221279,0.0,-1.4210854715202005e-15,0.0,0.0,0.0,0.0,True,2,0.3475411433251507,-19.550467895673705,-4.4381661571855,53.14269041528487,2.7628227628627133,0.4002524386447467,0.3367999908389326,40.622727161062436,9.905657418454258,-18.962884954218794,0.19164249048538098,-3.0882505177103763,-0.4161151749904933,True,-13.330249113188831,-33.56112285182492,72.6037691724434,36.47762701368073,41.00484889840945,-2.1929789081669355
2026-07-22T20:35:21.255+00:00,61.800000,95521.700000,1.218553,4095,2,02,80,FFFFFFFF,32,2.93094506,3.04496598,2.20492489,1.34820690,1.10045339,0.49177187,2.20727653,1.19152821,1.04664084,1.49488382,2.20486496,0.88901681,1.00848850,0.95923041,2.20718128,0.63909266,1.98241172,0.97647167,2.20743599,1.00329600,0.76569497,0.81029094,2.20770178,1.17494336,1.81764165,1.35869312,2.20526399,1.13819685,1.05926681,0.80694449,2.20744914,0.70904745,SD 02 80 FFFFFFFF 91F340 945689 7FDA55 60FFA2 551954 2E98C0 7FEBCC 59ACBD 524665 674B20 7FD9E3 49705A 503733 4D7BC5 7FEB17 396CAC 790D2A 4E730B 7FECFB 4FEE7B 41DF7C 44AE28 7FEEF4 58DC1E 7387DC 61773D 7FDCDA 570685 52F227 4478F7 7FED14 3E2EF0 7CC7A1 000FFF 02 0E9351,2026-07-22T20:35:21.077+00:00,serial_request_midpoint,357.6579,True,matched,7.52975,7.52975,2026-07-22T20:35:21.083+00:00,38.225951,1784752521018.545,1148,False,,,,,,,,,,,,,,False,,,,,,,,,,,,,,True,0.3437751596603001,-17.596840714311135,-6.760156646074845,48.864651841494684,0.3173909910369925,-0.5224360504327501,-2.7904752959334638,39.9662681441322,12.300219926028344,-23.543044909282095,0.3022756155946934,0.00088182300813802,0.13111220956250547,False,,,,,,,,,,,,,,False,,,,,,,,,,,,,,False,,,,,,,,,,,,,,True,0.08373166731922904,13.973743563546472,13.688385913948082,78.66445517513158,0.29234447421479415,-0.07710717179051162,-2.9389402316976274,-5.684341886080802e-15,0.0,1.1368683772161604e-14,0.0,0.0,0.0,True,2,0.34377515966030947,-19.12287477689152,-5.185121097418392,53.41780521943061,2.7611304390003824,0.4022516070290573,0.34267305638789575,40.27006279866848,10.798368069146449,-18.727147025132968,0.19436881521694557,-3.083044824468279,-0.42092958744566333,True,-12.918281639781219,-34.28777630571289,72.91420997933959,36.119474742716584,41.83254321098549,-1.8385737642681648
2026-07-22T20:35:21.810+00:00,62.300000,95522.200000,1.217332,4095,2,02,80,FFFFFFFF,32,2.93105698,3.04471649,2.20732442,1.34813280,1.10049329,0.49178289,2.20795234,1.19153165,1.04663913,1.49485605,2.20741125,0.88898832,1.00849912,0.95920088,2.20779548,0.63908390,1.98238802,0.97644593,2.20768020,1.00327066,0.76569473,0.81029021,2.20805236,1.17494738,1.81762240,1.35874087,2.20771810,1.13821983,1.05923308,0.80693712,2.20757546,0.70904768,SD 02 80 FFFFFFFF 91F3DD 94553A 7FEC27 60FEC9 5519DB 2E98F8 7FF0D0 59ACC8 52465F 674AD5 7FECCC 496FEC 503759 4D7B58 7FEFA6 396C84 790CF8 4E72AD 7FEECB 4FEE20 41DF7B 44AE25 7FF18E 58DC2B 7387B0 6177C8 7FEF13 5706D1 52F1B2 4478D9 7FEE04 3E2EF1 7CA7A1 000FFF 02 0E9356,2026-07-22T20:35:21.633+00:00,serial_request_midpoint,355.4624,True,matched,92.0974,92.0974,2026-07-22T20:35:21.724+00:00,38.867524,1784752521651.887,1167,False,,,,,,,,,,,,,,False,,,,,,,,,,,,,,True,0.3488644946953293,-17.71744705968763,-7.227804008614572,48.9828376534633,0.3007943310327992,-0.5120559322544387,-2.800733254383977,40.13441399395214,12.807649597211594,-23.454151423909696,0.2971461782790965,-0.009990992311060798,0.12375272438556321,False,,,,,,,,,,,,,,False,,,,,,,,,,,,,,False,,,,,,,,,,,,,,True,0.07472302350074951,13.974161533717057,13.680766621112031,78.70451177930542,0.29044860601037936,-0.07244349546324805,-2.938840139029836,0.0,1.4210854715202005e-15,0.0,0.0,0.0,0.0,True,2,0.34886449469530584,-19.17698286097692,-5.674028838680555,53.565005297209936,2.772286944425251,0.3937184437830725,0.3266009132098481,40.377139546882276,11.324846587462227,-18.628894758240996,0.1832544859973109,-3.0954158591488214,-0.4146532552169822,True,-12.973501125759569,-34.96569759329877,72.77662341393025,36.337010343210444,42.47036858034379,-1.9194623758793115
2026-07-22T20:35:22.367+00:00,63.500000,95523.400000,1.217942,4095,2,02,80,FFFFFFFF,32,2.93101777,3.04499055,2.20740178,1.34815260,1.10046787,0.49177364,2.20749020,1.19152915,1.04659336,1.49488604,2.20522193,0.88899997,1.00847174,0.95920169,2.20481344,0.63908981,1.98240082,0.97644648,2.20440766,1.00328235,0.76567467,0.81028135,2.20691502,1.17492915,1.81756290,1.35876388,2.20510731,1.13819655,1.05922876,0.80694547,2.20471094,0.70905826,SD 02 80 FFFFFFFF 91F3A6 9456AA 7FECBA 60FF03 551985 2E98C9 7FED62 59ACC0 5245BF 674B26 7FDC8A 497019 5036F7 4D7B5B 7FD981 396C9F 790D13 4E72AF 7FD67D 4FEE4A 41DF27 44AE01 7FE91D 58DBF0 738728 61780B 7FDBB0 570684 52F1A3 4478FB 7FD8BE 3E2F1F 7CB7A1 000FFF 02 0E9362,2026-07-22T20:35:22.190+00:00,serial_request_midpoint,356.148,True,matched,80.7237,80.7237,2026-07-22T20:35:22.269+00:00,39.412375,1784752522218.599,1184,False,,,,,,,,,,,,,,False,,,,,,,,,,,,,,True,0.37682082875180634,-17.305932954230883,-8.624249513980242,49.43882171635007,0.2909602610963547,-0.4964899895867792,-2.8077209881440375,39.98629257608451,14.140887364039818,-22.978101210326248,0.28141316765403673,-0.019524641185605353,0.11859887160247702,False,,,,,,,,,,,,,,False,,,,,,,,,,,,,,False,,,,,,,,,,,,,,True,0.022287423077548944,13.96250097390905,13.677987842016467,78.62369233886646,0.2957488491712664,-0.07802621323098226,-2.9371131954128913,0.0,0.0,0.0,0.0,0.0,0.0,True,2,0.3768208287518098,-18.722982844993318,-7.114313250662185,54.04889598190359,2.7851857773460855,0.3901927000787498,0.31765487152023736,40.173089312591614,12.729732080460574,-18.12892907572757,0.17530291536505407,-3.108432201441214,-0.3916192232157255,True,-12.468097781021047,-36.6299365016187,72.8976548714496,36.1836176484456,44.1505400845391,-1.930526224089408
2026-07-22T20:35:22.925+00:00,64.000000,95523.900000,1.216722,4095,2,02,80,FFFFFFFF,32,2.93101563,3.04486916,2.20421584,1.34812699,1.10045339,0.49175395,2.20484446,1.19152384,1.04659393,1.49492787,2.20469412,0.88901240,1.00846057,0.95917650,2.20437087,0.63908171,1.98237807,0.97643005,2.20475457,1.00323696,0.76568996,0.81029808,2.20725705,1.17492606,1.81759483,1.35874499,2.20754072,1.13819202,1.05924605,0.80694547,2.20789865,0.70903596,SD 02 80 FFFFFFFF 91F3A3 945607 7FD510 60FEB8 551954 2E9865 7FD9BC 59ACAF 5245C1 674B97 7FD89E 497049 5036CF 4D7AFE 7FD637 396C7A 790CE3 4E7273 7FD911 4FEDA7 41DF67 44AE45 7FEBA7 58DBE6 738771 6177D4 7FEDC2 570675 52F1DF 4478FB 7FF06A 3E2EBE 7C97A1 000FFF 02 0E9367,2026-07-22T20:35:22.747+00:00,serial_request_midpoint,356.7703,True,matched,83.63535,83.63535,2026-07-22T20:35:22.829+00:00,39.972342,1784752522751.982,1200,False,,,,,,,,,,,,,,False,,,,,,,,,,,,,,True,0.33604161611931305,-17.079862633631173,-10.32138643542572,49.66326447767447,0.2918638754257479,-0.4981497319894912,-2.807982575771816,40.006300549762464,15.991569284111478,-22.842604356013293,0.2849492069115911,-0.01818204024739622,0.1198426667476082,False,,,,,,,,,,,,,,False,,,,,,,,,,,,,,False,,,,,,,,,,,,,,True,0.10338474389251497,13.966720895453989,13.679733857655382,78.6127864333201,0.2945715970379732,-0.07456134052583004,-2.939003629626808,0.0,0.0,0.0,0.0,0.0,0.0,True,2,0.33604161611931904,-18.49990407956998,-8.806281233154262,54.27072166893682,2.7841125851706976,0.38920417752902225,0.3184192081248461,40.20173562684694,14.564011461805112,-17.998576378589327,0.1772546043527546,-3.106306166153369,-0.3969149012624869,True,-12.278577155008453,-38.30793689564181,73.15242496079824,36.18816199248799,45.922990612284835,-1.6867105118803578
2026-07-22T20:35:23.482+00:00,65.200000,95525.100000,1.218553,4095,2,02,80,FFFFFFFF,32,2.93102419,3.04499055,2.20757599,1.34816421,1.10045694,0.49177837,2.20549271,1.19156816,1.04658964,1.49491010,2.20703762,0.88899013,1.00844520,0.95919817,2.20776600,0.63909244,1.98237854,0.97643333,2.20528817,1.00330602,0.76567252,0.81028332,2.20732599,1.17490072,1.81754627,1.35864435,2.20771336,1.13819262,1.05924115,0.80693688,2.20789338,0.70903413,SD 02 80 FFFFFFFF 91F3AF 9456AA 7FEE05 60FF25 551960 2E98E1 7FDE8D 59AD3D 5245B2 674B67 7FEA06 496FF3 503698 4D7B4E 7FEF6E 396CAB 790CE4 4E727F 7FDD08 4FEE9F 41DF1E 44AE09 7FEC2A 58DB94 738702 6176AF 7FEF0A 570677 52F1CE 4478D8 7FF060 3E2EB6 7CC7A2 000FFF 02 0E9373,2026-07-22T20:35:23.304+00:00,serial_request_midpoint,356.8512,True,matched,59.7628,59.7628,2026-07-22T20:35:23.364+00:00,40.505638,1784752523285.353,1216,False,,,,,,,,,,,,,,False,,,,,,,,,,,,,,True,0.3724381598236384,-17.125638513843196,-11.33438452295663,49.87089200810094,0.26580781848600354,-0.4934669895006244,-2.8106220438288045,40.17834047222544,16.917014295564933,-22.963491934333113,0.2777648565475179,-0.03231531696602214,0.119303387371356,False,,,,,,,,,,,,,,False,,,,,,,,,,,,,,False,,,,,,,,,,,,,,True,0.07881798165032108,13.98580416941133,13.702006469309453,78.7337338267013,0.28952012238498304,-0.07869874139880974,-2.9389927518395624,-5.684341886080802e-15,0.0,0.0,0.0,0.0,0.0,True,2,0.3724381598236183,-18.457916191035338,-9.820281595200823,54.50481596075694,2.789978944450427,0.3901662021023154,0.2929484984147432,40.300924521779926,15.519629487344346,-18.10828735238897,-0.1757456353250966,3.103751197047488,0.3853560530994739,True,-11.963237223703414,-39.354146147966425,73.24358071253127,36.13918382898696,46.99143546926352,-2.052862805696486
2026-07-22T20:35:24.038+00:00,65.800000,95525.700000,1.217943,4095,2,02,80,FFFFFFFF,32,2.93095789,3.04485501,2.20737283,1.34814748,1.10048117,0.49176793,2.20572882,1.19149170,1.04654817,1.49491899,2.20722864,0.88897174,1.00844464,0.95920630,2.20505316,0.63909703,1.98236527,0.97645031,2.20428048,1.00325952,0.76566751,0.81026044,2.20448598,1.17489207,1.81762240,1.35868488,2.20699973,1.13818506,1.05921377,0.80692239,2.20748178,0.70902631,SD 02 80 FFFFFFFF 91F352 9455F4 7FEC83 60FEF4 5519B2 2E98AC 7FE04E 59AC48 524521 674B7F 7FEB71 496FAC 503696 4D7B6C 7FDB49 396CC0 790CC8 4E72BD 7FD58B 4FEDF8 41DF09 44ADAC 7FD712 58DB78 7387B0 617725 7FE9BE 57065E 52F16F 44789D 7FED52 3E2E94 7CB7A2 000FFF 02 0E9379,2026-07-22T20:35:23.860+00:00,serial_request_midpoint,356.2642,True,matched,45.1925,45.1925,2026-07-22T20:35:23.905+00:00,41.0478,1784752523852.05,1233,False,,,,,,,,,,,,,,False,,,,,,,,,,,,,,True,0.32471635644220864,-16.54014279275443,-11.184451755700586,49.87362085890557,0.26574333207274675,-0.49711898652011166,-2.7917257048315096,39.6513527039392,16.868694977010154,-22.893350263786864,0.28044839379502506,-0.03387800442469373,0.13753527127484055,False,,,,,,,,,,,,,,False,,,,,,,,,,,,,,False,,,,,,,,,,,,,,True,0.09564773339770369,13.99100476912913,13.708739777834305,78.66713005124373,0.29349521422749736,-0.07814714848397031,-2.9379980801101926,0.0,-1.4210854715202005e-15,0.0,0.0,0.0,0.0,True,2,0.3247163564422448,-17.892963761552867,-9.665007015006962,54.4998381352759,2.782115727471097,0.41520050091175603,0.2934602093552511,39.77998520097644,15.46099544255351,-18.041282778350773,-0.2040365276132531,3.0997349059616384,0.3889125642846798,True,-10.861159919394312,-38.96397363864193,73.41268044532217,34.995048027865494,46.81139027636282,-1.922088172360327
2026-07-22T20:35:24.596+00:00,66.900000,95526.800000,1.219774,4095,2,02,80,FFFFFFFF,32,2.93124232,3.04487288,2.20750704,1.34810480,1.10047497,0.49178821,2.20776284,1.19151947,1.04656876,1.49484532,2.20775705,0.88897899,1.00844269,0.95918517,2.20751914,0.63907208,1.98240651,0.97644210,2.20773073,1.00329210,0.76565987,0.81024986,2.20789917,1.17487414,1.81756246,1.35867320,2.20765915,1.13815332,1.05917716,0.80692902,2.20790075,0.70902677,SD 02 80 FFFFFFFF 91F4E1 94560C 7FED82 60FE77 55199D 2E9913 7FEF68 59ACA1 524569 674AB8 7FEF5D 496FC8 50368F 4D7B1E 7FED99 396C4E 790D1F 4E729F 7FEF2B 4FEE6D 41DEE9 44AD81 7FF06B 58DB3E 738727 617703 7FEEA3 5705F5 52F0F0 4478B8 7FF06E 3E2E96 7CE7A2 000FFF 02 0E9384,2026-07-22T20:35:24.418+00:00,serial_request_midpoint,357.6575,True,matched,33.45545,33.45545,2026-07-22T20:35:24.451+00:00,41.593579,1784752524385.357,1249,False,,,,,,,,,,,,,,False,,,,,,,,,,,,,,True,0.36647373860361365,-15.719712920845165,-11.18737765454819,50.028207502676125,0.26470622089533985,-0.5045572135130875,-2.7670332660436303,38.74775821167219,17.022715953109685,-23.15943160290027,0.2841554917146435,-0.02865538684410571,0.16146617114197734,False,,,,,,,,,,,,,,False,,,,,,,,,,,,,,False,,,,,,,,,,,,,,True,0.12239659200165033,13.99947980540781,13.727772204943332,78.72534652730351,0.2877553518484957,-0.08164216062296384,-2.9394535212195847,-5.684341886080802e-15,0.0,0.0,0.0,0.0,0.0,True,2,0.3664737386036182,-17.097347171092334,-9.651709804895267,54.64172792263232,2.769815824802237,0.44698456171748885,0.29299957617359923,38.92078274101745,15.603691209773242,-18.3120453146715,-0.24181849803375263,3.1011864488297616,0.3947013330430957,True,-9.383601291035385,-38.59587208344027,73.83299961638168,33.40527463616379,46.778254895114486,-2.0856142805209172
2026-07-22T20:35:25.154+00:00,68.100000,95528.000000,1.217943,4095,2,02,80,FFFFFFFF,32,2.93103274,3.04480511,2.20759125,1.34813758,1.10042738,0.49177896,2.20771652,1.19147766,1.04657877,1.49488715,2.20761862,0.88894946,1.00845191,0.95919709,2.20772178,0.63908543,1.98237143,0.97641800,2.20781443,1.00327873,0.76566942,0.81030251,2.20802920,1.17490845,1.81757121,1.35868866,2.20762967,1.13814243,1.05913277,0.80692239,2.20823241,0.70901574,SD 02 80 FFFFFFFF 91F3BB 9455B1 7FEE22 60FED7 5518FC 2E98E4 7FEF10 59AC1B 52458C 674B29 7FEE56 496F56 5036B0 4D7B4A 7FEF1A 396C8B 790CD5 4E7247 7FEFCA 4FEE3D 41DF11 44AE57 7FF162 58DBAD 73873B 617730 7FEE6B 5705D1 52F056 44789D 7FF2E4 3E2E66 7CB7A2 000FFF 02 0E9390,2026-07-22T20:35:24.976+00:00,serial_request_midpoint,357.1043,True,matched,33.30575,33.30575,2026-07-22T20:35:25.008+00:00,42.15098,1784752524952.0,1266,False,,,,,,,,,,,,,,False,,,,,,,,,,,,,,True,0.3336660956335575,-15.897886729313294,-10.667640574847322,49.829203378463475,0.25871489808003933,-0.5108967573961288,-2.769283690490602,38.940581303738405,16.58117497404935,-23.12381661207878,0.2918308836561288,-0.03692827966787014,0.16002244307836902,False,,,,,,,,,,,,,,False,,,,,,,,,,,,,,False,,,,,,,,,,,,,,True,0.12251640162754836,14.007232412393682,13.740903035223209,78.74151872085257,0.2920000336081768,-0.07538695545313001,-2.939079292844396,0.0,1.4210854715202005e-15,0.0,0.0,0.0,0.0,True,2,0.3336660956335471,-17.25551795023978,-9.106293674734408,54.440033682754475,2.76686363558352,0.4425132990197698,0.28657270526973444,39.07470226398404,15.121468342796856,-18.28728987399544,-0.23885728091506409,3.0917253726093867,0.40565497574374404,True,-9.593657729001368,-37.994556622989094,73.73603006840008,33.514744560200405,46.173394542698915,-1.8423494867480144
2026-07-22T20:35:25.710+00:00,68.600000,95528.500000,1.220994,4095,2,02,80,FFFFFFFF,32,2.93113824,3.04481032,2.20760493,1.34812085,1.10041319,0.49175986,2.20791233,1.19148827,1.04654102,1.49485309,2.20767968,0.88894791,1.00847733,0.95917081,2.20796234,0.63908521,1.98233161,0.97641773,2.20772547,1.00328375,0.76567396,0.81026167,2.20548745,1.17490752,1.81761365,1.35866633,2.20473459,1.13813971,1.05914315,0.80693688,2.20723285,0.70901689,SD 02 80 FFFFFFFF 91F44F 9455B8 7FEE3C 60FEA6 5518CC 2E9883 7FF084 59AC3D 524508 674ACD 7FEECA 496F50 50370B 4D7AE9 7FF0E3 396C8A 790C81 4E7246 7FEF21 4FEE4F 41DF24 44ADB1 7FDE83 58DBAA 73879C 6176EF 7FD8EB 5705C8 52F07A 4478D8 7FEB79 3E2E6B 7D07A2 000FFF 02 0E9395,2026-07-22T20:35:25.533+00:00,serial_request_midpoint,355.3616,True,matched,9.8364,9.8364,2026-07-22T20:35:25.542+00:00,42.685279,1784752525485.313,1282,False,,,,,,,,,,,,,,False,,,,,,,,,,,,,,True,0.3703753260807406,-15.985875430553415,-9.876909446894059,49.58518177495274,0.2552555552560262,-0.5192203075132764,-2.767309209088311,38.87883707903325,15.783740631910783,-23.35552913729689,0.2989438723207769,-0.03801787517265667,0.1606563711263093,False,,,,,,,,,,,,,,False,,,,,,,,,,,,,,False,,,,,,,,,,,,,,True,0.0940370880722235,14.004786268237709,13.740123760761241,78.72222238606724,0.2889052458043731,-0.0737561042227207,-2.9388010329148866,0.0,1.4210854715202005e-15,0.0,0.0,0.0,0.0,True,2,0.37037532608070795,-17.33679080224764,-8.286359701706761,54.1879963041128,2.761110471625473,0.4428771160293307,0.2827219697847684,39.010973294244934,14.289515617882241,-18.529500329744756,-0.23983026958806447,3.0891263954496035,0.41651891847543293,True,-9.650340012465412,-37.0531443861894,73.65493977002495,33.42063221098199,45.21922032602006,-1.8659842550284567
2026-07-22T20:35:26.265+00:00,69.800000,95529.700000,1.221605,4095,2,02,80,FFFFFFFF,32,2.93105412,3.04489522,2.20730442,1.34810651,1.10053083,0.49179156,2.20774547,1.19144708,1.04656848,1.49487086,2.20722548,0.88895956,1.00845163,0.95915998,2.20749178,0.63908850,1.98244254,0.97640595,2.20744336,1.00329377,0.76567897,0.81028775,2.20769810,1.17496129,1.81746796,1.35868453,2.20781337,1.13809527,1.05914978,0.80692509,2.20545801,0.70902631,SD 02 80 FFFFFFFF 91F3D9 94562A 7FEC01 60FE7C 551A5A 2E9924 7FEF47 59ABB9 524568 674AFD 7FEB6B 496F7D 5036AF 4D7AC1 7FED65 396C99 790D6B 4E721B 7FED09 4FEE73 41DF39 44AE1B 7FEEED 58DC58 73864F 617724 7FEFC8 570535 52F091 4478A8 7FDE4B 3E2E94 7D17A2 000FFF 02 0E93A1,2026-07-22T20:35:26.089+00:00,serial_request_midpoint,354.2075,True,matched,79.47275,79.47275,2026-07-22T20:35:26.169+00:00,43.310635,1784752526085.28,1300,False,,,,,,,,,,,,,,False,,,,,,,,,,,,,,True,0.3802867344438048,-16.19079000923927,-8.793038960830122,49.34623687349489,0.25118552000280575,-0.5249396840962574,-2.765984034197181,38.87907665470647,14.592799994078348,-23.614550484853407,0.29819085010777774,-0.03976174475510413,0.16274088797885708,False,,,,,,,,,,,,,,False,,,,,,,,,,,,,,False,,,,,,,,,,,,,,True,0.14035824937821345,14.004976098505068,13.735463610415,78.72074433924155,0.2884616720803052,-0.08055514650681153,-2.9401491593503457,0.0,0.0,1.1368683772161604e-14,0.0,0.0,0.0,True,2,0.38028673444377836,-17.531538927807098,-7.181398187058738,53.94468539897899,2.757288008694121,0.4432440089140262,0.2784043644136259,39.003826599676664,13.10184425029495,-18.787314121346913,-0.2428790584516704,3.087289900784547,0.41508503597735885,True,-9.80903808358272,-35.861358151204904,73.52513973226951,33.323909202735926,44.03202624160925,-2.1550053495541306
2026-07-22T20:35:26.823+00:00,70.300000,95530.200000,1.217332,4095,2,02,80,FFFFFFFF,32,2.93089018,3.04492799,2.20706866,1.34808158,1.10049418,0.49177147,2.20782811,1.19149295,1.04652586,1.49487567,2.20773547,0.88894480,1.00845274,0.95919844,2.20737073,0.63907864,1.98233540,0.97640814,2.20721338,1.00330630,0.76565007,0.81026240,2.20770862,1.17494893,1.81750340,1.35865980,2.20760072,1.13808106,1.05911259,0.80693737,2.20513045,0.70903642,SD 02 80 FFFFFFFF 91F2F3 945656 7FEA41 60FE33 5519DE 2E98BE 7FEFE4 59AC4C 5244D3 674B0A 7FEF34 496F44 5036B3 4D7B4F 7FEC7F 396C6C 790C89 4E7223 7FEB54 4FEEA0 41DEC0 44ADB4 7FEF01 58DC30 7386A0 6176DC 7FEE34 570506 52F010 4478DA 7FDBDC 3E2EC0 7CA7A2 000FFF 02 0E93A6,2026-07-22T20:35:26.645+00:00,serial_request_midpoint,356.8197,True,matched,53.28005,53.28005,2026-07-22T20:35:26.698+00:00,43.840511,1784752526618.577,1316,False,,,,,,,,,,,,,,False,,,,,,,,,,,,,,True,0.4166491874069142,-16.479703385499942,-7.643322054734865,49.14524501244477,0.2570123918179335,-0.5307942201784939,-2.764803141718496,39.032246028509874,13.462651421710337,-23.6062687794281,0.30512687802391525,-0.03822918149997903,0.16304513380196367,False,,,,,,,,,,,,,,False,,,,,,,,,,,,,,False,,,,,,,,,,,,,,True,0.1430967310414693,14.01148083947416,13.736594990470696,78.7290576591951,0.291068917381387,-0.07644256816878929,-2.939778369068839,0.0,-1.4210854715202005e-15,0.0,0.0,0.0,0.0,True,2,0.4166491874068986,-17.842339532852378,-6.016085947948384,53.73175222540685,2.752710674878603,0.44226343324186457,0.28386852497824866,39.167734457609996,11.939125542740038,-18.78950276751283,-0.24359773155037995,3.087313302737529,0.42599977060632477,True,-10.209392738939455,-34.62777975875194,73.44673168900935,33.4992075265062,42.751826547563525,-1.936711486812476
2026-07-22T20:35:27.381+00:00,71.500000,95531.400000,1.218553,4095,2,02,80,FFFFFFFF,32,2.93102918,3.04499726,2.20456482,1.34815568,1.10048768,0.49177305,2.20740862,1.19149326,1.04652843,1.49488123,2.20762546,0.88896371,1.00845777,0.95920467,2.20792392,0.63907339,1.98234915,0.97641909,2.20764809,1.00328375,0.76566799,0.81028159,2.20771757,1.17489639,1.81754802,1.35864572,2.20748230,1.13807803,1.05913709,0.80693638,2.20800393,0.70902378,SD 02 80 FFFFFFFF 91F3B6 9456B3 7FD7A8 60FF0C 5519C8 2E98C6 7FECC7 59AC4D 5244DC 674B19 7FEE63 496F8D 5036C5 4D7B66 7FF09A 396C54 790CA6 4E724B 7FEE8E 4FEE4F 41DF0B 44AE02 7FEF12 58DB86 738706 6176B3 7FED53 5704FC 52F065 4478D6 7FF132 3E2E89 7CC7A2 000FFF 02 0E93B2,2026-07-22T20:35:27.203+00:00,serial_request_midpoint,356.0754,True,matched,35.3696,35.3696,2026-07-22T20:35:27.237+00:00,44.380179,1784752527185.226,1333,False,,,,,,,,,,,,,,False,,,,,,,,,,,,,,True,0.3430374365047787,-16.513849730740215,-6.006562533165112,48.80501686408826,0.2544527957900626,-0.5374532363880519,-2.761636789479703,38.78925389675656,11.79856978004749,-24.002827362657705,0.30876497283925186,-0.03842059464329319,0.16533141238665502,False,,,,,,,,,,,,,,False,,,,,,,,,,,,,,False,,,,,,,,,,,,,,True,0.0950779290193547,14.011502428101588,13.74300897451071,78.77342504612447,0.2886544300999122,-0.07827228299370718,-2.939969065343709,0.0,0.0,0.0,0.0,0.0,0.0,True,2,0.3430374365046941,-17.873524070944576,-4.356688034119824,53.3843095874088,2.7475908502480846,0.44462703060903697,0.2810647744285408,38.927100138593616,10.257969777229821,-19.191562241632244,-0.24717196296683697,3.0860453552476956,0.4315445279713755,True,-10.177951316920822,-32.851696705520325,73.24341217379185,33.18295184150267,40.99634782820534,-2.2290096663715757
2026-07-22T20:35:27.936+00:00,72.100000,95532.000000,1.219163,4095,2,02,80,FFFFFFFF,32,2.93115107,3.04496970,2.20742862,1.34813963,1.10044216,0.49179333,2.20743967,1.19144521,1.04652071,1.49490492,2.20739073,0.88896656,1.00845638,0.95916350,2.20733705,0.63907689,1.98239087,0.97640376,2.20763125,1.00333610,0.76566751,0.81027864,2.20782022,1.17491030,1.81750602,1.35871270,2.20763651,1.13808589,1.05913306,0.80692878,2.20508418,0.70902585,SD 02 80 FFFFFFFF 91F461 94568E 7FECED 60FEDD 55192E 2E992D 7FED02 59ABB3 5244C1 674B59 7FECA5 496F98 5036C0 4D7ACE 7FEC3F 396C64 790CFE 4E7213 7FEE6E 4FEF0B 41DF09 44ADF6 7FEFD5 58DBB3 7386A6 617776 7FEE78 570516 52F057 4478B7 7FDB84 3E2E92 7CD7A2 000FFF 02 0E93B8,2026-07-22T20:35:27.760+00:00,serial_request_midpoint,354.6019,True,matched,18.53045,18.53045,2026-07-22T20:35:27.777+00:00,44.920327,1784752527718.546,1349,False,,,,,,,,,,,,,,False,,,,,,,,,,,,,,True,0.33170270833656273,-16.66311686241479,-4.538261683597665,48.199849610075034,0.2400401851463476,-0.5335092401669635,-2.7682068464825718,38.781871080242254,10.374036727116762,-24.375448097776292,0.30889586618709236,-0.05045821293376695,0.16085359207289202,False,,,,,,,,,,,,,,False,,,,,,,,,,,,,,False,,,,,,,,,,,,,,True,0.12042164637817376,14.00106660301211,13.723573697656088,78.72901359099846,0.29018995603057934,-0.07205917638589229,-2.9395361273378984,0.0,0.0,0.0,0.0,0.0,0.0,True,2,0.3317027083365136,-17.967542685671894,-2.8906078526620265,52.79598194458256,2.753234086363791,0.4385255450478787,0.2668120377090668,38.85672881873307,8.82704805266448,-19.564840581943507,-0.2390394754543961,3.074800792970332,0.43030718233420084,True,-10.255166055521718,-31.478754426015513,72.51420795371732,33.11599337372114,39.581009746716845,-2.6294010717539096
2026-07-22T20:35:28.496+00:00,73.200000,95533.100000,1.217332,4095,2,02,80,FFFFFFFF,32,2.93124375,3.04503301,2.20457323,1.34821577,1.10047438,0.49177305,2.20462369,1.19146892,1.04660480,1.49488826,2.20466363,0.88897614,1.00844045,0.95917921,2.20717128,0.63908083,1.98235958,0.97643251,2.20743599,1.00332301,0.76565963,0.81029144,2.20507367,1.17493749,1.81750296,1.35865259,2.20429625,1.13809073,1.05916505,0.80694522,2.20440293,0.70900517,SD 02 80 FFFFFFFF 91F4E3 9456E3 7FD7B8 60FFBC 55199B 2E98C6 7FD818 59ABFF 5245E7 674B2C 7FD864 496FBD 503687 4D7B08 7FEB04 396C76 790CBC 4E727C 7FECFB 4FEEDC 41DEE8 44AE2A 7FDB70 58DC0B 73869F 6176C7 7FD5A9 570526 52F0C6 4478FA 7FD674 3E2E38 7CA7A3 000FFF 02 0E93C3,2026-07-22T20:35:28.317+00:00,serial_request_midpoint,359.2434,True,matched,12.8159,12.8159,2026-07-22T20:35:28.328+00:00,45.471728,1784752528251.878,1365,False,,,,,,,,,,,,,,False,,,,,,,,,,,,,,True,0.28068791864835474,-17.0043383061631,-2.9315500232127283,47.91120252560059,0.22871265147673173,-0.5474485864399973,-2.7721636369029503,38.89974446995153,8.496021075212553,-24.458942132713815,0.312006192158317,-0.06145147156989161,0.15513972601928927,False,,,,,,,,,,,,,,False,,,,,,,,,,,,,,False,,,,,,,,,,,,,,True,0.08509473423820225,13.98680182856828,13.70658251277049,78.67374668329214,0.29382693219504863,-0.08030025331089526,-2.937613325949715,0.0,1.4210854715202005e-15,-1.1368683772161604e-14,0.0,0.0,0.0,True,2,0.28068791864833825,-18.27119345760239,-1.229668579363965,52.49807510566467,2.7462420446716633,0.429566807446289,0.2547533475917733,38.91701750700238,6.928996026993561,-19.65427183915215,-0.22920319685671786,3.064081792318356,0.43381568733088227,True,-10.668026266029518,-29.683872893240412,72.4510553405397,33.23322315026906,37.65441783192982,-2.647971496300886
2026-07-22T20:35:29.053+00:00,73.800000,95533.700000,1.218553,4095,2,02,80,FFFFFFFF,32,2.93127511,3.04506652,2.20432568,1.34825641,1.10051132,0.49176517,2.20444445,1.19148047,1.04656247,1.49487271,2.20705709,0.88899324,1.00845666,0.95919898,2.20761178,0.63909134,1.98240841,0.97641882,2.20740967,1.00324866,0.76566202,0.81030251,2.20730231,1.17491741,1.81753490,1.35875564,2.20754335,1.13806957,1.05914833,0.80690251,2.20792339,0.70902539,SD 02 80 FFFFFFFF 91F50F 945710 7FD5E1 610033 551A18 2E989E 7FD6C3 59AC24 524553 674B02 7FEA2B 496FFF 5036C1 4D7B51 7FEE49 396CA6 790D23 4E724A 7FECC9 4FEDD1 41DEF2 44AE57 7FEBFD 58DBCA 7386E8 6177F3 7FEDC7 5704E0 52F08C 44784C 7FF099 3E2E90 7CC7A3 000FFF 02 0E93C9,2026-07-22T20:35:28.875+00:00,serial_request_midpoint,356.2411,True,matched,85.85795,85.85795,2026-07-22T20:35:28.961+00:00,46.102668,1784752528885.214,1384,False,,,,,,,,,,,,,,False,,,,,,,,,,,,,,True,0.15721508539299905,-17.336153830347477,-1.6545258943251735,47.663181593143015,0.2074011223891443,-0.5462330751209526,-2.7836951127283713,39.04822405660959,7.259363373834281,-24.495684397055307,0.31085700056211296,-0.07862142643237598,0.14760542934897883,False,,,,,,,,,,,,,,False,,,,,,,,,,,,,,False,,,,,,,,,,,,,,True,0.10856149568484046,13.98379705058168,13.703782949235343,78.65808018840681,0.29644970623088074,-0.07784646807521682,-2.938804339652996,0.0,0.0,0.0,0.0,0.0,0.0,True,2,0.15721508539296689,-18.52026862542611,0.058815603431410624,52.267859227204724,2.751933570157672,0.41620527189512,0.23350891685665315,38.974102761618646,5.690671766532126,-19.692098681748906,-0.21601930065070848,3.048386626598408,0.43003604102752735,True,-10.997335331838242,-28.50290365036195,72.09725615852528,33.33300243777306,36.46622859060566,-2.7624086657835165
2026-07-22T20:35:29.608+00:00,74.900000,95534.800000,1.216722,4095,2,02,80,FFFFFFFF,32,2.93122379,3.04508142,2.20773968,1.34830353,1.10043832,0.49174785,2.20799235,1.19145238,1.04653730,1.49488271,2.20540280,0.88895594,1.00844269,0.95919330,2.20502477,0.63908674,1.98234915,0.97641444,2.20712392,1.00327678,0.76565222,0.81028627,2.20525663,1.17498107,1.81760052,1.35874980,2.20709971,1.13805355,1.05913479,0.80691773,2.20787180,0.70902103,SD 02 80 FFFFFFFF 91F4C7 945724 7FEF3C 6100BD 551921 2E9846 7FF11C 59ABCA 5244FB 674B1D 7FDDE2 496F6F 50368F 4D7B3C 7FDB13 396C91 790CA6 4E723A 7FEAAA 4FEE36 41DEC9 44AE15 7FDCCC 58DC98 73877E 6177E2 7FEA7C 5704AB 52F05D 44788A 7FF037 3E2E7D 7C97A3 000FFF 02 0E93D4,2026-07-22T20:35:29.431+00:00,serial_request_midpoint,356.0612,True,matched,66.3468,66.3468,2026-07-22T20:35:29.496+00:00,46.63956,1784752529418.56,1400,False,,,,,,,,,,,,,,False,,,,,,,,,,,,,,True,0.18885478815639015,-17.483184707861746,-0.4075162594078914,47.1803488685147,0.20583916570948024,-0.5327506397077546,-2.7949723101589665,38.95259834536837,6.05341178558132,-25.08119810923793,0.30479692296051764,-0.0756625416038635,0.1369981413750682,False,,,,,,,,,,,,,,False,,,,,,,,,,,,,,False,,,,,,,,,,,,,,True,0.07804173731614514,13.986266369180154,13.710792616840601,78.69799811589289,0.28969154888383664,-0.07352677513020563,-2.9391213570412384,5.684341886080802e-15,-1.4210854715202005e-15,0.0,0.0,0.0,0.0,True,2,0.1888547881563964,-18.64650465143269,1.2648405577516573,51.80534967832805,2.764128942520605,0.4053640969385547,0.23230832889808115,38.882414452211826,4.5139540091850545,-20.26810481265428,-0.19993152150429183,3.0537949197832077,0.42140456382900515,True,-11.323882437601274,-27.571501064202785,71.30960358632436,33.627555541421486,35.44525701153397,-3.4987199957709434
2026-07-22T20:35:30.166+00:00,76.100000,95536.000000,1.219774,4095,2,02,80,FFFFFFFF,32,2.93137706,3.04507621,2.20736020,1.34826221,1.10044482,0.49177462,2.20758704,1.19143834,1.04657277,1.49483495,2.20783759,0.88896449,1.00843291,0.95918273,2.20549587,0.63906901,1.98241267,0.97638048,2.20440083,1.00329934,0.76564769,0.81026585,2.20668509,1.17494275,1.81748240,1.35878518,2.20736915,1.13807985,1.05915323,0.80690963,2.20502530,0.70902034,SD 02 80 FFFFFFFF 91F59E 94571D 7FEC6B 610044 551937 2E98CE 7FEE1A 59AB9D 524577 674A9C 7FEFF6 496F90 50366C 4D7B15 7FDE93 396C40 790D2C 4E71BE 7FD670 4FEE87 41DEB6 44ADC2 7FE768 58DC1C 738670 617849 7FEC7C 570502 52F09D 447869 7FDB14 3E2E7A 7CE7A3 000FFF 02 0E93E0,2026-07-22T20:35:29.989+00:00,serial_request_midpoint,355.8053,True,matched,55.84165,55.84165,2026-07-22T20:35:30.043+00:00,47.186025,1784752529985.266,1417,False,,,,,,,,,,,,,,False,,,,,,,,,,,,,,True,0.1710826515853686,-17.89547302235775,0.6587561037615275,46.83926756411249,0.18500048949115686,-0.5329998931562889,-2.807340145966132,39.28908989388317,4.70741081394301,-25.106126980456526,0.29832556147450584,-0.09460077053795926,0.12524759178038503,False,,,,,,,,,,,,,,False,,,,,,,,,,,,,,False,,,,,,,,,,,,,,True,0.055158846533750416,13.9749679509923,13.699316099558013,78.62493572414824,0.2956912127016601,-0.08029566986862693,-2.9367530261520587,-5.684341886080802e-15,0.0,0.0,0.0,0.0,0.0,True,2,0.1710826515853603,-18.977221988388486,2.3459665424859883,51.478649328895266,2.7688050465001095,0.3899794767459483,0.2115192034225011,39.11359941520815,3.192468605553455,-20.287945140116495,-0.18029419845822828,3.0377252113515105,0.4094842492842541,True,-11.793058590037152,-26.588190191192524,70.88930838800152,34.02691282748178,34.27815929631418,-3.7538358938116176
2026-07-22T20:35:30.722+00:00,76.600000,95536.500000,1.220994,4095,2,02,80,FFFFFFFF,32,2.93157740,3.04509036,2.20705867,1.34828168,1.10044955,0.49177364,2.20788128,1.19143959,1.04656590,1.49484939,2.20713918,0.88898702,1.00843067,0.95918219,2.20514727,0.63908893,1.98244254,0.97643936,2.20428468,1.00332635,0.76566202,0.81030251,2.20447021,1.17501444,1.81755502,1.35888067,2.20448598,1.13813336,1.05924720,0.80690963,2.20503056,0.70904631,SD 02 80 FFFFFFFF 91F6B7 945730 7FEA2E 61007D 551947 2E98C9 7FF049 59ABA1 52455F 674AC3 7FEAC7 496FE7 503664 4D7B13 7FDBFC 396C9B 790D6B 4E7295 7FD593 4FEEE8 41DEF2 44AE57 7FD6F4 58DD04 738716 61795F 7FD712 5705B3 52F1E3 447869 7FDB1E 3E2EEB 7D07A3 000FFF 02 0E93E5,2026-07-22T20:35:30.544+00:00,serial_request_midpoint,356.1944,True,matched,36.1474,36.1474,2026-07-22T20:35:30.579+00:00,47.722768,1784752530518.668,1433,False,,,,,,,,,,,,,,False,,,,,,,,,,,,,,True,0.12454310190581522,-17.917471632637394,1.6877477268143946,46.467667930599404,0.1777484430904422,-0.5386650280530826,-2.8040193180548734,39.08051178753781,3.942474553135382,-25.74277342013549,0.30749738891233047,-0.09421435915883432,0.13084085787816865,False,,,,,,,,,,,,,,False,,,,,,,,,,,,,,False,,,,,,,,,,,,,,True,0.13513042796883487,13.99562762625491,13.721961108859125,78.75159108913049,0.2873970094858808,-0.07304826212734766,-2.940810559070034,0.0,-1.4210854715202005e-15,0.0,0.0,0.0,0.0,True,2,0.12454310190583723,-18.980286705042055,3.396924190864292,51.10338394461947,2.7645767669689714,0.3932354508933782,0.2042379582704867,38.914635619091875,2.383767931447096,-20.938229551017265,-0.18899462481617557,3.0356510770689997,0.423350129340327,True,-11.66281542854436,-25.42745666221424,70.62724107599747,33.641705547423186,33.290073639034595,-4.128476706296885
2026-07-22T20:35:31.279+00:00,77.800000,95537.700000,1.219774,4095,2,02,80,FFFFFFFF,32,2.93187616,3.04567585,2.20674139,1.34855284,1.10048738,0.49176951,2.20503897,1.19145519,1.04664542,1.49487678,2.20723074,0.88901966,1.00848515,0.95921632,2.20790918,0.63909069,1.98245486,0.97648701,2.20526872,1.00341742,0.76570882,0.81032637,2.20500532,1.17506852,1.81761321,1.35898373,2.20453381,1.13819111,1.05933282,0.80691969,2.20691765,0.70906653,SD 02 80 FFFFFFFF 91F85A 945A42 7FE7D3 610397 5519C7 2E98B4 7FDB2E 59ABD3 524675 674B0D 7FEB75 497065 503727 4D7B91 7FF07E 396CA3 790D85 4E7343 7FDCE3 4FF02F 41DFB6 44AEB8 7FDAEE 58DDB3 73879B 617A8B 7FD76D 570672 52F30C 447892 7FE922 3E2F43 7CE7A3 000FFF 02 0E93F1,2026-07-22T20:35:31.101+00:00,serial_request_midpoint,355.9243,True,matched,28.04685,28.04685,2026-07-22T20:35:31.128+00:00,48.271409,1784752531052.012,1449,False,,,,,,,,,,,,,,False,,,,,,,,,,,,,,True,0.12871876248717434,-18.102947922328735,2.7463653460358377,46.65102350259956,0.17247814941804532,-0.5557535827848875,-2.8060796006962687,39.083738308697264,2.7606259047453117,-25.277979280171905,0.31685466229947806,-0.1026016579148613,0.1263030826966111,False,,,,,,,,,,,,,,False,,,,,,,,,,,,,,False,,,,,,,,,,,,,,True,0.10910516645590876,13.983634739598575,13.702517794363843,78.65961342258485,0.29246580518572096,-0.07550018976833245,-2.9387030267852765,0.0,-1.4210854715202005e-15,0.0,0.0,0.0,0.0,True,2,0.12871876248720243,-19.15012152093788,4.51475078882252,51.26805322010629,2.754434285658061,0.38517024097988467,0.19835966601927177,38.87617470726349,1.1545317845609753,-20.49069382172123,-0.18153910457541061,3.025900056090961,0.43659813655045865,True,-11.98282836468633,-24.128078161362872,71.11218518083764,33.64599327419813,31.917346138797903,-3.4066143933141917
2026-07-22T20:35:31.835+00:00,78.400000,95538.300000,1.216112,4095,2,02,80,FFFFFFFF,32,2.93207226,3.04568106,2.20720969,1.34869731,1.10050748,0.49175336,2.20763704,1.19149607,1.04671550,1.49486272,2.20529396,0.88900386,1.00847481,0.95923745,2.20508050,0.63909003,1.98255821,0.97650097,2.20470253,1.00338901,0.76570261,0.81032145,2.20682610,1.17505122,1.81751696,1.35898442,2.20751862,1.13817508,1.05931956,0.80693246,2.20554056,0.70905780,SD 02 80 FFFFFFFF 91F96D 945A49 7FEB4D 61053E 551A0B 2E9862 7FEE79 59AC56 52476A 674AE7 7FDD13 497028 503702 4D7BDF 7FDB7D 396CA0 790E5F 4E7376 7FD8AE 4FEFC9 41DF9C 44AEA4 7FE874 58DD7B 7386BF 617A8D 7FED98 57063D 52F2DE 4478C6 7FDEE8 3E2F1D 7C87A3 000FFF 02 0E93F7,2026-07-22T20:35:31.658+00:00,serial_request_midpoint,355.4154,True,matched,21.8365,21.8365,2026-07-22T20:35:31.679+00:00,48.821772,1784752531618.647,1466,False,,,,,,,,,,,,,,False,,,,,,,,,,,,,,True,0.14579919349708093,-18.250115250399848,3.9963804691603535,46.82678617245732,0.1822443620966433,-0.569732059546392,-2.803517691276872,38.94016675740373,1.5850499055174219,-25.15721859862821,0.3289374753022828,-0.0952095332005622,0.12653230884851546,False,,,,,,,,,,,,,,False,,,,,,,,,,,,,,False,,,,,,,,,,,,,,True,0.10373879625313544,13.991691702595272,13.719908083026386,78.7274681881249,0.2900960647214131,-0.07330510957737076,-2.9392365187574745,0.0,0.0,1.1368683772161604e-14,0.0,0.0,0.0,True,2,0.14579919349710468,-19.335105243354448,5.804762008683818,51.419527833528946,2.7441740190156514,0.3833032450964157,0.2073779261624435,38.773722751277674,-0.07648196714656379,-20.38727821413803,-0.18265013189604645,3.0305000962967292,0.45589653190995844,True,-12.324119227828561,-22.661820801820713,71.57073258448459,33.61680982449478,30.47653051981457,-2.9089776168452546
2026-07-22T20:35:32.394+00:00,79.500000,95539.400000,1.218553,4095,2,02,80,FFFFFFFF,32,2.93180200,3.04543001,2.20687503,1.34849068,1.10051783,0.49175986,2.20766125,1.19145613,1.04666744,1.49487827,2.20525137,0.88899350,1.00847286,0.95922634,2.20713655,0.63908718,1.98252313,0.97646099,2.20708392,1.00334668,0.76567825,0.81029734,2.20784548,1.17500610,1.81755371,1.35890953,2.20713128,1.13816329,1.05931869,0.80693835,2.20774705,0.70905159,SD 02 80 FFFFFFFF 91F7F2 9458F8 7FE8D1 6102E1 551A2E 2E9883 7FEEA7 59ABD6 5246C2 674B11 7FDCC2 497000 5036FB 4D7BB6 7FEAC2 396C93 790E15 4E72E4 7FEA5E 4FEF31 41DF36 44AE42 7FF005 58DCE9 738713 6179B3 7FEAB8 570616 52F2DB 4478DE 7FEF4A 3E2F02 7CC7A3 000FFF 02 0E9402,2026-07-22T20:35:32.215+00:00,serial_request_midpoint,358.105,True,matched,17.8348,17.8348,2026-07-22T20:35:32.233+00:00,49.374701,1784752532151.96,1482,False,,,,,,,,,,,,,,False,,,,,,,,,,,,,,True,0.10877174830936796,-18.633681323824486,5.53568592592171,46.8699141276815,0.16379577099931927,-0.5868316701441203,-2.8067481512139145,38.966418689084385,-0.043102061112651316,-25.09335248995568,0.33652733010112595,-0.10680077874622866,0.1232264785827399,False,,,,,,,,,,,,,,False,,,,,,,,,,,,,,False,,,,,,,,,,,,,,True,0.0989005083465719,13.998207191070588,13.72084292424428,78.7481675191415,0.2875479054460636,-0.07821830372804177,-2.940512445733075,5.684341886080802e-15,1.4210854715202005e-15,1.1368683772161604e-14,0.0,0.0,0.0,True,2,0.10877174830939734,-19.65791159986799,7.40991448818175,51.45019170403695,2.735091082987843,0.37438613228141765,0.18872119748778565,38.74269814341342,-1.7440986810763115,-20.339692567881208,-0.17681409599979211,3.017733045058964,0.46589005932506256,True,-12.685501155800626,-20.863467360742295,71.88478703050578,33.54646548210316,28.684112859787597,-2.656524772315913
2026-07-22T20:35:32.950+00:00,80.100000,95540.000000,1.217332,4095,2,02,80,FFFFFFFF,32,2.93168720,3.04533243,2.20752546,1.34849102,1.10051103,0.49175198,2.20802394,1.19146019,1.04663055,1.49487678,2.20730231,0.88900463,1.00847901,0.95920955,2.20748809,0.63908587,1.98243685,0.97647633,2.20766494,1.00332608,0.76568542,0.81031063,2.20732178,1.17500733,1.81744915,1.35893873,2.20751599,1.13813941,1.05930486,0.80692902,2.20735968,0.70905251,SD 02 80 FFFFFFFF 91F751 945875 7FEDA5 6102E2 551A17 2E985B 7FF158 59ABE3 524641 674B0D 7FEBFD 49702B 503711 4D7B78 7FED5E 396C8D 790D5F 4E731C 7FEEAE 4FEEE7 41DF54 44AE78 7FEC22 58DCED 738624 617A08 7FED93 5705C7 52F2AB 4478B8 7FEC6A 3E2F06 7CA7A3 000FFF 02 0E9408,2026-07-22T20:35:32.772+00:00,serial_request_midpoint,357.0544,True,matched,12.4913,12.4913,2026-07-22T20:35:32.784+00:00,49.927228,1784752532718.607,1499,False,,,,,,,,,,,,,,False,,,,,,,,,,,,,,True,0.10316007351328786,-18.810094671162407,6.196107680140854,46.78050113935416,0.1536002094776815,-0.5910679969175481,-2.8068414975668206,39.118717541857485,-0.6793976605788409,-24.839730231575366,0.34288078326933913,-0.1197347785204865,0.12272530854226933,False,,,,,,,,,,,,,,False,,,,,,,,,,,,,,False,,,,,,,,,,,,,,True,0.08914344489995539,13.980280748762349,13.699179248197805,78.6590682047553,0.2943520665022966,-0.0711076593380196,-2.9381807139744285,0.0,1.4210854715202005e-15,0.0,0.0,0.0,0.0,True,2,0.10316007351328332,-19.801570822034968,8.089439164809196,51.3601292884537,2.7328905344919043,0.373439225909701,0.17868330520460424,38.833148640651316,-2.4140768885881316,-20.101580652764312,-0.17514432690694015,3.003619938828055,0.47368776551353353,True,-12.754276672675939,-20.121030539378253,71.85589370390502,33.48759818236965,27.897722506640793,-2.2636653470591
2026-07-22T20:35:33.505+00:00,81.200000,95541.100000,1.217943,4095,2,02,80,FFFFFFFF,32,2.93178632,3.04540096,2.20735599,1.34854942,1.10048502,0.49173722,2.20804394,1.19147111,1.04667803,1.49483680,2.20541016,0.88896811,1.00849297,0.95919492,2.20729126,0.63908149,1.98247477,0.97650399,2.20750809,1.00335559,0.76568160,0.81030251,2.20798919,1.17502186,1.81748240,1.35890713,2.20783390,1.13812792,1.05932994,0.80693098,2.20546590,0.70904240,SD 02 80 FFFFFFFF 91F7DC 9458D1 7FEC63 61038D 5519BF 2E9810 7FF17E 59AC06 5246E7 674AA1 7FDDF0 496F9E 503743 4D7B42 7FEBE8 396C79 790DAF 4E7381 7FED84 4FEF51 41DF44 44AE57 7FF116 58DD1C 738670 6179AC 7FEFEF 5705A1 52F302 4478C0 7FDE5A 3E2EDA 7CB7A4 000FFF 02 0E9413,2026-07-22T20:35:33.329+00:00,serial_request_midpoint,353.9015,True,matched,89.87455,89.87455,2026-07-22T20:35:33.420+00:00,50.561286,1784752533351.985,1518,False,,,,,,,,,,,,,,False,,,,,,,,,,,,,,True,0.04945581720416539,-18.939067396924678,7.135369188845007,46.78769497971272,0.15045115793712377,-0.6033885457817133,-2.806501333434101,38.99086781016097,-2.0251841396369223,-24.89443272517061,0.3380636043991568,-0.11925334303301931,0.12014526212519692,False,,,,,,,,,,,,,,False,,,,,,,,,,,,,,False,,,,,,,,,,,,,,True,0.06706473310853013,13.979768237533303,13.70083201149529,78.68388413285241,0.29177482297099344,-0.0912351070794056,-2.937435540956257,0.0,0.0,0.0,0.0,0.0,0.0,True,2,0.0494558172041571,-19.922809182754882,9.070060724582095,51.3516783060672,2.7250430257086897,0.3698326359968071,0.17522309265984348,38.7036439875282,-3.736823779116899,-20.148011413997757,-0.1712085636424982,3.0054541714635374,0.4665649358000043,True,-12.939528789062129,-18.984776903927195,72.08163718960563,33.45358038789298,26.672969070802292,-2.4490666500595126
2026-07-22T20:35:34.065+00:00,81.800000,95541.700000,1.217943,4095,2,02,80,FFFFFFFF,32,2.93162089,3.04540692,2.20706498,1.34845823,1.10045871,0.49173171,2.20795550,1.19149919,1.04660166,1.49486827,2.20781495,0.88897899,1.00850946,0.95920603,2.20559105,0.63909266,1.98241125,0.97646318,2.20707235,1.00333415,0.76567611,0.81030792,2.20550901,1.17498292,1.81752921,1.35883121,2.20469780,1.13810434,1.05926825,0.80691601,2.20728389,0.70905297,SD 02 80 FFFFFFFF 91F6F4 9458D9 7FEA3A 610282 551966 2E97F4 7FF0D6 59AC60 5245DC 674AF6 7FEFCB 496FC8 50377E 4D7B6B 7FDF48 396CAC 790D29 4E72EC 7FEA48 4FEF04 41DF2D 44AE6D 7FDEAC 58DC9E 7386DB 6178CF 7FD8A5 570553 52F22C 447883 7FEBDA 3E2F08 7CB7A2 000FFF 02 0E9419,2026-07-22T20:35:33.886+00:00,serial_request_midpoint,358.8549,True,matched,80.23625,80.23625,2026-07-22T20:35:33.967+00:00,51.108846,1784752533885.352,1534,False,,,,,,,,,,,,,,False,,,,,,,,,,,,,,True,0.01626079765893597,-19.14053131801425,8.620227339842327,46.493833802700806,0.15589447008272245,-0.6010176603903911,-2.811233057336171,38.96848155038508,-3.4685861592861955,-25.105071193943125,0.3388648794161395,-0.11582988652364853,0.1156589304084257,False,,,,,,,,,,,,,,False,,,,,,,,,,,,,,False,,,,,,,,,,,,,,True,0.041530631586580026,13.983955503302408,13.704328908689154,78.70809350243806,0.29166274539990356,-0.08790373589546922,-2.9377225294279863,0.0,0.0,0.0,0.0,0.0,0.0,True,2,0.016260797658925297,-20.136188277828225,10.544823226930097,51.05950143531718,2.727682643358973,0.3639348780189418,0.18049934460733588,38.69450166601477,-5.1829948228832405,-20.35886628908643,-0.1646826691757197,3.0090617476489983,0.46835177497453073,True,-13.33529710422378,-17.595440763368124,71.73423810917261,33.63282368136287,25.23196533265998,-2.6139816896150365
2026-07-22T20:35:34.621+00:00,82.900000,95542.800000,1.219163,4095,2,02,80,FFFFFFFF,32,2.93146689,3.04519165,2.20507367,1.34838071,1.10046994,0.49173722,2.20704604,1.19145956,1.04656476,1.49487419,2.20482553,0.88896889,1.00849772,0.95919411,2.20479294,0.63907733,1.98247430,0.97647797,2.20448072,1.00335281,0.76567921,0.81029783,2.20491805,1.17496283,1.81751827,1.35881781,2.20710129,1.13807985,1.05925643,0.80690153,2.20535285,0.70904033,SD 02 80 FFFFFFFF 91F61C 9457B8 7FDB70 61019F 55198C 2E9810 7FEA16 59ABE1 52455B 674B06 7FD998 496FA1 503754 4D7B3F 7FD95A 396C66 790DAE 4E7322 7FD708 4FEF47 41DF3A 44AE44 7FDA48 58DC5D 7386C2 6178A8 7FEA7F 570502 52F203 447848 7FDD83 3E2ED1 7CD7A2 000FFF 02 0E9424,2026-07-22T20:35:34.444+00:00,serial_request_midpoint,355.7955,True,matched,63.89125,63.89125,2026-07-22T20:35:34.508+00:00,51.649998,1784752534452.038,1551,False,,,,,,,,,,,,,,False,,,,,,,,,,,,,,True,0.06876523713195636,-19.633942219355895,9.981313091434064,46.51570499188882,0.14017725959757502,-0.613999656652174,-2.8160864037795017,39.209949702437704,-4.86726940622085,-24.993865268036096,0.34830699884181254,-0.1281208306582345,0.10959736160661633,False,,,,,,,,,,,,,,False,,,,,,,,,,,,,,False,,,,,,,,,,,,,,True,0.11326349680878546,14.000127582689768,13.718158164364928,78.77386838705442,0.291565241864981,-0.08552252682784182,-2.937029914966261,-5.684341886080802e-15,0.0,0.0,0.0,0.0,0.0,True,2,0.06876523713194554,-20.574488871305604,11.955902084930091,51.07170031010785,2.7214834171387605,0.3537676659899763,0.16486130393302476,38.87335099568112,-6.629129591484594,-20.269114159717752,-0.15476767203701897,2.995349498013561,0.48097331173379676,True,-13.85800823300993,-16.058016026999855,71.94466355411399,33.84676191674899,23.635320829580856,-2.2589015658980998
2026-07-22T20:35:35.179+00:00,84.100000,95544.000000,1.217332,4095,2,02,80,FFFFFFFF,32,2.93135781,3.04508216,2.20693449,1.34832436,1.10044541,0.49172994,2.20744651,1.19145769,1.04652900,1.49489381,2.20753125,0.88896293,1.00848180,0.95917975,2.20733705,0.63908280,1.98240272,0.97646017,2.20776758,1.00334557,0.76567133,0.81029759,2.20780811,1.17497921,1.81745921,1.35879720,2.20538913,1.13807562,1.05922530,0.80693589,2.20740020,0.70902815,SD 02 80 FFFFFFFF 91F583 945725 7FE942 6100FA 551939 2E97EB 7FED0F 59ABDB 5244DE 674B3B 7FEDB0 496F8A 50371B 4D7B0A 7FEC3F 396C7F 790D17 4E72E1 7FEF71 4FEF2D 41DF19 44AE43 7FEFBE 58DC92 73863B 61786C 7FDDC8 5704F4 52F197 4478D4 7FECB7 3E2E9C 7CA7A4 000FFF 02 0E9430,2026-07-22T20:35:35.001+00:00,serial_request_midpoint,356.1883,True,matched,54.01405,54.01405,2026-07-22T20:35:35.053+00:00,52.196373,1784752534985.397,1567,False,,,,,,,,,,,,,,False,,,,,,,,,,,,,,True,0.06837461139391397,-19.964518083652216,11.26210159878627,46.41755635853089,0.1429537855419488,-0.6158981044010864,-2.8188890456647777,39.29514324249423,-6.1254829158864395,-24.887239875756727,0.35152111693152555,-0.12721141688997675,0.10693111207680489,False,,,,,,,,,,,,,,False,,,,,,,,,,,,,,False,,,,,,,,,,,,,,True,0.08861666573848663,13.989384810108868,13.708961480893455,78.6999027266744,0.2923993760195204,-0.08268194921513462,-2.93736555781711,0.0,0.0,0.0,0.0,0.0,0.0,True,2,0.06837461139392177,-20.91112223641827,13.241481690098865,50.97021691128347,2.7209489593038145,0.349178638937338,0.16744195214368093,38.96170618317948,-7.9021574085027835,-20.16781506427069,-0.15085362820929857,2.9957159773723183,0.48598975383303433,True,-14.32709035640315,-14.781445267832092,71.87326462317371,34.02963919547749,22.31385856121603,-2.050464019521712
2026-07-22T20:35:35.734+00:00,84.600000,95544.500000,1.217943,4095,2,02,80,FFFFFFFF,32,2.93110688,3.04483788,2.20506788,1.34823012,1.10047024,0.49170907,2.20760546,1.19143397,1.04650784,1.49488826,2.20773652,0.88899194,1.00842201,0.95917000,2.20738178,0.63907558,1.98244680,0.97645935,2.20767389,1.00330770,0.76567945,0.81029193,2.20771020,1.17491401,1.81745659,1.35879136,2.20765020,1.13799671,1.05919099,0.80692043,2.20769020,0.70900218,SD 02 80 FFFFFFFF 91F423 9455DD 7FDB65 60FFE6 55198D 2E9781 7FEE3D 59AB8F 524494 674B2C 7FEF36 496FFA 503645 4D7AE6 7FEC94 396C5E 790D74 4E72DE 7FEEBF 4FEEA5 41DF3B 44AE2C 7FEF04 58DBBF 738635 61785B 7FEE92 5703EF 52F120 447895 7FEEDE 3E2E2B 7CB7A4 000FFF 02 0E9435,2026-07-22T20:35:35.557+00:00,serial_request_midpoint,357.2339,True,matched,50.30445,50.30445,2026-07-22T20:35:35.608+00:00,52.749543,1784752535552.095,1584,False,,,,,,,,,,,,,,False,,,,,,,,,,,,,,True,0.09602266241335725,-20.015775786636127,12.630695843395019,46.130362021127084,0.18017837457672228,-0.6117933973561731,-2.8061637904984944,39.18747598808302,-7.37183788492874,-25.05211034887181,0.354075371103393,-0.10227753288227315,0.11902962852201726,False,,,,,,,,,,,,,,False,,,,,,,,,,,,,,False,,,,,,,,,,,,,,True,0.12661519781000982,13.98604173285191,13.707945484825299,78.69301608420645,0.2948024518702698,-0.07829286817675875,-2.938429677536141,0.0,1.4210854715202005e-15,0.0,0.0,0.0,0.0,True,2,0.09602266241336348,-21.09831607750109,14.576783131302289,50.66705399569942,2.7181041343931325,0.3654400683510956,0.203613135392672,38.98859614963196,-9.154637133486304,-20.32740962450316,-0.17103314090338081,3.01845697497867,0.4931643799555383,True,-14.523476702872955,-13.412120537879321,71.61852347464672,33.97195300062381,20.97351568924058,-2.0873708707594574
2026-07-22T20:35:36.291+00:00,85.800000,95545.700000,1.218553,4095,2,02,80,FFFFFFFF,32,2.93107979,3.04506727,2.20745230,1.34815636,1.10046255,0.49172954,2.20755914,1.19143959,1.04650326,1.49489752,2.20805500,0.88896319,1.00843682,0.95917244,2.20757335,0.63907098,1.98242832,0.97643388,2.20735073,1.00328514,0.76567324,0.81027741,2.20724442,1.17492884,1.81742334,1.35870720,2.20490649,1.13804538,1.05922847,0.80690153,2.20446600,0.70900609,SD 02 80 FFFFFFFF 91F3FD 945711 7FED1A 60FF0E 551973 2E97E9 7FEDE5 59ABA1 524484 674B45 7FF193 496F8B 50367A 4D7AEF 7FEE00 396C49 790D4D 4E7281 7FEC59 4FEE54 41DF21 44ADF1 7FEB8F 58DBEF 7385E9 617766 7FDA32 570490 52F1A2 447848 7FD6EC 3E2E3C 7CC7A5 000FFF 02 0E9441,2026-07-22T20:35:36.114+00:00,serial_request_midpoint,354.5006,True,matched,41.2052,41.2052,2026-07-22T20:35:36.155+00:00,53.297008,1784752536085.454,1600,False,,,,,,,,,,,,,,False,,,,,,,,,,,,,,True,0.06078286950200421,-19.838258953532517,13.195003658329076,46.047329426337924,0.14453625530534137,-0.629515392426488,-2.8103302477385586,38.896029853971854,-7.864803505793711,-25.22154387048688,0.3645624951677506,-0.12665706623489922,0.11535072100858854,False,,,,,,,,,,,,,,False,,,,,,,,,,,,,,False,,,,,,,,,,,,,,True,0.08882027674060959,13.987439342889951,13.711008384198967,78.70369820302516,0.2926367372443339,-0.07773790758374266,-2.939185491091006,-5.684341886080802e-15,0.0,1.1368683772161604e-14,0.0,0.0,0.0,True,2,0.06078286950199339,-20.802133667500907,15.216658406121297,50.5777356658116,2.709728408620006,0.35584075682328986,0.16862814231066006,38.57761397191884,-9.703209579844494,-20.52477929142716,-0.16379015353860857,2.9923393417849944,0.5054325596299046,True,-14.102578477689693,-12.552045529817894,71.7811871940175,33.36189359803218,20.237715382393105,-2.0340089418925116
2026-07-22T20:35:36.848+00:00,86.400000,95546.300000,1.218553,4095,2,02,80,FFFFFFFF,32,2.93091869,3.04477309,2.20408709,1.34806861,1.10046935,0.49171911,2.20707814,1.19146019,1.04652100,1.49487493,2.20743915,0.88896578,1.00844800,0.95913804,2.20539438,0.63906091,1.98235579,0.97643470,2.20438822,1.00326871,0.76567205,0.81025453,2.20701552,1.17491370,1.81748809,1.35867011,2.20510889,1.13801666,1.05918754,0.80689465,2.20511625,0.70899299,SD 02 80 FFFFFFFF 91F31B 945586 7FD41B 60FE0D 55198A 2E97B4 7FEA53 59ABE3 5244C2 674B08 7FED01 496F95 5036A2 4D7A70 7FDDD2 396C1B 790CB4 4E7284 7FD658 4FEE19 41DF1C 44AD94 7FE9DC 58DBBE 73867D 6176FA 7FDBB3 570431 52F114 44782C 7FDBC1 3E2E03 7CC7A5 000FFF 02 0E9447,2026-07-22T20:35:36.670+00:00,serial_request_midpoint,356.7771,True,matched,21.36225,21.36225,2026-07-22T20:35:36.692+00:00,53.833216,1784752536618.81,1616,False,,,,,,,,,,,,,,False,,,,,,,,,,,,,,True,0.05449742517238023,-18.927437971219586,13.358912934809974,46.22450883568441,0.14157818806794234,-0.6311745515485998,-2.790993617764203,37.932100991881825,-7.985354002531298,-25.220947403697274,0.36308709401066724,-0.12731977735798417,0.1330634353738585,False,,,,,,,,,,,,,,False,,,,,,,,,,,,,,False,,,,,,,,,,,,,,True,0.08280568645160909,13.98939245206977,13.709803134467375,78.70628069462595,0.2922010597637058,-0.08243824529763881,-2.9378901492280702,0.0,1.4210854715202005e-15,0.0,0.0,0.0,0.0,True,2,0.0544974251723637,-19.905220012134386,15.386495985476888,50.74928201623813,2.7030649451703743,0.38134431876326025,0.16593976975727331,37.626433393504314,-9.817810643769537,-20.521011972265306,-0.19043610364005348,2.9902901493151366,0.5026885867996028,True,-12.611125338764133,-12.149186998769078,72.06016327955447,31.827552456657884,20.073422599539818,-2.1237711517915843
2026-07-22T20:35:37.405+00:00,87.500000,95547.400000,1.217943,4095,2,02,80,FFFFFFFF,32,2.93090301,3.04463829,2.20475983,1.34805973,1.10052019,0.49172108,2.20520826,1.19141588,1.04651442,1.49486679,2.20707287,0.88895154,1.00841252,0.95911203,2.20774915,0.63906244,1.98234726,0.97639089,2.20746178,1.00325256,0.76567252,0.81028529,2.20763020,1.17490443,1.81739009,1.35863404,2.20752230,1.13796436,1.05913738,0.80689392,2.20799919,0.70899391,SD 02 80 FFFFFFFF 91F305 9454D1 7FD91B 60FDF3 551A36 2E97BE 7FDC70 59AB55 5244AB 674AF2 7FEA49 496F5E 503623 4D7A10 7FEF4E 396C22 790CA2 4E71E4 7FED2C 4FEDDF 41DF1E 44AE11 7FEE6C 58DBA0 73859D 617691 7FED9F 570384 52F066 447829 7FF129 3E2E07 7CB7A5 000FFF 02 0E9452,2026-07-22T20:35:37.226+00:00,serial_request_midpoint,357.4364,True,matched,8.8046,8.8046,2026-07-22T20:35:37.236+00:00,54.377918,1784752537152.177,1632,False,,,,,,,,,,,,,,False,,,,,,,,,,,,,,True,0.07416140185915503,-18.442485113972864,13.160811089955837,46.23602541469743,0.14296923938836836,-0.633932906580495,-2.7811591802482396,37.52942808067892,-7.697579698743977,-25.192608916015256,0.36641444358848035,-0.1282761048805125,0.14215181130806828,False,,,,,,,,,,,,,,False,,,,,,,,,,,,,,False,,,,,,,,,,,,,,True,0.11199354278517969,13.97933839566482,13.698749507901002,78.65383274099669,0.2951186747268064,-0.08048470779096344,-2.9369660314082315,0.0,0.0,0.0,0.0,0.0,0.0,True,2,0.07416140185914954,-19.437230672483846,15.195881680047748,50.753734145056725,2.698235336160687,0.3934257282346461,0.16729824827166184,37.22896100579477,-9.54628449287733,-20.498705068868627,-0.2040980375481352,2.987534424474542,0.507304589895107,True,-11.893518605834785,-12.196959380443369,72.16158274369722,31.119451833322863,20.23862281473153,-2.029690231017139
2026-07-22T20:35:37.962+00:00,88.100000,95548.000000,1.217943,4095,2,02,80,FFFFFFFF,32,2.93085240,3.04465766,2.20766020,1.34798495,1.10049211,0.49173092,2.20829243,1.19142960,1.04647695,1.49487345,2.20740388,0.88894454,1.00839994,0.95912530,2.20733652,0.63905237,1.98237333,0.97641225,2.20759388,1.00324225,0.76565485,0.81025133,2.20774705,1.17489176,1.81746096,1.35859145,2.20764494,1.13793232,1.05911836,0.80688410,2.20805605,0.70899138,SD 02 80 FFFFFFFF 91F2BE 9454EB 7FEEA5 60FD18 5519D7 2E97F0 7FF356 59AB81 524428 674B04 7FECBE 496F43 5035F6 4D7A41 7FEC3E 396BF4 790CD9 4E7232 7FEE27 4FEDBA 41DED4 44AD87 7FEF4A 58DB77 73863F 617615 7FEE88 57031A 52F024 447801 7FF195 3E2DFC 7CB7A5 000FFF 02 0E9458,2026-07-22T20:35:37.784+00:00,serial_request_midpoint,355.7212,True,matched,92.2875,92.2875,2026-07-22T20:35:37.876+00:00,55.018559,1784752537818.9,1652,False,,,,,,,,,,,,,,False,,,,,,,,,,,,,,True,0.051122583444054466,-17.896394408598116,11.039427804868243,46.392193620178894,0.15941158215487708,-0.6409176472663297,-2.7728212592503456,37.33379120316575,-5.538005070775624,-25.435452465277574,0.37010137507208773,-0.11294064966432162,0.14861746350247118,False,,,,,,,,,,,,,,False,,,,,,,,,,,,,,False,,,,,,,,,,,,,,True,0.11007145669647374,13.996312337921418,13.717182596453904,78.75156001594682,0.29039613131988,-0.08503073294292543,-2.938557089430914,0.0,1.4210854715202005e-15,-1.1368683772161604e-14,0.0,0.0,0.0,True,2,0.051122583443970124,-18.956503212766247,13.086833069264628,50.88941767064975,2.6904384714927745,0.4010348102931867,0.18304597481566084,37.11620237767035,-7.399099472052444,-20.741871115599917,-0.21525214504588133,3.0008610864733294,0.5149979767713638,True,-11.425360864954886,-14.146633553326984,72.50403090765539,30.989546205305903,22.28949755742224,-2.1240676656962707
2026-07-22T20:35:38.522+00:00,89.300000,95549.200000,1.219164,4095,2,02,80,FFFFFFFF,32,2.93079823,3.04486320,2.20767020,1.34798564,1.10044984,0.49172501,2.20817187,1.19133069,1.04644063,1.49486864,2.20774863,0.88893237,1.00839547,0.95911420,2.20758914,0.63905763,1.98234773,0.97636679,2.20757020,1.00324838,0.76563455,0.81025748,2.20790707,1.17484263,1.81744696,1.35855402,2.20761915,1.13799157,1.05909760,0.80690545,2.20779232,0.70899138,SD 02 80 FFFFFFFF 91F272 9455FF 7FEEB8 60FD1A 551948 2E97D2 7FF271 59AA44 5243A9 674AF7 7FEF4D 496F14 5035E6 4D7A18 7FEE1E 396C0C 790CA3 4E718C 7FEDFA 4FEDD0 41DE7F 44ADA0 7FF07A 58DAD8 73861F 6175A8 7FEE57 5703DE 52EFDC 447858 7FEFA0 3E2DFC 7CD7A5 000FFF 02 0E9464,2026-07-22T20:35:38.342+00:00,serial_request_midpoint,359.1509,True,matched,-0.60715,0.60715,2026-07-22T20:35:38.340+00:00,55.483237,1784752538285.646,1666,False,,,,,,,,,,,,,,False,,,,,,,,,,,,,,True,0.04440689685339582,-17.65155068347049,9.46767642899144,46.42564367212251,0.1462873954642228,-0.6404253774770993,-2.7794222742719454,37.448931921909875,-3.867298670113846,-25.30603205222614,0.37194400815104744,-0.12626788238405126,0.14355244182363688,False,,,,,,,,,,,,,,False,,,,,,,,,,,,,,False,,,,,,,,,,,,,,True,0.08080662074507115,13.979938408014103,13.701548296983574,78.66377305620304,0.2952203988784403,-0.07935609648019745,-2.9377630828445374,0.0,1.4210854715202005e-15,0.0,0.0,0.0,0.0,True,2,0.04440689685343292,-18.660450272247978,11.52153037502102,50.93169833698729,2.6934127282720697,0.3931836520167088,0.17031259500321105,37.1619932459826,-5.74130824881478,-20.6213253004859,-0.2064532606154381,2.9879532495353236,0.5158559756975969,True,-11.164875258898572,-15.77552278263644,72.47835837652528,31.02738064983179,23.932965335717636,-1.983317621079334
2026-07-22T20:35:39.078+00:00,89.800000,95549.700000,1.217943,4095,2,02,80,FFFFFFFF,32,2.93073265,3.04453478,2.20510836,1.34803958,1.10045043,0.49173683,2.20747230,1.19139715,1.04642976,1.49486716,2.20537914,0.88893340,1.00837760,0.95913804,2.20689923,0.63906945,1.98226478,0.97633092,2.20723285,1.00325172,0.76564554,0.81027175,2.20775863,1.17484757,1.81752177,1.35854886,2.20516357,1.13793564,1.05907109,0.80689269,2.20484393,0.70897989,SD 02 80 FFFFFFFF 91F216 945446 7FDBB2 60FDB8 55194A 2E980E 7FED40 59AB19 524383 674AF3 7FDDB5 496F18 5035A6 4D7A70 7FE8FF 396C42 790BF4 4E7109 7FEB79 4FEDDC 41DEAD 44ADDA 7FEF60 58DAE8 7386CA 617599 7FDC1B 570325 52EF80 447824 7FD9BB 3E2DCA 7CB7A5 000FFF 02 0E9469,2026-07-22T20:35:38.900+00:00,serial_request_midpoint,356.3527,True,matched,12.14115,12.14115,2026-07-22T20:35:38.911+00:00,56.05441,1784752538852.395,1683,False,,,,,,,,,,,,,,False,,,,,,,,,,,,,,True,0.06250765348768374,-17.354283576692048,7.652001868101209,46.49678853155349,0.14626178263559264,-0.6370838853738834,-2.780861461520322,37.417600174701796,-1.9884863569499203,-25.559859904115825,0.36959467081634834,-0.12204040233713581,0.1430229291083392,False,,,,,,,,,,,,,,False,,,,,,,,,,,,,,False,,,,,,,,,,,,,,True,0.05969670655452688,13.986566286184622,13.710679146111374,78.72070633583664,0.28965305698617144,-0.08022283371035988,-2.93958625375901,0.0,1.4210854715202005e-15,0.0,0.0,0.0,0.0,True,2,0.0625076534876786,-18.360756171499194,9.695280838929406,51.00819042030464,2.6959898782184957,0.3924909400500442,0.17037960547311215,37.149876946983376,-3.850150273069693,-20.86909719691014,-0.2059899055059971,2.9927409802427865,0.5129915903426325,True,-10.875884652294657,-17.659613493397195,72.48510288789167,31.088602144713626,25.87274067446797,-2.284640889977152
2026-07-22T20:35:39.635+00:00,90.900000,95550.800000,1.217943,4095,2,02,80,FFFFFFFF,32,2.93078754,3.04452212,2.20648465,1.34803754,1.10040728,0.49175061,2.20749230,1.19139216,1.04643519,1.49488271,2.20755546,0.88893133,1.00839631,0.95913397,2.20543540,0.63907361,1.98231739,0.97636844,2.20734547,1.00322750,0.76562834,0.81025994,2.20769125,1.17483706,1.81740847,1.35858046,2.20717233,1.13792567,1.05906792,0.80690128,2.20733336,0.70896794,SD 02 80 FFFFFFFF 91F263 945435 7FE5EB 60FDB2 5518B8 2E9854 7FED66 59AB09 524396 674B1D 7FEDDE 496F10 5035E9 4D7A61 7FDE20 396C55 790C63 4E7192 7FEC4F 4FED85 41DE65 44ADAA 7FEEE0 58DAC6 7385C7 6175F5 7FEB06 570304 52EF75 447847 7FEC38 3E2D96 7CB7A5 000FFF 02 0E9474,2026-07-22T20:35:39.457+00:00,serial_request_midpoint,355.2067,True,matched,14.23055,14.23055,2026-07-22T20:35:39.470+00:00,56.613466,1784752539419.066,1700,False,,,,,,,,,,,,,,False,,,,,,,,,,,,,,True,0.15033354100724183,-17.157578319081228,6.275102666379884,46.86957577884154,0.1556364345763113,-0.6224491696966361,-2.7809162856508207,37.458315636780036,-0.6572689748139176,-25.155223953361645,0.3593163230540072,-0.11707910181150434,0.14301419625491474,False,,,,,,,,,,,,,,False,,,,,,,,,,,,,,False,,,,,,,,,,,,,,True,0.1390356797236308,13.980490674511305,13.70090361656498,78.67556333766723,0.29276877305764987,-0.08073059438742303,-2.937474989920305,0.0,0.0,-1.1368683772161604e-14,0.0,0.0,0.0,True,2,0.15033354100726665,-18.192076301268447,8.266139215691393,51.39796517064199,2.7049220881237614,0.3972034701790752,0.17993003419342068,37.2105938136063,-2.4691253149435495,-20.443904223108767,-0.20627228709928516,3.000146691334815,0.49829668061185217,True,-10.680732020286406,-19.2825882369912,72.61632131720809,31.221308506435072,27.448251308908066,-2.1504531493483
2026-07-22T20:35:40.192+00:00,92.100000,95552.000000,1.219164,4095,2,02,80,FFFFFFFF,32,2.93106482,3.04463308,2.20725863,1.34806007,1.10033871,0.49173643,2.20751230,1.19140152,1.04643062,1.49488049,2.20762862,0.88893159,1.00841084,0.95913722,2.20783232,0.63906485,1.98222543,0.97635940,2.20751756,1.00327762,0.76564960,0.81025453,2.20754651,1.17487662,1.81737041,1.35859077,2.20773600,1.13796134,1.05902267,0.80689195,2.20776021,0.70896932,SD 02 80 FFFFFFFF 91F3E8 9454CA 7FEBAA 60FDF4 5517D0 2E980C 7FED8C 59AB27 524386 674B17 7FEE69 496F11 50361D 4D7A6D 7FEFEC 396C2D 790BA1 4E7171 7FED96 4FEE39 41DEBE 44AD94 7FEDCD 58DB46 738570 617613 7FEF35 57037A 52EED8 447821 7FEF63 3E2D9C 7CD7A6 000FFF 02 0E9480,2026-07-22T20:35:40.013+00:00,serial_request_midpoint,356.6178,True,matched,1.3587,1.3587,2026-07-22T20:35:40.014+00:00,57.156765,1784752539952.405,1716,False,,,,,,,,,,,,,,False,,,,,,,,,,,,,,True,0.14028539925926978,-16.81335701590326,5.157868085457644,47.0307827852583,0.15642979564836917,-0.6222459431573222,-2.7802960222165867,37.2630629619972,0.36803509566536974,-25.286799251479568,0.3535921754197208,-0.11326486998184167,0.14337345314910158,False,,,,,,,,,,,,,,False,,,,,,,,,,,,,,False,,,,,,,,,,,,,,True,0.09424534854767891,13.987711620728868,13.712519988550687,78.75152724664225,0.28950372337969554,-0.08975026592293797,-2.938167077708772,5.684341886080802e-15,1.4210854715202005e-15,1.1368683772161604e-14,0.0,0.0,0.0,True,2,0.14028539925927866,-17.851165055721985,7.147741811366615,51.55892590411546,2.704823056472722,0.3980603721692293,0.18071371120779872,37.032014070366394,-1.4156479887424844,-20.56389610389099,-0.2070718624266961,3.0052290786843647,0.49023124117198114,True,-10.328809601137115,-20.397535821068647,72.77785997958418,31.0835655500449,28.60729166731223,-2.4307670484264916
2026-07-22T20:35:40.747+00:00,92.700000,95552.600000,1.217943,4095,2,02,80,FFFFFFFF,32,2.93114323,3.04487884,2.20741915,1.34811675,1.10036738,0.49171655,2.20810448,1.19139778,1.04651356,1.49486642,2.20765599,0.88893470,1.00843067,0.95912205,2.20776337,0.63906507,1.98234915,0.97637145,2.20770020,1.00327316,0.76567372,0.81027028,2.20811291,1.17493811,1.81737260,1.35873743,2.20761283,1.13797132,1.05912989,0.80688336,2.20799024,0.70899299,SD 02 80 FFFFFFFF 91F456 945614 7FECDB 60FE9A 551831 2E97A7 7FF1F1 59AB1B 5244A8 674AF1 7FEE9D 496F1D 503664 4D7A35 7FEF69 396C2E 790CA6 4E719D 7FEEF1 4FEE29 41DF23 44ADD4 7FF201 58DC0D 738575 6177BE 7FEE4B 57039B 52F04C 4477FE 7FF118 3E2E03 7CB7A6 000FFF 02 0E9486,2026-07-22T20:35:40.569+00:00,serial_request_midpoint,354.8495,True,matched,8.34255,8.34255,2026-07-22T20:35:40.578+00:00,57.719686,1784752540519.079,1733,False,,,,,,,,,,,,,,False,,,,,,,,,,,,,,True,0.13847857920743464,-16.73483559784873,4.29698892338274,46.98236399906979,0.14465856437043223,-0.6209844444080856,-2.78762337083866,37.34956936322645,1.3892265951580007,-25.368573525549248,0.35677445134746233,-0.12182313750048963,0.13800734551642915,False,,,,,,,,,,,,,,False,,,,,,,,,,,,,,False,,,,,,,,,,,,,,True,0.06469380228866167,13.983966116489416,13.70653888793662,78.73611016502785,0.28876460105392315,-0.08229593504865015,-2.9391594653952695,0.0,-1.4210854715202005e-15,-1.1368683772161604e-14,0.0,0.0,0.0,True,2,0.13847857920745035,-17.724983997193736,6.29002164754784,51.51978063502271,2.708413535932755,0.3893666961084907,0.16927278037350774,37.07289399909758,-0.41207712717547906,-20.6548193249855,-0.1982671354080558,2.9966807051971562,0.4939046279870463,True,-10.272191425450018,-21.337339148591767,72.65638710471501,31.188895626970616,29.575131751521674,-2.441714659543584
2026-07-22T20:35:41.303+00:00,93.800000,95553.700000,1.219164,4095,2,02,80,FFFFFFFF,32,2.93161163,3.04528178,2.20746072,1.34840427,1.10037240,0.49168938,2.20788549,1.19143803,1.04660881,1.49489529,2.20781548,0.88898521,1.00847398,0.95920142,2.20522666,0.63906069,1.98237664,0.97645332,2.20480346,1.00343413,0.76570429,0.81032809,2.20451699,1.17517577,1.81745965,1.35905725,2.20671982,1.13812097,1.05929419,0.80690914,2.20754125,0.70906078,SD 02 80 FFFFFFFF 91F6E7 945831 7FED2A 6101E4 551842 2E971D 7FF051 59AB9C 5245F5 674B3F 7FEFCC 496FE0 5036FF 4D7B5A 7FDC93 396C1A 790CE0 4E72C8 7FD96E 4FF06B 41DFA3 44AEBF 7FD74D 58DF0E 73863C 617B61 7FE7AA 57058A 52F286 447867 7FEDC3 3E2F2A 7CD7A6 000FFF 02 0E9491,2026-07-22T20:35:41.125+00:00,serial_request_midpoint,357.0229,True,matched,86.69115,86.69115,2026-07-22T20:35:41.211+00:00,58.354127,1784752541152.44,1752,False,,,,,,,,,,,,,,False,,,,,,,,,,,,,,True,0.09970978000190747,-16.324980412541017,3.3207075174874126,46.34055752074022,0.1293160541999643,-0.5879983261833295,-2.793145970420431,37.28777428810596,2.382851409662426,-26.0884379664162,0.3327994503734944,-0.13141522955374793,0.13818018915080538,False,,,,,,,,,,,,,,False,,,,,,,,,,,,,,False,,,,,,,,,,,,,,True,0.0688597193658139,13.987827590548529,13.704803272157765,78.74375048153468,0.2900369300983398,-0.08194062056847942,-2.9392326073951724,0.0,0.0,0.0,0.0,0.0,0.0,True,2,0.09970978000192822,-17.251379083526494,5.216232294394379,50.9328874694282,2.7318664257816727,0.39435006004667944,0.1553294224013626,36.95422937166214,0.6919271885923678,-21.337622657187524,-0.1973989975273324,2.9928307348606333,0.45656570670400815,True,-9.494984915392076,-22.850798881853983,71.36940931616576,30.970821650803423,31.109997731434266,-3.887375345793589
2026-07-22T20:35:41.859+00:00,94.400000,95554.300000,1.218553,4095,2,02,80,FFFFFFFF,32,2.93346180,3.04712672,2.20544118,1.34939355,1.10046669,0.49170257,2.20694554,1.19155224,1.04698413,1.49491121,2.20524822,0.88912405,1.00861814,0.95934879,2.20488388,0.63910360,1.98267768,0.97658450,2.20487758,1.00365722,0.76576495,0.81045702,2.20670193,1.17537142,1.81759002,1.35959431,2.20698974,1.13838886,1.05967619,0.80690742,2.20500269,0.70918788,SD 02 80 FFFFFFFF 920109 9461DD 7FDE2B 610D34 551981 2E9760 7FE957 59AD0A 524B15 674B6A 7FDCBC 4971F8 503903 4D7D7A 7FDA07 396CDE 790F5B 4E74A7 7FD9FB 4FF38C 41E0A1 44B0CB 7FE788 58E187 738766 61817C 7FE9AB 570900 52F7B3 447860 7FDAE9 3E3153 7CC7A6 000FFF 02 0E9497,2026-07-22T20:35:41.682+00:00,serial_request_midpoint,356.0828,True,matched,77.7832,77.7832,2026-07-22T20:35:41.759+00:00,58.902112,1784752541685.808,1768,False,,,,,,,,,,,,,,False,,,,,,,,,,,,,,True,0.14541580108075636,-16.309572016690247,2.2853472192365567,46.1120848946163,0.1022100930412595,-0.5760126321082395,-2.8065461983035025,37.54507440021374,3.3226885584223593,-26.200796965477128,0.3220863652312122,-0.1526357021763437,0.1271248190358877,False,,,,,,,,,,,,,,False,,,,,,,,,,,,,,False,,,,,,,,,,,,,,True,0.08079295274960649,13.969153968020185,13.682788032214242,78.67666270943685,0.2934129544158622,-0.08192631939973218,-2.9376271862181373,0.0,0.0,0.0,0.0,0.0,0.0,True,2,0.1454158010807466,-17.128454546268543,4.157195150926901,50.734458717821916,2.744556430184035,0.3813833648127238,0.12916581924595202,37.09339522786638,1.6775776937310354,-21.443663458182993,-0.1789301427026555,2.975474304296478,0.43802060878682414,True,-9.380861767971627,-24.166940247199232,70.81652720745834,31.230534549133278,32.32956170879207,-4.365781407578572
2026-07-22T20:35:42.418+00:00,95.500000,95555.400000,1.216722,4095,2,02,80,FFFFFFFF,32,2.93705754,3.05002790,2.20672087,1.35082207,1.10062247,0.49168997,2.20548693,1.19171296,1.04764315,1.49490492,2.20458269,0.88938932,1.00891992,0.95964194,2.20485707,0.63919402,1.98352270,0.97696413,2.20659986,1.00436822,0.76601813,0.81078825,2.20764336,1.17659435,1.81802801,1.36182982,2.20757651,1.13944845,1.06094824,0.80702255,2.20793286,0.70959382,SD 02 80 FFFFFFFF 9214B5 94710F 7FE7AC 611D87 551B90 2E9720 7FDE82 59AF0D 525414 674B59 7FD7CA 4975F8 503D3B 4D81B4 7FD9D4 396E7B 791651 4E7A11 7FE6C6 4FFD84 41E4C5 44B60D 7FEE85 58F0FA 738B4F 619AE1 7FEE06 5716AF 5308ED 447A35 7FF0AB 3E3839 7C97A4 000FFF 02 0E94A2,2026-07-22T20:35:42.239+00:00,serial_request_midpoint,357.1559,True,matched,60.08945,60.08945,2026-07-22T20:35:42.299+00:00,59.441203,1784752542219.117,1784,False,,,,,,,,,,,,,,False,,,,,,,,,,,,,,True,0.15513405887288556,-16.211579037478867,1.1393624202977375,46.33411781276275,0.10859942806013578,-0.5831997271796305,-2.801255527294051,37.63726181240009,4.508333677130149,-26.056885408133365,0.3281647952203023,-0.1485294756296593,0.13150962785260728,False,,,,,,,,,,,,,,False,,,,,,,,,,,,,,False,,,,,,,,,,,,,,True,0.07661828823754045,13.972496612073957,13.684544906147533,78.69751998297485,0.29357393970637596,-0.08106081555385634,-2.9379459384045044,0.0,0.0,0.0,0.0,0.0,0.0,True,2,0.1551340588728757,-17.059140112946075,3.0309714400186367,50.94325857526983,2.7381584619409196,0.38589428363249867,0.1352350132877156,37.2119166352936,2.834945928489261,-21.30719300211887,-0.18591004907546277,2.977751456142502,0.4475200772951507,True,-9.280120953766914,-25.157803503048687,71.2028524226887,31.245454460754054,33.36125306393722,-4.041121748812975
2026-07-22T20:35:42.973+00:00,96.100000,95556.000000,1.219774,4095,2,02,80,FFFFFFFF,32,2.94568033,3.05820343,2.20707024,1.35528284,1.10116942,0.49169371,2.20741757,1.19225141,1.04900096,1.49497304,2.20538282,0.89001514,1.00948591,0.96016309,2.20493383,0.63936393,1.98471113,0.97762279,2.20720180,1.00513946,0.76624196,0.81103216,2.20768810,1.17686813,1.81830940,1.36298392,2.20493330,1.14015814,1.06194523,0.80709031,2.20484393,0.70973061,SD 02 80 FFFFFFFF 9243C5 949BCA 7FEA44 61506B 5522CA 2E9733 7FECD8 59B5CA 52669A 674C11 7FDDBC 497F67 504524 4D8937 7FDA66 397183 79201A 4E8375 7FEB3E 500853 41E86E 44B9EC 7FEEDA 58F46F 738DD2 61A7FA 7FDA65 571FD8 53166B 447B49 7FD9BB 3E3A8C 7CE7A4 000FFF 02 0E94A8,2026-07-22T20:35:42.796+00:00,serial_request_midpoint,356.4488,True,matched,43.4743,43.4743,2026-07-22T20:35:42.839+00:00,59.981559,1784752542785.748,1801,False,,,,,,,,,,,,,,False,,,,,,,,,,,,,,True,0.18202385396536463,-16.265999145239043,-0.28583018521824277,46.48463974527976,0.10423048107036996,-0.5833785995960417,-2.8008925242572063,37.89374834219956,5.9498670549552335,-25.99173288261349,0.3286993769811708,-0.15006228622205078,0.1323982268496384,False,,,,,,,,,,,,,,False,,,,,,,,,,,,,,False,,,,,,,,,,,,,,True,0.10754791602536629,13.974268622912524,13.690226273827651,78.68872816272732,0.29146143457908824,-0.08039084939290359,-2.9387526294270128,0.0,0.0,0.0,0.0,0.0,0.0,True,2,0.18202385396535742,-17.099483537735367,1.6087024875012212,51.09514652401036,2.7380901880772393,0.38648564613261427,0.13097696881030932,37.46184219900094,4.273418010035375,-21.24371237712787,-0.18712694634741706,2.9760350276537513,0.44809612232305085,True,-9.264230090357918,-26.568996481067437,71.34847708923427,31.447024541493153,34.78562688336401,-3.9695005876004985
2026-07-22T20:35:43.532+00:00,97.300000,95557.200000,1.218553,4095,2,02,80,FFFFFFFF,32,2.94656155,3.05925159,2.20471147,1.35616413,1.10153908,0.49171163,2.20748020,1.19253427,1.04942640,1.49503413,2.20729810,0.89024531,1.00982560,0.96039025,2.20789865,0.63944736,1.98572457,0.97811094,2.20778758,1.00590661,0.76652772,0.81135071,2.20541331,1.17791847,1.81879394,1.36531573,2.20679769,1.14141513,1.06358520,0.80721430,2.20537335,0.71009692,SD 02 80 FFFFFFFF 924892 94A142 7FD8BF 615A75 5527AC 2E978E 7FED4F 59B954 526C67 674CB6 7FEBF5 4982DF 5049E3 4D8C7D 7FF06A 397300 792871 4E8A6A 7FEF97 501312 41ED1A 44BEFA 7FDDF6 5901B1 739225 61C26A 7FE83E 57300F 532C98 447D42 7FDDAA 3E40C5 7CC7A6 000FFF 02 0E94B4,2026-07-22T20:35:43.354+00:00,serial_request_midpoint,358.2975,True,matched,24.68195,24.68195,2026-07-22T20:35:43.378+00:00,60.521068,1784752543319.104,1817,False,,,,,,,,,,,,,,False,,,,,,,,,,,,,,True,0.2232949102301122,-15.812197307766132,-1.4271682841971909,46.66308650092426,0.09021252033202005,-0.582247021608374,-2.796856634884594,37.58688545348836,7.265331066853617,-26.100145360090984,0.33010526705434134,-0.1569180388698608,0.1373750045977481,False,,,,,,,,,,,,,,False,,,,,,,,,,,,,,False,,,,,,,,,,,,,,True,0.05550718612667403,13.980831582199382,13.697845752465833,78.76271206532839,0.2872240181871295,-0.07662492264014052,-2.9398332323370973,0.0,1.4210854715202005e-15,0.0,0.0,0.0,0.0,True,2,0.22329491023010217,-16.603165403818256,0.4713022069692472,51.279459787064596,2.7380817008096767,0.392802685081214,0.11733865210642021,37.12614166711611,5.579696811884918,-21.358091440786847,-0.1940395155393211,2.968459362328051,0.4491743316719065,True,-8.487603018552214,-27.659434664075338,71.48764142211174,30.86381120229266,36.04089189066148,-4.081803464076927
2026-07-22T20:35:44.090+00:00,97.800000,95557.700000,1.216722,4095,2,02,80,FFFFFFFF,32,2.95308436,3.06545174,2.20717864,1.35980739,1.10210883,0.49171143,2.20535127,1.19302144,1.05026099,1.49506782,2.20656251,0.89069981,1.01025766,0.96069742,2.20475404,0.63958336,1.98676651,0.97860856,2.20709761,1.00623271,0.76664935,0.81129951,2.20739388,1.17724344,1.81861622,1.36493068,2.20755020,1.14157448,1.06392687,0.80724057,2.20786759,0.70998653,SD 02 80 FFFFFFFF 926C0E 94C190 7FEB12 6183E8 552F32 2E978D 7FDD80 59BF6C 5277C7 674D11 7FE67F 4989B8 504FEC 4D90EA 7FD910 39756D 793103 4E9181 7FEA78 5017A3 41EF17 44BE2A 7FECAB 58F92C 73908F 61BE0D 7FEDD4 57321D 533136 447DAD 7FF02F 3E3EE5 7C97A5 000FFF 02 0E94B9,2026-07-22T20:35:43.913+00:00,serial_request_midpoint,356.0483,True,matched,8.17805,8.17805,2026-07-22T20:35:43.920+00:00,61.063004,1784752543852.462,1833,False,,,,,,,,,,,,,,False,,,,,,,,,,,,,,True,0.24936121016999882,-15.951492646100629,-1.5940634299896579,47.03476561729375,0.09966295779750897,-0.5949647164964545,-2.794644197775046,37.768762094345256,7.339283374089179,-25.464048169296984,0.3377901453572438,-0.15564349879877692,0.13721759526996588,False,,,,,,,,,,,,,,False,,,,,,,,,,,,,,False,,,,,,,,,,,,,,True,0.0510383493931031,13.963023755749811,13.678215397641702,78.66768245414605,0.2939171372774578,-0.07824785502591947,-2.937972940063801,5.684341886080802e-15,0.0,0.0,0.0,0.0,0.0,True,2,0.24936121016999063,-16.77937825951137,0.3402994223549679,51.62971598234219,2.728943268702931,0.3911005122966947,0.12628106430700387,37.31739954491475,5.6176024715884,-20.73405770317363,-0.1940137131082224,2.968023550675228,0.46078776007780936,True,-8.805668336286212,-27.625078070484527,72.1218834244503,31.063771135759215,35.943170582805784,-3.217683501180022
2026-07-22T20:35:44.647+00:00,98.900000,95558.800000,1.217943,4095,2,02,80,FFFFFFFF,32,2.94545380,3.05900224,2.20741494,1.35714125,1.10212865,0.49173112,2.20812501,1.19288059,1.04956308,1.49505782,2.20762230,0.89047553,1.01004959,0.96050384,2.20796603,0.63954153,1.98659409,0.97858827,2.20781127,1.00618696,0.76670384,0.81140316,2.20744283,1.17772314,1.81893359,1.36597124,2.20523139,1.14227174,1.06464019,0.80729753,2.20736283,0.71027309,SD 02 80 FFFFFFFF 924289 949FF5 7FECD3 616595 552F75 2E97F1 7FF218 59BDA9 526E44 674CF6 7FEE5D 498657 504D04 4D8E20 7FF0EA 3974AE 792F98 4E9137 7FEFC4 5016FF 41EFFB 44BFCF 7FED08 58FF3A 739364 61C9D7 7FDC9C 573B1A 533AD9 447E95 7FEC70 3E43C3 7CB7A5 000FFF 02 0E94C4,2026-07-22T20:35:44.469+00:00,serial_request_midpoint,356.2357,True,matched,91.02635,91.02635,2026-07-22T20:35:44.559+00:00,61.702163,1784752544485.84,1852,False,,,,,,,,,,,,,,False,,,,,,,,,,,,,,True,0.33555726919168033,-16.01482249388848,-2.7546357949637326,47.56054764417645,0.08501720568031813,-0.6093029842428765,-2.7969980484363166,37.90513998127565,8.378942520490103,-25.15837808185181,0.34231160105691033,-0.16399184746756595,0.13346914067226703,False,,,,,,,,,,,,,,False,,,,,,,,,,,,,,False,,,,,,,,,,,,,,True,0.06830693505125773,13.969250126881425,13.683440468076645,78.71653166513212,0.290823840909104,-0.08544891205257622,-2.93837482634176,0.0,-1.4210854715202005e-15,0.0,0.0,0.0,0.0,True,2,0.335557269191684,-16.79446123059527,-0.7663656006327221,52.140904430012526,2.7209161013608725,0.3833273670614583,0.11177655269038206,37.411440477348194,6.6340025753329765,-20.441157650431386,-0.1878004165770893,2.9592024183334904,0.4664668210149926,True,-8.858414408935632,-28.569758686382386,72.86677735483435,31.17080177125224,36.893862552519096,-2.8069120631312217
2026-07-22T20:35:45.203+00:00,100.100000,95560.000000,1.216723,4095,2,02,80,FFFFFFFF,32,2.95396308,3.06662218,2.20732494,1.36076175,1.10250149,0.49171773,2.20802867,1.19331069,1.05070454,1.49512150,2.20753441,0.89095057,1.01051415,0.96097103,2.20726495,0.63968520,1.98766546,0.97910744,2.20720443,1.00682790,0.76690292,0.81156345,2.20755914,1.17798534,1.81903911,1.36664666,2.20758441,1.14275675,1.06532837,0.80734517,2.20546747,0.71030138,SD 02 80 FFFFFFFF 9270D4 94C7A7 7FEC28 618EC0 553461 2E97AD 7FF161 59C30A 527DD2 674DA2 7FEDB6 498D7F 505381 4D94DB 7FEBB6 39773E 793867 4E989C 7FEB43 501FF8 41F33C 44C25A 7FEDE5 590289 739455 61D17D 7FEE15 57415A 534424 447F57 7FDE5D 3E443E 7C97A7 000FFF 02 0E94D0,2026-07-22T20:35:45.026+00:00,serial_request_midpoint,355.1531,True,matched,68.75525,68.75525,2026-07-22T20:35:45.095+00:00,62.236689,1784752545019.181,1868,False,,,,,,,,,,,,,,False,,,,,,,,,,,,,,True,0.38817418382917634,-15.7668931824368,-4.125748505988501,47.82799995523949,0.07847093988804284,-0.618294500589984,-2.7913198687279004,37.92547651875304,9.883464732904176,-24.92915519948982,0.35197546479521374,-0.17036062627186904,0.13800013543641212,False,,,,,,,,,,,,,,False,,,,,,,,,,,,,,False,,,,,,,,,,,,,,True,0.09263866887898711,13.979786631318921,13.6935505422416,78.73261198562976,0.2920681203828056,-0.07976975632594291,-2.937856850564105,0.0,-1.4210854715202005e-15,1.1368683772161604e-14,0.0,0.0,0.0,True,2,0.38817418382914404,-16.533142552859204,-2.104943181872058,52.39636184820402,2.7136404158892864,0.38793732951200643,0.10525720312667258,37.408839379605475,8.090548694636807,-20.232426466965695,-0.1941653891922326,2.950241798768235,0.47980180608294526,True,-8.4343699242096,-29.72841608702917,73.29911145919145,30.926007910719598,38.15055613618158,-2.345555206389008
2026-07-22T20:35:45.761+00:00,100.700000,95560.600000,1.218554,4095,2,02,80,FFFFFFFF,32,2.94898091,3.06274197,2.20711024,1.35973899,1.10262845,0.49172895,2.20763651,1.19329788,1.05009874,1.49515445,2.20749914,0.89083698,1.01035415,0.96079910,2.20763862,0.63964731,1.98742928,0.97907809,2.20521877,1.00642969,0.76681759,0.81133397,2.20687556,1.17698600,1.81872434,1.36510613,2.20506315,1.14239389,1.06489443,0.80733019,2.20684030,0.71007645,SD 02 80 FFFFFFFF 9255BE 94B374 7FEA90 618321 55360E 2E97E6 7FEE78 59C2E1 527591 674DFB 7FED73 498BC9 505145 4D9261 7FEE7C 397691 793676 4E9831 7FDC84 501A65 41F1D7 44BEB6 7FE8D2 58F5EC 739186 61C00A 7FDB5C 573CAD 533E48 447F1A 7FE88F 3E406C 7CC7A7 000FFF 02 0E94D6,2026-07-22T20:35:45.582+00:00,serial_request_midpoint,356.9741,True,matched,49.56885,49.56885,2026-07-22T20:35:45.631+00:00,62.773731,1784752545552.487,1884,False,,,,,,,,,,,,,,False,,,,,,,,,,,,,,True,0.4434022127150163,-15.290159875288268,-5.47035119738594,47.814436582067195,0.07778910739018156,-0.6310040386173905,-2.79125293109895,37.71359909493194,11.4311700186278,-24.857345042817514,0.36432327461511776,-0.173821058054408,0.13824369466732417,False,,,,,,,,,,,,,,False,,,,,,,,,,,,,,False,,,,,,,,,,,,,,True,0.0861609484611486,13.95502307146825,13.669369007434204,78.62458413376926,0.29508404858558857,-0.07401834570712998,-2.9390630288801463,-5.684341886080802e-15,-1.4210854715202005e-15,0.0,0.0,0.0,0.0,True,2,0.44340221271500885,-16.05683566838478,-3.4086907240496926,52.364435137774436,2.7055130574107147,0.38347172536844365,0.10438794253557604,37.185723115022746,9.579281220706907,-20.18481068061693,-0.19440776530229678,2.9438819866725283,0.4975607429747513,True,-8.05997990982109,-30.875079360427407,73.51199074083023,30.630416796862892,39.408323529578134,-1.941249933251504
2026-07-22T20:35:46.317+00:00,101.800000,95561.700000,1.217943,4095,2,02,80,FFFFFFFF,32,2.94070482,3.05522744,2.20481292,1.35628144,1.10239466,0.49174529,2.20527398,1.19303956,1.04885831,1.49510114,2.20468939,0.89039308,1.00991005,0.96032166,2.20728442,0.63951853,1.98640600,0.97861734,2.20505001,1.00565225,0.76657814,0.81098466,2.20722916,1.17606642,1.81837592,1.36340920,2.20519459,1.14176687,1.06397399,0.80725505,2.20495643,0.70987271,SD 02 80 FFFFFFFF 9228A2 948C40 7FD980 615BCB 5532F8 2E9839 7FDCED 59BFA6 5264A8 674D6B 7FD895 498519 504B11 4D8B80 7FEBDB 397445 792E0C 4E91A1 7FDB43 500F82 41EDED 44B92B 7FEB72 58EA4F 738E6A 61ACCD 7FDC56 573498 5331D9 447DE8 7FDA91 3E3CF6 7CB7A7 000FFF 02 0E94E1,2026-07-22T20:35:46.139+00:00,serial_request_midpoint,355.7686,True,matched,34.2502,34.2502,2026-07-22T20:35:46.174+00:00,63.315046,1784752546119.177,1901,False,,,,,,,,,,,,,,False,,,,,,,,,,,,,,True,0.49212333123189794,-14.84530617789849,-6.607058168576505,48.01932150066424,0.08038545432421712,-0.624756863332036,-2.794482639481873,37.40917657676053,12.768007215591675,-24.737043145306075,0.3644408101547162,-0.17111714937695552,0.13613933286069774,False,,,,,,,,,,,,,,False,,,,,,,,,,,,,,False,,,,,,,,,,,,,,True,0.07470570603738012,13.94106155684753,13.653356123286438,78.60118621397814,0.29336133677178666,-0.06770764374427024,-2.9398565158515217,-5.684341886080802e-15,0.0,1.1368683772161604e-14,0.0,0.0,0.0,True,2,0.49212333123190527,-15.61560818861291,-4.566856868083794,52.57837145680681,2.7104070225213013,0.38132977844215477,0.10701389564687276,36.89256221786407,10.916620264879082,-20.06305138239511,-0.19150127309065937,2.9467280652050585,0.49817977946138686,True,-7.68863637033981,-32.149113105100945,73.6010633253564,30.439152541015233,40.75459739409065,-1.797785462854017
2026-07-22T20:35:46.872+00:00,102.400000,95562.300000,1.217943,4095,2,02,80,FFFFFFFF,32,2.93597243,3.05053239,2.20688871,1.35361474,1.10207806,0.49171970,2.20795076,1.19280033,1.04799667,1.49508078,2.20778284,0.89004313,1.00948507,0.95997147,2.20729389,0.63939218,1.98557359,0.97819455,2.20725284,1.00503659,0.76639391,0.81079391,2.20769862,1.17559244,1.81804332,1.36221215,2.20748914,1.14117281,1.06321645,0.80720079,2.20731126,0.70971337,SD 02 80 FFFFFFFF 920EC6 9473B3 7FE8EB 613D67 552ECA 2E97B7 7FF0CD 59BCA8 5258E7 674D34 7FEF8E 497FD3 504521 4D8674 7FEBED 397204 792733 4E8B9B 7FEB9F 5006E2 41EAEA 44B624 7FEEEE 58E452 738B72 619F38 7FED60 572CEF 53279C 447D0B 7FEC0E 3E3A41 7CB7A7 000FFF 02 0E94E7,2026-07-22T20:35:46.695+00:00,serial_request_midpoint,355.4851,True,matched,14.68195,14.68195,2026-07-22T20:35:46.711+00:00,63.852404,1784752546652.568,1917,False,,,,,,,,,,,,,,False,,,,,,,,,,,,,,True,0.5021382271307111,-14.59093016078123,-8.071503641695408,47.99324930785289,0.0804929289807209,-0.6339320618084099,-2.78870077436842,37.455732701929854,13.876848513653092,-25.246029805410632,0.3594691425166483,-0.16777604811650687,0.13831310413164744,False,,,,,,,,,,,,,,False,,,,,,,,,,,,,,False,,,,,,,,,,,,,,True,0.08831158731110271,13.968625049723519,13.683686703588094,78.71660129072727,0.2899460056959453,-0.08550949417577466,-2.9382955583692447,0.0,0.0,0.0,0.0,0.0,0.0,True,2,0.5021382271306543,-15.370173530173957,-6.001843079540381,52.537477213773954,2.702791770050032,0.3857650889055311,0.10693874890184443,36.955303332156376,12.049384194520169,-20.560875918887984,-0.19494258296047054,2.9509684521302324,0.4912547805902023,True,-7.351971457713006,-33.40593419575026,73.75764545890806,30.481738672504953,41.97030403871065,-2.4389877444457624
2026-07-22T20:35:47.429+00:00,103.600000,95563.500000,1.218553,4095,2,02,80,FFFFFFFF,32,2.93372795,3.04817943,2.20497851,1.35202074,1.10177423,0.49174962,2.20511940,1.19255957,1.04748660,1.49505597,2.20731442,0.88979666,1.00921924,0.95978095,2.20759914,0.63931029,1.98487866,0.97786013,2.20505737,1.00459144,0.76622978,0.81064281,2.20742704,1.17536709,1.81788142,1.36132856,2.20754599,1.14077274,1.06252685,0.80717501,2.20513623,0.70960232,SD 02 80 FFFFFFFF 92027E 946761 7FDABB 612B37 552AC7 2E984F 7FDBC7 59B9A5 5251F1 674CF1 7FEC14 497C1C 50416A 4D83B5 7FEE31 39708E 79217B 4E86D7 7FDB51 5000A5 41E83B 44B3BE 7FECEA 58E179 738A00 619530 7FEDCC 5727C6 531E49 447CA2 7FDBE7 3E385E 7CC7A6 000FFF 02 0E94F3,2026-07-22T20:35:47.252+00:00,serial_request_midpoint,355.6285,True,matched,80.19705,80.19705,2026-07-22T20:35:47.331+00:00,64.474336,1784752547252.551,1935,False,,,,,,,,,,,,,,False,,,,,,,,,,,,,,True,0.495779735840353,-14.122312637419725,-9.53311819935095,48.1762940571227,0.10423467695395032,-0.6314469690858697,-2.779299255241981,37.27767561540457,15.616895895168028,-25.08398962140483,0.36559548474567877,-0.15250360300953913,0.14806500043233708,False,,,,,,,,,,,,,,False,,,,,,,,,,,,,,False,,,,,,,,,,,,,,True,0.05977805309302412,13.974136395642216,13.68720219318189,78.73975826874744,0.2916089354350695,-0.07617211049843242,-2.9392172366245393,0.0,-1.4210854715202005e-15,0.0,0.0,0.0,0.0,True,2,0.4957797358403472,-14.991000502673804,-7.484203622714325,52.71370003325052,2.7007447186211877,0.398546886114273,0.12992608318295526,36.86379087905042,13.76408847938689,-20.400345031255654,-0.21086495921920945,2.9633477980131437,0.5023280599906383,True,-6.930502894704975,-34.83728532444054,73.98359929165716,30.25688883485081,43.52589965497228,-2.0658214307008733
2026-07-22T20:35:47.988+00:00,104.100000,95564.000000,1.218553,4095,2,02,80,FFFFFFFF,32,2.93232900,3.04681591,2.20462106,1.35089799,1.10158937,0.49174234,2.20494592,1.19233383,1.04722647,1.49504894,2.20477980,0.88964558,1.00901606,0.95962948,2.20679558,0.63926540,1.98424469,0.97759703,2.20738810,1.00433868,0.76613804,0.81054536,2.20492804,1.17520111,1.81778122,1.36076725,2.20467204,1.14045178,1.06200673,0.80714850,2.20696290,0.70951175,SD 02 80 FFFFFFFF 91FAD5 94603C 7FD813 611E65 552856 2E982A 7FDA7D 59B6D2 524E64 674CDE 7FD941 4979D5 503E93 4D8186 7FE83A 396FC1 791C43 4E8317 7FECA0 4FFD1A 41E6BB 44B232 7FDA5B 58DF60 73891B 618ED0 7FD874 5723A2 531740 447C36 7FE978 3E36D4 7CC7A6 000FFF 02 0E94F8,2026-07-22T20:35:47.809+00:00,serial_request_midpoint,357.5001,True,matched,57.27785,57.27785,2026-07-22T20:35:47.865+00:00,65.008145,1784752547785.85,1951,False,,,,,,,,,,,,,,False,,,,,,,,,,,,,,True,0.4244007487310223,-13.983597862750338,-10.775812523486152,48.63459155551928,0.09088097698942262,-0.6232613553543711,-2.7866252788385193,37.253938637489235,16.890514649445667,-24.63329559296904,0.35842536363300415,-0.16108393922800635,0.1426228708987215,False,,,,,,,,,,,,,,False,,,,,,,,,,,,,,False,,,,,,,,,,,,,,True,0.07348148937581567,13.966432685547778,13.684737562689676,78.64162344356888,0.2909964986811924,-0.07687002624318515,-2.9393830352690826,0.0,0.0,1.1368683772161604e-14,0.0,0.0,0.0,True,2,0.4244007487310113,-14.797632441081925,-8.745730395341408,53.19055875191801,2.708668331898023,0.3921354657677852,0.11717142159471179,36.78977442833174,15.06931357909219,-19.9419737020012,-0.20190868354558986,2.957303160830436,0.49056440175893173,True,-6.735423731603999,-36.26839085710812,74.23991186699662,30.261725664863558,44.99002043556754,-1.839288948550984
2026-07-22T20:35:48.546+00:00,105.300000,95565.200000,1.220385,4095,2,02,80,FFFFFFFF,32,2.93180058,3.04625700,2.20730915,1.35026304,1.10146041,0.49175513,2.20760967,1.19225890,1.04700930,1.49503635,2.20760178,0.88953779,1.00889589,0.95952408,2.20753230,0.63922993,1.98392731,0.97741508,2.20748283,1.00412078,0.76606327,0.81050648,2.20732863,1.17510283,1.81778778,1.36039865,2.20494066,1.14010607,1.06160600,0.80711192,2.20465733,0.70944462,SD 02 80 FFFFFFFF 91F7F0 945D4E 7FEC0A 611724 5526A2 2E986B 7FEE45 59B5E2 524B6D 674CBC 7FEE36 497835 503CE5 4D8001 7FEDB2 396F1F 7919A6 4E807F 7FED54 4FFA0C 41E582 44B194 7FEC2F 58DE22 73892A 618AA0 7FDA73 571F2C 5311D4 447BA1 7FD858 3E35B0 7CF7A7 000FFF 02 0E9504,2026-07-22T20:35:48.368+00:00,serial_request_midpoint,356.9363,True,matched,36.30675,36.30675,2026-07-22T20:35:48.403+00:00,65.545653,1784752548352.535,1968,False,,,,,,,,,,,,,,False,,,,,,,,,,,,,,True,0.48529475325488725,-13.552845323364616,-11.968221172847302,48.87251045069797,0.12230224395147962,-0.6101541432486975,-2.7753159209415528,37.06681694627729,18.160783246310796,-24.531404498232185,0.351586041487878,-0.1389199421230952,0.1539963215945037,False,,,,,,,,,,,,,,False,,,,,,,,,,,,,,False,,,,,,,,,,,,,,True,0.09949941757896551,13.975049503864904,13.696354028781377,78.69024610257361,0.29251659581996525,-0.07661609511535585,-2.939145678366658,0.0,-1.4210854715202005e-15,0.0,0.0,0.0,0.0,True,2,0.4852947532548545,-14.48147997679872,-9.9980461829876,53.432858121107714,2.712464978158236,0.4108919299114806,0.14800366878459476,36.71855074161452,16.37772706329924,-19.81545878351568,-0.22078250984232511,2.97932162739216,0.4832683233054541,True,-6.311476297438307,-37.5869075814103,74.35359141012049,30.106501829753682,46.37278949757605,-1.866967106409652
2026-07-22T20:35:49.103+00:00,106.500000,95566.400000,1.220995,4095,2,02,80,FFFFFFFF,32,2.93134783,3.04579579,2.20445549,1.34983029,1.10122974,0.49174450,2.20696448,1.19216431,1.04686254,1.49499784,2.20528923,0.88945151,1.00883413,0.95945987,2.20695711,0.63918045,1.98366072,0.97726027,2.20768652,1.00393245,0.76599042,0.81045235,2.20784759,1.17504256,1.81770771,1.36015353,2.20536652,1.13988936,1.06126136,0.80711142,2.20709392,0.70940416,SD 02 80 FFFFFFFF 91F575 945AE3 7FD6D8 611232 552396 2E9835 7FE97B 59B4B3 52496C 674C54 7FDD0A 4976E8 503C08 4D7F14 7FE96D 396E3D 791774 4E7E4A 7FEED7 4FF768 41E451 44B0B8 7FF009 58DD5F 738873 6187D7 7FDD9D 571C60 530D2A 447B9F 7FEA71 3E3500 7D07A6 000FFF 02 0E9510,2026-07-22T20:35:48.925+00:00,serial_request_midpoint,355.9048,True,matched,21.4629,21.4629,2026-07-22T20:35:48.945+00:00,66.08839,1784752548885.887,1984,False,,,,,,,,,,,,,,False,,,,,,,,,,,,,,True,0.5135808120889078,-13.389524858261478,-13.06752231228998,48.997313288444644,0.1315038587320006,-0.6068325777522782,-2.7686171032657674,37.11857646321687,19.158293800942207,-24.48121520288088,0.34597968384251465,-0.13271365464914348,0.1602824775277926,False,,,,,,,,,,,,,,False,,,,,,,,,,,,,,False,,,,,,,,,,,,,,True,0.05877328543090264,13.969243542195596,13.69423166176841,78.65309103361237,0.29448944592691123,-0.08236919002444842,-2.9385093519250476,0.0,0.0,1.1368683772161604e-14,0.0,0.0,0.0,True,2,0.5135808120888955,-14.355671191741191,-11.113849177306225,53.556967358063744,2.712117472145203,0.42065979122536307,0.15710831448318793,36.80381256936321,17.403503889621845,-19.75232963132156,-0.23073181938877538,2.9859389484081085,0.4755995520230439,True,-6.060263996321962,-38.67610159538806,74.46342032924652,30.070270772492517,47.46887922467686,-1.9673939956716822
2026-07-22T20:35:49.659+00:00,107.000000,95566.900000,1.217943,4095,2,02,80,FFFFFFFF,32,2.93101848,3.04544715,2.20514149,1.34950939,1.10115670,0.49175750,2.20726442,1.19208002,1.04678673,1.49497785,2.20784864,0.88936393,1.00873661,0.95939268,2.20551427,0.63917716,1.98347479,0.97718027,2.20494644,1.00388035,0.76595053,0.81043266,2.20734126,1.17500023,1.81770902,1.35986754,2.20766704,1.13969597,1.06093151,0.80708417,2.20762651,0.70934762,SD 02 80 FFFFFFFF 91F3A7 94590F 7FDBF1 610E87 55229F 2E9877 7FEBB5 59B3A5 524863 674C1E 7FF00B 497596 503AAB 4D7E1C 7FDEB6 396E2E 7915EC 4E7D26 7FDA7E 4FF6AD 41E3AA 44B068 7FEC47 58DCD6 738876 618497 7FEEB2 5719E1 5308B3 447B30 7FEE65 3E340A 7CB7A6 000FFF 02 0E9515,2026-07-22T20:35:49.482+00:00,serial_request_midpoint,354.7431,True,matched,92.10305,92.10305,2026-07-22T20:35:49.572+00:00,66.715371,1784752549519.26,2003,False,,,,,,,,,,,,,,False,,,,,,,,,,,,,,True,0.4836598342506449,-13.375938667751521,-13.04265608979298,48.878656366135516,0.11911811608767567,-0.6087857431412786,-2.7665449974185927,37.20500875154221,19.0968468448773,-24.65009303024562,0.34693617843003577,-0.14212236595035269,0.1614768044406962,False,,,,,,,,,,,,,,False,,,,,,,,,,,,,,False,,,,,,,,,,,,,,True,0.10811668469339698,13.991613002785684,13.716737220155045,78.73634059085029,0.2949543396367954,-0.08180850271473368,-2.9369675920417815,5.684341886080802e-15,0.0,0.0,0.0,0.0,0.0,True,2,0.4836598342506274,-14.303876620870819,-11.075424039669766,53.44041610394201,2.710694844005535,0.42330225400566474,0.14498363159518568,36.84560606449361,17.334135002239087,-19.927339664071507,-0.23165305627846033,2.976347321100107,0.47568366614219443,True,-5.825678614546597,-38.57285777205914,74.35889146498502,29.956330144507454,47.371551871827776,-2.154810867274011
2026-07-22T20:35:50.214+00:00,108.100000,95568.000000,1.217333,4095,2,02,80,FFFFFFFF,32,2.93084883,3.04526390,2.20515568,1.34923604,1.10102838,0.49175927,2.20714760,1.19197389,1.04671607,1.49493083,2.20769020,0.88933155,1.00868743,0.95936938,2.20737020,0.63915571,1.98333631,0.97707672,2.20748914,1.00379901,0.76590395,0.81040732,2.20764599,1.17496098,1.81762196,1.35969225,2.20751704,1.13954679,1.06076213,0.80706502,2.20529185,0.70930464,SD 02 80 FFFFFFFF 91F2B9 945819 7FDC0C 610B67 5520ED 2E9880 7FEAD7 59B251 52476C 674B9F 7FEEDE 497519 5039FB 4D7DC6 7FEC7E 396DCC 7914C8 4E7BAC 7FED60 4FF589 41E2E7 44B001 7FEE8A 58DC57 7387AF 618299 7FED95 5717F4 530668 447AE2 7FDD0F 3E334F 7CA7A8 000FFF 02 0E9520,2026-07-22T20:35:50.037+00:00,serial_request_midpoint,356.0327,True,matched,65.90685,65.90685,2026-07-22T20:35:50.102+00:00,67.244726,1784752550052.608,2019,False,,,,,,,,,,,,,,False,,,,,,,,,,,,,,True,0.5006351375548509,-12.664443077607556,-12.852268700651397,48.94850636389903,0.12383158059676729,-0.6167220214139425,-2.750954405008691,36.316036741415246,19.12670123765735,-24.896430086220327,0.35369805041402064,-0.1331253365124728,0.17658347838744776,False,,,,,,,,,,,,,,False,,,,,,,,,,,,,,False,,,,,,,,,,,,,,True,0.11477771201261316,13.999034067563155,13.73438249904953,78.72645828123011,0.2877413128684434,-0.08250214126022115,-2.939730486878109,0.0,-1.4210854715202005e-15,0.0,0.0,0.0,0.0,True,2,0.5006351375548482,-13.628307625549107,-10.863104327399249,53.49327399859637,2.700385394962224,0.44106919051782806,0.14945678772136825,36.01770696779541,17.334818555011946,-20.18040650466413,-0.2552917251018421,2.9815577380524036,0.4866792958306959,True,-4.815624742814215,-38.08077126328171,74.63816798527482,28.74384435577407,47.16373951563221,-2.211051709384037
2026-07-22T20:35:50.770+00:00,108.700000,95568.600000,1.218554,4095,2,02,80,FFFFFFFF,32,2.93060294,3.04511419,2.20458216,1.34897366,1.10100945,0.49176439,2.20517671,1.19192801,1.04666888,1.49495046,2.20460266,0.88927792,1.00869135,0.95936152,2.20703815,0.63914060,1.98319356,0.97696659,2.20528397,1.00372185,0.76587338,0.81037361,2.20729126,1.17494522,1.81768452,1.35951802,2.20764546,1.13935828,1.06055037,0.80703409,2.20736020,0.70928326,SD 02 80 FFFFFFFF 91F160 945750 7FD7C9 610867 5520AD 2E989A 7FDC34 59B1BE 5246C7 674BD4 7FD7F0 49744A 503A09 4D7DA9 7FEA07 396D87 79139B 4E7A1A 7FDD00 4FF474 41E267 44AF78 7FEBE8 58DC24 73883E 61809E 7FEE89 571585 53038A 447A64 7FEC6B 3E32F2 7CC7A8 000FFF 02 0E9526,2026-07-22T20:35:50.593+00:00,serial_request_midpoint,356.1733,True,matched,50.96265,50.96265,2026-07-22T20:35:50.643+00:00,67.78605,1784752550585.936,2035,False,,,,,,,,,,,,,,False,,,,,,,,,,,,,,True,0.4812219671803369,-12.484383087412729,-12.912244574369902,48.94508142403458,0.11676552494532319,-0.6224709278561148,-2.750637551149384,36.169162903024755,19.30308180568619,-24.91698848972474,0.35949110747368096,-0.13917663115761697,0.17749859180888525,False,,,,,,,,,,,,,,False,,,,,,,,,,,,,,False,,,,,,,,,,,,,,True,0.14672172849027104,14.004979214419711,13.7350595027617,78.77641558733968,0.28860968165445444,-0.0790708930379229,-2.9404767032987005,0.0,-1.4210854715202005e-15,-1.1368683772161604e-14,0.0,0.0,0.0,True,2,0.48122196718034665,-13.426623219064547,-10.900137788334618,53.48428097773317,2.696870141854863,0.43966541994149766,0.14240290532842215,35.84501476910088,17.48157696441776,-20.214035069488556,-0.25611804576315067,2.9741216935587116,0.49443829673038914,True,-4.577688192408402,-38.03427189302545,74.72119294757522,28.46112059333047,47.19515482260721,-2.0990492180315754
2026-07-22T20:35:51.329+00:00,109.900000,95569.800000,1.215502,4095,2,02,80,FFFFFFFF,32,2.93067207,3.04508738,2.20458532,1.34884077,1.10098669,0.49173427,2.20728968,1.19192613,1.04661224,1.49498415,2.20782074,0.88925150,1.00864832,0.95931547,2.20790707,0.63912856,1.98310726,0.97690879,2.20784022,1.00359929,0.76584281,0.81035614,2.20810132,1.17491648,1.81760358,1.35940428,2.20760651,1.13926328,1.06033719,0.80703630,2.20557895,0.70925361,SD 02 80 FFFFFFFF 91F1C1 94572C 7FD7CF 6106E2 552060 2E9801 7FEBE5 59B1B8 524601 674C2F 7FEFD6 4973E4 50396F 4D7CFF 7FF07A 396D50 7912E5 4E7947 7FEFFB 4FF2BC 41E1E7 44AF31 7FF1EB 58DBC7 738785 617F53 7FEE3F 57144B 5300A7 447A6D 7FDF31 3E3271 7C77A7 000FFF 02 0E9532,2026-07-22T20:35:51.150+00:00,serial_request_midpoint,357.5469,True,matched,41.18735,41.18735,2026-07-22T20:35:51.191+00:00,68.333763,1784752551119.277,2051,False,,,,,,,,,,,,,,False,,,,,,,,,,,,,,True,0.5134439753121378,-11.835850184448443,-12.616670977052681,48.991310831004895,0.11902881553085189,-0.6278398716580945,-2.734929121556033,35.44835423232052,19.193135418542784,-24.9452027075001,0.36469639488005046,-0.1368166433923315,0.19317437189650463,False,,,,,,,,,,,,,,False,,,,,,,,,,,,,,False,,,,,,,,,,,,,,True,0.09799791872333544,14.004777764910802,13.739423246779662,78.73763241099411,0.28841053758240287,-0.07801964639611661,-2.941533814025533,5.684341886080802e-15,0.0,-1.1368683772161604e-14,0.0,0.0,0.0,True,2,0.5134439753121506,-12.805765587546569,-10.589502192345146,53.51796229842015,2.688104421738726,0.4584777613347665,0.1445421118286279,35.153115934970984,17.34768813010739,-20.249685554757832,-0.2799262792669794,2.9728873800309126,0.5021419784248405,True,-3.573077111223067,-37.46219094074813,74.92327420137471,27.289704438007362,46.86515016853888,-2.016268179747601
2026-07-22T20:35:51.885+00:00,110.400000,95570.300000,1.220385,4095,2,02,80,FFFFFFFF,32,2.93060579,3.04483192,2.20748441,1.34871507,1.10088114,0.49175553,2.20569464,1.19186340,1.04654817,1.49497193,2.20474879,0.88920539,1.00863379,0.95927890,2.20456114,0.63913009,1.98296453,0.97680306,2.20470253,1.00357199,0.76581797,0.81036082,2.20716233,1.17489578,1.81764646,1.35929501,2.20515042,1.13915769,1.06028094,0.80702231,2.20450122,0.70922994,SD 02 80 FFFFFFFF 91F164 9455D5 7FED57 610572 551EFB 2E986D 7FE00D 59B0EF 524521 674C0E 7FD906 497332 50393B 4D7C78 7FD7A1 396D57 7911B8 4E77C5 7FD8AE 4FF25A 41E17F 44AF44 7FEAF3 58DB84 7387E7 617E15 7FDC02 5712EE 52FFE4 447A34 7FD72F 3E320A 7CF7A7 000FFF 02 0E9537,2026-07-22T20:35:51.708+00:00,serial_request_midpoint,356.8467,True,matched,32.09345,32.09345,2026-07-22T20:35:51.739+00:00,68.882131,1784752551685.957,2068,False,,,,,,,,,,,,,,False,,,,,,,,,,,,,,True,0.4916959000735219,-11.999797772901072,-11.84158196511778,48.819344725079105,0.11006608890041462,-0.6361150986893833,-2.735682564731154,35.5324869229253,18.3553838246649,-24.92868911430544,0.369369274886236,-0.14583750896064163,0.19165971270065738,False,,,,,,,,,,,,,,False,,,,,,,,,,,,,,False,,,,,,,,,,,,,,True,0.11842684109382559,13.994957130581392,13.725868531856104,78.67726621718873,0.29149124654114433,-0.07830854308574411,-2.940644331876904,0.0,1.4210854715202005e-15,1.1368683772161604e-14,0.0,0.0,0.0,True,2,0.4916959000735119,-12.94121114125302,-9.781906723242352,53.33733116810093,2.6833983750760266,0.45469480664231765,0.13556856464605488,35.19436029700173,16.484303555572247,-20.246226968928386,-0.27673107895816607,2.9631546793456733,0.5078048830834241,True,-3.7059841546405408,-36.55033469443488,74.87179566548211,27.262316072318555,45.91970112337955,-1.9101598013228227
2026-07-22T20:35:52.441+00:00,111.600000,95571.500000,1.219164,4095,2,02,80,FFFFFFFF,32,2.93074121,3.04502630,2.20685135,1.34860987,1.10081432,0.49174293,2.20542646,1.19178974,1.04662053,1.49495638,2.20459162,0.88917067,1.00860333,0.95926562,2.20721022,0.63912024,1.98290858,0.97675568,2.20780179,1.00357394,0.76578692,0.81032785,2.20801867,1.17491463,1.81755546,1.35920567,2.20787917,1.13907148,1.06014682,0.80700610,2.20796234,0.70921844,SD 02 80 FFFFFFFF 91F222 9456DA 7FE8A4 61043E 551E19 2E982D 7FDE0F 59B003 52461E 674BE4 7FD7DB 4972AC 5038CE 4D7C47 7FEB4E 396D2A 791142 4E7718 7FEFB2 4FF261 41E0FD 44AEBE 7FF14E 58DBC1 738717 617D11 7FF045 5711D1 52FE13 4479F2 7FF0E3 3E31D8 7CD7A9 000FFF 02 0E9543,2026-07-22T20:35:52.264+00:00,serial_request_midpoint,355.1884,True,matched,23.5965,23.5965,2026-07-22T20:35:52.287+00:00,69.430323,1784752552219.301,2084,False,,,,,,,,,,,,,,False,,,,,,,,,,,,,,True,0.5400397333931681,-12.390718983683014,-10.522327016000707,48.65228529922297,0.09340319651309897,-0.6434366807450647,-2.7426370107798954,35.759298153191104,16.876256232208423,-25.05313481975508,0.3721084720163143,-0.15875880659256772,0.18254805102173186,False,,,,,,,,,,,,,,False,,,,,,,,,,,,,,False,,,,,,,,,,,,,,True,0.08865379118743312,14.007626825044838,13.732911158117892,78.75221474765183,0.29149238518900233,-0.07995154724864076,-2.9384895500792174,-5.684341886080802e-15,0.0,-1.1368683772161604e-14,0.0,0.0,0.0,True,2,0.5400397333931858,-13.27009121952067,-8.428458653630997,53.16705470519035,2.6816199795450193,0.4432478329907566,0.1191542428321405,35.3509533720124,14.987740585241221,-20.383286189660293,-0.2618040642596046,2.951182457493554,0.51018054338128,True,-4.1180602362908,-35.17371228232839,74.76573642308226,27.54557598072055,44.42465634933388,-1.9953719846893478
2026-07-22T20:35:53.001+00:00,112.100000,95572.000000,1.218554,4095,2,02,80,FFFFFFFF,32,2.93073408,3.04484086,2.20760651,1.34851971,1.10082319,0.49174509,2.20792392,1.19173699,1.04655646,1.49499044,2.20730442,0.88915228,1.00859607,0.95924774,2.20519564,0.63911083,1.98277961,0.97673294,2.20712023,1.00350236,0.76577975,0.81033621,2.20793339,1.17493224,1.81761802,1.35911531,2.20498850,1.13897075,1.06005107,0.80700979,2.20487653,0.70919408,SD 02 80 FFFFFFFF 91F218 9455E1 7FEE3F 610336 551E37 2E9838 7FF09A 59AF5A 52453E 674C40 7FEC01 497265 5038B4 4D7C05 7FDC58 396CFF 791032 4E76C5 7FEAA3 4FF160 41E0DF 44AEE0 7FF0AC 58DBFA 7387A6 617C0A 7FDACE 571084 52FCC7 447A01 7FD9F9 3E316E 7CC7A9 000FFF 02 0E9548,2026-07-22T20:35:52.822+00:00,serial_request_midpoint,358.9669,True,matched,7.90405,7.90405,2026-07-22T20:35:52.829+00:00,69.971863,1784752552752.644,2100,False,,,,,,,,,,,,,,False,,,,,,,,,,,,,,True,0.5296384868092715,-12.286755853685857,-9.046599442382782,48.40895758177487,0.11135162490315202,-0.6445559186319093,-2.7464982809075136,35.375107226652005,15.572543832107167,-25.161801040264795,0.3766904781430754,-0.14660289048893613,0.17962807059926197,False,,,,,,,,,,,,,,False,,,,,,,,,,,,,,False,,,,,,,,,,,,,,True,0.10635019062060609,13.995771637094645,13.724406953607371,78.70299297985346,0.29183244196727626,-0.07569413096623966,-2.940496349287324,0.0,1.4210854715202005e-15,0.0,0.0,0.0,0.0,True,2,0.5296384868093003,-13.221479383185514,-6.9603031585345905,52.91610554645844,2.681593534306453,0.4370812009854624,0.13659061559702393,35.02567642715819,13.66765203933202,-20.493824132616975,-0.2587450853079895,2.9623030054747947,0.5188993544299515,True,-4.395902468319787,-33.76399176288923,74.57811801189494,27.463292644552745,43.04134323611406,-1.9043665898906852
2026-07-22T20:35:53.558+00:00,113.300000,95573.200000,1.217944,4095,2,02,80,FFFFFFFF,32,2.93053024,3.04490863,2.20456009,1.34843979,1.10083531,0.49173171,2.20480346,1.19172701,1.04651842,1.49490529,2.20673823,0.88912353,1.00858545,0.95926725,2.20513150,0.63911674,1.98267341,0.97672527,2.20727021,1.00352242,0.76578023,0.81033474,2.20787496,1.17488496,1.81753533,1.35909436,2.20773126,1.13889543,1.05996830,0.80697910,2.20792813,0.70917983,SD 02 80 FFFFFFFF 91F0FA 94563C 7FD79F 61024C 551E60 2E97F4 7FD96E 59AF3A 5244B9 674B5A 7FE7CD 4971F6 50388E 4D7C4D 7FDBDE 396D1A 790F52 4E76A9 7FEBC0 4FF1A8 41E0E1 44AEDA 7FF03D 58DB61 7386E9 617BCD 7FEF2C 570F8B 52FBA8 447984 7FF0A2 3E3130 7CB7A9 000FFF 02 0E9554,2026-07-22T20:35:53.380+00:00,serial_request_midpoint,356.2662,True,matched,84.6418,84.6418,2026-07-22T20:35:53.465+00:00,70.606401,1784752553386.112,2119,False,,,,,,,,,,,,,,False,,,,,,,,,,,,,,True,0.47663312756519705,-12.371606608213176,-7.0473943940916985,48.20585712953185,0.11846555301724218,-0.6425461890998415,-2.749687444515152,35.08982305417771,13.345042080653343,-25.47768841601711,0.3693088273834021,-0.13923335861002,0.17451939778233122,False,,,,,,,,,,,,,,False,,,,,,,,,,,,,,False,,,,,,,,,,,,,,True,0.060116787516828266,13.99320687566834,13.716499826563368,78.73872047192324,0.28929121889749926,-0.08559368684000794,-2.9393200661079906,5.684341886080802e-15,-1.4210854715202005e-15,0.0,0.0,0.0,0.0,True,2,0.47663312756518544,-13.325575351833379,-4.971838641527818,52.713931551163725,2.6836715629220085,0.4333234741731466,0.1435445808185924,34.767647712280784,11.47769052781682,-20.79261378865316,-0.2517594469056274,2.9720623988738026,0.5091565533792469,True,-4.655628622919588,-31.84990075204748,74.34661782987153,27.470102179737154,41.025860140569286,-2.3746112783749824
2026-07-22T20:35:54.114+00:00,114.500000,95574.400000,1.217944,4095,2,02,80,FFFFFFFF,32,2.93071982,3.04487586,2.20769178,1.34839949,1.10079718,0.49176596,2.20757178,1.19169330,1.04650441,1.49491492,2.20766125,0.88913441,1.00858908,0.95927104,2.20504107,0.63911280,1.98266582,0.97667707,2.20668983,1.00347312,0.76575396,0.81033326,2.20754967,1.17488681,1.81758477,1.35901706,2.20760336,1.13883705,1.05985901,0.80698499,2.20515095,0.70917638,SD 02 80 FFFFFFFF 91F204 945610 7FEEE1 6101D6 551DDF 2E98A2 7FEDFD 59AECE 524488 674B74 7FEEA7 497220 50389B 4D7C5B 7FDB32 396D08 790F42 4E75F9 7FE771 4FF0F7 41E073 44AED4 7FEDD3 58DB67 73875A 617AEC 7FEE39 570ECA 52FA2D 44799C 7FDC03 3E3121 7CB7A9 000FFF 02 0E9560,2026-07-22T20:35:53.937+00:00,serial_request_midpoint,354.9956,True,matched,72.1174,72.1174,2026-07-22T20:35:54.008+00:00,71.150838,1784752553952.871,2136,False,,,,,,,,,,,,,,False,,,,,,,,,,,,,,True,0.3720824934051411,-12.458813994545574,-5.482683195328,48.08337874031493,0.1240841277937249,-0.638334279322876,-2.7567505263155874,34.98731507488925,11.861121198295692,-25.225348025234968,0.3691137718347914,-0.1404784322879529,0.16863717419310528,False,,,,,,,,,,,,,,False,,,,,,,,,,,,,,False,,,,,,,,,,,,,,True,0.10024938329994962,13.97967645641313,13.699702441664623,78.64739187950727,0.29601706586067594,-0.08038340542125914,-2.938506834458968,0.0,1.4210854715202005e-15,0.0,0.0,0.0,0.0,True,2,0.3720824934051372,-13.42183610011583,-3.423772360122072,52.597157361830384,2.688458144279803,0.4252783322064026,0.14907869704933263,34.653373711305086,9.994482160072971,-20.540813393719702,-0.24281614048351188,2.971684677767282,0.5088319731664354,True,-4.983451411153607,-30.44862602843508,74.13833334596612,27.529821207322634,39.58078563303169,-2.115912817023377
2026-07-22T20:35:54.670+00:00,115.000000,95574.900000,1.215502,4095,2,02,80,FFFFFFFF,32,2.93067635,3.04480064,2.20462684,1.34840667,1.10077323,0.49176045,2.20695132,1.19169361,1.04650298,1.49492010,2.20712865,0.88910203,1.00856422,0.95925397,2.20721759,0.63909879,1.98268147,0.97667981,2.20771599,1.00344833,0.76573915,0.81029906,2.20791918,1.17489917,1.81744784,1.35899473,2.20723127,1.13878079,1.05979297,0.80700340,2.20776916,0.70914352,SD 02 80 FFFFFFFF 91F1C7 9455AB 7FD81E 6101EB 551D8E 2E9886 7FE962 59AECF 524483 674B82 7FEAB3 4971A3 503842 4D7C1C 7FEB5C 396CC8 790F63 4E7603 7FEF0F 4FF09E 41E035 44AE49 7FF091 58DB8F 738621 617AAB 7FEB76 570E10 52F948 4479E7 7FEF74 3E3092 7C77A9 000FFF 02 0E9565,2026-07-22T20:35:54.492+00:00,serial_request_midpoint,356.1459,True,matched,64.25385,64.25385,2026-07-22T20:35:54.555+00:00,71.698709,1784752554486.23,2152,False,,,,,,,,,,,,,,False,,,,,,,,,,,,,,True,0.3999650838878841,-12.688429088175367,-4.512022222732744,47.77007935740847,0.125989337964361,-0.6474751133580486,-2.7521598621540204,35.03474671706822,10.977523915416748,-25.539174506257176,0.3803634324156669,-0.13738329895693213,0.17142491219160264,False,,,,,,,,,,,,,,False,,,,,,,,,,,,,,False,,,,,,,,,,,,,,True,0.07646083843073109,13.985985526434641,13.712313073016906,78.69803032897622,0.2918148811035199,-0.07428862230363303,-2.9391246397871407,0.0,1.4210854715202005e-15,0.0,0.0,0.0,0.0,True,2,0.3999650838878345,-13.665394279549542,-2.425200872243953,52.26801644771996,2.6810566364511956,0.42784339688326806,0.1507038513216959,34.72423860867856,9.059460149558888,-20.873840808959642,-0.2474310466892319,2.9714825687857753,0.5260065531816571,True,-5.2011087676001555,-29.283013702131534,74.00703840131939,27.539952974005352,38.416787828775085,-2.109388613739452
2026-07-22T20:35:55.227+00:00,116.100000,95576.000000,1.219164,4095,2,02,80,FFFFFFFF,32,2.93077114,3.04478128,2.20515621,1.34834144,1.10071470,0.49173683,2.20483710,1.19172544,1.04650870,1.49494601,2.20474826,0.88907094,1.00855081,0.95922743,2.20490228,0.63907602,1.98265065,0.97662777,2.20709550,1.00343246,0.76572530,0.81030521,2.20777442,1.17488774,1.81750340,1.35893220,2.20527293,1.13871335,1.05978317,0.80700119,2.20692238,0.70913134,SD 02 80 FFFFFFFF 91F24C 945591 7FDC0D 61012C 551CC8 2E980E 7FD9AE 59AF35 524497 674BC8 7FD905 49712B 503812 4D7BBA 7FDA2A 396C60 790F22 4E7545 7FEA74 4FF065 41DFFB 44AE62 7FEF7E 58DB6A 7386A0 6179F5 7FDCEB 570D31 52F926 4479DE 7FE92B 3E305D 7CD7A9 000FFF 02 0E9570,2026-07-22T20:35:55.049+00:00,serial_request_midpoint,355.4558,True,matched,43.0922,43.0922,2026-07-22T20:35:55.091+00:00,72.234355,1784752555019.59,2168,False,,,,,,,,,,,,,,False,,,,,,,,,,,,,,True,0.35880163697027995,-12.814992055755658,-3.4075354943038407,47.65660775778111,0.12074627826569416,-0.6517174841791232,-2.7528470790917474,34.954172209157086,9.834619487973544,-25.68460124775988,0.3812741803902248,-0.1400710098379904,0.17090163415444612,False,,,,,,,,,,,,,,False,,,,,,,,,,,,,,False,,,,,,,,,,,,,,True,0.13025180690778357,13.995088376659528,13.716627563192478,78.74028938246603,0.29063487693047235,-0.07707934384969581,-2.9399230216007144,0.0,1.4210854715202005e-15,0.0,0.0,0.0,0.0,True,2,0.35880163697028034,-13.774690713660888,-1.3039291148555539,52.150441471098745,2.6787805638678375,0.4255540235051717,0.14550309988112983,34.63049071511573,7.911331980097839,-21.022314447373695,-0.24639158241045298,2.968695224409496,0.5269597905927211,True,-5.310256768299304,-28.110150977654193,73.95299045416894,27.427669888407003,37.25313665316939,-2.2406961625241366
2026-07-22T20:35:55.784+00:00,116.700000,95576.600000,1.217944,4095,2,02,80,FFFFFFFF,32,2.93080322,3.04475819,2.20755072,1.34828783,1.10073568,0.49174116,2.20561681,1.19166240,1.04644063,1.49490714,2.20487547,0.88906809,1.00853404,0.95919411,2.20730547,0.63911017,1.98259139,0.97662120,2.20745651,1.00343190,0.76571766,0.81028922,2.20510889,1.17484417,1.81748677,1.35886762,2.20695448,1.13866828,1.05973011,0.80698425,2.20788444,0.70913846,SD 02 80 FFFFFFFF 91F279 945572 7FEDD5 61008F 551D0F 2E9824 7FDF79 59AE6B 5243A9 674B5F 7FD9F7 497120 5037D6 4D7B3F 7FEC03 396CFC 790EA5 4E752D 7FED22 4FF063 41DFDB 44AE21 7FDBB3 58DADD 73867A 617939 7FE968 570C9C 52F86E 447999 7FF04F 3E307C 7CB7A9 000FFF 02 0E9576,2026-07-22T20:35:55.606+00:00,serial_request_midpoint,357.8858,True,matched,32.3546,32.3546,2026-07-22T20:35:55.638+00:00,72.780561,1784752555586.281,2185,False,,,,,,,,,,,,,,False,,,,,,,,,,,,,,True,0.3124111001008946,-12.930056658052596,-2.4095216422517898,47.400773677115154,0.10232257299457864,-0.6486968906992434,-2.7623934929377962,34.94280325424558,8.874872965172333,-25.83065277690365,0.3801208368824501,-0.15408286192737844,0.16258121169991036,False,,,,,,,,,,,,,,False,,,,,,,,,,,,,,False,,,,,,,,,,,,,,True,0.07403644661653647,13.995904765113874,13.718517374285545,78.73549006665702,0.2911125521036163,-0.0732722785442905,-2.939419815651898,0.0,0.0,-1.1368683772161604e-14,0.0,0.0,0.0,True,2,0.31241110010090545,-13.816359241248657,-0.3043852598219435,51.90894312496654,2.6844592557758618,0.41474514912754723,0.1277095017125054,34.5420405570539,6.9524533879552095,-21.173999959930665,-0.23258525893247547,2.9563980696116188,0.5232929492172623,True,-5.393135874293965,-27.241012977635467,73.56624466588933,27.42820320891401,36.359063132145806,-2.4599427763792505
2026-07-22T20:35:56.340+00:00,117.900000,95577.800000,1.219164,4095,2,02,80,FFFFFFFF,32,2.93077613,3.04480809,2.20518986,1.34828441,1.10067627,0.49173505,2.20522088,1.19158719,1.04645007,1.49490677,2.20718601,0.88907820,1.00851728,0.95923149,2.20529501,0.63908302,1.98258760,0.97659600,2.20471304,1.00345669,0.76572267,0.81030866,2.20489072,1.17489547,1.81752396,1.35885251,2.20470674,1.13862987,1.05970935,0.80698843,2.20509207,0.70913410,SD 02 80 FFFFFFFF 91F253 9455B5 7FDC4D 610085 551C46 2E9805 7FDC88 59AD7A 5243CA 674B5E 7FEB20 497147 50379A 4D7BC9 7FDD15 396C80 790E9D 4E74D1 7FD8C2 4FF0BC 41DFF0 44AE70 7FDA14 58DB83 7386CF 61790D 7FD8B6 570C1D 52F826 4479AA 7FDB93 3E3069 7CD7A9 000FFF 02 0E9582,2026-07-22T20:35:56.163+00:00,serial_request_midpoint,355.6692,True,matched,13.1047,13.1047,2026-07-22T20:35:56.177+00:00,73.318695,1784752556119.61,2201,False,,,,,,,,,,,,,,False,,,,,,,,,,,,,,True,0.3233992266277414,-12.954109213281935,-1.3523081031888113,46.879394718863566,0.09873893254618617,-0.6443181598017858,-2.768892337187129,34.84014969805565,7.673230379326232,-26.32809535482687,0.37346912004338606,-0.15575381279101047,0.1558876331228029,False,,,,,,,,,,,,,,False,,,,,,,,,,,,,,False,,,,,,,,,,,,,,True,0.08159939309388613,13.990892834132627,13.712624768839348,78.70544949598145,0.2902282810196739,-0.07809520370351897,-2.9385551350498758,0.0,0.0,-1.1368683772161604e-14,0.0,0.0,0.0,True,2,0.3233992266277531,-13.819709634322702,0.7409040387293567,51.397128901976146,2.6894457179731757,0.4078647064577654,0.1243343444412453,34.421509173435474,5.781840846592119,-21.66032189675791,-0.2223594463202625,2.9572832529903654,0.5133397842454639,True,-5.507291799321225,-26.323948858649977,72.9370630270313,27.51032866563669,35.35210461098775,-3.1290942087486315
2026-07-22T20:35:56.897+00:00,118.400000,95578.300000,1.218554,4095,2,02,80,FFFFFFFF,32,2.93136993,3.04529742,2.20685714,1.34847258,1.10070642,0.49174529,2.20546274,1.19159562,1.04654016,1.49491010,2.20499270,0.88908519,1.00852063,0.95923962,2.20687503,0.63907821,1.98260040,0.97660039,2.20752178,1.00348426,0.76571981,0.81034089,2.20727442,1.17503855,1.81749946,1.35919949,2.20758704,1.13875871,1.05985007,0.80699727,2.20778126,0.70923108,SD 02 80 FFFFFFFF 91F594 945846 7FE8AF 6102AC 551CAC 2E9839 7FDE54 59AD95 524505 674B67 7FDAD6 497162 5037A6 4D7BE7 7FE8D1 396C6A 790EB8 4E74E1 7FED9E 4FF11F 41DFE4 44AEF3 7FEBC8 58DD52 738697 617CFF 7FEE1A 570DC7 52FA0E 4479CE 7FEF8B 3E320F 7CC7A9 000FFF 02 0E9587,2026-07-22T20:35:56.720+00:00,serial_request_midpoint,355.8763,True,matched,73.83845,73.83845,2026-07-22T20:35:56.793+00:00,73.93576,1784752556719.586,2219,False,,,,,,,,,,,,,,False,,,,,,,,,,,,,,True,0.3226841831909895,-13.096618458929555,-0.4655037396990333,46.40694136339086,0.10067157814412678,-0.6450546113804976,-2.767707384381289,34.933787432578455,6.650211067529396,-26.72724236824693,0.371442509829209,-0.1553579196606562,0.15646076080780144,False,,,,,,,,,,,,,,False,,,,,,,,,,,,,,False,,,,,,,,,,,,,,True,0.12744395013735677,13.990809193567113,13.715989363039984,78.719428311721,0.2920386485308629,-0.08183413825059932,-2.9377132978440743,5.684341886080802e-15,-1.4210854715202005e-15,0.0,0.0,0.0,0.0,True,2,0.322684183190974,-13.970219274659641,1.628950223875281,50.922559461377546,2.68853604109275,0.40910278476368367,0.12618843232477492,34.51666404791136,4.7683586660654305,-22.055480150549045,-0.223226111924669,2.9581076374969686,0.5103769724583229,True,-5.651237250488306,-25.414923262295204,72.48629660681844,27.594665639820676,34.374018265018194,-3.58490429375795
2026-07-22T20:35:57.455+00:00,119.600000,95579.500000,1.215502,4095,2,02,80,FFFFFFFF,32,2.93590673,3.04912663,2.20726126,1.35016219,1.10080575,0.49172324,2.20737494,1.19176851,1.04755643,1.49492380,2.20544697,0.88942016,1.00896491,0.95964520,2.20675875,0.63918942,1.98353360,0.97711397,2.20746651,1.00470320,0.76618558,0.81112053,2.20799077,1.17793364,1.81878563,1.36456811,2.20745493,1.14113676,1.06270565,0.80723394,2.20767125,0.71028206,SD 02 80 FFFFFFFF 920E6A 946C57 7FEBAF 6115FD 551DFC 2E97C9 7FEC87 59AFBF 5252E5 674B8C 7FDE36 49766F 503DDC 4D81C0 7FE7F4 396E66 791668 4E7C34 7FED35 500236 41E782 44BB53 7FF119 5901E2 739212 61B9F1 7FED1F 572C78 5320B4 447D92 7FEEBA 3E43EA 7C77AA 000FFF 02 0E9593,2026-07-22T20:35:57.277+00:00,serial_request_midpoint,356.0526,True,matched,52.1349,52.1349,2026-07-22T20:35:57.328+00:00,74.471367,1784752557252.945,2235,False,,,,,,,,,,,,,,False,,,,,,,,,,,,,,True,0.2940523997800434,-13.187268761360425,0.2990724935698885,46.288308819955624,0.10213412306735124,-0.6486527202661687,-2.7664157100998006,34.90419536361377,5.980676401755116,-26.731878684117497,0.3772685616029102,-0.15524734690532857,0.1577218726569543,False,,,,,,,,,,,,,,False,,,,,,,,,,,,,,False,,,,,,,,,,,,,,True,0.10028300190958178,13.991723404295195,13.71028512200743,78.69365471967208,0.2925534830641165,-0.07699563433370236,-2.9381613255417625,0.0,-1.4210854715202005e-15,0.0,0.0,0.0,0.0,True,2,0.2940523997800645,-14.068034945761132,2.404144510087341,50.79759324152907,2.685782523364836,0.40942373006200794,0.12752515359080951,34.49162168038023,4.0715681983964505,-22.07078309566135,-0.22518980469659783,2.956594693385655,0.51900751311745,True,-5.760704288193456,-24.581250622141987,72.43894305237588,27.52286459390593,33.55958750625446,-3.4303845832567275
2026-07-22T20:35:58.011+00:00,120.100000,95580.000000,1.217944,4095,2,02,80,FFFFFFFF,32,2.97185834,3.08174106,2.20522771,1.36515336,1.10217924,0.49174411,2.20490228,1.19341659,1.05276617,1.49509262,2.20716865,0.89149036,1.01119180,0.96169147,2.20752756,0.63978683,1.98899224,0.97961003,2.20541174,1.00857623,0.76740779,0.81259454,2.20458006,1.18173290,1.82096203,1.37410487,2.20692028,1.14566732,1.06896295,0.80763421,2.20541226,0.71164179,SD 02 80 FFFFFFFF 92D1B0 951613 7FDC95 61C093 553020 2E9833 7FDA2A 59C45D 5299E3 674D54 7FEAFF 4995A0 505CF7 4D9F3B 7FEDA9 39790E 79434E 4E9FC4 7FDDF3 50386D 41FB7C 44D2B4 7FD7C5 5931C5 73A57B 6225C1 7FE927 5766D2 537528 4483F0 7FDDF4 3E5AFF 7CB7AA 000FFF 02 0E9598,2026-07-22T20:35:57.833+00:00,serial_request_midpoint,356.4924,True,matched,26.2507,26.2507,2026-07-22T20:35:57.859+00:00,75.001923,1784752557786.314,2251,False,,,,,,,,,,,,,,False,,,,,,,,,,,,,,True,0.37299124913773024,-13.220635655219425,1.0850567243854803,46.254007177373964,0.1023595043955008,-0.6541023638589449,-2.767933958633703,34.81867964303536,5.1677974324681335,-26.632383298445024,0.37976801234581126,-0.1571594491504626,0.15588581367285756,False,,,,,,,,,,,,,,False,,,,,,,,,,,,,,False,,,,,,,,,,,,,,True,0.1010101565351057,13.981165814127767,13.700421093383804,78.64605869008724,0.2953274840545035,-0.07842693107529695,-2.9379598289960094,0.0,1.4210854715202005e-15,0.0,0.0,0.0,0.0,True,2,0.3729912491376633,-14.10138586810595,3.2073001688368414,50.755238562900004,2.6827878263768103,0.40535117729768055,0.12762185809386756,34.396186543645605,3.2465932015151573,-21.977150109334353,-0.22230607760179405,2.9543145146462853,0.5224686041730401,True,-5.892034579267741,-23.728423726391977,72.49563056462338,27.45887168093956,32.696234466747114,-3.2644911166371005
2026-07-22T20:35:58.570+00:00,121.300000,95581.200000,1.216113,4095,2,02,80,FFFFFFFF,32,3.01580009,3.12022269,2.20696974,1.38168681,1.10457968,0.49176202,2.20746651,1.19537744,1.05760870,1.49533107,2.20789286,0.89362932,1.01348650,0.96363064,2.20565310,0.64043882,1.99701070,0.98281369,2.20446758,1.01262693,0.76884423,0.81403521,2.20674928,1.18467116,1.82371426,1.38498154,2.20522140,1.15128911,1.07693864,0.80817511,2.20729810,0.71299196,SD 02 80 FFFFFFFF 93BCB6 95DBAC 7FE985 627B0F 554FCB 2E988E 7FED35 59DCDE 52DBAC 674FD8 7FF05F 49B5CF 507CF9 4DBB22 7FDFBE 3984AE 79850C 4ECD54 7FD6EF 5070FD 4212F1 44E988 7FE7E2 5956BB 73BDFF 62A004 7FDC89 57AF02 53E056 448C8A 7FEBF5 3E71E5 7C87AA 000FFF 02 0E95A4,2026-07-22T20:35:58.392+00:00,serial_request_midpoint,357.1085,True,matched,89.02595,89.02595,2026-07-22T20:35:58.480+00:00,75.622537,1784752558419.585,2270,False,,,,,,,,,,,,,,False,,,,,,,,,,,,,,True,0.2628977751772876,-13.568910045708046,2.059899229913648,45.83565601530612,0.09896385030253889,-0.6523624378343971,-2.7715928413287925,35.073394470800714,4.1479359504136735,-26.91728781264917,0.37789584033024215,-0.16038423965229523,0.15398818655350727,False,,,,,,,,,,,,,,False,,,,,,,,,,,,,,False,,,,,,,,,,,,,,True,0.06881405217954518,13.979959048457781,13.700988633528144,78.65993978009966,0.29704136430702077,-0.07862977765949082,-2.938873700426722,0.0,0.0,0.0,0.0,0.0,0.0,True,2,0.2628977751772977,-14.433592974058456,4.1785010617459015,50.34171559750523,2.685167626371777,0.40125804015782035,0.12438093389996223,34.632427271407735,2.2346007949262274,-22.26052716187621,-0.21916273003421186,2.9518693011228034,0.5192487062567488,True,-6.277734686892396,-22.818408856754388,72.0262756618504,27.717511601467418,31.72930451182878,-3.61065561642323
2026-07-22T20:35:59.125+00:00,122.500000,95582.400000,1.219774,4095,2,02,80,FFFFFFFF,32,3.06299168,3.16203054,2.20772547,1.39734947,1.10716403,0.49177718,2.20802341,1.19753156,1.06093381,1.49556511,2.20534654,0.89534646,1.01524516,0.96500521,2.20466048,0.64100891,2.00664267,0.98567341,2.20481660,1.01539667,0.76992876,0.81473879,2.20502162,1.18511908,1.82573522,1.39138732,2.20479610,1.15567577,1.08232121,0.80854319,2.20672297,0.71363086,SD 02 80 FFFFFFFF 94B4C1 96AF24 7FEF21 632A25 5571D6 2E98DB 7FF157 59F7C1 5308BB 675250 7FDD77 49CF9D 509579 4DCEE4 7FD85E 398ED7 79D3B0 4EF5EC 7FD987 509795 4224A3 44F4AC 7FDB0D 595C5C 73CFFA 62E7AD 7FD960 57E72B 542860 449264 7FE7B0 3E7CB9 7CE7A8 000FFF 02 0E95B0,2026-07-22T20:35:58.948+00:00,serial_request_midpoint,356.1465,True,matched,76.61945,76.61945,2026-07-22T20:35:59.024+00:00,76.166916,1784752558952.883,2286,False,,,,,,,,,,,,,,False,,,,,,,,,,,,,,True,0.2085679123001458,-13.44439356041508,3.2364975731196397,45.942374067969226,0.10450385671952937,-0.6563620433501997,-2.7649427981742742,34.61644926414146,3.1325666357480833,-26.931557421049565,0.3859902814128363,-0.15331070785823103,0.15829695201153748,False,,,,,,,,,,,,,,False,,,,,,,,,,,,,,False,,,,,,,,,,,,,,True,0.11467366449683244,13.979412337195615,13.704004359806358,78.68052444743344,0.2909739362549181,-0.07257834832199064,-2.93890522494548,-5.684341886080802e-15,0.0,0.0,0.0,0.0,0.0,True,2,0.2085679123001505,-14.33636713420025,5.364707483671078,50.43857567352823,2.680322738907215,0.4083934261698457,0.12964459028487255,34.218090348329945,1.1834890145867127,-22.285792709141173,-0.226331235757265,2.9561723478295514,0.5322317149657313,True,-6.0844022325171,-21.50951282133761,72.23886633653078,27.244817779819943,30.501388759187442,-3.3806204279120493
2026-07-22T20:35:59.683+00:00,123.000000,95582.900000,1.220385,4095,2,02,80,FFFFFFFF,32,3.06452716,3.16596166,2.20489492,1.40037066,1.10856063,0.49181656,2.20510153,1.19866339,1.06076213,1.49569436,2.20702762,0.89574964,1.01547270,0.96506095,2.20502793,0.64113628,2.00986713,0.98657928,2.20481397,1.01557372,0.77014217,0.81453252,2.20681820,1.18371012,1.82585646,1.39142195,2.20500742,1.15753463,1.08366068,0.80866827,2.20677980,0.71373483,SD 02 80 FFFFFFFF 94BCC0 96C2DB 7FDA1C 634BBE 558436 2E99A3 7FDBA5 5A05DE 530668 6753AD 7FE9F3 49D5AB 5098A4 4DCFB1 7FDB19 39911C 79EDEF 4F02C4 7FD982 509A0C 42281E 44F168 7FE865 594AA6 73D10E 62E810 7FDAF2 57FEEC 543A44 449461 7FE81C 3E7E7C 7CF7A8 000FFF 02 0E95B5,2026-07-22T20:35:59.505+00:00,serial_request_midpoint,356.1873,True,matched,63.03985,63.03985,2026-07-22T20:35:59.566+00:00,76.709673,1784752559486.244,2302,False,,,,,,,,,,,,,,False,,,,,,,,,,,,,,True,0.2513488094571392,-13.772511171795776,4.056300133965392,45.95494134944421,0.09732022220100603,-0.6640038666065667,-2.771936432716078,34.858267313748286,2.176518498473624,-26.71807750253052,0.3873343837397913,-0.16201997576729274,0.15116128407981094,False,,,,,,,,,,,,,,False,,,,,,,,,,,,,,False,,,,,,,,,,,,,,True,0.07905066270402962,13.981070478772915,13.702048430089548,78.67175573738842,0.295978985398603,-0.07664527444277741,-2.9382303281611564,0.0,0.0,0.0,0.0,0.0,0.0,True,2,0.251348809457142,-14.633498052456414,6.21268656685036,50.44375215935198,2.67792214487869,0.3964726404122814,0.12255335378858882,34.41100870457244,0.21909376345910375,-22.080279373351516,-0.21492089473271822,2.948180015719405,0.533040927923474,True,-6.577685181514795,-20.640011857921415,72.34370149784999,27.55288558864168,29.546766088699133,-3.148161212875266
2026-07-22T20:36:00.240+00:00,124.200000,95584.100000,1.216113,4095,2,02,80,FFFFFFFF,32,3.04995850,3.15321331,2.20491805,1.39707013,1.10880955,0.49180396,2.20479031,1.19905483,1.05980739,1.49570918,2.20710024,0.89560527,1.01523731,0.96480431,2.20780600,0.64110295,2.00991228,0.98665673,2.20767704,1.01524516,0.77009234,0.81430802,2.20535863,1.18277012,1.82557972,1.39010189,2.20480819,1.15826853,1.08333771,0.80869383,2.20491490,0.71358406,SD 02 80 FFFFFFFF 9470B2 9682D1 7FDA48 632709 55877C 2E9963 7FD955 5A0ABF 52F97A 6753D5 7FEA7D 49D380 50955D 4DCC01 7FEFBA 399084 79EE4D 4F03DD 7FEEC5 509579 42274E 44EDDA 7FDD8E 593ED3 73CE98 62D951 7FD977 58084B 5435F4 4494C9 7FDA42 3E7BEE 7C87AA 000FFF 02 0E95C1,2026-07-22T20:36:00.062+00:00,serial_request_midpoint,356.6988,True,matched,39.3235,39.3235,2026-07-22T20:36:00.101+00:00,77.243273,1784752560019.586,2318,False,,,,,,,,,,,,,,False,,,,,,,,,,,,,,True,0.26835562614150393,-13.879080634489437,4.63425019024878,46.19652084326198,0.10075275666165041,-0.6781106597520377,-2.7696421655360393,34.69734858230301,1.7191289724343015,-26.768888764183906,0.3985973482412178,-0.1542627373760199,0.1523717406913809,False,,,,,,,,,,,,,,False,,,,,,,,,,,,,,False,,,,,,,,,,,,,,True,0.16828813930019718,14.003526180193816,13.728065728848128,78.8047646613928,0.2876863192146573,-0.07639890608123358,-2.941643337992601,0.0,1.4210854715202005e-15,0.0,0.0,0.0,0.0,True,2,0.2683556261415613,-14.756687372297709,6.833237904482322,50.66138175374696,2.6681263151570946,0.39402488536630437,0.12555352600283184,34.294393580546696,-0.28813609092425807,-22.14836522939339,-0.21755123050890282,2.9526206039590703,0.5509235059395654,True,-6.805556973065689,-19.817204771176613,72.84481578227314,27.4834555464314,28.815332216580323,-2.856642385083558
2026-07-22T20:36:00.796+00:00,124.700000,95584.600000,1.217944,4095,2,02,80,FFFFFFFF,32,3.02757651,3.13302084,2.20685872,1.39054448,1.10860904,0.49183349,2.20779916,1.19900813,1.05777112,1.49567992,2.20532393,0.89505494,1.01447299,0.96409603,2.20723706,0.64090390,2.00770559,0.98582325,2.20765020,1.01387104,0.76970030,0.81380240,2.20778600,1.18152162,1.82488804,1.38729504,2.20758178,1.15804885,1.08208764,0.80867589,2.20810080,0.71349831,SD 02 80 FFFFFFFF 93FB07 961CC2 7FE8B2 62DE43 5584D9 2E99F9 7FEFAD 5A0A2A 52DDE0 675386 7FDD4C 49CB3C 508AB8 4DC1D3 7FEB81 398CF8 79DC58 4EF80C 7FEE92 508255 4220E9 44E5D8 7FEF94 592F1C 73C871 62B9ED 7FEE10 58057D 542541 449480 7FF1EA 3E7A7A 7CB7AA 000FFF 02 0E95C6,2026-07-22T20:36:00.618+00:00,serial_request_midpoint,357.046,True,matched,20.0284,20.0284,2026-07-22T20:36:00.638+00:00,77.781029,1784752560586.238,2335,False,,,,,,,,,,,,,,False,,,,,,,,,,,,,,True,0.20579307073567762,-14.054877583395859,5.677521911095883,46.362958925427165,0.0971071546853929,-0.6894594681920413,-2.770861155262318,34.72448848406651,0.5975267725708747,-26.249085720593605,0.40602954038478706,-0.16285754189790455,0.14841663189425222,False,,,,,,,,,,,,,,False,,,,,,,,,,,,,,False,,,,,,,,,,,,,,True,0.09870129924796364,13.984711001509831,13.704738838227737,78.68179090130575,0.2945642955513728,-0.07550119696351948,-2.938652939468766,0.0,0.0,0.0,0.0,0.0,0.0,True,2,0.20579307073566935,-14.920659842943882,7.914115067602364,50.8114188097824,2.6614369141573335,0.38816888679348227,0.12182375611949955,34.27914578764434,-1.4462639836800633,-21.648508317831624,-0.21098817108044368,2.942684368420756,0.5606110961007975,True,-7.071998399141554,-18.60088900815249,73.1927589648183,27.47191929733996,27.527948056781685,-2.1618970455706745
2026-07-22T20:36:01.354+00:00,125.900000,95585.800000,1.218554,4095,2,02,80,FFFFFFFF,32,3.02383919,3.12942145,2.20781337,1.38909440,1.10837411,0.49185633,2.20802130,1.19908335,1.05764786,1.49568066,2.20793444,0.89502426,1.01448701,0.96408870,2.20754914,0.64088286,2.00734818,0.98582738,2.20521982,1.01398457,0.76973047,0.81386036,2.20497956,1.18173290,1.82481339,1.38717778,2.20669509,1.15858281,1.08198008,0.80871595,2.20491175,0.71347272,SD 02 80 FFFFFFFF 93E748 960A7C 7FEFC8 62CE0E 5581C2 2E9A6D 7FF153 5A0B1A 52DC34 675388 7FF0AE 49CAC6 508AEA 4DC1B8 7FEDD2 398C98 79D96F 4EF81B 7FDC86 5083EA 422167 44E6C3 7FDABD 5931C5 73C7C7 62B89D 7FE77B 580C4E 5423D1 449523 7FDA3C 3E7A0B 7CC7A8 000FFF 02 0E95D2,2026-07-22T20:36:01.177+00:00,serial_request_midpoint,355.6656,True,matched,83.6956,83.6956,2026-07-22T20:36:01.259+00:00,78.401877,1784752561186.201,2353,False,,,,,,,,,,,,,,False,,,,,,,,,,,,,,True,0.13960209723215478,-14.367532944171296,7.0605588564931026,46.242190944659214,0.09433658228358087,-0.6916258415333535,-2.777558990331246,34.72144789640032,-0.7466447531613916,-26.41148636521006,0.40809084402628004,-0.16186336604669324,0.1422941008831497,False,,,,,,,,,,,,,,False,,,,,,,,,,,,,,False,,,,,,,,,,,,,,True,0.10737313768713568,13.992530796840246,13.718640882985033,78.72418230547036,0.28998410749542525,-0.07474368099250699,-2.940577972146873,0.0,0.0,1.1368683772161604e-14,0.0,0.0,0.0,True,2,0.1396020972321635,-15.21590476632262,9.305083654352329,50.69001026834096,2.6622585389952715,0.3785970857609013,0.11913809149957447,34.275483520751116,-2.798961892009435,-21.814766535789897,-0.20198363911273626,2.9437810314104405,0.5639783967228954,True,-7.5527800642232705,-17.25718686669409,73.07959756464841,27.674639939375616,26.16574119964763,-2.243201612194389
2026-07-22T20:36:01.909+00:00,126.400000,95586.300000,1.217333,4095,2,02,80,FFFFFFFF,32,3.01623763,3.12262908,2.20691028,1.38709577,1.10826898,0.49185160,2.20772810,1.19912222,1.05666126,1.49569659,2.20737967,0.89480871,1.01416820,0.96381836,2.20792865,0.64082630,2.00609415,0.98545363,2.20758178,1.01319283,0.76944266,0.81347939,2.20743125,1.18037666,1.82415270,1.38385673,2.20521982,1.15777229,1.08030002,0.80860143,2.20504685,0.71312562,SD 02 80 FFFFFFFF 93BF08 95E7EF 7FE914 62B7B2 558060 2E9A55 7FEF26 5A0B96 52CED1 6753B3 7FEC90 49C789 508679 4DBDD5 7FF0A3 398B96 79CF38 4EF2CE 7FEE10 5078E1 421CB5 44E0BA 7FECF2 5920B0 73C1E6 629368 7FDC86 5801F5 540D5A 449351 7FDB3D 3E7429 7CA7A8 000FFF 02 0E95D7,2026-07-22T20:36:01.733+00:00,serial_request_midpoint,354.5756,True,matched,60.7206,60.7206,2026-07-22T20:36:01.793+00:00,78.935827,1784752561719.488,2369,False,,,,,,,,,,,,,,False,,,,,,,,,,,,,,True,0.10777175213429437,-14.800177265046973,8.405920137021573,46.22350187802296,0.0904534339574635,-0.6906789607213033,-2.7819416455196735,34.930598841559245,-2.39961970653925,-26.229991035318655,0.40087052898396075,-0.16667930265960076,0.13634311265812107,False,,,,,,,,,,,,,,False,,,,,,,,,,,,,,False,,,,,,,,,,,,,,True,0.09119140629030319,13.991158425494712,13.715863766015698,78.7316674320848,0.29324311971057715,-0.08334048662200749,-2.9377123890390786,0.0,1.4210854715202005e-15,0.0,0.0,0.0,0.0,True,2,0.10777175213431475,-15.63002494863422,10.649302415695793,50.67539044576245,2.664340018977682,0.37329759870173485,0.11545802746113619,34.45180463339138,-4.419277016369876,-21.622121299435605,-0.1926371465859385,2.9417026196873177,0.5526768405290128,True,-8.042608200484269,-15.971505561427273,73.02119552114927,27.98901947309786,24.717215420655272,-2.260599376528444
2026-07-22T20:36:02.469+00:00,127.600000,95587.500000,1.220385,4095,2,02,80,FFFFFFFF,32,2.99633114,3.10524840,2.20708182,1.38031303,1.10769979,0.49186046,2.20788444,1.19865054,1.05465736,1.49566955,2.20747441,0.89408663,1.01336291,0.96307848,2.20532182,0.64059201,2.00358784,0.98446583,2.20710550,1.01171436,0.76895935,0.81286783,2.20784127,1.17883534,1.82316492,1.37957128,2.20541279,1.15611302,1.07776872,0.80847831,2.20743020,0.71264843,SD 02 80 FFFFFFFF 935512 958F1F 7FEA5A 626BA1 5578E3 2E9A82 7FF04F 5A05B5 52B39A 67536A 7FED44 49BCAF 507B40 4DB331 7FDD48 398769 79BAC9 4EE4CA 7FEA87 506442 4214D2 44D709 7FEFFD 590D42 73B91B 62634B 7FDDF5 57ECC2 53EB76 44915C 7FECF0 3E6C12 7CF7AA 000FFF 02 0E95E3,2026-07-22T20:36:02.290+00:00,serial_request_midpoint,357.5195,True,matched,34.54655,34.54655,2026-07-22T20:36:02.323+00:00,79.466416,1784752562252.8,2385,False,,,,,,,,,,,,,,False,,,,,,,,,,,,,,True,0.06028443111489751,-14.467696512687306,9.765896741483532,46.217437208952944,0.1130581770141251,-0.6901923208821573,-2.7660115519844597,34.28522177321741,-3.4193250024171724,-26.362453715716516,0.4100167813271631,-0.14772773457236651,0.15186072202137138,False,,,,,,,,,,,,,,False,,,,,,,,,,,,,,False,,,,,,,,,,,,,,True,0.08367796511908415,13.98982834708662,13.716403366410606,78.72451271084805,0.2885242331225583,-0.07309605724146216,-2.93980267664878,-5.684341886080802e-15,0.0,0.0,0.0,0.0,0.0,True,2,0.060284431114927234,-15.39232940199848,11.995931716189059,50.65733822966641,2.658894058373283,0.39370530563022177,0.13707441517043636,33.91889339612501,-5.477111035688756,-21.761144858060085,-0.2175081073596821,2.9559178914046096,0.5689449613410992,True,-7.593327583118983,-14.471363061818428,73.1123864927034,27.197209915652202,23.404045204458917,-2.107414928281719
2026-07-22T20:36:03.024+00:00,128.100000,95588.000000,1.220385,4095,2,02,80,FFFFFFFF,32,2.97802209,3.08909673,2.20740757,1.37359531,1.10685393,0.49183605,2.20764441,1.19799416,1.05278340,1.49555363,2.20765230,0.89335526,1.01258492,0.96241251,2.20534549,0.64038557,2.00062541,0.98344673,2.20465154,1.01041149,0.76852023,0.81240729,2.20507787,1.17780238,1.82223945,1.37605025,2.20722758,1.15453200,1.07542878,0.80831491,2.20786917,0.71226812,SD 02 80 FFFFFFFF 92F2E5 953C11 7FECC5 622002 556DC1 2E9A06 7FEE87 59FD86 529A1F 675231 7FEE96 49B1B0 507067 4DA99C 7FDD75 3983BB 79A29A 4ED652 7FD84D 505212 420DA7 44CFBC 7FDB78 59003A 73B0DD 623BAD 7FEB6F 57D88A 53CC16 448EC3 7FF032 3E659F 7CF7AA 000FFF 02 0E95E8,2026-07-22T20:36:02.847+00:00,serial_request_midpoint,354.3996,True,matched,7.4368,7.4368,2026-07-22T20:36:02.853+00:00,79.996194,1784752562786.112,2401,False,,,,,,,,,,,,,,False,,,,,,,,,,,,,,True,0.10729142357969695,-14.65208316303649,10.857736025654436,46.04347900975306,0.09723138904329369,-0.6973765810794863,-2.776358622370972,34.30732417049353,-4.714628429561779,-26.430350276064253,0.4074687034161498,-0.15992497446665607,0.14134725251557675,False,,,,,,,,,,,,,,False,,,,,,,,,,,,,,False,,,,,,,,,,,,,,True,0.05752601628373322,13.991066311233066,13.717385844441248,78.7417361466736,0.2902595852592051,-0.08194401671711497,-2.939415530462057,-5.684341886080802e-15,0.0,-1.1368683772161604e-14,0.0,0.0,0.0,True,2,0.10729142357972515,-15.51227863247835,13.118687892728465,50.48069474791868,2.658152972301676,0.3778689329949808,0.12178268039922291,33.86950665898395,-6.763430825549581,-21.83127997145825,-0.20072860281509028,2.9459471516361586,0.5634057276740296,True,-7.902200619064634,-13.358460411766444,72.9888853687502,27.325614606081764,22.219003177235322,-2.266840015090236
2026-07-22T20:36:03.583+00:00,129.300000,95589.200000,1.217944,4095,2,02,80,FFFFFFFF,32,2.96623741,3.07843517,2.20758283,1.36877979,1.10613010,0.49185023,2.20795445,1.19744325,1.05143363,1.49548697,2.20531867,0.89275666,1.01196436,0.96190745,2.20494854,0.64019297,1.99827032,0.98257287,2.20704709,1.00938723,0.76815275,0.81206043,2.20544539,1.17700364,1.82153138,1.37308312,2.20705393,1.15301135,1.07336574,0.80820533,2.20749914,0.71190335,SD 02 80 FFFFFFFF 92B356 9504F7 7FEE12 61E9A0 556439 2E9A4E 7FF0D4 59F6A7 5287C0 67517D 7FDD42 49A8AF 5067BF 4DA257 7FDA82 39804C 798F5A 4EC9E8 7FEA18 5043C3 4207A7 44CA3C 7FDE33 58F625 73AA8E 621A3B 7FEA25 57C513 53B063 448D05 7FED73 3E5F6F 7CB7AA 000FFF 02 0E95F4,2026-07-22T20:36:03.404+00:00,serial_request_midpoint,359.1567,True,matched,66.53905,66.53905,2026-07-22T20:36:03.469+00:00,80.612224,1784752563419.452,2420,False,,,,,,,,,,,,,,False,,,,,,,,,,,,,,True,0.09172622105694178,-14.962003787799963,12.336022000288175,45.71093225815179,0.08059575458197933,-0.7155560217159898,-2.793221992564162,34.360762834088376,-6.3666140190591785,-26.617311158899277,0.416049104902878,-0.17326752004408902,0.12082862244764583,False,,,,,,,,,,,,,,False,,,,,,,,,,,,,,False,,,,,,,,,,,,,,True,0.07570162637439781,13.989729333310603,13.710415143211936,78.71979838091477,0.289854820366593,-0.08520138700796547,-2.9377477610864826,0.0,0.0,0.0,0.0,0.0,0.0,True,2,0.09172622105692482,-15.747518544546006,14.660555598342388,50.1291030521924,2.6523548293045693,0.3491290501244815,0.1056901506592785,33.84015314534967,-8.455556734677021,-22.045002449973275,-0.16926510287829957,2.9326595923717456,0.5743423401661666,True,-8.61759354026215,-11.75309300878978,72.86793880568649,27.762431586314335,20.446831704253952,-2.2135991232257197
2026-07-22T20:36:04.139+00:00,130.500000,95590.400000,1.217944,4095,2,02,80,FFFFFFFF,32,2.95673783,3.06980504,2.20757072,1.36458258,1.10543950,0.49185909,2.20756335,1.19684055,1.05019333,1.49544809,2.20770862,0.89222863,1.01140953,0.96142723,2.20770178,0.64002888,1.99601661,0.98175498,2.20748178,1.00842565,0.76778417,0.81170036,2.20802920,1.17627640,1.82079726,1.37051502,2.20755125,1.15160604,1.07146763,0.80806750,2.20787075,0.71157871,SD 02 80 FFFFFFFF 927FE4 94D833 7FEDFB 61BA1B 555B20 2E9A7B 7FEDED 59EF22 5276DB 675114 7FEF01 49A0BD 506001 4D9B6D 7FEEF4 397D5F 797CE9 4EBE48 7FED52 503652 4201A2 44C486 7FF162 58ECF6 73A403 61FD3D 7FEDD6 57B312 5396DF 448AD4 7FF035 3E59ED 7CB7AB 000FFF 02 0E9600,2026-07-22T20:36:03.962+00:00,serial_request_midpoint,354.7578,True,matched,56.9995,56.9995,2026-07-22T20:36:04.018+00:00,81.161281,1784752563952.784,2436,False,,,,,,,,,,,,,,False,,,,,,,,,,,,,,True,0.08363535326839514,-14.721769081502126,12.420731641021764,45.506375162753145,0.0812956384217931,-0.7327806195670603,-2.794552564320038,34.23210960821398,-6.302812575054069,-26.726250160613063,0.4313286322120341,-0.17729176258409415,0.11773648564980287,False,,,,,,,,,,,,,,False,,,,,,,,,,,,,,False,,,,,,,,,,,,,,True,0.06644855784490142,13.985837868932176,13.704475617144311,78.6738370315162,0.29431573222424195,-0.07942538958121446,-2.9377687151327523,0.0,-1.4210854715202005e-15,0.0,0.0,0.0,0.0,True,2,0.08363535326839533,-15.50903700004844,14.79755342864315,49.89632396361833,2.6418840045812875,0.3406607508026809,0.10607164935381096,33.69492727676116,-8.461978954983014,-22.188612146573043,-0.16458513442450806,2.924660555776794,0.5961783570234074,True,-8.592270432738994,-11.403129668531856,72.94526884677745,27.63442142732376,20.14016390290755,-1.9214217266380955
2026-07-22T20:36:04.695+00:00,131.000000,95590.900000,1.215502,4095,2,02,80,FFFFFFFF,32,2.94984315,3.06320241,2.20741809,1.36121092,1.10481882,0.49184452,2.20771178,1.19637295,1.04931924,1.49539254,2.20542804,0.89177006,1.01096542,0.96101957,2.20724600,0.63990007,1.99409564,0.98108609,2.20760651,1.00766399,0.76749363,0.81145068,2.20498324,1.17579339,1.82036087,1.36850554,2.20697079,1.15033317,1.06989954,0.80796580,2.20774758,0.71131423,SD 02 80 FFFFFFFF 925A6F 94B5DA 7FECD9 6193DA 5552F2 2E9A31 7FEF07 59E94C 526AF1 67507E 7FDE12 4999D6 5059CE 4D958E 7FEB92 397B13 796D2D 4EB4C5 7FEE3F 502BAB 41FCE3 44C090 7FDAC4 58E6DC 73A01F 61E686 7FE987 57A2C0 5381C5 448936 7FEF4B 3E5570 7C77AB 000FFF 02 0E9605,2026-07-22T20:36:04.518+00:00,serial_request_midpoint,355.8454,True,matched,45.6006,45.6006,2026-07-22T20:36:04.563+00:00,81.705927,1784752564486.102,2452,False,,,,,,,,,,,,,,False,,,,,,,,,,,,,,True,0.07652844517811055,-13.873118703370329,12.47362372954981,45.62415193796755,0.08375887606718935,-0.729196508247507,-2.7774079003183756,33.335851119810954,-6.142677119383286,-26.89084880064538,0.4316690232221054,-0.1727291216941144,0.13463846005843885,False,,,,,,,,,,,,,,False,,,,,,,,,,,,,,False,,,,,,,,,,,,,,True,0.06936279702823159,13.98641203427108,13.711849309700378,78.70651197750283,0.291069634211525,-0.07727249219047196,-2.9380705136551897,0.0,1.4210854715202005e-15,-1.1368683772161604e-14,0.0,0.0,0.0,True,2,0.07652844517809759,-14.69110248625832,14.840187458256128,50.014026843745185,2.6388039805811583,0.3644131273425813,0.10839271887399397,32.839589303313254,-8.304869997810723,-22.349993241894765,-0.19000162013650385,2.927334531146749,0.5970498281797254,True,-7.265739180492463,-11.21667833841597,73.06776925932175,26.301548195892206,20.214755055180802,-2.114966183682088
2026-07-22T20:36:05.252+00:00,132.200000,95592.100000,1.219165,4095,2,02,80,FFFFFFFF,32,2.94554555,3.05900598,2.20746283,1.35863336,1.10430236,0.49182699,2.20791286,1.19588231,1.04858508,1.49534255,2.20499165,0.89142966,1.01058716,0.96071803,2.20486811,0.63976624,1.99259890,0.98054212,2.20470884,1.00706654,0.76724331,0.81125445,2.20724916,1.17544467,1.81996617,1.36700896,2.20715128,1.14923838,1.06859820,0.80787909,2.20772494,0.71108638,SD 02 80 FFFFFFFF 924309 949FFA 7FED2E 61768F 554C23 2E99D8 7FF085 59E32C 5260EE 674FF7 7FDAD4 4994B6 505486 4D9136 7FD9E9 3978B0 7960E8 4EAD08 7FD8BA 50234F 41F8CC 44BD73 7FEB98 58E274 739C9A 61D597 7FEADE 5794B4 53703E 4487D5 7FEF20 3E5192 7CD7AB 000FFF 02 0E9611,2026-07-22T20:36:05.075+00:00,serial_request_midpoint,355.591,True,matched,96.0775,96.0775,2026-07-22T20:36:05.170+00:00,82.31303,1784752565119.446,2471,False,,,,,,,,,,,,,,False,,,,,,,,,,,,,,True,0.09897856011139211,-12.856321243535266,12.937309370465325,45.87848987873973,0.0934074731050556,-0.7300011640583208,-2.759742757852294,32.16702596421588,-6.605706620224299,-26.912528907185134,0.426859068261542,-0.16243379010553194,0.150850573303665,False,,,,,,,,,,,,,,False,,,,,,,,,,,,,,False,,,,,,,,,,,,,,True,0.06668948185265845,13.99424688747151,13.717750676435776,78.75819538114939,0.2883780998861562,-0.08806523456213362,-2.9381374459991996,-5.684341886080802e-15,0.0,1.1368683772161604e-14,0.0,0.0,0.0,True,2,0.09897856011136912,-13.729757964342522,15.302626034114297,50.25834245222494,2.6323936765257177,0.38685585108683856,0.11747822262183515,31.73620529741702,-8.745071641263445,-22.35421408152114,-0.21489350585272285,2.9369423474174576,0.591352171817561,True,-5.911201611339313,-10.545333115562538,73.4170233102466,24.828619798991472,19.79479923837733,-2.2710781837704643
2026-07-22T20:36:05.809+00:00,132.700000,95592.600000,1.219165,4095,2,02,80,FFFFFFFF,32,2.94261811,3.05635669,2.20761336,1.35683447,1.10388498,0.49185790,2.20538439,1.19551130,1.04808828,1.49529553,2.20682873,0.89113965,1.01030353,0.96052363,2.20465365,0.63968169,1.99139790,0.98009193,2.20471147,1.00661609,0.76706163,0.81111463,2.20716707,1.17520760,1.81971170,1.36584536,2.20735968,1.14836270,1.06758875,0.80779557,2.20736283,0.71090436,SD 02 80 FFFFFFFF 923313 949226 7FEE4C 616217 5546A2 2E9A75 7FDDBF 59DE8A 525A27 674F78 7FE879 499058 505090 4D8E69 7FD851 39772E 79570E 4EA6A0 7FD8BF 501D01 41F5D4 44BB3B 7FEAFC 58DF75 739A55 61C86A 7FEC6A 578976 5362A3 448681 7FEC70 3E4E7B 7CD7AB 000FFF 02 0E9616,2026-07-22T20:36:05.631+00:00,serial_request_midpoint,355.582,True,matched,61.1971,61.1971,2026-07-22T20:36:05.691+00:00,82.833893,1784752565619.477,2486,False,,,,,,,,,,,,,,False,,,,,,,,,,,,,,True,0.09449452932874533,-12.750129006565814,12.381774724503803,45.962684359313904,0.08333947114858546,-0.7262174715938616,-2.7589051352445,32.20529594177549,-5.916479965070158,-26.770551871396428,0.4282478189829917,-0.1720707109366317,0.15287735927717397,False,,,,,,,,,,,,,,False,,,,,,,,,,,,,,False,,,,,,,,,,,,,,True,0.08364703255670253,13.988345939624939,13.706818471370337,78.70633238445558,0.29137768004768794,-0.08065403551878111,-2.9373739552848326,0.0,-1.4210854715202005e-15,0.0,0.0,0.0,0.0,True,2,0.09449452932874901,-13.59113882169117,14.741168562324725,50.35206772858263,2.6348004122965674,0.38973939775085525,0.10797828445091796,31.73072575537044,-8.065290417563842,-22.2210332231297,-0.2170670228625089,2.9269327169079604,0.591660835416776,True,-5.593305496724784,-11.135302812094181,73.41750087099477,24.626250432202582,20.43240761217903,-2.14669756487599
2026-07-22T20:36:06.366+00:00,133.900000,95593.800000,1.220996,4095,2,02,80,FFFFFFFF,32,2.94071269,3.05439688,2.20786970,1.35560787,1.10361044,0.49181124,2.20812659,1.19520136,1.04776480,1.49523702,2.20769915,0.89091686,1.01010775,0.96036964,2.20777231,0.63959803,1.99051830,0.97974065,2.20759599,1.00625727,0.76692013,0.81101223,2.20748599,1.17510561,1.81943055,1.36503409,2.20521351,1.14760422,1.06678002,0.80773736,2.20697553,0.71076331,SD 02 80 FFFFFFFF 9228AD 9487E9 7FF033 61541F 554303 2E9988 7FF21B 59DAAB 5255BD 674EDA 7FEEEF 498CFD 504DD4 4D8C31 7FEF7A 3975B0 794FD6 4EA1A0 7FEE2B 5017FB 41F384 44B99B 7FED5A 58DE2B 7397D3 61BF39 7FDC7A 577FB8 5357BB 448594 7FE990 3E4C16 7D07AB 000FFF 02 0E9622,2026-07-22T20:36:06.187+00:00,serial_request_midpoint,358.2159,True,matched,28.73145,28.73145,2026-07-22T20:36:06.215+00:00,83.358635,1784752566152.837,2502,False,,,,,,,,,,,,,,False,,,,,,,,,,,,,,True,0.08977443375704308,-12.539675743775165,11.52578433430967,46.07818854969343,0.09143342347026737,-0.7162554323640564,-2.7551753420372127,32.133077538797124,-5.093077947900963,-26.76469372068143,0.4197288043502687,-0.16468705579411924,0.1577862836014589,False,,,,,,,,,,,,,,False,,,,,,,,,,,,,,False,,,,,,,,,,,,,,True,0.08754336335034762,13.992219969425928,13.711298453674663,78.72945166396676,0.2905853372588258,-0.08419508077454894,-2.937531599973439,0.0,0.0,1.1368683772161604e-14,0.0,0.0,0.0,True,2,0.08977443375706803,-13.411017376055748,13.850000730341701,50.48040447129922,2.639630632928153,0.3983741760512614,0.11585547286016398,31.695394434831297,-7.201287940899557,-22.19253807568282,-0.2249214208603434,2.935964039741512,0.5802686566845523,True,-5.300649334879699,-12.121434387500647,73.39934430036905,24.54592510161629,21.446131609654298,-2.348603080825785
2026-07-22T20:36:06.922+00:00,134.400000,95594.300000,1.217944,4095,2,02,80,FFFFFFFF,32,2.93922841,3.05284488,2.20731126,1.35453632,1.10332529,0.49179156,2.20759335,1.19501529,1.04749461,1.49520666,2.20524401,0.89073792,1.00992766,0.96023709,2.20721653,0.63956036,1.98973182,0.97945858,2.20758335,1.00595822,0.76678151,0.81090589,2.20795024,1.17497921,1.81924226,1.36424764,2.20759388,1.14697647,1.06606720,0.80768480,2.20793286,0.71064344,SD 02 80 FFFFFFFF 922092 947FCC 7FEC0E 6147E9 553F40 2E9924 7FEE26 59D858 52520D 674E88 7FDCB4 498A4B 504B50 4D8A48 7FEB5A 397504 794961 4E9D9C 7FEE13 5013CB 41F140 44B7EB 7FF0CC 58DC92 739625 61B64F 7FEE27 5777A7 534E1D 4484BE 7FF0AB 3E4A0D 7CB7AB 000FFF 02 0E9627,2026-07-22T20:36:06.745+00:00,serial_request_midpoint,354.8018,True,matched,89.5316,89.5316,2026-07-22T20:36:06.834+00:00,83.977189,1784752566752.864,2520,False,,,,,,,,,,,,,,False,,,,,,,,,,,,,,True,0.13495479500078592,-12.42209816041403,10.381060634968852,46.093736425008885,0.07637564338080863,-0.7248605395060345,-2.759922720289237,32.25086132998679,-3.772171022124693,-26.835229003501563,0.4288770888095369,-0.1760994465241274,0.15389826504601198,False,,,,,,,,,,,,,,False,,,,,,,,,,,,,,False,,,,,,,,,,,,,,True,0.07569946895506223,13.991085120098512,13.715797854179872,78.73879919237736,0.2905003768903284,-0.0777798153758778,-2.9391461586889664,0.0,-1.4210854715202005e-15,-1.1368683772161604e-14,0.0,0.0,0.0,True,2,0.1349547950007381,-13.238629129316731,12.740096861324052,50.48793128639897,2.6361758206441346,0.38911870689227784,0.10138302708182272,31.7582460229466,-5.92517933231726,-22.289614788039387,-0.21822916247862045,2.922713086985822,0.5918556329050122,True,-5.176519107799942,-13.159002517569704,73.50554080813889,24.565885511635564,22.55290254851469,-2.218737443087241
2026-07-22T20:36:07.479+00:00,135.600000,95595.500000,1.217944,4095,2,02,80,FFFFFFFF,32,2.93826677,3.05183809,2.20764283,1.35372195,1.10308785,0.49179648,2.20790286,1.19474045,1.04728771,1.49517186,2.20751914,0.89058727,1.00980603,0.96011376,2.20794129,0.63950977,1.98914109,0.97921250,2.20522824,1.00572616,0.76668711,0.81087094,2.20508733,1.17492390,1.81914550,1.36375293,2.20717970,1.14635686,1.06547189,0.80763814,2.20739388,0.71053739,SD 02 80 FFFFFFFF 921B51 947A88 7FEE84 613EA0 553C1E 2E993D 7FF072 59D4E9 524F3A 674E2A 7FED99 498806 50499D 4D8881 7FF0BB 39741D 794487 4E9A1B 7FDC96 50108B 41EFB5 44B75D 7FDB8A 58DBDF 739548 61B0B3 7FEB14 576FB0 534614 448400 7FECAB 3E4840 7CB7AB 000FFF 02 0E9633,2026-07-22T20:36:07.301+00:00,serial_request_midpoint,355.6885,True,matched,64.29005,64.29005,2026-07-22T20:36:07.366+00:00,84.50789,1784752567286.185,2536,False,,,,,,,,,,,,,,False,,,,,,,,,,,,,,True,0.1316649579263711,-12.309805508500514,9.520254559116262,46.19575405859014,0.08679180257391576,-0.7228515479295318,-2.7620987945918993,32.236806698201576,-3.1370264228169615,-26.869027469120688,0.4209467332100195,-0.16633166952301529,0.15029608104287837,False,,,,,,,,,,,,,,False,,,,,,,,,,,,,,False,,,,,,,,,,,,,,True,0.11020983755943775,13.998534294086278,13.718973176612607,78.77242204065584,0.2880807902801903,-0.08873093350556814,-2.9384343834285036,0.0,-1.4210854715202005e-15,0.0,0.0,0.0,0.0,True,2,0.1316649579263808,-13.157515801109037,11.867042504063885,50.59060294885103,2.637854771334242,0.3868351961463036,0.11133052820305149,31.783670991218713,-5.250501943957883,-22.300809827680155,-0.2136570776275216,2.93491368613897,0.5819794518891573,True,-5.259151712986513,-14.096347257673665,73.59254963915762,24.849198493199147,23.41210240417496,-2.402580813801683
2026-07-22T20:36:08.036+00:00,136.200000,95596.100000,1.216723,4095,2,02,80,FFFFFFFF,32,2.93768852,3.05094964,2.20738125,1.35320549,1.10290934,0.49179628,2.20780021,1.19462134,1.04721074,1.49512817,2.20774547,0.89047397,1.00972942,0.96008584,2.20782758,0.63948481,1.98874070,0.97903009,2.20778969,1.00556608,0.76659988,0.81082295,2.20804710,1.17490875,1.81894892,1.36344226,2.20778495,1.14591212,1.06504832,0.80760326,2.20794603,0.71046262,SD 02 80 FFFFFFFF 921828 9475E2 7FEC93 6138BC 5539C3 2E993C 7FEFAF 59D36C 524E2D 674DB4 7FEF47 498651 50488B 4D881A 7FEFE3 3973AB 79413D 4E9782 7FEF9B 500E4D 41EE48 44B69A 7FF184 58DBAE 739387 61AD2D 7FEF92 5769F8 53405C 448372 7FF0C4 3E46FB 7C97AB 000FFF 02 0E9639,2026-07-22T20:36:07.858+00:00,serial_request_midpoint,357.192,True,matched,36.305,36.305,2026-07-22T20:36:07.893+00:00,85.03667,1784752567819.504,2552,False,,,,,,,,,,,,,,False,,,,,,,,,,,,,,True,0.11353390731028343,-12.179646701714267,8.576194745737665,46.33342123895214,0.09006452474387638,-0.7218636350081477,-2.762589312426871,32.32726118687524,-1.8614578254796534,-26.55869971466862,0.4301324534367058,-0.16846017643281305,0.15175561702557683,False,,,,,,,,,,,,,,False,,,,,,,,,,,,,,False,,,,,,,,,,,,,,True,0.09597237072979832,13.974742097250388,13.697010554664393,78.63832123288599,0.2928832349445849,-0.07342021338047783,-2.9391582703903434,0.0,1.4210854715202005e-15,0.0,0.0,0.0,0.0,True,2,0.11353390731032424,-13.037353543051108,10.918053976955054,50.72895959048441,2.6385391495609025,0.3865004341692526,0.11446177442002957,31.869839828315804,-4.0176393231310135,-22.010912325814047,-0.21574410231020874,2.9300275879494055,0.5950930389312156,True,-5.181489470561054,-15.067960439861015,73.7199093128368,24.847285015577672,24.448271742406426,-1.8627872060131836
2026-07-22T20:36:08.595+00:00,137.300000,95597.200000,1.219164,4095,2,02,80,FFFFFFFF,32,2.93773712,3.05120121,2.20773810,1.35298772,1.10278621,0.49179589,2.20781285,1.19442846,1.04716209,1.49516371,2.20769336,0.89043223,1.00968329,0.96003814,2.20780706,0.63946116,1.98844926,0.97890995,2.20751230,1.00548799,0.76658985,0.81080252,2.20807816,1.17499930,1.81888982,1.36325698,2.20756388,1.14555009,1.06483224,0.80757600,2.20495117,0.71043088,SD 02 80 FFFFFFFF 92186C 947733 7FEF39 613640 553823 2E993A 7FEFC7 59D103 524D83 674E14 7FEEE4 4985B0 5047E6 4D876A 7FEFBC 39733F 793ED8 4E95CC 7FED8C 500D35 41EE1E 44B647 7FF1BF 58DCD3 739300 61AB13 7FEDEE 576550 533D71 448303 7FDA87 3E4671 7CD7AA 000FFF 02 0E9644,2026-07-22T20:36:08.416+00:00,serial_request_midpoint,358.4281,True,matched,14.31825,14.31825,2026-07-22T20:36:08.431+00:00,85.572651,1784752568352.87,2568,False,,,,,,,,,,,,,,False,,,,,,,,,,,,,,True,0.2090437190155149,-11.9449881633768,7.765812463004117,46.43223793450247,0.08880574755857197,-0.7201095646105468,-2.76483777058667,32.28517423463562,-1.227012923453914,-26.55635235994675,0.42250585814676295,-0.17021447132710524,0.14897233445951863,False,,,,,,,,,,,,,,False,,,,,,,,,,,,,,False,,,,,,,,,,,,,,True,0.07694741139487475,13.983531567473008,13.70665553589258,78.70445717785476,0.2951058406194342,-0.08233633106303904,-2.9376264276266912,5.684341886080802e-15,-1.4210854715202005e-15,1.1368683772161604e-14,0.0,0.0,0.0,True,2,0.20904371901557778,-12.795357049075093,10.102779701125652,50.83180387114605,2.6404044706232375,0.38429876703972804,0.11330266559558702,31.8125437732564,-3.3486021694408246,-21.993874627071683,-0.21137027252159302,2.930845160525543,0.5836424634727194,True,-4.972927353501919,-15.931875001031878,73.77908394808307,24.865813280180028,25.288063076849348,-2.0626013671761143
2026-07-22T20:36:09.151+00:00,138.500000,95598.400000,1.219775,4095,2,02,80,FFFFFFFF,32,2.93864066,3.05175969,2.20693554,1.35313632,1.10268202,0.49175592,2.20790549,1.19435344,1.04730030,1.49517186,2.20754809,0.89040630,1.00970733,0.96008096,2.20777179,0.63946335,1.98821584,0.97886278,2.20756020,1.00551281,0.76656834,0.81083723,2.20724706,1.17519616,1.81892177,1.36335650,2.20778284,1.14541921,1.06476311,0.80755906,2.20783653,0.71043594,SD 02 80 FFFFFFFF 921D5C 947A1F 7FE944 6137F2 5536C3 2E986F 7FF077 59D013 524F66 674E2A 7FEDD0 49854C 50483C 4D8808 7FEF79 397349 793CED 4E9520 7FEDE7 500D8E 41EDC4 44B6D4 7FEB94 58DF50 739349 61AC34 7FEF8E 5763A1 533C82 4482BE 7FEFF4 3E4687 7CE7AB 000FFF 02 0E9650,2026-07-22T20:36:08.974+00:00,serial_request_midpoint,355.7629,True,matched,76.27045,76.27045,2026-07-22T20:36:09.049+00:00,86.192198,1784752568986.263,2587,False,,,,,,,,,,,,,,False,,,,,,,,,,,,,,True,0.21410222127909276,-11.75655461585693,6.7491764120665305,46.462933341717175,0.09177396593025985,-0.7228741227690539,-2.765745178906425,32.290331051558766,-0.076683650711486,-26.571871273295926,0.42743387105688924,-0.1685628792510053,0.1485768840434107,False,,,,,,,,,,,,,,False,,,,,,,,,,,,,,False,,,,,,,,,,,,,,True,0.06529123095901478,13.979177090095689,13.705038816333715,78.68131000067196,0.29522208991856397,-0.07804800213614585,-2.9387502934311924,5.684341886080802e-15,-1.4210854715202005e-15,-1.1368683772161604e-14,0.0,0.0,0.0,True,2,0.21410222127909004,-12.615791951948621,9.092965974339082,50.85714374667144,2.6388637621618565,0.38193132521943984,0.11607380096829877,31.827620221845734,-2.220233121650028,-22.018650682476117,-0.21098473483386204,2.931081396193238,0.5911892809676489,True,-4.88145557273891,-16.91940601019386,73.85948839333014,24.908634636209463,26.31800762591995,-1.9371226471984415
2026-07-22T20:36:09.708+00:00,139.000000,95598.900000,1.218554,4095,2,02,80,FFFFFFFF,32,2.94036783,3.05335663,2.20517881,1.35377881,1.10264355,0.49177403,2.20735757,1.19433875,1.04753754,1.49515334,2.20770915,0.89050067,1.00980491,0.96016960,2.20558684,0.63948131,1.98843072,0.97894753,2.20506000,1.00566675,0.76660705,0.81094035,2.20721811,1.17551546,1.81892659,1.36383526,2.20773021,1.14544533,1.06491641,0.80758337,2.20780074,0.71050012,SD 02 80 FFFFFFFF 9226CB 948279 7FDC38 613F46 553641 2E98CB 7FEC66 59CFE4 5252A3 674DF8 7FEF02 4986B8 504999 4D894F 7FDF40 39739B 793EB1 4E9655 7FDB56 500FB6 41EE66 44B877 7FEB5D 58E359 739354 61B1A2 7FEF2A 5763F7 533E94 448321 7FEFB0 3E479E 7CC7AB 000FFF 02 0E9655,2026-07-22T20:36:09.530+00:00,serial_request_midpoint,355.9418,True,matched,34.7685,34.7685,2026-07-22T20:36:09.564+00:00,86.707358,1784752569486.351,2602,False,,,,,,,,,,,,,,False,,,,,,,,,,,,,,True,0.23722014117551718,-11.565392046914505,6.072830815271477,46.483624507564066,0.093126849764906,-0.7240856500797289,-2.7644874139185065,32.18019779426426,0.632262167374833,-26.71625441658993,0.4288204333351846,-0.16530543184002175,0.1490470643590277,False,,,,,,,,,,,,,,False,,,,,,,,,,,,,,False,,,,,,,,,,,,,,True,0.12231651183141276,13.98598911377511,13.710624172120001,78.70961043503354,0.29168515086453495,-0.07803606487893482,-2.9391780154270504,0.0,0.0,0.0,0.0,0.0,0.0,True,2,0.2372201411755511,-12.430887385019467,8.41970298650759,50.874960554407885,2.6376564162289466,0.3830503968135695,0.11733355560442256,31.734431691960026,-1.5167073597682417,-22.163898323514523,-0.21198301739701744,2.9337921221374694,0.5937872347672752,True,-4.687762985765561,-17.56320516780169,73.90762916042391,24.842689154581343,26.99145978418552,-2.0303540348645583
2026-07-22T20:36:10.263+00:00,140.200000,95600.100000,1.215502,4095,2,02,80,FFFFFFFF,32,2.94257157,3.05528052,2.20748862,1.35476182,1.10275986,0.49178309,2.20742704,1.19440470,1.04791851,1.49518630,2.20543592,0.89061579,1.00995283,0.96029591,2.20704183,0.63950408,1.98855765,0.97905916,2.20766020,1.00591219,0.76667564,0.81100016,2.20534496,1.17571301,1.81905268,1.36423696,2.20706025,1.14548541,1.06512672,0.80760351,2.20781179,0.71053256,SD 02 80 FFFFFFFF 9232D2 948C87 7FED5F 614A7B 5537CA 2E98F9 7FECEA 59D0B7 5257D6 674E51 7FDE21 498874 504BAA 4D8B21 7FEA0E 397403 793FBC 4E97EC 7FEEA5 501326 41EF85 44B96A 7FDD74 58E5D8 739474 61B630 7FEA31 57647B 53416B 448373 7FEFC5 3E482B 7C77AB 000FFF 02 0E9661,2026-07-22T20:36:10.086+00:00,serial_request_midpoint,355.5233,True,matched,77.23825,77.23825,2026-07-22T20:36:10.163+00:00,87.305785,1784752570086.422,2620,False,,,,,,,,,,,,,,False,,,,,,,,,,,,,,True,0.2512448504163711,-11.276462339100856,5.106820317494472,46.515516337639106,0.09615031045558455,-0.7110767827311326,-2.768965740680521,32.05046587468668,1.5431258031555928,-26.836296047259935,0.41701259679782166,-0.16120290658681907,0.1461549476380357,False,,,,,,,,,,,,,,False,,,,,,,,,,,,,,False,,,,,,,,,,,,,,True,0.08361992018805758,13.98758425103868,13.70915003060017,78.72620181564899,0.2901766636501134,-0.08235408376162767,-2.9390900149537353,0.0,-1.4210854715202005e-15,0.0,0.0,0.0,0.0,True,2,0.2512448504164299,-12.144445542879053,7.411426235545926,50.928692092557675,2.6471972592447206,0.38225924110941495,0.12047046028238301,31.615893660554235,-0.5503814291605451,-22.257093280150354,-0.2078970411016988,2.9414990842710824,0.577163453272203,True,-4.438741569348897,-18.799273065984387,73.71449212523655,24.887886774479824,28.215234455807224,-2.4367859961657246
2026-07-22T20:36:10.822+00:00,140.700000,95600.600000,1.220996,4095,2,02,80,FFFFFFFF,32,2.94361576,3.05618914,2.20523717,1.35529724,1.10285310,0.49177207,2.20701657,1.19449254,1.04812865,1.49512558,2.20754230,0.89070162,1.01003812,0.96036585,2.20531236,0.63951766,1.98880537,0.97915571,2.20719338,1.00604218,0.76673825,0.81110010,2.20782443,1.17596376,1.81917396,1.36467081,2.20779337,1.14563938,1.06553150,0.80760253,2.20800551,0.71064896,SD 02 80 FFFFFFFF 923884 949146 7FDCA7 615095 553905 2E98C1 7FE9DE 59D1D0 525AB4 674DAD 7FEDC5 4989BF 504CDB 4D8C23 7FDD36 397441 7941C5 4E994C 7FEB2E 5014F8 41F08B 44BB00 7FEFDD 58E903 739589 61BB1B 7FEFA2 576676 5346E2 44836F 7FF135 3E4A25 7D07AB 000FFF 02 0E9666,2026-07-22T20:36:10.644+00:00,serial_request_midpoint,356.532,True,matched,54.7434,54.7434,2026-07-22T20:36:10.697+00:00,87.840361,1784752570619.78,2636,False,,,,,,,,,,,,,,False,,,,,,,,,,,,,,True,0.26985768287783696,-11.0435172159637,4.271971940132538,46.33437958777285,0.08916578424150583,-0.7051864422585971,-2.772127538046474,32.08361494243427,2.552382190249834,-26.884425655853782,0.4183327750150263,-0.16981181771372866,0.14453463153190046,False,,,,,,,,,,,,,,False,,,,,,,,,,,,,,False,,,,,,,,,,,,,,True,0.12070748202895337,13.973662322526348,13.695488158728775,78.64511179057868,0.29444876189038366,-0.0726484991261782,-2.9381361069124434,5.684341886080802e-15,0.0,0.0,0.0,0.0,0.0,True,2,0.2698576828778853,-11.883653019795052,6.561928741681591,50.76055098259086,2.652132762546276,0.38062868031673885,0.11393833261359843,31.60617265175752,0.4505453927236253,-22.313314798109968,-0.20476738050275545,2.9329279208874817,0.5776858401419981,True,-4.132467972130826,-19.755147534771623,73.40788948733261,24.812623426944448,29.195268482496594,-2.4850547091747215
2026-07-22T20:36:11.377+00:00,141.900000,95601.800000,1.219165,4095,2,02,80,FFFFFFFF,32,2.94720850,3.05968970,2.20529501,1.35678403,1.10295078,0.49177010,2.20725969,1.19460508,1.04881706,1.49515964,2.20774336,0.89096432,1.01035583,0.96063642,2.20807763,0.63960416,1.98958388,0.97952745,2.20762125,1.00679469,0.76700904,0.81151789,2.20763020,1.17745542,1.81981287,1.36756809,2.20732547,1.14690383,1.06727703,0.80775210,2.20793129,0.71119109,SD 02 80 FFFFFFFF 924C18 94A38B 7FDD15 616184 553A4F 2E98B7 7FEBAC 59D338 526418 674E09 7FEF43 498DB4 50514B 4D9009 7FF1BE 3975CC 79482A 4E9E97 7FEE5B 501F81 41F4F8 44C1A1 7FEE6C 58FBD9 739B3C 61DBEB 7FEC29 5776B8 535E6F 4485D0 7FF0A8 3E5359 7CD7AB 000FFF 02 0E9672,2026-07-22T20:36:11.200+00:00,serial_request_midpoint,355.9662,True,matched,19.4553,19.4553,2026-07-22T20:36:11.219+00:00,88.362235,1784752571153.128,2652,False,,,,,,,,,,,,,,False,,,,,,,,,,,,,,True,0.3230175596708463,-10.918448678350321,3.7163228729640765,46.55323609174171,0.08872971715307248,-0.704206434847837,-2.77126160900792,32.00853001031631,2.8985107561271954,-26.83830159335494,0.40995868310844524,-0.1680696475844104,0.1448554406816944,False,,,,,,,,,,,,,,False,,,,,,,,,,,,,,False,,,,,,,,,,,,,,True,0.06366449574906428,13.982031073996115,13.704962479676023,78.70031958855047,0.2931616590557299,-0.08440043915439535,-2.937747086016501,0.0,-1.4210854715202005e-15,0.0,0.0,0.0,0.0,True,2,0.3230175596708056,-11.75814906891478,6.003539264592838,50.98090668634684,2.6524912585505103,0.38215974249857865,0.1135389174790102,31.535978216402913,0.8355393385932715,-22.249013392022665,-0.205290695550879,2.9369292841279155,0.5656355405661783,True,-3.9671694451096684,-20.315629051153245,73.61215345715092,24.768000611461922,29.7480787746226,-2.657411690497213
2026-07-22T20:36:11.934+00:00,142.500000,95602.400000,1.219775,4095,2,02,80,FFFFFFFF,32,2.96823987,3.07846459,2.20778547,1.36514612,1.10381360,0.49176636,2.20813712,1.19545876,1.05192456,1.49519518,2.20778547,0.89211339,1.01160882,0.96181275,2.20764599,0.63995944,1.99302814,0.98107181,2.20541752,1.00928605,0.76780115,0.81254452,2.20500006,1.18026010,1.82140820,1.37419426,2.20439190,1.15002347,1.07152311,0.80805645,2.20725442,0.71212856,SD 02 80 FFFFFFFF 92BE28 95051E 7FEF93 61C07E 5545B1 2E98A4 7FF22F 59DDE2 528E6F 674E69 7FEF93 499F01 5062C9 4DA0FA 7FEE8A 397C22 79646D 4EB491 7FDDFE 504259 4201E9 44D1E9 7FDAE4 591F38 73A975 6226C3 7FD65F 579EC7 53979E 448AA7 7FEBA2 3E6341 7CE7AB 000FFF 02 0E9678,2026-07-22T20:36:11.757+00:00,serial_request_midpoint,356.2691,True,matched,91.71805,91.71805,2026-07-22T20:36:11.848+00:00,88.990771,1784752571786.477,2671,False,,,,,,,,,,,,,,False,,,,,,,,,,,,,,True,0.3020680701724952,-10.825547334825252,2.929258144283169,46.23222177646891,0.0891588854303469,-0.6808003057098699,-2.7776906620249755,32.126133939817564,3.707664789592104,-27.11559490582034,0.39440205114732285,-0.1673705699507185,0.14290714863696613,False,,,,,,,,,,,,,,False,,,,,,,,,,,,,,False,,,,,,,,,,,,,,True,0.048074490453034927,13.968479425337986,13.694749008889426,78.6428865439188,0.29436986572039536,-0.08274534631866391,-2.938203686007297,0.0,0.0,0.0,0.0,0.0,0.0,True,2,0.3020680701724722,-11.655131672654564,5.14275420174115,50.69909402080311,2.66931734859003,0.38272144318803736,0.11439844072711289,31.647795814122254,1.7168770100639308,-22.495131804404583,-0.2022616634032112,2.9420434625156657,0.5428503593993229,True,-3.834485247675546,-21.55452471854049,72.87259402599616,24.975126295752766,30.948057053443296,-3.348724582622458
2026-07-22T20:36:12.492+00:00,143.600000,95603.500000,1.217944,4095,2,02,80,FFFFFFFF,32,2.99756400,3.10517373,2.20751651,1.37691442,1.10539177,0.49177384,2.20759125,1.19690191,1.05537557,1.49538143,2.20536389,0.89360204,1.01320656,0.96313822,2.20719338,0.64043071,1.99819151,0.98319095,2.20537230,1.01204332,0.76879469,0.81355878,2.20750230,1.18247832,1.82331365,1.38202015,2.20771494,1.15406953,1.07708347,0.80839747,2.20764336,0.71322057,SD 02 80 FFFFFFFF 935BA8 958EBD 7FED94 624568 555A7F 2E98CA 7FEE22 59EFE6 52BD5C 675060 7FDD98 49B566 507912 4DB40D 7FEB2E 398489 798EB5 4ED2B0 7FDDA8 5068D9 421222 44E1FC 7FED79 593B27 73BA6E 627ECD 7FEF0D 57D29F 53E247 449013 7FEE85 3E75C5 7CB7AB 000FFF 02 0E9683,2026-07-22T20:36:12.314+00:00,serial_request_midpoint,357.4179,True,matched,59.96835,59.96835,2026-07-22T20:36:12.373+00:00,89.516019,1784752572319.785,2687,False,,,,,,,,,,,,,,False,,,,,,,,,,,,,,True,0.3473516060934767,-10.48817330077045,1.6026667156797347,46.005496850263306,0.08528749771016148,-0.6646905064256866,-2.7791788872841723,32.05983329121172,5.096406820385752,-27.59445140372989,0.3844742748066289,-0.1667514948780549,0.14361155677538442,False,,,,,,,,,,,,,,False,,,,,,,,,,,,,,False,,,,,,,,,,,,,,True,0.06757035486084272,13.983800774459795,13.703171575563962,78.71574430284535,0.2905738451148436,-0.0809958406411927,-2.9386993101799117,0.0,0.0,-1.1368683772161604e-14,0.0,0.0,0.0,True,2,0.34735160609344035,-11.300494379623709,3.7675908305796435,50.49926592940311,2.6801246719038585,0.38695849013987904,0.11098561804194437,31.580686952448964,3.151741820811127,-22.954470873540448,-0.20323708458738762,2.9451667531485377,0.5282652345393175,True,-3.3301500860835076,-23.147741430432262,72.35355191302452,24.90871374418355,32.572691430345664,-4.100722908916396
2026-07-22T20:36:13.051+00:00,144.200000,95604.100000,1.219775,4095,2,02,80,FFFFFFFF,32,3.03564450,3.13886420,2.20734284,1.39008196,1.10736703,0.49180337,2.20802657,1.19860729,1.05887453,1.49561733,2.20800972,0.89517846,1.01484430,0.96451672,2.20536284,0.64090281,2.00512548,0.98565606,2.20468203,1.01490208,0.76984063,0.81444395,2.20483552,1.18396144,1.82517698,1.38920236,2.20462211,1.15829148,1.08232969,0.80876216,2.20745546,0.71391882,SD 02 80 FFFFFFFF 94258F 963A5F 7FEC4A 62D918 557482 2E9960 7FF15D 5A052B 52ECD6 6752DD 7FF13D 49CD17 508FE4 4DC7DF 7FDD96 398CF3 79C753 4EF5AD 7FD887 5090B2 422333 44F001 7FD9AB 594DCF 73CB03 62CF43 7FD815 580896 54287D 4495DF 7FED20 3E819A 7CE7AC 000FFF 02 0E9689,2026-07-22T20:36:12.873+00:00,serial_request_midpoint,357.3892,True,matched,51.3963,51.3963,2026-07-22T20:36:12.923+00:00,90.065876,1784752572853.094,2703,False,,,,,,,,,,,,,,False,,,,,,,,,,,,,,True,0.3918985404254176,-10.396055745494241,0.6622187545592878,45.825436100699626,0.08393040609843873,-0.6572331044747337,-2.778086767709066,32.23757741200914,6.00869651128659,-27.686519073586528,0.37803497274791203,-0.1697417723627692,0.1470533741655127,False,,,,,,,,,,,,,,False,,,,,,,,,,,,,,False,,,,,,,,,,,,,,True,0.07705260536423318,13.97421596262931,13.694711930405196,78.66067857073267,0.29492004061358906,-0.08211265202914544,-2.9388385068423095,5.684341886080802e-15,1.4210854715202005e-15,0.0,0.0,0.0,0.0,True,2,0.39189854042536854,-11.203890468979422,2.8044367570512727,50.33088026156131,2.6845674987897112,0.391241009582008,0.10980990102772853,31.74428897881891,4.09266537518958,-23.03611982142555,-0.20801949472229603,2.9434988528133035,0.5182048669789747,True,-3.1175217577756213,-24.190672834356597,72.04368786321642,24.93316863938528,33.61864319467219,-4.3975418644749995
2026-07-22T20:36:13.607+00:00,145.300000,95605.200000,1.217944,4095,2,02,80,FFFFFFFF,32,3.04452436,3.14818245,2.20496326,1.39517270,1.10883837,0.49181518,2.20744599,1.19978781,1.05924893,1.49570622,2.20721811,0.89572545,1.01529370,0.96477141,2.20718233,0.64107665,2.00803522,0.98656854,2.20779811,1.01521093,0.77005450,0.81432282,2.20752125,1.18278005,1.82539042,1.38944135,2.20730337,1.15984571,1.08352288,0.80887055,2.20785706,0.71394626,SD 02 80 FFFFFFFF 945438 966976 7FDA9E 6311E7 5587DD 2E999C 7FED0E 5A13E1 52F1E9 6753CD 7FEB5D 49D54E 509626 4DCB88 7FEB19 39900C 79DF07 4F029D 7FEFAB 5094FF 4226B0 44EE16 7FED9D 593EF3 73CCE9 62D1EF 7FEBFF 581C6B 54386D 449798 7FF01B 3E8211 7CB7AC 000FFF 02 0E9694,2026-07-22T20:36:13.429+00:00,serial_request_midpoint,355.865,True,matched,23.8499,23.8499,2026-07-22T20:36:13.453+00:00,90.595173,1784752573386.439,2719,False,,,,,,,,,,,,,,False,,,,,,,,,,,,,,True,0.3868192786893229,-10.123594951239161,-0.6630731044931885,46.02744658967693,0.09918875427340086,-0.6541400891654675,-2.766784227913152,32.172911560270855,7.483342496345898,-27.54850937587882,0.38105047291456706,-0.15859420078756317,0.1579837080444428,False,,,,,,,,,,,,,,False,,,,,,,,,,,,,,False,,,,,,,,,,,,,,True,0.05245400994259547,13.967435886675654,13.686929495720301,78.64211630371838,0.2943249483059961,-0.07650207678938642,-2.9390277253031885,0.0,0.0,-1.1368683772161604e-14,0.0,0.0,0.0,True,2,0.38681927868928206,-10.995257338661622,1.4611432048529074,50.52951636649682,2.6825020730072486,0.4069695819779192,0.1245605824961187,31.746097816739006,5.555497278768682,-22.896416796480697,-0.2253193000808325,2.952328072559993,0.5240947414038473,True,-2.716655260641164,-25.45654264608815,72.26598918974925,24.721182882538717,34.96845858311965,-4.158765070393178
2026-07-22T20:36:14.164+00:00,146.500000,95606.400000,1.219165,4095,2,02,80,FFFFFFFF,32,3.02737750,3.13313711,2.20747493,1.39100642,1.10892066,0.49184944,2.20804236,1.19995088,1.05781259,1.49572510,2.20758230,0.89537221,1.01481990,0.96430392,2.20531552,0.64099816,2.00708149,0.98624173,2.20691923,1.01430615,0.76985763,0.81393533,2.20784074,1.18160415,1.82495215,1.38765107,2.20761020,1.16014404,1.08295250,0.80888112,2.20799604,0.71390314,SD 02 80 FFFFFFFF 93F9FA 961D59 7FED45 62E36C 5588F2 2E9A4A 7FF17B 5A15E9 52DE70 675400 7FEE11 49D000 508F8D 4DC4D0 7FDD3C 398EA6 79D743 4EFDFB 7FE925 508865 42237A 44E7F3 7FEFFC 593026 73C903 62BDE9 7FEE46 582039 5430CF 4497C3 7FF123 3E8156 7CD7AC 000FFF 02 0E96A0,2026-07-22T20:36:13.986+00:00,serial_request_midpoint,356.0644,True,matched,88.753,88.753,2026-07-22T20:36:14.073+00:00,91.21628,1784752574019.797,2738,False,,,,,,,,,,,,,,False,,,,,,,,,,,,,,True,0.3883618948908791,-9.893551725971605,-1.9342993134372524,46.67372170615885,0.08911283410403238,-0.6676646308611006,-2.765258340736558,31.99264283100512,8.732281146963723,-27.237791703097674,0.3873779080379296,-0.16219758038744223,0.1570367620799737,False,,,,,,,,,,,,,,False,,,,,,,,,,,,,,False,,,,,,,,,,,,,,True,0.07706330815448825,13.98135050816768,13.70030674070876,78.72410958283156,0.2886736213480192,-0.08130107081957551,-2.939459704818766,0.0,1.4210854715202005e-15,0.0,0.0,0.0,0.0,True,2,0.3883618948908901,-10.736317883889235,0.23859534042743835,51.158027311564545,2.673727346622894,0.40416863383116675,0.11457252781423154,31.550406340884614,6.773964870007822,-22.599888407144487,-0.22365530048219745,2.947290261033265,0.5329266814784865,True,-2.4258438674268503,-26.478678718987574,73.1283391707067,24.501086496847517,36.0688332035043,-3.687218215135135
2026-07-22T20:36:14.719+00:00,147.000000,95606.900000,1.219165,4095,2,02,80,FFFFFFFF,32,3.02123916,3.12784642,2.20738599,1.38894488,1.10891353,0.49183605,2.20750125,1.20013403,1.05754966,1.49568325,2.20787075,0.89530615,1.01470519,0.96424712,2.20786812,0.64094643,2.00676879,0.98627947,2.20769231,1.01444579,0.76991128,0.81405124,2.20742073,1.18202923,1.82516205,1.38861759,2.20757914,1.16116105,1.08344799,0.80898264,2.20787549,0.71405672,SD 02 80 FFFFFFFF 93D987 96027B 7FEC9C 62CC62 5588DA 2E9A06 7FED77 5A1831 52DADF 67538F 7FF035 49CF02 508DF4 4DC3FF 7FF030 398DBA 79D4B7 4EFE84 7FEEE2 508A57 42245A 44E9C9 7FECDE 593580 73CAE1 62C8B9 7FEE0B 582D30 54376D 449960 7FF03E 3E83F0 7CD7AC 000FFF 02 0E96A5,2026-07-22T20:36:14.542+00:00,serial_request_midpoint,354.8084,True,matched,55.6018,55.6018,2026-07-22T20:36:14.597+00:00,91.739998,1784752574519.828,2753,False,,,,,,,,,,,,,,False,,,,,,,,,,,,,,True,0.4164824566807135,-9.791029356280166,-2.90382037383729,47.28397579084947,0.10242042334665435,-0.6750135020740583,-2.7606936988490176,32.02302314415182,9.74101364092962,-26.555856887120903,0.3943487787521792,-0.15618481849567312,0.15954920518575483,False,,,,,,,,,,,,,,False,,,,,,,,,,,,,,False,,,,,,,,,,,,,,True,0.06560516105971886,13.969741749098796,13.682606757011698,78.68287839211457,0.29256094886968276,-0.07938579244532508,-2.9382615544820476,-5.684341886080802e-15,0.0,0.0,0.0,0.0,0.0,True,2,0.4164824566807127,-10.684927497844127,-0.7152979637251605,51.75074631842049,2.66717192360643,0.40696883388291,0.12722727203911288,31.61598413843324,7.752138024795487,-21.927745371134904,-0.2280336267124626,2.951011290520679,0.544132875471874,True,-2.4612472295728454,-27.30005880555966,73.91361816662322,24.55496224647876,36.89929209257646,-2.7925240679325953
2026-07-22T20:36:15.278+00:00,148.200000,95608.100000,1.219165,4095,2,02,80,FFFFFFFF,32,3.02024960,3.12673699,2.20763546,1.38922891,1.10903296,0.49184924,2.20784285,1.20038151,1.05733745,1.49573881,2.20770441,0.89536337,1.01462274,0.96418163,2.20789233,0.64095980,2.00637462,0.98619323,2.20740704,1.01400307,0.76974508,0.81368848,2.20502635,1.18072856,1.82450782,1.38570007,2.20447967,1.16059348,1.08205257,0.80890840,2.20715181,0.71366406,SD 02 80 FFFFFFFF 93D44A 95FCD7 7FEE76 62CF8F 558A6C 2E9A49 7FF000 5A1B46 52D7FE 675425 7FEEF9 49CFDE 508CCE 4DC30E 7FF05E 398DF7 79D181 4EFD4B 7FECC4 50842C 4221A4 44E40A 7FDB16 59251F 73C50F 62A811 7FD706 5825F4 5424C9 449832 7FEADF 3E7D49 7CD7AC 000FFF 02 0E96B1,2026-07-22T20:36:15.099+00:00,serial_request_midpoint,357.5357,True,matched,34.85835,34.85835,2026-07-22T20:36:15.132+00:00,92.275633,1784752575053.199,2769,False,,,,,,,,,,,,,,False,,,,,,,,,,,,,,True,0.4292466122387341,-9.670774924388386,-3.9327546558758675,47.68358619735847,0.09207666757943381,-0.6836102339532931,-2.764781059590834,31.97862086386017,10.768244731373283,-26.385304716831154,0.3975277451050234,-0.16122967166971083,0.1547429533553321,False,,,,,,,,,,,,,,False,,,,,,,,,,,,,,False,,,,,,,,,,,,,,True,0.06684258134081265,13.981971065140423,13.702944634398673,78.73678747592446,0.28900648320505,-0.08301330157461585,-2.9392083431496103,0.0,1.4210854715202005e-15,0.0,0.0,0.0,0.0,True,2,0.42924661223873617,-10.526792764543819,-1.7113487242992178,52.14153550066662,2.6633634628138028,0.39859017199174984,0.11711552265331324,31.54368587758442,8.763493121231951,-21.766590027036706,-0.22044861586078332,2.945829965670901,0.5481503926689619,True,-2.3866538360470075,-28.22329552744706,74.4221577914371,24.56680926597774,37.87295692383718,-2.5433326390865547
2026-07-22T20:36:15.833+00:00,148.700000,95608.600000,1.217334,4095,2,02,80,FFFFFFFF,32,2.99953588,3.10837200,2.20497168,1.38230935,1.10850004,0.49185160,2.20473722,1.19993457,1.05524473,1.49566696,2.20463788,0.89464285,1.01387356,0.96342746,2.20478926,0.64075485,2.00406817,0.98526252,2.20418641,1.01260088,0.76927196,0.81311380,2.20663301,1.17908655,1.82346985,1.38117752,2.20748230,1.15899663,1.07945816,0.80875380,2.20765283,0.71314336,SD 02 80 FFFFFFFF 93662F 959F20 7FDAAE 62820C 55836A 2E9A55 7FD8F0 5A15B5 52BB95 675363 7FD833 49C50B 50825E 4DB836 7FD953 398A50 79BEB4 4EF018 7FD4D8 5070A0 4219EC 44DAEF 7FE705 59106D 73BBD2 627557 7FED53 581196 540216 4495BD 7FEE97 3E7476 7CA7AC 000FFF 02 0E96B6,2026-07-22T20:36:15.656+00:00,serial_request_midpoint,355.6836,True,matched,94.432,94.432,2026-07-22T20:36:15.751+00:00,92.892527,1784752575686.592,2788,False,,,,,,,,,,,,,,False,,,,,,,,,,,,,,True,0.3857535211582151,-9.380814027629917,-5.0928347930820985,48.06931399643832,0.11047625773509785,-0.67744411917278,-2.756423675273168,31.918689411239946,12.014714409104128,-25.911425765972314,0.3956607827390362,-0.15154622646478283,0.1638203688272604,False,,,,,,,,,,,,,,False,,,,,,,,,,,,,,False,,,,,,,,,,,,,,True,0.0770203464951833,13.96664270927396,13.686763853731444,78.67619263298063,0.2946079137981009,-0.08065086710568685,-2.9386422036021553,0.0,0.0,1.1368683772161604e-14,0.0,0.0,0.0,True,2,0.3857535211582444,-10.307169144106888,-2.901321550429926,52.52799755337255,2.663970560361027,0.4113695771169961,0.13492912493881606,31.53921010113915,10.02100329335606,-21.283052985440623,-0.2348562795021684,2.95464542653202,0.5467112897694386,True,-2.075032821557649,-29.41330474344116,74.77474997867282,24.40023922896699,39.120019916598565,-2.1035420120429533
2026-07-22T20:36:16.392+00:00,149.900000,95609.800000,1.218554,4095,2,02,80,FFFFFFFF,32,2.97849762,3.08985267,2.20766862,1.37469429,1.10757867,0.49186913,2.20805763,1.19921939,1.05292467,1.49561992,2.20540595,0.89375429,1.01291266,0.96261827,2.20734547,0.64047016,2.00092620,0.98403901,2.20749756,1.01086525,0.76869682,0.81245681,2.20727758,1.17750649,1.82243591,1.37647968,2.20690186,1.15690744,1.07642326,0.80856579,2.20557474,0.71260281,SD 02 80 FFFFFFFF 92F574 953FF7 7FEEB5 622C66 55774B 2E9AAE 7FF198 5A0CCC 529C0B 6752E4 7FDDE8 49B7B0 5074F9 4DAC92 7FEC4F 39853D 79A50F 4EDEBB 7FED70 505868 421089 44D085 7FEBCE 58FC7E 73B29D 624083 7FE904 57F6E9 53D96D 4492C0 7FDF29 3E6B4C 7CC7AA 000FFF 02 0E96C2,2026-07-22T20:36:16.213+00:00,serial_request_midpoint,357.0675,True,matched,75.08465,75.08465,2026-07-22T20:36:16.286+00:00,93.429707,1784752576219.93,2804,False,,,,,,,,,,,,,,False,,,,,,,,,,,,,,True,0.3996737686964694,-9.065492498052809,-5.912393095263052,48.251020927852814,0.1185783811439923,-0.6733272486423881,-2.752849229895844,31.72698737515659,12.988728891383166,-25.767979366751952,0.3969354222354393,-0.14582091505076228,0.16772993999058686,False,,,,,,,,,,,,,,False,,,,,,,,,,,,,,False,,,,,,,,,,,,,,True,0.04555290248191277,13.96136806367771,13.681480434391583,78.66715775581096,0.29437452860355345,-0.07543190592799233,-2.9388785747791926,0.0,1.4210854715202005e-15,1.1368683772161604e-14,0.0,0.0,0.0,True,2,0.3996737686964754,-10.022369353379062,-3.738753458391995,52.71200742748143,2.6651238385182077,0.4173505865076515,0.14284552219951213,31.37999231335985,10.990895293505613,-21.138834901585074,-0.2412607437904765,2.95937707335633,0.5494259524085825,True,-1.7405137563191544,-30.269926995581574,74.91738995832578,24.189281333095167,40.044559940471764,-1.9099617959639772
2026-07-22T20:36:16.947+00:00,150.500000,95610.400000,1.217944,4095,2,02,80,FFFFFFFF,32,2.96177035,3.07523361,2.20694343,1.36802588,1.10664743,0.49184156,2.20768073,1.19840832,1.05100021,1.49551956,2.20763283,0.89295063,1.01206908,0.96188954,2.20769231,0.64022189,1.99787105,0.98289508,2.20490334,1.00949598,0.76821351,0.81197447,2.20464471,1.17652723,1.82141741,1.37294947,2.20471357,1.15499339,1.07390140,0.80841934,2.20695238,0.71215596,SD 02 80 FFFFFFFF 929B2B 94F460 7FE953 61E119 556B09 2E9A22 7FEECC 5A02B0 5281D9 6751D5 7FEE71 49AB9A 506935 4DA215 7FEEE2 3980D0 798C16 4ECE7C 7FDA2C 504548 4208A5 44C8DF 7FD840 58F021 73A98A 6218B9 7FD8C3 57DE71 53B795 44906C 7FE964 3E63B8 7CB7AA 000FFF 02 0E96C8,2026-07-22T20:36:16.770+00:00,serial_request_midpoint,354.7549,True,matched,56.19785,56.19785,2026-07-22T20:36:16.825+00:00,93.96825,1784752576753.247,2820,False,,,,,,,,,,,,,,False,,,,,,,,,,,,,,True,0.4520005702131289,-9.10479028775996,-6.509472564685876,48.31897171991869,0.11528928539688411,-0.6748247221832312,-2.754942423683476,31.87873312959244,13.414893962358729,-25.81323194766905,0.3939745329765665,-0.1475010055085327,0.163785178834976,False,,,,,,,,,,,,,,False,,,,,,,,,,,,,,False,,,,,,,,,,,,,,True,0.06974594160030337,13.967006767021696,13.682617336853582,78.69178251550332,0.2933628306546679,-0.08116426263571452,-2.9372793985702472,0.0,0.0,0.0,0.0,0.0,0.0,True,2,0.45200057021313367,-10.048435158457375,-4.3290995115688435,52.77949080024983,2.664978458654811,0.4141470965954799,0.1396305657470268,31.518081329784774,11.430389863157695,-21.179400215905332,-0.23516773109094352,2.9590441721773324,0.5448616133181641,True,-1.8036952681821803,-30.862560864302754,74.99594883290727,24.43488669156823,40.56419848588461,-2.0320540921311134
2026-07-22T20:36:17.505+00:00,151.600000,95611.500000,1.221606,4095,2,02,80,FFFFFFFF,32,2.95207872,3.06637964,2.20720496,1.36342779,1.10584926,0.49184452,2.20786022,1.19776300,1.04975766,1.49543291,2.20788075,0.89233739,1.01143696,0.96140906,2.20774494,0.64003414,1.99551140,0.98204268,2.20766546,1.00846336,0.76780617,0.81163978,2.20802867,1.17595695,1.82093179,1.37046834,2.20791181,1.15343753,1.07194370,0.80828370,2.20786549,0.71184900,SD 02 80 FFFFFFFF 926697 94C664 7FEB44 61AD03 556086 2E9A31 7FF021 59FAA4 5270EB 6750EB 7FF048 49A260 506063 4D9B2A 7FEF46 397D77 7978C6 4EC25F 7FEEAF 5036D9 4201FE 44C390 7FF161 58E8ED 73A536 61FCB6 7FF083 57CA88 539D46 448E44 7FF02B 3E5E83 7D17AC 000FFF 02 0E96D3,2026-07-22T20:36:17.327+00:00,serial_request_midpoint,357.3365,True,matched,34.88945,34.88945,2026-07-22T20:36:17.360+00:00,94.503556,1784752577286.576,2836,False,,,,,,,,,,,,,,False,,,,,,,,,,,,,,True,0.4540530248950412,-9.231794746912346,-7.327616800174693,48.44471986092641,0.10969264703269556,-0.6720228309532191,-2.7540409938721995,32.07545302415316,14.29802872174569,-25.772232888386675,0.393847097768842,-0.149373700816564,0.16645036219736276,False,,,,,,,,,,,,,,False,,,,,,,,,,,,,,False,,,,,,,,,,,,,,True,0.10059207118301683,13.963819273221478,13.682849048185133,78.74323657626476,0.29077832306620605,-0.07842202007201178,-2.9389815636654917,0.0,1.4210854715202005e-15,0.0,0.0,0.0,0.0,True,2,0.4540530248950471,-10.157576943698478,-5.152769343288943,52.91167506057285,2.6666607873129617,0.41663745656819984,0.13430841304154625,31.70831095519319,12.313282443342327,-21.139014589642194,-0.23897048541282992,2.9569091317055896,0.5443010834094285,True,-1.7946695823139023,-31.703505373901645,75.06323282588076,24.515392369117265,41.433571949871954,-2.012018589168599
2026-07-22T20:36:18.064+00:00,152.200000,95612.100000,1.217944,4095,2,02,80,FFFFFFFF,32,2.94644824,3.06101044,2.20522350,1.36035876,1.10518545,0.49185259,2.20533024,1.19726132,1.04893020,1.49543957,2.20729442,0.89191226,1.01104712,0.96106351,2.20528081,0.63988759,1.99378439,0.98135362,2.20485865,1.00780110,0.76753189,0.81140562,2.20676927,1.17554978,1.82044586,1.36854111,2.20504422,1.15214162,1.07040969,0.80815275,2.20743967,0.71157549,SD 02 80 FFFFFFFF 9247F4 94AA6E 7FDC8D 618A2C 5557C7 2E9A5A 7FDD58 59F462 5265A3 6750FD 7FEBEE 499BFA 505AF2 4D9630 7FDCFA 397ADA 796AA0 4EB893 7FD9D7 502D96 41FD83 44BFD9 7FE808 58E3C8 73A0E1 61E6ED 7FDB38 57B9EF 5388A3 448C2F 7FED02 3E59DF 7CB7AB 000FFF 02 0E96D9,2026-07-22T20:36:17.885+00:00,serial_request_midpoint,358.7372,True,matched,93.7986,93.7986,2026-07-22T20:36:17.978+00:00,95.120743,1784752577919.904,2855,False,,,,,,,,,,,,,,False,,,,,,,,,,,,,,True,0.5253174042172652,-9.167270986097801,-8.454579960463061,48.726123783422594,0.09318677395461367,-0.6633201832198186,-2.758220941148632,32.20026258925949,15.437240445003914,-25.392697480335293,0.3876699302088463,-0.16241031546375723,0.16370319217897653,False,,,,,,,,,,,,,,False,,,,,,,,,,,,,,False,,,,,,,,,,,,,,True,0.09655080382154577,13.950621866649097,13.67563523240408,78.65555736089382,0.2927841185584383,-0.07637031665063289,-2.9376270986882727,5.684341886080802e-15,-1.4210854715202005e-15,0.0,0.0,0.0,0.0,True,2,0.5253174042172599,-10.031430964494232,-6.297535526571279,53.21400857215605,2.674096486166797,0.4150195807535292,0.11857124386069855,31.76379334873359,13.476805675248613,-20.75514282830154,-0.23356331030201252,2.9461758405708016,0.533152680290144,True,-1.5194432416602113,-32.98902492751289,75.1384646269341,24.497318946715296,42.72837331464677,-1.857644180737725
2026-07-22T20:36:18.620+00:00,153.300000,95613.200000,1.219165,4095,2,02,80,FFFFFFFF,32,2.94273698,3.05743255,2.20497273,1.35803616,1.10466235,0.49186086,2.20487547,1.19682741,1.04832793,1.49536959,2.20671666,0.89155237,1.01064535,0.96076928,2.20704130,0.63978442,1.99243362,0.98082603,2.20761651,1.00720639,0.76730212,0.81124288,2.20789338,1.17526354,1.82007612,1.36722500,2.20769968,1.15102036,1.06915289,0.80809133,2.20783074,0.71135244,SD 02 80 FFFFFFFF 9233B9 9497C4 7FDAB0 616FC4 5550E2 2E9A84 7FD9F7 59EEF8 525D6C 675040 7FE7A4 49968F 505556 4D91F3 7FEA0D 397903 795F8D 4EB112 7FEE52 502544 41F9C2 44BD44 7FF060 58E02A 739D95 61D809 7FEEF0 57AB90 5377B7 448B35 7FEFE9 3E5616 7CD7AB 000FFF 02 0E96E4,2026-07-22T20:36:18.443+00:00,serial_request_midpoint,355.4087,True,matched,61.29555,61.29555,2026-07-22T20:36:18.503+00:00,95.646617,1784752578453.236,2871,False,,,,,,,,,,,,,,False,,,,,,,,,,,,,,True,0.6050542947260726,-8.86833239973225,-9.403443833582916,48.99285302307837,0.097025116535315,-0.6525767370824501,-2.756963522625154,32.01691434329989,16.604570406532332,-25.148859214041124,0.38442457230218013,-0.15951850044467478,0.16856403079701515,False,,,,,,,,,,,,,,False,,,,,,,,,,,,,,False,,,,,,,,,,,,,,True,0.08874307019982838,13.947297979404564,13.664729175285245,78.66718682612927,0.2934885104444088,-0.07030147122614826,-2.9397291672110173,-5.684341886080802e-15,0.0,0.0,0.0,0.0,0.0,True,2,0.6050542947260977,-9.744514808284826,-7.282757079983402,53.49570935096593,2.680404275913138,0.4206600227246586,0.12249911619695637,31.597715023962166,14.659722634656509,-20.50315559624081,-0.24103887794048648,2.949213801267194,0.5286750413860543,True,-1.1382167022044514,-34.098241518758556,75.23122733318189,24.21665972944166,43.94684257677309,-1.7053912885510158
2026-07-22T20:36:19.177+00:00,154.500000,95614.400000,1.217944,4095,2,02,80,FFFFFFFF,32,2.94022618,3.05476540,2.20528081,1.35636651,1.10428666,0.49185377,2.20522035,1.19641926,1.04783865,1.49533737,2.20476613,0.89131032,1.01045569,0.96054857,2.20467835,0.63970206,1.99122890,0.98037274,2.20699237,1.00675004,0.76713932,0.81108853,2.20762809,1.17503298,1.81977696,1.36601539,2.20759704,1.15010508,1.06809296,0.80802181,2.20785601,0.71117038,SD 02 80 FFFFFFFF 922605 9489D6 7FDCFA 615CC3 554BEE 2E9A60 7FDC87 59E9E0 5256BF 674FE9 7FD927 4992EA 5052B0 4D8EC5 7FD880 39778B 7955AB 4EAA9F 7FE9B0 501EE1 41F719 44BAD1 7FEE68 58DD40 739AEA 61CA57 7FEE2D 579FD3 53696F 448A1A 7FF019 3E52FF 7CB7AC 000FFF 02 0E96F0,2026-07-22T20:36:18.999+00:00,serial_request_midpoint,355.3722,True,matched,58.2538,58.2538,2026-07-22T20:36:19.056+00:00,96.199217,1784752578986.565,2887,False,,,,,,,,,,,,,,False,,,,,,,,,,,,,,True,0.5402028398707163,-8.536094194245312,-10.473535595792331,49.169929112298234,0.11895976769665363,-0.6458519954374411,-2.7466121732634408,31.872247159266358,17.689954073505646,-25.069877028217455,0.38133204817465294,-0.1431049136266155,0.17740010586347574,False,,,,,,,,,,,,,,False,,,,,,,,,,,,,,False,,,,,,,,,,,,,,True,0.05933706548075997,13.94578766486195,13.665466179838907,78.65122707665631,0.2928226262834408,-0.07058508922260673,-2.93864911453016,0.0,1.4210854715202005e-15,0.0,0.0,0.0,0.0,True,2,0.5402028398707025,-9.496233796144487,-8.38781296967313,53.67199709338131,2.6805282933806125,0.4361278312220806,0.1439524064209847,31.54014877532265,15.764947734076113,-20.408891693433382,-0.255820616269627,2.964836595264468,0.526402485282474,True,-0.7734480597910419,-35.187182422813905,75.3809381233782,24.089605839427144,45.06518009978223,-1.659035480433954
2026-07-22T20:36:19.734+00:00,155.000000,95614.900000,1.217944,4095,2,02,80,FFFFFFFF,32,2.93863065,3.05304508,2.20752546,1.35507716,1.10396347,0.49183979,2.20519196,1.19605752,1.04750978,1.49529997,2.20738494,0.89104861,1.01020368,0.96041139,2.20763230,0.63963351,1.99047309,0.98002359,2.20754178,1.00645369,0.76697343,0.81099795,2.20792760,1.17489732,1.81958295,1.36514819,2.20762546,1.14926394,1.06724835,0.80794000,2.20767546,0.71103069,SD 02 80 FFFFFFFF 921D4E 9480D8 7FEDA5 614E13 5547AB 2E9A19 7FDC51 59E55C 525242 674F84 7FEC9A 498EF9 504F2B 4D8CCB 7FEE70 397652 794F77 4EA5A7 7FEDC4 501ABB 41F463 44B961 7FF0A1 58DB89 73992F 61C084 7FEE63 579508 535E0C 4488CD 7FEEC2 3E50A0 7CB7AC 000FFF 02 0E96F5,2026-07-22T20:36:19.555+00:00,serial_request_midpoint,356.6029,True,matched,38.84625,38.84625,2026-07-22T20:36:19.593+00:00,96.735965,1784752579519.889,2903,False,,,,,,,,,,,,,,False,,,,,,,,,,,,,,True,0.5847412565610002,-8.505614995280231,-11.129762883686656,49.39399672324217,0.10360222552487951,-0.6392224910105295,-2.746189515495221,31.87754435890859,18.1853751867881,-25.09419932766918,0.3699394643032403,-0.1504742844554878,0.17892963396411696,False,,,,,,,,,,,,,,False,,,,,,,,,,,,,,False,,,,,,,,,,,,,,True,0.07168095238122145,13.943811298281807,13.668008470526384,78.68048404912886,0.2899168901236428,-0.07980676922691386,-2.938719937656155,0.0,-1.4210854715202005e-15,0.0,0.0,0.0,0.0,True,2,0.5847412565610017,-9.413630068706743,-9.055740278885335,53.91225544691796,2.685161583259858,0.43980225512523236,0.12917592143114034,31.504984124617387,16.31048696967113,-20.415875260440636,-0.25723056878537287,2.960319321463062,0.5082960330599361,True,-0.44103614737729513,-35.91123620635911,75.44934465471272,23.922805897350457,45.814768043344806,-2.0425444141360116
2026-07-22T20:36:20.291+00:00,156.200000,95616.100000,1.219165,4095,2,02,80,FFFFFFFF,32,2.93739338,3.05202030,2.20749967,1.35411932,1.10367174,0.49184904,2.20567518,1.19579127,1.04723878,1.49523221,2.20745072,0.89085617,1.01006189,0.96025877,2.20794023,0.63959058,1.98971898,0.97970799,2.20533287,1.00615153,0.76685440,0.81090712,2.20691028,1.17478608,1.81922519,1.36444302,2.20755493,1.14855465,1.06647366,0.80789063,2.20780864,0.71088733,SD 02 80 FFFFFFFF 92168B 947B7C 7FED74 614328 5543D2 2E9A48 7FDFE8 59E209 524E8F 674ECD 7FED17 498C13 504D30 4D8A98 7FF0B9 39758E 794946 4EA129 7FDD5D 501680 41F271 44B7F0 7FE914 58DA21 7395FE 61B886 7FEDDD 578BED 535399 448804 7FEFBF 3E4E31 7CD7AB 000FFF 02 0E9701,2026-07-22T20:36:20.112+00:00,serial_request_midpoint,357.8786,True,matched,10.6769,10.6769,2026-07-22T20:36:20.122+00:00,97.265506,1784752580053.207,2919,False,,,,,,,,,,,,,,False,,,,,,,,,,,,,,True,0.6038888784169609,-8.559784666016228,-11.711983750730667,49.541698205242184,0.0956471580512329,-0.6361442202770605,-2.746955273878685,32.03590143396927,18.81085089064261,-24.869404732681527,0.36868144939016084,-0.1569147686770985,0.17941266550896232,False,,,,,,,,,,,,,,False,,,,,,,,,,,,,,False,,,,,,,,,,,,,,True,0.10586177929719201,13.953583874911265,13.673988189228387,78.6507182725494,0.29114314707796307,-0.07743229827144302,-2.938800711816853,5.684341886080802e-15,0.0,0.0,0.0,0.0,0.0,True,2,0.6038888784169469,-9.439577920432143,-9.642876890042826,54.067787428935354,2.687641827472346,0.44021352645247386,0.12149352123088926,31.631707471023947,16.939303899720265,-20.192369118814476,-0.25728235532892413,2.954273972812532,0.5054562760013817,True,-0.37149622474506716,-36.535703307777496,75.51812766768415,23.954244237501324,46.46144611592928,-1.887424650283947
2026-07-22T20:36:20.845+00:00,156.800000,95616.700000,1.218554,4095,2,02,80,FFFFFFFF,32,2.93644957,3.05088096,2.20517776,1.35333493,1.10340316,0.49182975,2.20724548,1.19558794,1.04700816,1.49523999,2.20530027,0.89072185,1.00992682,0.96015469,2.20734389,0.63953605,1.98912159,0.97946709,2.20773442,1.00587593,0.76674972,0.81083255,2.20783074,1.17467608,1.81911835,1.36385834,2.20766915,1.14792290,1.06595548,0.80784077,2.20803341,0.71078379,SD 02 80 FFFFFFFF 921162 947586 7FDC36 613A36 554047 2E99E6 7FEB91 59DF7F 524B69 674EE2 7FDD1F 498A0D 504B4D 4D8918 7FEC4C 397495 79445E 4E9DBB 7FEF32 5012A4 41F0BB 44B6C1 7FEFE9 58D8BD 73950A 61B1E5 7FEEB6 5783D0 534C9B 448739 7FF16A 3E4C6F 7CC7AB 000FFF 02 0E9707,2026-07-22T20:36:20.669+00:00,serial_request_midpoint,353.942,True,matched,73.7948,73.7948,2026-07-22T20:36:20.743+00:00,97.884698,1784752580686.509,2938,False,,,,,,,,,,,,,,False,,,,,,,,,,,,,,True,0.5148465553166577,-8.05086726395251,-11.776467506562263,49.5273797564344,0.09363586332910907,-0.6437924177799295,-2.739994181697199,31.590329144863894,18.921202648545325,-25.093273522361404,0.37061399942244666,-0.15856648121899677,0.1867143351000828,False,,,,,,,,,,,,,,False,,,,,,,,,,,,,,False,,,,,,,,,,,,,,True,0.08034984689322114,13.971230008983692,13.69727184097924,78.71211920312213,0.29272508299581884,-0.0825626613145932,-2.9398600978534026,5.684341886080802e-15,0.0,0.0,0.0,0.0,0.0,True,2,0.51484655531667,-8.934303333334698,-9.681600260325759,54.04089224343503,2.680499764087556,0.4466087167753642,0.11936975829730542,31.18609784487852,17.039382051508483,-20.420365291395306,-0.2680124283662087,2.9511474313714237,0.5078846220962999,True,0.2890404549436383,-36.38896247047165,75.65611946573013,23.251165174812666,46.47779974870262,-2.0903974316527183
2026-07-22T20:36:21.402+00:00,157.900000,95617.800000,1.218555,4095,2,02,80,FFFFFFFF,32,2.93564249,3.04985254,2.20771284,1.35263749,1.10327407,0.49181203,2.20786022,1.19537775,1.04686883,1.49517926,2.20769231,0.89056316,1.00976297,0.96005793,2.20559262,0.63948240,1.98859997,0.97927614,2.20446338,1.00567177,0.76667850,0.81076069,2.20484078,1.17463561,1.81903779,1.36334962,2.20696132,1.14739140,1.06544064,0.80780589,2.20778863,0.71067381,SD 02 80 FFFFFFFF 920CF8 947024 7FEF09 613241 553E93 2E998C 7FF021 59DCDF 524982 674E3E 7FEEE2 4987A9 504903 4D87B3 7FDF4B 3973A0 794015 4E9B03 7FD6E7 500FC8 41EF91 44B59D 7FD9B5 58D83A 739452 61AC20 7FE975 577CFC 5345A8 4486AB 7FEF99 3E4A91 7CC7AD 000FFF 02 0E9712,2026-07-22T20:36:21.224+00:00,serial_request_midpoint,357.1837,True,matched,42.77625,42.77625,2026-07-22T20:36:21.266+00:00,98.409404,1784752581186.533,2953,False,,,,,,,,,,,,,,False,,,,,,,,,,,,,,True,0.5718940427185082,-7.632347807411255,-11.648153906063351,49.51296546124228,0.09229275998315044,-0.6477940710825295,-2.730355609850118,31.22369790508231,18.82500684102784,-25.100296853947487,0.37382149333558873,-0.16088545190322592,0.19414681146732893,False,,,,,,,,,,,,,,False,,,,,,,,,,,,,,False,,,,,,,,,,,,,,True,0.06657724212524353,13.971309010503191,13.698285943012726,78.67055614805693,0.2942449400861395,-0.0820584502975213,-2.937805801993106,0.0,0.0,0.0,0.0,0.0,0.0,True,2,0.5718940427184881,-8.524057042899454,-9.539618780691448,54.01847956068514,2.6747201814704447,0.4578692514146335,0.11796422178927654,30.81711443160351,16.926679606445045,-20.43427428377108,-0.27886209464883877,2.946991699564331,0.5120918535614107,True,0.9577408577099916,-36.07071455145292,75.73869550129746,22.611259406580594,46.25416305067807,-2.04585475221013
2026-07-22T20:36:21.962+00:00,158.500000,95618.400000,1.218555,4095,2,02,80,FFFFFFFF,32,2.93522048,3.04933923,2.20751704,1.35210116,1.10300436,0.49181735,2.20525452,1.19522950,1.04673238,1.49518519,2.20686345,0.89046567,1.00971097,0.95997499,2.20756283,0.63947780,1.98821775,0.97908906,2.20750914,1.00549943,0.76657312,0.81069916,2.20759862,1.17455744,1.81895286,1.36293710,2.20757388,1.14687770,1.06502373,0.80776806,2.20787917,0.71059076,SD 02 80 FFFFFFFF 920AA9 946D74 7FED95 612C22 553B04 2E99A7 7FDCC8 59DB05 5247A5 674E4E 7FE8BB 498631 504849 4D8681 7FEDEC 39738B 793CF1 4E9859 7FED86 500D5E 41EDD8 44B4A3 7FEE30 58D73D 739390 61A772 7FEE01 577662 534007 448611 7FF045 3E4928 7CC7AD 000FFF 02 0E9718,2026-07-22T20:36:21.783+00:00,serial_request_midpoint,358.5746,True,matched,14.5983,14.5983,2026-07-22T20:36:21.797+00:00,98.93991,1784752581719.915,2969,False,,,,,,,,,,,,,,False,,,,,,,,,,,,,,True,0.5970673005678159,-7.05060166508225,-11.662312620925542,49.561737501591985,0.09009750179209781,-0.6503486495239855,-2.718702907151885,30.573700455406613,19.034540991104336,-25.280041104831177,0.3788618218874281,-0.15874045597910635,0.20518404053949915,False,,,,,,,,,,,,,,False,,,,,,,,,,,,,,False,,,,,,,,,,,,,,True,0.05805565075259663,13.97637384689622,13.70725346236307,78.7233013503506,0.2888122821913272,-0.07872096639204128,-2.938891646565857,-5.684341886080802e-15,0.0,0.0,0.0,0.0,0.0,True,2,0.5970673005678037,-7.949893839587247,-9.544193179303115,54.06124488023016,2.6691271317262233,0.47232640921355823,0.11574457093511702,30.191214410545093,17.112884370833235,-20.621536699576346,-0.29556790991602555,2.946112467411161,0.51958158020427,True,1.8703712617809174,-35.88589365792282,75.86144038315364,21.65469098477387,46.26921360083257,-2.1118757527817253
2026-07-22T20:36:22.518+00:00,159.700000,95619.600000,1.217334,4095,2,02,80,FFFFFFFF,32,2.93514195,3.04908634,2.20757230,1.35171039,1.10284185,0.49183585,2.20565099,1.19501842,1.04661481,1.49516186,2.20719233,0.89039127,1.00961870,0.95989233,2.20767968,0.63943926,1.98782894,0.97891955,2.20781021,1.00537144,0.76653799,0.81067800,2.20781916,1.17451882,1.81887537,1.36255944,2.20761020,1.14647475,1.06462920,0.80772090,2.20810553,0.71049460,SD 02 80 FFFFFFFF 920A3B 946C21 7FEDFE 6127AC 5538DF 2E9A05 7FDFBA 59D862 52460A 674E0F 7FEB2C 498512 5046FF 4D8550 7FEECA 3972DB 7939BF 4E95EF 7FEFC2 500B93 41ED45 44B44D 7FEFD3 58D6C0 7392DF 61A329 7FEE46 577134 533AB3 448551 7FF1F3 3E4786 7CA7AD 000FFF 02 0E9724,2026-07-22T20:36:22.341+00:00,serial_request_midpoint,354.9741,True,matched,71.27935,71.27935,2026-07-22T20:36:22.411+00:00,99.554302,1784752582353.26,2988,False,,,,,,,,,,,,,,False,,,,,,,,,,,,,,True,0.590798909674447,-6.806376722530463,-11.542324741960131,49.47185343483411,0.08923458569583577,-0.6528281128409629,-2.714247020518277,30.425118867894014,18.910244870875566,-25.377465940477144,0.37875304826458267,-0.16187763958823082,0.20966574204691318,False,,,,,,,,,,,,,,False,,,,,,,,,,,,,,False,,,,,,,,,,,,,,True,0.0910008719288905,13.988598855010704,13.718326108704147,78.74247874575522,0.29307497481823125,-0.08087504070267601,-2.9382318605482025,0.0,1.4210854715202005e-15,0.0,0.0,0.0,0.0,True,2,0.5907989096744624,-7.70895628717066,-9.415706890460045,53.9666915495666,2.6660086336557836,0.47725021508774174,0.11484139481875369,30.03169094713973,16.987360770470637,-20.720379486259482,-0.3018699414169391,2.9423699497850246,0.5188201651864073,True,2.2261647325554748,-35.665217456470366,75.82596601374901,21.31272322021883,46.112025031126834,-2.245941789454844
2026-07-22T20:36:23.075+00:00,160.200000,95620.100000,1.219165,4095,2,02,80,FFFFFFFF,32,2.93451087,3.04847548,2.20761809,1.35125232,1.10272701,0.49181380,2.20785548,1.19488396,1.04652443,1.49515408,2.20770494,0.89028498,1.00953483,0.95986469,2.20767968,0.63942503,1.98750198,0.97879147,2.20762125,1.00522422,0.76646392,0.81062976,2.20547746,1.17449627,1.81879920,1.36225792,2.20734178,1.14604273,1.06425096,0.80768259,2.20765441,0.71043042,SD 02 80 FFFFFFFF 9206C7 9468EE 7FEE55 612271 55375B 2E9995 7FF018 59D6B4 5244CE 674DFA 7FEEFA 498378 5045D3 4D84EA 7FEECA 39729A 79370F 4E941C 7FEE5B 500983 41EC0F 44B389 7FDE70 58D677 739231 619FBD 7FEC48 576BA6 533597 4484B5 7FEE9A 3E466F 7CD7AD 000FFF 02 0E9729,2026-07-22T20:36:22.897+00:00,serial_request_midpoint,357.4978,True,matched,48.3795,48.3795,2026-07-22T20:36:22.945+00:00,100.087808,1784752582886.592,3004,False,,,,,,,,,,,,,,False,,,,,,,,,,,,,,True,0.6148425669826454,-7.055857996516262,-10.70547575856089,49.31246488568363,0.08918979632081993,-0.6566074354980159,-2.7123176485241602,30.40958344145627,18.16800294767079,-25.49960937116121,0.38454074576469915,-0.1583655353413062,0.21219893817897392,False,,,,,,,,,,,,,,False,,,,,,,,,,,,,,False,,,,,,,,,,,,,,True,0.1717008016421792,13.995293443107267,13.725934230522261,78.72342208334454,0.2876302105626946,-0.07744547133715902,-2.940809896284898,5.684341886080802e-15,-1.4210854715202005e-15,0.0,0.0,0.0,0.0,True,2,0.6148425669826372,-7.961767568905408,-8.566735702686303,53.80087683786504,2.6629215768023466,0.4782996859622064,0.1147202494125652,30.039258188034665,16.219741944082756,-20.851183691319694,-0.3060973172728043,2.9438948516435084,0.5278526398994104,True,1.9933323266047935,-34.742947055690024,75.73881794466539,21.278861647320106,45.21694227339901,-2.1967166594507375
2026-07-22T20:36:23.633+00:00,161.300000,95621.200000,1.219165,4095,2,02,80,FFFFFFFF,32,2.93427747,3.04787520,2.20748599,1.35081626,1.10261573,0.49179943,2.20517881,1.19470919,1.04643920,1.49509596,2.20702604,0.89017844,1.00946019,0.95980534,2.20774073,0.63939744,1.98724017,0.97864174,2.20732073,1.00507952,0.76639272,0.81057809,2.20796129,1.17442305,1.81874054,1.36192238,2.20490334,1.14565152,1.06390229,0.80764649,2.20460371,0.71036187,SD 02 80 FFFFFFFF 920580 9465C9 7FED5A 611D76 5535E3 2E994C 7FDC38 59D485 5243A4 674D5D 7FE9F0 4981DD 5044C8 4D840F 7FEF3E 39721C 7934E8 4E91FA 7FEC20 50077C 41EAE5 44B2B7 7FF0E1 58D58A 7391AB 619BEE 7FDA2C 57669E 5330E1 448422 7FD7F2 3E4545 7CD7AD 000FFF 02 0E9734,2026-07-22T20:36:23.454+00:00,serial_request_midpoint,356.1485,True,matched,19.51025,19.51025,2026-07-22T20:36:23.473+00:00,100.615942,1784752583419.904,3020,False,,,,,,,,,,,,,,False,,,,,,,,,,,,,,True,0.5250040265214403,-7.158830761106721,-9.554790329952631,49.319061919128984,0.09933446767563014,-0.6542066621718261,-2.711811955792197,30.391697914204723,16.97052351419016,-25.33111772986927,0.3825390680606997,-0.1544804351381658,0.2121559347299715,False,,,,,,,,,,,,,,False,,,,,,,,,,,,,,False,,,,,,,,,,,,,,True,0.08182265878442418,13.995269472969659,13.720992854965283,78.71398420706495,0.2925305637458441,-0.07788028628826589,-2.939198313453465,0.0,0.0,0.0,0.0,0.0,0.0,True,2,0.525004026521443,-8.09861449244382,-7.430644619959684,53.80743964140355,2.6639545558022535,0.47960269561829294,0.12468810081111913,30.038980458562598,15.033338943294353,-20.67669731787955,-0.306467418283614,2.9481989180898984,0.5254911973392373,True,1.7780845688077576,-33.643841641923316,75.73665376944147,21.3311656910573,44.07135904830364,-2.061148304002927
2026-07-22T20:36:24.189+00:00,162.500000,95622.400000,1.218555,4095,2,02,80,FFFFFFFF,32,2.93401911,3.04778201,2.20441029,1.35060870,1.10249291,0.49180297,2.20682820,1.19451317,1.04632737,1.49509744,2.20527082,0.89010715,1.00938612,0.95973001,2.20738915,0.63935933,1.98702684,0.97850327,2.20522771,1.00495965,0.76636787,0.81056480,2.20737336,1.17440019,1.81866087,1.36171387,2.20742757,1.14526952,1.06366642,0.80762979,2.20745072,0.71030897,SD 02 80 FFFFFFFF 920416 94654C 7FD682 611B17 553444 2E995E 7FE878 59D212 52421D 674D61 7FDCE7 4980CA 5043BF 4D82F9 7FECA2 39716E 793327 4E9001 7FDC95 5005CE 41EA7D 44B281 7FEC84 58D540 7390F5 619990 7FECEB 5761B4 532DB1 4483DE 7FED17 3E445F 7CC7AD 000FFF 02 0E9740,2026-07-22T20:36:24.011+00:00,serial_request_midpoint,355.9598,True,matched,84.6039,84.6039,2026-07-22T20:36:24.094+00:00,101.237422,1784752584019.906,3038,False,,,,,,,,,,,,,,False,,,,,,,,,,,,,,True,0.4723615848725105,-7.037097031979234,-8.280101998132576,49.175842910853405,0.09723721236902068,-0.6585623311050613,-2.7127094199287365,30.01426660516055,15.678700331546171,-25.48718375814152,0.3837650931313282,-0.15499774107288353,0.21067497530716578,False,,,,,,,,,,,,,,False,,,,,,,,,,,,,,False,,,,,,,,,,,,,,True,0.11924600558453899,13.985984778012291,13.709681714695563,78.68438105368246,0.29117823733016995,-0.0807098440737007,-2.93949414675478,0.0,0.0,0.0,0.0,0.0,0.0,True,2,0.47236158487250124,-7.970013475988938,-6.140553567465252,53.65833354914248,2.6615665326478815,0.47676837467985766,0.12254639902049015,29.65832515103339,13.735675131067717,-20.83544412091294,-0.3042147346352201,2.947620287031749,0.5272685904645488,True,1.8629640877735738,-32.30881424402404,75.66074251103478,20.990013854530112,42.76065744000097,-2.181165899411758
2026-07-22T20:36:24.744+00:00,163.100000,95623.000000,1.218555,4095,2,02,80,FFFFFFFF,32,2.93405051,3.04773354,2.20720443,1.35027329,1.10244201,0.49180553,2.20765967,1.19441971,1.04629620,1.49508966,2.20767494,0.89003821,1.00930310,0.95971050,2.20806868,0.63932693,1.98677934,0.97838345,2.20783180,1.00487435,0.76634087,0.81051042,2.20782916,1.17441255,1.81864336,1.36147373,2.20788601,1.14498200,1.06339504,0.80758558,2.20559525,0.71026527,SD 02 80 FFFFFFFF 920442 94650B 7FEB43 611742 553398 2E996B 7FEEA4 59D0E7 5241B0 674D4C 7FEEC1 497FC0 504296 4D82B1 7FF1AD 3970DA 79311E 4E8E4C 7FEFEB 50049C 41EA0C 44B1A4 7FEFE6 58D568 7390CD 6196D6 7FF052 575E01 532A06 44832A 7FDF50 3E43A1 7CC7AD 000FFF 02 0E9746,2026-07-22T20:36:24.566+00:00,serial_request_midpoint,355.9761,True,matched,57.83665,57.83665,2026-07-22T20:36:24.624+00:00,101.766775,1784752584553.296,3054,False,,,,,,,,,,,,,,False,,,,,,,,,,,,,,True,0.44482605331084435,-7.204092917533629,-7.100400332010091,49.25134286656588,0.09945470499198593,-0.6532114226219997,-2.721893695389651,30.028395923659964,14.538648102842131,-25.14062237369423,0.3812817757282907,-0.1580035481487788,0.20285522753107738,False,,,,,,,,,,,,,,False,,,,,,,,,,,,,,False,,,,,,,,,,,,,,True,0.06990473679898013,13.977397569274492,13.699601985856267,78.64236374160626,0.29718766079690057,-0.07721785279731298,-2.9385883798435066,0.0,0.0,-1.1368683772161604e-14,0.0,0.0,0.0,True,2,0.4448260533108292,-8.131569627784309,-4.9792962476884295,53.743717201749135,2.6681217534414543,0.46670926070264424,0.12483146167035955,29.64865374518434,12.606248363944847,-20.486339412915743,-0.2922111745485744,2.946578070491502,0.5233409229497088,True,1.4626692821094551,-31.340896108630346,75.62037021914684,21.193416368942344,41.733108920757545,-1.8931613696780345
2026-07-22T20:36:25.301+00:00,164.200000,95624.100000,1.221606,4095,2,02,80,FFFFFFFF,32,2.93384427,3.04751212,2.20692081,1.35005520,1.10232246,0.49180829,2.20768599,1.19429405,1.04628648,1.49511002,2.20783548,0.89000322,1.00929611,0.95968449,2.20788707,0.63931620,1.98661594,0.97832505,2.20785180,1.00478599,0.76631077,0.81051091,2.20773810,1.17442151,1.81853831,1.36129209,2.20759388,1.14470577,1.06318206,0.80758509,2.20774494,0.71021214,SD 02 80 FFFFFFFF 920321 9463E2 7FE928 6114C4 553204 2E9979 7FEED6 59CF55 52418E 674D83 7FEFF2 497F39 50427D 4D8251 7FF054 3970A9 792FC6 4E8D77 7FF011 50035F 41E98E 44B1A6 7FEF39 58D585 738FDD 6194C6 7FEE27 575A73 532725 448328 7FEF46 3E42BA 7D17AD 000FFF 02 0E9751,2026-07-22T20:36:25.123+00:00,serial_request_midpoint,356.5728,True,matched,31.6615,31.6615,2026-07-22T20:36:25.154+00:00,102.297316,1784752585086.683,3070,False,,,,,,,,,,,,,,False,,,,,,,,,,,,,,True,0.45990411570345713,-7.353893866897787,-5.876617148056685,49.134969945599146,0.09384845689639788,-0.6501182113742303,-2.724467469072439,29.896988981454626,13.242075568971202,-25.39720769610243,0.3774009987259327,-0.15785043124251016,0.19935472485787822,False,,,,,,,,,,,,,,False,,,,,,,,,,,,,,False,,,,,,,,,,,,,,True,0.07718204304350475,13.985869860973173,13.716141434233,78.71433723878656,0.2912409393283701,-0.08020906574434425,-2.9383356447280433,0.0,0.0,0.0,0.0,0.0,0.0,True,2,0.4599041157034636,-8.258625431212373,-3.7616835828942596,53.634885491293836,2.6711638962905226,0.46469931612404963,0.11942567220113538,29.512290650788874,11.327998434175168,-20.735765963833707,-0.28698010330227813,2.9482588587691323,0.5177118320927044,True,1.3544781720734478,-30.188334797404615,75.4246000243312,21.174533205476468,40.55340937580487,-2.2444579839163112
2026-07-22T20:36:25.860+00:00,164.800000,95624.700000,1.220996,4095,2,02,80,FFFFFFFF,32,2.93377576,3.04726463,2.20738757,1.34997043,1.10223605,0.49179943,2.20799130,1.19422872,1.04623700,1.49506708,2.20786654,0.88996512,1.00923909,0.95964493,2.20768757,0.63930591,1.98631481,0.97823787,2.20746651,1.00473442,0.76626203,0.81048433,2.20788865,1.17438814,1.81854225,1.36123121,2.20751862,1.14441320,1.06302921,0.80755562,2.20801762,0.71016706,SD 02 80 FFFFFFFF 9202C1 946296 7FEC9F 6113CC 5530E0 2E994C 7FF11A 59CE84 5240E1 674D0F 7FF02D 497EA6 5041B1 4D81BF 7FEED9 39707A 792D4C 4E8C39 7FED35 5002A6 41E8C2 44B13A 7FF057 58D519 738FE6 619415 7FED98 5756AF 532514 4482B0 7FF14C 3E41F6 7D07AD 000FFF 02 0E9757,2026-07-22T20:36:25.682+00:00,serial_request_midpoint,357.5117,True,matched,10.84205,10.84205,2026-07-22T20:36:25.692+00:00,102.834643,1784752585620.066,3086,False,,,,,,,,,,,,,,False,,,,,,,,,,,,,,True,0.43132557178254466,-7.346417190924656,-4.628597349427377,49.02871928199131,0.09166262564284733,-0.6491449770659731,-2.729831394686284,29.623012471290775,12.061440389755694,-25.590731169275863,0.37756673071519786,-0.1568560820087463,0.19444051940732976,False,,,,,,,,,,,,,,False,,,,,,,,,,,,,,False,,,,,,,,,,,,,,True,0.13113943606022513,14.001553889824681,13.729142946158117,78.78009296293843,0.2872032022383571,-0.07918920339829268,-2.9394880662244254,0.0,0.0,1.1368683772161604e-14,0.0,0.0,0.0,True,2,0.43132557178256825,-8.237025662023646,-2.5153302891627822,53.53223368484542,2.6736988777814537,0.4580578013375689,0.11732190659335741,29.238469924276323,10.147365317543338,-20.92927573765603,-0.2797751549927427,2.9499325824993203,0.5182410254819979,True,1.2543882689798422,-29.02197872450436,75.27808306001828,21.07021622349391,39.403619798179854,-2.4111084423743705
2026-07-22T20:36:26.415+00:00,165.900000,95625.800000,1.216113,4095,2,02,80,FFFFFFFF,32,2.93358453,3.04731755,2.20757704,1.34980876,1.10221682,0.49177738,2.20522035,1.19413184,1.04620412,1.49505523,2.20463157,0.88989281,1.00919493,0.95963978,2.20470516,0.63928751,1.98608401,0.97817783,2.20712550,1.00472132,0.76623503,0.81047966,2.20794497,1.17439710,1.81829846,1.36107196,2.20539807,1.14418257,1.06288880,0.80754874,2.20503056,0.71012980,SD 02 80 FFFFFFFF 9201B5 9462DD 7FEE07 6111F3 55309F 2E98DC 7FDC87 59CD4E 52406E 674CEF 7FD827 497D8F 504113 4D81AC 7FD8B3 397026 792B66 4E8B5E 7FEAAD 500277 41E851 44B127 7FF0C2 58D536 738DB9 619246 7FDDD9 5753B7 53232E 448294 7FDB1E 3E4154 7C87AD 000FFF 02 0E9762,2026-07-22T20:36:26.238+00:00,serial_request_midpoint,353.9006,True,matched,75.0103,75.0103,2026-07-22T20:36:26.312+00:00,103.455356,1784752586253.452,3105,False,,,,,,,,,,,,,,False,,,,,,,,,,,,,,True,0.40263747573682257,-7.29961759504941,-3.5004666717710906,48.81896792750156,0.09717333926786324,-0.6480736723187984,-2.7308274423210785,29.373205821250473,11.196794846669581,-25.654941905988142,0.3846337886080256,-0.1534773031437062,0.19484759309149344,False,,,,,,,,,,,,,,False,,,,,,,,,,,,,,False,,,,,,,,,,,,,,True,0.13977255179057435,13.996528302908985,13.724655325553547,78.75387767057126,0.28659051684926373,-0.06802279843122686,-2.94114765724518,0.0,1.4210854715202005e-15,0.0,0.0,0.0,0.0,True,2,0.4026374757368408,-8.207131258442686,-1.39419345491994,53.32238387378834,2.67454972302573,0.4569866854706997,0.12271971273457039,29.00954009023598,9.25132025333007,-21.00482374175874,-0.28082243885058605,2.951351284844572,0.5292254711277825,True,1.2031010560971864,-27.93444415718225,75.06252957660283,20.864402710789868,38.371027028071396,-2.2626059126121048
2026-07-22T20:36:26.971+00:00,166.500000,95626.400000,1.217944,4095,2,02,80,FFFFFFFF,32,2.93381430,3.04730712,2.20690818,1.34985798,1.10211800,0.49178348,2.20509154,1.19409808,1.04619668,1.49507004,2.20469307,0.88988244,1.00920778,0.95963327,2.20730968,0.63928335,1.98600614,0.97810820,2.20740967,1.00463854,0.76621568,0.81049393,2.20764652,1.17450924,1.81847221,1.36110532,2.20711129,1.14402904,1.06283969,0.80753278,2.20769757,0.71012176,SD 02 80 FFFFFFFF 9202F7 9462CF 7FE910 611283 552F51 2E98FB 7FDB92 59CCE2 524054 674D17 7FD89C 497D67 504141 4D8194 7FEC0B 397013 792AC2 4E8A60 7FECC9 50014E 41E800 44B161 7FEE8B 58D6A1 738F46 6192A7 7FEA92 5751BD 532284 448253 7FEEEC 3E4131 7CB7AD 000FFF 02 0E9768,2026-07-22T20:36:26.794+00:00,serial_request_midpoint,356.9539,True,matched,49.24725,49.24725,2026-07-22T20:36:26.842+00:00,103.985333,1784752586786.829,3121,False,,,,,,,,,,,,,,False,,,,,,,,,,,,,,True,0.35456238459887734,-7.400527358142452,-2.715411311979474,48.720619418162165,0.10245213255162666,-0.6502393728676795,-2.73573763922679,29.40371355291274,10.000296361543448,-25.74367786456913,0.3745947708099899,-0.15144574317910256,0.18715305569771573,False,,,,,,,,,,,,,,False,,,,,,,,,,,,,,False,,,,,,,,,,,,,,True,0.06918905266604398,13.985364953592423,13.710393333143184,78.7232492996625,0.29050494209403505,-0.08483934622874888,-2.9379665063528844,-5.684341886080802e-15,0.0,0.0,0.0,0.0,0.0,True,2,0.3545623845988505,-8.32020702342985,-0.6055378398271758,53.21988002625221,2.674668311628958,0.4494819579984801,0.12781750411338832,29.036806590787478,8.102779884463331,-21.074038341533175,-0.2694587645046167,2.957036467775345,0.5148486744430504,True,0.8667808072712703,-27.18974391729342,75.00176599972808,21.173509818163545,37.46629488142067,-2.593674015545139
2026-07-22T20:36:27.530+00:00,167.700000,95627.600000,1.217334,4095,2,02,80,FFFFFFFF,32,2.93461366,3.04800569,2.20752704,1.35013690,1.10211593,0.49176537,2.20563627,1.19402370,1.04629220,1.49502080,2.20454169,0.88989488,1.00920890,0.95967798,2.20709708,0.63929343,1.98606264,0.97814164,2.20723390,1.00470543,0.76622930,0.81054314,2.20758441,1.17464055,1.81853787,1.36125013,2.20753809,1.14400993,1.06288389,0.80753057,2.20549008,0.71013854,SD 02 80 FFFFFFFF 920757 946678 7FEDA8 6115B3 552F4A 2E989F 7FDF9E 59CBF4 5241A2 674C92 7FD77C 497D97 504145 4D8239 7FEA77 397041 792B39 4E8ADA 7FEB7B 50023E 41E839 44B229 7FEE15 58D84A 738FDC 61944C 7FEDBD 57517E 53231D 44824A 7FDE88 3E417A 7CA7AD 000FFF 02 0E9774,2026-07-22T20:36:27.352+00:00,serial_request_midpoint,357.5222,True,matched,17.52,17.52,2026-07-22T20:36:27.370+00:00,104.511602,1784752587286.871,3136,False,,,,,,,,,,,,,,False,,,,,,,,,,,,,,True,0.3404118180231987,-7.215857771799337,-1.9966628976816216,48.678680603307654,0.09703185845131584,-0.651554812502437,-2.7338596169957095,29.121265602435876,9.461772284687871,-25.701604824776393,0.3790514535833702,-0.15688473801002337,0.19043605166232921,False,,,,,,,,,,,,,,False,,,,,,,,,,,,,,False,,,,,,,,,,,,,,True,0.09645286849548608,13.986293653746685,13.70854890425979,78.71134336917389,0.292344056286955,-0.07881100623437787,-2.938846973085169,0.0,1.4210854715202005e-15,0.0,0.0,0.0,0.0,True,2,0.3404118180231942,-8.120109262673909,0.12086417268913682,53.177472852873244,2.673369618760418,0.4516366826452633,0.12251149081478697,28.733521160842407,7.541074567779029,-21.043139639167748,-0.27382423671636513,2.950122345383563,0.5205441578025113,True,1.1706754988346462,-26.415484312928477,74.97368450300476,20.69145941403128,36.795710080278866,-2.4672719979669866
2026-07-22T20:36:28.089+00:00,168.200000,95628.100000,1.218555,4095,2,02,80,FFFFFFFF,32,2.93591530,3.04947501,2.20756020,1.35083028,1.10213043,0.49178624,2.20776337,1.19403620,1.04661138,1.49502931,2.20538282,0.88997367,1.00930785,0.95977581,2.20699973,0.63931532,1.98618136,0.97819154,2.20747441,1.00487407,0.76629787,0.81061992,2.20764862,1.17490690,1.81862454,1.36165228,2.20724179,1.14402480,1.06305175,0.80754874,2.20750178,0.71018500,SD 02 80 FFFFFFFF 920E76 946E2A 7FEDE7 611D9F 552F7B 2E9909 7FEF69 59CC1C 5245FE 674CA9 7FDDBC 497EC7 5042A7 4D83A2 7FE9BE 3970A5 792C33 4E8B90 7FED44 50049B 41E958 44B361 7FEE8F 58DBA8 7390A2 6198DD 7FEB8A 5751AF 532562 448294 7FED78 3E4244 7CC7AE 000FFF 02 0E9779,2026-07-22T20:36:27.911+00:00,serial_request_midpoint,356.3071,True,matched,84.39305,84.39305,2026-07-22T20:36:27.994+00:00,105.136531,1784752587920.25,3155,False,,,,,,,,,,,,,,False,,,,,,,,,,,,,,True,0.33382192599712174,-7.531374045181103,-0.7382510162108705,48.01222551366367,0.08711027106114251,-0.6463323251287667,-2.7416691347027395,29.349312247101295,8.063352734561613,-26.13935179114592,0.37309954104728743,-0.16602006723227197,0.18349366429184977,False,,,,,,,,,,,,,,False,,,,,,,,,,,,,,False,,,,,,,,,,,,,,True,0.09191728847373347,13.97340363033255,13.69895584155137,78.65169505923527,0.2954543454214144,-0.08024580965313972,-2.9375867364698354,0.0,1.4210854715202005e-15,0.0,0.0,0.0,0.0,True,2,0.33382192599712224,-8.391647951933226,1.3688262036145047,52.52452838449257,2.6796409295174826,0.4436048045196576,0.11296972942578246,28.90704525173235,6.167293186005006,-21.47565359162969,-0.26247432379378555,2.9437125861984246,0.5105357268149262,True,0.8321654871201446,-25.32031198031736,74.16205327466143,20.97853956683127,35.576254365108134,-3.09568855622648
2026-07-22T20:36:28.645+00:00,169.300000,95629.200000,1.219165,4095,2,02,80,FFFFFFFF,32,2.93777858,3.05112208,2.20758388,1.35171860,1.10219759,0.49178191,2.20808448,1.19409183,1.04698356,1.49502561,2.20494171,0.89012685,1.00949905,0.95990886,2.20674875,0.63935233,1.98664681,0.97839908,2.20740494,1.00523927,0.76639774,0.81077521,2.20731389,1.17549321,1.81886924,1.36266271,2.20757967,1.14444688,1.06364041,0.80756986,2.20755651,0.71039546,SD 02 80 FFFFFFFF 9218A6 9476C9 7FEE14 6127C4 55305E 2E98F3 7FF1CB 59CCCE 524B13 674C9F 7FDA75 498116 504553 4D858D 7FE7E1 39714E 793007 4E8E85 7FECC0 5009B9 41EAFA 44B5D8 7FEC13 58E311 7392D1 61A455 7FEE0C 57571E 532D57 4482EA 7FEDE0 3E45D7 7CD7AE 000FFF 02 0E9784,2026-07-22T20:36:28.467+00:00,serial_request_midpoint,355.0055,True,matched,58.99705,58.99705,2026-07-22T20:36:28.526+00:00,105.668013,1784752588453.576,3171,False,,,,,,,,,,,,,,False,,,,,,,,,,,,,,True,0.32615240576925797,-7.960863731096127,0.5202166161970634,47.236960479441294,0.07311361523685075,-0.641503784387664,-2.747799567898618,29.51766417894321,6.827029471669837,-27.009969732375964,0.37271273779577974,-0.1693970759589588,0.17828402908842958,False,,,,,,,,,,,,,,False,,,,,,,,,,,,,,False,,,,,,,,,,,,,,True,0.060499012573104,13.989435014809283,13.714392590028192,78.72564734105657,0.28533949304788975,-0.07593180535732219,-2.9395909128365267,0.0,0.0,0.0,0.0,0.0,0.0,True,2,0.32615240576932636,-8.765701050019157,2.6203651433885438,51.762702057612714,2.6851572057658615,0.4376455559196276,0.09945565229633484,29.053718149990676,4.9320442040591255,-22.347941343751245,-0.25438832090088925,2.9412381075608836,0.5095955414217322,True,0.4776133310849147,-24.189765120162516,73.24174694409793,21.25026454142694,34.37992417691156,-3.976773944382785
2026-07-22T20:36:29.200+00:00,170.500000,95630.400000,1.219165,4095,2,02,80,FFFFFFFF,32,2.94588465,3.05831347,2.20773494,1.35496747,1.10251806,0.49176537,2.20795919,1.19447160,1.04846995,1.49509114,2.20795024,0.89064069,1.01016508,0.96049164,2.20807553,0.63951087,1.98820253,0.97915489,2.20530710,1.00663311,0.76687233,0.81151863,2.20674875,1.17793085,1.81987288,1.36740586,2.20775652,1.14651242,1.06638391,0.80777469,2.20741599,0.71114276,SD 02 80 FFFFFFFF 9244E2 949C5D 7FEF33 614CD3 553499 2E989F 7FF0DD 59D18D 525F5C 674D50 7FF0CC 4988D4 504EA1 4D8DF3 7FF1BA 397422 793CD1 4E9949 7FDD2C 501D3E 41F2BC 44C1A4 7FE7E1 5901D9 739BC5 61DA15 7FEF5C 5771B0 535263 44862C 7FECD5 3E5287 7CD7AE 000FFF 02 0E9790,2026-07-22T20:36:29.023+00:00,serial_request_midpoint,356.2446,True,matched,51.7182,51.7182,2026-07-22T20:36:29.074+00:00,106.216926,1784752589020.228,3188,False,,,,,,,,,,,,,,False,,,,,,,,,,,,,,True,0.35136240282882875,-8.22142992790155,1.0831170062658004,47.38077767693052,0.07700341884776583,-0.6492900812613495,-2.7496769251873325,29.736466832554633,6.122187225612071,-26.72448974704855,0.37461641141150986,-0.17045861187174702,0.17534046800132763,False,,,,,,,,,,,,,,False,,,,,,,,,,,,,,False,,,,,,,,,,,,,,True,0.09557839451037206,13.993526927497612,13.712477710220217,78.73252289902842,0.2908006117324901,-0.08055269480745943,-2.9384627982201286,-5.684341886080802e-15,0.0,0.0,0.0,0.0,0.0,True,2,0.351362402828776,-9.038992174969092,3.205625956668354,51.89378885060237,2.6807061939829304,0.43211172603451214,0.10312562035444123,29.265525705512665,4.218282868970286,-22.066798818951575,-0.24993395128303397,2.9401274453036907,0.5123248565382179,True,0.035000092937617924,-23.536251604161727,73.52954544878239,21.540527336582272,33.64793569088396,-3.633371310379016
2026-07-22T20:36:29.758+00:00,171.100000,95631.000000,1.217334,4095,2,02,80,FFFFFFFF,32,2.96639567,3.07704914,2.20500164,1.36433172,1.10360570,0.49177797,2.20758020,1.19549222,1.05102573,1.49518371,2.20534391,0.89181599,1.01126428,0.96147118,2.20443394,0.63985714,1.99092521,0.98040156,2.20469622,1.00803765,0.76731933,0.81182276,2.20431884,1.17798657,1.81999903,1.36918502,2.20703183,1.14765439,1.06809006,0.80788449,2.20536441,0.71133955,SD 02 80 FFFFFFFF 92B431 94FDC9 7FDAE7 61B743 5542F3 2E98DF 7FEE0D 59DE4D 528232 674E4A 7FDD72 499A87 505DFA 4D9C0F 7FD6AF 397A4F 79532D 4EAB08 7FD8A2 5030E5 41FA0A 44C677 7FD5D4 59028D 739CE5 61EE35 7FE9FB 57805D 536965 4487EB 7FDD99 3E55DE 7CA7AE 000FFF 02 0E9796,2026-07-22T20:36:29.580+00:00,serial_request_midpoint,355.4667,True,matched,14.22455,14.22455,2026-07-22T20:36:29.593+00:00,106.73643,1784752589520.207,3203,False,,,,,,,,,,,,,,False,,,,,,,,,,,,,,True,0.29958553346925865,-7.920114722777747,1.836737661092132,47.25188610474991,0.06473904972316002,-0.6563680329612851,-2.744913135921121,29.34612952496182,5.38167233240043,-26.817264754506255,0.37778680947129467,-0.18051008201353339,0.17940646626240428,False,,,,,,,,,,,,,,False,,,,,,,,,,,,,,False,,,,,,,,,,,,,,True,0.08607525636483068,13.985230608434799,13.705507752022765,78.69407983469499,0.29271626121764777,-0.0820278346335424,-2.9378015825732655,0.0,0.0,0.0,0.0,0.0,0.0,True,2,0.29958553346930417,-8.70416443897027,3.9894911617584006,51.75651063034178,2.674934186835152,0.43594503292869285,0.0910842284181903,28.831989243326035,3.4588021831031526,-22.17194949411787,-0.2549936468411043,2.9289623246382908,0.5153811031113545,True,0.5792997155176807,-22.589865828032153,73.50338144050106,20.84500569279312,32.798761111173064,-3.707220452108186
2026-07-22T20:36:30.315+00:00,172.200000,95632.100000,1.218554,4095,2,02,80,FFFFFFFF,32,2.96479616,3.07641745,2.20430518,1.36460739,1.10413854,0.49177305,2.20463262,1.19578377,1.05143650,1.49520444,2.20703920,0.89204046,1.01156152,0.96168143,2.20732757,0.63995396,1.99238980,0.98117261,2.20753756,1.00908816,0.76777843,0.81238265,2.20512151,1.17974558,1.82113426,1.37346335,2.20720969,1.14992391,1.07118247,0.80806996,2.20775337,0.71207605,SD 02 80 FFFFFFFF 92AB8B 94FA83 7FD5BA 61BA63 5549FA 2E98C6 7FD829 59E1F1 5287CA 674E82 7FEA09 499DE8 506220 4D9F16 7FEC2D 397C09 795F31 4EB600 7FEDBC 503F95 42018A 44CF58 7FDBCB 5918BC 73A704 621E85 7FEB4D 579D80 539309 448ADE 7FEF56 3E625D 7CC7AC 000FFF 02 0E97A1,2026-07-22T20:36:30.137+00:00,serial_request_midpoint,356.3164,True,matched,77.981,77.981,2026-07-22T20:36:30.215+00:00,107.356314,1784752590153.544,3222,False,,,,,,,,,,,,,,False,,,,,,,,,,,,,,True,0.2423163863857374,-8.191847883726265,3.426024715730464,46.57788975682839,0.07441262456997323,-0.6531551669392406,-2.7431862325981466,29.433038305272493,3.8173866245649117,-27.372704411596754,0.37905971412686756,-0.17337846273875904,0.18126061304006724,False,,,,,,,,,,,,,,False,,,,,,,,,,,,,,False,,,,,,,,,,,,,,True,0.09710117191077358,13.992104828882669,13.712200314908696,78.70588323468652,0.29195426139034203,-0.07787140825440543,-2.9381045066594536,0.0,1.4210854715202005e-15,0.0,0.0,0.0,0.0,True,2,0.2423163863858154,-9.009570093136142,5.562711941358993,51.08417666946547,2.67615763774054,0.4392846842725336,0.10051205083410626,28.956073258220368,1.8910260342343186,-22.72487019867109,-0.2584734603985664,2.935345509186075,0.5182861431621366,True,0.24764008515366953,-21.04573032549099,72.8066575263756,20.998189224468963,31.197803783930794,-4.194997712131737
2026-07-22T20:36:30.871+00:00,172.800000,95632.700000,1.219165,4095,2,02,80,FFFFFFFF,32,2.98715867,3.09640302,2.20745178,1.37364137,1.10524859,0.49177718,2.20783022,1.19686810,1.05406820,1.49531663,2.20789128,0.89317241,1.01267035,0.96263945,2.20778705,0.64026002,1.99573084,0.98254098,2.20538808,1.01070494,0.76828408,0.81275102,2.20697290,1.17994052,1.82164009,1.37554845,2.20706656,1.15134304,1.07295961,0.80821933,2.20775073,0.71212833,SD 02 80 FFFFFFFF 9323F9 9561B3 7FED19 622087 55589C 2E98DB 7FEFE8 59EF7A 52AB98 674FB1 7FF05C 49AEF0 507198 4DACE0 7FEF96 39817E 797A92 4EC974 7FDDC6 50562B 4209CC 44D52F 7FE98B 591B31 73AB86 623606 7FEA3D 57AFB3 53AAEE 448D3E 7FEF51 3E6340 7CD7AC 000FFF 02 0E97A7,2026-07-22T20:36:30.694+00:00,serial_request_midpoint,355.9185,True,matched,38.07675,38.07675,2026-07-22T20:36:30.732+00:00,107.873142,1784752590653.574,3237,False,,,,,,,,,,,,,,False,,,,,,,,,,,,,,True,0.22888017420176002,-8.554332933316646,4.490768095259173,46.60013678261616,0.04475749661439476,-0.6594497544481012,-2.7535767714598536,29.54671728518224,2.714367497071821,-27.296085163003312,0.3817707932949182,-0.19392496730067715,0.17069322951047947,False,,,,,,,,,,,,,,False,,,,,,,,,,,,,,False,,,,,,,,,,,,,,True,0.07823196041942734,13.991116834235655,13.713807077772227,78.72630688070592,0.290148408360186,-0.07736930427272021,-2.938016766776322,5.684341886080802e-15,1.4210854715202005e-15,0.0,0.0,0.0,0.0,True,2,0.22888017420175452,-9.261661280827747,6.664514413741129,51.10737951905399,2.6762740963922704,0.423531314107693,0.07177253616438228,28.961040931896484,0.7696342515967466,-22.668373055857465,-0.24085798216518853,2.916025272822187,0.5194306148348268,True,-0.04444681923810094,-19.964917620942792,72.82114524062705,21.0765996430765,30.082459107105628,-4.1166831251379445
2026-07-22T20:36:31.427+00:00,174.000000,95633.900000,1.218555,4095,2,02,80,FFFFFFFF,32,2.97332164,3.08478718,2.20512203,1.37040092,1.10553615,0.49177994,2.20758757,1.19692414,1.05234818,1.49525332,2.20724548,0.89277743,1.01214272,0.96207624,2.20780495,0.64016778,1.99478600,0.98215343,2.20535653,1.00942022,0.76796020,0.81211733,2.20734705,1.17770055,1.82066143,1.37181245,2.20754493,1.15035205,1.07147025,0.80812499,2.20513097,0.71167448,SD 02 80 FFFFFFFF 92D994 9525D2 7FDBCC 61FBF3 555C66 2E98E9 7FEE1B 59F02D 529433 674F06 7FEB91 49A8FF 506A3C 4DA4C5 7FEFB8 397FD9 7972D5 4EC3F2 7FDD8A 504439 420482 44CB23 7FEC52 58FEF1 73A2CD 620BE4 7FEDCA 57A2FE 5396E8 448BBE 7FDBDD 3E5B8D 7CC7AE 000FFF 02 0E97B3,2026-07-22T20:36:31.250+00:00,serial_request_midpoint,356.4742,True,matched,77.4393,77.4393,2026-07-22T20:36:31.326+00:00,108.469464,1784752591253.585,3255,False,,,,,,,,,,,,,,False,,,,,,,,,,,,,,True,0.28543032439236843,-8.535204336991274,4.85118924247239,47.355460764373966,0.05929474900606714,-0.6875199002239144,-2.748820193582865,29.31719044240304,2.3860645037217116,-26.516824672769967,0.4004804493053613,-0.18521436301767147,0.17169266626088756,False,,,,,,,,,,,,,,False,,,,,,,,,,,,,,False,,,,,,,,,,,,,,True,0.10502749407505409,13.993439514488722,13.711732109791248,78.69687005444975,0.2909325324579478,-0.08040753414350056,-2.9389738240817036,0.0,0.0,0.0,0.0,0.0,0.0,True,2,0.2854303243924502,-9.303287157159831,7.105116190036313,51.813104339184164,2.6565661650238015,0.4187605796082439,0.08546854202174943,28.78480276164907,0.3576578071992856,-21.918688770632674,-0.2433801783764937,2.9195207703963173,0.5481939022529398,True,-0.3648432052743999,-19.123914145303484,74.12259788159736,20.948879488861174,29.3033138696673,-2.7792369417939424
2026-07-22T20:36:31.985+00:00,174.500000,95634.400000,1.218555,4095,2,02,80,FFFFFFFF,32,2.95688255,3.06988925,2.20449018,1.36376912,1.10496848,0.49178841,2.20745336,1.19636105,1.05062969,1.49520259,2.20756072,0.89207939,1.01142101,0.96142316,2.20731547,0.63994914,1.99323349,0.98147558,2.20474511,1.00861227,0.76775237,0.81197127,2.20437035,1.17792218,1.82087570,1.37175224,2.20657566,1.15048058,1.07140926,0.80816970,2.20784496,0.71190127,SD 02 80 FFFFFFFF 9280AD 94D8A3 7FD71A 61B0E2 5554EB 2E9914 7FED1C 59E926 527CCD 674E7D 7FEDE8 499E7E 50602A 4D9B5E 7FEC16 397BF3 79661C 4EBA4F 7FD8FF 5038EE 42011D 44C8D2 7FD636 5901BD 73A4B6 620B36 7FE698 57A4A4 539616 448C74 7FF004 3E5F66 7CC7AE 000FFF 02 0E97B8,2026-07-22T20:36:31.807+00:00,serial_request_midpoint,356.1755,True,matched,49.08415,49.08415,2026-07-22T20:36:31.855+00:00,108.99802,1784752591786.917,3271,False,,,,,,,,,,,,,,False,,,,,,,,,,,,,,True,0.22238742777621698,-8.36787515277536,6.01953234046082,47.28531934748504,0.06286084449807801,-0.6935795993210898,-2.7504906492590036,28.887411339185036,1.1467920478113185,-26.732546221761925,0.40141898926684316,-0.18013908346862362,0.16777250668563162,False,,,,,,,,,,,,,,False,,,,,,,,,,,,,,False,,,,,,,,,,,,,,True,0.06911146736902074,13.996757449144079,13.72115524012904,78.76443792903535,0.28705312236922925,-0.08623897804703547,-2.938748200040951,0.0,1.4210854715202005e-15,0.0,0.0,0.0,0.0,True,2,0.22238742777622764,-9.146922830502758,8.290147724371835,51.732578519326864,2.653195284295884,0.41413129138470045,0.08883867176476343,28.37604736441695,-0.883651391668257,-22.132923414211213,-0.2380824509862688,2.9247254569290595,0.550492068660026,True,-0.3544214400759273,-17.885877487077064,74.16199978161276,20.729799118171393,28.068691976489323,-2.926986415948477
2026-07-22T20:36:32.543+00:00,175.700000,95635.600000,1.221606,4095,2,02,80,FFFFFFFF,32,2.97090764,3.08217082,2.20508050,1.36839502,1.10517863,0.49179313,2.20703183,1.19686090,1.05249860,1.49526368,2.20719180,0.89271019,1.01210940,0.96212943,2.20785601,0.64013294,1.99483321,0.98221334,2.20504107,1.00992067,0.76813098,0.81250411,2.20429519,1.17939450,1.82148886,1.37468459,2.20440188,1.15186360,1.07302211,0.80827658,2.20434828,0.71223012,SD 02 80 FFFFFFFF 92CC8F 95184C 7FDB7D 61E546 5557B0 2E992C 7FE9FB 59EF63 52963F 674F22 7FEB2B 49A7FC 5069C5 4DA589 7FF019 397F3A 797338 4EC4CC 7FDB32 504B37 42074C 44D145 7FD5A7 59144F 73AA2D 622C4A 7FD672 57B65F 53ABC5 448E27 7FD60C 3E64FA 7D17AD 000FFF 02 0E97C4,2026-07-22T20:36:32.364+00:00,serial_request_midpoint,357.4119,True,matched,14.69655,14.69655,2026-07-22T20:36:32.378+00:00,109.521074,1784752592320.271,3287,False,,,,,,,,,,,,,,False,,,,,,,,,,,,,,True,0.23928473841740988,-8.57577141318821,7.119682582122378,47.20139728669451,0.06747562393481439,-0.6907472070619122,-2.749676205854557,29.011258885078423,0.10772018054571149,-26.4182239507637,0.4026609978675678,-0.18310124558396004,0.16996174482249057,False,,,,,,,,,,,,,,False,,,,,,,,,,,,,,False,,,,,,,,,,,,,,True,0.06842719582619905,13.979520830574362,13.696448571269404,78.62737767505322,0.2957038033031592,-0.08035690213850111,-2.9376989225350756,0.0,-1.4210854715202005e-15,1.1368683772161604e-14,0.0,0.0,0.0,True,2,0.239284738417361,-9.370670521710952,9.37879324536618,51.65170934829507,2.654608677361982,0.41624020941514783,0.09330386989412892,28.488476184066904,-1.929749118145589,-21.822993800754556,-0.2410505291238805,2.9212209252437824,0.5517794366065775,True,-0.5791218323830407,-16.828420689635074,74.04505488085007,20.731840719424955,26.983957146652937,-2.603120985520911
2026-07-22T20:36:33.098+00:00,176.900000,95636.800000,1.216724,4095,2,02,80,FFFFFFFF,32,2.97677381,3.08792084,2.20446495,1.37169031,1.10568943,0.49180376,2.20673508,1.19727854,1.05312310,1.49531330,2.20749599,0.89310723,1.01249081,0.96240247,2.20785285,0.64024884,1.99584438,0.98265314,2.20770599,1.01029989,0.76827260,0.81255536,2.20564416,1.17916121,1.82149982,1.37488873,2.20474721,1.15238249,1.07352276,0.80830582,2.20725232,0.71224348,SD 02 80 FFFFFFFF 92EC2D 953600 7FD6EA 620A83 555E6B 2E9962 7FE7C7 59F499 529EBE 674FA8 7FED6D 49ADF5 506F17 4DA977 7FF013 39814B 797B80 4ECB0C 7FEEFC 505083 42099C 44D215 7FDFAD 59115E 73AA46 622E97 7FD903 57BD05 53B27F 448E9E 7FEB9E 3E6534 7C97AE 000FFF 02 0E97D0,2026-07-22T20:36:32.920+00:00,serial_request_midpoint,356.2532,True,matched,91.8033,91.8033,2026-07-22T20:36:33.012+00:00,110.155177,1784752592953.639,3306,False,,,,,,,,,,,,,,False,,,,,,,,,,,,,,True,0.18240197604461164,-8.733550940586456,8.64281257078935,47.05248944349155,0.05869986066962355,-0.6944866193769006,-2.7512985009038986,28.82602829162975,-1.1501552639207815,-26.703163902557282,0.41209112956238103,-0.18535381987095773,0.16936410817814912,False,,,,,,,,,,,,,,False,,,,,,,,,,,,,,False,,,,,,,,,,,,,,True,0.0983770448954615,13.9944475659484,13.719281104271293,78.72249540691567,0.2887008810846683,-0.07053291156835165,-2.940854264029464,0.0,0.0,0.0,0.0,0.0,0.0,True,2,0.18240197604470162,-9.497886361118645,10.918618335579485,51.499648481290464,2.6529836423172655,0.4127736032197214,0.08483880236292131,28.296757329192435,-3.231588791685759,-22.128425577863162,-0.24005614748221935,2.916533105849493,0.5652553186978989,True,-0.6911605108830912,-15.251453587315089,73.93043603058233,20.51486950425811,25.496864691259795,-2.642802747414021
2026-07-22T20:36:33.656+00:00,177.400000,95637.300000,1.219165,4095,2,02,80,FFFFFFFF,32,2.97112049,3.08327011,2.20734126,1.37026056,1.10575823,0.49180455,2.20800130,1.19731737,1.05254626,1.49532922,2.20777968,0.89293843,1.01231802,0.96223772,2.20763283,0.64020765,1.99544558,0.98258716,2.20749599,1.00996513,0.76819222,0.81240532,2.20774705,1.17851356,1.82121535,1.37383951,2.20756967,1.15228004,1.07325788,0.80826798,2.20783653,0.71214122,SD 02 80 FFFFFFFF 92CDB5 951DFB 7FEC47 61FA5D 555F53 2E9966 7FF12D 59F515 5296E5 674FD3 7FEF88 49AB6B 506CAE 4DA718 7FEE71 39808F 79783C 4ECA1C 7FED6D 504BD6 42084C 44CFB4 7FEF4A 590933 73A7BD 6222C3 7FEDF9 57BBB5 53AEF0 448E04 7FEFF4 3E6378 7CD7AE 000FFF 02 0E97D5,2026-07-22T20:36:33.478+00:00,serial_request_midpoint,355.8584,True,matched,63.1871,63.1871,2026-07-22T20:36:33.540+00:00,110.683062,1784752593487.024,3322,False,,,,,,,,,,,,,,False,,,,,,,,,,,,,,True,0.17830350327847838,-8.922113075060805,9.800483721810021,47.071669367273316,0.08001045360986295,-0.699867721862518,-2.7446329955817697,28.831987658548496,-2.5082523532845995,-26.496608180009368,0.41212911135397345,-0.1728037832940507,0.17341155988160475,False,,,,,,,,,,,,,,False,,,,,,,,,,,,,,False,,,,,,,,,,,,,,True,0.11016985539518571,13.988442942114139,13.709795336972373,78.68604573206716,0.2927943074938147,-0.07779736513482184,-2.938961473332833,0.0,1.4210854715202005e-15,0.0,0.0,0.0,0.0,True,2,0.17830350327849684,-9.76685886963077,12.0810380931298,51.50181601616858,2.646834020986088,0.4189807945452755,0.10517951964651365,28.367760254312344,-4.586090826459563,-21.913181162453895,-0.24725758711860704,2.928202192982871,0.5672898331595834,True,-1.0584561190300135,-13.959346165060069,74.12113130092678,20.62286289226922,24.12159494424717,-2.382265739107015
2026-07-22T20:36:34.212+00:00,178.500000,95638.400000,1.217944,4095,2,02,80,FFFFFFFF,32,2.96550549,3.07832957,2.20749230,1.36818817,1.10570633,0.49182877,2.20800288,1.19718994,1.05182843,1.49535440,2.20776495,0.89272810,1.01206068,0.96195765,2.20761283,0.64014324,1.99484322,0.98232658,2.20736441,1.00948787,0.76802454,0.81218360,2.20514359,1.17792064,1.82101068,1.37253369,2.20714339,1.15182519,1.07251667,0.80827879,2.20530079,0.71196183,SD 02 80 FFFFFFFF 92AF61 95046B 7FED66 61E2EF 555EA4 2E99E1 7FF130 59F37E 528D20 675017 7FEF6C 49A841 506917 4DA310 7FEE4B 397F69 79734D 4EC668 7FEC73 50452B 42058F 44CC30 7FDBF5 5901B8 73A5EA 621408 7FEACF 57B5E1 53A4FA 448E30 7FDD20 3E606D 7CB7AE 000FFF 02 0E97E0,2026-07-22T20:36:34.035+00:00,serial_request_midpoint,355.7108,True,matched,37.8916,37.8916,2026-07-22T20:36:34.072+00:00,111.215413,1784752594020.393,3338,False,,,,,,,,,,,,,,False,,,,,,,,,,,,,,True,0.13048823378575236,-8.808695910809567,10.708833666296552,47.05172614570271,0.08542774336930649,-0.7030612821836851,-2.733475768824465,28.49756206356455,-3.290306449537096,-26.544716883172942,0.4179462010961358,-0.16693384415009535,0.18387126997270603,False,,,,,,,,,,,,,,False,,,,,,,,,,,,,,False,,,,,,,,,,,,,,True,0.10429490379581126,13.984952674162566,13.708810725891988,78.65882782132437,0.289749661826643,-0.07430582419079096,-2.939955122909565,-5.684341886080802e-15,-1.4210854715202005e-15,0.0,0.0,0.0,0.0,True,2,0.13048823378595029,-9.686519715377447,12.996690285738627,51.47166521328453,2.640904515137462,0.4321453546060982,0.11028546343508006,28.07608969880228,-5.393687417754412,-21.968815501760766,-0.263416651258462,2.930842583068189,0.5765540598942673,True,-0.749228025180534,-12.866235799648885,74.2050148626052,20.069659720499487,23.13386519012864,-2.28005891483665
2026-07-22T20:36:34.770+00:00,179.100000,95639.000000,1.220386,4095,2,02,80,FFFFFFFF,32,2.95845844,3.07191704,2.20461370,1.36540365,1.10534315,0.49181144,2.20692081,1.19699833,1.05085308,1.49529849,2.20516041,0.89237399,1.01166257,0.96162147,2.20478926,0.64003479,1.99371338,0.98184428,2.20698132,1.00876204,0.76779230,0.81185896,2.20531814,1.17706676,1.82052253,1.37046420,2.20471252,1.15101610,1.07125593,0.80817805,2.20696500,0.71168807,SD 02 80 FFFFFFFF 928939 94E32B 7FD805 61C369 5559DB 2E9989 7FE928 59F11A 527FD8 674F80 7FDC15 49A2ED 506389 4D9E39 7FD953 397D7A 796A0B 4EBF8D 7FE99B 503B06 4201C4 44C70A 7FDD41 58F6F1 73A190 61FCAA 7FD8C1 57AB82 539406 448C96 7FE97C 3E5BC8 7CF7AE 000FFF 02 0E97E6,2026-07-22T20:36:34.591+00:00,serial_request_midpoint,356.01,True,matched,21.9625,21.9625,2026-07-22T20:36:34.614+00:00,111.755516,1784752594553.716,3354,False,,,,,,,,,,,,,,False,,,,,,,,,,,,,,True,0.13876558856416624,-9.313813907422457,11.479490115326954,47.06079672597925,0.06277330307068654,-0.7079732983105562,-2.745781469906409,28.797021538647016,-4.0777350209032495,-26.584836888812852,0.4203232615321008,-0.18049443314301583,0.17245521807210853,False,,,,,,,,,,,,,,False,,,,,,,,,,,,,,False,,,,,,,,,,,,,,True,0.09393204184126436,13.99960712105231,13.724834142440756,78.7482193878456,0.28545365059380057,-0.07372054238919051,-2.9416851750034043,0.0,0.0,0.0,0.0,0.0,0.0,True,2,0.1387655885641499,-10.10129445762011,13.795490976355723,51.483096851607534,2.642533450585467,0.41457741119640235,0.08853524157833736,28.298985507910025,-6.195605748387943,-22.02333409914926,-0.24517952314056632,2.9185558168214816,0.5780549060311196,True,-1.3088115785389605,-12.135009444109937,74.19592819200724,20.470947615235197,22.34962104064342,-2.288512968828331
2026-07-22T20:36:35.327+00:00,180.300000,95640.200000,1.218555,4095,2,02,80,FFFFFFFF,32,2.95062165,3.06469074,2.20697237,1.36177752,1.10492877,0.49181695,2.20758914,1.19659484,1.04974849,1.49529442,2.20783811,0.89192576,1.01114115,0.96118338,2.20754125,0.63990445,1.99225263,0.98122452,2.20699868,1.00790555,0.76752065,0.81155729,2.20502162,1.17628815,1.82017731,1.36846996,2.20702183,1.14998968,1.06983688,0.80807512,2.20772810,0.71140261,SD 02 80 FFFFFFFF 925EAB 94BD9A 7FE98A 619A49 555465 2E99A5 7FEE1E 59EC11 5270CB 674F75 7FEFF7 499C2E 505C42 4D97EA 7FEDC3 397B27 795E11 4EB6BD 7FE9BC 502F0C 41FD54 44C241 7FDB0D 58ED1C 739E7C 61E61F 7FE9E8 579E58 5380ED 448AF3 7FEF26 3E56F0 7CC7AD 000FFF 02 0E97F2,2026-07-22T20:36:35.149+00:00,serial_request_midpoint,356.3537,True,matched,81.77275,81.77275,2026-07-22T20:36:35.230+00:00,112.372932,1784752595153.693,3372,False,,,,,,,,,,,,,,False,,,,,,,,,,,,,,True,0.09998042533384133,-9.344271316901413,12.342883430488438,46.862485085592375,0.07334949680441444,-0.7177960337894377,-2.741159332186358,28.780908635352034,-5.0339595387302305,-26.55364050575522,0.4268508100718603,-0.178240570223055,0.1737413301198949,False,,,,,,,,,,,,,,False,,,,,,,,,,,,,,False,,,,,,,,,,,,,,True,0.09400287404510124,13.988665879727815,13.710495757769806,78.68199094164491,0.2917164923299012,-0.07437743572835434,-2.9387689928551572,0.0,1.4210854715202005e-15,0.0,0.0,0.0,0.0,True,2,0.09998042533388816,-10.174620475890798,14.68354012734535,51.26391325080285,2.63452655712948,0.416464702150214,0.09849502864861351,28.298701878601964,-7.180970896567786,-22.00407544248327,-0.24736958158406067,2.918714448804089,0.5879781384654386,True,-1.4647714122370616,-11.071868278658844,74.20664155108238,20.450836231048335,21.22399201239437,-2.0756936303395377
2026-07-22T20:36:35.882+00:00,180.800000,95640.700000,1.215503,4095,2,02,80,FFFFFFFF,32,2.94531402,3.05907787,2.20760230,1.35878552,1.10441998,0.49180888,2.20745967,1.19613982,1.04883826,1.49521407,2.20727126,0.89148102,1.01074830,0.96078175,2.20744967,0.63975748,1.99109180,0.98066979,2.20751967,1.00720890,0.76727152,0.81128917,2.20536915,1.17580483,1.81977170,1.36683401,2.20725284,1.14907891,1.06858892,0.80799061,2.20753809,0.71117659,SD 02 80 FFFFFFFF 9241C6 94A05A 7FEE37 61784A 554DB0 2E997C 7FED28 59E663 526462 674E9C 7FEBC2 49957C 5056C6 4D9221 7FED15 397888 79548B 4EAED9 7FED9A 50254D 41F942 44BE00 7FDDA2 58E701 739ADE 61D39C 7FEB9F 5792A8 53701E 44899B 7FEDBD 3E531A 7C77AD 000FFF 02 0E97F7,2026-07-22T20:36:35.706+00:00,serial_request_midpoint,354.6093,True,matched,63.70465,63.70465,2026-07-22T20:36:35.768+00:00,112.911657,1784752595686.991,3388,False,,,,,,,,,,,,,,False,,,,,,,,,,,,,,True,0.09997351628648764,-9.511888505948985,12.842991447196116,46.67520731198882,0.06380826462914292,-0.7231126984567167,-2.7432430356966813,28.921461324173173,-5.695521093653133,-26.65079823553369,0.4257938748455622,-0.18653272605314217,0.17122565537175782,False,,,,,,,,,,,,,,False,,,,,,,,,,,,,,False,,,,,,,,,,,,,,True,0.08894105352112681,13.987526952466215,13.707289432441462,78.70933589933321,0.294348284559488,-0.080038820723129,-2.938084702713155,0.0,0.0,0.0,0.0,0.0,0.0,True,2,0.09997351628651413,-10.308716415020479,15.2055883181262,51.07110594026288,2.6321083720843306,0.41177137118161233,0.08931501621918646,28.395899783746916,-7.840200765692468,-22.104936643620487,-0.24283805642142262,2.91129414002767,0.5850691963826571,True,-1.6020092023617394,-10.495983226204634,74.07531825881071,20.51800504583676,20.59885724130944,-2.2371217435129096
2026-07-22T20:36:36.441+00:00,182.000000,95641.900000,1.218555,4095,2,02,80,FFFFFFFF,32,2.94148700,3.05570376,2.20756862,1.35664164,1.10405708,0.49181833,2.20803131,1.19584070,1.04822227,1.49518482,2.20763704,0.89118582,1.01042240,0.96052444,2.20789444,0.63965629,1.98999870,0.98020172,2.20750230,1.00669339,0.76708840,0.81113333,2.20536757,1.17537729,1.81947434,1.36556639,2.20441187,1.14826414,1.06757455,0.80792477,2.20495380,0.71100906,SD 02 80 FFFFFFFF 922CE7 948EBD 7FEDF7 615FE5 5548E7 2E99AC 7FF166 59E2A7 525BFB 674E4D 7FEE79 49910A 505239 4D8E6C 7FF062 3976BA 794B92 4EA830 7FED79 501E16 41F644 44BB87 7FDD9F 58E19A 739837 61C541 7FD685 578832 536272 44888F 7FDA8C 3E5042 7CC7AE 000FFF 02 0E9803,2026-07-22T20:36:36.263+00:00,serial_request_midpoint,356.8854,True,matched,39.6498,39.6498,2026-07-22T20:36:36.301+00:00,113.444524,1784752596220.32,3404,False,,,,,,,,,,,,,,False,,,,,,,,,,,,,,True,0.11071529254901942,-8.677512852495513,12.819106370337158,46.849329881915374,0.07699045001140341,-0.7232012806959307,-2.719304148478034,28.017192566185507,-5.374739024439867,-26.66831501612105,0.43279307819975593,-0.17484498792737885,0.19387879199203117,False,,,,,,,,,,,,,,False,,,,,,,,,,,,,,False,,,,,,,,,,,,,,True,0.06648139177216345,13.976026492016029,13.699421525648964,78.64700471930908,0.290962161363471,-0.07332912063439874,-2.9385417186324605,5.684341886080802e-15,-1.4210854715202005e-15,1.1368683772161604e-14,0.0,0.0,0.0,True,2,0.11071529254906524,-9.5499527391335,15.17589724818659,51.233974578078936,2.6235438421544424,0.442557763265759,0.10177439619835202,27.576958701316318,-7.549717994184343,-22.12778813758613,-0.27754960338766643,2.9174517590925575,0.5967258259380137,True,-0.30858583080235036,-10.228134164812303,74.35979651731206,19.13117944368006,20.60555525531055,-2.089806310323502
2026-07-22T20:36:36.999+00:00,182.500000,95642.400000,1.217944,4095,2,02,80,FFFFFFFF,32,2.93908539,3.05326473,2.20676033,1.35507099,1.10366138,0.49181183,2.20777389,1.19557167,1.04772387,1.49517408,2.20791023,0.89093320,1.01015530,0.96033169,2.20784338,0.63958664,1.98900936,0.97983285,2.20756335,1.00622937,0.76689503,0.81099500,2.20498955,1.17513682,1.81920855,1.36459602,2.20690186,1.14753703,1.06668011,0.80789210,2.20785969,0.71083717,SD 02 80 FFFFFFFF 921FCA 9481FE 7FE7F7 614E01 5543AF 2E998B 7FEF7D 59DF4B 52552E 674E30 7FF080 498D3C 504E7E 4D8BA5 7FF001 39757C 794372 4EA2F0 7FEDED 501797 41F31B 44B955 7FDAD0 58DE90 7395D8 61BA42 7FE904 577EDB 535662 44880A 7FF020 3E4D57 7CB7AE 000FFF 02 0E9808,2026-07-22T20:36:36.821+00:00,serial_request_midpoint,356.9025,True,matched,20.51275,20.51275,2026-07-22T20:36:36.839+00:00,113.982759,1784752596786.996,3421,False,,,,,,,,,,,,,,False,,,,,,,,,,,,,,True,0.1314094785495356,-7.8990007307560335,12.857695216890672,47.006913141159956,0.07358765979296655,-0.7182295349309827,-2.707817500069363,27.279248708354423,-5.2022898129583055,-26.667155116703714,0.4314670645928697,-0.17783197265725478,0.20674114376247316,False,,,,,,,,,,,,,,False,,,,,,,,,,,,,,False,,,,,,,,,,,,,,True,0.0864666066397797,13.983810256676879,13.700821442735805,78.67377457174983,0.2926167777453808,-0.0703242989857347,-2.9386123297140796,0.0,1.4210854715202005e-15,0.0,0.0,0.0,0.0,True,2,0.13140947854954022,-8.774396507441715,15.201859349154194,51.39773308546107,2.622716564185854,0.4595628719307375,0.0985065908935605,26.83807632517366,-7.37374452128965,-22.125032880778452,-0.29620872577610696,2.9129779740957744,0.5938931060391385,True,0.8839853594553645,-10.10754010934129,74.45681531992241,17.94895229297618,20.71863159568261,-2.1908112311899233
2026-07-22T20:36:37.556+00:00,183.700000,95643.600000,1.220996,4095,2,02,80,FFFFFFFF,32,2.93735622,3.05156630,2.20761283,1.35383841,1.10341885,0.49181183,2.20814923,1.19532176,1.04736326,1.49513298,2.20533076,0.89070603,1.00993214,0.96018206,2.20678716,0.63951722,1.98848158,0.97951236,2.20507682,1.00591219,0.76677003,0.81086331,2.20697132,1.17495758,1.81909033,1.36379461,2.20773073,1.14692298,1.06596676,0.80781940,2.20754599,0.71072305,SD 02 80 FFFFFFFF 921657 94791C 7FEE4B 613FF4 55407C 2E998B 7FF246 59DC2C 525042 674DC1 7FDD59 4989D0 504B60 4D897D 7FE82A 39743F 793F1C 4E9E60 7FDB76 501326 41F110 44B73E 7FE988 58DC4C 7394CA 61B12C 7FEF2B 5776F7 534CC2 4486E2 7FEDCC 3E4B67 7D07AE 000FFF 02 0E9814,2026-07-22T20:36:37.378+00:00,serial_request_midpoint,357.1599,True,matched,72.74935,72.74935,2026-07-22T20:36:37.449+00:00,114.592286,1784752597387.049,3439,False,,,,,,,,,,,,,,False,,,,,,,,,,,,,,True,0.16106875717913322,-7.645746766305367,11.678917680558301,47.062494688640086,0.07386274507155609,-0.7300322195195924,-2.706811855985768,27.22148211677445,-4.189218654094235,-26.696931883178355,0.4333959152230659,-0.17694792510462853,0.20535678678761637,False,,,,,,,,,,,,,,False,,,,,,,,,,,,,,False,,,,,,,,,,,,,,True,0.0967641823779034,13.981313860079831,13.701350354962358,78.6768083500326,0.2922374724326267,-0.08015735463992588,-2.93836418386217,-5.684341886080802e-15,0.0,0.0,0.0,0.0,0.0,True,2,0.16106875717910585,-8.525922672537094,14.059726272847021,51.4325935260206,2.6149166415189122,0.4559326158440611,0.09858926685911676,26.78422938531073,-6.368902152339421,-22.158373419986958,-0.2942815394750923,2.913489237985471,0.5969135517208428,True,1.0384497094759653,-11.081816548957281,74.71342083541222,17.94837758463251,21.693921194257904,-2.1589488406078887
2026-07-22T20:36:38.111+00:00,184.900000,95644.800000,1.217944,4095,2,02,80,FFFFFFFF,32,2.93633027,3.05057269,2.20744704,1.35294321,1.10319738,0.49179392,2.20764757,1.19508315,1.04711402,1.49513187,2.20505579,0.89053982,1.00977667,0.96006443,2.20488178,0.63946729,1.98788645,0.97925968,2.20463630,1.00564946,0.76667659,0.81081557,2.20476193,1.17488465,1.81904567,1.36332999,2.20466521,1.14644770,1.06533618,0.80778083,2.20484866,0.71060732,SD 02 80 FFFFFFFF 9210BB 9473E9 7FED10 6135BE 553D90 2E9930 7FEE8D 59D931 524CDB 674DBE 7FDB4E 49874F 504934 4D87CB 7FDA03 39735B 793A38 4E9AC7 7FD830 500F78 41EF89 44B67C 7FD91F 58DB60 739464 61ABE7 7FD867 5770DB 53443F 448645 7FD9C4 3E4970 7CB7AF 000FFF 02 0E9820,2026-07-22T20:36:37.934+00:00,serial_request_midpoint,356.3117,True,matched,50.28375,50.28375,2026-07-22T20:36:37.984+00:00,115.126738,1784752597920.437,3455,False,,,,,,,,,,,,,,False,,,,,,,,,,,,,,True,0.1588827985518526,-7.344640715385421,10.175185251989966,47.225181505389386,0.07609975292976638,-0.7294119441664146,-2.7100043113597074,27.255311128716933,-2.6541511294780413,-26.573303722016494,0.4329749552788032,-0.1783385467885661,0.2022494025252245,False,,,,,,,,,,,,,,False,,,,,,,,,,,,,,False,,,,,,,,,,,,,,True,0.10312819393406854,13.97779721682682,13.699261054483856,78.67309882926061,0.2961722316554748,-0.07929458900641641,-2.937340515218217,0.0,0.0,0.0,0.0,0.0,0.0,True,2,0.15888279855184145,-8.227823967897397,12.55241481221979,51.59662185331892,2.6163841363168365,0.4520242720299929,0.10076882506313836,26.80764798695398,-4.832206122376613,-22.03497826933343,-0.2895354817735752,2.912747797360892,0.5961417598998465,True,1.22598755068243,-12.643679058094564,74.86362888434084,18.051186855228142,23.260553986664824,-2.0426664311148897
2026-07-22T20:36:38.670+00:00,185.400000,95645.300000,1.218555,4095,2,02,80,FFFFFFFF,32,2.93587316,3.04993089,2.20689765,1.35232943,1.10297210,0.49179215,2.20519984,1.19489272,1.04694608,1.49508152,2.20687029,0.89043223,1.00970957,0.95996469,2.20768125,0.63941692,1.98747205,0.97906794,2.20764020,1.00543194,0.76661231,0.81075773,2.20521141,1.17484417,1.81893316,1.36289096,2.20491175,1.14598927,1.06488026,0.80772876,2.20687976,0.71052589,SD 02 80 FFFFFFFF 920E3B 94708D 7FE8FC 612EBD 553A97 2E9927 7FDC60 59D6D0 524A90 674D36 7FE8C8 4985B0 504844 4D865B 7FEECD 397275 7936D0 4E980C 7FEE7F 500C6C 41EE7C 44B591 7FDC76 58DADD 739363 61A6EC 7FDA3C 576AF6 533E17 448571 7FE8DA 3E480E 7CC7AF 000FFF 02 0E9825,2026-07-22T20:36:38.491+00:00,serial_request_midpoint,356.9626,True,matched,24.9466,24.9466,2026-07-22T20:36:38.517+00:00,115.658222,1784752598453.805,3471,False,,,,,,,,,,,,,,False,,,,,,,,,,,,,,True,0.17843429900895494,-6.75754585233327,8.732753039998453,47.405296934253194,0.08266751792107212,-0.7307114699606457,-2.710405048769509,26.873969261567407,-1.1660856755991744,-26.648802728065828,0.432342668312113,-0.1709682909870927,0.20143419693737044,False,,,,,,,,,,,,,,False,,,,,,,,,,,,,,False,,,,,,,,,,,,,,True,0.10844905623120771,13.98306307099864,13.70160094671262,78.69213695499072,0.29284042117041287,-0.08287825378920417,-2.938378019892258,0.0,-1.4210854715202005e-15,0.0,0.0,0.0,0.0,True,2,0.1784342990090832,-7.662249710743201,11.109717932868778,51.77247824422061,2.615530263912115,0.4508122534152926,0.10706025292792644,26.460533563749856,-3.3381319034881556,-22.104354480459527,-0.2891419567041334,2.9201979864862926,0.5965314144978727,True,1.6895131872232867,-14.083049351149459,75.0842847380483,17.82964811646949,24.77655218735783,-2.08826920885848
2026-07-22T20:36:39.225+00:00,186.500000,95646.400000,1.217944,4095,2,02,80,FFFFFFFF,32,2.93560607,3.04974361,2.20495853,1.35203066,1.10281018,0.49178821,2.20703130,1.19477047,1.04686797,1.49508596,2.20753546,0.89035523,1.00962541,0.95992133,2.20750756,0.63940269,1.98728816,0.97890748,2.20496852,1.00535080,0.76654014,0.81074592,2.20503844,1.17486796,1.81895636,1.36275531,2.20457217,1.14571318,1.06465784,0.80771378,2.20675875,0.71049690,SD 02 80 FFFFFFFF 920CC5 946F92 7FDA95 612B54 553874 2E9913 7FE9FA 59D549 52497F 674D42 7FEDB8 498487 504717 4D85BB 7FED83 397234 79354D 4E95C3 7FDAA8 500B49 41ED4E 44B561 7FDB2D 58DB2A 739398 61A562 7FD7B6 576769 533B16 448534 7FE7F4 3E4790 7CB7AE 000FFF 02 0E9830,2026-07-22T20:36:39.048+00:00,serial_request_midpoint,354.3564,True,matched,89.7171,89.7171,2026-07-22T20:36:39.137+00:00,116.280003,1784752599087.164,3490,False,,,,,,,,,,,,,,False,,,,,,,,,,,,,,True,0.23625482576510137,-6.581448077945479,7.278879508303565,47.434439724079354,0.07998074168554048,-0.729368640065398,-2.7146979475758637,26.978270313098868,0.3922379073908459,-26.71352235040269,0.434010389044986,-0.17323531965576186,0.198107848586249,False,,,,,,,,,,,,,,False,,,,,,,,,,,,,,False,,,,,,,,,,,,,,True,0.0885534291921619,13.98070598529579,13.699769932224186,78.70044654413275,0.29267394834079186,-0.07839398316385282,-2.9389963940610397,0.0,0.0,0.0,0.0,0.0,0.0,True,2,0.2362548257651226,-7.471181185561224,9.653195034554942,51.80613548354809,2.6179653100489984,0.44589202181894433,0.10452273554043183,26.55121887343834,-1.788011016725769,-22.174264180710747,-0.28398765635966366,2.9180216300020465,0.5986747178395138,True,1.8040441453209908,-15.611847268706878,75.0702526429827,17.99265657936001,26.314145286773954,-2.1095903163241245
2026-07-22T20:36:39.781+00:00,187.100000,95647.000000,1.217944,4095,2,02,80,FFFFFFFF,32,2.93639671,3.05035551,2.20734336,1.35219390,1.10274714,0.49177777,2.20522876,1.19469231,1.04698127,1.49509225,2.20718391,0.89031764,1.00966595,0.95999423,2.20739967,0.63941386,1.98714087,0.97886827,2.20763546,1.00537171,0.76650167,0.81075896,2.20543592,1.17504225,1.81899182,1.36277907,2.20709866,1.14554098,1.06460057,0.80771820,2.20777495,0.71051806,SD 02 80 FFFFFFFF 921118 9472C6 7FEC4B 612D31 55379F 2E98DE 7FDC97 59D44F 524B0B 674D53 7FEB1C 4983F6 5047A8 4D86C8 7FECB6 397267 793417 4E9534 7FEE76 500B94 41ECAD 44B596 7FDE21 58DD5E 7393E9 61A5A7 7FEA7A 576532 533A50 448546 7FEF7F 3E47EC 7CB7AE 000FFF 02 0E9836,2026-07-22T20:36:39.603+00:00,serial_request_midpoint,356.1378,True,matched,58.3484,58.3484,2026-07-22T20:36:39.661+00:00,116.804061,1784752599587.156,3505,False,,,,,,,,,,,,,,False,,,,,,,,,,,,,,True,0.2558538499527803,-6.228562104988533,6.053500596126323,47.565606260792826,0.09049785937068763,-0.7290334216077308,-2.7122950005434183,26.80992016077379,1.4952400531789514,-26.86033735257704,0.4299568416971783,-0.16300617499210857,0.19777246426090286,False,,,,,,,,,,,,,,False,,,,,,,,,,,,,,False,,,,,,,,,,,,,,True,0.08997207114836926,13.993331538215235,13.717393662255542,78.78779460645227,0.2891745384288254,-0.08591882484791181,-2.9376200870502855,0.0,0.0,0.0,0.0,0.0,0.0,True,2,0.2558538499528078,-7.156338567380606,8.420066988784406,51.933594111980895,2.6170296631779744,0.44886483827959067,0.11461800814859603,26.429436444085503,-0.6623870144771786,-22.306152343005444,-0.28457323843207255,2.929168803431847,0.5945262136611781,True,2.0660551440566963,-16.830527549385305,75.23437187651794,18.02354152371796,27.530107895068035,-2.30376558304215
2026-07-22T20:36:40.338+00:00,188.300000,95648.200000,1.219165,4095,2,02,80,FFFFFFFF,32,2.93820744,3.05176939,2.20755178,1.35291137,1.10278147,0.49175927,2.20805236,1.19468574,1.04726997,1.49511521,2.20771073,0.89042730,1.00976409,0.96004763,2.20548220,0.63943948,1.98728816,0.97897496,2.20738073,1.00558058,0.76657336,0.81088768,2.20801815,1.17542829,1.81912492,1.36342366,2.20784864,1.14567977,1.06484150,0.80772557,2.20549850,0.71062412,SD 02 80 FFFFFFFF 921AFE 947A2C 7FEDD7 613561 553813 2E9880 7FF18E 59D43A 524EFC 674D91 7FEF05 49859D 504907 4D878D 7FDE79 3972DC 79354D 4E96B9 7FEC92 500E81 41EDD9 44B7A1 7FF14D 58E23F 739519 61ACF7 7FF00B 5766FB 533D91 448564 7FDE98 3E49B9 7CD7AF 000FFF 02 0E9842,2026-07-22T20:36:40.160+00:00,serial_request_midpoint,357.0838,True,matched,41.7737,41.7737,2026-07-22T20:36:40.201+00:00,117.344271,1784752600120.488,3521,False,,,,,,,,,,,,,,False,,,,,,,,,,,,,,True,0.32992142825449683,-6.0253442387925675,5.069909924548091,47.784991526457055,0.09971286213952887,-0.7198855769168536,-2.7101383305504134,26.807343083356365,2.636663328502176,-26.62349038845723,0.42690077710064106,-0.1579254316023075,0.20292916285015974,False,,,,,,,,,,,,,,False,,,,,,,,,,,,,,False,,,,,,,,,,,,,,True,0.07806672359567869,13.99018661941964,13.71776758397237,78.75253840261773,0.29224647193425435,-0.08130104490295678,-2.938814539782179,0.0,0.0,0.0,0.0,0.0,0.0,True,2,0.32992142825448995,-6.98475328598599,7.401925555592799,52.16471302399118,2.6217433915232022,0.4551768436023076,0.12365849315873798,26.455232379784018,0.49476715006228245,-22.059608068277363,-0.29276474885806875,2.934186263557689,0.5907649507571566,True,2.282534157358614,-17.951862088621624,75.3352579089665,17.95782652814235,28.716870284890433,-2.137803351541561
2026-07-22T20:36:40.898+00:00,188.800000,95648.700000,1.217334,4095,2,02,80,FFFFFFFF,32,2.94317454,3.05640531,2.20708182,1.35494930,1.10290165,0.49174628,2.20552058,1.19490554,1.04811405,1.49508078,2.20722706,0.89072625,1.01011391,0.96044311,2.20803920,0.63952138,1.98814122,0.97929370,2.20762388,1.00632980,0.76681258,0.81126725,2.20785180,1.17663518,1.81954485,1.36551812,2.20733705,1.14654919,1.06606952,0.80779262,2.20799077,0.71097638,SD 02 80 FFFFFFFF 92361C 949267 7FEA5A 614C9E 5539A9 2E983E 7FDEC2 59D6F9 525A81 674D34 7FEB6E 498A1E 504DEA 4D8D40 7FF175 397452 793C50 4E9B43 7FEE60 5018FF 41F1C2 44BDA7 7FF011 58F17E 7398D8 61C4B5 7FEC3F 577229 534E25 448675 7FF119 3E4FB4 7CA7AF 000FFF 02 0E9847,2026-07-22T20:36:40.718+00:00,serial_request_midpoint,357.9529,True,matched,21.98365,21.98365,2026-07-22T20:36:40.739+00:00,117.882155,1784752600687.163,3538,False,,,,,,,,,,,,,,False,,,,,,,,,,,,,,True,0.2983994412473836,-5.987135682163229,4.179745363743492,47.941940090750094,0.09460568641565889,-0.7161436926652708,-2.7118628168450667,26.868011988191125,3.5454579231172545,-26.46429385463067,0.4254637674761765,-0.16091961476039984,0.20133332746832275,False,,,,,,,,,,,,,,False,,,,,,,,,,,,,,False,,,,,,,,,,,,,,True,0.11661994557018397,13.98041183701651,13.700390972830679,78.69049359431978,0.29085579240981885,-0.07911823290701298,-2.938343560512965,5.684341886080802e-15,0.0,0.0,0.0,0.0,0.0,True,2,0.29839944124738915,-6.92655302877655,6.503392090462272,52.33043467852049,2.6248725490590035,0.45465437972227013,0.11881791297209897,26.498833989327245,1.4089015526039481,-21.899257349916514,-0.29004693914942903,2.9319478745681704,0.5881712143204003,True,2.3907643404102386,-18.915579850677624,75.40931630717705,18.012800001020118,29.670079271114993,-2.0280627244245806
2026-07-22T20:36:41.453+00:00,190.000000,95649.900000,1.217334,4095,2,02,80,FFFFFFFF,32,2.95439464,3.06680166,2.20750651,1.36003940,1.10346031,0.49175494,2.20584663,1.19536805,1.04990927,1.49516334,2.20505895,0.89143121,1.01092512,0.96112833,2.20724548,0.63973557,1.99005580,0.98016769,2.20521194,1.00767963,0.76723399,0.81176833,2.20707551,1.17809617,1.82026186,1.36875941,2.20746862,1.14806796,1.06822020,0.80793337,2.20800604,0.71145970,SD 02 80 FFFFFFFF 92732C 94C896 7FED81 61868B 554108 2E986A 7FE12E 59DCC0 5272FC 674E13 7FDB54 4994BC 50593E 4D971F 7FEB91 397824 794C0A 4EA7B4 7FDC77 502BE3 41F8A5 44C59A 7FEA4E 5903EF 739F3D 61E965 7FED39 5785AD 536B26 4488B2 7FF136 3E57E8 7CA7AE 000FFF 02 0E9853,2026-07-22T20:36:41.275+00:00,serial_request_midpoint,355.3924,True,matched,90.8314,90.8314,2026-07-22T20:36:41.366+00:00,118.508254,1784752601287.192,3556,False,,,,,,,,,,,,,,False,,,,,,,,,,,,,,True,0.29824899128036536,-5.866211562852138,3.716177108839569,47.59796761936404,0.089597464684654,-0.6843874063883333,-2.717934889807167,26.878136790188837,3.8310528318962427,-26.94804359739757,0.39693721261132836,-0.16058648751225332,0.20002536011002875,False,,,,,,,,,,,,,,False,,,,,,,,,,,,,,False,,,,,,,,,,,,,,True,0.048261830093323375,13.98577188163386,13.710770192794618,78.7317935848013,0.2891152562953086,-0.0876887581464121,-2.9380497804488344,0.0,1.4210854715202005e-15,0.0,0.0,0.0,0.0,True,2,0.2982489912804157,-6.773880863224001,5.943046805001055,52.04295490098254,2.6472381473373434,0.4598436104966086,0.1146061366228066,26.4922655273879,1.8253485977390074,-22.32538440274584,-0.28787085438829896,2.9404024972449703,0.5461690444689775,True,2.7457104140703437,-19.960065868986927,74.49239699748223,18.0787278317146,30.667142730481213,-3.2745416555036515
2026-07-22T20:36:42.010+00:00,190.500000,95650.400000,1.217334,4095,2,02,80,FFFFFFFF,32,2.96712134,3.07855285,2.20756967,1.36581674,1.10427007,0.49177403,2.20755651,1.19609476,1.05177821,1.49523443,2.20518986,0.89220034,1.01177230,0.96188818,2.20724600,0.63999887,1.99256699,0.98133741,2.20516935,1.00929555,0.76784085,0.81247923,2.20716075,1.18002700,1.82150902,1.37421055,2.20724863,1.15071329,1.07187049,0.80820434,2.20789970,0.71237476,SD 02 80 FFFFFFFF 92B81D 950593 7FEDF9 61C817 554BB6 2E98CB 7FEDE0 59E5D3 528C71 674ED3 7FDC4D 49A050 506511 4DA210 7FEB92 397CD6 7960A5 4EB858 7FDC26 50427B 42028F 44D0E0 7FEAF0 591C48 73AA5B 6226F2 7FEB97 57A7A0 539C4A 448D01 7FF06C 3E676E 7CA7AE 000FFF 02 0E9858,2026-07-22T20:36:41.832+00:00,serial_request_midpoint,356.9725,True,matched,66.98405,66.98405,2026-07-22T20:36:41.898+00:00,119.040784,1784752601820.559,3572,False,,,,,,,,,,,,,,False,,,,,,,,,,,,,,True,0.3325468909030352,-5.2846218323731895,2.375768415649131,47.220951698833794,0.10754801085198004,-0.6669910734043186,-2.7100612189960347,26.654201827430562,5.397318864899861,-27.366277196433067,0.3914722282673732,-0.14817126845405895,0.210573305369651,False,,,,,,,,,,,,,,False,,,,,,,,,,,,,,False,,,,,,,,,,,,,,True,0.10839082698583591,13.972582611635142,13.700047133011878,78.67586295466107,0.29060273818172916,-0.07933729877317236,-2.9387159179233167,5.684341886080802e-15,-1.4210854715202005e-15,1.1368683772161604e-14,0.0,0.0,0.0,True,2,0.3325468909030276,-6.257608549265721,4.535199645551094,51.68535273846341,2.6549275741361957,0.4765386703337533,0.13242479188049053,26.336018192963955,3.4218193060742266,-22.725492381511298,-0.3049304519913201,2.9522604222175555,0.5397701009977082,True,3.4498137621979934,-21.506250430916303,73.89301233406017,17.752446425930888,32.302127035033294,-3.809323743730306
2026-07-22T20:36:42.567+00:00,191.700000,95651.600000,1.218555,4095,2,02,80,FFFFFFFF,32,2.99947439,3.10733243,2.20731494,1.37787725,1.10572768,0.49176754,2.20533339,1.19755724,1.05560680,1.49538218,2.20470989,0.89377663,1.01340943,0.96328623,2.20474879,0.64045920,1.99767145,0.98342968,2.20456587,1.01195876,0.76871237,0.81327230,2.20700552,1.18108085,1.82251924,1.37858843,2.20734178,1.15320292,1.07508442,0.80841663,2.20786180,0.71256457,SD 02 80 FFFFFFFF 9365DB 9599CD 7FEC15 62503E 555EEC 2E98AA 7FDD5E 59F813 52C080 675062 7FD8BC 49B806 507BE6 4DB62E 7FD906 39850B 798A74 4ED614 7FD7AA 5067AB 4210CA 44DD72 7FE9C9 59298F 73B35B 62583E 7FEC48 57C787 53C777 449061 7FF024 3E6AA6 7CC7AD 000FFF 02 0E9864,2026-07-22T20:36:42.389+00:00,serial_request_midpoint,358.0466,True,matched,36.8105,36.8105,2026-07-22T20:36:42.425+00:00,119.568301,1784752602353.909,3588,False,,,,,,,,,,,,,,False,,,,,,,,,,,,,,True,0.36726736091429496,-5.254611728879185,1.4026904812515273,47.17787121671336,0.09165941145559775,-0.6682357133861966,-2.7087779549157798,26.837965749993153,6.3152751694072595,-27.46362110718921,0.390447387693316,-0.159717066662964,0.21199538415041086,False,,,,,,,,,,,,,,False,,,,,,,,,,,,,,False,,,,,,,,,,,,,,True,0.09401387401735534,13.975766541990492,13.704830235484991,78.69389094333744,0.29105185470237344,-0.08068150994517605,-2.938061365908844,0.0,1.4210854715202005e-15,0.0,0.0,0.0,0.0,True,2,0.367267360914317,-6.176521268242854,3.5768899207146823,51.64594268770869,2.6541941899107644,0.47825065555654117,0.11689886526836651,26.46451362987417,4.339097857858755,-22.827245387022266,-0.3056934501379485,2.941073481121708,0.5363836542960627,True,3.7397331015265864,-22.408931416820657,73.82648153192683,17.688033949340127,33.22293627109015,-4.0052211157686655
2026-07-22T20:36:43.125+00:00,192.900000,95652.800000,1.218555,4095,2,02,80,FFFFFFFF,32,2.98169424,3.09264574,2.20513570,1.37445552,1.10624607,0.49177935,2.20484709,1.19772824,1.05330576,1.49541291,2.20464681,0.89326669,1.01270760,0.96246110,2.20710813,0.64033233,1.99638737,0.98292560,2.20739757,1.01019081,0.76825873,0.81237279,2.20742494,1.17802837,1.82107072,1.37354058,2.20746125,1.15181940,1.07317328,0.80824390,2.20780600,0.71195608,SD 02 80 FFFFFFFF 9306A4 954E5C 7FDBE6 6229B5 5565C0 2E98E6 7FD9C1 59FA35 52A13A 6750B5 7FD844 49B05B 50721D 4DAA4F 7FEA8C 3982C8 797FF2 4ECEEB 7FECB2 504EFD 420962 44CF30 7FECE6 590314 73A673 621F64 7FED2B 57B5CE 53ADCD 448DA2 7FEFBA 3E6054 7CC7AF 000FFF 02 0E9870,2026-07-22T20:36:42.948+00:00,serial_request_midpoint,354.8542,True,matched,95.7137,95.7137,2026-07-22T20:36:43.042+00:00,120.185257,1784752602987.259,3607,False,,,,,,,,,,,,,,False,,,,,,,,,,,,,,True,0.3557230928124127,-5.270473730470842,0.10859163969840772,47.42496793404773,0.08300482861005008,-0.6710553623973401,-2.711056085226444,27.083612050072844,7.779200325769852,-27.12241725247201,0.3975542061201207,-0.1686028692797137,0.21056006858867188,False,,,,,,,,,,,,,,False,,,,,,,,,,,,,,False,,,,,,,,,,,,,,True,0.09246373999589694,13.96694828213138,13.695215525502519,78.64977798469889,0.2932543013640203,-0.07159716659648942,-2.938312004718734,0.0,-1.4210854715202005e-15,1.1368683772161604e-14,0.0,0.0,0.0,True,2,0.3557230928124229,-6.161358137101533,2.2976306317551574,51.892087460930995,2.6534670900329003,0.47437197634597034,0.10841538728733136,26.670015395607948,5.766325661220813,-22.505275604827183,-0.3026019297690159,2.9307843698321867,0.5455012072732595,True,3.7613965329079435,-23.67230556779624,74.0883184085983,17.817824716426955,34.51743177383842,-3.5162279137876906
2026-07-22T20:36:43.681+00:00,193.400000,95653.300000,1.219165,4095,2,02,80,FFFFFFFF,32,2.95732036,3.07089693,2.20783706,1.36507787,1.10551569,0.49179136,2.20810817,1.19696139,1.05058926,1.49534255,2.20774126,0.89225588,1.01161162,0.96152544,2.20781232,0.64002077,1.99363950,0.98176652,2.20768125,1.00846504,0.76775332,0.81173016,2.20493856,1.17651919,1.82026098,1.36974656,2.20697395,1.15030515,1.07094874,0.80811639,2.20769757,0.71153497,SD 02 80 FFFFFFFF 92830D 94DDDF 7FEFF5 61BFB8 555C21 2E9923 7FF1F8 59F0A4 527C40 674FF7 7FEF3F 49A126 5062D3 4D9CD7 7FEFC6 397D3A 796970 4EBE72 7FEECD 5036DF 420121 44C4FF 7FDA6F 58F007 739F3B 61F48E 7FE98D 57A264 538FE4 448B9B 7FEEEC 3E592F 7CD7AF 000FFF 02 0E9875,2026-07-22T20:36:43.504+00:00,serial_request_midpoint,355.8284,True,matched,64.4832,64.4832,2026-07-22T20:36:43.569+00:00,120.710337,1784752603487.265,3622,False,,,,,,,,,,,,,,False,,,,,,,,,,,,,,True,0.44533014494264583,-5.081624776128575,-0.6019753061272314,47.908009820901555,0.09430103378159281,-0.6695599638167711,-2.7114677807922307,26.877314077006368,8.443677970231166,-26.827130034582222,0.3944863509780359,-0.1575497222613813,0.20897410235386138,False,,,,,,,,,,,,,,False,,,,,,,,,,,,,,False,,,,,,,,,,,,,,True,0.08541347044472503,13.96772563489767,13.690310747014559,78.66891721721382,0.28950513441528475,-0.07639569756620024,-2.938416255302366,5.684341886080802e-15,1.4210854715202005e-15,0.0,0.0,0.0,0.0,True,2,0.4453301449426293,-6.009350725427673,1.5746764253864003,52.37368276256734,2.654226587282631,0.4741158673792436,0.1194539090480605,26.51380747101461,6.450038200445917,-22.197444685126914,-0.30149202215204957,2.9426015495207487,0.5427843593451143,True,3.7864307562750468,-24.43491499958501,74.57987860519046,17.857588225750433,35.278230336463146,-3.2349416520634575
2026-07-22T20:36:44.238+00:00,194.600000,95654.500000,1.219165,4095,2,02,80,FFFFFFFF,32,2.94668275,3.06119104,2.20766073,1.35999506,1.10472103,0.49177069,2.20807184,1.19639861,1.04912815,1.49527035,2.20500690,0.89160166,1.01094303,0.96097645,2.20488862,0.63978573,1.99166690,0.98096745,2.20486706,1.00754923,0.76741186,0.81146052,2.20497798,1.17626681,1.81997187,1.36839260,2.20657724,1.14956345,1.06970748,0.80808126,2.20729652,0.71147535,SD 02 80 FFFFFFFF 92493B 94AB5F 7FEEA6 61860A 5551A8 2E98BA 7FF1B3 59E99E 526856 674F34 7FDAF1 49974D 50597E 4D94EF 7FDA10 397909 795943 4EB315 7FD9E7 502A10 41FB8D 44C0B8 7FDABA 58ECD7 739CA7 61E53F 7FE69B 5798E0 537F2F 448B0C 7FEBF2 3E582C 7CD7AF 000FFF 02 0E9881,2026-07-22T20:36:44.060+00:00,serial_request_midpoint,354.6771,True,matched,58.23065,58.23065,2026-07-22T20:36:44.117+00:00,121.260384,1784752604053.933,3639,False,,,,,,,,,,,,,,False,,,,,,,,,,,,,,True,0.44690652902472955,-4.8867789124247585,-1.697876673231161,48.418419088782784,0.09361092147723658,-0.6864979819736001,-2.7121329620620105,26.830413149759785,9.652560114703647,-26.417701952802833,0.4076854949754775,-0.1599152220554589,0.20674046848294794,False,,,,,,,,,,,,,,False,,,,,,,,,,,,,,False,,,,,,,,,,,,,,True,0.07492653435926107,13.972389990954847,13.698135299601812,78.72077092206588,0.2906218257392489,-0.07428288745701819,-2.939186244191828,5.684341886080802e-15,0.0,-1.1368683772161604e-14,0.0,0.0,0.0,True,2,0.44690652902471795,-5.815780826886626,0.5330642138064773,52.856952831528034,2.6437370327962912,0.4664560375519803,0.11844525825226392,26.46116017513122,7.59730668255838,-21.815494965454114,-0.2980254458907214,2.9370867462279837,0.5619661646981436,True,3.8026939272607505,-25.270234749843404,75.37907574941663,17.833367678813598,36.17987720646083,-2.472041974357194
2026-07-22T20:36:44.795+00:00,195.100000,95655.000000,1.221607,4095,2,02,80,FFFFFFFF,32,2.95068486,3.06387445,2.20738810,1.36049251,1.10447213,0.49177403,2.20823873,1.19627593,1.04960921,1.49530627,2.20749230,0.89170649,1.01097829,0.96111910,2.20534391,0.63980457,1.99138647,0.98087601,2.20713392,1.00772180,0.76740540,0.81156739,2.20783917,1.17675273,1.82003976,1.36861641,2.20753546,1.14946818,1.06940841,0.80806578,2.20781653,0.71144129,SD 02 80 FFFFFFFF 925F03 94B95A 7FECA0 618BB1 554E60 2E98CB 7FF2F0 59E816 526EE5 674F95 7FED66 4998E1 5059FC 4D96FD 7FDD72 39795F 7956F6 4EB1C8 7FEABD 502C7A 41FB72 44C26A 7FEFF9 58F2FA 739D42 61E7C7 7FEDB8 5797A7 537B28 448ACD 7FEFCE 3E5798 7D17AF 000FFF 02 0E9886,2026-07-22T20:36:44.616+00:00,serial_request_midpoint,357.931,True,matched,28.913,28.913,2026-07-22T20:36:44.646+00:00,121.787536,1784752604587.257,3655,False,,,,,,,,,,,,,,False,,,,,,,,,,,,,,True,0.42510322568538295,-4.564445765969571,-2.977338210973072,48.629838896124014,0.09179934015228765,-0.6905106376887314,-2.713062946887549,26.76621057749759,10.917193123225363,-26.17208110329446,0.40788575614194417,-0.16419130538801208,0.20588968617237366,False,,,,,,,,,,,,,,False,,,,,,,,,,,,,,False,,,,,,,,,,,,,,True,0.09740476485916012,13.955605673925223,13.687096274884198,78.62812687354679,0.29525415978772535,-0.07712161644885036,-2.938632934982343,0.0,0.0,1.1368683772161604e-14,0.0,0.0,0.0,True,2,0.4251032256854197,-5.487202048637129,-0.73249880130418,53.06266415071896,2.6415794383951448,0.46367116038562,0.11661143469267378,26.375483065060713,8.859189733361742,-21.572877158206303,-0.29627856729288565,2.933014310891028,0.5615782874079313,True,4.08606659093382,-26.494748535079708,75.65094276909399,17.718352883464213,37.44173166975958,-2.2424941251389443
2026-07-22T20:36:45.351+00:00,196.300000,95656.200000,1.217944,4095,2,02,80,FFFFFFFF,32,2.94947194,3.06321515,2.20498955,1.36011846,1.10436191,0.49177187,2.20750020,1.19621116,1.04938600,1.49528627,2.20775126,0.89163461,1.01090414,0.96101876,2.20777389,0.63978989,1.99102945,0.98066952,2.20764020,1.00749339,0.76731455,0.81143960,2.20733652,1.17634660,1.81988952,1.36765646,2.20495748,1.14893984,1.06872605,0.80799085,2.20743230,0.71126244,SD 02 80 FFFFFFFF 92586A 94B5EB 7FDAD0 618771 554CEC 2E98C0 7FED75 59E747 526BDA 674F5F 7FEF52 4997CC 5058F3 4D958B 7FEF7D 39791C 795408 4EAED8 7FEE7F 502948 41F9F6 44C063 7FEC3E 58EDD9 739BEB 61DCEB 7FDA93 5790DF 5371F7 44899C 7FECF4 3E548F 7CB7AF 000FFF 02 0E9892,2026-07-22T20:36:45.174+00:00,serial_request_midpoint,354.4834,True,matched,11.7961,11.7961,2026-07-22T20:36:45.185+00:00,122.328034,1784752605120.593,3671,False,,,,,,,,,,,,,,False,,,,,,,,,,,,,,True,0.4840984168557325,-4.435203114093946,-4.310596111583225,48.69866363335635,0.08854771386495788,-0.69457938829139,-2.714198283488813,26.88083282075049,12.18570534258006,-26.228608050002258,0.4080448853849566,-0.1661828273062132,0.20443842664979542,False,,,,,,,,,,,,,,False,,,,,,,,,,,,,,False,,,,,,,,,,,,,,True,0.06540658784989824,13.961186953094593,13.686381238535882,78.6434813290631,0.2951194892412268,-0.08086847174437921,-2.938844820843076,0.0,-1.4210854715202005e-15,0.0,0.0,0.0,0.0,True,2,0.4840984168556968,-5.346637960527046,-2.0507701286411244,53.12621338137099,2.639501692711173,0.46063189679886235,0.11338715911564907,26.47904091769472,10.12621161883289,-21.6310247074078,-0.2939029504232461,2.931264806984711,0.5615244693604704,True,4.1917008085134375,-27.77195746756545,75.77598004981874,17.84157758906601,38.71489531113535,-2.3009262410206928
2026-07-22T20:36:45.907+00:00,196.800000,95656.700000,1.218555,4095,2,02,80,FFFFFFFF,32,2.94480227,3.05892811,2.20686872,1.35804440,1.10408344,0.49175769,2.20500217,1.19591704,1.04866326,1.49524073,2.20501794,0.89131266,1.01060367,0.96074569,2.20502162,0.63968695,1.99014524,0.98029944,2.20465943,1.00693033,0.76711685,0.81121457,2.20737862,1.17573712,1.81952339,1.36612059,2.20750967,1.14816164,1.06776434,0.80794836,2.20743757,0.71103759,SD 02 80 FFFFFFFF 923EFC 949F92 7FE8C5 616FDC 554940 2E9878 7FDAE8 59E39B 5261FF 674EE4 7FDB06 4992F3 5054C1 4D919C 7FDB0D 397746 794CC6 4EA994 7FD85C 502167 41F6BB 44BCD1 7FEC8E 58E626 7398A7 61CB88 7FED87 5786E1 536501 4488EF 7FECFE 3E50BE 7CC7AF 000FFF 02 0E9897,2026-07-22T20:36:45.729+00:00,serial_request_midpoint,356.8328,True,matched,68.1444,68.1444,2026-07-22T20:36:45.797+00:00,122.940211,1784752605720.612,3689,False,,,,,,,,,,,,,,False,,,,,,,,,,,,,,True,0.45542342385315393,-4.162898533258322,-5.78630536638382,48.70873796977121,0.09538559590968375,-0.7062350122880142,-2.7104445113476556,26.896935014281304,13.57121646191336,-26.34256949190659,0.4132972049633771,-0.1619509414981842,0.20580873066404726,False,,,,,,,,,,,,,,False,,,,,,,,,,,,,,False,,,,,,,,,,,,,,True,0.08104794012253408,13.95290634397601,13.676012366421816,78.61843203326507,0.2960543529860765,-0.08609915493595094,-2.938517563835968,0.0,0.0,0.0,0.0,0.0,0.0,True,2,0.4554234238531527,-5.104658750028189,-3.49424747721174,53.113313066499074,2.630599131317942,0.4605538723501395,0.11976620458167792,26.52025130998722,11.48942741004429,-21.752908590885795,-0.2964624383614314,2.933701659272846,0.5699330323829532,True,4.344053956253428,-29.02368595771258,76.01617126796869,17.890108521655492,39.96536244134621,-2.2538554272517444
2026-07-22T20:36:46.465+00:00,198.000000,95657.900000,1.217944,4095,2,02,80,FFFFFFFF,32,2.94015393,3.05470037,2.20509469,1.35569805,1.10374578,0.49175179,2.20702709,1.19558888,1.04793140,1.49520777,2.20761230,0.89099103,1.01025766,0.96042739,2.20786759,0.63961906,1.98910352,0.97988307,2.20753441,1.00637556,0.76692658,0.81099820,2.20782969,1.17527869,1.81928123,1.36477902,2.20778390,1.14740082,1.06682780,0.80787859,2.20764125,0.71086570,SD 02 80 FFFFFFFF 9225A0 94897F 7FDB98 615526 5544CC 2E985A 7FE9F2 59DF82 525803 674E8B 7FEE4A 498E1B 504FEC 4D8D06 7FF02F 397610 794438 4EA3A7 7FEDB6 5019A3 41F39F 44B962 7FEFE7 58E05B 73967E 61BC55 7FEF90 577D1B 535860 4487D3 7FEE81 3E4DD3 7CB7AF 000FFF 02 0E98A3,2026-07-22T20:36:46.287+00:00,serial_request_midpoint,356.9411,True,matched,41.78505,41.78505,2026-07-22T20:36:46.328+00:00,123.470997,1784752606253.94,3705,False,,,,,,,,,,,,,,False,,,,,,,,,,,,,,True,0.5233713409100125,-3.8101304690201823,-7.1032203986329066,48.82890226445479,0.09804182883640918,-0.7076101936587527,-2.7065157531745285,26.774287715340982,15.064124339047689,-26.399107628464925,0.41912028599348855,-0.1588906179335422,0.20889474840053676,False,,,,,,,,,,,,,,False,,,,,,,,,,,,,,False,,,,,,,,,,,,,,True,0.04877740138445927,13.967724523140665,13.693351403580015,78.69784401836577,0.2931883496736189,-0.07989264152187063,-2.938804301484207,0.0,1.4210854715202005e-15,0.0,0.0,0.0,0.0,True,2,0.523371340909983,-4.766210108766803,-4.808590384010428,53.2290509668821,2.628249663717496,0.465004194476368,0.12229997216772796,26.41924732591616,12.956919042470167,-21.819330784013893,-0.30144609006142387,2.934538740456715,0.5789519627603943,True,4.748795250085347,-30.2703638742933,76.17973894094274,17.72718469514728,41.294943634364664,-2.1476322253199216
2026-07-22T20:36:47.021+00:00,198.500000,95658.400000,1.217944,4095,2,02,80,FFFFFFFF,32,2.93728619,3.05190679,2.20732442,1.35405834,1.10344698,0.49178073,2.20765809,1.19532739,1.04740246,1.49519926,2.20789496,0.89073274,1.00998079,0.96022869,2.20518092,0.63951985,1.98834039,0.97952745,2.20437350,1.00592279,0.76675450,0.81087119,2.20670403,1.17498663,1.81903035,1.36386316,2.20500217,1.14673212,1.06598992,0.80782849,2.20692607,0.71069429,SD 02 80 FFFFFFFF 9215F5 947AE4 7FEC27 614276 5540DB 2E98ED 7FEEA1 59DC3E 5250CB 674E74 7FF063 498A37 504C0E 4D8A29 7FDC3C 39744B 793DF3 4E9E97 7FD63C 50134C 41F0CF 44B75E 7FE78C 58DCAA 739441 61B1F3 7FDAE8 577483 534D12 448707 7FE932 3E4AEA 7CB7AF 000FFF 02 0E98A8,2026-07-22T20:36:46.844+00:00,serial_request_midpoint,355.5593,True,matched,94.44515,94.44515,2026-07-22T20:36:46.938+00:00,124.081135,1784752606887.251,3724,False,,,,,,,,,,,,,,False,,,,,,,,,,,,,,True,0.5090156976931257,-3.85553828675379,-8.521715952705264,49.173262210208364,0.08424462107602763,-0.7023662012511701,-2.712637468575391,27.00072299816322,16.55030550365347,-25.920684976395627,0.41809471129794407,-0.17002823208534273,0.20409286762194687,False,,,,,,,,,,,,,,False,,,,,,,,,,,,,,False,,,,,,,,,,,,,,True,0.06939948667973747,13.940036319660521,13.661434696714636,78.60214115633929,0.29402065368092306,-0.07391955470260206,-2.9382288899016875,5.684341886080802e-15,1.4210854715202005e-15,1.1368683772161604e-14,0.0,0.0,0.0,True,2,0.5090156976931148,-4.75649497168286,-6.234490234785139,53.58887076708985,2.6341510170755043,0.45960385071995064,0.10907801951708829,26.586071340480807,14.443226716138508,-21.34586188184603,-0.2930522187363516,2.9247874417213993,0.5756839041680674,True,4.799158893814637,-31.82879136464794,76.37466773820445,17.89862985820201,42.83079040914607,-1.7436706063898781
2026-07-22T20:36:47.580+00:00,199.700000,95659.600000,1.217944,4095,2,02,80,FFFFFFFF,32,2.93567534,3.05015401,2.20508733,1.35277751,1.10316659,0.49174903,2.20730179,1.19506157,1.04703305,1.49518074,2.20758704,0.89053334,1.00980128,0.96006226,2.20550849,0.63946313,1.98761983,0.97917245,2.20727810,1.00559954,0.76661805,0.81076019,2.20761336,1.17476012,1.81885479,1.36301250,2.20759914,1.14614359,1.06531391,0.80778280,2.20738073,0.71057535,SD 02 80 FFFFFFFF 920D26 9471B8 7FDB8A 6133DA 553D28 2E984C 7FEBFC 59D8EC 524BC0 674E42 7FEE1A 498736 50498C 4D87C3 7FDEAB 397348 793807 4E9989 7FEBCF 500EC5 41EE94 44B59B 7FEE4C 58D9CD 7392B0 61A84D 7FEE31 576CF2 5343F2 44864D 7FEC92 3E48E5 7CB7AF 000FFF 02 0E98B4,2026-07-22T20:36:47.402+00:00,serial_request_midpoint,357.9086,True,matched,70.2367,70.2367,2026-07-22T20:36:47.472+00:00,124.613804,1784752607420.558,3740,False,,,,,,,,,,,,,,False,,,,,,,,,,,,,,True,0.5471053639416043,-3.5146253209344507,-9.958579349739859,49.45628518336028,0.053931711271478236,-0.7027423330637081,-2.718948770631561,26.90139386782887,17.933209061885247,-25.885447323858877,0.4116376725764815,-0.19057240788868265,0.19937992753467598,False,,,,,,,,,,,,,,False,,,,,,,,,,,,,,False,,,,,,,,,,,,,,True,0.09474107798717024,13.957478720464868,13.678351982869865,78.63440061238732,0.2937629771081317,-0.08081630297785403,-2.9385730600590474,5.684341886080802e-15,1.4210854715202005e-15,0.0,0.0,0.0,0.0,True,2,0.5471053639415914,-4.306258872086154,-7.650851454092977,53.88216716914585,2.636889353787596,0.4517916915398646,0.07983130889321521,26.378588541228964,15.847602893175212,-21.311866169962673,-0.283765681673664,2.90736319473014,0.5629152639913446,True,5.412179456218199,-33.2889595563157,76.54955969960322,17.57733947379311,44.38908015992887,-1.9858887039587216
2026-07-22T20:36:48.137+00:00,200.900000,95660.800000,1.218555,4095,2,02,80,FFFFFFFF,32,2.93457511,3.04899385,2.20745493,1.35194032,1.10293361,0.49176754,2.20810448,1.19488240,1.04677958,1.49514557,2.20756914,0.89035523,1.00962625,0.95995954,2.20717759,0.63940379,1.98712376,0.97894095,2.20742651,1.00531037,0.76651601,0.81067652,2.20808290,1.17463375,1.81885654,1.36232538,2.20771178,1.14569283,1.06472291,0.80774129,2.20755335,0.71046493,SD 02 80 FFFFFFFF 920721 946BA5 7FED1F 612A4C 553A15 2E98AA 7FF1F1 59D6AF 52484A 674DE3 7FEDF8 498487 50471A 4D8648 7FEB10 397239 7933F3 4E963D 7FECE9 500AB8 41ECE9 44B447 7FF1C8 58D834 7392B4 61A081 7FEF07 576726 533BF7 4485A4 7FEDDA 3E4705 7CC7AF 000FFF 02 0E98C0,2026-07-22T20:36:47.959+00:00,serial_request_midpoint,356.3499,True,matched,45.28575,45.28575,2026-07-22T20:36:48.003+00:00,125.146155,1784752607953.862,3756,False,,,,,,,,,,,,,,False,,,,,,,,,,,,,,True,0.5871612291839492,-3.204488370939784,-11.115160768056779,49.65740594397455,0.07206668629849285,-0.696507636772088,-2.719595837994965,26.73257658385968,19.204662340208277,-25.79833858594146,0.41064797151412297,-0.17643705466612625,0.19918727600854966,False,,,,,,,,,,,,,,False,,,,,,,,,,,,,,False,,,,,,,,,,,,,,True,0.08579638688341457,13.943595985246969,13.67061336679105,78.65072558242962,0.2919029501349767,-0.07769747504557156,-2.9392814503921643,0.0,0.0,0.0,0.0,0.0,0.0,True,2,0.587161229183931,-4.054449465304472,-8.838695111631958,54.08865783152911,2.640630196327977,0.4532027438290155,0.09743647928738107,26.277224218886545,17.129381642162848,-21.21286289787979,-0.28501514221808427,2.9213984676327738,0.5638046796932135,True,5.500294642229308,-34.58689515817878,76.70078674799126,17.66858350925306,45.698062190876094,-1.8403795369329259
2026-07-22T20:36:48.694+00:00,201.400000,95661.300000,1.217944,4095,2,02,80,FFFFFFFF,32,2.93367087,3.04798928,2.20728021,1.35118152,1.10274092,0.49174391,2.20784653,1.19468449,1.04656790,1.49508115,2.20537756,0.89021499,1.00947333,0.95983217,2.20725442,0.63935627,1.98667721,0.97870509,2.20754283,1.00507617,0.76643143,0.81059260,2.20756020,1.17456424,1.81866087,1.36192514,2.20765230,1.14518632,1.06423014,0.80770494,2.20729968,0.71036854,SD 02 80 FFFFFFFF 92022E 946662 7FEBD3 6121A2 55378A 2E9832 7FF007 59D436 524566 674D35 7FDDB2 49826A 5044F7 4D8472 7FEBA2 397160 793047 4E92E1 7FEDC6 500770 41EB87 44B2F2 7FEDE7 58D753 7390F5 619BF6 7FEE96 5760A2 53354F 448510 7FEBF8 3E4562 7CB7AF 000FFF 02 0E98C5,2026-07-22T20:36:48.516+00:00,serial_request_midpoint,356.1562,True,matched,13.9383,13.9383,2026-07-22T20:36:48.530+00:00,125.671971,1784752608453.847,3771,False,,,,,,,,,,,,,,False,,,,,,,,,,,,,,True,0.6036268222298474,-3.091978339901906,-11.556042037004747,49.73709769433183,0.06842140489168855,-0.6906494864502684,-2.721818961283805,26.744830899012292,19.604862046236995,-25.73234219542187,0.4043895522396661,-0.18018758734988852,0.19774995928904937,False,,,,,,,,,,,,,,False,,,,,,,,,,,,,,False,,,,,,,,,,,,,,True,0.07159653860887479,13.944302466026727,13.673308053804778,78.63407090655515,0.29423325744379214,-0.07992035043229186,-2.938318279994982,-5.684341886080802e-15,0.0,0.0,0.0,0.0,0.0,True,2,0.6036268222297803,-3.925522641334207,-9.295778038227057,54.17974714041302,2.6452060530812,0.45273629520988,0.09400996109585694,26.266083981611068,17.556887195531406,-21.13698323802338,-0.2824216404120323,2.9196817718144175,0.5540401715764747,True,5.6638352233837965,-35.14442172481488,76.66225478609933,17.66169873026015,46.258485425215895,-1.9600666912931501
2026-07-22T20:36:49.249+00:00,202.600000,95662.500000,1.218555,4095,2,02,80,FFFFFFFF,32,2.93316143,3.04748454,2.20502793,1.35058510,1.10257222,0.49174923,2.20502004,1.19451067,1.04643805,1.49505190,2.20466048,0.89013644,1.00940121,0.95972242,2.20702762,0.63931686,1.98634948,0.97853398,2.20707340,1.00489107,0.76635138,0.81054733,2.20781443,1.17446136,1.81850154,1.36154391,2.20741757,1.14483387,1.06377684,0.80765385,2.20735020,0.71028551,SD 02 80 FFFFFFFF 91FF64 9463BD 7FDB19 611AD2 553550 2E984D 7FDB0A 59D20A 5243A0 674CE6 7FD85E 49813B 5043F5 4D82DD 7FE9F3 3970AC 792D95 4E9071 7FEA4A 5004D8 41EA38 44B23A 7FEFCA 58D606 738F89 6197A2 7FECD8 575C19 532F2F 448440 7FEC58 3E43F9 7CC7AE 000FFF 02 0E98D1,2026-07-22T20:36:49.072+00:00,serial_request_midpoint,355.179,True,matched,86.0688,86.0688,2026-07-22T20:36:49.157+00:00,126.300097,1784752609087.167,3790,False,,,,,,,,,,,,,,False,,,,,,,,,,,,,,True,0.6017952341328574,-2.358341934746373,-11.473009695142135,49.79934007895578,0.06379138542404472,-0.6983405652443864,-2.7104857833176395,25.957406688379063,19.757821467605773,-25.861851386272825,0.41211167787299413,-0.1817066423396559,0.20903700882852566,False,,,,,,,,,,,,,,False,,,,,,,,,,,,,,False,,,,,,,,,,,,,,True,0.05355688237067463,13.95526779074288,13.689473558698404,78.6733665124473,0.29175861496885924,-0.07739891054353516,-2.940118159364548,-5.684341886080802e-15,1.4210854715202005e-15,0.0,0.0,0.0,0.0,True,2,0.6017952341328313,-3.192837535668306,-9.184836065015757,54.2275001446882,2.6364697762870546,0.4644716694417183,0.08933469740127808,25.48794169736852,17.672547042366595,-21.282336539592006,-0.29898502825687673,2.914344765412329,0.5648045819077522,True,6.699704043280806,-34.77598669565699,76.87263086280822,16.497286817983724,46.13984492911736,-1.9341482368350966
2026-07-22T20:36:49.807+00:00,203.100000,95663.000000,1.217944,4095,2,02,80,FFFFFFFF,32,2.93255224,3.04712002,2.20719548,1.35019296,1.10243668,0.49174844,2.20762125,1.19437032,1.04627246,1.49505560,2.20786338,0.89002654,1.00928381,0.95968638,2.20727916,0.63930240,1.98601943,0.97841032,2.20755651,1.00474696,0.76628114,0.81047523,2.20770126,1.17439216,1.81854444,1.36121676,2.20757283,1.14445963,1.06340428,0.80762758,2.20785548,0.71020731,SD 02 80 FFFFFFFF 91FC0E 9461D4 7FEB32 611657 553386 2E9849 7FEE5B 59D049 52415D 674CF0 7FF027 497F93 504251 4D8258 7FEBD1 39706A 792ADE 4E8EAE 7FEDE0 5002D3 41E912 44B115 7FEEF3 58D526 738FEB 6193EB 7FEDFF 575748 532A26 4483D5 7FF018 3E42A5 7CB7AE 000FFF 02 0E98D6,2026-07-22T20:36:49.628+00:00,serial_request_midpoint,357.1481,True,matched,59.43335,59.43335,2026-07-22T20:36:49.687+00:00,126.829793,1784752609620.504,3806,False,,,,,,,,,,,,,,False,,,,,,,,,,,,,,True,0.6139670102925859,-1.838666204333569,-11.469300245352663,49.98187845843383,0.056099784625050636,-0.6991522151074335,-2.706110450770413,25.42618900683331,19.81296162094224,-25.76112647386022,0.41193951460205963,-0.18700982794052567,0.21234985688781785,False,,,,,,,,,,,,,,False,,,,,,,,,,,,,,False,,,,,,,,,,,,,,True,0.06840052679520461,13.950901011305708,13.679521421966047,78.63334454124664,0.29135061657070677,-0.07814660190349829,-2.9389713866269567,5.684341886080802e-15,0.0,0.0,0.0,0.0,0.0,True,2,0.6139670102924984,-2.653237293606754,-9.173171162187813,54.40963056852185,2.6345746222832127,0.46993805810224765,0.08183149654087,24.934553675401407,17.725777147723544,-21.184809259104817,-0.3032594809639497,2.908714293529001,0.5635823931937045,True,7.443927703102526,-34.684468941248326,77.05454742395497,15.770290976313703,46.16987440708465,-1.8840078505035422
2026-07-22T20:36:50.364+00:00,204.300000,95664.200000,1.218555,4095,2,02,80,FFFFFFFF,32,2.93247235,3.04682486,2.20777653,1.34981491,1.10230944,0.49174352,2.20771705,1.19425592,1.04615493,1.49503709,2.20756599,0.88993946,1.00919576,0.95961783,2.20775652,0.63926715,1.98580576,0.97827570,2.20768810,1.00460147,0.76624961,0.81046367,2.20772284,1.17441780,1.81847922,1.36091238,2.20765336,1.14416831,1.06308989,0.80761014,2.20785075,0.71014912,SD 02 80 FFFFFFFF 91FB9E 946048 7FEF82 611205 5531D8 2E9830 7FEF11 59CEDB 523FC2 674CBE 7FEDF2 497E43 504116 4D815B 7FEF5C 396FC9 79291C 4E8CC3 7FEEDA 5000C9 41E88E 44B0E6 7FEF1C 58D579 738F56 619076 7FEE98 575388 5325E6 44838E 7FF00F 3E41A8 7CC7AF 000FFF 02 0E98E2,2026-07-22T20:36:50.185+00:00,serial_request_midpoint,358.0103,True,matched,30.42405,30.42405,2026-07-22T20:36:50.215+00:00,127.358537,1784752610153.842,3822,False,,,,,,,,,,,,,,False,,,,,,,,,,,,,,True,0.5694053353168518,-1.8552758269258987,-10.681658623016641,49.95109763920134,0.05513592600369427,-0.7001645439168405,-2.701620647396488,25.303760407110133,19.045984259262028,-25.87295002975959,0.41151704540141176,-0.1865127884889782,0.2176058872565807,False,,,,,,,,,,,,,,False,,,,,,,,,,,,,,False,,,,,,,,,,,,,,True,0.10132891115960324,13.974346933251947,13.713914173718711,78.70380919092415,0.29064972487554164,-0.08030452519226493,-2.9401229314314428,5.684341886080802e-15,0.0,1.1368683772161604e-14,0.0,0.0,0.0,True,2,0.5694053353168123,-2.67267104540249,-8.38137129038197,54.37617013629699,2.632344103775249,0.47536811214178865,0.08083892946772535,24.819837450387055,16.9603224198883,-21.295116849732505,-0.3110514510930047,2.9084565213815425,0.5628975571769456,True,7.553781676004048,-33.816031974729626,77.04926025081568,15.497082165065535,45.37394970610939,-2.0253650853254044
2026-07-22T20:36:50.920+00:00,204.800000,95664.700000,1.220996,4095,2,02,80,FFFFFFFF,32,2.93232615,3.04657445,2.20755178,1.34954390,1.10222274,0.49173446,2.20564942,1.19413434,1.04611947,1.49502006,2.20457375,0.88987829,1.00916921,0.95954630,2.20474038,0.63923759,1.98563768,0.97813205,2.20628528,1.00450755,0.76618773,0.81045087,2.20486443,1.17439123,1.81835273,1.36073768,2.20458532,1.14384367,1.06279635,0.80758607,2.20467257,0.71010704,SD 02 80 FFFFFFFF 91FAD1 945EF8 7FEDD7 610EEC 5530B3 2E9802 7FDFB7 59CD56 523F46 674C90 7FD7B9 497D57 5040B7 4D8053 7FD8F6 396F42 7927BA 4E8AB7 7FE470 4FFF78 41E78B 44B0B2 7FD9E2 58D523 738E35 618E7A 7FD7CF 574F5A 5321EE 44832C 7FD875 3E40F1 7D07AF 000FFF 02 0E98E7,2026-07-22T20:36:50.743+00:00,serial_request_midpoint,355.6647,True,matched,93.18425,93.18425,2026-07-22T20:36:50.837+00:00,127.978586,1784752610753.845,3840,False,,,,,,,,,,,,,,False,,,,,,,,,,,,,,True,0.49478992348109324,-1.9307093290028594,-9.327957024579195,49.94568747430852,0.0753953867109675,-0.6967181798442382,-2.6995239263040816,25.213359864403095,17.62594937682952,-25.83204447501206,0.4091991343541764,-0.17349139863180207,0.21756763834130724,False,,,,,,,,,,,,,,False,,,,,,,,,,,,,,False,,,,,,,,,,,,,,True,0.10829250233212459,13.986003735351943,13.718848251936953,78.74126249233508,0.2924646305443063,-0.08169828634095286,-2.9377788084374523,0.0,-1.4210854715202005e-15,0.0,0.0,0.0,0.0,True,2,0.4947899234810609,-2.8177961446447535,-7.052171428684827,54.370006666903656,2.633277899041164,0.47917802385279235,0.10053036863851027,24.79073882771694,15.556826262447071,-21.240656404742868,-0.31250680689348853,2.921735469818795,0.5616461389291079,True,7.270441350227439,-32.52686403126762,77.06006651219973,15.641755755610637,44.023427880887276,-1.9658019104677238
2026-07-22T20:36:51.477+00:00,206.000000,95665.900000,1.217944,4095,2,02,80,FFFFFFFF,32,2.93218137,3.04639187,2.20446811,1.34934640,1.10214966,0.49172659,2.20483289,1.19402401,1.04611118,1.49501339,2.20432147,0.88980987,1.00915328,0.95952896,2.20664616,0.63922643,1.98546060,0.97805338,2.20740915,1.00444011,0.76615381,0.81042799,2.20790865,1.17437548,1.81834573,1.36057641,2.20769915,1.14358735,1.06258924,0.80756863,2.20734336,0.71005598,SD 02 80 FFFFFFFF 91FA06 945E03 7FD6F0 610CAA 552FBC 2E97DA 7FD9A6 59CBF5 523F29 674C7E 7FD5D9 497C4F 50407E 4D8013 7FE71E 396F0F 792645 4E8998 7FECC8 4FFE86 41E6FD 44B055 7FF07D 58D4F0 738E25 618CA5 7FEEEF 574C0D 531F21 4482E5 7FEC4B 3E4013 7CB7AE 000FFF 02 0E98F3,2026-07-22T20:36:51.299+00:00,serial_request_midpoint,356.5869,True,matched,66.76755,66.76755,2026-07-22T20:36:51.365+00:00,128.508446,1784752611287.226,3856,False,,,,,,,,,,,,,,False,,,,,,,,,,,,,,True,0.4813289554669899,-2.295537985225249,-8.1048228940811,49.7914445343211,0.061192559083187346,-0.7006548602670236,-2.7072488702011492,25.314288885809805,16.26973162301894,-25.900792657456833,0.408076797208065,-0.18270190707107578,0.2097505246625907,False,,,,,,,,,,,,,,False,,,,,,,,,,,,,,False,,,,,,,,,,,,,,True,0.04797840255342829,13.97797777784287,13.710416577337151,78.69882180514446,0.2911166906487868,-0.08595865281195567,-2.9379420136055328,0.0,0.0,0.0,0.0,0.0,0.0,True,2,0.48132895546695864,-3.1260966186287593,-5.8074456197326425,54.21557759962401,2.6339155480616756,0.46777350619521735,0.08676013887912065,24.838238668790535,14.202399801769412,-21.31382866201874,-0.29988735004828665,2.9143732869432797,0.558706004827848,True,6.865959513123679,-31.321236615560803,76.90426636766998,15.816932266989852,42.74464341481342,-2.090726022990168
2026-07-22T20:36:52.035+00:00,206.600000,95666.500000,1.217944,4095,2,02,80,FFFFFFFF,32,2.93194961,3.04607146,2.20717496,1.34917898,1.10206386,0.49174175,2.20518512,1.19394495,1.04605771,1.49502376,2.20496274,0.88977126,1.00909291,0.95950457,2.20492699,0.63920475,1.98529967,0.97796319,2.20703183,1.00436208,0.76611392,0.81041716,2.20727916,1.17436559,1.81828227,1.36044678,2.20731073,1.14336957,1.06237724,0.80755807,2.20776758,0.71000148,SD 02 80 FFFFFFFF 91F8C1 945C55 7FEB0B 610AC0 552E9A 2E9827 7FDC44 59CAF8 523E6E 674C9A 7FDA9D 497BBA 503FA6 4D7FB9 7FDA59 396EAC 7924F2 4E884F 7FE9FB 4FFD6E 41E656 44B029 7FEBD1 58D4D0 738D94 618B2C 7FEC0D 57493F 531C43 4482BA 7FEF71 3E3F26 7CB7AE 000FFF 02 0E98F9,2026-07-22T20:36:51.857+00:00,serial_request_midpoint,356.6745,True,matched,42.84535,42.84535,2026-07-22T20:36:51.900+00:00,129.041694,1784752611820.627,3872,False,,,,,,,,,,,,,,False,,,,,,,,,,,,,,True,0.4573630067756531,-2.9434936258102384,-6.014526382457963,49.960155657572855,0.05933235595157917,-0.6898814519610063,-2.709743074930182,25.49359071651986,14.120300524873386,-25.483049837869295,0.4003199735531817,-0.18369583758519187,0.2094686633223812,False,,,,,,,,,,,,,,False,,,,,,,,,,,,,,False,,,,,,,,,,,,,,True,0.062937516760815,13.969866284098591,13.699763793873284,78.66515353206842,0.291617146339903,-0.08570766807011956,-2.9381945177060356,0.0,0.0,0.0,0.0,0.0,0.0,True,2,0.45736300677564273,-3.7618168761267112,-3.749970965219023,54.40344939718028,2.6416653547335773,0.4689527034801434,0.08510785951771714,25.00756972128862,12.088138157046686,-20.881438909164785,-0.2992869878526769,2.9155494303824465,0.547179826400299,True,6.2849865078928415,-29.43380853674041,76.875065807548,15.991890030458919,40.78555392208971,-1.888093683724128
2026-07-22T20:36:52.593+00:00,207.700000,95667.600000,1.219165,4095,2,02,80,FFFFFFFF,32,2.93204944,3.04599770,2.20754388,1.34906658,1.10200409,0.49173210,2.20781179,1.19386870,1.04599309,1.49501784,2.20766494,0.88974612,1.00904875,0.95946610,2.20788970,0.63918789,1.98497643,0.97789412,2.20782758,1.00432001,0.76609600,0.81038099,2.20789391,1.17436744,1.81824331,1.36023053,2.20773968,1.14311423,1.06222706,0.80754064,2.20516672,0.70997251,SD 02 80 FFFFFFFF 91F94D 945BF2 7FEDC8 610977 552DD0 2E97F6 7FEFC5 59CA04 523D8C 674C8A 7FEEAE 497B59 503F08 4D7F2B 7FF059 396E5F 792249 4E8753 7FEFE3 4FFCD7 41E60B 44AF96 7FF061 58D4D6 738D3B 6188B7 7FEF3C 5745F5 531A3B 448273 7FDC21 3E3EA8 7CD7AE 000FFF 02 0E9904,2026-07-22T20:36:52.414+00:00,serial_request_midpoint,358.2123,True,matched,15.93565,15.93565,2026-07-22T20:36:52.429+00:00,129.572454,1784752612354.008,3888,False,,,,,,,,,,,,,,False,,,,,,,,,,,,,,True,0.415548932509949,-3.1948013417630188,-4.203800415707182,49.88593354374785,0.058430956179250135,-0.6708451652021541,-2.710244230982075,25.412922255702444,12.352895397978928,-25.41721138445265,0.38810891627761257,-0.1837623386112432,0.213217382352548,False,,,,,,,,,,,,,,False,,,,,,,,,,,,,,False,,,,,,,,,,,,,,True,0.11331341274521346,13.973038111521499,13.696319743439512,78.68343801278289,0.29265798340804394,-0.08350203315264103,-2.939216007933701,0.0,0.0,0.0,0.0,0.0,0.0,True,2,0.41554893250990205,-4.004164504174642,-1.9988828367110127,54.36075123733392,2.6539422689310013,0.4759919045425961,0.08445740384689435,24.922698747967573,10.376478975515798,-20.791826785616752,-0.3046931462728243,2.918094366048359,0.5291498786245492,True,6.221085707696744,-27.929472237904587,76.4655042588784,15.802932260584631,39.28449774589369,-2.1712031462421693
2026-07-22T20:36:53.150+00:00,208.900000,95668.800000,1.216724,4095,2,02,80,FFFFFFFF,32,2.93201664,3.04590382,2.20463157,1.34889475,1.10190795,0.49173564,2.20751493,1.19382339,1.04606858,1.49503524,2.20785233,0.88970518,1.00900711,0.95945039,2.20529659,0.63918264,1.98494036,0.97783464,2.20471409,1.00422861,0.76607283,0.81036131,2.20463262,1.17433995,1.81822143,1.36016899,2.20426419,1.14295412,1.06209884,0.80753131,2.20684399,0.70992973,SD 02 80 FFFFFFFF 91F91F 945B74 7FD827 610780 552C8B 2E9808 7FED91 59C973 523E94 674CB9 7FF012 497ABB 503E73 4D7EF1 7FDD18 396E47 7921FD 4E867A 7FD8C4 4FFB8F 41E5AA 44AF46 7FD829 58D47D 738D09 618804 7FD56C 5743E5 53187F 44824D 7FE896 3E3DEE 7C97B0 000FFF 02 0E9910,2026-07-22T20:36:52.972+00:00,serial_request_midpoint,356.1107,True,matched,74.35515,74.35515,2026-07-22T20:36:53.045+00:00,130.1882,1784752612987.4,3907,False,,,,,,,,,,,,,,False,,,,,,,,,,,,,,True,0.3588582542032759,-3.0308651681075376,-2.2212993299751855,49.52398616072317,0.08474436788546345,-0.6612739854591797,-2.7011891199695044,24.9376786441015,10.431791839715425,-25.654943956489536,0.38457631228207445,-0.16461899179437886,0.22205029153367611,False,,,,,,,,,,,,,,False,,,,,,,,,,,,,,False,,,,,,,,,,,,,,True,0.07737558600318309,13.964366308316695,13.686377571030949,78.62715040845065,0.2928939036833826,-0.08156456994608549,-2.9387699861605556,0.0,-1.4210854715202005e-15,0.0,0.0,0.0,0.0,True,2,0.3588582542032786,-3.937030589655155,-0.06462366986305546,54.00375594693835,2.656106443641396,0.49117968917334076,0.11024707732834016,24.546774735762046,8.479763998063786,-21.009784707176664,-0.3199826604638362,2.93616280646371,0.5266633657470098,True,6.343384737408877,-26.02294532505606,76.05029563643959,15.39399408827067,37.3992381984135,-2.4231784239854504
2026-07-22T20:36:53.706+00:00,209.400000,95669.300000,1.218555,4095,2,02,80,FFFFFFFF,32,2.93184407,3.04599770,2.20495117,1.34877143,1.10182245,0.49174076,2.20510206,1.19373059,1.04602626,1.49499784,2.20701131,0.88966216,1.00899370,0.95947043,2.20790181,0.63918483,1.98478706,0.97777544,2.20783074,1.00419601,0.76604607,0.81036008,2.20792128,1.17435941,1.81825557,1.36009165,2.20520878,1.14275372,1.06195014,0.80750577,2.20498745,0.70989754,SD 02 80 FFFFFFFF 91F82D 945BF2 7FDA87 610617 552B6A 2E9822 7FDBA6 59C84A 523E00 674C54 7FE9D4 497A15 503E43 4D7F3B 7FF070 396E51 7920BA 4E85A2 7FEFE9 4FFB1A 41E53A 44AF41 7FF095 58D4BC 738D57 618723 7FDC71 574150 53167C 4481E5 7FDACC 3E3D62 7CC7B0 000FFF 02 0E9915,2026-07-22T20:36:53.528+00:00,serial_request_midpoint,356.2731,True,matched,49.41575,49.41575,2026-07-22T20:36:53.576+00:00,130.719612,1784752613520.801,3923,False,,,,,,,,,,,,,,False,,,,,,,,,,,,,,True,0.3874443672537954,-3.0672134210329873,-0.6659008393016924,49.321251346635336,0.09957671057246574,-0.6582948506744924,-2.6994299592439046,24.744002948108076,8.739225092485668,-25.892650807456356,0.3791725420735562,-0.15324593069936654,0.22201506298282228,False,,,,,,,,,,,,,,False,,,,,,,,,,,,,,False,,,,,,,,,,,,,,True,0.06117340816601962,13.976046128946797,13.698244530755309,78.68564704363334,0.2927112183204374,-0.08803270001477465,-2.9373553527944596,5.684341886080802e-15,-1.4210854715202005e-15,0.0,0.0,0.0,0.0,True,2,0.387444367253821,-4.024363554752856,1.4708132518297714,53.79998325931092,2.6569116690536294,0.4942400087509278,0.12483040091470482,24.404836764417716,6.817762618541477,-21.230712230812127,-0.321257021160329,2.9486162491590897,0.5204175807939404,True,6.164823354230188,-24.520980063535795,75.8494382438967,15.40185290958641,35.84729458960968,-2.7427737307379743
2026-07-22T20:36:54.263+00:00,210.600000,95670.500000,1.217945,4095,2,02,80,FFFFFFFF,32,2.93219635,3.04614448,2.20447757,1.34885170,1.10183133,0.49174037,2.20448387,1.19367122,1.04605199,1.49498859,2.20709971,0.88965050,1.00900907,0.95944145,2.20776495,0.63918264,1.98486917,0.97773077,2.20488441,1.00416620,0.76602983,0.81036820,2.20752967,1.17439741,1.81820393,1.36010746,2.20708077,1.14267701,1.06188979,0.80747163,2.20781232,0.70988673,SD 02 80 FFFFFFFF 91FA1B 945CB7 7FD702 610702 552B88 2E9820 7FD70E 59C78C 523E5A 674C3B 7FEA7C 4979E8 503E7A 4D7ED0 7FEF6C 396E47 792167 4E84FF 7FDA08 4FFAAF 41E4F6 44AF62 7FEDAD 58D537 738CE1 618751 7FEA58 574053 5315AB 44815A 7FEFC6 3E3D33 7CB7B0 000FFF 02 0E9921,2026-07-22T20:36:54.085+00:00,serial_request_midpoint,356.0815,True,matched,46.95515,46.95515,2026-07-22T20:36:54.131+00:00,131.274129,1784752614054.187,3939,False,,,,,,,,,,,,,,False,,,,,,,,,,,,,,True,0.3282429660782353,-3.040580646680038,0.7816434992953356,49.03349625048231,0.10481370354604311,-0.6545367623323044,-2.6976479499417456,24.493677743231153,7.477382594466299,-26.0250084502183,0.3817239155305411,-0.15035938248685496,0.22576483313368165,False,,,,,,,,,,,,,,False,,,,,,,,,,,,,,False,,,,,,,,,,,,,,True,0.06375796583538197,13.970501758532953,13.697799489811391,78.6468134324349,0.29368357542868573,-0.08060092690930105,-2.938857560257402,0.0,1.4210854715202005e-15,0.0,0.0,0.0,0.0,True,2,0.32824296607823444,-4.016307621656235,2.902510583477228,53.515750450886046,2.6584850620716978,0.4979004863855684,0.13004873063273228,24.17383171152904,5.5453887925375,-21.366057763549417,-0.3272158708411878,2.950123819921588,0.5245395866799479,True,6.199705010430373,-23.118744132003663,75.51799360164819,15.086568157726983,34.499058583586375,-2.8005531523950595
2026-07-22T20:36:54.819+00:00,211.100000,95671.000000,1.217945,4095,2,02,80,FFFFFFFF,32,2.93315144,3.04689939,2.20748546,1.34922476,1.10179790,0.49173151,2.20522035,1.19364216,1.04622013,1.49497674,2.20439926,0.88969507,1.00907586,0.95950755,2.20469307,0.63919140,1.98481174,0.97778449,2.20489755,1.00434007,0.76610555,0.81045579,2.20471988,1.17472305,1.81843939,1.36067544,2.20658303,1.14283285,1.06209538,0.80746795,2.20728495,0.71000631,SD 02 80 FFFFFFFF 91FF56 9460AC 7FED59 610B46 552B17 2E97F3 7FDC87 59C72F 5240A6 674C1B 7FD66D 497A94 503F69 4D7FC4 7FD89C 396E6F 7920EE 4E85C3 7FDA21 4FFD1F 41E633 44B0C6 7FD8CF 58D955 738EFB 618DC5 7FE6A6 574255 531873 44814B 7FEBDC 3E3F3B 7CB7B0 000FFF 02 0E9926,2026-07-22T20:36:54.641+00:00,serial_request_midpoint,356.5439,True,matched,16.27955,16.27955,2026-07-22T20:36:54.657+00:00,131.800001,1784752614587.531,3955,False,,,,,,,,,,,,,,False,,,,,,,,,,,,,,True,0.32019204061586387,-3.273039634464202,2.2973422015118103,48.52315626892165,0.09854105539394321,-0.658909861086135,-2.7048415248240643,24.510383385847508,5.805815857281951,-26.502595408155248,0.38113796077031414,-0.1538882643631376,0.21723657803118698,False,,,,,,,,,,,,,,False,,,,,,,,,,,,,,False,,,,,,,,,,,,,,True,0.04494971951533943,13.980554991331406,13.703543361918648,78.67387769371211,0.29188299648019667,-0.08548132620967255,-2.9381904453625083,0.0,0.0,1.1368683772161604e-14,0.0,0.0,0.0,True,2,0.3201920406159008,-4.2201848146091,4.4369232796786955,53.00264640170199,2.658502841306681,0.48692582018399594,0.12380686945574067,24.164664127226136,3.8751499648510497,-21.8449425187677,-0.3140860931143246,2.9482957539385204,0.5233653459115638,True,5.820199514609561,-21.620961689450702,75.04235212091132,15.30390974032457,32.90282362525172,-3.285510730794397
2026-07-22T20:36:55.376+00:00,212.300000,95672.200000,1.219165,4095,2,02,80,FFFFFFFF,32,2.93808520,3.05130200,2.20513570,1.35111824,1.10190883,0.49173466,2.20521194,1.19382183,1.04708484,1.49496452,2.20479820,0.88999052,1.00942134,0.95985710,2.20435511,0.63928467,1.98560112,0.97810052,2.20461475,1.00499756,0.76632104,0.81075921,2.20697237,1.17564005,1.81865080,1.36225069,2.20738336,1.14344873,1.06298790,0.80754383,2.20780653,0.71024457,SD 02 80 FFFFFFFF 921A53 9477BA 7FDBE6 6120E9 552C8E 2E9803 7FDC77 59C96E 524C75 674BFA 7FD964 497F08 50443D 4D84CE 7FD619 397019 79276D 4E8A44 7FD807 500656 41E9B9 44B597 7FE98A 58E4EC 7390DE 619FA8 7FEC97 574A44 532485 448280 7FEFBB 3E4347 7CD7AF 000FFF 02 0E9932,2026-07-22T20:36:55.198+00:00,serial_request_midpoint,356.0915,True,matched,83.61375,83.61375,2026-07-22T20:36:55.281+00:00,132.423937,1784752615220.866,3974,False,,,,,,,,,,,,,,False,,,,,,,,,,,,,,True,0.3215274722471257,-3.861305527797183,4.0050728967108835,48.057583230770625,0.10108889554368412,-0.6582172925199222,-2.7058344761102173,24.846529774275215,4.247519879537651,-26.67678742132697,0.38884110696142227,-0.15392072666535941,0.21778138834576038,False,,,,,,,,,,,,,,False,,,,,,,,,,,,,,False,,,,,,,,,,,,,,True,0.05975600788012756,13.970149069933873,13.692830232422034,78.63909788925527,0.2928270759674449,-0.07314852343361283,-2.93949454668192,0.0,0.0,-1.1368683772161604e-14,0.0,0.0,0.0,True,2,0.32152747224711464,-4.815532760963977,6.1407006884565485,52.53745681561412,2.6592164854182925,0.48581271068536536,0.1263154400572167,24.506008071738677,2.281173665971113,-22.033701103793522,-0.31496464841965266,2.946175044201428,0.5347581797305693,True,5.173708182993593,-19.943178679697393,74.56965183116588,15.621559273435476,31.15650343399335,-3.249313568650223
2026-07-22T20:36:55.932+00:00,212.900000,95672.800000,1.219165,4095,2,02,80,FFFFFFFF,32,2.94190932,3.05513846,2.20754493,1.35353391,1.10221593,0.49173879,2.20760178,1.19410933,1.04777596,1.49504116,2.20791655,0.89030779,1.00974620,0.96013084,2.20543540,0.63938692,1.98641360,0.97851232,2.20672455,1.00561014,0.76649976,0.81100336,2.20768968,1.17625877,1.81899095,1.36372503,2.20751809,1.14421170,1.06400434,0.80761481,2.20792128,0.71048425,SD 02 80 FFFFFFFF 922F35 948BC9 7FEDCA 613C7B 55309C 2E9818 7FEE36 59CD06 5255E4 674CC9 7FF08C 4983D0 5048C7 4D88C0 7FDE20 3971EC 792E1C 4E9022 7FE7B3 500EEB 41ECA5 44B977 7FEEDD 58ECBD 7393E7 61B062 7FED97 575417 533242 4483A1 7FF095 3E4759 7CD7AF 000FFF 02 0E9938,2026-07-22T20:36:55.755+00:00,serial_request_midpoint,355.3507,True,matched,56.32965,56.32965,2026-07-22T20:36:55.810+00:00,132.953339,1784752615754.189,3990,False,,,,,,,,,,,,,,False,,,,,,,,,,,,,,True,0.3252291613412483,-4.144056822325877,4.689752348919077,48.49446040412155,0.10138889038888227,-0.6830852910933709,-2.70130952644162,24.86227273395034,3.4550737079940914,-26.23590436134279,0.403586280420535,-0.15300044605002838,0.2179466997199963,False,,,,,,,,,,,,,,False,,,,,,,,,,,,,,False,,,,,,,,,,,,,,True,0.05401268484930042,13.972453280828734,13.690406181150687,78.64695797492254,0.2905823354856092,-0.07832802785805917,-2.9396064139538893,0.0,1.4210854715202005e-15,0.0,0.0,0.0,0.0,True,2,0.3252291613412784,-5.112005466093431,6.904466158249892,52.93279806362908,2.6417879394461052,0.4817155180229043,0.12606490234114345,24.535634139453983,1.421262367656118,-21.62096756063653,-0.3154534394177287,2.9430942678307868,0.5567298082388145,True,4.758025252871879,-18.80461865477069,75.45382748982858,15.647074088915105,30.007212711927156,-2.4009712579578038
2026-07-22T20:36:56.489+00:00,214.000000,95673.900000,1.217945,4095,2,02,80,FFFFFFFF,32,2.94661606,3.05963352,2.20507104,1.35615178,1.10257932,0.49174293,2.20485760,1.19446378,1.04852207,1.49506374,2.20486181,0.89068554,1.01006525,0.96040841,2.20488073,0.63947342,1.98723874,0.97894506,2.20417170,1.00602851,0.76664720,0.81109616,2.20467940,1.17632990,1.81913411,1.36454709,2.20453801,1.14474736,1.06487331,0.80767547,2.20495433,0.71071844,SD 02 80 FFFFFFFF 9248DE 94A340 7FDB6B 615A51 553568 2E982D 7FD9D5 59D174 526012 674D06 7FD9DD 498981 504D3C 4D8CC0 7FDA01 397377 7934E5 4E964C 7FD4BC 5014C7 41EF0E 44BAF0 7FD882 58EDA3 73952E 61B9B4 7FD775 575AFC 533DFF 448498 7FDA8D 3E4B53 7CB7B0 000FFF 02 0E9943,2026-07-22T20:36:56.311+00:00,serial_request_midpoint,357.148,True,matched,39.2146,39.2146,2026-07-22T20:36:56.349+00:00,133.492651,1784752616287.552,4006,False,,,,,,,,,,,,,,False,,,,,,,,,,,,,,True,0.2890646084720631,-4.320511925892991,5.6170195813291,48.64641572084151,0.10109035245123037,-0.6947610097493271,-2.7030707845829594,24.862453864161203,2.3541228654984416,-26.067092089490863,0.40683411277392006,-0.15447782240074417,0.21270255281784703,False,,,,,,,,,,,,,,False,,,,,,,,,,,,,,False,,,,,,,,,,,,,,True,0.09097426298495019,13.977204155365673,13.700934582376624,78.6967185659193,0.2917809589693969,-0.08547297746140936,-2.937616490474635,5.684341886080802e-15,-1.4210854715202005e-15,0.0,0.0,0.0,0.0,True,2,0.28906460847206267,-5.288200515699575,7.869014691664911,53.06601070662409,2.6350385661554068,0.474662972210653,0.12552223325044498,24.525240511589182,0.304928303990107,-21.459727134757554,-0.3075070480486292,2.941638180708454,0.5614396831747325,True,4.4183012428399895,-17.71514638680755,75.79937473956896,15.780824108743033,28.864292803960968,-2.1343760159916085
2026-07-22T20:36:57.048+00:00,214.600000,95674.500000,1.216724,4095,2,02,80,FFFFFFFF,32,2.95626557,3.06788930,2.20456429,1.35962111,1.10301058,0.49173978,2.20723758,1.19490398,1.05036534,1.49505079,2.20496116,0.89132096,1.01092317,0.96117389,2.20706182,0.63968476,1.98960386,0.98002935,2.20763125,1.00805692,0.76734372,0.81213704,2.20777074,1.17968237,1.82071883,1.37129143,2.20743915,1.14780308,1.06887712,0.80796285,2.20551638,0.71171892,SD 02 80 FFFFFFFF 927D54 94CE3E 7FD7A7 6181CA 553B19 2E981D 7FEB82 59D6F4 527933 674CE3 7FDA9A 499313 505937 4D97C7 7FEA34 39773C 794854 4EA5BC 7FEE6E 50312A 41FA70 44CB73 7FEF77 5917F0 73A350 620602 7FED01 578246 537400 44892A 7FDEBA 3E5C4E 7C97B0 000FFF 02 0E9949,2026-07-22T20:36:56.869+00:00,serial_request_midpoint,359.2528,True,matched,13.0522,13.0522,2026-07-22T20:36:56.882+00:00,134.024857,1784752616820.932,4022,False,,,,,,,,,,,,,,False,,,,,,,,,,,,,,True,0.2766982997279582,-4.473743292642332,6.95494074060819,48.502910063252706,0.10466413489787352,-0.7008854561240102,-2.706490765591576,24.7655055178067,1.0229990179898985,-26.1460220423612,0.41173094520516074,-0.15178427082628607,0.20826945384702153,False,,,,,,,,,,,,,,False,,,,,,,,,,,,,,False,,,,,,,,,,,,,,True,0.04747865502301249,13.981114943294696,13.702562097398516,78.70024558643777,0.2906744827272361,-0.08494376616704111,-2.938057292691582,0.0,1.4210854715202005e-15,0.0,0.0,0.0,0.0,True,2,0.2766982997279495,-5.450296087661494,9.223916846951969,52.9118572258147,2.6322742213585424,0.4675806621658867,0.1288512436587153,24.43969509608455,-1.0472154542355299,-21.547241484107985,-0.3012675697622683,2.943612008956701,0.5692576598047863,True,4.054868157442222,-16.333665353814535,75.75990220688065,15.86729691859,27.447688257504335,-2.0504272141481237
2026-07-22T20:36:57.604+00:00,215.700000,95675.600000,1.218555,4095,2,02,80,FFFFFFFF,32,2.98564605,3.09477074,2.20700763,1.37212285,1.10457435,0.49175139,2.20501426,1.19631943,1.05383604,1.49518852,2.20461738,0.89286442,1.01241211,0.96247413,2.20427365,0.64014368,1.99408134,0.98189841,2.20440609,1.01019109,0.76804559,0.81268424,2.20655830,1.18028211,1.82143450,1.37482322,2.20735704,1.14989529,1.07181792,0.80815496,2.20554845,0.71200720,SD 02 80 FFFFFFFF 931BDC 95594D 7FE9CD 620F65 554FB9 2E9858 7FDAFF 59E8A1 52A870 674E57 7FD80C 49AA4E 506DFE 4DAA7F 7FD57E 397F6B 796D0F 4EC052 7FD67A 504EFE 4205E7 44D420 7FE677 591F7F 73A9B1 622DDA 7FEC65 579D22 539B95 448C38 7FDEF7 3E6132 7CC7B0 000FFF 02 0E9954,2026-07-22T20:36:57.428+00:00,serial_request_midpoint,355.1033,True,matched,78.91735,78.91735,2026-07-22T20:36:57.506+00:00,134.649094,1784752617454.342,4041,False,,,,,,,,,,,,,,False,,,,,,,,,,,,,,True,0.1871886734688137,-4.782918917621813,8.755692787894978,48.10484222982225,0.09133378330275828,-0.7087406461469776,-2.7132510475444707,24.846829477742176,-0.6670860053609416,-26.391996092150926,0.4210227782043399,-0.16384971202347626,0.20210005299806916,False,,,,,,,,,,,,,,False,,,,,,,,,,,,,,False,,,,,,,,,,,,,,True,0.12632390690800996,13.988129092309439,13.70728115608452,78.7230872122428,0.2923272258356124,-0.07725178448705315,-2.9387071116981267,0.0,1.4210854715202005e-15,0.0,0.0,0.0,0.0,True,2,0.18718867346880924,-5.70806933454354,11.058258026222312,52.50745657420178,2.6301333980701096,0.45600064207140567,0.1158103352568383,24.46166167126683,-2.78472071489862,-21.819470309409336,-0.29081723130081727,2.9302609498349064,0.581101699687762,True,3.683258945925716,-14.47128272822639,75.43379114228199,15.916337058382926,25.56028682427784,-2.093616979410683
2026-07-22T20:36:58.162+00:00,216.900000,95676.800000,1.217334,4095,2,02,80,FFFFFFFF,32,2.98034609,3.09155014,2.20750651,1.37257211,1.10533781,0.49175198,2.20577405,1.19675885,1.05340341,1.49530515,2.20727863,0.89297296,1.01249193,0.96241034,2.20756388,0.64020743,1.99502300,0.98228095,2.20755283,1.01012845,0.76810754,0.81251397,2.20530710,1.17916059,1.82111191,1.37377854,2.20700394,1.15027439,1.07222813,0.80818665,2.20712813,0.71188515,SD 02 80 FFFFFFFF 92FF65 9548B7 7FED81 621477 5559C9 2E985B 7FE0A4 59EE1D 52A28E 674F92 7FEBD0 49ABF0 506F1B 4DA994 7FEDEE 39808E 7974C6 4EC5C2 7FEDD9 504E1E 4206EA 44D16D 7FDD2C 59115C 73A6D1 622213 7FE9C6 57A1FF 53A119 448CB9 7FEAB2 3E5F20 7CA7B0 000FFF 02 0E9960,2026-07-22T20:36:57.984+00:00,serial_request_midpoint,356.8847,True,matched,51.22375,51.22375,2026-07-22T20:36:58.036+00:00,135.177591,1784752617954.402,4056,False,,,,,,,,,,,,,,False,,,,,,,,,,,,,,True,0.13966438128178246,-5.002782252095169,9.65704948458503,47.86289038256464,0.10735960640958397,-0.7171251347888596,-2.7048950929065096,24.90772615408431,-1.6353111607391113,-26.52042948755523,0.4276500640351111,-0.15231761783044684,0.20781556878624183,False,,,,,,,,,,,,,,False,,,,,,,,,,,,,,False,,,,,,,,,,,,,,True,0.10106968082296103,13.981661919127774,13.701894809338416,78.67899576225565,0.29189646161889926,-0.07842496361956994,-2.9385367747803204,0.0,-1.4210854715202005e-15,-1.1368683772161604e-14,0.0,0.0,0.0,True,2,0.13966438128179276,-5.993976287791615,11.975307405699436,52.24283765293414,2.62136472277441,0.462843996186452,0.13108952007524974,24.588498693214426,-3.7783554187451527,-21.95466792644836,-0.30067283191110655,2.9386286144902147,0.5927105586739563,True,3.3583064758811405,-13.353953586968192,75.40605546492615,16.011935170819775,24.39678901157756,-2.0003423500493227
2026-07-22T20:36:58.720+00:00,217.400000,95677.300000,1.217945,4095,2,02,80,FFFFFFFF,32,2.96807788,3.08089306,2.20731968,1.36884853,1.10532566,0.49173525,2.20793234,1.19663616,1.05211655,1.49528072,2.20780811,0.89259621,1.01202988,0.96198153,2.20803236,0.64009679,1.99421959,0.98194897,2.20529816,1.00935537,0.76791763,0.81214541,2.20449176,1.17806397,1.82070042,1.37159551,2.20441187,1.14979117,1.07138051,0.80815447,2.20711129,0.71164225,SD 02 80 FFFFFFFF 92BD48 9511B0 7FEC1E 61EA67 5559A0 2E9806 7FF0AA 59EC95 52910C 674F50 7FEFBE 49A645 5068A9 4DA368 7FF168 397E95 796E31 4EC10A 7FDD1B 504351 4203D0 44CB95 7FD71D 590387 73A326 620971 7FD685 579BCC 5395B3 448C36 7FEA92 3E5B01 7CB7B0 000FFF 02 0E9965,2026-07-22T20:36:58.542+00:00,serial_request_midpoint,358.3983,True,matched,12.62225,12.62225,2026-07-22T20:36:58.554+00:00,135.697113,1784752618487.744,4072,False,,,,,,,,,,,,,,False,,,,,,,,,,,,,,True,0.18859294853782138,-5.046483472946793,10.918128919685456,47.70070552175419,0.11241701821189637,-0.7267379444647901,-2.703508186370287,24.77276546559142,-2.651528248718937,-26.569380203311,0.4423453425180964,-0.15134509701485704,0.20892037814429293,False,,,,,,,,,,,,,,False,,,,,,,,,,,,,,False,,,,,,,,,,,,,,True,0.10314037880539492,13.97500464438291,13.691469528806644,78.63845021853408,0.2934154788145226,-0.06684143931786467,-2.9397202980797683,0.0,0.0,1.1368683772161604e-14,0.0,0.0,0.0,True,2,0.18859294853783276,-6.058209833869918,13.263091341266739,52.06170128427546,2.614641833207908,0.46043401055259153,0.1357390823457473,24.468403786052086,-4.8607187460374135,-22.034232538313823,-0.30255391563047235,2.9350366094157025,0.6145440336559589,True,3.172391935449242,-11.928845052848496,75.42264403972185,15.860565728112459,23.0027152663858,-1.660094918876473
2026-07-22T20:36:59.275+00:00,218.600000,95678.500000,1.218555,4095,2,02,80,FFFFFFFF,32,2.95735493,3.07098418,2.20510679,1.36468666,1.10489469,0.49174824,2.20498745,1.19627093,1.05069765,1.49526331,2.20694238,0.89208043,1.01148958,0.96149831,2.20722548,0.63995440,1.99269703,0.98140251,2.20764178,1.00840525,0.76762730,0.81173878,2.20555949,1.17703272,1.82015847,1.36927140,2.20456219,1.14904543,1.07018275,0.80805325,2.20707445,0.71136832,SD 02 80 FFFFFFFF 92833D 94DE53 7FDBAF 61BB49 5553F2 2E9848 7FDACC 59E806 527DBA 674F21 7FE951 499E82 50611F 4D9C73 7FEB6B 397C0B 7961B6 4EB945 7FEE82 503609 41FF12 44C522 7FDF0C 58F683 739E51 61EF2F 7FD7A3 57923A 538595 448A9A 7FEA4C 3E565B 7CC7AF 000FFF 02 0E9971,2026-07-22T20:36:59.099+00:00,serial_request_midpoint,353.2811,True,matched,88.51015,88.51015,2026-07-22T20:36:59.186+00:00,136.329054,1784752619121.072,4091,False,,,,,,,,,,,,,,False,,,,,,,,,,,,,,True,0.1921051475578635,-5.496686252838072,12.20786496739382,47.332463323254466,0.11794347023398206,-0.7303585336731027,-2.696422324817505,25.02752248163504,-4.25592555921531,-26.73344778513742,0.438452384259547,-0.14746334040288323,0.2137285626598791,False,,,,,,,,,,,,,,False,,,,,,,,,,,,,,False,,,,,,,,,,,,,,True,0.1415070574765643,13.969428144616646,13.688783528317321,78.60616289487722,0.29499139366866467,-0.07732688408057324,-2.93812396848511,0.0,-1.4210854715202005e-15,0.0,0.0,0.0,0.0,True,2,0.19210514755787703,-6.537039247107074,14.560234028559126,51.68272175822466,2.609613488924231,0.46782450550713617,0.1409891720473431,24.744878923778643,-6.44585983715327,-22.187567949378877,-0.31012956039935646,2.939176358937644,0.6093582294300127,True,2.787098516357811,-10.49492123275877,75.15336223800983,16.04146003213408,21.466240444385953,-1.9209334926662678
2026-07-22T20:36:59.832+00:00,219.100000,95679.000000,1.217944,4095,2,02,80,FFFFFFFF,32,2.94895148,3.06319266,2.20743493,1.36084979,1.10458146,0.49177561,2.20799551,1.19590953,1.04951150,1.49525554,2.20779232,0.89159025,1.01096038,0.96103313,2.20809185,0.63982034,1.99122081,0.98078484,2.20777495,1.00749674,0.76735878,0.81141448,2.20555161,1.17621269,1.81975024,1.36720809,2.20492016,1.14814704,1.06877969,0.80798766,2.20453643,0.71110962,SD 02 80 FFFFFFFF 925595 94B5CD 7FECF9 618FC0 554FD1 2E98D3 7FF122 59E383 526D90 674F0C 7FEFA0 499721 5059BC 4D95C0 7FF1D9 3979A7 79559A 4EB07C 7FEF7F 502954 41FAAF 44BFFD 7FDEFD 58EC28 739AAD 61D7D8 7FDA4C 5786B1 5372B0 44898F 7FD772 3E51F7 7CB7AF 000FFF 02 0E9976,2026-07-22T20:36:59.654+00:00,serial_request_midpoint,355.179,True,matched,61.896,61.896,2026-07-22T20:36:59.714+00:00,136.857715,1784752619654.373,4107,False,,,,,,,,,,,,,,False,,,,,,,,,,,,,,True,0.15517365337017583,-5.872687929471734,13.112894267610946,47.10873667567632,0.09480070731623891,-0.7418119333847886,-2.7001448172511346,25.25080463771063,-5.202706894975149,-26.971193167545067,0.4455819946108645,-0.1631173206131073,0.20916707655494893,False,,,,,,,,,,,,,,False,,,,,,,,,,,,,,False,,,,,,,,,,,,,,True,0.09083035393659541,13.986112123058348,13.703869571753804,78.69030350557576,0.29248359537869895,-0.07682028941489102,-2.9386108184789435,5.684341886080802e-15,0.0,-1.1368683772161604e-14,0.0,0.0,0.0,True,2,0.1551736533702186,-6.833714145612656,15.516673412811429,51.44912807025348,2.604531291283282,0.45901781429548244,0.11847565980733497,24.891985685262732,-7.431733366121875,-22.44975390825807,-0.30159163654105114,2.9226410064414448,0.6171586182669679,True,2.5479386934793724,-9.405230462057256,75.03841826709304,16.112933219316993,20.356474140222847,-2.0459533770666325
2026-07-22T20:37:00.388+00:00,220.300000,95680.200000,1.219165,4095,2,02,80,FFFFFFFF,32,2.94280859,3.05736595,2.20456271,1.35755072,1.10413350,0.49178230,2.20770020,1.19555510,1.04850632,1.49518556,2.20772442,0.89118037,1.01050492,0.96065106,2.20809027,0.63968410,1.98983790,0.98022313,2.20780811,1.00676036,0.76708721,0.81115377,2.20565730,1.17561779,1.81937757,1.36561260,2.20501216,1.14725673,1.06757166,0.80791077,2.20755862,0.71087928,SD 02 80 FFFFFFFF 92341D 94976B 7FD7A4 616A3E 5549E9 2E98F5 7FEEF1 59DF16 525FDB 674E4F 7FEF1F 4990F5 505360 4D903F 7FF1D6 397739 794A40 4EA87E 7FEFBE 501F06 41F63F 44BBDA 7FDFC6 58E4A4 73975A 61C5C7 7FDAFB 577B41 536268 448856 7FEDE4 3E4E0E 7CD7B0 000FFF 02 0E9982,2026-07-22T20:37:00.210+00:00,serial_request_midpoint,356.7279,True,matched,26.70605,26.70605,2026-07-22T20:37:00.236+00:00,137.379521,1784752620154.383,4122,False,,,,,,,,,,,,,,False,,,,,,,,,,,,,,True,0.14784684082839478,-5.63187369900929,13.139321167679904,46.99398258518763,0.11247849125965093,-0.7458851428741241,-2.696057531497122,25.064533261274484,-5.2472432658400185,-27.076676563896644,0.4484241924940202,-0.1522254178151741,0.21091350989272148,False,,,,,,,,,,,,,,False,,,,,,,,,,,,,,False,,,,,,,,,,,,,,True,0.101159917004958,13.982542334747261,13.70486830106291,78.67782142041946,0.29467893638444853,-0.07842388411146603,-2.937405121623684,0.0,0.0,1.1368683772161604e-14,0.0,0.0,0.0,True,2,0.14784684082843075,-6.657648843969705,15.54385057904103,51.319112259433595,2.5999234138288965,0.4619214655403765,0.13535422694691013,24.76191526738922,-7.484271124404745,-22.55507820192945,-0.3054654303656081,2.932016223643501,0.6232875880648933,True,2.5797296821154374,-9.292802660073434,75.05479865308892,16.075762844795896,20.23684790672248,-2.0206770544476855
2026-07-22T20:37:00.944+00:00,220.900000,95680.800000,1.217945,4095,2,02,80,FFFFFFFF,32,2.93879938,3.05355464,2.20752914,1.35516251,1.10378902,0.49178407,2.20817345,1.19525515,1.04778054,1.49517371,2.20790444,0.89081857,1.01012901,0.96035690,2.20781074,0.63958445,1.98875449,0.97974888,2.20541805,1.00612949,0.76686922,0.81097481,2.20509680,1.17520420,1.81911660,1.36426315,2.20463577,1.14651455,1.06650580,0.80784666,2.20438349,0.71071177,SD 02 80 FFFFFFFF 921E3A 948382 7FEDAC 614F0C 55455E 2E98FE 7FF274 59DB57 5255F4 674E2F 7FF075 498B82 504E20 4D8C02 7FEFC3 397572 79415A 4EA1BE 7FDDFF 501631 41F2AF 44B903 7FDB9C 58DF6A 739506 61B67C 7FD82F 5771B7 535408 448751 7FD64F 3E4B36 7CB7B0 000FFF 02 0E9988,2026-07-22T20:37:00.767+00:00,serial_request_midpoint,356.408,True,matched,77.2719,77.2719,2026-07-22T20:37:00.844+00:00,137.986865,1784752620787.779,4141,False,,,,,,,,,,,,,,False,,,,,,,,,,,,,,True,0.13505224935312043,-4.643471090639486,12.847132502532281,47.129838819964604,0.10829570411723392,-0.7508727288382959,-2.669498309249134,24.1400823109684,-4.850158698133418,-27.178271924757304,0.45063048928449034,-0.153441034594012,0.23626333985959244,False,,,,,,,,,,,,,,False,,,,,,,,,,,,,,False,,,,,,,,,,,,,,True,0.09576532495545424,13.98762186411054,13.709874555893617,78.70616111459364,0.2943475968476279,-0.08246679089697853,-2.9373065385909394,0.0,0.0,1.1368683772161604e-14,0.0,0.0,0.0,True,2,0.13505224935300358,-5.693611525162794,15.269562358650933,51.43910345790255,2.5870834009398553,0.49389562515889185,0.1312487493547809,23.86197365442448,-7.098108473268594,-22.660518008988618,-0.3429761605896139,2.9258199325281815,0.6255457996970308,True,4.279420136564883,-9.116595978689688,75.34360587381738,14.367007639597213,20.38415108542328,-2.1631439172149953
2026-07-22T20:37:01.503+00:00,222.000000,95681.900000,1.218555,4095,2,02,80,FFFFFFFF,32,2.93651743,3.05134754,2.20425000,1.35359796,1.10343721,0.49181557,2.20695448,1.19496088,1.04731604,1.49512076,2.20749599,0.89058701,1.00989299,0.96013382,2.20764336,0.63949707,1.98786411,0.97936420,2.20763862,1.00578026,0.76670431,0.81084904,2.20546747,1.17500548,1.81894498,1.36341161,2.20666037,1.14584317,1.06562728,0.80779901,2.20533602,0.71055809,SD 02 80 FFFFFFFF 9211C1 9477F7 7FD551 613D36 5540BA 2E999E 7FE968 59D7AA 524F9D 674DA0 7FED6D 498805 504AD4 4D88CB 7FEE85 3973E3 793A09 4E9C44 7FEE7C 50114D 41EFFD 44B704 7FDE5D 58DCE7 73937E 61ACD4 7FE739 576915 53482D 44868F 7FDD63 3E489A 7CC7AF 000FFF 02 0E9993,2026-07-22T20:37:01.325+00:00,serial_request_midpoint,354.4696,True,matched,52.2033,52.2033,2026-07-22T20:37:01.376+00:00,138.51917,1784752621321.148,4157,False,,,,,,,,,,,,,,False,,,,,,,,,,,,,,True,0.17293707382803777,-3.757263971284611,12.922009557690902,47.33170581075365,0.11264048755014384,-0.7560356670868139,-2.6383947864577797,23.183300988434706,-4.725491837275705,-27.161787720601335,0.4573436245524519,-0.14773666656997533,0.2653742970063503,False,,,,,,,,,,,,,,False,,,,,,,,,,,,,,False,,,,,,,,,,,,,,True,0.0911749240660272,13.981264864760984,13.711126354431382,78.67305739962754,0.29216742623563974,-0.08167147737642332,-2.9375111013230817,0.0,-1.4210854715202005e-15,1.1368683772161604e-14,0.0,0.0,0.0,True,2,0.1729370738280437,-4.866937129935348,15.355832163289682,51.61957894853067,2.5716218180773174,0.5309712288791119,0.1353594786372724,22.970781528266794,-7.000002935806255,-22.65377731889033,-0.38695706920480805,2.923645170746863,0.6355752037156024,True,5.844742792316922,-8.50124125543297,75.73744112304861,12.651883709058007,20.098769846036152,-2.044357718936692
2026-07-22T20:37:02.063+00:00,222.600000,95682.500000,1.219165,4095,2,02,80,FFFFFFFF,32,2.93535044,3.05004058,2.20465733,1.35256629,1.10312011,0.49180160,2.20697448,1.19478172,1.04704421,1.49511225,2.20747072,0.89042782,1.00970789,0.95997689,2.20758862,0.63942459,1.98726630,0.97904243,2.20783548,1.00546736,0.76657193,0.81076955,2.20739652,1.17489145,1.81888500,1.36272915,2.20754335,1.14537518,1.06499654,0.80771010,2.20778547,0.71046723,SD 02 80 FFFFFFFF 920B5F 947120 7FD858 613171 553C8B 2E9957 7FE98E 59D56D 524BE7 674D89 7FED3D 49859F 50483E 4D8688 7FEE1D 397298 79351F 4E97AF 7FEFF2 500CEB 41EDD3 44B5C1 7FECB0 58DB76 7392F5 61A516 7FEDC7 576310 533FA9 448525 7FEF93 3E470F 7CD7B0 000FFF 02 0E9999,2026-07-22T20:37:01.884+00:00,serial_request_midpoint,358.4248,True,matched,32.1463,32.1463,2026-07-22T20:37:01.914+00:00,139.057356,1784752621854.513,4173,False,,,,,,,,,,,,,,False,,,,,,,,,,,,,,True,0.18087806121793265,-3.5056750004961,11.908162076030452,47.45345499224192,0.13285748328128733,-0.7529437722152288,-2.634255229592332,23.13376703313635,-3.60658094082023,-27.116731766687508,0.4590899311738271,-0.1339098971513731,0.2691604036998032,False,,,,,,,,,,,,,,False,,,,,,,,,,,,,,False,,,,,,,,,,,,,,True,0.07437901032913471,13.979142959646136,13.702979624940165,78.67132672942809,0.2931347500031723,-0.07777201372744903,-2.937627911151009,0.0,-1.4210854715202005e-15,-1.1368683772161604e-14,0.0,0.0,0.0,True,2,0.18087806121794003,-4.687249252918547,14.315992990033582,51.73678962970892,2.5711683135597485,0.5367104444067051,0.1550706783324992,22.993212857493443,-5.88043493568499,-22.60557276098972,-0.3945642612996382,2.9355904215092123,0.6406455618435639,True,5.9122560357128275,-9.553892735978,75.89150672172995,12.749127859605597,21.15691750673766,-1.8784984331348595
2026-07-22T20:37:02.618+00:00,223.700000,95683.600000,1.219165,4095,2,02,80,FFFFFFFF,32,2.93467719,3.04913409,2.20758020,1.35187155,1.10286583,0.49178211,2.20791286,1.19455850,1.04687455,1.49508781,2.20755072,0.89029664,1.00957733,0.95993082,2.20724969,0.63937269,1.98674086,0.97880793,2.20765757,1.00522589,0.76649020,0.81071762,2.20787865,1.17483459,1.81875761,1.36235222,2.20547536,1.14493525,1.06448721,0.80767105,2.20517987,0.71036325,SD 02 80 FFFFFFFF 9207B0 946C61 7FEE0D 612983 553930 2E98F4 7FF085 59D2A3 524996 674D47 7FEDD5 4983A5 50466B 4D85DE 7FEB99 3971AB 7930CD 4E9458 7FEEA0 500989 41EC7D 44B4EE 7FF044 58DABE 7391D2 61A0CF 7FDE6C 575D67 5338C8 448486 7FDC3A 3E454B 7CD7B0 000FFF 02 0E99A4,2026-07-22T20:37:02.440+00:00,serial_request_midpoint,355.3433,True,matched,91.04865,91.04865,2026-07-22T20:37:02.530+00:00,139.673341,1784752622454.535,4191,False,,,,,,,,,,,,,,False,,,,,,,,,,,,,,True,0.2860018300074923,-2.935035340762668,9.47687231167824,47.706153910799976,0.1439113992592149,-0.7476122047330612,-2.631975375187902,23.02848258525249,-1.1237748276870605,-26.965066383494253,0.45439356140691667,-0.12699670460603762,0.2731685783748713,False,,,,,,,,,,,,,,False,,,,,,,,,,,,,,False,,,,,,,,,,,,,,True,0.12279967321660619,13.962951332812597,13.69014116974654,78.61562005012658,0.29644619189823224,-0.07960518641519533,-2.938371041719754,0.0,0.0,0.0,0.0,0.0,0.0,True,2,0.28600183000751517,-4.154884069010723,11.858822892483946,51.99322791678926,2.5731468242874342,0.5414170069422586,0.16598685523588916,22.922205200691053,-3.3721190375941275,-22.440204346553664,-0.40151961861460594,2.94286342270998,0.6348719060881284,True,6.422712025010671,-12.066941398269858,76.10222164749445,12.649187302377845,23.733838738489496,-1.8173172781954463
2026-07-22T20:37:03.173+00:00,224.900000,95684.800000,1.218555,4095,2,02,80,FFFFFFFF,32,2.93459367,3.04875516,2.20501426,1.35147022,1.10269208,0.49180120,2.20707919,1.19436844,1.04676470,1.49506560,2.20703972,0.89020254,1.00946718,0.95984680,2.20797972,0.63936218,1.98640125,0.97865326,2.20769704,1.00512385,0.76642067,0.81068316,2.20749862,1.17488063,1.81876330,1.36205487,2.20715602,1.14465842,1.06423737,0.80763912,2.20791865,0.71035175,SD 02 80 FFFFFFFF 92073B 946A65 7FDAFF 6124EE 5536E5 2E9955 7FEA55 59D043 524816 674D0B 7FEA0A 49823A 5044E1 4D84A8 7FF104 39717B 792E02 4E9224 7FEEEB 50081B 41EB5A 44B462 7FED72 58DB53 7391DF 619D6F 7FEAE7 5759D7 533568 448404 7FF090 3E4519 7CC7AF 000FFF 02 0E99B0,2026-07-22T20:37:02.996+00:00,serial_request_midpoint,356.0265,True,matched,67.33345,67.33345,2026-07-22T20:37:03.063+00:00,140.20546,1784752622987.886,4207,False,,,,,,,,,,,,,,False,,,,,,,,,,,,,,True,0.3084420729668028,-2.579930827753107,7.415980124251774,47.77790493120171,0.1511907027776363,-0.7584178026432694,-2.6286437927596626,22.980384244187,1.0458364770261355,-27.225670846928875,0.4658533253079676,-0.11813572706697217,0.2729637780174102,False,,,,,,,,,,,,,,False,,,,,,,,,,,,,,False,,,,,,,,,,,,,,True,0.06709148736224889,13.982218755351871,13.708640088498433,78.70566946040255,0.28940547909371733,-0.07665163336849062,-2.9392336180689993,-5.684341886080802e-15,0.0,0.0,0.0,0.0,0.0,True,2,0.3084420729668031,-3.8312083666815533,9.825632484940417,52.04036936603917,2.564754232853915,0.5403684040726179,0.17273383632418157,22.924894245390394,-1.2480315611186312,-22.722803613635755,-0.40256462258606784,2.947752981017019,0.6535774513544738,True,6.618230374614077,-13.919756658868607,76.38245307169458,12.78624462388539,25.621873200336573,-1.727868112548083
2026-07-22T20:37:03.732+00:00,225.400000,95685.300000,1.217334,4095,2,02,80,FFFFFFFF,32,2.93650171,3.05052493,2.20732494,1.35215489,1.10261750,0.49178250,2.20786864,1.19436125,1.04714836,1.49505819,2.20764178,0.89028316,1.00958152,0.96000318,2.20756599,0.63935496,1.98653519,0.97870975,2.20768599,1.00538928,0.76649976,0.81084018,2.20738967,1.17549042,1.81883685,1.36291782,2.20759599,1.14483872,1.06449097,0.80764329,2.20774863,0.71045457,SD 02 80 FFFFFFFF 9211AB 9473A9 7FEC28 612CBF 5535E9 2E98F6 7FF031 59D02C 524D53 674CF7 7FEE82 498371 50467A 4D86E9 7FEDF2 39715A 792F1C 4E92F2 7FEED6 500BD3 41ECA5 44B6E0 7FECA3 58E308 739287 61A73A 7FEE2B 575C29 5338D5 448415 7FEF4D 3E46D8 7CA7AF 000FFF 02 0E99B5,2026-07-22T20:37:03.553+00:00,serial_request_midpoint,356.8266,True,matched,37.6087,37.6087,2026-07-22T20:37:03.590+00:00,140.732571,1784752623521.239,4223,False,,,,,,,,,,,,,,False,,,,,,,,,,,,,,True,0.35979870080656934,-2.157311727544624,5.787266833067386,48.12111723830365,0.1606148215660044,-0.7426461099433412,-2.635577037834118,22.832449114378896,2.664476619671829,-26.98738445586207,0.45182095030356273,-0.11139135723205452,0.26888814780948744,False,,,,,,,,,,,,,,False,,,,,,,,,,,,,,False,,,,,,,,,,,,,,True,0.06292203624176962,13.972995849723182,13.695145989006491,78.6828206054883,0.29149042462536573,-0.08049803848315143,-2.9393618340151577,0.0,-1.4210854715202005e-15,0.0,0.0,0.0,0.0,True,2,0.3597987008065442,-3.425639368686602,8.140693803151937,52.409875744892176,2.5769804097676734,0.5380918135222906,0.1823582170023872,22.794439799087193,0.43692950229026195,-22.45116222051714,-0.3973876080237503,2.959535374138788,0.6341397473985012,True,6.892996243736333,-15.939053824510513,76.47775533612892,12.868298036717485,27.647014490260727,-1.7955504069466541
2026-07-22T20:37:04.286+00:00,226.600000,95686.500000,1.217945,4095,2,02,80,FFFFFFFF,32,2.94105473,3.05434008,2.20732968,1.35418133,1.10276549,0.49176124,2.20771126,1.19455381,1.04783235,1.49501228,2.20754072,0.89054968,1.00989271,0.96021866,2.20745914,0.63943685,1.98721404,0.97902131,2.20758914,1.00586449,0.76663692,0.81104422,2.20796708,1.17609641,1.81910259,1.36403575,2.20734547,1.14529077,1.06507841,0.80769291,2.20785812,0.71064551,SD 02 80 FFFFFFFF 922A8B 94879D 7FEC31 6143DD 5537DD 2E988A 7FEF06 59D294 5256A9 674C7B 7FEDC2 498775 504AD3 4D8A04 7FED27 3972D0 7934B1 4E9762 7FEE1E 50127B 41EEE3 44BA1D 7FF0EC 58EAB0 7394E6 61B3E8 7FEC4F 5761FA 5340C4 4484DF 7FF01D 3E4A16 7CB7B0 000FFF 02 0E99C1,2026-07-22T20:37:04.109+00:00,serial_request_midpoint,354.2756,True,matched,11.3547,11.3547,2026-07-22T20:37:04.120+00:00,141.263111,1784752624054.576,4239,False,,,,,,,,,,,,,,False,,,,,,,,,,,,,,True,0.40591814282333616,-2.230381571421048,3.5004788138607736,48.59130489241894,0.1519484468756356,-0.7316304692921956,-2.6377688809741677,23.26554956950591,4.959423552404793,-26.491140701142662,0.4444925360822209,-0.11871103137995156,0.269157882247785,False,,,,,,,,,,,,,,False,,,,,,,,,,,,,,False,,,,,,,,,,,,,,True,0.08842346414052656,13.96267738095508,13.689598713505195,78.61844081688835,0.29333996376396654,-0.07814992146966383,-2.938615200687931,0.0,0.0,-1.1368683772161604e-14,0.0,0.0,0.0,True,2,0.40591814282334165,-3.4642499520488466,5.8262690024782176,52.905118964428276,2.5851339558814046,0.5407051395449266,0.1742818293192451,23.187297236161612,2.760204374919052,-21.941631429610936,-0.3966899660767385,2.9547259111902,0.6218503611017574,True,7.031698058037759,-18.414148217335168,76.7338529448789,13.148659241503188,30.116401186442566,-1.5348786758399455
2026-07-22T20:37:04.845+00:00,227.200000,95687.100000,1.218555,4095,2,02,80,FFFFFFFF,32,2.94748612,3.06022750,2.20515305,1.35690550,1.10299341,0.49175494,2.20513675,1.19487677,1.04906856,1.49508300,2.20471567,0.89099622,1.01047974,0.96077389,2.20732178,0.63959102,1.98863135,0.97975876,2.20775758,1.00733816,0.76716012,0.81187053,2.20558999,1.17895305,1.82055890,1.36971407,2.20719180,1.14783927,1.06857472,0.80794737,2.20774705,0.71171339,SD 02 80 FFFFFFFF 924D9B 94A659 7FDC07 6162E6 553ADF 2E986A 7FDBE8 59D69D 526786 674D3A 7FD8C7 498E2F 505306 4D9204 7FEC22 397590 794057 4EA1E2 7FEF5E 50271C 41F770 44C739 7FDF46 590EBE 73A1E3 61F430 7FEB2B 5782BD 536FED 4488EB 7FEF4A 3E5C36 7CC7B0 000FFF 02 0E99C7,2026-07-22T20:37:04.666+00:00,serial_request_midpoint,356.571,True,matched,67.4109,67.4109,2026-07-22T20:37:04.732+00:00,141.875421,1784752624654.516,4257,False,,,,,,,,,,,,,,False,,,,,,,,,,,,,,True,0.3940797736764245,-2.2548377025645725,0.8957811427156877,48.347630124837146,0.11449808957172092,-0.7451994325531428,-2.6459508149361066,23.807787891019046,7.303911091443628,-27.04515395475221,0.4451353837693709,-0.14343846647235917,0.2601107711982461,False,,,,,,,,,,,,,,False,,,,,,,,,,,,,,False,,,,,,,,,,,,,,True,0.08625739277643754,13.983512605988846,13.711367351680119,78.739651500669,0.28998707217662156,-0.08836933034926434,-2.9385436074133366,0.0,1.4210854715202005e-15,1.1368683772161604e-14,0.0,0.0,0.0,True,2,0.3940797736764213,-3.357204382069253,3.2947159841238722,52.65699462202131,2.58132643419735,0.5261362775381845,0.1374134886962478,23.6009418399777,5.086367952726742,-22.508586951158644,-0.37968363037517583,2.932601837937123,0.6185391074433952,True,7.245075562201327,-20.824693529063104,76.56132601720263,13.50431897923296,32.491543993752224,-2.1963776252276714
2026-07-22T20:37:05.402+00:00,228.300000,95688.200000,1.218555,4095,2,02,80,FFFFFFFF,32,2.98814231,3.09672503,2.20757230,1.37246134,1.10458709,0.49177029,2.20796287,1.19645995,1.05437655,1.49525257,2.20783127,0.89307243,1.01272357,0.96277736,2.20769968,0.64019407,1.99509979,0.98243707,2.20779653,1.01127379,0.76844199,0.81331471,2.20785285,1.18231568,1.82273152,1.37904870,2.20784706,1.15234285,1.07466768,0.80837044,2.20786338,0.71281500,SD 02 80 FFFFFFFF 93293F 95635B 7FEDFE 621337 554FE4 2E98B8 7FF0E4 59EA62 52AFC9 674F04 7FEFEA 49AD6F 507256 4DAEDC 7FEEF0 398051 797567 4EC7FA 7FEFA8 505E1C 420C60 44DE1E 7FF013 59391B 73B53F 625D6B 7FF008 57BC83 53C1DF 448FA5 7FF027 3E6EE5 7CC7AF 000FFF 02 0E99D2,2026-07-22T20:37:05.224+00:00,serial_request_midpoint,356.5634,True,matched,35.5454,35.5454,2026-07-22T20:37:05.257+00:00,142.400768,1784752625187.825,4273,False,,,,,,,,,,,,,,False,,,,,,,,,,,,,,True,0.41321693704912243,-1.8733102944410238,-0.9533385016765934,48.216333137544545,0.09369949010424942,-0.7365717437021619,-2.648685623295241,23.83634058476751,9.198756341937074,-27.25221335262814,0.4390635162793524,-0.15932330279803278,0.2593807462595896,False,,,,,,,,,,,,,,False,,,,,,,,,,,,,,False,,,,,,,,,,,,,,True,0.058868343611144965,13.973667375718781,13.70251454987742,78.7048662833231,0.29105985756191083,-0.08568178757718603,-2.9373844340701933,0.0,0.0,0.0,0.0,0.0,0.0,True,2,0.41321693704912626,-2.900418207948289,1.4346821988409977,52.55028393411776,2.58848128457597,0.5271886501594043,0.11739854145155021,23.547911000376764,6.999382754523995,-22.711256709249426,-0.3763646325127505,2.919285133079507,0.6067379734059547,True,7.978829957343507,-22.805736424638404,76.2064750698145,13.259806125989954,34.527102688760614,-2.6625448292308307
2026-07-22T20:37:05.957+00:00,228.900000,95688.800000,1.217944,4095,2,02,80,FFFFFFFF,32,3.01523007,3.12120446,2.20751651,1.38399224,1.10657534,0.49175159,2.20531394,1.19801358,1.05679768,1.49541476,2.20493856,0.89440526,1.01398513,0.96377679,2.20468781,0.64063036,2.00014300,0.98435657,2.20687713,1.01302640,0.76910416,0.81369168,2.20793129,1.18212605,1.82333383,1.38229786,2.20758335,1.15483154,1.07787718,0.80859307,2.20766599,0.71315396,SD 02 80 FFFFFFFF 93B9B0 95E0AD 7FED94 6294ED 556A16 2E9859 7FDD39 59FDC4 52D0AB 6750BA 7FDA6F 49C179 5083EC 4DBD3C 7FD892 398818 799EA9 4EE33D 7FE8D5 50768F 42172F 44E417 7FF0A8 5936B8 73BA9C 6281EB 7FEE13 57DC5F 53ECEA 44932F 7FEEB0 3E74A4 7CB7AF 000FFF 02 0E99D8,2026-07-22T20:37:05.779+00:00,serial_request_midpoint,356.268,True,matched,12.0223,12.0223,2026-07-22T20:37:05.791+00:00,142.93389,1784752625721.166,4289,False,,,,,,,,,,,,,,False,,,,,,,,,,,,,,True,0.4598453623874754,-1.866986600866103,-3.2035572330316304,48.37057335568176,0.08994631528413016,-0.7317609273428545,-2.6614024520237445,24.142532444545616,11.544083031573113,-27.138354428052274,0.43791305253138935,-0.16100045033235383,0.24964992690464138,False,,,,,,,,,,,,,,False,,,,,,,,,,,,,,False,,,,,,,,,,,,,,True,0.08965022532310932,13.955356768619154,13.685450780378796,78.65312386846783,0.28909038821625327,-0.08125377026116049,-2.939754826802181,-5.684341886080802e-15,0.0,0.0,0.0,0.0,0.0,True,2,0.4598453623874531,-2.8628008085987457,-0.8275374805086138,52.718401231608325,2.5965527725919246,0.513156411676445,0.11388168494967092,23.834354333848115,9.349111820398747,-22.59656505891719,-0.36173645258593584,2.9198960223450285,0.605048903455227,True,7.763324314034888,-25.31745127051345,76.23224613558807,13.825959372171075,36.98317875714407,-2.552571206425955
2026-07-22T20:37:06.516+00:00,230.100000,95690.000000,1.218555,4095,2,02,80,FFFFFFFF,32,3.00918334,3.11723058,2.20749178,1.38416156,1.10741690,0.49178683,2.20512466,1.19869942,1.05642672,1.49551475,2.20678295,0.89455680,1.01401905,0.96370670,2.20771810,0.64066543,2.00128395,0.98479255,2.20734652,1.01280845,0.76915921,0.81338102,2.20510100,1.18065694,1.82313201,1.38069097,2.20704867,1.15517999,1.07776668,0.80859602,2.20768336,0.71287376,SD 02 80 FFFFFFFF 939993 95CC69 7FED65 6296D3 55752A 2E990C 7FDBD1 5A0651 52CBA2 6751C8 7FE822 49C3C0 508465 4DBC3A 7FEF13 3988B8 79A7FB 4EE96D 7FEC51 507385 421815 44DF2B 7FDBA4 592438 73B8D0 626FE0 7FEA1B 57E0D4 53EB6F 44933B 7FEED1 3E6FE4 7CC7AF 000FFF 02 0E99E4,2026-07-22T20:37:06.338+00:00,serial_request_midpoint,357.8071,True,matched,69.16615,69.16615,2026-07-22T20:37:06.405+00:00,143.548699,1784752626354.467,4308,False,,,,,,,,,,,,,,False,,,,,,,,,,,,,,True,0.5143409954662251,-1.8611110335217247,-4.8945090251383325,48.82289573589915,0.08949754555229768,-0.7293749000008777,-2.665484734236003,24.450335133043858,13.44035715557997,-26.600481635162613,0.4431185882378967,-0.16504399036163403,0.24639855982792788,False,,,,,,,,,,,,,,False,,,,,,,,,,,,,,False,,,,,,,,,,,,,,True,0.1152593128918007,13.958958613137293,13.682944314684221,78.6666779290446,0.292161926659716,-0.06973621539017648,-2.939190478450189,0.0,0.0,0.0,0.0,0.0,0.0,True,2,0.5143409954661718,-2.849219652881655,-2.525600740207612,53.17635858550657,2.5996303423194735,0.5089754199822956,0.11350427555722303,24.122782926377624,11.219877005007422,-22.072468677826897,-0.3564270620844756,2.9150555719620606,0.6120702029792987,True,7.69448076645166,-27.106839839306595,76.63194172795745,14.158134225790272,38.77056275245309,-1.892359514308339
2026-07-22T20:37:07.074+00:00,230.600000,95690.500000,1.219165,4095,2,02,80,FFFFFFFF,32,2.98394077,3.09488307,2.20737757,1.37640232,1.10706016,0.49178112,2.20751020,1.19834660,1.05379007,1.49545883,2.20765020,0.89368804,1.01306338,0.96273148,2.20759704,0.64044320,1.99834960,0.98378095,2.20763230,1.01090386,0.76858962,0.81256300,2.20551795,1.17829278,1.82184351,1.37564172,2.20706814,1.15356781,1.07525674,0.80843310,2.20509680,0.71230981,SD 02 80 FFFFFFFF 9312B5 9559E1 7FEC8C 623FA4 557078 2E98EF 7FED88 5A01EB 52A7D0 675131 7FEE92 49B6B1 507713 4DAE33 7FEE2D 3984C2 799000 4EDB11 7FEE70 5058F2 420EC9 44D234 7FDEBD 59066A 73AD56 623713 7FEA40 57CC33 53C9C7 4490A4 7FDB9C 3E6654 7CD7B0 000FFF 02 0E99E9,2026-07-22T20:37:06.896+00:00,serial_request_midpoint,356.7837,True,matched,37.87895,37.87895,2026-07-22T20:37:06.934+00:00,144.075285,1784752626854.42,4323,False,,,,,,,,,,,,,,False,,,,,,,,,,,,,,True,0.4790315503877006,-1.329820748815672,-6.398005938603656,49.06042914106068,0.08545324173685778,-0.7246319245907175,-2.66888904703079,24.105548868080895,14.99417620888453,-26.595786229321085,0.43840565293428263,-0.1652498803123304,0.24389422827341217,False,,,,,,,,,,,,,,False,,,,,,,,,,,,,,False,,,,,,,,,,,,,,True,0.09058906393218172,13.953765871667656,13.67383474525325,78.67076252564637,0.2889045969197371,-0.07178365012909795,-2.9399227037511833,-5.684341886080802e-15,0.0,0.0,0.0,0.0,0.0,True,2,0.47903155038766404,-2.298547524162619,-4.040995317517551,53.42469230669383,2.604027251632334,0.5067629066124206,0.10967693328858624,23.77086670173032,12.794882630397094,-22.05796525276859,-0.35266848198910894,2.9167319412569284,0.6051910997340955,True,8.248999985483755,-28.72851727157386,76.76664629585011,13.883830970435847,40.46428930556848,-2.0024978330289853
2026-07-22T20:37:07.631+00:00,231.700000,95691.600000,1.219165,4095,2,02,80,FFFFFFFF,32,2.96210726,3.07561862,2.20676559,1.36780802,1.10617044,0.49178526,2.20759388,1.19762081,1.05136019,1.49533515,2.20765230,0.89272213,1.01198508,0.96183310,2.20766020,0.64014193,1.99554384,0.98256792,2.20760967,1.00925530,0.76807262,0.81198334,2.20769178,1.17695413,1.82095458,1.37191730,2.20729600,1.15193280,1.07277010,0.80829156,2.20786864,0.71188262,SD 02 80 FFFFFFFF 929CFE 94F65F 7FE801 61DEA2 5564C1 2E9904 7FEE27 59F8DE 5286C0 674FE3 7FEE96 49A82A 506809 4DA145 7FEEA5 397F63 79790A 4EC9D6 7FEE45 5041EB 420658 44C903 7FEEE1 58F585 73A56A 620D13 7FEBF1 57B742 53A862 448E64 7FF031 3E5F15 7CD7B0 000FFF 02 0E99F4,2026-07-22T20:37:07.453+00:00,serial_request_midpoint,356.3603,True,matched,5.58095,5.58095,2026-07-22T20:37:07.457+00:00,144.600828,1784752627387.814,4339,False,,,,,,,,,,,,,,False,,,,,,,,,,,,,,True,0.49642770896819804,-1.238531501029636,-8.426871306294208,49.55065646550712,0.07314094009851171,-0.7226929137116797,-2.6750913726749848,24.37509846132554,16.75705763700354,-26.444378789901215,0.42795768296917136,-0.17293072884241167,0.23570357876510262,False,,,,,,,,,,,,,,False,,,,,,,,,,,,,,False,,,,,,,,,,,,,,True,0.10269743469030602,13.966775897449363,13.69469263332974,78.7685381651759,0.28814044922178983,-0.08381935204762922,-2.9370566106417577,0.0,0.0,0.0,0.0,0.0,0.0,True,2,0.49642770896818106,-2.1572372060826774,-6.067089771396965,53.92422874394386,2.607927178159192,0.4999111350834556,0.09779072995527646,23.987142519744364,14.60143678765034,-21.88987415373331,-0.33951256952212394,2.913865888930199,0.5887547499937098,True,8.38404704704374,-30.853775926581864,77.16369583058986,14.259579364490316,42.54852305378718,-2.1438315368999725
2026-07-22T20:37:08.186+00:00,232.900000,95692.800000,1.217944,4095,2,02,80,FFFFFFFF,32,2.95113167,3.06539920,2.20512098,1.36268577,1.10538554,0.49175494,2.20765230,1.19712074,1.04985052,1.49528035,2.20717075,0.89209990,1.01130318,0.96128238,2.20723916,0.63992767,1.99316059,0.98165415,2.20707656,1.00815692,0.76767106,0.81157921,2.20533812,1.17616568,1.82028727,1.36926725,2.20706393,1.15058566,1.07085119,0.80819722,2.20796392,0.71153106,SD 02 80 FFFFFFFF 926171 94C14A 7FDBCA 61A498 555A6A 2E986A 7FEE96 59F2A1 52722F 674F4F 7FEB03 499ECD 505E85 4D9957 7FEB85 397B91 796583 4EBCD9 7FEA50 503290 41FFC9 44C29A 7FDD67 58EB90 739F77 61EF23 7FEA38 57A5FD 538E94 448CE4 7FF0E6 3E591E 7CB7AF 000FFF 02 0E9A00,2026-07-22T20:37:08.008+00:00,serial_request_midpoint,355.0139,True,matched,74.20135,74.20135,2026-07-22T20:37:08.082+00:00,145.225297,1784752628021.236,4358,False,,,,,,,,,,,,,,False,,,,,,,,,,,,,,True,0.5561586214044622,-0.7861379850324435,-10.210447439077685,49.76571835160719,0.08503791956516217,-0.7143518683048168,-2.6780075929763867,24.289575247551834,18.748182463181237,-25.987593706701876,0.42497880182239156,-0.1705993096555276,0.23811662253703847,False,,,,,,,,,,,,,,False,,,,,,,,,,,,,,False,,,,,,,,,,,,,,True,0.11988990747637325,13.930753187857016,13.664231464481507,78.57970210084088,0.2984021377119171,-0.07819872436027257,-2.938928970165419,0.0,1.4210854715202005e-15,0.0,0.0,0.0,0.0,True,2,0.5561586214044034,-1.738459530603008,-7.885474887171489,54.150728047398516,2.6139550450497575,0.499431456819487,0.10949371546082888,23.913425232384355,16.60709444148787,-21.425250342277206,-0.34334882568434494,2.9165426535931878,0.5847138532945364,True,8.66594949112197,-32.839419096828394,77.27258472073093,14.14375733380471,44.5967610118587,-1.7604729684273708
2026-07-22T20:37:08.742+00:00,233.500000,95693.400000,1.216724,4095,2,02,80,FFFFFFFF,32,2.94447478,3.05888469,2.20767546,1.35917716,1.10477259,0.49177600,2.20768704,1.19659296,1.04885544,1.49521444,2.20777863,0.89159959,1.01084454,0.96088452,2.20764652,0.63979033,1.99144408,0.98092489,2.20766494,1.00729405,0.76735520,0.81131674,2.20745862,1.17562273,1.81988514,1.36714804,2.20769389,1.14943926,1.06924367,0.80809477,2.20749020,0.71127556,SD 02 80 FFFFFFFF 923D33 949F58 7FEEC2 617CBE 555256 2E98D5 7FEED8 59EC0B 52649E 674E9D 7FEF86 499745 50581E 4D939C 7FEE8B 39791E 79576F 4EB27A 7FEEAE 50267E 41FAA0 44BE70 7FED26 58E4B4 739BE1 61D72A 7FEEE5 579748 5378F0 448B43 7FED62 3E54C8 7C97AF 000FFF 02 0E9A06,2026-07-22T20:37:08.564+00:00,serial_request_midpoint,356.377,True,matched,36.2211,36.2211,2026-07-22T20:37:08.600+00:00,145.743172,1784752628521.255,4373,False,,,,,,,,,,,,,,False,,,,,,,,,,,,,,True,0.5431196729106176,-0.42917146617804497,-10.121102106316375,49.764230033764356,0.08110617913678196,-0.7161554777348735,-2.6705163271310988,23.87091341345822,18.64797302354886,-26.29624116014967,0.4237136614363834,-0.16882581497546187,0.2446533132972585,False,,,,,,,,,,,,,,False,,,,,,,,,,,,,,False,,,,,,,,,,,,,,True,0.059243916545960396,13.955692761956794,13.685368058338492,78.66729844647962,0.2929158485226327,-0.08344516216667579,-2.9396292618556967,0.0,-1.4210854715202005e-15,0.0,0.0,0.0,0.0,True,2,0.5431196729105994,-1.3788480059261203,-7.787561776945511,54.14526043684806,2.610103886100368,0.508410613789865,0.10560530163205194,23.509522333107423,16.513189130781953,-21.729752617525502,-0.35322252304579044,2.9174204419454193,0.5829650789639822,True,9.263132516131316,-32.6027890490306,77.30824946536214,13.560161296974565,44.475859700932276,-2.116731833105791
2026-07-22T20:37:09.303+00:00,234.600000,95694.500000,1.219165,4095,2,02,80,FFFFFFFF,32,2.94058676,3.05480652,2.20747599,1.35675452,1.10425289,0.49175868,2.20550165,1.19614294,1.04810574,1.49519926,2.20706446,0.89122031,1.01045093,0.96056186,2.20782390,0.63966330,1.99006721,0.98036368,2.20744388,1.00670092,0.76709390,0.81110183,2.20506631,1.17526880,1.81947565,1.36570639,2.20700447,1.14853366,1.06801529,0.80800510,2.20747283,0.71106613,SD 02 80 FFFFFFFF 9227FD 948A0D 7FED47 61612E 554B7C 2E987D 7FDE9E 59E66D 525A64 674E74 7FEA39 49918F 50529F 4D8EF6 7FEFDC 3976DA 794C22 4EAA7E 7FED0A 501E31 41F65B 44BB07 7FDB62 58E03B 73983A 61C6D7 7FE9C7 578BA8 536863 4489D6 7FED41 3E513A 7CD7B0 000FFF 02 0E9A11,2026-07-22T20:37:09.123+00:00,serial_request_midpoint,359.0021,True,matched,16.80775,16.80775,2026-07-22T20:37:09.139+00:00,146.281632,1784752629087.937,4390,False,,,,,,,,,,,,,,False,,,,,,,,,,,,,,True,0.5121446660641551,0.4694190486785632,-9.992636604193484,49.9000003128452,0.08437478101597704,-0.711146608110151,-2.652132952289351,22.934145632413458,18.82270211877424,-26.23446975204784,0.42654098649002764,-0.16553745606631093,0.262732531677079,False,,,,,,,,,,,,,,False,,,,,,,,,,,,,,False,,,,,,,,,,,,,,True,0.05508137586946031,13.947119642139876,13.681310953363289,78.64738885279844,0.2913557390742576,-0.07583731624824723,-2.939199047239999,0.0,-1.4210854715202005e-15,1.1368683772161604e-14,0.0,0.0,0.0,True,2,0.5121446660641393,-0.5142223294149448,-7.677497358855426,54.28329854990549,2.606090725189897,0.5341085187744541,0.10879003026161156,22.61027667822592,16.676218922910124,-21.670650922229505,-0.38038296694282436,2.916301737534483,0.5871342551629547,True,10.651209039816203,-32.28571259114084,77.42071846122346,12.140290198608668,44.427828753595264,-2.0288880264454177
2026-07-22T20:37:09.856+00:00,235.200000,95695.100000,1.221607,4095,2,02,80,FFFFFFFF,32,2.93817527,3.05250202,2.20524296,1.35505419,1.10386455,0.49175789,2.20711024,1.19574059,1.04762884,1.49514001,2.20758230,0.89094253,1.01018466,0.96035555,2.20737125,0.63957109,1.98918104,0.97990887,2.20769283,1.00624973,0.76693590,0.81096004,2.20796919,1.17502835,1.81924182,1.36463462,2.20525926,1.14774652,1.06698796,0.80794418,2.20507997,0.71090758,SD 02 80 FFFFFFFF 921AD1 947E01 7FDCB2 614DD0 55465D 2E9879 7FEA90 59E167 5253E2 674DD4 7FEE11 498D60 504EE7 4D8BFD 7FEC80 397535 7944DB 4EA405 7FEEE3 5017E0 41F3C6 44B8C7 7FF0F0 58DD31 739624 61BAB2 7FDCD1 57818C 535A89 4488DE 7FDB7C 3E4E89 7D17B0 000FFF 02 0E9A17,2026-07-22T20:37:09.679+00:00,serial_request_midpoint,354.0191,True,matched,66.88525,66.88525,2026-07-22T20:37:09.746+00:00,146.888687,1784752629687.926,4408,False,,,,,,,,,,,,,,False,,,,,,,,,,,,,,True,0.4604234704827865,-0.16794818303811632,-7.725232908508079,50.20776088617189,0.06534272144312014,-0.6969979717506344,-2.6607604059825816,23.091618927803943,16.430677302213365,-25.867736421915716,0.4120023849407417,-0.17736646971888814,0.25692194177359945,False,,,,,,,,,,,,,,False,,,,,,,,,,,,,,False,,,,,,,,,,,,,,True,0.09216571726790414,13.980664968242152,13.704603432793832,78.7193141442903,0.2902018063304053,-0.08021752301227483,-2.9389728844524132,0.0,0.0,0.0,0.0,0.0,0.0,True,2,0.4604234704827739,-1.0716379572923669,-5.440389815420177,54.624044430545915,2.6188693822590734,0.529458518257547,0.090433395444165,22.69381840374924,14.343785989705589,-21.28217616113259,-0.37009800192457526,2.9101243452133807,0.5639722018704831,True,10.223091891446785,-30.333146240289302,77.39136904166978,12.258171441171962,42.432362754460314,-2.1066594135953665
2026-07-22T20:37:10.413+00:00,236.300000,95696.200000,1.217334,4095,2,02,80,FFFFFFFF,32,2.93661387,3.05085036,2.20440504,1.35380210,1.10353730,0.49175750,2.20719706,1.19551193,1.04726453,1.49509262,2.20765494,0.89074985,1.00994640,0.96017962,2.20773442,0.63951043,1.98834087,0.97953870,2.20706814,1.00590605,0.76678844,0.81086356,2.20781811,1.17495202,1.81914024,1.36388590,2.20516252,1.14709045,1.06622092,0.80789775,2.20491280,0.71076906,SD 02 80 FFFFFFFF 921248 94755D 7FD678 613F8A 55420C 2E9877 7FEB35 59DE8C 524EE9 674D54 7FEE9B 498A79 504B93 4D8974 7FEF32 397420 793DF4 4E9EC0 7FEA40 501310 41F15D 44B73F 7FEFD1 58DC3A 73953C 61B235 7FDC19 57791E 535030 448821 7FDA3E 3E4C2F 7CA7B0 000FFF 02 0E9A22,2026-07-22T20:37:10.235+00:00,serial_request_midpoint,356.4623,True,matched,40.99755,40.99755,2026-07-22T20:37:10.275+00:00,147.418216,1784752630221.271,4424,False,,,,,,,,,,,,,,False,,,,,,,,,,,,,,True,0.43523966312984763,0.009829932465277238,-4.905951239859241,50.20103760527777,0.10201820579504955,-0.694631368786661,-2.6459875562473494,22.470024620206026,13.793343723771262,-25.62132289964031,0.4161799675260965,-0.1545813708631387,0.27112209354635164,False,,,,,,,,,,,,,,False,,,,,,,,,,,,,,False,,,,,,,,,,,,,,True,0.12891579832343955,13.976814013548813,13.701841950348655,78.66652395123032,0.29578203309094536,-0.07467977722782712,-2.9385451942265597,0.0,-1.4210854715202005e-15,1.1368683772161604e-14,0.0,0.0,0.0,True,2,0.43523966312985424,-1.035603784828433,-2.6573818855940496,54.60464149775292,2.613563684669482,0.5485798571522599,0.12639999129644794,22.20010793646986,11.700173566690644,-21.029318248361584,-0.39427549551467633,2.9281219332373047,0.5734925208027831,True,10.259081809888007,-27.40987845302717,77.52439947483168,11.617788781598026,39.59299893634646,-1.6495316413200727
2026-07-22T20:37:10.970+00:00,236.900000,95696.800000,1.218555,4095,2,02,80,FFFFFFFF,32,2.93587673,3.05002417,2.20665563,1.35304319,1.10325867,0.49177325,2.20503056,1.19528017,1.04709056,1.49511743,2.20752599,0.89060724,1.00982337,0.96010265,2.20553162,0.63945109,1.98777999,0.97930851,2.20686030,1.00569799,0.76665771,0.81078874,2.20775179,1.17488218,1.81898044,1.36341436,2.20523560,1.14660875,1.06566866,0.80782112,2.20715128,0.71068117,SD 02 80 FFFFFFFF 920E40 94710A 7FE730 6136E2 553E5F 2E98C7 7FDB1E 59DBA7 524C89 674D97 7FEDA6 498853 5049DB 4D8858 7FDED7 397311 793958 4E9B79 7FE8B5 501026 41EF3A 44B60F 7FEF53 58DB58 7393CF 61ACDC 7FDCA4 5772ED 5348BC 4486E9 7FEADE 3E4AB1 7CC7B0 000FFF 02 0E9A28,2026-07-22T20:37:10.792+00:00,serial_request_midpoint,357.2139,True,matched,97.08065,97.08065,2026-07-22T20:37:10.889+00:00,148.031395,1784752630821.305,4442,False,,,,,,,,,,,,,,False,,,,,,,,,,,,,,True,0.4675428347976468,-0.14569108325741909,-2.4175609860072913,49.89771201030023,0.11277746825764202,-0.6991716188915275,-2.6480537574974083,22.168167552084192,11.127870437298508,-25.848480729595035,0.41385257530899106,-0.14556218888981282,0.2672114244248251,False,,,,,,,,,,,,,,False,,,,,,,,,,,,,,False,,,,,,,,,,,,,,True,0.0532264362239945,13.968512338490175,13.699784769385445,78.61045372344005,0.2951658648820536,-0.08417136120997164,-2.938297356076895,0.0,0.0,0.0,0.0,0.0,0.0,True,2,0.46754283479764264,-1.2259163345956092,-0.16282515465628838,54.289750576920405,2.6111500162751966,0.5435750508360289,0.13686084715314942,21.93586273644207,9.050683411079884,-21.247170963427994,-0.38975076693672434,2.9382837532537915,0.5716976196953928,True,9.8336180408381,-24.907541182272272,77.33225571076801,11.59398259597685,37.03185548759207,-1.8649409803477623
2026-07-22T20:37:11.528+00:00,238.100000,95698.000000,1.217945,4095,2,02,80,FFFFFFFF,32,2.93557679,3.04959588,2.20493488,1.35259607,1.10310590,0.49176773,2.20694238,1.19510066,1.04698871,1.49508152,2.20735704,0.89048253,1.00971376,0.96006253,2.20746914,0.63944211,1.98739554,0.97913130,2.20782758,1.00549413,0.76659033,0.81074641,2.20765757,1.17487723,1.81901678,1.36300527,2.20723548,1.14614450,1.06516577,0.80779017,2.20543067,0.71060824,SD 02 80 FFFFFFFF 920C9C 946ECC 7FDA68 6131C8 553C5B 2E98AB 7FE951 59D969 524B25 674D36 7FEC65 498672 504853 4D87C4 7FED3A 3972E8 79362F 4E98F3 7FEFE3 500D4B 41EE20 44B563 7FEEA0 58DB48 739422 61A838 7FEB7E 576CF5 5341F2 44866B 7FDE17 3E4974 7CB7B1 000FFF 02 0E9A34,2026-07-22T20:37:11.350+00:00,serial_request_midpoint,357.6313,True,matched,75.83165,75.83165,2026-07-22T20:37:11.426+00:00,148.568203,1784752631354.652,4458,False,,,,,,,,,,,,,,False,,,,,,,,,,,,,,True,0.3817030061320972,-1.2922305748219398,0.5591130675948198,49.790894251586515,0.09187103663743128,-0.7029213524509762,-2.6590722341647726,22.641054851471512,8.078914220307677,-25.687942243816746,0.41821500867059147,-0.15845326435395476,0.25649476089385403,False,,,,,,,,,,,,,,False,,,,,,,,,,,,,,False,,,,,,,,,,,,,,True,0.06226495388044112,13.969576595520204,13.695231014365095,78.64009257098404,0.28991176172770905,-0.07998215639265277,-2.9392308817933452,0.0,1.4210854715202005e-15,0.0,0.0,0.0,0.0,True,2,0.3817030061321273,-2.2891841199213543,2.842617598962264,54.187758329807025,2.6137575495386542,0.5285045015600855,0.11630079109199845,22.33843713267217,5.974361215428663,-21.103184648901696,-0.37208343166073443,2.9267491291733685,0.5762864834357097,True,8.679512074579538,-21.987864660778946,77.18136981807844,12.159728840709747,33.953966685794306,-1.6325172242352095
2026-07-22T20:37:12.085+00:00,238.600000,95698.500000,1.217945,4095,2,02,80,FFFFFFFF,32,2.93533544,3.04948396,2.20472093,1.35225037,1.10292296,0.49176163,2.20696027,1.19496901,1.04691003,1.49506004,2.20761915,0.89039464,1.00968804,0.96001890,2.20748809,0.63940379,1.98705820,0.97895932,2.20537388,1.00536363,0.76655592,0.81073361,2.20733863,1.17489052,1.81885304,1.36282623,2.20745546,1.14579579,1.06480737,0.80779975,2.20742967,0.71057143,SD 02 80 FFFFFFFF 920B4A 946E36 7FD8D1 612DD6 5539F1 2E988C 7FE973 59D7C4 524A12 674CFC 7FEE57 49851F 5047F7 4D8723 7FED5E 397239 793369 4E9680 7FDDAB 500B77 41ED90 44B52F 7FEC42 58DB73 7392AC 61A630 7FED20 576879 533D1B 448692 7FECEF 3E48D4 7CB7B1 000FFF 02 0E9A39,2026-07-22T20:37:11.908+00:00,serial_request_midpoint,356.0838,True,matched,50.5084,50.5084,2026-07-22T20:37:11.959+00:00,149.100711,1784752631887.991,4474,False,,,,,,,,,,,,,,False,,,,,,,,,,,,,,True,0.37861648200352327,-1.368498538459368,2.6015592860676127,49.46597383279256,0.08416342490921357,-0.7068317358042299,-2.664234829952752,22.40062672142836,6.07204003438858,-25.92346644295579,0.42103838203264027,-0.16501692121114742,0.25168609999618285,False,,,,,,,,,,,,,,False,,,,,,,,,,,,,,False,,,,,,,,,,,,,,True,0.08894910091621934,13.96707775073246,13.6984048854397,78.66124704153505,0.29066004772516363,-0.07866635915347915,-2.9395968444946883,0.0,1.4210854715202005e-15,-1.1368683772161604e-14,0.0,0.0,0.0,True,2,0.37861648200348785,-2.334024928088153,4.903389599467036,53.86029505773699,2.613502051871313,0.5203982069323309,0.10871433021344248,22.063271455199533,3.9511405853380595,-21.348676832480123,-0.36409951902309096,2.9205374788955916,0.579472384494282,True,8.542708242235369,-19.942968024139937,76.88042761846653,11.946555470972083,31.91102775917413,-1.8174689422091774
2026-07-22T20:37:12.643+00:00,239.700000,95699.600000,1.218555,4095,2,02,80,FFFFFFFF,32,2.93581103,3.04980404,2.20733547,1.35228152,1.10284067,0.49174450,2.20521667,1.19484551,1.04708913,1.49510595,2.20709971,0.89039101,1.00966567,0.96004898,2.20780864,0.63939678,1.98686722,0.97892586,2.20778969,1.00543222,0.76656810,0.81082098,2.20762388,1.17522954,1.81899270,1.36323219,2.20754335,1.14579002,1.06491150,0.80778403,2.20786654,0.71063838,SD 02 80 FFFFFFFF 920DE4 946FE3 7FEC3C 612E31 5538DB 2E9835 7FDC80 59D639 524C84 674D78 7FEA7C 498511 5047A7 4D8792 7FEFBF 397219 7931D7 4E9606 7FEF9B 500C6D 41EDC3 44B692 7FEE60 58DFBC 7393EB 61AACB 7FEDC7 576866 533E83 448652 7FF02D 3E49F7 7CC7B1 000FFF 02 0E9A44,2026-07-22T20:37:12.464+00:00,serial_request_midpoint,355.9074,True,matched,25.4314,25.4314,2026-07-22T20:37:12.490+00:00,149.631814,1784752632421.361,4490,False,,,,,,,,,,,,,,False,,,,,,,,,,,,,,True,0.29119325052092776,-1.7221022919989735,5.003657903852569,48.96373083823141,0.09822625474056024,-0.730594312372425,-2.6545049435741737,22.42033877520195,3.3870194582247897,-26.23094913604795,0.43273082815795716,-0.15726258759923145,0.25524120042788334,False,,,,,,,,,,,,,,False,,,,,,,,,,,,,,False,,,,,,,,,,,,,,True,0.12381623159635684,13.962438538694792,13.682173213056867,78.64343324815053,0.2937666507715308,-0.08811961657448719,-2.9375057471225814,0.0,0.0,0.0,0.0,0.0,0.0,True,2,0.291193250520904,-2.754629275860947,7.369622820867489,53.30847721507361,2.5943675682509686,0.5222347224528815,0.12193397919588879,22.132608678610303,1.217394123965684,-21.675659865267413,-0.370482772012608,2.9239563561421282,0.5979148965094573,True,7.973114580237601,-17.04448854453138,76.85498423263334,12.002893329729668,28.913090807130253,-1.7782085984104583
2026-07-22T20:37:13.199+00:00,240.900000,95700.800000,1.217334,4095,2,02,80,FFFFFFFF,32,2.94016251,3.05366971,2.20759072,1.35390281,1.10290490,0.49175651,2.20823241,1.19497464,1.04776394,1.49503450,2.20796182,0.89062565,1.00990921,0.96029266,2.20748178,0.63947605,1.98748203,0.97917601,2.20770283,1.00593032,0.76672797,0.81100779,2.20795761,1.17603055,1.81926197,1.36456121,2.20769231,1.14626419,1.06559776,0.80783217,2.20543540,0.71087260,SD 02 80 FFFFFFFF 9225AC 94841C 7FEE21 6140B0 5539B4 2E9872 7FF2E4 59D7D6 5255BA 674CB7 7FF0E2 49889A 504B0E 4D8B15 7FED52 397383 7936E5 4E9996 7FEEF6 501367 41F060 44B989 7FF0DA 58E9DB 739652 61B9DD 7FEEE2 576E7F 5347C7 448716 7FDE20 3E4DF1 7CA7B1 000FFF 02 0E9A50,2026-07-22T20:37:13.022+00:00,serial_request_midpoint,355.294,True,matched,16.3668,16.3668,2026-07-22T20:37:13.037+00:00,150.180248,1784752632988.069,4507,False,,,,,,,,,,,,,,False,,,,,,,,,,,,,,True,0.2585012271450584,-2.6521848409511386,8.425379013774966,48.597076093591504,0.09975570021584004,-0.72430364810502,-2.6628448286336615,22.68347821507505,0.10588875055250639,-26.405990335458444,0.4365699208463846,-0.15397160017138597,0.2490806837769557,False,,,,,,,,,,,,,,False,,,,,,,,,,,,,,False,,,,,,,,,,,,,,True,0.07689812565005281,13.975539561728263,13.69144199140239,78.72372681785563,0.2886541686600672,-0.07611833084814688,-2.9399185544103608,0.0,1.4210854715202005e-15,0.0,0.0,0.0,0.0,True,2,0.25850122714506657,-3.6766966993008596,10.770672251676544,52.95490790703258,2.601495383542172,0.5142356319990833,0.12356444501044803,22.407519408300978,-2.079191845611158,-21.85736498716716,-0.3618230807355627,2.927180762408256,0.6043442331812198,True,6.868949216869955,-13.852952198573416,76.36511478087183,12.512141043981732,25.591743746129698,-1.8081224768666744
2026-07-22T20:37:13.756+00:00,241.500000,95701.400000,1.219776,4095,2,02,80,FFFFFFFF,32,2.94834141,3.06091603,2.20683767,1.35738596,1.10328176,0.49176360,2.20514727,1.19533396,1.04907658,1.49504449,2.20450753,0.89112434,1.01049541,0.96078419,2.20702604,0.63961599,1.98889571,0.97984602,2.20452329,1.00700932,0.76707573,0.81149401,2.20415225,1.17744985,1.81990617,1.36738411,2.20463262,1.14748200,1.06727848,0.80795180,2.20706446,0.71127165,SD 02 80 FFFFFFFF 925243 94A9F0 7FE88A 61685E 553EAD 2E9896 7FDBFC 59DC53 5267A2 674CD2 7FD73B 49901D 50533E 4D922A 7FE9F0 397602 794283 4EA320 7FD759 502282 41F60F 44C140 7FD497 58FBC7 739C11 61D9D6 7FD829 577E26 535E74 4488FD 7FEA39 3E54B7 7CE7B1 000FFF 02 0E9A56,2026-07-22T20:37:13.578+00:00,serial_request_midpoint,354.9214,True,matched,82.2462,82.2462,2026-07-22T20:37:13.659+00:00,150.802002,1784752633588.106,4525,False,,,,,,,,,,,,,,False,,,,,,,,,,,,,,True,0.15880497061087984,-4.083928950902118,10.847785228402486,48.5089679390676,0.0030045238983760322,-0.7257542982476305,-2.686868384634059,23.68111001785122,-2.5799814557544836,-25.928596691657315,0.4291326437122655,-0.22799554339115002,0.22874466370968755,False,,,,,,,,,,,,,,False,,,,,,,,,,,,,,False,,,,,,,,,,,,,,True,0.053427264425902586,13.959886677574824,13.67390326399853,78.61174483427519,0.2944022259517072,-0.0765841331280669,-2.938316084417828,5.684341886080802e-15,0.0,0.0,0.0,0.0,0.0,True,2,0.15880497061082594,-4.7517791976777755,13.264832760629554,52.89674419085293,2.6116389886981164,0.48369542143272026,0.02998380638669221,23.022301530024457,-4.766007810998796,-21.41994020535907,-0.3225662284036287,2.8614573475661476,0.5812512760869134,True,6.225761294144068,-11.574102583840276,75.87700116147464,12.782789948772209,23.185952163274198,-1.9414481973470061
2026-07-22T20:37:14.313+00:00,242.600000,95702.500000,1.218555,4095,2,02,80,FFFFFFFF,32,2.95774240,3.06993361,2.20481344,1.36211096,1.10394837,0.49174470,2.20511099,1.19586980,1.05043100,1.49514668,2.20478348,0.89178303,1.01114954,0.96136701,2.20487495,0.63980895,1.99062299,0.98057727,2.20469359,1.00796057,0.76736787,0.81181882,2.20480030,1.17794881,1.82023470,1.36917085,2.20641890,1.14850902,1.06875505,0.80802574,2.20708971,0.71150367,SD 02 80 FFFFFFFF 928557 94D8DE 7FD981 619E12 554778 2E9836 7FDBB7 59E304 527A18 674DE6 7FD948 499A08 505C60 4D9A8F 7FD9F6 397973 7950B2 4EAD88 7FD89D 502FD1 41FAD5 44C667 7FD968 590213 739EFF 61EE0C 7FE56E 578B57 53725B 448A2A 7FEA69 3E58A7 7CC7B1 000FFF 02 0E9A61,2026-07-22T20:37:14.135+00:00,serial_request_midpoint,357.4846,True,matched,55.7254,55.7254,2026-07-22T20:37:14.189+00:00,151.331857,1784752634121.449,4541,False,,,,,,,,,,,,,,False,,,,,,,,,,,,,,True,0.08600299766748216,-4.250676049934304,12.966567577120049,48.62339399678548,0.023451538308023923,-0.7050531215900044,-2.6850229545549493,23.370853082139877,-4.668008773938881,-25.851926165168145,0.41594856164499994,-0.2091283386320523,0.2331947783975979,False,,,,,,,,,,,,,,False,,,,,,,,,,,,,,False,,,,,,,,,,,,,,True,0.06753452708197288,13.972281016832037,13.691840906887354,78.68511351662934,0.2901554930963705,-0.07717569150749329,-2.9390886405636496,0.0,0.0,0.0,0.0,0.0,0.0,True,2,0.08600299766747034,-4.9840797190608,15.305475006418115,53.04293633059433,2.6237648023326634,0.4949794628267115,0.0497917813663555,22.79788974582033,-6.7864671933885745,-21.29950150512832,-0.3312302161755336,2.8826573801575397,0.5651868489627193,True,6.0221754642679635,-9.794061681812007,75.72435867593651,12.686211653730263,21.405570077118576,-2.102253904692714
2026-07-22T20:37:14.868+00:00,243.200000,95703.100000,1.220386,4095,2,02,80,FFFFFFFF,32,2.95984570,3.07256572,2.20737231,1.36390622,1.10437761,0.49173879,2.20778337,1.19620740,1.05084218,1.49515853,2.20763809,0.89204825,1.01147167,0.96159651,2.20729179,0.63989766,1.99156167,0.98103638,2.20756441,1.00840134,0.76754624,0.81191585,2.20769494,1.17806335,1.82038014,1.36989034,2.20750283,1.14915164,1.06965120,0.80810042,2.20770178,0.71160358,SD 02 80 FFFFFFFF 9290BE 94E689 7FEC82 61B270 554D21 2E9818 7FEF8F 59E73B 527FB2 674E06 7FEE7B 499E06 5060DF 4D9DDD 7FEBE9 397B08 795866 4EB410 7FEDEF 5035FB 41FDBF 44C7F1 7FEEE7 590385 73A04B 61F62E 7FED7A 579397 537E6D 448B5A 7FEEF4 3E5A59 7CF7B1 000FFF 02 0E9A67,2026-07-22T20:37:14.691+00:00,serial_request_midpoint,355.5481,True,matched,35.02875,35.02875,2026-07-22T20:37:14.725+00:00,151.868076,1784752634654.743,4557,False,,,,,,,,,,,,,,False,,,,,,,,,,,,,,True,0.05172308281980418,-4.725628942588992,14.76741305152716,49.196799760756065,0.00379556462919696,-0.6671600757398797,-2.6952781128244925,23.36250779896511,-6.547330453511873,-25.050993884842967,0.38456484644370453,-0.22100518283916998,0.2301370300985443,False,,,,,,,,,,,,,,False,,,,,,,,,,,,,,False,,,,,,,,,,,,,,True,0.1144750126659446,13.961545976492593,13.680205023503095,78.6218583603592,0.29104425734804107,-0.08103958444935268,-2.939375464888594,0.0,-1.4210854715202005e-15,0.0,0.0,0.0,0.0,True,2,0.05172308281986139,-5.367147011518732,16.999196046222558,53.68548805951506,2.65179989602062,0.49707565546771887,0.030839563249622597,22.707316944266182,-8.527153056803533,-20.447544002960342,-0.32506262813430886,2.87993717171099,0.5178402840698287,True,5.915182371692803,-8.708391334960908,75.53498026092988,12.590188783817434,20.299721715087585,-2.220467347530621
2026-07-22T20:37:15.427+00:00,244.400000,95704.300000,1.220386,4095,2,02,80,FFFFFFFF,32,2.95942980,3.07260185,2.20690081,1.36436445,1.10462294,0.49178998,2.20777284,1.19640455,1.05083100,1.49517445,2.20752125,0.89213234,1.01148062,0.96160140,2.20536967,0.63992439,1.99180117,0.98118497,2.20475877,1.00838402,0.76756465,0.81183852,2.20475930,1.17744892,1.82032144,1.36937817,2.20707603,1.14914982,1.06959376,0.80811811,2.20479399,0.71148065,SD 02 80 FFFFFFFF 928E7D 94E6B9 7FE902 61B7A2 55505D 2E991C 7FEF7B 59E9B1 527F8B 674E31 7FED9D 499F4A 5060FF 4D9DEF 7FDDA3 397B82 795A5D 4EB62D 7FD919 5035BD 41FE0C 44C6B7 7FD91A 58FBC4 739FC5 61F064 7FEA4F 579391 537DA7 448BA2 7FD95C 3E5843 7CF7B1 000FFF 02 0E9A73,2026-07-22T20:37:15.248+00:00,serial_request_midpoint,358.6856,True,matched,12.6748,12.6748,2026-07-22T20:37:15.260+00:00,152.403416,1784752635188.035,4573,False,,,,,,,,,,,,,,False,,,,,,,,,,,,,,True,0.5288364607152005,-6.533917263596527,18.07712929760016,52.27603606218188,-0.19197863811887697,-0.5738372839010529,-2.7178915497411054,23.902379797029518,-9.812939632093876,-21.619725095828084,0.3088158904345664,-0.3551429288927962,0.218203639547212,False,,,,,,,,,,,,,,False,,,,,,,,,,,,,,False,,,,,,,,,,,,,,True,0.06479363511309252,13.966235327729333,13.682385219321011,78.64761215506127,0.29036277999739885,-0.07565356516134618,-2.9394239586319864,5.684341886080802e-15,0.0,0.0,0.0,0.0,0.0,True,2,0.5288364607142252,-6.4344150602988766,20.13020189302372,56.892930065368944,2.7170934262762616,0.49107872276517134,-0.16347396670503564,22.543867295389212,-11.492236848183687,-17.050794952991033,-0.29194125790572684,2.7673138783719913,0.3927926564770129,True,6.651743430039737,-6.945347227556309,75.89920299082556,11.48257879545109,18.737161106995664,-1.9047489105189697
2026-07-22T20:37:15.982+00:00,244.900000,95704.800000,1.221607,4095,2,02,80,FFFFFFFF,32,2.95145426,3.06509673,2.20682399,1.36146065,1.10456576,0.49179569,2.20774389,1.19620991,1.04973244,1.49520851,2.20777126,0.89173866,1.01106923,0.96118745,2.20772863,0.63983852,1.99088428,0.98080818,2.20745493,1.00762993,0.76736691,0.81150804,2.20787917,1.17652445,1.81989215,1.36750216,2.20762388,1.14847738,1.06868720,0.80805669,2.20520195,0.71124242,SD 02 80 FFFFFFFF 926332 94BFB7 7FE870 6196B0 554F9C 2E9939 7FEF44 59E743 527093 674E8D 7FEF78 49995D 505B41 4D97F9 7FEF27 3979FA 7952D7 4EB0D1 7FED1F 502B31 41FAD1 44C179 7FF045 58F018 739BF1 61DB2C 7FEE60 578AEF 537171 448AA8 7FDC64 3E5438 7D17B1 000FFF 02 0E9A78,2026-07-22T20:37:15.806+00:00,serial_request_midpoint,353.1621,True,matched,83.23065,83.23065,2026-07-22T20:37:15.888+00:00,153.031386,1784752635821.317,4592,False,,,,,,,,,,,,,,False,,,,,,,,,,,,,,True,0.1354773844601986,-5.08202042761094,22.753083306051046,56.135611027130246,0.2294095056471724,-0.23652824719505955,-2.723466396137009,20.868531809271666,-14.01569175554854,-17.950765843349313,0.08899941515851088,-0.03306231002218059,0.2210250258430008,False,,,,,,,,,,,,,,False,,,,,,,,,,,,,,False,,,,,,,,,,,,,,True,0.03886684035597408,13.972338764730953,13.694400164530146,78.69745681010271,0.2905819679472255,-0.08425659236945739,-2.9374985059098493,0.0,0.0,0.0,0.0,0.0,0.0,True,2,0.13547738446014876,-6.247664050195633,23.36849405486021,61.01447021827734,2.935889475475006,0.5887625707205295,0.2742974718403174,20.95241220367286,-14.465575947882716,-12.917745801209048,-0.331009938588655,3.1105957846822223,0.08891372096307693,True,5.209539672269215,-7.491706124690549,74.50342282669513,13.29876088880125,18.87802315571774,-3.1608336308097025
2026-07-22T20:37:16.541+00:00,246.100000,95706.000000,1.216724,4095,2,02,80,FFFFFFFF,32,2.94445615,3.05863986,2.20447914,1.35821437,1.10420312,0.49181991,2.20452277,1.19585729,1.04869333,1.49516075,2.20700236,0.89132148,1.01061849,0.96075843,2.20827769,0.63971017,1.98974609,0.98027144,2.20828717,1.00689433,0.76713310,0.81124633,2.20797708,1.17579896,1.81959346,1.36587985,2.20755651,1.14771916,1.06761599,0.80799257,2.20804868,0.71103207,SD 02 80 FFFFFFFF 923D19 949E11 7FD705 6171CB 554AD4 2E99B4 7FD758 59E2DC 526268 674E0C 7FE9C3 499315 5054F6 4D91CB 7FF33A 3977B0 79497F 4EA92E 7FF34C 5020E6 41F6FF 44BD52 7FF0FF 58E6EE 739947 61C8CE 7FEDE0 578132 536301 4489A3 7FF187 3E50A6 7C97B1 000FFF 02 0E9A84,2026-07-22T20:37:16.362+00:00,serial_request_midpoint,359.0041,True,matched,51.88635,51.88635,2026-07-22T20:37:16.413+00:00,153.556319,1784752636354.668,4608,False,,,,,,,,,,,,,,False,,,,,,,,,,,,,,True,0.22692578408847078,-3.706179232033984,24.706484147923337,57.16549210011026,0.32327186865219054,-0.13474819244828642,-2.778413065644662,19.01424665034444,-15.50215628914693,-17.252011265516785,0.030126595136971114,0.03500004174398116,0.15738649677203184,False,,,,,,,,,,,,,,False,,,,,,,,,,,,,,False,,,,,,,,,,,,,,True,0.05194605797182245,13.982660306246297,13.700460981689764,78.74007733023909,0.2892447224061296,-0.07886441237613469,-2.9396202531209124,0.0,0.0,1.1368683772161604e-14,0.0,0.0,0.0,True,2,0.22692578408845038,-5.102112017487288,24.94024633081674,62.0170331064331,3.0136569514878504,0.5157533744946479,0.3794193700323648,19.402354383439153,-15.638541067702263,-12.21499877641404,0.22922840182359192,-3.076545542244103,0.00238036061601028,True,4.297873640976328,-7.502691086529768,73.1824885869303,14.403619343932874,18.672642604530573,-4.257195200849753
2026-07-22T20:37:17.097+00:00,247.300000,95707.200000,1.219165,4095,2,02,80,FFFFFFFF,32,2.93968683,3.05424814,2.20471147,1.35569223,1.10389387,0.49180514,2.20500164,1.19555478,1.04794943,1.49518037,2.20469149,0.89097054,1.01025626,0.96049354,2.20463525,0.63961292,1.98870029,0.97982901,2.20468518,1.00622407,0.76691320,0.81100681,2.20701920,1.17531238,1.81925715,1.36445232,2.20711655,1.14689684,1.06653070,0.80788056,2.20781653,0.71080058,SD 02 80 FFFFFFFF 922313 948722 7FD8BF 615515 5546C0 2E9969 7FDAE7 59DF15 525842 674E41 7FD899 498DCC 504FE7 4D8DFA 7FD82E 3975F4 7940E8 4EA2E2 7FD88D 501784 41F367 44B985 7FE9E3 58E0C8 739647 61B8A1 7FEA9C 5776A1 53545E 4487DB 7FEFCE 3E4CB8 7CD7B1 000FFF 02 0E9A90,2026-07-22T20:37:16.920+00:00,serial_request_midpoint,356.1578,True,matched,17.4036,17.4036,2026-07-22T20:37:16.937+00:00,154.0796,1784752636854.703,4623,False,,,,,,,,,,,,,,False,,,,,,,,,,,,,,True,0.17261876954243516,-4.074067661045254,24.617208235600046,57.146087044607484,0.29407536918143634,-0.14434604879407278,-2.7703857120771467,19.342548700075575,-15.527277339320595,-17.055551889574794,0.032812915737670624,0.014330213257046424,0.1684506234058092,False,,,,,,,,,,,,,,False,,,,,,,,,,,,,,False,,,,,,,,,,,,,,True,0.08822241066803894,13.960909634129703,13.67825333907695,78.62168346890522,0.29027510254910766,-0.08087636111327265,-2.9389427289404915,0.0,0.0,0.0,0.0,0.0,0.0,True,2,0.1726187695424511,-5.380723283257154,24.895217823084494,62.0201084757727,3.007737630389987,0.5305349733198,0.34773618645392534,19.628774282833653,-15.682723011019444,-12.01227570080881,0.2474299185350966,-3.096011594178683,-0.0017299511397707288,True,4.508198487783245,-7.335790795062456,73.37539906630047,14.09985964018818,18.536285922933324,-4.008411310119186
2026-07-22T20:37:17.653+00:00,247.800000,95707.700000,1.215503,4095,2,02,80,FFFFFFFF,32,2.93638742,3.05116612,2.20763494,1.35370276,1.10348252,0.49181006,2.20557685,1.19520605,1.04728914,1.49508115,2.20718601,0.89062746,1.00992710,0.96016282,2.20495696,0.63949204,1.98766783,0.97937051,2.20476088,1.00572448,0.76672726,0.81083132,2.20726758,1.17495171,1.81903911,1.36331759,2.20764704,1.14615179,1.06569905,0.80783143,2.20779811,0.71062665,SD 02 80 FFFFFFFF 92110B 947704 7FEE75 613E68 554153 2E9982 7FDF2D 59DABA 524F3F 674D35 7FEB20 4988A1 504B4E 4D8936 7FDA92 3973CC 79386C 4E9C5B 7FD91D 501085 41F05D 44B6BC 7FEBBB 58DC39 739455 61ABC3 7FEE8C 576D0D 534925 448713 7FEFAB 3E49C4 7C77B1 000FFF 02 0E9A95,2026-07-22T20:37:17.477+00:00,serial_request_midpoint,354.0908,True,matched,65.6869,65.6869,2026-07-22T20:37:17.542+00:00,154.685073,1784752637488.062,4642,False,,,,,,,,,,,,,,False,,,,,,,,,,,,,,True,0.2111965961916379,-4.077168733046382,24.61419644812456,57.132671597340206,0.2904202568157708,-0.142588973524801,-2.7711565009705557,19.38581604916884,-15.49836241031004,-17.106526130167218,0.032260133626759675,0.01093295005244605,0.1684383067592569,False,,,,,,,,,,,,,,False,,,,,,,,,,,,,,False,,,,,,,,,,,,,,True,0.07520745044450516,13.96963562402054,13.686957917023514,78.66289798067832,0.2913738240884847,-0.07927241093151317,-2.9391021331153078,0.0,0.0,1.1368683772161604e-14,0.0,0.0,0.0,True,2,0.21119659619162762,-5.370158858391667,24.88868677096607,62.0105353635304,3.009503812242925,0.530210072094208,0.34388044715063604,19.654746896445527,-15.65248942565672,-12.062257661339595,0.24758670232663343,-3.099405178940251,-0.0008984546584181431,True,4.538927729230339,-7.35505002299233,73.31198461984665,14.100699049901966,18.569001187506288,-4.0864537856384455
2026-07-22T20:37:18.210+00:00,248.900000,95708.800000,1.216724,4095,2,02,80,FFFFFFFF,32,2.93446376,3.04902965,2.20511783,1.35227707,1.10311804,0.49180278,2.20522771,1.19493556,1.04684967,1.49502857,2.20484393,0.89038245,1.00967238,0.95999288,2.20727600,0.63940510,1.98706818,0.97901857,2.20746441,1.00535080,0.76656906,0.81069522,2.20545853,1.17470142,1.81884866,1.36250299,2.20723285,1.14558319,1.06500088,0.80773687,2.20769547,0.71049782,SD 02 80 FFFFFFFF 920685 946BD5 7FDBC4 612E24 553C84 2E995D 7FDC95 59D759 52493F 674CA7 7FD9BB 4984F0 5047BF 4D86C3 7FEBCB 39723F 79337E 4E9758 7FED31 500B49 41EDC7 44B493 7FDE4C 58D90F 7392A2 61A285 7FEB79 5765BD 533FB8 448592 7FEEE8 3E4794 7C97B1 000FFF 02 0E9AA0,2026-07-22T20:37:18.034+00:00,serial_request_midpoint,355.3546,True,matched,25.7353,25.7353,2026-07-22T20:37:18.060+00:00,155.201745,1784752637988.081,4657,False,,,,,,,,,,,,,,False,,,,,,,,,,,,,,True,0.21898947611688818,-4.0722299585579,24.627555963294814,57.164223390504574,0.290723608193445,-0.14612307889935613,-2.7718345593856877,19.366190257429057,-15.531383759188452,-17.077822385476793,0.033903683829405847,0.011216845451158993,0.16747265668908518,False,,,,,,,,,,,,,,False,,,,,,,,,,,,,,False,,,,,,,,,,,,,,True,0.07381654856030555,13.971456055602426,13.687301654174755,78.67378997531029,0.2910255464432973,-0.0807317900311523,-2.9388727834514943,0.0,1.4210854715202005e-15,0.0,0.0,0.0,0.0,True,2,0.21898947611678576,-5.368013864592379,24.91467118836648,62.04061876666113,3.0072655324385664,0.5285099867056218,0.3439093790963091,19.63716676429617,-15.693871988929919,-12.033925850442733,0.24610260772230888,-3.0992142061388335,-0.003464941280587351,True,4.4983470297329875,-7.313914230384489,73.422381342877,14.119739363719228,18.520124840845927,-4.0007614338756525
2026-07-22T20:37:18.767+00:00,249.500000,95709.400000,1.219776,4095,2,02,80,FFFFFFFF,32,2.93328557,3.04795946,2.20745809,1.35132723,1.10289573,0.49176458,2.20769547,1.19475296,1.04657534,1.49501302,2.20752704,0.89024998,1.00949542,0.95987201,2.20785812,0.63936371,1.98654089,0.97874842,2.20780442,1.00511297,0.76645006,0.81062189,2.20773757,1.17455157,1.81878256,1.36191963,2.20763441,1.14504485,1.06435014,0.80772066,2.20498114,0.71039017,SD 02 80 FFFFFFFF 920012 94663A 7FED25 61234C 553995 2E989B 7FEEE8 59D511 524580 674C7D 7FEDA8 4982F1 504546 4D8505 7FF01D 397182 792F28 4E937F 7FEFB7 5007F4 41EBD5 44B369 7FEF38 58D72A 73920B 619BE6 7FEE74 575ED0 5336EE 448550 7FDAC0 3E45C0 7CE7B1 000FFF 02 0E9AA6,2026-07-22T20:37:18.590+00:00,serial_request_midpoint,354.5998,True,matched,75.4125,75.4125,2026-07-22T20:37:18.664+00:00,155.807377,1784752638588.126,4675,False,,,,,,,,,,,,,,False,,,,,,,,,,,,,,True,0.19802802983165366,-4.0727861580810725,24.600676884473994,57.10223269485516,0.29246622070334477,-0.14081008989888558,-2.7703158080213584,19.40422826794309,-15.519626626180761,-17.06900273034197,0.02935449489046657,0.011256761517832349,0.1687244643599314,False,,,,,,,,,,,,,,False,,,,,,,,,,,,,,False,,,,,,,,,,,,,,True,0.08731740600875833,13.966857886128107,13.68558550903306,78.6467392457819,0.293693808622486,-0.08151861902815417,-2.9386535465190353,0.0,0.0,0.0,0.0,0.0,0.0,True,2,0.19802802983171963,-5.371985328551037,24.867209246820934,61.97888782017243,3.0102781937310636,0.5315054133784607,0.34626687211516727,19.673574288239987,-15.658955788443127,-12.024326001164491,0.24796163841773372,-3.0990666931679693,0.003620580137377726,True,4.553132855051201,-7.382997168361973,73.24776220725172,14.109676224290265,18.583962820904922,-4.147976708523265
2026-07-22T20:37:19.324+00:00,250.700000,95710.600000,1.219776,4095,2,02,80,FFFFFFFF,32,2.93282757,3.04715729,2.20678664,1.35061588,1.10266633,0.49176006,2.20508313,1.19458445,1.04644177,1.49495157,2.20467888,0.89010430,1.00939282,0.95975982,2.20716970,0.63933569,1.98612485,0.97859485,2.20526346,1.00486348,0.76638388,0.81055446,2.20491227,1.17452438,1.81868626,1.36145653,2.20472724,1.14462352,1.06386298,0.80767129,2.20727547,0.71030000,SD 02 80 FFFFFFFF 91FD90 946206 7FE829 611B2C 55368E 2E9884 7FDB82 59D2F6 5243AD 674BD7 7FD881 4980BF 5043D7 4D8367 7FEB01 397102 792BBC 4E914F 7FDCD9 500475 41EAC0 44B257 7FDA3D 58D6D2 73912F 6196A4 7FD8DD 575964 533059 448487 7FEBCA 3E4438 7CE7B1 000FFF 02 0E9AB2,2026-07-22T20:37:19.146+00:00,serial_request_midpoint,357.1097,True,matched,51.00435,51.00435,2026-07-22T20:37:19.196+00:00,156.338989,1784752639121.486,4691,False,,,,,,,,,,,,,,False,,,,,,,,,,,,,,True,0.2195968142507477,-4.074590042301033,24.63206614268954,57.16678846255644,0.28739858123178386,-0.1432714869323943,-2.772595831253054,19.376502608968416,-15.532858472113745,-17.065239110889184,0.032050637787776594,0.008363493909198633,0.16679827522393914,False,,,,,,,,,,,,,,False,,,,,,,,,,,,,,False,,,,,,,,,,,,,,True,0.07417695765345912,13.974684041703062,13.688843237661994,78.67052090772223,0.291841214544862,-0.08007672309906437,-2.9384975892215053,0.0,0.0,0.0,0.0,0.0,0.0,True,2,0.2195968142507699,-5.357191679343417,24.91163350050777,62.04710592305348,3.0097387367295596,0.5283444064747699,0.3404906706972487,19.632317068009314,-15.687410417732906,-12.020301446181668,0.2451780904804883,-3.1021454466224965,-0.0006207283945775582,True,4.531984099929689,-7.33756763762363,73.35040380867655,14.115487246342223,18.54340957298549,-4.058714530626025
2026-07-22T20:37:19.881+00:00,251.200000,95711.100000,1.218555,4095,2,02,80,FFFFFFFF,32,2.93219563,3.04652601,2.20757493,1.35014783,1.10252013,0.49176025,2.20805500,1.19440408,1.04629706,1.49496489,2.20794497,0.88999907,1.00927934,0.95968259,2.20752809,0.63929299,1.98576018,0.97838208,2.20740073,1.00469010,0.76629619,0.81052494,2.20757704,1.17442552,1.81845690,1.36100523,2.20773600,1.14426025,1.06343260,0.80766221,2.20554162,0.71023376,SD 02 80 FFFFFFFF 91FA1A 945EB7 7FEE03 6115D3 5534A0 2E9885 7FF193 59D0B5 5241B3 674BFB 7FF0C2 497F29 504241 4D824A 7FEDAA 39703F 7928BC 4E8E47 7FECB8 500207 41E951 44B1DF 7FEE07 58D592 738F23 619184 7FEF35 5754B7 532A88 448462 7FDEEA 3E4318 7CC7B1 000FFF 02 0E9AB7,2026-07-22T20:37:19.703+00:00,serial_request_midpoint,357.7152,True,matched,22.6969,22.6969,2026-07-22T20:37:19.725+00:00,156.868307,1784752639654.804,4707,False,,,,,,,,,,,,,,False,,,,,,,,,,,,,,True,0.1747771692157681,-4.073549278854928,24.63068035167465,57.1663134178855,0.2879389270377857,-0.14665126020135336,-2.7723854912808568,19.389011275922407,-15.461537046365526,-17.099709716767507,0.03726636639249753,0.008170478302050314,0.16809572861714855,False,,,,,,,,,,,,,,False,,,,,,,,,,,,,,False,,,,,,,,,,,,,,True,0.08055290552229794,13.970446770083834,13.688323847238106,78.66217346598292,0.2917672703692357,-0.07575791103116995,-2.9393967934384495,5.684341886080802e-15,-1.4210854715202005e-15,1.1368683772161604e-14,0.0,0.0,0.0,True,2,0.17477716921574424,-5.360015834743763,24.92160946769457,62.04494921193759,3.007326652124766,0.52797566118988,0.34083936710691237,19.6461578596776,-15.642063523704426,-12.05570248179871,0.24729386757395355,-3.102155647952328,-0.008706175340199929,True,4.513066146991498,-7.303957815136121,73.42942900742386,14.087419885946764,18.53970257314733,-3.9145346680469855
2026-07-22T20:37:20.439+00:00,252.400000,95712.300000,1.219165,4095,2,02,80,FFFFFFFF,32,2.93179915,3.04619366,2.20473617,1.34967718,1.10238282,0.49174588,2.20748230,1.19425185,1.04617381,1.49494786,2.20754441,0.88992183,1.00920667,0.95961160,2.20511204,0.63924482,1.98550190,0.97822471,2.20450332,1.00463129,0.76624435,0.81047523,2.20487600,1.17436219,1.81847966,1.36065274,2.20457375,1.14391588,1.06307111,0.80760228,2.20711971,0.71015234,SD 02 80 FFFFFFFF 91F7EE 945CF9 7FD8EE 611072 5532D0 2E983C 7FED53 59CECE 524004 674BCD 7FEDC9 497DFF 50413D 4D8144 7FDBB9 396F63 79269C 4E8C09 7FD733 500134 41E878 44B115 7FD9F8 58D4C5 738F57 618D83 7FD7B9 575048 5325A5 44836E 7FEAA2 3E41B6 7CD7B0 000FFF 02 0E9AC3,2026-07-22T20:37:20.261+00:00,serial_request_midpoint,354.9706,True,matched,62.9692,62.9692,2026-07-22T20:37:20.322+00:00,157.465755,1784752640254.796,4725,False,,,,,,,,,,,,,,False,,,,,,,,,,,,,,True,0.23404931015889435,-4.0746636364532876,24.63884264434524,57.179346002135915,0.28966203221034736,-0.14709395022598626,-2.7715256197868916,19.379553309189493,-15.541344000302832,-17.07093261962293,0.034245584132663306,0.010019795041891178,0.1679504457627198,False,,,,,,,,,,,,,,False,,,,,,,,,,,,,,False,,,,,,,,,,,,,,True,0.08200566103162521,13.97457263378563,13.693104985723494,78.69522612526575,0.2917051644054025,-0.08097424661260544,-2.9388294664344454,0.0,0.0,-1.1368683772161604e-14,0.0,0.0,0.0,True,2,0.2340493101588656,-5.367556343516899,24.92975969424638,62.05628349021187,3.0066150837831453,0.5289471608010755,0.34271207832122114,19.644699834167703,-15.705946360641889,-12.026794742069933,0.24691468097573832,-3.1003542813482095,-0.0039978557414355655,True,4.513719805928807,-7.286744782769455,73.45928904458054,14.102280722377651,18.501968244547214,-3.9849365310901477
2026-07-22T20:37:20.996+00:00,252.900000,95712.800000,1.219165,4095,2,02,80,FFFFFFFF,32,2.93156813,3.04573470,2.20734178,1.34935528,1.10223043,0.49175474,2.20515410,1.19408746,1.04609660,1.49492195,2.20495170,0.88982387,1.00915356,0.95956960,2.20499481,0.63922818,1.98531249,0.97810930,2.20482396,1.00444764,0.76618487,0.81043463,2.20506473,1.17430906,1.81842713,1.36050936,2.20436141,1.14363254,1.06280069,0.80762070,2.20470148,0.71010566,SD 02 80 FFFFFFFF 91F6AA 945A91 7FEC48 610CC4 5530CD 2E9869 7FDC09 59CCC0 523EF6 674B87 7FDA88 497C85 50407F 4D80A9 7FDADA 396F17 79250D 4E8A64 7FD995 4FFEA1 41E77F 44B070 7FDB5F 58D419 738EDF 618BE2 7FD625 574CA2 5321FD 4483B9 7FD8AC 3E40EB 7CD7B0 000FFF 02 0E9AC8,2026-07-22T20:37:20.817+00:00,serial_request_midpoint,357.9,True,matched,35.3742,35.3742,2026-07-22T20:37:20.851+00:00,157.994767,1784752640788.13,4741,False,,,,,,,,,,,,,,False,,,,,,,,,,,,,,True,0.19955305005618942,-4.069259595947992,24.599403406262137,57.08753171750517,0.29371062349256427,-0.14053821579081233,-2.770413617095744,19.35430766338776,-15.535483440836666,-17.15460851761286,0.029054191952309967,0.015061782495544832,0.16794497719680193,False,,,,,,,,,,,,,,False,,,,,,,,,,,,,,False,,,,,,,,,,,,,,True,0.06272234569233966,13.969923696189502,13.688364423942222,78.66896259548679,0.2894387435887608,-0.0826539923160364,-2.938684826881262,0.0,1.4210854715202005e-15,-1.1368683772161604e-14,0.0,0.0,0.0,True,2,0.19955305005617816,-5.372458723451385,24.864333073591776,61.96320680524303,3.0103734406594373,0.53123002621464,0.3476240653722005,19.64258293206982,-15.671866689160804,-12.110897558925057,0.2465408201090239,-3.0953564481233466,0.004096395873246287,True,4.538978572178993,-7.3913220033052,73.22852708596233,14.133082056114151,18.579956380590225,-4.235027370275236
2026-07-22T20:37:21.553+00:00,254.100000,95714.000000,1.220386,4095,2,02,80,FFFFFFFF,32,2.93141271,3.04571980,2.20676401,1.34920905,1.10213989,0.49175513,2.20756335,1.19402276,1.04602168,1.49496341,2.20776758,0.88975027,1.00910074,0.95951568,2.20776547,0.63920782,1.98508132,0.97800650,2.20523612,1.00435066,0.76614831,0.81041224,2.20512834,1.17432111,1.81838030,1.36032714,2.20727495,1.14338352,1.06257797,0.80759639,2.20786443,0.71004793,SD 02 80 FFFFFFFF 91F5D0 945A7D 7FE7FE 610B18 552F9B 2E986B 7FEDED 59CBF1 523DF0 674BF7 7FEF71 497B69 503FC2 4D7FE2 7FEF6D 396EBA 792326 4E88ED 7FDCA5 4FFD45 41E6E6 44B015 7FDBD8 58D440 738E74 6189D0 7FEBC9 57496D 531EFA 448356 7FF029 3E3FF0 7CF7B1 000FFF 02 0E9AD4,2026-07-22T20:37:21.375+00:00,serial_request_midpoint,357.8791,True,matched,74.70435,74.70435,2026-07-22T20:37:21.449+00:00,158.592205,1784752641388.119,4759,False,,,,,,,,,,,,,,False,,,,,,,,,,,,,,True,0.18159846252427034,-4.0728031879926965,24.634890598295602,57.16977853087079,0.2888192903606648,-0.14238406751072136,-2.7716987212891753,19.36700957684107,-15.501065717927549,-17.06209285488428,0.03292630409374769,0.009309751342907822,0.16800081777219522,False,,,,,,,,,,,,,,False,,,,,,,,,,,,,,False,,,,,,,,,,,,,,True,0.05641139848470485,13.964107306571737,13.684803025227984,78.64638331102347,0.2917979129024819,-0.07785813312401443,-2.938903200410451,5.684341886080802e-15,0.0,0.0,0.0,0.0,0.0,True,2,0.18159846252425965,-5.360050650759396,24.909947121661766,62.04912899860858,3.009950840839678,0.5296555697349085,0.34213793593316577,19.628036818910942,-15.659334434714731,-12.017537482936962,0.24700836773732399,-3.101066920431888,-0.001953367533753632,True,4.548387738628168,-7.3379475641482,73.33927743646221,14.077574082225194,18.558388825803895,-4.023096101115823
2026-07-22T20:37:22.109+00:00,255.300000,95715.200000,1.219165,4095,2,02,80,FFFFFFFF,32,2.93112826,3.04553579,2.20721390,1.34898083,1.10200853,0.49175592,2.20814765,1.19394464,1.04599452,1.49496971,2.20787075,0.88970959,1.00905826,0.95947802,2.20548640,0.63919293,1.98477947,0.97789357,2.20497062,1.00424171,0.76612084,0.81037976,2.20675507,1.17425778,1.81834835,1.36013324,2.20748493,1.14306874,1.06226114,0.80756470,2.20515305,0.70997802,SD 02 80 FFFFFFFF 91F441 945986 7FEB55 61087C 552DDF 2E986F 7FF243 59CAF7 523D91 674C08 7FF035 497ACC 503F2A 4D7F57 7FDE81 396E76 7920AA 4E8751 7FDAAC 4FFBBE 41E673 44AF91 7FE7ED 58D373 738E2B 61879C 7FED58 57455F 531AB1 4482D5 7FDC07 3E3EC0 7CD7B0 000FFF 02 0E9AE0,2026-07-22T20:37:21.932+00:00,serial_request_midpoint,355.7161,True,matched,37.65575,37.65575,2026-07-22T20:37:21.969+00:00,159.112168,1784752641888.107,4774,False,,,,,,,,,,,,,,False,,,,,,,,,,,,,,True,0.19424568799004868,-4.072039052503685,24.63187149870118,57.16691868661032,0.2902301810337038,-0.14432241526432354,-2.7721229981170876,19.383182268555778,-15.5163669661658,-17.087046084285465,0.03310527558826788,0.01034048884927773,0.16734381259605155,False,,,,,,,,,,,,,,False,,,,,,,,,,,,,,False,,,,,,,,,,,,,,True,0.06527597909966942,13.973486366979827,13.696316021282533,78.68912074184493,0.29181934774822677,-0.07984088853914313,-2.9388743352936735,0.0,-1.4210854715202005e-15,0.0,0.0,0.0,0.0,True,2,0.19424568799004044,-5.364998015862636,24.91316893657743,62.044402878955964,3.008621147967916,0.5284709944506877,0.3434932591298891,19.649411383481684,-15.675249212757057,-12.042781849914764,0.24593624757312801,-3.100108051326415,-0.0022344704863311617,True,4.5064193785452495,-7.329564070162758,73.38162483204468,14.129269791036492,18.545313289666844,-4.039504174536728
2026-07-22T20:37:22.667+00:00,255.800000,95715.700000,1.218555,4095,2,02,80,FFFFFFFF,32,2.93092154,3.04524454,2.20459635,1.34868638,1.10189996,0.49174017,2.20506210,1.19382027,1.04595020,1.49493935,2.20708550,0.88966035,1.00900376,0.95941977,2.20733073,0.63919446,1.98453745,0.97781135,2.20740230,1.00412245,0.76605993,0.81034113,2.20549376,1.17425809,1.81837374,1.35990397,2.20722758,1.14285771,1.06206304,0.80753450,2.20774547,0.70993962,SD 02 80 FFFFFFFF 91F31F 9457FF 7FD7E4 61051E 552C70 2E981F 7FDB5A 59C969 523CF6 674BB6 7FEA61 497A0E 503E67 4D7E80 7FEC33 396E7D 791EAC 4E8625 7FECBB 4FFA12 41E574 44AEF4 7FDE8F 58D374 738E65 618501 7FEB6F 5742A7 531803 44825A 7FEF47 3E3E19 7CC7B0 000FFF 02 0E9AE5,2026-07-22T20:37:22.488+00:00,serial_request_midpoint,356.2469,True,matched,89.04085,89.04085,2026-07-22T20:37:22.576+00:00,159.719703,1784752642521.396,4793,False,,,,,,,,,,,,,,False,,,,,,,,,,,,,,True,0.18759344169943878,-4.072089550317331,24.63421633222395,57.17010525789277,0.28801137190660936,-0.1443668300441143,-2.7720062904066687,19.356071523560956,-15.590758034639341,-17.087230921801837,0.0300293615561391,0.010370675917211842,0.16675047460049522,False,,,,,,,,,,,,,,False,,,,,,,,,,,,,,False,,,,,,,,,,,,,,True,0.04285948562538172,13.979503862878124,13.697327344353676,78.71603610356615,0.29020095297036164,-0.0846403200250765,-2.938311339679562,0.0,1.4210854715202005e-15,0.0,0.0,0.0,0.0,True,2,0.18759344169938458,-5.357634917012922,24.91687135523957,62.0494702074423,3.008765309604056,0.5289487697137444,0.34110491405551,19.621117106661423,-15.73431925721008,-12.042445091163051,0.2449601652111356,-3.100159439102986,0.0025329803785681705,True,4.538593883889379,-7.319737183347601,73.38247687744075,14.119089139784876,18.513825780397745,-4.145384595837231
2026-07-22T20:37:23.223+00:00,256.900000,95716.800000,1.219165,4095,2,02,80,FFFFFFFF,32,2.93091299,3.04524230,2.20760651,1.34856206,1.10187836,0.49172521,2.20760914,1.19378870,1.04589531,1.49493861,2.20756335,0.88959194,1.00896743,0.95942817,2.20782548,0.63919096,1.98457968,0.97772611,2.20775652,1.00411298,0.76603270,0.81032342,2.20743915,1.17421299,1.81826345,1.35980979,2.20742388,1.14266398,1.06189124,0.80751191,2.20779653,0.70989087,SD 02 80 FFFFFFFF 91F313 9457FC 7FEE3F 6103B2 552C27 2E97D3 7FEE44 59C904 523C36 674BB4 7FEDED 497906 503DE5 4D7E9F 7FEFDF 396E6D 791F05 4E84EE 7FEF5C 4FF9F0 41E502 44AEAC 7FED01 58D2E2 738D69 6183EF 7FECE4 574028 5315B0 4481FE 7FEFA8 3E3D45 7CD7B1 000FFF 02 0E9AF0,2026-07-22T20:37:23.046+00:00,serial_request_midpoint,356.0277,True,matched,51.78155,51.78155,2026-07-22T20:37:23.096+00:00,160.239397,1784752643021.363,4808,False,,,,,,,,,,,,,,False,,,,,,,,,,,,,,True,0.18769747097768855,-4.073036298602856,24.62924270762429,57.157219402294935,0.28964543530063314,-0.1432543044835533,-2.7716620015656157,19.37269684051259,-15.584611359607678,-17.03363877580507,0.029228679623948362,0.01035637464777524,0.16734959765614446,False,,,,,,,,,,,,,,False,,,,,,,,,,,,,,False,,,,,,,,,,,,,,True,0.08020246657290557,13.97303782794682,13.68651738256256,78.67284895683868,0.2921263661036816,-0.08442321734045621,-2.9385452463544803,0.0,0.0,0.0,0.0,0.0,0.0,True,2,0.18769747097773554,-5.3635921041282035,24.906839834138083,62.03555197480034,3.0092700328102335,0.529438750994561,0.34296733088988274,19.637375220868464,-15.724016678219517,-11.98871710625399,0.24587616671956147,-3.100113228685813,0.003786801307072918,True,4.5335532332366295,-7.3365922136111745,73.34832876413911,14.114012191153526,18.527053009775607,-4.1192825139704725
2026-07-22T20:37:23.781+00:00,257.500000,95717.400000,1.219165,4095,2,02,80,FFFFFFFF,32,2.93086309,3.04506131,2.20738336,1.34838652,1.10181299,0.49171222,2.20754388,1.19372527,1.04583269,1.49494527,2.20776073,0.88953520,1.00889058,0.95939241,2.20803131,0.63916184,1.98441882,0.97769432,2.20784601,1.00402466,0.76601669,0.81033351,2.20808132,1.17422195,1.81834091,1.35972250,2.20767283,1.14246360,1.06175727,0.80749201,2.20759809,0.70985661,SD 02 80 FFFFFFFF 91F2CD 945709 7FEC97 6101B0 552B4A 2E9791 7FEDC8 59C839 523B5B 674BC6 7FEF64 49782B 503CD2 4D7E1B 7FF166 396DE8 791DB2 4E847A 7FF006 4FF8B3 41E4BF 44AED5 7FF1C5 58D2FF 738E1A 6182F1 7FEEBD 573D93 5313E0 4481AD 7FEE2F 3E3CB0 7CD7B1 000FFF 02 0E9AF6,2026-07-22T20:37:23.602+00:00,serial_request_midpoint,357.7504,True,matched,16.6232,16.6232,2026-07-22T20:37:23.618+00:00,160.761344,1784752643554.738,4824,False,,,,,,,,,,,,,,False,,,,,,,,,,,,,,True,0.1992484131700608,-4.068820598248843,24.623749949735263,57.14996230621269,0.2913739883095285,-0.14089218349511481,-2.7721615058942914,19.402037118779305,-15.481455580758176,-17.084829613182023,0.03218429479312228,0.01005337249698141,0.1674844251998412,False,,,,,,,,,,,,,,False,,,,,,,,,,,,,,False,,,,,,,,,,,,,,True,0.05500713132022103,13.969954408890505,13.688808144650157,78.6682233449246,0.29339353724820666,-0.07740609892186369,-2.938961117396634,0.0,1.4210854715202005e-15,0.0,0.0,0.0,0.0,True,2,0.1992484131700439,-5.36363564436989,24.892428057290502,62.02766559158224,3.0108599794534645,0.5288675129360558,0.34497629424634896,19.666447238605162,-15.635801854709939,-12.040328866279845,0.2461537491149581,-3.100385575502664,-0.0008037797216943783,True,4.513341234593177,-7.375678689144914,73.28759141128579,14.138610721807439,18.591112434419976,-4.069590103764756
2026-07-22T20:37:24.336+00:00,258.700000,95718.600000,1.219776,4095,2,02,80,FFFFFFFF,32,2.93078255,3.04501588,2.20750546,1.34827485,1.10177749,0.49170907,2.20802815,1.19363904,1.04583698,1.49491418,2.20761599,0.88950125,1.00887577,0.95940216,2.20787443,0.63913644,1.98426225,0.97762170,2.20539228,1.00395947,0.76600690,0.81031087,2.20729705,1.17422010,1.81823719,1.35959946,2.20494592,1.14223719,1.06159590,0.80748342,2.20726758,0.70982718,SD 02 80 FFFFFFFF 91F25C 9456CC 7FED7F 610069 552AD2 2E9781 7FF160 59C725 523B6A 674B72 7FEE51 4977A8 503C9D 4D7E3F 7FF03C 396D74 791C68 4E8371 7FDDCE 4FF7C9 41E496 44AE79 7FEBF3 58D2F9 738D2D 61818B 7FDA7D 573AA8 5311B1 44818A 7FEBBB 3E3C30 7CE7AF 000FFF 02 0E9B02,2026-07-22T20:37:24.160+00:00,serial_request_midpoint,355.4151,True,matched,69.10935,69.10935,2026-07-22T20:37:24.228+00:00,161.371063,1784752644154.775,4842,False,,,,,,,,,,,,,,False,,,,,,,,,,,,,,True,0.23870161094108988,-4.057748848759015,24.598270493158232,57.091740232456154,0.29269564620611954,-0.13857159304667796,-2.7711810156340357,19.353474561692295,-15.591218553600063,-17.08594946245639,0.025215054630068783,0.012794790112472023,0.16614328011179677,False,,,,,,,,,,,,,,False,,,,,,,,,,,,,,False,,,,,,,,,,,,,,True,0.08621814120684146,13.966559087957572,13.689646693545834,78.6718003072278,0.29227012855023204,-0.08590334104030507,-2.9373630134382016,0.0,-1.4210854715202005e-15,1.1368683772161604e-14,0.0,0.0,0.0,True,2,0.23870161094107484,-5.356069296812906,24.85742506029567,61.96902702867101,3.012031957098928,0.5305702025898849,0.3466301240463584,19.628643044119407,-15.709718383599846,-12.041054650410889,0.24380359158637463,-3.0978195008461227,0.010010240072077039,True,4.551116853099662,-7.417625435585441,73.1824160262691,14.161218719286154,18.580498982036524,-4.304157403983197
2026-07-22T20:37:24.894+00:00,259.200000,95719.100000,1.218555,4095,2,02,80,FFFFFFFF,32,2.93069844,3.04484160,2.20743072,1.34816353,1.10169023,0.49168328,2.20789917,1.19353000,1.04581897,1.49487641,2.20780284,0.88946576,1.00883581,0.95932414,2.20792392,0.63914301,1.98405729,0.97755264,2.20751230,1.00390793,0.76596916,0.81028282,2.20795445,1.17419724,1.81822406,1.35954826,2.20777705,1.14211354,1.06148245,0.80746819,2.20797024,0.70980051,SD 02 80 FFFFFFFF 91F1E6 9455E2 7FECF1 60FF23 5529AB 2E96FE 7FF06B 59C5C8 523B2B 674B0C 7FEFB4 49771F 503C0E 4D7D1F 7FF09A 396D92 791AB8 4E8275 7FED8C 4FF710 41E3F8 44AE07 7FF0D4 58D2AF 738D0F 6180F6 7FEF83 573910 531028 44814C 7FF0F2 3E3BBC 7CC7AF 000FFF 02 0E9B07,2026-07-22T20:37:24.716+00:00,serial_request_midpoint,356.5378,True,matched,-6.9015,6.9015,2026-07-22T20:37:24.709+00:00,161.851548,1784752644654.782,4857,False,,,,,,,,,,,,,,False,,,,,,,,,,,,,,True,0.1786161330682429,-4.071244183970192,24.634984678877935,57.18017526131274,0.28825434673216965,-0.14504072881479968,-2.7717905425923153,19.346236122415792,-15.618493102125043,-17.010112122024545,0.028574513693241762,0.010285485048015304,0.16711057800402213,False,,,,,,,,,,,,,,False,,,,,,,,,,,,,,False,,,,,,,,,,,,,,True,0.11211077913788783,13.969603178794975,13.694414418925613,78.68342715747244,0.2910781949110646,-0.08737009074628829,-2.9384869409005203,0.0,0.0,0.0,0.0,0.0,0.0,True,2,0.17861613306824395,-5.3580886308839375,24.919713006928795,62.05907721195585,3.0082213463925744,0.5291176842291712,0.34132995121728554,19.610267509967326,-15.75469893039804,-11.965069159465292,0.24549770473465676,-3.100212014223505,0.004798320403409464,True,4.539111842826932,-7.310512368334216,73.40937719808302,14.094072128661342,18.50276110671852,-4.1184561925368826
2026-07-22T20:37:25.451+00:00,260.400000,95720.300000,1.218555,4095,2,02,80,FFFFFFFF,32,2.93059866,3.04472095,2.20775021,1.34806587,1.10166745,0.49169391,2.20756283,1.19344096,1.04582669,1.49490270,2.20747862,0.88946187,1.00881150,0.95929461,2.20766810,0.63912659,1.98410758,0.97751290,2.20766336,1.00388481,0.76596223,0.81027028,2.20796498,1.17417963,1.81821881,1.35942936,2.20779653,1.14198110,1.06126886,0.80744634,2.20760809,0.70976970,SD 02 80 FFFFFFFF 91F15A 945540 7FEF50 60FE05 55295E 2E9734 7FEDEC 59C4AB 523B46 674B53 7FED4C 497710 503BB7 4D7CB2 7FEEB4 396D47 791B22 4E81E4 7FEEAB 4FF6BD 41E3DB 44ADD4 7FF0E8 58D276 738D03 617F9C 7FEFA8 57375B 530D44 4480F3 7FEE42 3E3B36 7CC7B1 000FFF 02 0E9B13,2026-07-22T20:37:25.273+00:00,serial_request_midpoint,355.6867,True,matched,56.66995,56.66995,2026-07-22T20:37:25.328+00:00,162.471439,1784752645254.772,4875,False,,,,,,,,,,,,,,False,,,,,,,,,,,,,,True,0.21814590608384762,-4.075905676422332,24.620181517532874,57.14547250975376,0.28932118395268075,-0.1444984241940382,-2.771952105882225,19.38641743176345,-15.599942252194415,-17.0574252458768,0.028888625306562145,0.009649334832787213,0.16651403406827572,False,,,,,,,,,,,,,,False,,,,,,,,,,,,,,False,,,,,,,,,,,,,,True,0.10327240412441521,13.971846770653169,13.698670367336709,78.71272455850301,0.2928943377173605,-0.08616419998143479,-2.9379079926050755,0.0,0.0,0.0,0.0,0.0,0.0,True,2,0.21814590608384346,-5.365969831895626,24.90250510252612,62.02366389406077,3.0085373408368596,0.5288236823867176,0.34251032154889205,19.64734563996508,-15.738134334576,-12.012274828660349,0.24461206194774351,-3.1009090560593533,0.004296369135074161,True,4.518682183617609,-7.335295358730965,73.36338129285562,14.147247048209938,18.519826423928908,-4.156553672594612
2026-07-22T20:37:26.009+00:00,260.900000,95720.800000,1.218555,4095,2,02,80,FFFFFFFF,32,2.93064142,3.04470978,2.20751125,1.34800681,1.10160682,0.49167166,2.20773126,1.19342440,1.04575550,1.49490825,2.20755020,0.88940565,1.00879305,0.95930274,2.20541279,0.63913557,1.98401032,0.97748824,2.20486601,1.00383049,0.76591661,0.81026191,2.20710655,1.17422751,1.81819167,1.35938022,2.20740809,1.14182535,1.06117420,0.80741982,2.20770810,0.70973567,SD 02 80 FFFFFFFF 91F196 945531 7FED8A 60FD58 552891 2E96C3 7FEF2C 59C476 523A4D 674B62 7FEDD4 497637 503B75 4D7CD0 7FDDF5 396D70 791A55 4E818A 7FD9E5 4FF5FA 41E31C 44ADB2 7FEA89 58D311 738CC5 617F0D 7FECC6 573559 530BFC 448087 7FEF00 3E3AA2 7CC7B1 000FFF 02 0E9B18,2026-07-22T20:37:25.830+00:00,serial_request_midpoint,357.8618,True,matched,38.3183,38.3183,2026-07-22T20:37:25.867+00:00,163.010147,1784752645788.077,4891,False,,,,,,,,,,,,,,False,,,,,,,,,,,,,,True,0.21568572283997547,-4.076563924756964,24.62273532849451,57.13625092210035,0.29020376244487306,-0.14179079989581836,-2.7718876929159397,19.384675180764095,-15.515477985639787,-17.17831531658451,0.03097196308167024,0.012355900743459635,0.16774751865527807,False,,,,,,,,,,,,,,False,,,,,,,,,,,,,,False,,,,,,,,,,,,,,True,0.06489795017968863,13.982815268625862,13.699040954385751,78.72610804236129,0.2892810797474946,-0.08077626496168427,-2.9394517038394756,0.0,1.4210854715202005e-15,-1.1368683772161604e-14,0.0,0.0,0.0,True,2,0.21568572283992044,-5.368062816296709,24.89504518586799,62.01463192795039,3.010279366276893,0.5292836336057077,0.3436638000868325,19.66015774367248,-15.66269331355771,-12.134193957193053,0.24641549775369775,-3.098067764569217,0.0010999566651782161,True,4.524169411614143,-7.361698932790617,73.29370614282342,14.13923942085638,18.573644485444625,-4.199211303302422
2026-07-22T20:37:26.567+00:00,262.100000,95722.000000,1.218555,4095,2,02,80,FFFFFFFF,32,2.93056588,3.04456234,2.20732231,1.34792964,1.10154470,0.49171182,2.20812133,1.19335911,1.04570747,1.49489344,2.20551164,0.88939140,1.00876874,0.95928919,2.20509680,0.63913031,1.98401602,0.97742275,2.20474038,1.00379761,0.76590801,0.81023534,2.20481187,1.17422133,1.81816760,1.35921804,2.20705393,1.14163871,1.06105876,0.80741319,2.20748704,0.70970670,SD 02 80 FFFFFFFF 91F12C 94546B 7FEC23 60FC76 5527BF 2E978F 7FF211 59C3A5 5239A5 674B3A 7FDEB1 497600 503B1E 4D7C9E 7FDB9C 396D58 791A61 4E809B 7FD8F6 4FF584 41E2F8 44AD46 7FD97E 58D2FD 738C8E 617D35 7FEA25 5732F1 530A6C 44806C 7FED5C 3E3A24 7CC7B1 000FFF 02 0E9B24,2026-07-22T20:37:26.388+00:00,serial_request_midpoint,357.3934,True,matched,-2.8384,2.8384,2026-07-22T20:37:26.385+00:00,163.527008,1784752646321.413,4907,False,,,,,,,,,,,,,,False,,,,,,,,,,,,,,True,0.2234853346944166,-4.070234031931042,24.628869280071008,57.15844431181548,0.2870176900445753,-0.14503454737159702,-2.771417839775911,19.36520372604763,-15.538755479544571,-17.049494705293352,0.03292178764806006,0.007939622215350535,0.16790589920166746,False,,,,,,,,,,,,,,False,,,,,,,,,,,,,,False,,,,,,,,,,,,,,True,0.07657887662734632,13.968920666754276,13.684325778565906,78.65158675797242,0.2921136802768834,-0.08045128023484385,-2.9383382453206055,0.0,-1.4210854715202005e-15,1.1368683772161604e-14,0.0,0.0,0.0,True,2,0.22348533469438017,-5.353053359058544,24.914046926737996,62.03837993552112,3.0082330465713305,0.5298511365229448,0.34001822602393017,19.619339918076577,-15.697608065992535,-12.004605800728495,0.24693565207772614,-3.1024438084462505,-0.0019589041429164578,True,4.567830058757399,-7.309517616798894,73.38691618698392,14.062016935711421,18.519891976791975,-4.013975861614403
2026-07-22T20:37:27.122+00:00,263.300000,95723.200000,1.217945,4095,2,02,80,FFFFFFFF,32,2.93046966,3.04470829,2.20748072,1.34787809,1.10148289,0.49168722,2.20576511,1.19329257,1.04575093,1.49490603,2.20724706,0.88935513,1.00873885,0.95930084,2.20768283,0.63911126,1.98388841,0.97740412,2.20760125,1.00375305,0.76589870,0.81023042,2.20728389,1.17414535,1.81820568,1.35914142,2.20478033,1.14151965,1.06099182,0.80740091,2.20474248,0.70968026,SD 02 80 FFFFFFFF 91F0A5 94552F 7FED50 60FBDF 5526EE 2E9712 7FE093 59C2D0 523A3D 674B5C 7FEB94 497574 503AB3 4D7CC9 7FEED0 396D01 791954 4E8057 7FEE35 4FF4E4 41E2D1 44AD32 7FEBDA 58D207 738CE5 617C56 7FD942 573168 530984 44803A 7FD8FA 3E39B1 7CB7B1 000FFF 02 0E9B30,2026-07-22T20:37:26.944+00:00,serial_request_midpoint,355.7016,True,matched,30.3535,30.3535,2026-07-22T20:37:26.974+00:00,164.116942,1784752646921.438,4925,False,,,,,,,,,,,,,,False,,,,,,,,,,,,,,True,0.1925675847967436,-4.0724286877447415,24.631874357370442,57.16270535391559,0.2877780990754624,-0.1439695871536121,-2.772692627259527,19.387730453920792,-15.432185531952399,-17.1006230059892,0.03653313498963607,0.008193382110124528,0.16843890340481976,False,,,,,,,,,,,,,,False,,,,,,,,,,,,,,False,,,,,,,,,,,,,,True,0.07075066568082655,13.965540485683718,13.683481227159263,78.63902034518551,0.291582423760112,-0.07399355123394111,-2.9400307312204284,0.0,0.0,0.0,0.0,0.0,0.0,True,2,0.1925675847967505,-5.356675898461084,24.913726110338295,62.04245861892728,3.009255914592334,0.5280205086679202,0.34084365896535196,19.64471172244398,-15.608941291586337,-12.056473794740555,0.24781243810466938,-3.1021031325513158,-0.007560433438065347,True,4.522190169091611,-7.33271869183815,73.362622821433,14.073788604425939,18.576834046909248,-3.9405083653423048
2026-07-22T20:37:27.679+00:00,263.800000,95723.700000,1.216114,4095,2,02,80,FFFFFFFF,32,2.93053024,3.04464648,2.20676664,1.34784259,1.10142699,0.49167481,2.20525873,1.19325415,1.04569804,1.49489752,2.20680137,0.88933855,1.00874360,0.95928594,2.20761704,0.63911542,1.98385141,0.97731808,2.20779705,1.00370513,0.76589368,0.81023460,2.20784232,1.17418921,1.81810634,1.35906069,2.20532077,1.14139423,1.06089284,0.80738544,2.20703288,0.70965681,SD 02 80 FFFFFFFF 91F0FA 9454DC 7FE803 60FB77 552631 2E96D3 7FDCD0 59C255 523984 674B45 7FE845 497534 503AC4 4D7C92 7FEE53 396D14 791906 4E7F1D 7FEFA9 4FF438 41E2BC 44AD43 7FEFFF 58D295 738C02 617B6B 7FDD46 572FCA 53082D 447FFB 7FE9FD 3E394B 7C87B1 000FFF 02 0E9B35,2026-07-22T20:37:27.501+00:00,serial_request_midpoint,356.7431,True,matched,24.82335,24.82335,2026-07-22T20:37:27.525+00:00,164.667801,1784752647454.796,4941,False,,,,,,,,,,,,,,False,,,,,,,,,,,,,,True,0.23379243087102078,-4.073190304484389,24.633474573386497,57.16677369453922,0.28964636226701534,-0.1437937529812999,-2.7720624059453263,19.374758896609745,-15.489594434252258,-17.139476583479553,0.034167708522066964,0.011073154442580582,0.16791306036225467,False,,,,,,,,,,,,,,False,,,,,,,,,,,,,,False,,,,,,,,,,,,,,True,0.06454650693123457,13.976779114051624,13.693292606832832,78.69771650073397,0.289899037864458,-0.07791292005046224,-2.93947696097405,-5.684341886080802e-15,-1.4210854715202005e-15,0.0,0.0,0.0,0.0,True,2,0.23379243087098991,-5.363898312610244,24.913220816157867,62.044943271063495,3.00901845943917,0.5287392513201875,0.342906098093985,19.645159764081093,-15.653364979942529,-12.095590569784656,0.24679798332866346,-3.0993082408344588,-0.003868532058781751,True,4.517803381124827,-7.331136292450791,73.36857877476548,14.111764567035516,18.555987727592516,-4.053635604919089
2026-07-22T20:37:28.235+00:00,265.000000,95724.900000,1.218555,4095,2,02,80,FFFFFFFF,32,2.93048463,3.04475894,2.20740652,1.34777328,1.10145154,0.49167304,2.20748072,1.19321760,1.04566459,1.49488160,2.20724442,0.88932430,1.00872711,0.95924937,2.20775389,0.63908850,1.98379021,0.97727205,2.20785443,1.00369037,0.76586335,0.81024937,2.20782443,1.17421299,1.81815579,1.35901431,2.20772126,1.14127064,1.06080570,0.80738274,2.20542909,0.70964233,SD 02 80 FFFFFFFF 91F0BA 945573 7FECC3 60FAAC 552684 2E96CA 7FED50 59C1E0 52390F 674B1A 7FEB8F 4974FD 503A89 4D7C0B 7FEF57 396C99 791885 4E7E75 7FF016 4FF403 41E23D 44AD7F 7FEFDD 58D2E2 738C73 617AE4 7FEF19 572E32 5306FF 447FF0 7FDE14 3E390C 7CC7B1 000FFF 02 0E9B41,2026-07-22T20:37:28.057+00:00,serial_request_midpoint,356.8758,True,matched,-100.8381,100.8381,2026-07-22T20:37:27.956+00:00,165.099132,1784752647888.151,4954,False,,,,,,,,,,,,,,False,,,,,,,,,,,,,,True,0.2042906383269173,-4.078386294244973,24.65410183370367,57.21375043960226,0.2864471594682139,-0.1494984405243306,-2.7724022666889097,19.37674463777189,-15.503464245646356,-16.965619291652807,0.038466243318160405,0.005560634902567006,0.1679699815726499,False,,,,,,,,,,,,,,False,,,,,,,,,,,,,,False,,,,,,,,,,,,,,True,0.06083626587081988,13.959923898779234,13.67814060355401,78.60990698177704,0.2938942088753046,-0.07645574932985791,-2.93882468871356,0.0,0.0,0.0,0.0,0.0,0.0,True,2,0.2042906383268672,-5.361455298692337,24.955853560243643,62.092623578956136,3.0055328566157593,0.5276393671833545,0.33902533919455685,19.621278187376777,-15.691159282152,-11.92124646632151,0.2472621240950207,-3.104759361366774,-0.010601104601728079,True,4.510593606407285,-7.247905657364353,73.53953833367488,14.048288521622544,18.480077557799063,-3.7456930449611945
