pcnose_host_time_utc,pcnose_elapsed_s,pcnose_device_time_s,pcnose_therm1_volts,pcnose_battery_raw,pcnose_flag,pcnose_sd_field1_hex,pcnose_sd_field2_hex,pcnose_sensor_mask_hex,pcnose_active_sensor_count,pcnose_S1_kohm,pcnose_S2_kohm,pcnose_S3_kohm,pcnose_S4_kohm,pcnose_S5_kohm,pcnose_S6_kohm,pcnose_S7_kohm,pcnose_S8_kohm,pcnose_S9_kohm,pcnose_S10_kohm,pcnose_S11_kohm,pcnose_S12_kohm,pcnose_S13_kohm,pcnose_S14_kohm,pcnose_S15_kohm,pcnose_S16_kohm,pcnose_S17_kohm,pcnose_S18_kohm,pcnose_S19_kohm,pcnose_S20_kohm,pcnose_S21_kohm,pcnose_S22_kohm,pcnose_S23_kohm,pcnose_S24_kohm,pcnose_S25_kohm,pcnose_S26_kohm,pcnose_S27_kohm,pcnose_S28_kohm,pcnose_S29_kohm,pcnose_S30_kohm,pcnose_S31_kohm,pcnose_S32_kohm,pcnose_raw_frame,pcnose_sample_time_estimate_utc,pcnose_timestamp_basis,pcnose_serial_roundtrip_ms,pose_alignment_valid,pose_alignment_status,pose_minus_pcnose_ms,abs_pose_minus_pcnose_ms,pose_host_timestamp_utc,pose_elapsed_s,camera_timestamp_ms,frame_number,tag_0_visible,tag_0_rms_px,tag_0_cam_x_cm,tag_0_cam_y_cm,tag_0_cam_z_cm,tag_0_cam_rvec_x_rad,tag_0_cam_rvec_y_rad,tag_0_cam_rvec_z_rad,tag_0_desk_x_cm,tag_0_desk_y_cm,tag_0_desk_z_cm,tag_0_desk_rvec_x_rad,tag_0_desk_rvec_y_rad,tag_0_desk_rvec_z_rad,tag_1_visible,tag_1_rms_px,tag_1_cam_x_cm,tag_1_cam_y_cm,tag_1_cam_z_cm,tag_1_cam_rvec_x_rad,tag_1_cam_rvec_y_rad,tag_1_cam_rvec_z_rad,tag_1_desk_x_cm,tag_1_desk_y_cm,tag_1_desk_z_cm,tag_1_desk_rvec_x_rad,tag_1_desk_rvec_y_rad,tag_1_desk_rvec_z_rad,tag_2_visible,tag_2_rms_px,tag_2_cam_x_cm,tag_2_cam_y_cm,tag_2_cam_z_cm,tag_2_cam_rvec_x_rad,tag_2_cam_rvec_y_rad,tag_2_cam_rvec_z_rad,tag_2_desk_x_cm,tag_2_desk_y_cm,tag_2_desk_z_cm,tag_2_desk_rvec_x_rad,tag_2_desk_rvec_y_rad,tag_2_desk_rvec_z_rad,tag_3_visible,tag_3_rms_px,tag_3_cam_x_cm,tag_3_cam_y_cm,tag_3_cam_z_cm,tag_3_cam_rvec_x_rad,tag_3_cam_rvec_y_rad,tag_3_cam_rvec_z_rad,tag_3_desk_x_cm,tag_3_desk_y_cm,tag_3_desk_z_cm,tag_3_desk_rvec_x_rad,tag_3_desk_rvec_y_rad,tag_3_desk_rvec_z_rad,tag_4_visible,tag_4_rms_px,tag_4_cam_x_cm,tag_4_cam_y_cm,tag_4_cam_z_cm,tag_4_cam_rvec_x_rad,tag_4_cam_rvec_y_rad,tag_4_cam_rvec_z_rad,tag_4_desk_x_cm,tag_4_desk_y_cm,tag_4_desk_z_cm,tag_4_desk_rvec_x_rad,tag_4_desk_rvec_y_rad,tag_4_desk_rvec_z_rad,tag_5_visible,tag_5_rms_px,tag_5_cam_x_cm,tag_5_cam_y_cm,tag_5_cam_z_cm,tag_5_cam_rvec_x_rad,tag_5_cam_rvec_y_rad,tag_5_cam_rvec_z_rad,tag_5_desk_x_cm,tag_5_desk_y_cm,tag_5_desk_z_cm,tag_5_desk_rvec_x_rad,tag_5_desk_rvec_y_rad,tag_5_desk_rvec_z_rad,tag_6_visible,tag_6_rms_px,tag_6_cam_x_cm,tag_6_cam_y_cm,tag_6_cam_z_cm,tag_6_cam_rvec_x_rad,tag_6_cam_rvec_y_rad,tag_6_cam_rvec_z_rad,tag_6_desk_x_cm,tag_6_desk_y_cm,tag_6_desk_z_cm,tag_6_desk_rvec_x_rad,tag_6_desk_rvec_y_rad,tag_6_desk_rvec_z_rad,cube_pose_valid,cube_used_tag_ids,cube_rms_px,cube_cam_x_cm,cube_cam_y_cm,cube_cam_z_cm,cube_cam_rvec_x_rad,cube_cam_rvec_y_rad,cube_cam_rvec_z_rad,cube_desk_x_cm,cube_desk_y_cm,cube_desk_z_cm,cube_desk_rvec_x_rad,cube_desk_rvec_y_rad,cube_desk_rvec_z_rad,snout_position_valid,snout_cam_x_cm,snout_cam_y_cm,snout_cam_z_cm,snout_desk_x_cm,snout_desk_y_cm,snout_desk_z_cm
2026-07-27T22:42:54.078+00:00,0.000000,107755.600000,1.217330,4095,0,02,00,FFFFFFFF,32,2.93505484,3.05076302,2.20744862,1.35143123,1.10120372,0.48062388,2.20789023,1.19100715,1.04590846,1.49778884,2.20531552,0.88915850,1.00883385,0.95846424,2.20500427,0.63919709,1.98345155,0.97747619,2.20477717,1.00459283,0.76633992,0.81050500,2.20723600,1.17488712,1.81893841,1.36171731,2.20766020,1.14385278,1.06300003,0.80820238,2.20799077,0.71034025,SD 02 00 FFFFFFFF 9209C1 9474E8 7FED13 61247C 55233E 2DBAA4 7FF05A 59A637 523C64 6769C1 7FDD3C 49727D 503C07 4D70B8 7FDAEC 396E89 7915BB 4E815E 7FD93C 5000AA 41EA08 44B18E 7FEB7F 58DB68 73936F 61999A 7FEEA5 574F78 5324AF 448CF9 7FF119 3E44E7 7CA796 000FFF 00 107134,2026-07-27T22:42:54.038+00:00,serial_request_midpoint,79.0305,True,matched,46.83055,46.83055,2026-07-27T22:42:54.085+00:00,0.134258,1785192174029.685,7,False,,,,,,,,,,,,,,False,,,,,,,,,,,,,,False,,,,,,,,,,,,,,False,,,,,,,,,,,,,,False,,,,,,,,,,,,,,False,,,,,,,,,,,,,,True,0.06460014900523553,10.166807197924376,9.40476161022378,76.42152090923123,0.20590134377626557,0.0032199652571400224,-3.0340931137921228,0.0,0.0,0.0,0.0,0.0,0.0,False,,,,,,,,,,,,,,,False,,,,,,
2026-07-27T22:42:54.347+00:00,1.200000,107756.800000,1.217330,4095,0,02,00,FFFFFFFF,32,2.93498702,3.05045552,2.20764441,1.35141788,1.10117622,0.48061920,2.20563206,1.19105364,1.04592876,1.49780070,2.20697027,0.88917741,1.00881373,0.95846505,2.20524085,0.63918833,1.98343638,0.97745509,2.20474984,1.00461262,0.76633251,0.81049467,2.20725179,1.17493502,1.81891871,1.36171387,2.20756756,1.14385005,1.06295294,0.80816135,2.20754651,0.71032484,SD 02 00 FFFFFFFF 920962 94734C 7FEE87 612455 5522E1 2DBA8C 7FDF96 59A6CC 523CAB 6769E1 7FE986 4972C6 503BBF 4D70BB 7FDCAE 396E61 79159B 4E8111 7FD908 5000F1 41E9E9 44B164 7FEB9D 58DC03 739342 619990 7FEDF5 574F6F 53240C 448C52 7FEDCD 3E44A4 7CA796 000FFF 00 107140,2026-07-27T22:42:54.313+00:00,serial_request_midpoint,69.5064,True,matched,-12.8522,12.8522,2026-07-27T22:42:54.300+00:00,0.349042,1785192174231.366,13,False,,,,,,,,,,,,,,False,,,,,,,,,,,,,,False,,,,,,,,,,,,,,False,,,,,,,,,,,,,,False,,,,,,,,,,,,,,False,,,,,,,,,,,,,,True,0.03938828793671425,10.177485364501273,9.410194137927634,76.4784892722911,0.20513228622285756,-0.0002112276879022873,-3.034660392804138,0.0,-1.4210854715202005e-15,0.0,0.0,0.0,0.0,False,,,,,,,,,,,,,,,False,,,,,,
2026-07-27T22:42:54.714+00:00,1.700000,107757.300000,1.216720,4095,0,02,00,FFFFFFFF,32,2.93500201,3.05050925,2.20726179,1.35141549,1.10120076,0.48061041,2.20740652,1.19100185,1.04589330,1.49777623,2.20525452,0.88917844,1.00881932,0.95848021,2.20728600,0.63918483,1.98334200,0.97747838,2.20752862,1.00461151,0.76633036,0.81050722,2.20768283,1.17493533,1.81889201,1.36175275,2.20532708,1.14387765,1.06296738,0.80817265,2.20499270,0.71031840,SD 02 00 FFFFFFFF 920977 947394 7FEBB0 61244E 552334 2DBA5F 7FECC3 59A626 523C2F 67699F 7FDCC8 4972CA 503BD3 4D70F3 7FEBDE 396E51 7914D4 4E8166 7FEDAB 5000ED 41E9E0 44B197 7FEED0 58DC04 739305 619A01 7FDD52 574FCA 53243E 448C80 7FDAD6 3E4488 7C9796 000FFF 00 107145,2026-07-27T22:42:54.631+00:00,serial_request_midpoint,166.19,True,matched,-22.1481,22.1481,2026-07-27T22:42:54.609+00:00,0.657788,1785192174533.015,22,False,,,,,,,,,,,,,,False,,,,,,,,,,,,,,False,,,,,,,,,,,,,,False,,,,,,,,,,,,,,False,,,,,,,,,,,,,,False,,,,,,,,,,,,,,True,0.009655774906321682,10.17640101053078,9.40930175554885,76.46433092110908,0.20584004732160047,0.0033100857111189896,-3.0354971103202923,0.0,0.0,0.0,0.0,0.0,0.0,False,,,,,,,,,,,,,,,False,,,,,,
2026-07-27T22:42:55.271+00:00,2.900000,107758.500000,1.219161,4095,0,02,00,FFFFFFFF,32,2.93500344,3.05042939,2.20703078,1.35141788,1.10121703,0.48061334,2.20761072,1.19104085,1.04589645,1.49777215,2.20757967,0.88916964,1.00882715,0.95847480,2.20779232,0.63917760,1.98338563,0.97745810,2.20522561,1.00457137,0.76635162,0.81051657,2.20727916,1.17493935,1.81886048,1.36167809,2.20724969,1.14388615,1.06296941,0.80816331,2.20500742,0.71032323,SD 02 00 FFFFFFFF 920979 947329 7FE9F9 612455 55236B 2DBA6E 7FEE47 59A6A3 523C3A 676994 7FEE0C 4972A8 503BEF 4D70DF 7FEFA0 396E30 791530 4E811C 7FDC91 50005D 41EA39 44B1BD 7FEBD1 58DC11 7392BD 619928 7FEB99 574FE6 532445 448C5A 7FDAF2 3E449D 7CD795 000FFF 00 107151,2026-07-27T22:42:55.093+00:00,serial_request_midpoint,357.2169,True,matched,35.04615,35.04615,2026-07-27T22:42:55.128+00:00,1.176871,1785192175067.102,38,False,,,,,,,,,,,,,,False,,,,,,,,,,,,,,False,,,,,,,,,,,,,,False,,,,,,,,,,,,,,False,,,,,,,,,,,,,,False,,,,,,,,,,,,,,True,0.07214142377842345,10.176982363456847,9.408213926266516,76.45053190931445,0.2094039720115857,0.002751038542577282,-3.0339648658447826,0.0,0.0,1.1368683772161604e-14,0.0,0.0,0.0,False,,,,,,,,,,,,,,,False,,,,,,
2026-07-27T22:42:55.827+00:00,3.400000,107759.000000,1.220382,4095,0,02,00,FFFFFFFF,32,2.93509482,3.05047417,2.20463262,1.35142609,1.10118687,0.48061217,2.20467467,1.19099780,1.04586443,1.49778142,2.20722758,0.88916627,1.00886124,0.95847724,2.20756335,0.63919753,1.98345250,0.97746714,2.20748599,1.00455047,0.76633609,0.81050377,2.20755125,1.17490288,1.81877600,1.36164712,2.20753599,1.14388038,1.06297374,0.80819009,2.20514201,0.71030552,SD 02 00 FFFFFFFF 9209F9 947365 7FD829 61246D 552305 2DBA68 7FD879 59A619 523BCA 6769AD 7FEB6F 49729B 503C69 4D70E8 7FEDED 396E8B 7915BD 4E813D 7FED5A 500012 41E9F8 44B189 7FEDD6 58DB9B 7391FC 6198CE 7FEDB9 574FD3 532454 448CC7 7FDBF2 3E4450 7CF795 000FFF 00 107156,2026-07-27T22:42:55.649+00:00,serial_request_midpoint,356.1574,True,matched,61.7255,61.7255,2026-07-27T22:42:55.711+00:00,1.760417,1785192175664.689,56,False,,,,,,,,,,,,,,False,,,,,,,,,,,,,,False,,,,,,,,,,,,,,False,,,,,,,,,,,,,,False,,,,,,,,,,,,,,False,,,,,,,,,,,,,,True,0.07379500858235302,10.179108390144679,9.405981395626348,76.47238912017067,0.2062225171174144,0.003652047239564736,-3.034399086824983,0.0,0.0,0.0,0.0,0.0,0.0,False,,,,,,,,,,,,,,,False,,,,,,
2026-07-27T22:42:56.385+00:00,4.600000,107760.200000,1.218551,4095,0,02,00,FFFFFFFF,32,2.93511125,3.05040924,2.20471725,1.35140044,1.10120431,0.48063013,2.20465890,1.19102213,1.04588015,1.49779699,2.20441345,0.88915125,1.00883581,0.95848076,2.20435721,0.63920847,1.98348380,0.97744714,2.20691344,1.00457416,0.76635497,0.81050746,2.20533181,1.17487600,1.81878694,1.36173038,2.20713181,1.14390678,1.06300061,0.80818518,2.20730863,0.71030644,SD 02 00 FFFFFFFF 920A10 94730E 7FD8CA 612422 552340 2DBAC4 7FD85B 59A667 523C01 6769D7 7FD688 497261 503C0E 4D70F5 7FD61D 396EBD 7915FF 4E80F4 7FE91A 500067 41EA47 44B198 7FDD5B 58DB44 739215 6199C0 7FEAB9 57502A 5324B1 448CB3 7FEC09 3E4454 7CC795 000FFF 00 107162,2026-07-27T22:42:56.206+00:00,serial_request_midpoint,357.1059,True,matched,-12.02645,12.02645,2026-07-27T22:42:56.194+00:00,2.243473,1785192176131.453,70,False,,,,,,,,,,,,,,False,,,,,,,,,,,,,,False,,,,,,,,,,,,,,False,,,,,,,,,,,,,,False,,,,,,,,,,,,,,False,,,,,,,,,,,,,,True,0.1013860556848242,10.1837945896132,9.415292767005504,76.50360708172552,0.20898166713315364,0.0004169219317185952,-3.0335584179565034,0.0,-1.4210854715202005e-15,1.1368683772161604e-14,0.0,0.0,0.0,False,,,,,,,,,,,,,,,False,,,,,,
2026-07-27T22:42:56.943+00:00,5.100000,107760.700000,1.217941,4095,0,02,00,FFFFFFFF,32,2.93519335,3.05036446,2.20510731,1.35137273,1.10117681,0.48064653,2.20520037,1.19103086,1.04590331,1.49782851,2.20490544,0.88917689,1.00885872,0.95849971,2.20706603,0.63919315,1.98340839,0.97744139,2.20514779,1.00462600,0.76633944,0.81050550,2.20499060,1.17488898,1.81886880,1.36173830,2.20713023,1.14388463,1.06294225,0.80817265,2.20803552,0.71029954,SD 02 00 FFFFFFFF 920A83 9472D2 7FDBB0 6123D1 5522E3 2DBB18 7FDC61 59A683 523C52 676A2C 7FDA30 4972C4 503C60 4D713B 7FEA3C 396E77 791560 4E80DF 7FDBFD 500121 41EA06 44B190 7FDAD2 58DB6E 7392D0 6199D7 7FEAB6 574FE1 5323E7 448C80 7FF16E 3E4436 7CB795 000FFF 00 107167,2026-07-27T22:42:56.764+00:00,serial_request_midpoint,358.0252,True,matched,38.129,38.129,2026-07-27T22:42:56.802+00:00,2.85136,1785192176730.703,88,False,,,,,,,,,,,,,,False,,,,,,,,,,,,,,False,,,,,,,,,,,,,,False,,,,,,,,,,,,,,False,,,,,,,,,,,,,,False,,,,,,,,,,,,,,True,0.06825043173308354,10.167849063869498,9.40099048019922,76.37814588499405,0.2156847501693451,0.008423928795153782,-3.0343377099562403,0.0,0.0,0.0,0.0,0.0,0.0,False,,,,,,,,,,,,,,,False,,,,,,
2026-07-27T22:42:57.499+00:00,6.300000,107761.900000,1.217330,4095,0,02,00,FFFFFFFF,32,2.93514123,3.05037417,2.20748546,1.35140523,1.10117090,0.48062701,2.20795655,1.19103118,1.04593619,1.49780960,2.20502898,0.88918026,1.00882798,0.95847290,2.20719812,0.63919008,1.98342879,0.97747290,2.20515305,1.00455772,0.76634995,0.81051386,2.20503108,1.17489948,1.81889244,1.36167981,2.20720075,1.14388766,1.06297634,0.80816946,2.20777653,0.71030138,SD 02 00 FFFFFFFF 920A3A 9472DF 7FED59 612430 5522CF 2DBAB4 7FF0D8 59A684 523CC5 6769F9 7FDB1B 4972D1 503BF2 4D70D8 7FEB37 396E69 79158B 4E8152 7FDC07 50002C 41EA32 44B1B2 7FDB1F 58DB90 739306 61992D 7FEB3C 574FEB 53245D 448C73 7FEF82 3E443E 7CA795 000FFF 00 107173,2026-07-27T22:42:57.322+00:00,serial_request_midpoint,355.7968,True,matched,48.3036,48.3036,2026-07-27T22:42:57.370+00:00,3.41883,1785192177295.505,105,False,,,,,,,,,,,,,,False,,,,,,,,,,,,,,False,,,,,,,,,,,,,,False,,,,,,,,,,,,,,False,,,,,,,,,,,,,,False,,,,,,,,,,,,,,True,0.019703049820134273,10.173716141600005,9.40774316600961,76.46878217817417,0.20623612151599144,0.0057240064427769265,-3.0342592232753955,0.0,0.0,0.0,0.0,0.0,0.0,False,,,,,,,,,,,,,,,False,,,,,,
2026-07-27T22:42:58.056+00:00,6.900000,107762.500000,1.214889,4095,0,02,00,FFFFFFFF,32,2.93506769,3.05041447,2.20733442,1.35133065,1.10118302,0.48063248,2.20813028,1.19103430,1.04593619,1.49781220,2.20544697,0.88917430,1.00885285,0.95849132,2.20450910,0.63917957,1.98338610,0.97745289,2.20463840,1.00454127,0.76634374,0.81050180,2.20482396,1.17486457,1.81884297,1.36168978,2.20470358,1.14389009,1.06293705,0.80817584,2.20709234,0.71030690,SD 02 00 FFFFFFFF 9209D3 947315 7FEC3A 612356 5522F8 2DBAD0 7FF222 59A68E 523CC5 676A00 7FDE36 4972BA 503C4B 4D711C 7FD73E 396E39 791531 4E8109 7FD834 4FFFF1 41EA18 44B181 7FD995 58DB1F 739295 61994A 7FD8B0 574FF3 5323D5 448C8D 7FEA6E 3E4456 7C6795 000FFF 00 107179,2026-07-27T22:42:57.878+00:00,serial_request_midpoint,356.2789,True,matched,30.37265,30.37265,2026-07-27T22:42:57.909+00:00,3.957458,1785192177827.037,121,False,,,,,,,,,,,,,,False,,,,,,,,,,,,,,False,,,,,,,,,,,,,,False,,,,,,,,,,,,,,False,,,,,,,,,,,,,,False,,,,,,,,,,,,,,True,0.049341852103240096,10.171701211958913,9.405486404941739,76.43929995545666,0.2040100927681079,0.009638641709109032,-3.034965329531075,2.842170943040401e-15,0.0,0.0,0.0,0.0,0.0,False,,,,,,,,,,,,,,,False,,,,,,
2026-07-27T22:42:58.614+00:00,8.000000,107763.600000,1.218551,4095,0,02,00,FFFFFFFF,32,2.93511910,3.05050328,2.20718706,1.35135084,1.10117445,0.48062447,2.20790707,1.19102650,1.04590360,1.49780849,2.20789917,0.88917404,1.00881457,0.95849673,2.20750335,0.63920037,1.98346009,0.97745207,2.20515463,1.00454100,0.76634947,0.81051214,2.20512308,1.17489732,1.81869414,1.36173795,2.20702394,1.14391679,1.06300263,0.80818764,2.20782390,0.71030207,SD 02 00 FFFFFFFF 920A1B 94738C 7FEB22 612391 5522DB 2DBAA7 7FF07A 59A675 523C53 6769F6 7FF06B 4972B9 503BC2 4D7130 7FED7B 396E98 7915CD 4E8106 7FDC0A 4FFFF0 41EA30 44B1AB 7FDBCE 58DB89 739141 6199D6 7FE9EC 57504B 5324B8 448CBD 7FEFDC 3E4441 7CC795 000FFF 00 107184,2026-07-27T22:42:58.436+00:00,serial_request_midpoint,357.8527,True,matched,89.23985,89.23985,2026-07-27T22:42:58.525+00:00,4.573986,1785192178460.518,140,False,,,,,,,,,,,,,,False,,,,,,,,,,,,,,False,,,,,,,,,,,,,,False,,,,,,,,,,,,,,False,,,,,,,,,,,,,,False,,,,,,,,,,,,,,True,0.032400149606605116,10.170912999786069,9.396642011813421,76.48097550554584,0.2098071947070426,-0.0024022973542568667,-3.0335736845234638,2.842170943040401e-15,0.0,-1.1368683772161604e-14,0.0,0.0,0.0,False,,,,,,,,,,,,,,,False,,,,,,
2026-07-27T22:42:59.171+00:00,9.200000,107764.800000,1.217941,4095,1,02,80,FFFFFFFF,32,2.93513338,3.05037417,2.20790654,1.35139839,1.10118450,0.48062798,2.20855254,1.19102057,1.04590531,1.49778810,2.20852621,0.88916368,1.00881904,0.95849700,2.20896171,0.63920059,1.98347479,0.97745180,2.20768231,1.00455549,0.76633609,0.81050919,2.20292500,1.17488156,1.81876111,1.36175068,2.20386744,1.14384367,1.06291942,0.80815619,2.20470148,0.71028275,SD 02 80 FFFFFFFF 920A2F 9472DF 7FF079 61241C 5522FD 2DBAB9 7FF544 59A662 523C59 6769BF 7FF512 497291 503BD2 4D7131 7FF84D 396E99 7915EC 4E8105 7FEECF 500024 41E9F8 44B19F 7FCB77 58DB56 7391DA 6199FB 7FD279 574F5A 532398 448C3D 7FD8AC 3E43ED 7CB795 000FFF 01 107190,2026-07-27T22:42:58.993+00:00,serial_request_midpoint,355.5814,True,matched,66.1615,66.1615,2026-07-27T22:42:59.058+00:00,5.107933,1785192178993.922,156,False,,,,,,,,,,,,,,False,,,,,,,,,,,,,,False,,,,,,,,,,,,,,False,,,,,,,,,,,,,,False,,,,,,,,,,,,,,False,,,,,,,,,,,,,,True,0.03824638603985345,10.158571638586645,9.392084364552911,76.5130390398221,0.20432534147862352,-0.009172070967429766,-3.0336244595546793,-2.842170943040401e-15,1.4210854715202005e-15,0.0,0.0,0.0,0.0,False,,,,,,,,,,,,,,,False,,,,,,
2026-07-27T22:42:59.727+00:00,9.700000,107765.300000,1.219772,4095,1,02,80,FFFFFFFF,32,2.93439167,3.04993761,2.20462158,1.35113876,1.10108988,0.48062662,2.20509680,1.19093291,1.04571319,1.49781479,2.20457217,0.88910876,1.00874946,0.95843283,2.20474879,0.63916928,1.98316653,0.97736960,2.20465838,1.00429632,0.76626490,0.81036500,2.20734599,1.17437239,1.81862060,1.36073596,2.20747335,1.14347087,1.06254331,0.80811197,2.20724442,0.71008266,SD 02 80 FFFFFFFF 920620 947096 7FD814 612125 5521BD 2DBAB2 7FDB9C 59A549 5239B9 676A07 7FD7B6 4971BD 503AD9 4D7044 7FD906 396E0A 791362 4E7FD9 7FD85A 4FFC82 41E8CE 44AF55 7FEC50 58D4E6 739099 618E75 7FED42 574A8D 531E82 448B89 7FEB8F 3E4087 7CE795 000FFF 01 107195,2026-07-27T22:42:59.549+00:00,serial_request_midpoint,356.5725,True,matched,40.81235,40.81235,2026-07-27T22:42:59.590+00:00,5.638829,1785192179527.279,172,False,,,,,,,,,,,,,,False,,,,,,,,,,,,,,False,,,,,,,,,,,,,,False,,,,,,,,,,,,,,False,,,,,,,,,,,,,,False,,,,,,,,,,,,,,True,0.08634755491655675,10.130008294508775,9.375229641294585,76.39940841635735,0.2150589249850039,-0.0012470811179083224,-3.0354816031761334,0.0,0.0,1.1368683772161604e-14,0.0,0.0,0.0,False,,,,,,,,,,,,,,,False,,,,,,
2026-07-27T22:43:00.283+00:00,10.900000,107766.500000,1.217941,4095,1,02,80,FFFFFFFF,32,2.93073123,3.04645447,2.20730073,1.34938398,1.10099851,0.48064614,2.20760704,1.19072984,1.04510867,1.49779959,2.20759388,0.88884120,1.00854969,0.95821137,2.20793497,0.63912046,1.98272461,0.97710959,2.20751388,1.00391099,0.76611941,0.81022870,2.20796024,1.17398752,1.81840043,1.35975927,2.20523823,1.14298050,1.06201655,0.80810853,2.20477717,0.70995986,SD 02 80 FFFFFFFF 91F214 945E57 7FEBFA 610D18 552088 2DBB16 7FEE40 59A2BE 523176 6769DE 7FEE27 496DB4 50380E 4D6D12 7FF0AF 396D2B 790FBE 4E7C24 7FED8F 4FF71B 41E66D 44AD2B 7FF0DF 58D008 738EA2 61835C 7FDCA9 57443C 531762 448B7B 7FD93C 3E3E71 7CB795 000FFF 01 1071A1,2026-07-27T22:43:00.105+00:00,serial_request_midpoint,355.8743,True,matched,12.12005,12.12005,2026-07-27T22:43:00.118+00:00,6.166798,1785192180060.689,188,False,,,,,,,,,,,,,,False,,,,,,,,,,,,,,False,,,,,,,,,,,,,,False,,,,,,,,,,,,,,False,,,,,,,,,,,,,,False,,,,,,,,,,,,,,True,0.14897492020616918,10.144715058572018,9.385088428801682,76.50812959707599,0.2080017964492181,-0.003926508253113037,-3.0361993838577024,2.842170943040401e-15,-1.4210854715202005e-15,0.0,0.0,0.0,0.0,False,,,,,,,,,,,,,,,False,,,,,,
2026-07-27T22:43:00.840+00:00,11.400000,107767.000000,1.219161,4095,1,02,80,FFFFFFFF,32,2.92891008,3.04481330,2.20678664,1.34828646,1.10085009,0.48062584,2.20495696,1.19053834,1.04475635,1.49778476,2.20702236,0.88866691,1.00831893,0.95806032,2.20761599,0.63905719,1.98228705,0.97691235,2.20744546,1.00363633,0.76603580,0.81010619,2.20755914,1.17382291,1.81826476,1.35911909,2.20762441,1.14264033,1.06152200,0.80805964,2.20777442,0.70985638,SD 02 80 FFFFFFFF 91E818 9455BC 7FE829 61008B 551E92 2DBAAE 7FDA92 59A058 522CA5 6769B6 7FE9E9 496B13 5034D4 4D6AE4 7FEE51 396C0A 790C23 4E7954 7FED0D 4FF341 41E50F 44AB39 7FEDE5 58CDF3 738D6C 617C15 7FEE61 573FDA 5310B1 448AB4 7FEF7E 3E3CAF 7CD795 000FFF 01 1071A6,2026-07-27T22:43:00.662+00:00,serial_request_midpoint,356.8641,True,matched,58.36945,58.36945,2026-07-27T22:43:00.721+00:00,6.769585,1785192180660.807,206,False,,,,,,,,,,,,,,False,,,,,,,,,,,,,,False,,,,,,,,,,,,,,False,,,,,,,,,,,,,,False,,,,,,,,,,,,,,False,,,,,,,,,,,,,,True,0.07557673408156484,10.13074487330699,9.374247228412159,76.39211448563157,0.2165517283646498,0.0032362656900682416,-3.0337426922723316,0.0,0.0,-1.1368683772161604e-14,0.0,0.0,0.0,False,,,,,,,,,,,,,,,False,,,,,,
2026-07-27T22:43:01.398+00:00,12.600000,107768.200000,1.219772,4095,1,02,80,FFFFFFFF,32,2.92845927,3.04425704,2.20737020,1.34771252,1.10074189,0.48063208,2.20796287,1.19043885,1.04455808,1.49777401,2.20769810,0.88855064,1.00820384,0.95796937,2.20791444,0.63903179,1.98202352,0.97672555,2.20772231,1.00341269,0.76596749,0.81006437,2.20734441,1.17368333,1.81826607,1.35865156,2.20768546,1.14234600,1.06118459,0.80800707,2.20805500,0.70977614,SD 02 80 FFFFFFFF 91E59F 9452D1 7FEC7E 60F9FA 551D24 2DBACE 7FF0E4 599F19 5229EF 676999 7FEEED 496952 503338 4D6994 7FF088 396B96 7909F7 4E76AA 7FEF1B 4FF01E 41E3F1 44AA8F 7FEC4D 58CC2F 738D6F 6176C4 7FEED5 573C0F 530C20 4489DE 7FF193 3E3B52 7CE795 000FFF 01 1071B2,2026-07-27T22:43:01.219+00:00,serial_request_midpoint,357.0469,True,matched,19.63705,19.63705,2026-07-27T22:43:01.239+00:00,7.287977,1785192181160.805,221,False,,,,,,,,,,,,,,False,,,,,,,,,,,,,,True,0.5740798469768587,-20.147456040026135,17.46264095196417,54.42393687175739,0.10326691779152528,0.05995060479538602,-2.680502885394918,32.05675985617754,-11.065522142720582,-17.787785440630625,-0.06585453895941426,-0.057411281909898755,0.35579529291118633,False,,,,,,,,,,,,,,False,,,,,,,,,,,,,,False,,,,,,,,,,,,,,True,0.051308432611414184,10.13531643733987,9.385215848737799,76.42838729514764,0.20780801990654355,0.008090407978183568,-3.03552228487267,0.0,-1.4210854715202005e-15,0.0,0.0,0.0,0.0,True,2,0.5740798469767121,-20.656293123860898,17.102774348526815,59.43914387377134,-2.9829973461959605,-0.6831247170757885,-0.13975763043429312,31.910603855363,-10.750461280791948,-12.745950903489268,-0.5317385093869837,3.0526335750490166,-0.15299165153024677,True,-5.775000775926029,-14.6663305187413,65.34189143062699,19.55633507124461,22.343494341812864,-8.53483955481065
2026-07-27T22:43:01.954+00:00,13.200000,107768.800000,1.217941,4095,1,02,80,FFFFFFFF,32,2.92821075,3.04366070,2.20511783,1.34720463,1.10063695,0.48064380,2.20523297,1.19032846,1.04441982,1.49785410,2.20706130,0.88845354,1.00811446,0.95788952,2.20781916,0.63897904,1.98173301,0.97660121,2.20757599,1.00325841,0.76590228,0.80999033,2.20801078,1.17359841,1.81814616,1.35829713,2.20762178,1.14207353,1.06089082,0.80800510,2.20751388,0.70970578,SD 02 80 FFFFFFFF 91E442 944FB0 7FDBC4 60F42A 551BC1 2DBB0A 7FDC9F 599DB7 52280B 676A71 7FEA33 4967DB 5031F8 4D686D 7FEFD3 396AA5 790792 4E74E4 7FEE05 4FEDF4 41E2E0 44A962 7FF13F 58CB1C 738C5D 6172BC 7FEE5C 57388C 530826 4489D6 7FED8F 3E3A20 7CB795 000FFF 01 1071B8,2026-07-27T22:43:01.777+00:00,serial_request_midpoint,355.502,True,matched,81.5722,81.5722,2026-07-27T22:43:01.858+00:00,7.907161,1785192181794.133,240,False,,,,,,,,,,,,,,False,,,,,,,,,,,,,,True,0.4383676631031084,-24.991906958414237,14.375656928164119,54.89797920695277,0.19859006407578514,-0.013494440600547273,-3.0457956360845997,37.095452596071794,-8.611968787147767,-16.532972937998,0.008319721525741215,-0.008914836472234535,-0.009583320393098742,False,,,,,,,,,,,,,,False,,,,,,,,,,,,,,False,,,,,,,,,,,,,,True,0.07999358768468333,10.135611106306119,9.38092295975185,76.45460025628063,0.21087601654822136,-0.001164165398902568,-3.034832948267979,0.0,0.0,0.0,0.0,0.0,0.0,True,2,0.4383676631029416,-25.846561924546762,14.403295660966913,59.87889496301365,-3.1074521830569846,-0.12754019237971087,-0.23775590590767937,37.24797058212748,-8.685999053923384,-11.482034553579501,-0.029950035517219163,-3.1261780300578814,0.03316371002770966,True,-23.846392540168434,-20.366544100056498,67.1334714605564,37.72170421468202,26.165497116401145,-4.360229595046155
2026-07-27T22:43:02.512+00:00,14.300000,107769.900000,1.218551,4095,1,02,80,FFFFFFFF,32,2.92808686,3.04323270,2.20724969,1.34691832,1.10051103,0.48066352,2.20782548,1.19017785,1.04431928,1.49777845,2.20725811,0.88836447,1.00808178,0.95782943,2.20726390,0.63896415,1.98155436,0.97645196,2.20691975,1.00312920,0.76585236,0.80995072,2.20528292,1.17362682,1.81812384,1.35830468,2.20726811,1.14202474,1.06067240,0.80805129,2.20845618,0.70971107,SD 02 80 FFFFFFFF 91E394 944D71 7FEB99 60F0E3 551A17 2DBB6F 7FEFDF 599BD4 5226AB 6769A5 7FEBA9 496683 503183 4D678F 7FEBB4 396A61 790619 4E72C3 7FE926 4FEC24 41E20F 44A8C1 7FDCFE 58CB78 738C2A 6172D2 7FEBBC 5737EB 530531 448A92 7FF48D 3E3A37 7CC794 000FFF 01 1071C3,2026-07-27T22:43:02.333+00:00,serial_request_midpoint,358.4437,True,matched,56.15805,56.15805,2026-07-27T22:43:02.390+00:00,8.438891,1785192182327.502,256,False,,,,,,,,,,,,,,False,,,,,,,,,,,,,,True,0.22784299869188732,-26.971367535667213,11.683102560057618,54.279605329039214,0.17353725118812147,-0.07152495063029138,-3.035493633952922,39.410323924027054,-6.1529010984118955,-16.8405636699983,0.04439142196813807,-0.027066809949877393,0.0035873791783654616,False,,,,,,,,,,,,,,False,,,,,,,,,,,,,,False,,,,,,,,,,,,,,True,0.054630564010634514,10.145065172622889,9.386071394246274,76.45460204338188,0.21132328401752423,-0.0017567023613818834,-3.034386111542738,0.0,0.0,0.0,0.0,0.0,0.0,True,2,0.22784299869185876,-27.755714470030632,11.900546784803824,59.26741450235629,3.1152877040971894,0.14532690430130288,0.2132637539702604,39.47220097296681,-6.406923838308138,-11.793548103133379,0.00914473038847676,3.1384124166882823,0.023201048471989963,True,-25.351140144715238,-22.538160775473187,67.85605575833512,39.34339124656934,28.168502028205886,-3.421293392738664
2026-07-27T22:43:03.070+00:00,14.900000,107770.500000,1.219161,4095,1,02,80,FFFFFFFF,32,2.92805695,3.04342622,2.20784496,1.34673236,1.10071558,0.48068734,2.20814660,1.19034124,1.04434756,1.49791416,2.20770810,0.88836758,1.00807983,0.95784594,2.20775705,0.63898582,1.98156715,0.97643005,2.20753283,1.00301393,0.76585953,0.80996106,2.20723179,1.17357340,1.81811553,1.35810380,2.20498429,1.14183838,1.06038421,0.80797661,2.20707708,0.70964577,SD 02 80 FFFFFFFF 91E36A 944E75 7FF004 60EEC2 551CCB 2DBBE9 7FF241 599DE0 52270E 676B13 7FEF00 49668F 50317C 4D67CC 7FEF5D 396AC4 790634 4E7273 7FEDB3 4FEA86 41E22D 44A8EB 7FEB77 58CACB 738C17 617089 7FDAC6 573584 53014A 448962 7FEA51 3E391B 7CD796 000FFF 01 1071C9,2026-07-27T22:43:02.892+00:00,serial_request_midpoint,356.5351,True,matched,30.10975,30.10975,2026-07-27T22:43:02.921+00:00,8.970937,1785192182860.85,272,False,,,,,,,,,,,,,,False,,,,,,,,,,,,,,True,0.24420247968374886,-26.963198762935654,11.728558110567835,54.29948949260247,0.17943042723677577,-0.06352140486995754,-3.0366766994137384,39.397221771590395,-6.145729654724827,-16.733524330646514,0.04148001944081596,-0.023804525402511507,0.0024432628091884444,False,,,,,,,,,,,,,,False,,,,,,,,,,,,,,False,,,,,,,,,,,,,,True,0.050502861188520334,10.1403282329351,9.379637589723812,76.38416222476283,0.21244117606220192,0.0014835593320385101,-3.0347330146299116,0.0,0.0,0.0,0.0,0.0,0.0,True,2,0.24420247968380107,-27.765204340774734,11.919203843459211,59.28558659347565,3.1202276041546875,0.14345757564683123,0.2195944392326118,39.47538988329203,-6.385182652355326,-11.686022468345778,-0.010928815750792112,-3.1413342316610957,-0.018646526160061724,True,-25.423682416453083,-22.568694791283075,67.6923361181023,39.41231171439398,28.214501519036606,-3.4138286168522427
2026-07-27T22:43:03.627+00:00,16.000000,107771.600000,1.221603,4095,1,02,80,FFFFFFFF,32,2.92785902,3.04314190,2.20735389,1.34654882,1.10057842,0.48070863,2.20805552,1.19021838,1.04422302,1.49790378,2.20754967,0.88832279,1.00797649,0.95780751,2.20541331,0.63896284,1.98138568,0.97630847,2.20475825,1.00296186,0.76579934,0.80993449,2.20725600,1.17352987,1.81798425,1.35786792,2.20752020,1.14164113,1.06016297,0.80794787,2.20775758,0.70961221,SD 02 80 FFFFFFFF 91E254 944CF7 7FEC5F 60ECA8 551AFB 2DBC56 7FF194 599C56 52255A 676AF7 7FEDD3 4965E2 50300A 4D673E 7FDDF6 396A5B 7904B5 4E70B7 7FD918 4FE9CB 41E131 44A87F 7FEBA5 58CA3E 738AEB 616DDA 7FED9B 5732F9 52FE4B 4488ED 7FEF5E 3E3889 7D1796 000FFF 01 1071D4,2026-07-27T22:43:03.448+00:00,serial_request_midpoint,356.743,True,matched,91.8966,91.8966,2026-07-27T22:43:03.540+00:00,9.589518,1785192183460.803,290,False,,,,,,,,,,,,,,False,,,,,,,,,,,,,,True,0.26594499885933703,-27.053643156859845,11.74220573826914,54.29117465854174,0.1678023442055135,-0.06462781589837877,-3.0385281259664207,39.47820074675131,-6.170735242240968,-16.83424133369285,0.04002683612076179,-0.03003147257645934,0.0018205041446431943,False,,,,,,,,,,,,,,False,,,,,,,,,,,,,,False,,,,,,,,,,,,,,True,0.07066581599764077,10.14477407107466,9.387501692882953,76.44362629502638,0.21038645493847632,-0.0014140552367104772,-3.0355657928685695,0.0,0.0,0.0,0.0,0.0,0.0,True,2,0.26594499885932604,-27.817364395644102,11.938993547505742,59.28304079023976,3.120388781978824,0.14136656873700906,0.20757399380530978,39.524820938929786,-6.402983108685779,-11.786012878537406,0.012056239320291118,3.1354874683755467,0.016393132980347065,True,-25.460992381672916,-22.54378641599836,67.70662148092484,39.43710461089419,28.20860900875125,-3.56401119560669
2026-07-27T22:43:04.183+00:00,17.200000,107772.800000,1.219161,4095,1,02,80,FFFFFFFF,32,2.92775935,3.04303919,2.20729600,1.34637450,1.10047112,0.48072151,2.20557474,1.19015321,1.04416419,1.49783667,2.20697869,0.88825185,1.00795442,0.95777016,2.20780390,0.63894226,1.98125112,0.97622605,2.20753967,1.00289449,0.76575945,0.80990006,2.20742494,1.17348139,1.81803326,1.35771927,2.20529185,1.14144997,1.05999599,0.80792306,2.20719391,0.70956485,SD 02 80 FFFFFFFF 91E1C8 944C6D 7FEBF1 60EAA9 551990 2DBC98 7FDF29 599B85 52248C 676A42 7FE996 4964D0 502FBB 4D66B4 7FEFB6 3969FD 790399 4E6F8A 7FEDC0 4FE8D9 41E08A 44A7F3 7FECE6 58C9A1 738B5B 616C29 7FDD0F 573082 52FC08 448888 7FEB2F 3E37BB 7CD794 000FFF 01 1071E0,2026-07-27T22:43:04.005+00:00,serial_request_midpoint,355.8781,True,matched,71.53945,71.53945,2026-07-27T22:43:04.076+00:00,10.125688,1785192183994.095,306,False,,,,,,,,,,,,,,False,,,,,,,,,,,,,,True,0.27461432301528155,-27.065482244539414,11.747610012906982,54.3156787788778,0.17114115180450357,-0.062099293340639766,-3.037519479328401,39.445006869870085,-6.177443716580116,-16.965019201542827,0.0395898499561796,-0.024722751652153173,0.0019035268012185357,False,,,,,,,,,,,,,,False,,,,,,,,,,,,,,False,,,,,,,,,,,,,,True,0.03144714651143578,10.15379652122594,9.392513364316628,76.47555382988784,0.20567540860373043,5.8689912773004465e-05,-3.0352059722676956,2.842170943040401e-15,0.0,0.0,0.0,0.0,0.0,True,2,0.2746143230152591,-27.839993469695564,11.935125624828459,59.30623919920258,3.1217567073139487,0.14282932390588005,0.21112623669892988,39.51845130298271,-6.407439390597044,-11.91700662660826,0.011831231820289294,3.140796486643922,0.015692356217456405,True,-25.466463112751413,-22.559541791108984,67.67616083806378,39.467995185327105,28.207787129845162,-3.710005843690419
2026-07-27T22:43:04.739+00:00,17.700000,107773.300000,1.218551,4095,1,02,80,FFFFFFFF,32,2.92765684,3.04293426,2.20490281,1.34621964,1.10036708,0.48072171,2.20743072,1.19006092,1.04417590,1.49783630,2.20749756,0.88823657,1.00791951,0.95772091,2.20767125,0.63891643,1.98117153,0.97615815,2.20497115,1.00283435,0.76571981,0.80988161,2.20702446,1.17343045,1.81797681,1.35760564,2.20752178,1.14122006,1.05984488,0.80793534,2.20777231,0.70951519,SD 02 80 FFFFFFFF 91E138 944BE0 7FDA2B 60E8E3 551830 2DBC99 7FECF1 599A5D 5224B5 676A41 7FED70 496495 502F3E 4D65FE 7FEEBA 396987 7902F1 4E6E92 7FDAAD 4FE801 41DFE4 44A7A8 7FE9ED 58C8FC 738ADA 616ADE 7FED9E 572D8B 52F9FC 4488BA 7FEF7A 3E36E3 7CC794 000FFF 01 1071E5,2026-07-27T22:43:04.561+00:00,serial_request_midpoint,355.8028,True,matched,47.6034,47.6034,2026-07-27T22:43:04.608+00:00,10.657922,1785192184527.39,322,False,,,,,,,,,,,,,,False,,,,,,,,,,,,,,True,0.2673365548970546,-27.044393823370974,11.737433609387796,54.26783663036862,0.1649198810468694,-0.05756164565341042,-3.0371858333691018,39.46801765620383,-6.2284034548702625,-16.90935257984014,0.03344550389905203,-0.03095636178091237,0.0021984816447842637,False,,,,,,,,,,,,,,False,,,,,,,,,,,,,,False,,,,,,,,,,,,,,True,0.0651883389771758,10.15243392650358,9.392505313585808,76.47911639111435,0.2094049452402979,-0.00423776387054684,-3.034807714373523,-2.842170943040401e-15,0.0,0.0,0.0,0.0,0.0,True,2,0.2673365548970772,-27.797975914904875,11.910717093286436,59.26211434755968,3.1250877458033655,0.1440107026891526,0.20492810213431129,39.50996307142013,-6.4273924539470055,-11.859662786269393,0.011605459957547321,3.13456521820592,0.006074554843644638,True,-25.360524467574887,-22.604592157371727,67.52792177971587,39.40562793191818,28.237565143801003,-3.8658436954251214
2026-07-27T22:43:05.295+00:00,18.900000,107774.500000,1.216720,4095,1,02,80,FFFFFFFF,32,2.92752371,3.04282933,2.20508471,1.34607536,1.10023173,0.48070433,2.20523139,1.19001353,1.04415876,1.49778661,2.20706393,0.88819204,1.00786617,0.95767977,2.20765230,0.63889323,1.98096782,0.97607793,2.20516252,1.00277478,0.76569211,0.80987128,2.20723653,1.17340575,1.81797243,1.35746834,2.20753651,1.14107498,1.05969263,0.80789825,2.20771336,0.70948669,SD 02 80 FFFFFFFF 91E07D 944B53 7FDB85 60E73C 551666 2DBC40 7FDC9C 5999C5 522479 6769BB 7FEA38 4963E9 502E7F 4D6566 7FEE96 39691D 790143 4E6D6D 7FDC19 4FE72B 41DF70 44A77E 7FEB80 58C8AC 738AD0 61694E 7FEDBA 572BAC 52F7EC 448823 7FEF0A 3E3667 7C9795 000FFF 01 1071F1,2026-07-27T22:43:05.117+00:00,serial_request_midpoint,356.3841,True,matched,14.58415,14.58415,2026-07-27T22:43:05.132+00:00,11.181169,1785192185060.718,338,False,,,,,,,,,,,,,,False,,,,,,,,,,,,,,True,0.23522389010742434,-27.02334331222911,11.725511816949005,54.22487467705666,0.16180554684853163,-0.053508867348448196,-3.0373045047870195,39.4709415439386,-6.0936109358594965,-16.91725888817721,0.036099375999762866,-0.03402313112612276,0.002770146897266484,False,,,,,,,,,,,,,,False,,,,,,,,,,,,,,False,,,,,,,,,,,,,,True,0.013097352404099245,10.14839969093325,9.393713866251149,76.45335211740841,0.21077754882324332,0.004125569062629919,-3.035046933105169,0.0,0.0,0.0,0.0,0.0,0.0,True,2,0.23522389010742065,-27.766083687789006,11.885907738683503,59.2212066240084,3.127937823479629,0.14422599551318288,0.20187954511955583,39.49748386179458,-6.305954312627722,-11.868008563917977,0.010720464796810809,3.1314951380571787,0.010236474928857531,True,-25.303133501052407,-22.64979615220434,67.39374281975066,39.348988592118424,28.33763954232428,-3.7827955982525507
2026-07-27T22:43:05.853+00:00,19.400000,107775.000000,1.217941,4095,1,02,80,FFFFFFFF,32,2.92744897,3.04273631,2.20501268,1.34598533,1.10021311,0.48068324,2.20505526,1.18993808,1.04409421,1.49778661,2.20436404,0.88812163,1.00785696,0.95765135,2.20480346,0.63889476,1.98080629,0.97601797,2.20469622,1.00271047,0.76568279,0.80985627,2.20469149,1.17339648,1.81795624,1.35738459,2.20451751,1.14097170,1.05957412,0.80789751,2.20498166,0.70945129,SD 02 80 FFFFFFFF 91E014 944AD6 7FDAFC 60E634 551627 2DBBD4 7FDB4D 5998D3 522397 6769BB 7FD62A 4962D9 502E5E 4D64FD 7FD96E 396924 78FFEE 4E6C92 7FD8A2 4FE644 41DF49 44A741 7FD899 58C88E 738AAB 61685A 7FD74E 572A57 52F651 448820 7FDAC1 3E35CD 7CB795 000FFF 01 1071F6,2026-07-27T22:43:05.674+00:00,serial_request_midpoint,356.8215,True,matched,75.07185,75.07185,2026-07-27T22:43:05.749+00:00,11.798535,1785192185694.064,357,False,,,,,,,,,,,,,,False,,,,,,,,,,,,,,True,0.1421075718980547,-27.033456183866498,11.729375913086333,54.24369832711564,0.16526759692980206,-0.05771809975031275,-3.035427330781436,39.46998160136386,-5.992709497195156,-16.92534469535667,0.04169558118542385,-0.03101111133402894,0.006201070662922394,False,,,,,,,,,,,,,,False,,,,,,,,,,,,,,False,,,,,,,,,,,,,,True,0.032415073821822925,10.147249914445224,9.385681975343603,76.43291869520353,0.20945765136165825,0.008482841383539975,-3.036613633484349,0.0,0.0,0.0,0.0,0.0,0.0,True,2,0.14210757189805706,-27.788654828873195,11.902372157850126,59.23774180207622,3.1248324897161663,0.14672949090379614,0.2053275080943146,39.51225642169088,-6.2328592659250805,-11.877447722154466,0.005180086863993365,3.134455261324455,0.018928591702471805,True,-25.29365886639808,-22.606983061568734,67.51123636116971,39.26403324881158,28.364764503221284,-3.600121492193921
2026-07-27T22:43:06.410+00:00,20.600000,107776.200000,1.219161,4095,1,02,80,FFFFFFFF,32,2.92743616,3.04262692,2.20724706,1.34588984,1.10015873,0.48069183,2.20769073,1.18987355,1.04410935,1.49778958,2.20763546,0.88813172,1.00783741,0.95763891,2.20754335,0.63889038,1.98083187,0.97596486,2.20514096,1.00266426,0.76566655,0.80983143,2.20705130,1.17337487,1.81795755,1.35739042,2.20512151,1.14087176,1.05942882,0.80786508,2.20732178,0.70942830,SD 02 80 FFFFFFFF 91E002 944A43 7FEB94 60E51C 55156F 2DBC00 7FEEDF 599804 5223CC 6769C3 7FEE76 496300 502E18 4D64CF 7FEDC7 396910 790024 4E6BD0 7FDBF0 4FE59E 41DF05 44A6DC 7FEA20 58C848 738AAE 61686B 7FDBCB 57290D 52F459 44879C 7FEC22 3E3569 7CD796 000FFF 01 107202,2026-07-27T22:43:06.231+00:00,serial_request_midpoint,357.1001,True,matched,35.76785,35.76785,2026-07-27T22:43:06.266+00:00,12.316362,1785192186194.073,372,False,,,,,,,,,,,,,,False,,,,,,,,,,,,,,True,0.22295884645968833,-27.048068516482157,11.737804295761688,54.272136364678445,0.1654684944305529,-0.06345902747788565,-3.0375320860938655,39.48330516091801,-6.173422462293081,-16.871248995482745,0.04057370461000692,-0.03180066571800374,0.0019150842561035913,False,,,,,,,,,,,,,,False,,,,,,,,,,,,,,False,,,,,,,,,,,,,,True,0.039596333901584034,10.149879261047188,9.394554339582989,76.46455477229605,0.21065303298574894,0.0007293888140989664,-3.0344695476548944,0.0,1.4210854715202005e-15,1.1368683772161604e-14,0.0,0.0,0.0,True,2,0.2229588464596638,-27.804261667935474,11.930647218975073,59.265302351213634,3.1212231565453927,0.14314433946174784,0.205254166569237,39.521004650183954,-6.408430570019567,-11.823073782374331,0.011931997408976602,3.1337155649571753,0.017252525061622673,True,-25.39518318070133,-22.554567461764513,67.66397034071035,39.416385185930096,28.198649701921898,-3.5822992707615526
2026-07-27T22:43:06.966+00:00,21.200000,107776.800000,1.216720,4095,1,02,80,FFFFFFFF,32,2.92750521,3.04275045,2.20770020,1.34588029,1.10015932,0.48068988,2.20776705,1.18986575,1.04404909,1.49779514,2.20777389,0.88809859,1.00780976,0.95761753,2.20722864,0.63887265,1.98075229,0.97592352,2.20737283,1.00266927,0.76564363,0.80984447,2.20781600,1.17336283,1.81794662,1.35726240,2.20760125,1.14080635,1.05932042,0.80789382,2.20761072,0.70941382,SD 02 80 FFFFFFFF 91E063 944AE9 7FEEF1 60E500 551571 2DBBF6 7FEF70 5997EB 5222F9 6769D2 7FEF7D 496280 502DB5 4D6480 7FEB71 3968BF 78FF7C 4E6B39 7FEC83 4FE5B0 41DEA5 44A711 7FEFCD 58C821 738A95 6166F6 7FEE35 572835 52F2E1 448811 7FEE47 3E352A 7C9796 000FFF 01 107208,2026-07-27T22:43:06.788+00:00,serial_request_midpoint,356.1678,True,matched,72.771,72.771,2026-07-27T22:43:06.861+00:00,12.910165,1785192186794.088,390,False,,,,,,,,,,,,,,False,,,,,,,,,,,,,,True,0.25152260431378226,-27.059750537179344,11.739789468399824,54.30338814140309,0.16868105202292863,-0.06220009243318448,-3.037118351286977,39.48716274344967,-6.259814682970534,-16.739489026316583,0.03716434247766002,-0.030494266727837917,0.0013402644830095005,False,,,,,,,,,,,,,,False,,,,,,,,,,,,,,False,,,,,,,,,,,,,,True,0.02773813350001872,10.145442493407021,9.388177750794606,76.41391342103897,0.2120869964539268,-0.0033353832237477204,-3.033711378166651,0.0,0.0,-1.1368683772161604e-14,0.0,0.0,0.0,True,2,0.25152260431379914,-27.826354282164424,11.927823579684267,59.29514984589641,3.121815843695117,0.1436275950794291,0.20861022439058974,39.53136546600853,-6.477676407189651,-11.690597521073448,0.012871587960357539,3.135035572737189,0.01191669402810116,True,-25.42237285503485,-22.564156430630483,67.66745556166028,39.458359898353606,28.157285793947175,-3.5674590730926754
2026-07-27T22:43:07.524+00:00,22.300000,107777.900000,1.218551,4095,1,02,80,FFFFFFFF,32,2.92735714,3.04253614,2.20510416,1.34580970,1.10013745,0.48065493,2.20504107,1.18986108,1.04403510,1.49773507,2.20715654,0.88807788,1.00779775,0.95760941,2.20543960,0.63887681,1.98068077,0.97585755,2.20715602,1.00260914,0.76562930,0.80983438,2.20504475,1.17337055,1.81789542,1.35714640,2.20695501,1.14065010,1.05924576,0.80784666,2.20764704,0.70937221,SD 02 80 FFFFFFFF 91DF93 9449C9 7FDBAA 60E431 551527 2DBB43 7FDB32 5997DC 5222C8 676930 7FEAE8 496230 502D8A 4D6462 7FDE28 3968D2 78FEE5 4E6A48 7FEAE7 4FE4D8 41DE69 44A6E8 7FDB39 58C83A 738A20 6165A4 7FE969 572631 52F1DE 448751 7FEE8C 3E3475 7CC796 000FFF 01 107213,2026-07-27T22:43:07.345+00:00,serial_request_midpoint,357.7396,True,matched,19.5731,19.5731,2026-07-27T22:43:07.365+00:00,13.414091,1785192187294.124,405,False,,,,,,,,,,,,,,False,,,,,,,,,,,,,,True,0.22010361758862176,-27.01935511616306,11.72501528703965,54.21646867883237,0.16363927989493213,-0.05746845717020574,-3.036700669802568,39.424990475950025,-6.180164602192045,-16.96227644064161,0.03450826087590222,-0.03073866343824445,0.0030652137040276966,False,,,,,,,,,,,,,,False,,,,,,,,,,,,,,False,,,,,,,,,,,,,,True,0.023169028720089652,10.148050861140137,9.391380564432037,76.4286548046384,0.20776785590678032,-0.002474002165478072,-3.0351952897112495,2.842170943040401e-15,0.0,0.0,0.0,0.0,0.0,True,2,0.2201036175886192,-27.768862518267525,11.897972671686446,59.21137082423549,3.125191220841113,0.1448622591654322,0.20362942985912158,39.46814542884947,-6.384412432967662,-11.91280681319264,0.010223072658005105,3.1347761426838194,0.007722683593337791,True,-25.30589181804934,-22.6158832310226,67.4756820955424,39.334718158969324,28.272035898261812,-3.882607503049576
2026-07-27T22:43:08.083+00:00,22.900000,107778.500000,1.217330,4095,1,02,80,FFFFFFFF,32,2.92718062,3.04239253,2.20725442,1.34576059,1.10000684,0.48066469,2.20557527,1.18980247,1.04404367,1.49776585,2.20740652,0.88803310,1.00776452,0.95759155,2.20784338,0.63886477,1.98066372,0.97582114,2.20522718,1.00258715,0.76561425,0.80983438,2.20698342,1.17330850,1.81788448,1.35709561,2.20780548,1.14057471,1.05914632,0.80784224,2.20500480,0.70937359,SD 02 80 FFFFFFFF 91DE9B 944908 7FEBA2 60E3A1 55136D 2DBB75 7FDF2A 599720 5222E6 676983 7FECC3 496183 502D13 4D6420 7FF001 39689B 78FEC1 4E69C3 7FDC94 4FE489 41DE2A 44A6E8 7FE99F 58C771 738A07 616510 7FEFB9 572538 52F085 44873F 7FDAED 3E347B 7CA795 000FFF 01 107219,2026-07-27T22:43:07.904+00:00,serial_request_midpoint,358.0061,True,matched,45.68655,45.68655,2026-07-27T22:43:07.949+00:00,13.998833,1785192187894.148,423,False,,,,,,,,,,,,,,False,,,,,,,,,,,,,,True,0.23874072469206614,-27.018030112099733,11.723982693964661,54.222800101002214,0.16573680275952635,-0.0569231271011113,-3.0366171399203554,39.39632871256809,-6.213645612870681,-17.155326116431638,0.033940153895547845,-0.026689438076562804,0.002068492329928598,False,,,,,,,,,,,,,,False,,,,,,,,,,,,,,False,,,,,,,,,,,,,,True,0.05428443765847105,10.158841500255102,9.399244655168134,76.526636814932,0.20367966333892445,-0.003181081585368286,-3.034579547249936,2.842170943040401e-15,0.0,0.0,0.0,0.0,0.0,True,2,0.23874072469210908,-27.774329562283185,11.89479129530245,59.21675230446893,3.12541281105588,0.14487364162169433,0.20580758954501807,39.45981913288465,-6.415117687434193,-12.10595971886769,0.011716883370444658,3.1388337259233343,0.006828611560777407,True,-25.32158985490826,-22.622511351870674,67.46970332961564,39.3914121491206,28.245913383574326,-4.094745059947184
2026-07-27T22:43:08.639+00:00,24.000000,107779.600000,1.219772,4095,1,02,80,FFFFFFFF,32,2.92709521,3.04247587,2.20705919,1.34562556,1.10001275,0.48068754,2.20537230,1.18979312,1.04398398,1.49771320,2.20715496,0.88802145,1.00773827,0.95753932,2.20782127,0.63885908,1.98059551,0.97580828,2.20771231,1.00256962,0.76559013,0.80980856,2.20788391,1.17331066,1.81778384,1.35703075,2.20750072,1.14051234,1.05909098,0.80785796,2.20800446,0.70936095,SD 02 80 FFFFFFFF 91DE23 944978 7FEA2F 60E215 551381 2DBBEA 7FDDA8 599702 522215 6768F5 7FEAE5 496156 502CB5 4D635F 7FEFD7 396881 78FE31 4E6994 7FEF08 4FE44A 41DDC5 44A67F 7FF04E 58C778 738921 616453 7FED76 57246A 52EFC5 44877F 7FF133 3E3444 7CE795 000FFF 01 107224,2026-07-27T22:43:08.461+00:00,serial_request_midpoint,356.2622,True,matched,77.5513,77.5513,2026-07-27T22:43:08.539+00:00,14.588164,1785192188460.79,440,False,,,,,,,,,,,,,,False,,,,,,,,,,,,,,True,0.2768071812367459,-27.011933839939502,11.723919009867425,54.20675410460681,0.16129021065844298,-0.0637951971677203,-3.039590072761732,39.49509367471735,-6.079070612938753,-16.754228311248106,0.044474417718923236,-0.03785886732946944,0.0006639651821499834,False,,,,,,,,,,,,,,False,,,,,,,,,,,,,,False,,,,,,,,,,,,,,True,0.06081746333285224,10.140951515281616,9.38548190589216,76.38143588112322,0.2153244352174062,0.006661569180015297,-3.034452576816535,0.0,0.0,0.0,0.0,0.0,0.0,True,2,0.2768071812367429,-27.753977581348533,11.919344982800173,59.20194207120909,3.1214103306335095,0.1401983938206503,0.20090172200979559,39.50204284076104,-6.333931122319174,-11.706880406001346,0.013931919423505666,3.1276469632927864,0.02338890225301864,True,-25.3876138567598,-22.56849435196817,67.60197632556216,39.392696664293005,28.24066151677571,-3.3309087019847197
2026-07-27T22:43:09.197+00:00,25.200000,107780.800000,1.218551,4095,1,02,80,FFFFFFFF,32,2.92721692,3.04235533,2.20752125,1.34556999,1.09996636,0.48068656,2.20533655,1.18975664,1.04397941,1.49777883,2.20488494,0.88802197,1.00771928,0.95754798,2.20727863,0.63885798,1.98060404,0.97576968,2.20508418,1.00250337,0.76560040,0.80979921,2.20685188,1.17326991,1.81777290,1.35692368,2.20763599,1.14040879,1.05899529,0.80783831,2.20517829,0.70934348,SD 02 80 FFFFFFFF 91DECE 9448D6 7FED9D 60E172 5512E4 2DBBE5 7FDD64 59968D 522205 6769A6 7FDA09 496158 502C71 4D637F 7FEBD0 39687C 78FE43 4E6907 7FDB84 4FE35C 41DDF0 44A659 7FE8A5 58C6F4 738908 61631B 7FEE77 572314 52EE79 44872F 7FDC37 3E33F8 7CC796 000FFF 01 107230,2026-07-27T22:43:09.019+00:00,serial_request_midpoint,356.9742,True,matched,29.3146,29.3146,2026-07-27T22:43:09.047+00:00,15.096761,1785192188994.124,456,False,,,,,,,,,,,,,,False,,,,,,,,,,,,,,True,0.26069005111821647,-27.04708031858189,11.740203909828086,54.27860669618268,0.16709145219403398,-0.05851664012050729,-3.037204809983067,39.4672678116465,-6.125051695597129,-16.951606340250088,0.03842415763180492,-0.02902187730415141,0.002727876728726447,False,,,,,,,,,,,,,,False,,,,,,,,,,,,,,False,,,,,,,,,,,,,,True,0.07814751997629128,10.154056263333008,9.398771199522372,76.4851727112512,0.2082942212253124,0.0022656893976799736,-3.035304578686659,0.0,-1.4210854715202005e-15,0.0,0.0,0.0,0.0,True,2,0.26069005111821403,-27.80790067759765,11.916333526234144,59.27168728733575,3.1243302082178386,0.14378404146456505,0.20712059908910815,39.51909205203466,-6.349091020648716,-11.903057669675912,0.01064418097924977,3.1364933191055098,0.013860478337988397,True,-25.387943972646497,-22.594840151371564,67.55987259368875,39.408223849720926,28.27566258781074,-3.7369410572744983
2026-07-27T22:43:09.752+00:00,25.700000,107781.300000,1.218551,4095,1,02,80,FFFFFFFF,32,2.92715286,3.04226307,2.20694185,1.34557067,1.09992411,0.48067446,2.20792971,1.18969430,1.04395057,1.49772580,2.20762020,0.88800462,1.00773492,0.95751280,2.20800604,0.63884901,1.98055904,0.97571439,2.20758230,1.00247749,0.76558966,0.80980782,2.20796445,1.17332270,1.81783329,1.35692540,2.20490649,1.14032796,1.05895580,0.80782849,2.20449544,0.70930969,SD 02 80 FFFFFFFF 91DE74 94485A 7FE950 60E174 551255 2DBBA7 7FF0A5 5995C5 5221A0 676917 7FEE59 496115 502CA9 4D62FD 7FF136 396853 78FDE4 4E683D 7FEE11 4FE2FF 41DDC3 44A67C 7FF0E7 58C79F 738992 616320 7FDA32 572209 52EDF0 448707 7FD724 3E3365 7CC796 000FFF 01 107235,2026-07-27T22:43:09.575+00:00,serial_request_midpoint,355.1179,True,matched,90.10715,90.10715,2026-07-27T22:43:09.664+00:00,15.713887,1785192189594.149,474,False,,,,,,,,,,,,,,False,,,,,,,,,,,,,,True,0.2002056201773643,-27.051894488787372,11.741594060064951,54.29245821850318,0.16784996603462368,-0.05946054819932445,-3.0368010973330724,39.43773562216247,-6.083950242563415,-17.082977743054972,0.04035535929187781,-0.025966712289504888,0.0034713283154607253,False,,,,,,,,,,,,,,False,,,,,,,,,,,,,,False,,,,,,,,,,,,,,True,0.06385892911368787,10.157465657672871,9.403343046442545,76.52247553328709,0.204317594238265,0.00408642047459366,-3.0359070178843766,0.0,0.0,0.0,0.0,0.0,0.0,True,2,0.20020562017737825,-27.815445396127622,11.920558450639133,59.285021167702666,3.1236355742804225,0.14431642358251473,0.2078738402908322,39.50510837461386,-6.317609852347369,-12.035048747724716,0.009380496680830299,3.139535165808452,0.016867826444109967,True,-25.38889225246196,-22.584722344269522,67.5957823745731,39.39045855673099,28.29134440679055,-3.802281579857811
2026-07-27T22:43:10.309+00:00,26.900000,107782.500000,1.219772,4095,2,02,80,FFFFFFFF,32,2.92712866,3.04233301,2.20417380,1.34554134,1.09989929,0.48066645,2.20484919,1.18971175,1.04395342,1.49772469,2.20477192,0.88795855,1.00770085,0.95755285,2.20667773,0.63884004,1.98051737,0.97572917,2.20469570,1.00249586,0.76557748,0.80983734,2.20492804,1.17348201,1.81783110,1.35721229,2.20666563,1.14045118,1.05904140,0.80785059,2.20762599,0.70940164,SD 02 80 FFFFFFFF 91DE52 9448B8 7FD4C0 60E11E 551201 2DBB7E 7FD9C5 5995FD 5221AA 676914 7FD932 496063 502C2F 4D6391 7FE75A 39682A 78FD8C 4E6873 7FD8A1 4FE341 41DD90 44A6F4 7FDA5B 58C9A3 73898D 616664 7FE743 5723A0 52EF19 448761 7FEE64 3E34F5 7CE796 000FFF 02 107241,2026-07-27T22:43:10.131+00:00,serial_request_midpoint,357.0039,True,matched,65.48215,65.48215,2026-07-27T22:43:10.196+00:00,16.245587,1785192190127.458,490,False,,,,,,,,,,,,,,False,,,,,,,,,,,,,,True,0.2769505022168507,-27.030176901681994,11.730065072250207,54.24405729942134,0.16164100769185094,-0.061101681788635474,-3.038020679694622,39.43015118275516,-6.189269770636679,-17.001535672511558,0.037353691878232724,-0.031659459650436005,0.001579361023805991,False,,,,,,,,,,,,,,False,,,,,,,,,,,,,,False,,,,,,,,,,,,,,True,0.05600027671303656,10.152217026566642,9.394810269128682,76.4726934380009,0.2068577120562268,-0.0018422917228792042,-3.034875751960352,0.0,0.0,0.0,0.0,0.0,0.0,True,2,0.27695050221683115,-27.77337284546316,11.91588471733341,59.23944055687842,3.123034397659403,0.14275953363942084,0.20140433822849152,39.468498437193134,-6.4080649403952235,-11.952636663618478,0.012515684467162088,3.1338681990903767,0.012213442169974659,True,-25.349819025008642,-22.58187264061569,67.58224817084013,39.37836269153011,28.22536225846384,-3.8231280228191507
2026-07-27T22:43:10.864+00:00,27.500000,107783.100000,1.217941,4095,2,02,80,FFFFFFFF,32,2.93042405,3.04514622,2.20507209,1.34685758,1.09998793,0.48066567,2.20528870,1.18976225,1.04447753,1.49774508,2.20477087,0.88813690,1.00789131,0.95770440,2.20676349,0.63888644,1.98077124,0.97586494,2.20734073,1.00276225,0.76565557,0.80991457,2.20490439,1.17373984,1.81792736,1.35770554,2.20462053,1.14054322,1.05920973,0.80786115,2.20720285,0.70945428,SD 02 80 FFFFFFFF 91F065 94577B 7FDB6D 60F031 55132D 2DBB7A 7FDD09 59969F 5228D5 67694B 7FD930 496314 502ED9 4D65C1 7FE7FD 3968FE 78FFA4 4E6A63 7FEC46 4FE6FE 41DED7 44A82E 7FDA2E 58CCE6 738A69 616C01 7FD812 5724D0 52F161 44878C 7FEB40 3E35DA 7CB796 000FFF 02 107247,2026-07-27T22:43:10.687+00:00,serial_request_midpoint,354.7422,True,matched,43.5531,43.5531,2026-07-27T22:43:10.731+00:00,16.780283,1785192190660.752,506,False,,,,,,,,,,,,,,False,,,,,,,,,,,,,,True,0.29619165207196824,-27.04424661102675,11.736367169441936,54.27415490330399,0.1658931832039537,-0.062099826133793216,-3.038376002052953,39.46342343373127,-6.1764829950331475,-17.025438453574317,0.036857411126005254,-0.028917569171984063,0.0020591790124277758,False,,,,,,,,,,,,,,False,,,,,,,,,,,,,,False,,,,,,,,,,,,,,True,0.05626425882411975,10.160490472431501,9.399187612258178,76.53895708303556,0.2070543164888437,-0.003764089133893479,-3.0359640193776936,0.0,0.0,0.0,0.0,0.0,0.0,True,2,0.29619165207195985,-27.801392316637568,11.925014041558134,59.26733683419707,3.122148341206511,0.14186370511588928,0.20571905670446403,39.515677999386426,-6.392697354701814,-11.976553045098239,0.011720040339677247,3.1366062901654876,0.011415765482523857,True,-25.421139374818377,-22.570111327434354,67.63346117241969,39.429615823812085,28.244796756469572,-3.86434559381521
2026-07-27T22:43:11.423+00:00,28.600000,107784.200000,1.217941,4095,2,02,80,FFFFFFFF,32,2.93025088,3.04514920,2.20746283,1.34696950,1.09996990,0.48064712,2.20565205,1.18983489,1.04444639,1.49775955,2.20474301,0.88819256,1.00791085,0.95772361,2.20728495,0.63890351,1.98088208,0.97589423,2.20758178,1.00276503,0.76566512,0.80991112,2.20734231,1.17366912,1.81790986,1.35766674,2.20742336,1.14051385,1.05917312,0.80782357,2.20767915,0.70941773,SD 02 80 FFFFFFFF 91EF72 94577F 7FED2E 60F179 5512F0 2DBB1B 7FDFBC 599788 522868 676972 7FD8FB 4963EB 502F1F 4D6608 7FEBDC 39694C 79008E 4E6ACE 7FEE10 4FE708 41DEFF 44A820 7FEC49 58CC01 738A41 616B90 7FECE3 57246F 52F0E2 4486F3 7FEEC9 3E353B 7CB796 000FFF 02 107252,2026-07-27T22:43:11.244+00:00,serial_request_midpoint,357.8326,True,matched,99.9379,99.9379,2026-07-27T22:43:11.343+00:00,17.393132,1785192191260.779,524,False,,,,,,,,,,,,,,False,,,,,,,,,,,,,,True,0.2332333664508822,-27.030366130683042,11.727208811415185,54.24365952147249,0.16615216441104266,-0.0608227573915518,-3.035780000800635,39.418077693887106,-6.1950092214289345,-16.989111231671473,0.03712703241647146,-0.028324955020974877,0.0034951985070691078,False,,,,,,,,,,,,,,False,,,,,,,,,,,,,,False,,,,,,,,,,,,,,True,0.05913785613941747,10.148758507523317,9.38987022625292,76.4482182482755,0.20641760606108117,-0.0019974806822816438,-3.034841085268361,0.0,-1.4210854715202005e-15,0.0,0.0,0.0,0.0,True,2,0.2332333664508755,-27.788852779637228,11.9104902150769,59.236837765703385,3.1227732389687555,0.1459653967294192,0.20610613599094177,39.473505496462465,-6.412398287638034,-11.940310106570076,0.009451424021136572,3.1371849251440107,0.011809363362404022,True,-25.31868099588959,-22.58383354586078,67.5801700955663,39.34180562365624,28.22292391840432,-3.8194465096808132
2026-07-27T22:43:11.978+00:00,29.200000,107784.800000,1.220382,4095,2,02,80,FFFFFFFF,32,2.92930612,3.04413791,2.20728389,1.34680879,1.10000950,0.48062740,2.20786654,1.18978189,1.04438069,1.49777178,2.20791076,0.88816383,1.00790415,0.95767733,2.20801078,0.63890527,1.98087308,0.97584879,2.20526714,1.00276225,0.76565127,0.80989169,2.20731179,1.17359069,1.81787267,1.35754728,2.20745914,1.14047056,1.05920051,0.80784961,2.20731547,0.70939451,SD 02 80 FFFFFFFF 91EA44 945231 7FEBDA 60EFA2 551376 2DBAB6 7FF02D 5996DE 522782 676993 7FF081 49637C 502F07 4D655D 7FF13F 396954 79007B 4E6A28 7FDCE0 4FE6FE 41DEC5 44A7D1 7FEC0F 58CB03 7389EC 616A34 7FED27 5723E0 52F141 44875D 7FEC16 3E34D6 7CF796 000FFF 02 107258,2026-07-27T22:43:11.801+00:00,serial_request_midpoint,355.4521,True,matched,60.76715,60.76715,2026-07-27T22:43:11.862+00:00,17.911015,1785192191794.143,540,False,,,,,,,,,,,,,,False,,,,,,,,,,,,,,True,0.23964686282265274,-27.00095376769009,11.727678966258344,54.20382592376554,0.16648172582426946,-0.060816747662493946,-3.0369313064895223,39.43025455758559,-6.087478724394752,-16.923887451312886,0.041850392413896,-0.03059257606610327,0.002982390791848463,False,,,,,,,,,,,,,,False,,,,,,,,,,,,,,False,,,,,,,,,,,,,,True,0.04449840220178997,10.14457986394865,9.389203241963928,76.40655550074199,0.2098028354325804,0.005309907921751854,-3.034960331058329,0.0,0.0,0.0,0.0,0.0,0.0,True,2,0.2396468628226422,-27.760210570547365,11.911383536838896,59.19687156624046,3.122843440182379,0.14414322739499627,0.20641273707745583,39.47421094707405,-6.328792416670659,-11.876060335858313,0.010212031427871993,3.1349080752997107,0.01923082763156484,True,-25.331706226664114,-22.58654620198437,67.53752652368246,39.340934866136344,28.267760306001673,-3.591611535500431
2026-07-27T22:43:12.538+00:00,30.400000,107786.000000,1.217941,4095,2,02,80,FFFFFFFF,32,2.92872847,3.04397486,2.20695922,1.34663104,1.09997906,0.48063540,2.20535074,1.18975321,1.04426187,1.49774546,2.20718812,0.88811982,1.00788879,0.95764486,2.20769757,0.63889366,1.98084371,0.97585974,2.20775442,1.00273302,0.76562596,0.80986316,2.20504054,1.17355580,1.81783810,1.35743882,2.20672034,1.14042151,1.05914488,0.80783340,2.20784917,0.70937888,SD 02 80 FFFFFFFF 91E719 945156 7FE971 60ED99 55130F 2DBADF 7FDD7F 599682 5225E2 67694C 7FEB24 4962D2 502ED0 4D64E5 7FEEEC 39691F 79003D 4E6A50 7FEF58 4FE695 41DE5B 44A75D 7FDB31 58CA92 73899D 6168F8 7FE7AB 57233E 52F080 44871B 7FF00C 3E3492 7CB796 000FFF 02 107264,2026-07-27T22:43:12.359+00:00,serial_request_midpoint,357.9458,True,matched,96.3636,96.3636,2026-07-27T22:43:12.455+00:00,18.504143,1785192192394.196,558,False,,,,,,,,,,,,,,False,,,,,,,,,,,,,,False,,,,,,,,,,,,,,False,,,,,,,,,,,,,,False,,,,,,,,,,,,,,False,,,,,,,,,,,,,,True,0.0421441590273983,10.153649744429114,9.395004848300895,76.48336542410087,0.20417272019433252,0.008551015670095016,-3.036414610240779,0.0,0.0,0.0,0.0,0.0,0.0,False,,,,,,,,,,,,,,,False,,,,,,
2026-07-27T22:43:13.095+00:00,30.900000,107786.500000,1.217941,4095,2,02,80,FFFFFFFF,32,2.92836029,3.04381703,2.20748020,1.34641714,1.09997877,0.48062877,2.20784864,1.18972672,1.04421702,1.49773767,2.20752335,0.88810506,1.00783824,0.95764378,2.20796234,0.63886280,1.98081055,0.97585262,2.20781495,1.00269377,0.76561139,0.80986119,2.20565047,1.17351721,1.81780791,1.35736296,2.20748493,1.14033371,1.05908002,0.80785133,2.20800656,0.70934578,SD 02 80 FFFFFFFF 91E514 945082 7FED4F 60EB26 55130E 2DBABD 7FF00B 59962D 522545 676937 7FEDA1 496299 502E1B 4D64E1 7FF0E3 396892 78FFF7 4E6A36 7FEFCB 4FE608 41DE1E 44A755 7FDFB9 58CA15 738958 61681B 7FED58 57221C 52EF9F 448764 7FF137 3E3402 7CB796 000FFF 02 107269,2026-07-27T22:43:12.916+00:00,serial_request_midpoint,357.5271,True,matched,40.90245,40.90245,2026-07-27T22:43:12.958+00:00,19.006586,1785192192894.211,573,False,,,,,,,,,,,,,,False,,,,,,,,,,,,,,True,0.3033718486201236,-30.627175214514732,12.57520574375451,48.81113977228659,0.08837768794206728,-0.013311246286719298,-3.0877656694143645,43.576038256406974,-7.411268139694293,-22.008039411187088,0.007070879955515062,-0.07674735758582286,-0.046493156800540766,False,,,,,,,,,,,,,,False,,,,,,,,,,,,,,False,,,,,,,,,,,,,,True,0.03712515300132623,10.152547954561923,9.39446506711422,76.47065660263078,0.20318876074669076,-0.0013063425957998368,-3.035308848626306,0.0,0.0,-1.1368683772161604e-14,0.0,0.0,0.0,True,2,0.3033718486201124,-31.115976523389243,12.630937642355798,53.840920092386185,-3.116373548943509,-0.06853124072273041,-0.12519734405874378,43.384017705614,-7.47747066293348,-16.958339601640954,0.0881669824742993,3.0879665928996745,-0.033489136507109246,True,-29.8849485581603,-22.19447193811658,60.99960240363005,44.67188818232572,27.351253284861674,-9.825830047799219
2026-07-27T22:43:13.652+00:00,32.000000,107787.600000,1.217941,4095,2,02,80,FFFFFFFF,32,2.92827911,3.04344781,2.20743651,1.34636495,1.09998941,0.48063248,2.20737389,1.18969523,1.04419275,1.49776288,2.20715760,0.88809497,1.00782400,0.95761969,2.20836246,0.63885448,1.98068977,0.97584113,2.20814081,1.00264561,0.76559658,0.80984447,2.20843459,1.17351258,1.81781753,1.35722979,2.20832086,1.14024744,1.05896646,0.80784936,2.20821609,0.70935313,SD 02 80 FFFFFFFF 91E4A2 944E92 7FECFC 60EA8D 551332 2DBAD0 7FEC85 5995C8 5224F0 67697B 7FEAEA 496272 502DE8 4D6488 7FF3DB 39686C 78FEF8 4E6A0C 7FF236 4FE55B 41DDE0 44A711 7FF464 58CA06 73896E 616697 7FF38C 5720FF 52EE15 44875C 7FF2C5 3E3422 7CB796 000FFF 02 107274,2026-07-27T22:43:13.473+00:00,serial_request_midpoint,356.2641,True,matched,70.04995,70.04995,2026-07-27T22:43:13.544+00:00,19.592798,1785192193460.839,590,False,,,,,,,,,,,,,,False,,,,,,,,,,,,,,False,,,,,,,,,,,,,,False,,,,,,,,,,,,,,False,,,,,,,,,,,,,,False,,,,,,,,,,,,,,True,0.03846453969778091,10.155640752120341,9.40000384117621,76.47833675856404,0.20755834999589923,0.002680218505464986,-3.03537984761943,-2.842170943040401e-15,0.0,0.0,0.0,0.0,0.0,False,,,,,,,,,,,,,,,False,,,,,,
2026-07-27T22:43:14.208+00:00,33.200000,107788.800000,1.215499,4095,2,02,80,FFFFFFFF,32,2.92813884,3.04309724,2.20796603,1.34615449,1.09993947,0.48062017,2.20777968,1.18971238,1.04412849,1.49773693,2.20768441,0.88805173,1.00777904,0.95757694,2.20781916,0.63885098,1.98065424,0.97580828,2.20762915,1.00259356,0.76557724,0.80984053,2.20590658,1.17347275,1.81775584,1.35715910,2.20496116,1.14019053,1.05890796,0.80782971,2.20437350,0.70931889,SD 02 80 FFFFFFFF 91E3DD 944CBB 7FF0EA 60E824 551289 2DBA91 7FEF88 5995FF 52240F 676935 7FEED3 4961CB 502D47 4D63EA 7FEFD3 39685C 78FEAD 4E6994 7FEE6A 4FE4A0 41DD8F 44A701 7FE1A0 58C985 7388E1 6165C9 7FDA9A 572043 52ED4A 44870C 7FD63C 3E338D 7C7796 000FFF 02 107280,2026-07-27T22:43:14.030+00:00,serial_request_midpoint,356.2058,True,matched,95.6453,95.6453,2026-07-27T22:43:14.125+00:00,20.174925,1785192194060.83,608,False,,,,,,,,,,,,,,False,,,,,,,,,,,,,,False,,,,,,,,,,,,,,False,,,,,,,,,,,,,,False,,,,,,,,,,,,,,False,,,,,,,,,,,,,,True,0.05224497802518583,10.13955915662094,9.389802178378892,76.36979433900801,0.21162482154847267,0.00810380163432873,-3.034047302601594,0.0,0.0,-1.1368683772161604e-14,0.0,0.0,0.0,False,,,,,,,,,,,,,,,False,,,,,,
2026-07-27T22:43:14.764+00:00,33.800000,107789.400000,1.216720,4095,2,02,80,FFFFFFFF,32,2.92810893,3.04312255,2.20451594,1.34610094,1.09992765,0.48063365,2.20750967,1.18967591,1.04410878,1.49770096,2.20539754,0.88803776,1.00776229,0.95757125,2.20517934,0.63884682,1.98059220,0.97579049,2.20443289,1.00255960,0.76557939,0.80982307,2.20704130,1.17341501,1.81773571,1.35716116,2.20728916,1.14015995,1.05888202,0.80781473,2.20754441,0.70930808,SD 02 80 FFFFFFFF 91E3B3 944CDD 7FD74B 60E787 551261 2DBAD6 7FED87 59958A 5223CA 6768D4 7FDDD8 496195 502D0B 4D63D5 7FDC39 396849 78FE2A 4E6953 7FD6AD 4FE426 41DD98 44A6BA 7FEA0D 58C8CA 7388B3 6165CF 7FEBE4 571FDE 52ECF0 4486CF 7FEDC9 3E335E 7C9796 000FFF 02 107286,2026-07-27T22:43:14.586+00:00,serial_request_midpoint,356.0112,True,matched,50.9273,50.9273,2026-07-27T22:43:14.637+00:00,20.686503,1785192194560.843,623,False,,,,,,,,,,,,,,False,,,,,,,,,,,,,,False,,,,,,,,,,,,,,False,,,,,,,,,,,,,,False,,,,,,,,,,,,,,False,,,,,,,,,,,,,,True,0.05341015528221543,10.153648788537957,9.396828298314475,76.47028291251756,0.20505670868894801,-0.006860674078578496,-3.035166499008627,0.0,1.4210854715202005e-15,0.0,0.0,0.0,0.0,False,,,,,,,,,,,,,,,False,,,,,,
2026-07-27T22:43:15.321+00:00,34.900000,107790.500000,1.220382,4095,2,02,80,FFFFFFFF,32,2.92798860,3.04317539,2.20723074,1.34606922,1.09987624,0.48061725,2.20753335,1.18966406,1.04409650,1.49772914,2.20523455,0.88799479,1.00773660,0.95756286,2.20723285,0.63886214,1.98065282,0.97577406,2.20464366,1.00250977,0.76557605,0.80982282,2.20476298,1.17343014,1.81781535,1.35722053,2.20469149,1.14019688,1.05892727,0.80789702,2.20476193,0.70936348,SD 02 80 FFFFFFFF 91E30A 944D24 7FEB75 60E72A 5511B3 2DBA82 7FEDB4 599564 52239F 676920 7FDCA2 4960EF 502CAF 4D63B6 7FEB79 39688F 78FEAA 4E6917 7FD83E 4FE373 41DD8A 44A6B9 7FD921 58C8FB 738969 61667C 7FD899 572058 52ED8D 44881E 7FD91F 3E344F 7CF796 000FFF 02 107291,2026-07-27T22:43:15.143+00:00,serial_request_midpoint,356.0984,True,matched,74.6642,74.6642,2026-07-27T22:43:15.218+00:00,21.266472,1785192195160.849,641,False,,,,,,,,,,,,,,False,,,,,,,,,,,,,,False,,,,,,,,,,,,,,False,,,,,,,,,,,,,,False,,,,,,,,,,,,,,False,,,,,,,,,,,,,,True,0.05113882664663601,10.145592972948425,9.391894754356787,76.40988446981443,0.2107483103912759,0.0037063715665439393,-3.0347801772727268,-2.842170943040401e-15,0.0,1.1368683772161604e-14,0.0,0.0,0.0,False,,,,,,,,,,,,,,,False,,,,,,
2026-07-27T22:43:15.877+00:00,35.500000,107791.100000,1.217330,4095,2,02,80,FFFFFFFF,32,2.92809042,3.04333765,2.20678874,1.34611629,1.10022079,0.48068324,2.20464418,1.18979374,1.04423845,1.49782888,2.20404610,0.88805743,1.00779859,0.95763512,2.20709603,0.63890067,1.98071061,0.97578775,2.20733915,1.00258576,0.76559610,0.80985652,2.20773915,1.17349281,1.81779784,1.35728265,2.20523928,1.14022110,1.05881862,0.80785747,2.20705393,0.70931659,SD 02 80 FFFFFFFF 91E399 944DFE 7FE82D 60E7B4 551641 2DBBD4 7FD83F 599704 522590 676A2D 7FD3CD 4961E1 502D8D 4D64C1 7FEA75 39693F 78FF24 4E6949 7FEC43 4FE484 41DDDE 44A742 7FEF3B 58C9C6 738941 616731 7FDCAB 5720A8 52EC14 44877D 7FEA25 3E3383 7CA796 000FFF 02 107297,2026-07-27T22:43:15.699+00:00,serial_request_midpoint,356.3808,True,matched,20.585,20.585,2026-07-27T22:43:15.720+00:00,21.768999,1785192195660.851,656,False,,,,,,,,,,,,,,False,,,,,,,,,,,,,,False,,,,,,,,,,,,,,False,,,,,,,,,,,,,,False,,,,,,,,,,,,,,False,,,,,,,,,,,,,,True,0.07262750643797963,10.15230135261908,9.39913099255108,76.45294262578128,0.20844528359388073,0.00012730175665856596,-3.0352578396444954,0.0,1.4210854715202005e-15,0.0,0.0,0.0,0.0,False,,,,,,,,,,,,,,,False,,,,,,
2026-07-27T22:43:16.434+00:00,36.600000,107792.200000,1.218551,4095,2,02,80,FFFFFFFF,32,2.92788608,3.04303771,2.20762283,1.34602591,1.10017676,0.48074124,2.20765809,1.18970708,1.04415619,1.49782814,2.20761546,0.88801549,1.00776508,0.95760346,2.20775863,0.63887725,1.98080155,0.97574943,2.20758809,1.00257574,0.76557963,0.80984594,2.20558421,1.17349528,1.81784991,1.35733688,2.20710497,1.14024501,1.05881199,0.80785157,2.20758862,0.70929843,SD 02 80 FFFFFFFF 91E27A 944C6B 7FEE5E 60E6AB 5515AC 2DBCFD 7FEEA1 5995EE 522470 676A2B 7FEE50 49613F 502D15 4D644C 7FEF60 3968D4 78FFE4 4E68BD 7FEE1C 4FE460 41DD99 44A717 7FDF3B 58C9CE 7389B8 6167CF 7FEA86 5720F7 52EBFD 448765 7FEE1D 3E3334 7CC796 000FFF 02 1072A2,2026-07-27T22:43:16.256+00:00,serial_request_midpoint,356.5664,True,matched,56.3997,56.3997,2026-07-27T22:43:16.312+00:00,22.361507,1785192196260.936,674,False,,,,,,,,,,,,,,False,,,,,,,,,,,,,,True,0.22480744185676851,-24.135331860863154,10.153253268024269,42.508335810761906,0.21799651228872607,-0.7620605677280796,-2.944317805615388,38.274020975830695,-4.4990448458800305,-29.091286632447055,0.49994837323963437,-0.01173876254061834,0.02964436066348273,False,,,,,,,,,,,,,,False,,,,,,,,,,,,,,False,,,,,,,,,,,,,,True,0.06981790437966146,10.158681317004854,9.399024278642875,76.49063771782157,0.20414232985938977,-0.00591825682531411,-3.035218038724765,0.0,1.4210854715202005e-15,0.0,0.0,0.0,0.0,True,2,0.22480744185676121,-25.144398596262437,12.553807126229689,46.83959988862028,2.6555983446802864,0.12525210733704695,0.22892482713162413,38.452728560070874,-6.941814954265462,-24.67069155806009,0.04036268394971604,-3.0419837251990183,-0.7282364839278193,True,-24.574179967419546,-14.638986027591656,69.76988915720466,37.5344176822097,20.414289099463804,-1.9468804590105264
2026-07-27T22:43:16.992+00:00,37.200000,107792.800000,1.219161,4095,2,02,80,FFFFFFFF,32,2.92816305,3.04325726,2.20507735,1.34601602,1.10027931,0.48074319,2.20741125,1.18970116,1.04418618,1.49782554,2.20515305,0.88804009,1.00777401,0.95759885,2.20677401,0.63889476,1.98079066,0.97573136,2.20526504,1.00256628,0.76557605,0.80985431,2.20733178,1.17346935,1.81796106,1.35725897,2.20742230,1.14018962,1.05874312,0.80781792,2.20538124,0.70927935,SD 02 80 FFFFFFFF 91E3FF 944D92 7FDB77 60E68E 551707 2DBD07 7FECCC 5995DB 5224D9 676A24 7FDC07 49619E 502D35 4D643B 7FE811 396924 78FFCD 4E687B 7FDCDC 4FE43E 41DD8A 44A739 7FEC35 58C97A 738AB6 6166EC 7FECE1 572040 52EB0E 4486DC 7FDDB9 3E32E1 7CD796 000FFF 02 1072A8,2026-07-27T22:43:16.814+00:00,serial_request_midpoint,357.5809,True,matched,98.43445,98.43445,2026-07-27T22:43:16.912+00:00,22.961227,1785192196861.016,692,False,,,,,,,,,,,,,,False,,,,,,,,,,,,,,True,0.2850277435597678,-23.75093473545771,8.899664486805666,41.614247745827335,0.25748408866952366,-0.8305419600535894,-2.9143480574924996,38.28336685735544,-3.001145396533052,-29.696102031730096,0.5550564119895675,0.0077160577625254925,0.043917536343749126,False,,,,,,,,,,,,,,False,,,,,,,,,,,,,,False,,,,,,,,,,,,,,True,0.042498227783782976,10.140241600140145,9.386778965311139,76.36525368204676,0.21272852949039242,0.0048480842433045925,-3.034953086402283,0.0,0.0,0.0,0.0,0.0,0.0,True,2,0.28502774355979726,-24.902039821918798,11.490699636469373,45.797812847709025,2.604120528423242,0.13575074070185908,0.26172515508995037,38.579375119459186,-5.677699346459079,-25.41951915629631,0.0634465667754616,-3.0020103913136267,-0.806463310455646,True,-24.652387783241206,-14.573944694354811,70.0082094677433,37.529501411807544,20.374270187970687,-1.216958066459688
2026-07-27T22:43:17.550+00:00,38.400000,107794.000000,1.218551,4095,2,02,80,FFFFFFFF,32,2.92800925,3.04318804,2.20717812,1.34593997,1.10014130,0.48076154,2.20787970,1.18960889,1.04411392,1.49775473,2.20736862,0.88802145,1.00773548,0.95758722,2.20755599,0.63886302,1.98063340,0.97569852,2.20752441,1.00250476,0.76555026,0.80982922,2.20785864,1.17339340,1.81784291,1.35710968,2.20771968,1.14004614,1.05867453,0.80780466,2.20784074,0.70924074,SD 02 80 FFFFFFFF 91E327 944D35 7FEB11 60E5AF 551534 2DBD65 7FF046 5994B3 5223DC 676965 7FEC7B 496156 502CAB 4D6410 7FEDDF 396893 78FE81 4E6803 7FEDA3 4FE361 41DD1E 44A6D3 7FF01E 58C884 7389A8 616539 7FEF16 571E66 52EA20 4486A6 7FEFFC 3E3239 7CC795 000FFF 02 1072B4,2026-07-27T22:43:17.371+00:00,serial_request_midpoint,357.0655,True,matched,42.24005,42.24005,2026-07-27T22:43:17.414+00:00,23.462741,1785192197361.042,707,False,,,,,,,,,,,,,,False,,,,,,,,,,,,,,True,0.35184539976855456,-23.182613566190064,7.799275587372004,40.85220408931412,0.3261633286332596,-0.8867726216491547,-2.870350374698343,38.02241978335485,-1.6564056110399974,-30.407631895017943,0.6026279468665837,0.05147018160337926,0.0698472293150561,False,,,,,,,,,,,,,,False,,,,,,,,,,,,,,False,,,,,,,,,,,,,,True,0.06106372359870808,10.140774685738098,9.386348702644733,76.35016399591841,0.21660643716757683,0.012287142497006878,-3.035778706585459,-2.842170943040401e-15,0.0,0.0,0.0,0.0,0.0,True,2,0.35184539976856893,-24.584902028371438,10.529193079779786,44.86740778168399,2.55389153910632,0.16209839566046563,0.3208741469904925,38.568460588238054,-4.515155013912198,-26.276032394979005,0.10352670866407039,-2.9399731549822086,-0.865116869287041,True,-24.65760948807685,-14.472666806611477,70.17497642386515,37.47309164723424,20.33163684012576,-0.8396722745265152
2026-07-27T22:43:18.107+00:00,38.900000,107794.500000,1.218551,4095,2,02,80,FFFFFFFF,32,2.92804200,3.04305259,2.20745072,1.34584175,1.10002989,0.48074729,2.20744336,1.18958458,1.04408365,1.49773730,2.20733599,0.88798495,1.00771453,0.95757369,2.20780021,0.63884529,1.98051784,0.97562872,2.20760388,1.00247415,0.76553832,0.80982233,2.20498272,1.17340173,1.81773703,1.35708394,2.20703288,1.13996623,1.05863938,0.80780392,2.20767652,0.70923063,SD 02 80 FFFFFFFF 91E355 944C7F 7FED17 60E48F 5513BB 2DBD1C 7FED09 599465 522372 676936 7FEC3D 4960C9 502C60 4D63DE 7FEFAF 396842 78FD8D 4E6704 7FEE3A 4FE2F3 41DCEC 44A6B7 7FDAC3 58C89F 7388B6 6164EE 7FE9FD 571D5E 52E9A6 4486A3 7FEEC4 3E320D 7CC796 000FFF 02 1072B9,2026-07-27T22:43:17.928+00:00,serial_request_midpoint,357.2563,True,matched,79.41805,79.41805,2026-07-27T22:43:18.008+00:00,24.057236,1785192197927.746,724,False,,,,,,,,,,,,,,False,,,,,,,,,,,,,,True,0.3582016122373336,-23.236487247101866,7.35241270487856,40.9327113380983,0.2925270725401724,-0.8793887100242948,-2.882336179461114,38.05973912132715,-1.3267485790940525,-30.36931993325507,0.5929529278015709,0.030000609948107326,0.06222519559179385,False,,,,,,,,,,,,,,False,,,,,,,,,,,,,,False,,,,,,,,,,,,,,True,0.07036437257201712,10.139311501193662,9.380989679526609,76.35220498715,0.21452817772881175,0.007858831754399446,-3.035628510674014,2.842170943040401e-15,1.4210854715202005e-15,0.0,0.0,0.0,0.0,True,2,0.35820161223739433,-24.523839491428678,10.073056611280972,44.99245813245036,2.5640165024057655,0.153977778043528,0.2911763010609927,38.491922988979795,-4.153556505538296,-26.202414948472903,0.09199153380354139,-2.964687963289753,-0.8567962943001329,True,-24.372739835702713,-15.08587560894971,70.14353391787208,37.26398364682932,20.943127092071492,-1.018690996173632
2026-07-27T22:43:18.664+00:00,40.000000,107795.600000,1.218551,4095,2,02,80,FFFFFFFF,32,2.92799287,3.04303994,2.20498692,1.34584209,1.09995749,0.48073050,2.20730705,1.18954935,1.04406880,1.49775102,2.20752230,0.88795725,1.00769638,0.95755908,2.20778337,0.63885098,1.98053489,0.97561504,2.20739599,1.00248083,0.76555479,0.80980143,2.20780021,1.17339062,1.81779522,1.35706404,2.20760493,1.13997834,1.05861690,0.80782873,2.20768599,0.70924166,SD 02 80 FFFFFFFF 91E310 944C6E 7FDACB 60E490 5512C6 2DBCC6 7FEC06 5993F4 52233E 67695B 7FED9F 49605E 502C1F 4D63A8 7FEF8F 39685C 78FDB1 4E66D2 7FECAF 4FE30B 41DD31 44A662 7FEFAF 58C87B 73893B 6164B4 7FEE3C 571D86 52E958 448708 7FEED6 3E323D 7CC796 000FFF 02 1072C4,2026-07-27T22:43:18.486+00:00,serial_request_midpoint,355.9076,True,matched,27.4501,27.4501,2026-07-27T22:43:18.514+00:00,24.562549,1785192198461.127,740,False,,,,,,,,,,,,,,False,,,,,,,,,,,,,,True,0.3879964539182546,-23.44553306550224,6.1856357268896245,40.80755860307887,0.26410112108452927,-0.885728903723786,-2.890436337555545,38.22731275881369,-0.5625559078780924,-30.877997004845316,0.5853883016565365,0.01693545557012826,0.05119722216133994,False,,,,,,,,,,,,,,False,,,,,,,,,,,,,,False,,,,,,,,,,,,,,True,0.02987375794488049,10.160558164519633,9.401789232335254,76.52004378417121,0.20457825978042174,-0.008568668608329893,-3.03502965542402,0.0,0.0,1.1368683772161604e-14,0.0,0.0,0.0,True,2,0.3879964539182421,-24.633187040444046,8.933290520389225,44.8794861864983,2.564118177234208,0.14419577153712634,0.2654588392808078,38.580591397383465,-3.3639070072583737,-26.686535530063566,0.07510132804677506,-2.9805453854087856,-0.8492777886433538,True,-24.39025530368335,-16.156603956577154,70.09871484318236,37.472327427637424,21.935271092345722,-1.7006464486235244
2026-07-27T22:43:19.221+00:00,41.200000,107796.800000,1.219161,4095,2,02,80,FFFFFFFF,32,2.92792025,3.04301463,2.20767389,1.34582879,1.10003669,0.48072932,2.20568938,1.18958458,1.04405823,1.49774768,2.20744546,0.88795777,1.00775977,0.95757369,2.20772231,0.63885558,1.98060072,0.97568374,2.20759546,1.00243685,0.76553211,0.80980143,2.20540858,1.17340698,1.81766090,1.35704928,2.20488809,1.13996351,1.05858550,0.80780589,2.20456377,0.70924120,SD 02 80 FFFFFFFF 91E2AA 944C4C 7FEEBF 60E469 5513D2 2DBCC0 7FE003 599465 522319 676952 7FED0D 496060 502D02 4D63DE 7FEF1B 396871 78FE3C 4E67CD 7FEE2A 4FE26D 41DCD2 44A662 7FDDED 58C8B0 738808 616489 7FDA0F 571D55 52E8EB 4486AB 7FD7A6 3E323B 7CD795 000FFF 02 1072D0,2026-07-27T22:43:19.043+00:00,serial_request_midpoint,356.4509,True,matched,55.27555,55.27555,2026-07-27T22:43:19.098+00:00,25.146883,1785192199027.804,757,False,,,,,,,,,,,,,,False,,,,,,,,,,,,,,True,0.4242337754322571,-23.624845303555514,5.352792436797451,40.78788482078018,0.24821991746757432,-0.8814921028265461,-2.8912076010407537,38.520736864176044,0.3804534354431766,-30.802692039398323,0.5862960516171176,0.005187229628948017,0.05325490160894215,False,,,,,,,,,,,,,,False,,,,,,,,,,,,,,False,,,,,,,,,,,,,,True,0.056828759958479934,10.156267127713267,9.402793841844812,76.4982710098812,0.2061188209516046,-0.0021248701950616314,-3.0346955889373817,0.0,0.0,0.0,0.0,0.0,0.0,True,2,0.4242337754322795,-24.765870822003322,8.093255526432362,44.87795155530016,2.567953311972001,0.14649856616929183,0.25167472439629796,38.821274451080306,-2.4264460503121454,-26.61082902780651,0.07827704755939013,-2.991255656738702,-0.8537774713941845,True,-24.283126168795796,-17.04965159766769,70.04087057676558,37.45744739063601,22.844116228670558,-1.6086296728416527
2026-07-27T22:43:19.776+00:00,41.800000,107797.400000,1.219161,4095,2,02,80,FFFFFFFF,32,2.92784336,3.04294617,2.20440766,1.34586460,1.10005117,0.48073635,2.20458952,1.18955465,1.04408222,1.49778661,2.20457270,0.88793939,1.00770337,0.95756963,2.20439873,0.63886915,1.98049605,0.97564241,2.20700815,1.00244381,0.76554142,0.80979405,2.20769915,1.17335110,1.81788317,1.35693741,2.20748809,1.13985939,1.05850827,0.80777494,2.20741388,0.70921178,SD 02 80 FFFFFFFF 91E23E 944BF0 7FD67D 60E4D2 551403 2DBCE4 7FD7D7 599405 52236D 6769BB 7FD7B7 496019 502C38 4D63CF 7FD66C 3968AF 78FD5F 4E6736 7FE9CE 4FE286 41DCF9 44A644 7FEEEF 58C7FB 738A04 616343 7FED5E 571BFD 52E7DF 44862D 7FECD1 3E31BB 7CD795 000FFF 02 1072D6,2026-07-27T22:43:19.598+00:00,serial_request_midpoint,355.3468,True,matched,91.0143,91.0143,2026-07-27T22:43:19.690+00:00,25.738805,1785192199627.775,775,False,,,,,,,,,,,,,,False,,,,,,,,,,,,,,True,0.4200481334076681,-23.880410686968247,4.896404735443175,40.71519805058169,0.23133221061280596,-0.8873615964121483,-2.889693478969365,38.936037020801436,0.9916349249095348,-30.575807855979082,0.5946037442180481,-0.010188541145694115,0.05695309866973413,False,,,,,,,,,,,,,,False,,,,,,,,,,,,,,False,,,,,,,,,,,,,,True,0.0685415024507251,10.146349624772714,9.393954091860675,76.40595283706935,0.21233736302944026,0.0056701100050901496,-3.0349977183464847,0.0,0.0,0.0,0.0,0.0,0.0,True,2,0.4200481334077006,-24.971196612825743,7.658721554826387,44.804270671719124,2.5650369896727776,0.14762288609121677,0.23655034473456912,39.170021140400806,-1.8520182306641189,-26.404523735926453,0.08412770674474565,-3.002136286475425,-0.8703828176013062,True,-24.2841861980996,-17.368162526347525,70.07786172264994,37.44318334982787,23.20065510151833,-1.206251872797577
2026-07-27T22:43:20.332+00:00,42.900000,107798.500000,1.219162,4095,2,02,80,FFFFFFFF,32,2.92784336,3.04283751,2.20506999,1.34578992,1.09992765,0.48070745,2.20507840,1.18948296,1.04396913,1.49775584,2.20709498,0.88790057,1.00767600,0.95755799,2.20767283,0.63884967,1.98041933,0.97561120,2.20715654,1.00242154,0.76552853,0.80977560,2.20725863,1.17336715,1.81773528,1.35695251,2.20740073,1.13974863,1.05843250,0.80776290,2.20738704,0.70919937,SD 02 80 FFFFFFFF 91E23E 944B5E 7FDB69 60E3F7 551261 2DBC50 7FDB79 59931F 5221E1 676968 7FEA73 495F83 502BD6 4D63A4 7FEEBD 396856 78FCBD 4E66C4 7FEAE8 4FE236 41DCC3 44A5F9 7FEBAA 58C82F 7388B2 61636F 7FECB8 571A8F 52E6D8 4485FC 7FEC9E 3E3185 7CD797 000FFF 02 1072E1,2026-07-27T22:43:20.155+00:00,serial_request_midpoint,356.3031,True,matched,42.65195,42.65195,2026-07-27T22:43:20.197+00:00,26.24646,1785192200127.749,790,False,,,,,,,,,,,,,,False,,,,,,,,,,,,,,True,0.44420678569793604,-23.49848057849379,3.5587526842379793,40.938416595764274,0.2507847786652172,-0.8815572851818204,-2.8847520301828515,38.56202310272157,2.375127773433306,-30.572798980464047,0.592031391678725,0.00677220844116588,0.06096126836918518,False,,,,,,,,,,,,,,False,,,,,,,,,,,,,,False,,,,,,,,,,,,,,True,0.06116201188208263,10.152662606511536,9.392844848166543,76.44800440215658,0.20690201058208915,0.005554513965808754,-3.0357076331702095,0.0,0.0,0.0,0.0,0.0,0.0,True,2,0.44420678569794775,-24.657626104237803,6.298881277202765,45.02360937052787,2.566179425255999,0.1544681278652865,0.2541515693089611,38.88206881005952,-0.4534452591179658,-26.39697949112371,0.09017393238230079,-2.987113984684253,-0.8617795501369809,True,-24.027640618697994,-18.798986897787223,70.22820113653316,37.30959491015481,24.6614786232418,-1.2506231159042158
2026-07-27T22:43:20.890+00:00,43.500000,107799.100000,1.219162,4095,2,02,80,FFFFFFFF,32,2.92770097,3.04287547,2.20733494,1.34573741,1.09988038,0.48069945,2.20796182,1.18943933,1.04397113,1.49771987,2.20775652,0.88790238,1.00769359,0.95752633,2.20769810,0.63882800,1.98038428,0.97558986,2.20770757,1.00242850,0.76550632,0.80976601,2.20768336,1.17333813,1.81771909,1.35696143,2.20708971,1.13972865,1.05842818,0.80777641,2.20724179,0.70918006,SD 02 80 FFFFFFFF 91E176 944B91 7FEC3B 60E35D 5511C1 2DBC27 7FF0E2 599293 5221E8 676907 7FEF5C 495F8A 502C15 4D632F 7FEEED 3967F3 78FC73 4E6676 7FEEFF 4FE24F 41DC66 44A5D2 7FEED1 58C7D1 73888D 616389 7FEA69 571A4D 52E6C9 448633 7FEB8A 3E3131 7CD797 000FFF 02 1072E7,2026-07-27T22:43:20.712+00:00,serial_request_midpoint,356.934,True,matched,74.9167,74.9167,2026-07-27T22:43:20.786+00:00,26.835527,1785192200727.71,808,False,,,,,,,,,,,,,,False,,,,,,,,,,,,,,True,0.5179056854080154,-23.710315378710327,2.564555407911242,40.90540007191273,0.21492047762365937,-0.8792173439128554,-2.8978375136607935,38.996066788219544,3.220665741103553,-30.340470894719694,0.5867288799355451,-0.022351098900916102,0.05072388404289809,False,,,,,,,,,,,,,,False,,,,,,,,,,,,,,False,,,,,,,,,,,,,,True,0.02077539699900642,10.14688743512289,9.386531164905145,76.38441571883396,0.21344133558731698,0.003698434083120067,-3.0333571010913367,0.0,-1.4210854715202005e-15,1.1368683772161604e-14,0.0,0.0,0.0,True,2,0.517905685408023,-24.741938047165483,5.308006037552305,45.02243255180117,2.572955768868972,0.14188833192410563,0.22222946387662187,39.16200431818156,0.4065638096472696,-26.145948492427756,0.07441001529233757,-3.0171942679894728,-0.8620140680746196,True,-23.981194702135696,-19.88458617337759,70.12872423314941,37.425552993596526,25.664266363713608,-1.1538594797060227
2026-07-27T22:43:21.447+00:00,44.700000,107800.300000,1.217941,4095,2,02,80,FFFFFFFF,32,2.92757710,3.04289705,2.20494329,1.34566648,1.09982483,0.48070296,2.20504317,1.18945398,1.04396142,1.49774583,2.20690607,0.88789229,1.00767823,0.95750983,2.20524559,0.63881552,1.98033787,0.97555428,2.20485497,1.00238592,0.76550799,0.80975568,2.20501373,1.17333690,1.81774053,1.35681869,2.20456061,1.13966117,1.05834981,0.80778206,2.20474248,0.70916558,SD 02 80 FFFFFFFF 91E0C8 944BAE 7FDA78 60E28D 551105 2DBC39 7FDB36 5992C2 5221C6 67694D 7FE90C 495F63 502BDE 4D62F2 7FDCB7 3967BA 78FC11 4E65F4 7FD9D0 4FE1B6 41DC6D 44A5A8 7FDAFE 58C7CD 7388BE 6161E9 7FD7A0 57196E 52E5B9 44864A 7FD8FA 3E30F2 7CB797 000FFF 02 1072F3,2026-07-27T22:43:21.268+00:00,serial_request_midpoint,357.4688,True,matched,32.6373,32.6373,2026-07-27T22:43:21.302+00:00,27.350617,1785192201227.702,823,False,,,,,,,,,,,,,,False,,,,,,,,,,,,,,True,0.46603017334282093,-23.924244117718363,2.185579455671303,40.7853659316809,0.17583256453840668,-0.8823251259860667,-2.9084262194815813,39.12746483593567,3.8418113671227645,-30.599801979115835,0.5929763409508766,-0.04422847497362862,0.04240009105802228,False,,,,,,,,,,,,,,False,,,,,,,,,,,,,,False,,,,,,,,,,,,,,True,0.03252935542475913,10.14709163537772,9.39044615773321,76.412600963807,0.20648914133003485,0.013072283154949857,-3.035179707569222,0.0,0.0,0.0,0.0,0.0,0.0,True,2,0.4660301733428093,-24.819803727249678,4.947142001169587,44.92208786461012,2.5755794188043897,0.12992753541625227,0.18742756250122367,39.178017683091284,0.9972874697413061,-26.422859165984345,-0.060833718389558575,2.999484080170582,0.8673674006683624,True,-23.892318196887445,-20.24097019464832,70.02726839242163,37.33956846202385,26.106881506247124,-1.289222212380173
2026-07-27T22:43:22.003+00:00,45.200000,107800.800000,1.217941,4095,2,02,80,FFFFFFFF,32,2.92764260,3.04270431,2.20683978,1.34561738,1.09973442,0.48067094,2.20764494,1.18941533,1.04392858,1.49773433,2.20771968,0.88786019,1.00764249,0.95750847,2.20743441,0.63881771,1.98036487,0.97553566,2.20775231,1.00236309,0.76549510,0.80976847,2.20744020,1.17330973,1.81765740,1.35678678,2.20762704,1.13956403,1.05835471,0.80773220,2.20547799,0.70915800,SD 02 80 FFFFFFFF 91E124 944AAB 7FE88E 60E1FD 550FD3 2DBB95 7FEE88 599246 522153 67692E 7FEF16 495EE7 502B5E 4D62ED 7FECF8 3967C4 78FC4A 4E65B0 7FEF54 4FE164 41DC37 44A5DC 7FED03 58C775 738800 61618C 7FEE66 57182D 52E5CA 44857F 7FDE71 3E30D1 7CB797 000FFF 02 1072F8,2026-07-27T22:43:21.826+00:00,serial_request_midpoint,355.8107,True,matched,80.87045,80.87045,2026-07-27T22:43:21.907+00:00,27.955773,1785192201827.694,841,False,,,,,,,,,,,,,,False,,,,,,,,,,,,,,True,0.5038366221506155,-23.85394077633334,1.0323557568025143,40.79501690177468,0.1658246970271852,-0.8825714155962583,-2.916272231044589,39.20999734836649,4.752332471688336,-30.593366204611044,0.5843100253736638,-0.052069400810227796,0.035441436313902654,False,,,,,,,,,,,,,,False,,,,,,,,,,,,,,False,,,,,,,,,,,,,,True,0.04288738927046393,10.14973851236578,9.390825980964184,76.42994894959688,0.20875195080307474,0.0014795952696123698,-3.035345958182622,0.0,-1.4210854715202005e-15,0.0,0.0,0.0,0.0,True,2,0.5038366221506149,-24.706696351012614,3.795643663224483,44.939624355521474,2.5776936222894307,0.1203886307627243,0.1784826575721079,39.211856597312774,1.9425057474639835,-26.392700377315805,-0.049680288765557704,2.995994851144752,0.8524830113455586,True,-23.88218795504681,-21.435325093271707,70.005332329681,37.462999130767756,27.276997724072146,-1.4793238783135962
2026-07-27T22:43:22.562+00:00,46.400000,107802.000000,1.218551,4095,2,02,80,FFFFFFFF,32,2.92755005,3.04279733,2.20460319,1.34554066,1.09970015,0.48066528,2.20450753,1.18938416,1.04390231,1.49770393,2.20461843,0.88782266,1.00762937,0.95748520,2.20467730,0.63880567,1.98030472,0.97551377,2.20476876,1.00232552,0.76547432,0.80974338,2.20727179,1.17327793,1.81757208,1.35670100,2.20472356,1.13951350,1.05835471,0.80775259,2.20693449,0.70914421,SD 02 80 FFFFFFFF 91E0A2 944B28 7FD7F1 60E11C 550F5F 2DBB78 7FD73B 5991E2 5220F7 6768DC 7FD80E 495E56 502B2F 4D6297 7FD87E 39678D 78FBCB 4E6560 7FD92C 4FE0DD 41DBE0 44A576 7FEBC3 58C70E 73873D 616092 7FD8D6 571786 52E5CA 4485D2 7FE942 3E3095 7CC797 000FFF 02 107304,2026-07-27T22:43:22.383+00:00,serial_request_midpoint,358.1786,True,matched,34.2706,34.2706,2026-07-27T22:43:22.417+00:00,28.466337,1785192202361.037,857,False,,,,,,,,,,,,,,False,,,,,,,,,,,,,,True,0.59619529393394,-24.196396936523637,0.407351420719812,40.91196177220174,0.1614840169787232,-0.8800229580739963,-2.9031700518341634,39.60772348270509,5.276275015736327,-30.431069238647495,0.582633358935752,-0.05493876829473359,0.048621890792199245,False,,,,,,,,,,,,,,False,,,,,,,,,,,,,,False,,,,,,,,,,,,,,True,0.07281119764238465,10.150189808676735,9.392964320032835,76.4398599975344,0.2092618469383417,-0.0005818728126862061,-3.034733357331441,0.0,0.0,0.0,0.0,0.0,0.0,True,2,0.5961952939339271,-25.05739109689102,3.167381590481936,45.05703663889452,2.5764410868737015,0.1384562999199424,0.17494430368907643,39.614848488124544,2.4744521297746274,-26.225066280651497,-0.06975301971902428,2.9934642033137133,0.8488980352679938,True,-23.772719470861453,-22.007372457857237,70.15987895109203,37.411439564898224,27.833140234850113,-1.372435807425984
2026-07-27T22:43:23.119+00:00,47.600000,107803.200000,1.217331,4095,2,02,80,FFFFFFFF,32,2.92743545,3.04272068,2.20724758,1.34555191,1.09970842,0.48067719,2.20804868,1.18938354,1.04394257,1.49769244,2.20759967,0.88781490,1.00761596,0.95748628,2.20743967,0.63880217,1.98024458,0.97550474,2.20760914,1.00233860,0.76546859,0.80973010,2.20742336,1.17326713,1.81761846,1.35666635,2.20717443,1.13942757,1.05829190,0.80773933,2.20534917,0.70911364,SD 02 80 FFFFFFFF 91E001 944AC1 7FEB95 60E13D 550F7B 2DBBB5 7FF187 5991E0 522184 6768BD 7FEE32 495E38 502AFF 4D629B 7FED02 39677D 78FB4C 4E653F 7FEE44 4FE10C 41DBC8 44A540 7FECE3 58C6EB 7387A7 61602D 7FEB0A 57166A 52E4F0 44859C 7FDD7C 3E3010 7CA797 000FFF 02 107310,2026-07-27T22:43:22.941+00:00,serial_request_midpoint,356.2156,True,matched,89.1108,89.1108,2026-07-27T22:43:23.029+00:00,29.07863,1785192202961.042,875,False,,,,,,,,,,,,,,False,,,,,,,,,,,,,,True,0.6094686020879679,-23.824633419720943,-1.0874059339771849,40.84226065503894,0.15379705072747635,-0.8918076587524373,-2.9119256817561303,39.37568888769151,6.925984313769883,-30.5126977611367,0.5927257212121183,-0.060199337843286106,0.03772272999873005,False,,,,,,,,,,,,,,False,,,,,,,,,,,,,,False,,,,,,,,,,,,,,True,0.014269336097690825,10.14519423063473,9.393269854857202,76.41816687219392,0.20835116342308527,0.004876930485425433,-3.0349362281554764,0.0,0.0,-1.1368683772161604e-14,0.0,0.0,0.0,True,2,0.6094686020879632,-24.64410862417501,1.7055680812067924,44.97366231319255,2.5715594367385908,0.12295992895976904,0.1676793713051486,39.343388577324944,4.080370049392292,-26.33631663993579,-0.053006747553174534,2.9846154893190437,0.8628916590434896,True,-23.639718059148628,-23.348162464834203,70.21000713670864,37.38677109030215,29.20098425088804,-1.222621075936536
2026-07-27T22:43:23.675+00:00,48.100000,107803.700000,1.217331,4095,2,02,80,FFFFFFFF,32,2.92739772,3.04257930,2.20696764,1.34553930,1.09966647,0.48063950,2.20772968,1.18937263,1.04393515,1.49771023,2.20773757,0.88782033,1.00758413,0.95743514,2.20781127,0.63878969,1.98025926,0.97548065,2.20778863,1.00227765,0.76546931,0.80972912,2.20771757,1.17331560,1.81768496,1.35660768,2.20778758,1.13944996,1.05821355,0.80770838,2.20777021,0.70911801,SD 02 80 FFFFFFFF 91DFCC 944A03 7FE981 60E118 550EED 2DBAF4 7FEF29 5991BD 52216A 6768ED 7FEF38 495E4D 502A8D 4D61DE 7FEFC4 396744 78FB6B 4E64E7 7FEF99 4FE031 41DBCB 44A53C 7FEF12 58C788 73883F 615F82 7FEF97 5716B4 52E3E0 44851E 7FEF76 3E3023 7CA797 000FFF 02 107315,2026-07-27T22:43:23.497+00:00,serial_request_midpoint,356.3845,True,matched,45.39135,45.39135,2026-07-27T22:43:23.543+00:00,29.591448,1785192203461.041,890,False,,,,,,,,,,,,,,False,,,,,,,,,,,,,,True,0.6185202945248548,-23.824519912767542,-1.9410091684982091,40.66730435974193,0.14072598325296096,-0.9050843220020552,-2.9155636720167797,39.519855907428926,7.739463294223539,-30.666766122418824,0.5985535884794901,-0.07016701586660828,0.03251586983560501,False,,,,,,,,,,,,,,False,,,,,,,,,,,,,,False,,,,,,,,,,,,,,True,0.02200517610356003,10.150174139445806,9.395332419483504,76.43567545618421,0.21020738637502234,0.001955415989913701,-3.0355934010112944,0.0,0.0,0.0,0.0,0.0,0.0,True,2,0.6185202945248532,-24.59328936335129,0.8908879801387073,44.781921619097176,2.56477654690177,0.11364491680427613,0.15578592448582904,39.433328541961465,4.868450413494567,-26.508578876357575,-0.04477549916803271,2.972830510902439,0.8690784200419567,True,-23.670009271375662,-23.97803040904386,70.20348267966321,37.469540483419884,29.84770204232624,-1.2548298624628615
2026-07-27T22:43:24.233+00:00,49.200000,107804.800000,1.217331,4095,2,02,80,FFFFFFFF,32,2.92741338,3.04257483,2.20760020,1.34550793,1.09971876,0.48065063,2.20571568,1.18934583,1.04392173,1.49767204,2.20690239,0.88779341,1.00762099,0.95743650,2.20744125,0.63879560,1.98025500,0.97547025,2.20765020,1.00228489,0.76548125,0.80972912,2.20770757,1.17326620,1.81771778,1.35659327,2.20528502,1.13941698,1.05823630,0.80770764,2.20465995,0.70911387,SD 02 80 FFFFFFFF 91DFE2 9449FD 7FEE33 60E0BC 550F9E 2DBB2D 7FE035 599167 52213B 676886 7FE905 495DE5 502B11 4D61E3 7FED05 39675F 78FB62 4E64C1 7FEE92 4FE04B 41DBFD 44A53C 7FEEFF 58C6E8 73888A 615F58 7FDD02 571647 52E42F 44851B 7FD85D 3E3011 7CA797 000FFF 02 107320,2026-07-27T22:43:24.054+00:00,serial_request_midpoint,357.1172,True,matched,89.5853,89.5853,2026-07-27T22:43:24.143+00:00,30.1926,1785192204061.029,908,False,,,,,,,,,,,,,,False,,,,,,,,,,,,,,True,0.7077567020501104,-24.112651739363137,-2.937598500342585,40.75481116574366,0.11658694467693231,-0.8978428244753367,-2.921587191305959,39.861006293773485,8.804978891951745,-30.522200061684572,0.5959354595391072,-0.08534957476029431,0.02905964260659657,False,,,,,,,,,,,,,,False,,,,,,,,,,,,,,False,,,,,,,,,,,,,,True,0.01957430199900023,10.148733766824016,9.391860543813705,76.42236050012275,0.20871715436653124,0.007009435767203961,-3.035509223718616,-2.842170943040401e-15,-1.4210854715202005e-15,1.1368683772161604e-14,0.0,0.0,0.0,True,2,0.7077567020501149,-24.801041271784804,-0.12169617169182056,44.894561998176755,2.5714842262817696,0.109894652905483,0.13479155323588388,39.696888477694245,5.943895111601283,-26.359510069415165,-0.038931182100551354,2.959644714580381,0.8612879161253477,True,-23.681189474470273,-25.127487508405416,70.17355814733068,37.59135256591207,30.993202113826566,-1.186702280759357
2026-07-27T22:43:24.788+00:00,49.800000,107805.400000,1.218551,4095,2,02,80,FFFFFFFF,32,2.92735287,3.04243792,2.20455903,1.34551066,1.09967386,0.48063326,2.20510784,1.18932183,1.04389745,1.49771505,2.20428574,0.88781360,1.00760619,0.95743190,2.20462053,0.63879582,1.98019675,0.97541662,2.20717180,1.00231856,0.76546190,0.80972445,2.20783811,1.17324706,1.81768146,1.35661111,2.20719443,1.13937311,1.05819280,0.80772189,2.20780179,0.70910905,SD 02 80 FFFFFFFF 91DF8D 944945 7FD79D 60E0C4 550F06 2DBAD4 7FDBB1 59911A 5220E6 6768FA 7FD595 495E33 502ADC 4D61D2 7FD812 396760 78FAE7 4E63FD 7FEB05 4FE0C4 41DBAC 44A529 7FEFF7 58C6AA 738837 615F8C 7FEB30 5715B6 52E398 448555 7FEFB2 3E2FFC 7CC797 000FFF 02 107326,2026-07-27T22:43:24.611+00:00,serial_request_midpoint,355.3852,True,matched,47.9147,47.9147,2026-07-27T22:43:24.658+00:00,30.707673,1785192204594.342,924,False,,,,,,,,,,,,,,False,,,,,,,,,,,,,,True,0.7681827068327252,-24.122284674022037,-3.886090014820325,40.639376378692276,0.11340105214920053,-0.9055282102009814,-2.923330240591329,40.03403308253295,9.684776441354268,-30.52035298437118,0.6000449318743313,-0.08974736617090216,0.025051139147839456,False,,,,,,,,,,,,,,False,,,,,,,,,,,,,,False,,,,,,,,,,,,,,True,0.0751123129235982,10.143770587394979,9.388172979713948,76.38349540037783,0.21139422468995012,0.006256575509901113,-3.0342581234511985,-2.842170943040401e-15,-1.4210854715202005e-15,0.0,0.0,0.0,0.0,True,2,0.7681827068327197,-24.795247746856326,-1.049022173788518,44.76719539679704,2.56726023239269,0.10470573854972476,0.13182278700346137,39.843685727589,6.806437617351795,-26.37069557960284,-0.032775603428058644,2.9538217966053226,0.866314358969349,True,-23.76634397352318,-25.948120097924676,70.15513730475105,37.78498191467047,31.75591076337499,-1.0950780188252225
2026-07-27T22:43:25.345+00:00,51.000000,107806.600000,1.219162,4095,2,02,80,FFFFFFFF,32,2.92737280,3.04260236,2.20729652,1.34549395,1.09964608,0.48062779,2.20513728,1.18929970,1.04386661,1.49768650,2.20724074,0.88779445,1.00759167,0.95741241,2.20763915,0.63879144,1.98019960,0.97544015,2.20760178,1.00226263,0.76546262,0.80974338,2.20535600,1.17324891,1.81757602,1.35655107,2.20709919,1.13934557,1.05815507,0.80772164,2.20769178,0.70909526,SD 02 80 FFFFFFFF 91DFA9 944A22 7FEBF2 60E093 550EA8 2DBAB8 7FDBE9 5990D3 52207A 6768AD 7FEB88 495DE9 502AA8 4D618A 7FEE7D 39674C 78FAED 4E6453 7FEE36 4FDFFB 41DBAF 44A576 7FDD89 58C6B0 738746 615EDD 7FEA7B 57155B 52E315 448554 7FEEE1 3E2FC0 7CD798 000FFF 02 107332,2026-07-27T22:43:25.166+00:00,serial_request_midpoint,357.283,True,matched,92.7198,92.7198,2026-07-27T22:43:25.259+00:00,31.30898,1785192205194.377,942,False,,,,,,,,,,,,,,False,,,,,,,,,,,,,,True,0.7008907645830902,-23.927913116007257,-5.560321840078208,40.73523854122744,0.10185614559340458,-0.9087049262788234,-2.9275834376604566,39.9319586023757,11.253220093788054,-30.577307057670204,0.5969636201832034,-0.09523817750568815,0.0202824819620719,False,,,,,,,,,,,,,,False,,,,,,,,,,,,,,False,,,,,,,,,,,,,,True,0.06380904589841872,10.149602982597791,9.394022596974704,76.38995023838507,0.20839935060043127,-0.0005102107467201465,-3.035045693433279,0.0,0.0,-1.1368683772161604e-14,0.0,0.0,0.0,True,2,0.7008907645830929,-24.557644356765408,-2.713587392758737,44.86322408150927,2.566626832430219,0.09838804120523113,0.12166205996643413,39.708013809963475,8.38764653093504,-26.42049819079319,-0.025324062711597817,2.9500330425060217,0.8604383338608798,True,-23.545851697355157,-27.58680134267351,70.27721271273907,37.70910668999964,33.41947735313575,-1.2216265742578798
2026-07-27T22:43:25.902+00:00,51.500000,107807.100000,1.218551,4095,2,02,80,FFFFFFFF,32,2.92738135,3.04247066,2.20732494,1.34546190,1.09963604,0.48062310,2.20552637,1.18930095,1.04389688,1.49770393,2.20705814,0.88779523,1.00759446,0.95741458,2.20723443,0.63877546,1.98014230,0.97539335,2.20768494,1.00225984,0.76544973,0.80975371,2.20778126,1.17323163,1.81764646,1.35652774,2.20518723,1.13934466,1.05815132,0.80775087,2.20737862,0.70908354,SD 02 80 FFFFFFFF 91DFB5 944971 7FEC28 60E035 550E86 2DBAA0 7FDECD 5990D7 5220E4 6768DC 7FEA2D 495DEC 502AB2 4D6192 7FEB7C 396703 78FA74 4E63A8 7FEED4 4FDFF1 41DB79 44A5A0 7FEF8B 58C678 7387E7 615E99 7FDC48 571558 52E308 4485CB 7FEC8E 3E2F8D 7CC798 000FFF 02 107337,2026-07-27T22:43:25.724+00:00,serial_request_midpoint,356.062,True,matched,56.8258,56.8258,2026-07-27T22:43:25.781+00:00,31.829944,1785192205727.759,958,False,,,,,,,,,,,,,,False,,,,,,,,,,,,,,True,0.7412939449188541,-24.285175835187285,-5.699601541308878,40.72605243729089,0.07060000091880067,-0.9029528372505646,-2.9338412386839807,40.323102547313184,11.401457326885183,-30.47428274268943,0.5934711004226038,-0.11674494997306108,0.01636031777212667,False,,,,,,,,,,,,,,False,,,,,,,,,,,,,,False,,,,,,,,,,,,,,True,0.04680148239372161,10.145470632193394,9.39382826111455,76.38200141550291,0.2095541160958964,0.002239809989759492,-3.03460288597931,0.0,0.0,0.0,0.0,0.0,0.0,True,2,0.7412939449188384,-24.811311943148343,-2.8646344659874563,44.87657838393411,2.57239436255641,0.09344796393713417,0.09448916867832732,39.99085189196344,8.55065424348747,-26.314564670785366,-0.01871851618837508,2.9311369061381343,0.8498373824696465,True,-23.555261613349437,-27.85300601341559,70.1663972782806,37.763853835519285,33.67614032319507,-1.2282787032061264
2026-07-27T22:43:26.459+00:00,52.700000,107808.300000,1.217941,4095,2,02,80,FFFFFFFF,32,2.92725037,3.04254805,2.20748756,1.34539917,1.09967031,0.48060065,2.20783232,1.18929877,1.04385205,1.49762904,2.20728021,0.88778591,1.00760480,0.95746193,2.20785864,0.63876277,1.98018918,0.97539089,2.20520931,1.00219890,0.76544615,0.80971879,2.20514201,1.17326003,1.81760533,1.35652637,2.20677296,1.13925693,1.05812741,0.80770715,2.20735283,0.70909503,SD 02 80 FFFFFFFF 91DEFD 9449D9 7FED5D 60DF7D 550EFA 2DBA2D 7FEFEC 5990D0 522047 676812 7FEBD3 495DC8 502AD7 4D6241 7FF01E 3966C9 78FAD7 4E639F 7FDC72 4FDF16 41DB6A 44A512 7FDBF2 58C6D4 738789 615E95 7FE80F 571436 52E2B5 448519 7FEC5D 3E2FBF 7CB797 000FFF 02 107343,2026-07-27T22:43:26.281+00:00,serial_request_midpoint,356.7096,True,matched,93.3111,93.3111,2026-07-27T22:43:26.373+00:00,32.423318,1785192206294.442,975,False,,,,,,,,,,,,,,False,,,,,,,,,,,,,,True,0.6823082758741622,-24.501764362541017,-7.209575780052823,40.74452475581413,0.07806466391388224,-0.9081083123727962,-2.92128758784431,40.69665874179717,13.149094700479466,-30.291970499839152,0.6057893355230695,-0.11238700235365205,0.028199840483780478,False,,,,,,,,,,,,,,False,,,,,,,,,,,,,,False,,,,,,,,,,,,,,True,0.04300885689200698,10.148178382811754,9.39192023020452,76.3884863610676,0.21025497120068978,0.013519647689084658,-3.0351722771490683,2.842170943040401e-15,0.0,-1.1368683772161604e-14,0.0,0.0,0.0,True,2,0.6823082758741569,-25.0682002164448,-4.357219064455067,44.87779643384411,2.566277915943855,0.10728896183346669,0.10088474565409275,40.40476980686415,10.246295582934266,-26.16531552191205,-0.036885856727789296,2.9297931435302855,0.868768889424658,True,-23.582949656620855,-29.18607376738156,70.31189401263893,37.86731065149495,35.04882537474931,-0.7888080456436114
2026-07-27T22:43:27.016+00:00,53.200000,107808.800000,1.219162,4095,2,02,80,FFFFFFFF,32,2.92735572,3.04253019,2.20487758,1.34534019,1.09959911,0.48060280,2.20762388,1.18930002,1.04387804,1.49763052,2.20785285,0.88779781,1.00757771,0.95740646,2.20776863,0.63876540,1.98017450,0.97534327,2.20752441,1.00224760,0.76543516,0.80971830,2.20509785,1.17323873,1.81764952,1.35646805,2.20720022,1.13922849,1.05810955,0.80771501,2.20753546,0.70907894,SD 02 80 FFFFFFFF 91DF91 9449C1 7FD9FB 60DED0 550E09 2DBA38 7FEE60 5990D4 5220A2 676816 7FF013 495DF6 502A76 4D6174 7FEF73 3966D5 78FAB8 4E62F1 7FEDA3 4FDFC5 41DB3C 44A510 7FDB9E 58C68F 7387EE 615DEB 7FEB3B 5713D8 52E277 448539 7FEDB8 3E2F79 7CD797 000FFF 02 107348,2026-07-27T22:43:26.838+00:00,serial_request_midpoint,356.833,True,matched,45.8051,45.8051,2026-07-27T22:43:26.884+00:00,32.933106,1785192206827.792,991,False,,,,,,,,,,,,,,False,,,,,,,,,,,,,,True,0.8839757048381756,-23.993471518982982,-8.502243867469842,40.66179966520338,0.0901763428442183,-0.9147674157342474,-2.922983610534986,40.32110155347458,14.206448426091374,-30.665512627640226,0.602586188552004,-0.10320580652801743,0.023159908064892522,False,,,,,,,,,,,,,,False,,,,,,,,,,,,,,False,,,,,,,,,,,,,,True,0.039384890454341105,10.157262656426969,9.398715213448828,76.45664693891761,0.20825051325040358,0.0017530691686008812,-3.0345231094129645,0.0,0.0,0.0,0.0,0.0,0.0,True,2,0.8839757048381718,-24.5920962885449,-5.635022010195692,44.78022296008551,2.5622375729598326,0.10215272160362782,0.11136136495181825,40.06453480882476,11.317310754427506,-26.52694037997994,-0.029530624524025845,2.940005589216143,0.8665824856686775,True,-23.367990859023216,-30.37933932598047,70.3104333236003,37.838399792766616,36.20519378182418,-1.204837070083863
2026-07-27T22:43:27.574+00:00,54.400000,107810.000000,1.217941,4095,2,02,80,FFFFFFFF,32,2.92740412,3.04256218,2.20735126,1.34534224,1.09959616,0.48060748,2.20795497,1.18923301,1.04386090,1.49761977,2.20775073,0.88777607,1.00756291,0.95738698,2.20737546,0.63875774,1.98016455,0.97534273,2.20764388,1.00221699,0.76543874,0.80971043,2.20775021,1.17324552,1.81761015,1.35644918,2.20520721,1.13918583,1.05806778,0.80772017,2.20451120,0.70907664,SD 02 80 FFFFFFFF 91DFD5 9449EC 7FEC5A 60DED6 550DFF 2DBA50 7FF0D5 598FFD 522066 6767F9 7FEF51 495DA2 502A41 4D612C 7FEC88 3966B2 78FAA3 4E62EF 7FEE86 4FDF57 41DB4B 44A4F0 7FEF50 58C6A5 738794 615DB4 7FDC6E 57134B 52E1E6 44854E 7FD742 3E2F6F 7CB797 000FFF 02 107354,2026-07-27T22:43:27.396+00:00,serial_request_midpoint,357.4663,True,matched,68.55625,68.55625,2026-07-27T22:43:27.465+00:00,33.513752,1785192207394.492,1008,False,,,,,,,,,,,,,,False,,,,,,,,,,,,,,True,0.8589661444888367,-23.670912926056722,-9.464912716745875,40.60190474902156,0.11606331384870272,-0.9239097227831516,-2.9155942448937466,40.05409542366096,15.091865981008883,-30.84705577794096,0.606449448484668,-0.08478189703379621,0.027286609325994856,False,,,,,,,,,,,,,,False,,,,,,,,,,,,,,False,,,,,,,,,,,,,,True,0.034203397236382584,10.152346592596533,9.393245515382501,76.4347501954791,0.2065837429985545,-0.0038022714280368857,-3.0351808451381688,0.0,0.0,0.0,0.0,0.0,0.0,True,2,0.8589661444888157,-24.35681756646306,-6.576007518862466,44.69146277310028,2.554153686428311,0.10701997972764175,0.13376840768935697,39.8915766805809,12.187170148157207,-26.71461666439589,-0.03644534189769645,2.955713506341247,0.8770447501150285,True,-23.326318009691114,-31.142629569656133,70.40119762994195,37.83992422694767,36.97151101411701,-1.2764861359635007
2026-07-27T22:43:28.131+00:00,55.600000,107811.200000,1.216110,4095,2,02,80,FFFFFFFF,32,2.92734291,3.04241634,2.20454852,1.34534053,1.09957637,0.48061354,2.20737020,1.18924330,1.04384120,1.49765425,2.20734547,0.88777556,1.00759614,0.95741431,2.20508208,0.63876912,1.98001398,0.97539253,2.20693554,1.00222394,0.76544113,0.80971633,2.20727021,1.17321465,1.81759746,1.35645913,2.20515884,1.13912805,1.05805886,0.80771206,2.20728442,0.70905826,SD 02 80 FFFFFFFF 91DF7F 944928 7FD789 60DED1 550DBC 2DBA6F 7FEC7E 59901E 522021 676856 7FEC4F 495DA0 502AB8 4D6191 7FDB80 3966E6 78F965 4E63A5 7FE944 4FDF70 41DB55 44A508 7FEBC0 58C641 738777 615DD1 7FDC12 57128C 52E1C7 44852D 7FEBDB 3E2F1F 7C8799 000FFF 02 107360,2026-07-27T22:43:27.954+00:00,serial_request_midpoint,355.6639,True,matched,97.79695,97.79695,2026-07-27T22:43:28.051+00:00,34.100775,1785192207994.539,1026,False,,,,,,,,,,,,,,False,,,,,,,,,,,,,,True,0.8647636311949566,-23.192027828202303,-10.213968121049694,40.997855006752786,0.1265732940496416,-0.8996167137145763,-2.9204619988699942,39.55443291376632,16.051273135487897,-30.521855502258347,0.5952145170621744,-0.07573455140968716,0.02792608686900065,False,,,,,,,,,,,,,,False,,,,,,,,,,,,,,False,,,,,,,,,,,,,,True,0.08922277685976698,10.15328166990199,9.397494140801195,76.45573252540932,0.20393269565083064,0.003262044146114471,-3.035435083102474,0.0,0.0,0.0,0.0,0.0,0.0,True,2,0.864763631194955,-23.912064159279332,-7.395134214851497,45.13022068805781,2.569784409863859,0.11022493337209834,0.14350088351467585,39.434172826779715,13.193646237829977,-26.355294683298542,-0.03752478816911479,2.9691133046000604,0.8627596098473116,True,-22.899404204073118,-32.37200693972464,70.44230601172798,37.52268376145683,38.26191898628804,-1.1858841678690055
2026-07-27T22:43:28.689+00:00,56.100000,107811.700000,1.219162,4095,2,02,80,FFFFFFFF,32,2.92726390,3.04236426,2.20720654,1.34528667,1.09953708,0.48060163,2.20761020,1.18922616,1.04385376,1.49764053,2.20541857,0.88777504,1.00757715,0.95739591,2.20498640,0.63876583,1.98013235,0.97540485,2.20478453,1.00222728,0.76542322,0.80971486,2.20730284,1.17321372,1.81758258,1.35640836,2.20721443,1.13912502,1.05805079,0.80771894,2.20781969,0.70906607,SD 02 80 FFFFFFFF 91DF10 9448E2 7FEB47 60DE33 550D37 2DBA32 7FEE46 598FE7 52204D 676831 7FDE00 495D9E 502A74 4D614D 7FDACA 3966D7 78FA5F 4E63D2 7FD94A 4FDF7C 41DB0A 44A502 7FEBFE 58C63E 738755 615D3D 7FEB56 571282 52E1AB 448549 7FEFD4 3E2F41 7CD799 000FFF 02 107365,2026-07-27T22:43:28.510+00:00,serial_request_midpoint,357.1779,True,matched,27.61615,27.61615,2026-07-27T22:43:28.538+00:00,34.58722,1785192208461.256,1040,False,,,,,,,,,,,,,,False,,,,,,,,,,,,,,True,0.8985950035250617,-22.806321550145995,-11.16564638994495,41.04535215348867,0.13411914832868507,-0.8918001791019236,-2.921306362107601,39.29228430212676,17.208109286775034,-30.35769677313548,0.5947584876118605,-0.07184302664189965,0.029942290998257248,False,,,,,,,,,,,,,,False,,,,,,,,,,,,,,False,,,,,,,,,,,,,,True,0.02940533599481315,10.156074700784453,9.395228163150737,76.43353175180793,0.20599758491646245,0.010271885441553961,-3.0359408627002695,0.0,0.0,0.0,0.0,0.0,0.0,True,2,0.8985950035250493,-23.55110672949672,-8.370296757466686,45.18926798922065,2.574492533393217,0.11193403390766216,0.15030787797391737,39.193434141842985,14.352673462249744,-26.189071354290967,-0.040724069590130335,2.972945340058761,0.863053408985679,True,-22.57489782676848,-33.47561861881165,70.37539800454174,37.284175430350246,39.430427334956235,-1.0289380755364164
2026-07-27T22:43:29.244+00:00,57.200000,107812.800000,1.218551,4095,2,02,80,FFFFFFFF,32,2.92743616,3.04229655,2.20552006,1.34530065,1.09960266,0.48061158,2.20765652,1.18919686,1.04383863,1.49766203,2.20765073,0.88776986,1.00758246,0.95738698,2.20772231,0.63876321,1.98006180,0.97533808,2.20746493,1.00219444,0.76543827,0.80968879,2.20781600,1.17321681,1.81762065,1.35642482,2.20771705,1.13910173,1.05801450,0.80772361,2.20774494,0.70905320,SD 02 80 FFFFFFFF 91E002 944887 7FDEC1 60DE5C 550E15 2DBA65 7FEE9E 598F89 522018 67686B 7FEE93 495D8A 502A87 4D612C 7FEF1B 3966CB 78F9CA 4E62DE 7FED32 4FDF06 41DB49 44A498 7FEFCD 58C648 7387AC 615D6D 7FEF11 571235 52E12D 44855C 7FEF46 3E2F09 7CC797 000FFF 02 107370,2026-07-27T22:43:29.067+00:00,serial_request_midpoint,354.2549,True,matched,35.78875,35.78875,2026-07-27T22:43:29.103+00:00,35.15165,1785192209027.943,1057,False,,,,,,,,,,,,,,False,,,,,,,,,,,,,,True,0.8127183385999293,-22.960461451980866,-11.992997058628287,41.165791782397704,0.12537610005255517,-0.8905092942400081,-2.9214481070721754,39.48185146422096,17.82292934256079,-30.339266650028474,0.5887359950906387,-0.07668807035049488,0.02948428150826881,False,,,,,,,,,,,,,,False,,,,,,,,,,,,,,False,,,,,,,,,,,,,,True,0.08393611789119226,10.148171729092763,9.384313187527635,76.43296521286923,0.2046532773734688,0.0026238445861553796,-3.035515197765936,0.0,0.0,0.0,0.0,0.0,0.0,True,2,0.8127183385999153,-23.678763408686095,-9.199215345297805,45.315436241578524,2.5756483180744563,0.11264729789399547,0.14267198060729708,39.35845243524926,14.992349335930351,-26.15437565908626,-0.03974993707090451,2.970913685627169,0.8528446951964518,True,-22.58653967244606,-34.319882246511575,70.4814938684776,37.38856934860416,40.221978614432,-1.1512422189257676
2026-07-27T22:43:29.801+00:00,57.800000,107813.400000,1.217331,4095,2,02,80,FFFFFFFF,32,2.92728810,3.04252870,2.20758704,1.34533167,1.09956957,0.48058776,2.20786654,1.18918471,1.04383206,1.49769503,2.20782337,0.88774942,1.00757101,0.95741891,2.20761178,0.63875314,1.98002629,0.97531345,2.20754914,1.00224342,0.76543086,0.80967919,2.20542541,1.17324799,1.81757602,1.35640904,2.20436614,1.13905787,1.05801565,0.80772459,2.20465312,0.70905228,SD 02 80 FFFFFFFF 91DF32 9449BF 7FEE1A 60DEB7 550DA5 2DB9EB 7FF02D 598F62 522001 6768C4 7FEFDB 495D3B 502A5E 4D61A2 7FEE49 39669D 78F97F 4E6284 7FEDD2 4FDFB6 41DB2A 44A471 7FDE0D 58C6AD 738746 615D3F 7FD62E 5711A4 52E131 448560 7FD850 3E2F05 7CA797 000FFF 02 107376,2026-07-27T22:43:29.623+00:00,serial_request_midpoint,357.3727,True,matched,45.87405,45.87405,2026-07-27T22:43:29.669+00:00,35.717717,1785192209594.587,1074,False,,,,,,,,,,,,,,False,,,,,,,,,,,,,,True,0.9127508484468067,-23.294608820270078,-13.560341752259276,41.324344828152206,0.08524424213382382,-0.8823393254148254,-2.934640551389812,40.04158648830986,19.503229640827932,-29.864703946548826,0.5837320719221802,-0.10684653800423825,0.022085064289104374,False,,,,,,,,,,,,,,False,,,,,,,,,,,,,,False,,,,,,,,,,,,,,True,0.02857279814256667,10.15151569821382,9.404761354485144,76.38951202765868,0.21065341179825645,0.0072747892597780925,-3.0361497527740866,-2.842170943040401e-15,0.0,0.0,0.0,0.0,0.0,True,2,0.9127508484467796,-23.872289240670376,-10.784661330621878,45.5079565118259,2.5848683789332036,0.10025383592436038,0.10760664165559107,39.763241863340326,16.69274830739442,-25.673708583258804,-0.02745477804054598,2.9444941741413224,0.8378955396831013,True,-22.605948738845893,-36.09550982207849,70.4745070366404,37.53530791568782,42.05625063993082,-0.8281783115083841
2026-07-27T22:43:30.358+00:00,59.000000,107814.600000,1.219772,4095,2,02,80,FFFFFFFF,32,2.92722760,3.04237021,2.20691449,1.34527167,1.09955126,0.48059811,2.20788865,1.18916414,1.04386005,1.49767056,2.20728916,0.88773104,1.00752773,0.95741052,2.20794655,0.63877328,1.98005091,0.97531564,2.20717812,1.00223674,0.76542895,0.80968952,2.20531972,1.17320662,1.81762808,1.35637954,2.20726916,1.13904213,1.05801536,0.80768578,2.20735231,0.70904952,SD 02 80 FFFFFFFF 91DEDD 9448EA 7FE91C 60DE07 550D67 2DBA20 7FF057 598F20 522063 676882 7FEBE4 495CF4 5029C3 4D6183 7FF0C5 3966F9 78F9B3 4E628C 7FEB11 4FDF9E 41DB22 44A49B 7FDD44 58C627 7387BD 615CE9 7FEBBE 571170 52E130 4484C2 7FEC5C 3E2EF9 7CE799 000FFF 02 107382,2026-07-27T22:43:30.180+00:00,serial_request_midpoint,356.1092,True,matched,58.1382,58.1382,2026-07-27T22:43:30.238+00:00,36.286893,1785192210161.253,1091,False,,,,,,,,,,,,,,False,,,,,,,,,,,,,,True,0.9090397715962693,-22.673616762848283,-14.639504465016412,41.14172373550701,0.10346556867243048,-0.8965813403186715,-2.936698370999124,39.50886490175751,20.519721411190346,-30.352312232063344,0.5905805831129222,-0.09238879982954695,0.014029534638278105,False,,,,,,,,,,,,,,False,,,,,,,,,,,,,,False,,,,,,,,,,,,,,True,0.05240600976423969,10.16511037188431,9.414490373068258,76.44463527196287,0.2058317413549819,0.0030434015100268314,-3.035407562417385,0.0,0.0,1.1368683772161604e-14,0.0,0.0,0.0,True,2,0.9090397715962604,-23.298976601948233,-11.829236535409736,45.29528152502157,2.576002564397018,0.09149628663650211,0.12329006305318378,39.28833724794166,17.680957716133925,-26.1769665801557,-0.0158165082043445,2.9555594102168037,0.851885187592715,True,-22.45021615569019,-36.9466096015269,70.47401244408316,37.53703202348817,42.87734923313861,-1.1241004913273855
2026-07-27T22:43:30.915+00:00,59.500000,107815.100000,1.217941,4095,2,02,80,FFFFFFFF,32,2.92748385,3.04258227,2.20728600,1.34532758,1.09957577,0.48061275,2.20759914,1.18916695,1.04384091,1.49770282,2.20750914,0.88775692,1.00751991,0.95739916,2.20539596,0.63875992,1.98009305,0.97533069,2.20470621,1.00221281,0.76542919,0.80968706,2.20485182,1.17322885,1.81759046,1.35634318,2.20478874,1.13909538,1.05806519,0.80770912,2.20482028,0.70902287,SD 02 80 FFFFFFFF 91E045 944A07 7FEBDE 60DEAB 550DBA 2DBA6B 7FEE31 598F29 522020 6768D9 7FED86 495D58 5029A7 4D6159 7FDDD5 3966BC 78FA0C 4E62C3 7FD8B5 4FDF48 41DB23 44A491 7FD9CA 58C66F 738767 615C7F 7FD952 571220 52E1DD 448521 7FD98E 3E2E85 7CB799 000FFF 02 107387,2026-07-27T22:43:30.737+00:00,serial_request_midpoint,356.716,True,matched,75.8438,75.8438,2026-07-27T22:43:30.812+00:00,36.861517,1785192210761.258,1109,False,,,,,,,,,,,,,,False,,,,,,,,,,,,,,True,0.8718182529884485,-21.845681461124844,-15.711155619551937,41.2588824993358,0.15760811640918396,-0.8940884722098974,-2.9325612190757924,38.801979344104275,21.497561036299437,-30.484056834910337,0.587569023860596,-0.055957231694346764,0.014570625342872432,False,,,,,,,,,,,,,,False,,,,,,,,,,,,,,False,,,,,,,,,,,,,,True,0.045781068588532585,10.17603021688185,9.409669212186767,76.48061717591679,0.20436859407911584,-0.0021432365170048462,-3.0340230836923126,0.0,0.0,0.0,0.0,0.0,0.0,True,2,0.8718182529884606,-22.643411897895156,-12.917801908158719,45.394281416149894,2.574588551831667,0.09541382178108541,0.17066444565312047,38.755156250281935,18.672164856545088,-26.294108501910795,-0.017593117401162844,2.9914553835836823,0.8568475269373147,True,-22.307909943314435,-38.07571434483972,70.54459344202567,37.58742977665469,43.94143140750151,-1.2806741597087465
2026-07-27T22:43:31.472+00:00,60.700000,107816.300000,1.220383,4095,2,02,80,FFFFFFFF,32,2.92747673,3.04237468,2.20675717,1.34535246,1.09960118,0.48059206,2.20786706,1.18915947,1.04385833,1.49770764,2.20733915,0.88773544,1.00752829,0.95739158,2.20771020,0.63875533,1.98017166,0.97529402,2.20742020,1.00220363,0.76541845,0.80971781,2.20777337,1.17322453,1.81758346,1.35639978,2.20731336,1.13897407,1.05800499,0.80769119,2.20775968,0.70901160,SD 02 80 FFFFFFFF 91E03B 9448F0 7FE7F1 60DEF4 550E10 2DBA01 7FF02E 598F11 52205D 6768E6 7FEC43 495D05 5029C5 4D613D 7FEF04 3966A7 78FAB2 4E623D 7FECDD 4FDF27 41DAF6 44A50E 7FEF7C 58C661 738757 615D24 7FEC12 57108F 52E10C 4484D8 7FEF62 3E2E54 7CF79A 000FFF 02 107393,2026-07-27T22:43:31.293+00:00,serial_request_midpoint,356.4408,True,matched,95.403,95.403,2026-07-27T22:43:31.388+00:00,37.437835,1785192211327.926,1126,False,,,,,,,,,,,,,,False,,,,,,,,,,,,,,True,0.8511030655069499,-22.237078313602083,-16.65627778295156,41.26833135999173,0.10002222394029242,-0.8937777085713109,-2.9434340857203316,39.38224078355885,22.64535350770878,-29.916444616553026,0.5897656927227071,-0.09965064126103707,0.010487852569054042,False,,,,,,,,,,,,,,False,,,,,,,,,,,,,,False,,,,,,,,,,,,,,True,0.029008070542810918,10.159846111173506,9.40218369775495,76.34200319788894,0.2138503754114906,0.006262833689653482,-3.0355508198395005,0.0,0.0,0.0,0.0,0.0,0.0,True,2,0.8511030655069344,-22.842687797016332,-13.855354900092351,45.43111783774057,2.5792630555464178,0.08406266344717518,0.12032783885362536,39.12190453270206,19.810164661631767,-25.74096232764021,-0.010248118660787514,2.9490478308492505,0.848893860992244,True,-22.122653938048078,-39.05576704011541,70.53076114092451,37.362039916487596,45.02970533751831,-0.7119999168240497
2026-07-27T22:43:32.028+00:00,61.200000,107816.800000,1.217941,4095,2,02,80,FFFFFFFF,32,2.92731016,3.04238956,2.20503844,1.34529690,1.09961684,0.48059284,2.20524716,1.18911802,1.04384805,1.49768131,2.20706077,0.88773751,1.00752215,0.95740917,2.20779126,0.63875533,1.98018065,0.97528636,2.20527293,1.00217914,0.76542394,0.80972100,2.20703657,1.17319458,1.81741240,1.35638366,2.20477402,1.13894836,1.05797936,0.80769020,2.20737652,0.70900609,SD 02 80 FFFFFFFF 91DF51 944904 7FDB2D 60DE51 550E45 2DBA05 7FDCBA 598E8C 522039 67689F 7FEA32 495D0D 5029AF 4D617E 7FEF9E 3966A7 78FAC5 4E6221 7FDCEB 4FDECF 41DB0D 44A51B 7FEA04 58C600 7385D0 615CF5 7FD936 57103A 52E0B3 4484D4 7FEC8A 3E2E3C 7CB79A 000FFF 02 107398,2026-07-27T22:43:31.850+00:00,serial_request_midpoint,357.1139,True,matched,32.46025,32.46025,2026-07-27T22:43:31.883+00:00,37.931866,1785192211827.928,1141,False,,,,,,,,,,,,,,False,,,,,,,,,,,,,,True,0.8851159600620834,-22.00232478500333,-17.070516580046988,41.26493508736696,0.1050571420900417,-0.8949945663499188,-2.9485568338373875,39.12624525513703,22.97835649668833,-30.27469575251418,0.5876522736611486,-0.09254412841147582,0.002678735949856216,False,,,,,,,,,,,,,,False,,,,,,,,,,,,,,False,,,,,,,,,,,,,,True,0.050269735235779114,10.18223629892597,9.421094208234079,76.44694360931446,0.20735055863773533,0.0021687968280095977,-3.0349860584007704,0.0,0.0,0.0,0.0,0.0,0.0,True,2,0.8851159600620814,-22.615059669229968,-14.269023603136972,45.42629498407711,2.5794228051970736,0.07684645995811311,0.12468061111649793,38.88795086755664,20.152207619964734,-26.091775547751297,0.0014486490346271557,2.9567816595235508,0.8477666146680909,True,-22.117334403284367,-39.48424016437765,70.51646114657038,37.48885393657046,45.426326735748376,-1.0951208629533198
2026-07-27T22:43:32.588+00:00,62.400000,107818.000000,1.219162,4095,2,02,80,FFFFFFFF,32,2.92715073,3.04253837,2.20761125,1.34532076,1.09957341,0.48058815,2.20753441,1.18910618,1.04381379,1.49766203,2.20783022,0.88772017,1.00753778,0.95739347,2.20514096,0.63874745,1.98010394,0.97532138,2.20720180,1.00216411,0.76542346,0.80970797,2.20540595,1.17322020,1.81754802,1.35635073,2.20696606,1.13889906,1.05800384,0.80766884,2.20502214,0.70900816,SD 02 80 FFFFFFFF 91DE71 9449CC 7FEE48 60DE97 550DB2 2DB9ED 7FEDB6 598E66 521FC1 67686B 7FEFE8 495CCA 5029E7 4D6144 7FDBF0 396683 78FA23 4E62A1 7FEB3E 4FDE99 41DB0B 44A4E6 7FDDE8 58C653 738706 615C95 7FE97E 570F97 52E108 44847D 7FDB0E 3E2E45 7CD79A 000FFF 02 1073A4,2026-07-27T22:43:32.408+00:00,serial_request_midpoint,358.3664,True,matched,50.5537,50.5537,2026-07-27T22:43:32.458+00:00,38.507887,1785192212394.604,1158,True,0.9565646769273592,-21.59246768793497,-9.547390168542345,42.116617431366016,0.7933655608495884,0.7162429171492734,-1.2743422428935383,37.93843491092018,15.605270284280744,-29.286336629833745,-0.7939017604269468,0.7493142955077182,1.4274448285028634,False,,,,,,,,,,,,,,True,0.9643196049570787,-20.572955654460884,-17.12044356579275,41.17694384726226,0.1835360741199837,-0.9088811087058916,-2.935858803096558,37.81181054355741,23.238854677387526,-30.279253832612188,0.6019643655933413,-0.04454659989322488,0.009559635350521595,False,,,,,,,,,,,,,,False,,,,,,,,,,,,,,False,,,,,,,,,,,,,,True,0.028717799894367048,10.168873289332215,9.415742535636696,76.35337596223441,0.21286321187363683,0.005417620032064845,-3.034851763200039,0.0,0.0,0.0,0.0,0.0,0.0,True,0;2,1.050438478329649,-21.448601913988036,-14.266611189832016,45.23161446215024,2.5590238689427944,0.0786111484158911,0.20248553514670325,37.82781041774653,20.32604609240858,-26.172337769622764,-0.005393404784355516,3.000577065520912,0.8926319286249416,True,-21.950605015941797,-39.10838843613236,70.69149291557126,37.222733191491656,45.08191295550047,-0.6311504021708743
2026-07-27T22:43:33.144+00:00,63.600000,107819.200000,1.216721,4095,2,02,80,FFFFFFFF,32,2.92714147,3.04221025,2.20462631,1.34527405,1.09955332,0.48060475,2.20444078,1.18911272,1.04380893,1.49764535,2.20465733,0.88774424,1.00751628,0.95735505,2.20700868,0.63873738,1.98005138,0.97529812,2.20756125,1.00219611,0.76541081,0.80968608,2.20796076,1.17317822,1.81749640,1.35632431,2.20732547,1.13888272,1.05794825,0.80768922,2.20759178,0.70899759,SD 02 80 FFFFFFFF 91DE64 944813 7FD81D 60DE0E 550D6E 2DBA42 7FD6BC 598E7B 521FB0 67683E 7FD858 495D27 50299A 4D60B6 7FE9CF 396655 78F9B4 4E624C 7FEDE9 4FDF0C 41DAD6 44A48D 7FF0E0 58C5CB 738690 615C48 7FEC29 570F61 52E047 4484D0 7FEE23 3E2E17 7C979A 000FFF 02 1073B0,2026-07-27T22:43:32.966+00:00,serial_request_midpoint,356.3522,True,matched,77.1186,77.1186,2026-07-27T22:43:33.042+00:00,39.091996,1785192212961.276,1175,False,,,,,,,,,,,,,,False,,,,,,,,,,,,,,True,0.8915987722917501,-19.487882457491928,-17.069794519662157,41.313705830638604,0.20315110404484402,-0.909702444117758,-2.9149497922509453,36.70896989492591,23.382710865488644,-30.278886288248707,0.6072650853189476,-0.03065550543476929,0.0292045408104727,False,,,,,,,,,,,,,,False,,,,,,,,,,,,,,False,,,,,,,,,,,,,,True,0.014931242470165572,10.173895261860954,9.422290538483603,76.37734746726821,0.21255984388278054,0.008335470240425668,-3.0353664024552423,0.0,0.0,0.0,0.0,0.0,0.0,True,2,0.8915987722917257,-20.444013634667975,-14.240427266558967,45.390618498583,2.558870533747714,0.1087002315481757,0.21017403078384525,36.80593979044865,20.478609568962618,-26.143972107540197,-0.041277758909519124,3.006535865586037,0.8928179516604553,True,-20.346976959948954,-39.078361964102385,70.85900868281877,35.59659934436386,45.24127687994294,-0.630855518943713
2026-07-27T22:43:33.700+00:00,64.100000,107819.700000,1.216721,4095,2,02,80,FFFFFFFF,32,2.92708525,3.04237245,2.20732705,1.34528258,1.09959616,0.48060553,2.20805289,1.18914482,1.04380008,1.49770356,2.20796076,0.88773492,1.00753332,0.95735749,2.20740073,0.63874592,1.98004901,0.97531509,2.20725600,1.00216829,0.76541439,0.80970453,2.20542225,1.17317575,1.81744390,1.35627423,2.20458058,1.13890662,1.05792060,0.80766761,2.20694343,0.70898656,SD 02 80 FFFFFFFF 91DE15 9448ED 7FEC2C 60DE27 550DFF 2DBA46 7FF18F 598EE2 521F91 6768DB 7FF0E0 495D03 5029D7 4D60BF 7FECB8 39667C 78F9AF 4E628A 7FEBA5 4FDEA8 41DAE5 44A4D8 7FDE07 58C5C3 738618 615BB6 7FD7C6 570FB0 52DFE7 448478 7FE953 3E2DE7 7C979A 000FFF 02 1073B5,2026-07-27T22:43:33.522+00:00,serial_request_midpoint,355.6944,True,matched,93.5076,93.5076,2026-07-27T22:43:33.615+00:00,39.664826,1785192213561.272,1193,False,,,,,,,,,,,,,,False,,,,,,,,,,,,,,True,0.9506843534936578,-18.93085190510731,-16.790528224221177,41.53204927553099,0.1581752149851218,-0.8938532450359796,-2.91201496692767,36.2310341622292,23.33394242865606,-29.750795340767645,0.6025195523461699,-0.06485109167188366,0.03955346746176356,False,,,,,,,,,,,,,,False,,,,,,,,,,,,,,False,,,,,,,,,,,,,,True,0.014032956917852956,10.16122046250926,9.413280777445316,76.30678505164062,0.2194135361070494,0.018379591993242947,-3.03412384142356,0.0,0.0,0.0,0.0,0.0,0.0,True,2,0.9506843534936376,-19.762722742012883,-13.993016667614771,45.65789981815916,2.5701316716264935,0.12178433575293236,0.1714580744733294,36.18084633066316,20.447291970087814,-25.602849703424262,-0.05578820733737403,2.975916774943237,0.8762198188357554,True,-18.83723576368586,-39.01943597876524,70.92434248521403,34.08571001124408,45.31787480449666,-0.25258682486602313
2026-07-27T22:43:34.256+00:00,65.300000,107820.900000,1.218552,4095,2,02,80,FFFFFFFF,32,2.92712297,3.04234417,2.20748388,1.34525190,1.09953235,0.48058230,2.20817292,1.18913204,1.04377924,1.49766240,2.20783495,0.88772638,1.00751461,0.95737210,2.20748493,0.63874964,1.98000640,0.97525735,2.20780442,1.00213712,0.76540149,0.80969125,2.20779337,1.17315321,1.81749202,1.35626977,2.20503949,1.13888454,1.05790994,0.80768505,2.20489230,0.70897920,SD 02 80 FFFFFFFF 91DE4A 9448C7 7FED56 60DDCD 550D27 2DB9CF 7FF273 598EB9 521F48 67686C 7FEFF1 495CE2 502994 4D60F5 7FED58 39668D 78F955 4E61B7 7FEFB7 4FDE38 41DAAF 44A4A2 7FEFA2 58C57A 738686 615BA9 7FDB2F 570F67 52DFC2 4484BF 7FDA17 3E2DC7 7CC799 000FFF 02 1073C1,2026-07-27T22:43:34.078+00:00,serial_request_midpoint,356.3461,True,matched,29.76015,29.76015,2026-07-27T22:43:34.108+00:00,40.157262,1785192214027.94,1207,False,,,,,,,,,,,,,,False,,,,,,,,,,,,,,True,0.9638277575192489,-17.72205043100537,-16.655369164488693,41.56858689979615,0.19060960758415685,-0.8989784529010392,-2.89375151326684,34.855105777066,22.929732118485372,-30.534603594522583,0.5964171042676732,-0.035945327201500635,0.051816426892972604,False,,,,,,,,,,,,,,False,,,,,,,,,,,,,,False,,,,,,,,,,,,,,True,0.04796858920155342,10.1726400734016,9.427881428622987,76.41917241268068,0.2096004465031393,-0.0010958014556093096,-3.034923933543713,0.0,0.0,0.0,0.0,0.0,0.0,True,2,0.9638277575192521,-18.67933242841196,-13.84885590734402,45.66099664873087,2.561155372259752,0.14096983710138575,0.20009342572249633,34.95945029910827,20.07324822351235,-26.366830206160035,-0.07575429021703377,3.0054394059422296,0.874503174199452,True,-17.698616256828338,-38.69263383207791,71.10497843125555,32.96638137471174,45.08364935085566,-1.146226992831896
2026-07-27T22:43:34.814+00:00,65.800000,107821.400000,1.219772,4095,2,02,80,FFFFFFFF,32,2.92713009,3.04227051,2.20438717,1.34528258,1.09952910,0.48060729,2.20491490,1.18906349,1.04377895,1.49766982,2.20706551,0.88771810,1.00749562,0.95738563,2.20787865,0.63875401,1.97996094,0.97527404,2.20773600,1.00214101,0.76540412,0.80969493,2.20768968,1.17319396,1.81746840,1.35625365,2.20760599,1.13885732,1.05789583,0.80767449,2.20782337,0.70898564,SD 02 80 FFFFFFFF 91DE54 944864 7FD656 60DE27 550D1C 2DBA4F 7FDA42 598DDD 521F47 676880 7FEA3B 495CC2 502950 4D6127 7FF044 3966A1 78F8F5 4E61F4 7FEF35 4FDE46 41DABA 44A4B1 7FEEDD 58C5FE 738650 615B7A 7FEE3E 570F0D 52DF91 448494 7FEFDB 3E2DE3 7CE799 000FFF 02 1073C6,2026-07-27T22:43:34.635+00:00,serial_request_midpoint,356.9592,True,matched,49.0411,49.0411,2026-07-27T22:43:34.684+00:00,40.733383,1785192214627.945,1225,False,,,,,,,,,,,,,,False,,,,,,,,,,,,,,True,0.8805208351828746,-17.777723968159403,-16.255652077114718,41.990699395630216,0.18784253101278375,-0.8817802456495608,-2.894715489302652,34.92346778410449,22.634232624772533,-29.794411040692005,0.5886460364602716,-0.04176897567253343,0.056551718615690576,False,,,,,,,,,,,,,,False,,,,,,,,,,,,,,False,,,,,,,,,,,,,,True,0.08097175833120601,10.161194979109451,9.417220884644191,76.34160069077447,0.2161605467902626,0.004910024714181755,-3.0342557974717295,0.0,0.0,0.0,0.0,0.0,0.0,True,2,0.8805208351828452,-18.731604849768495,-13.49665821128292,46.11608266892042,2.572094503541552,0.1468974215077001,0.19830047392836198,35.005846126051495,19.80998078549366,-25.60423939782971,-0.08264519099832433,3.003042728882633,0.861153550242923,True,-17.557510514073307,-38.604631731582444,71.29111956913121,32.771024856915844,45.00714815072048,-0.5906501832464641
2026-07-27T22:43:35.370+00:00,67.000000,107822.600000,1.214890,4095,2,02,80,FFFFFFFF,32,2.92703471,3.04241858,2.20504896,1.34526246,1.09948745,0.48058152,2.20742494,1.18904791,1.04379066,1.49768057,2.20776179,0.88773544,1.00748557,0.95736587,2.20739915,0.63876124,1.98008737,0.97522643,2.20749756,1.00211625,0.76539433,0.80970108,2.20787022,1.17321249,1.81747671,1.35631094,2.20767125,1.13886337,1.05786011,0.80764477,2.20772915,0.70898403,SD 02 80 FFFFFFFF 91DDCE 94492B 7FDB41 60DDEC 550C8F 2DB9CB 7FECE6 598DAB 521F70 67689D 7FEF66 495D05 50292C 4D60DE 7FECB5 3966C2 78FA00 4E6146 7FED70 4FDDED 41DA91 44A4CA 7FF034 58C63A 738663 615C21 7FEEBA 570F21 52DF15 44841B 7FEF28 3E2DDC 7C679B 000FFF 02 1073D2,2026-07-27T22:43:35.192+00:00,serial_request_midpoint,355.8253,True,matched,78.06695,78.06695,2026-07-27T22:43:35.270+00:00,41.319324,1785192215194.604,1242,False,,,,,,,,,,,,,,False,,,,,,,,,,,,,,True,0.89159106684112,-17.611420423535147,-15.97086456564747,42.11005704159449,0.20814462437912487,-0.8689653392855364,-2.8938269228873255,34.76428203154768,22.445808337847357,-29.583580069341753,0.5833340951108165,-0.02947556346438923,0.059730344296264906,False,,,,,,,,,,,,,,False,,,,,,,,,,,,,,False,,,,,,,,,,,,,,True,0.053416216539022655,10.1642109802479,9.418150225952695,76.33680177229611,0.2185060265709882,0.008822955863454789,-3.0340066630178826,0.0,1.4210854715202005e-15,0.0,0.0,0.0,0.0,True,2,0.8915910668411269,-18.63280801965202,-13.25399947625859,46.2472220737383,2.578688492482185,0.1516657363366361,0.21679298867716887,34.9088959949684,19.64635064534081,-25.378482392939382,-0.08807446302074691,3.0168104032228555,0.8563045912150437,True,-17.558547136557888,-38.56493485578498,71.22268660396558,32.77654657746881,44.97269241158025,-0.4867003467805944
2026-07-27T22:43:35.928+00:00,67.500000,107823.100000,1.218552,4095,2,02,80,FFFFFFFF,32,2.92715998,3.04244387,2.20738073,1.34530133,1.09947386,0.48058405,2.20772284,1.18907471,1.04379437,1.49767649,2.20764073,0.88771137,1.00748948,0.95738644,2.20742494,0.63874329,1.98013614,0.97523710,2.20528607,1.00214936,0.76537642,0.80969420,2.20732021,1.17323101,1.81753402,1.35628384,2.20760546,1.13881225,1.05787307,0.80766761,2.20734020,0.70897024,SD 02 80 FFFFFFFF 91DE7E 94494D 7FEC92 60DE5E 550C61 2DB9D8 7FEF1C 598E01 521F7D 676892 7FEE80 495CA8 50293A 4D612A 7FECE6 396670 78FA67 4E616D 7FDD04 4FDE64 41DA46 44A4AE 7FEC1F 58C676 7386E6 615BD2 7FEE3D 570E78 52DF42 448478 7FEC45 3E2DA0 7CC79B 000FFF 02 1073D7,2026-07-27T22:43:35.749+00:00,serial_request_midpoint,357.63,True,matched,96.0007,96.0007,2026-07-27T22:43:35.845+00:00,41.894156,1785192215794.594,1260,False,,,,,,,,,,,,,,False,,,,,,,,,,,,,,True,0.9459253940903775,-18.31903966804544,-15.491152528854153,41.75749925061428,0.14399895260105278,-0.8825672081900967,-2.8970717729557918,35.29772137257029,21.83556043123129,-30.170125896971957,0.5880849214308833,-0.06689907785237022,0.055422524389563875,False,,,,,,,,,,,,,,False,,,,,,,,,,,,,,False,,,,,,,,,,,,,,True,0.05420851658136432,10.169598357504364,9.418183874302075,76.41121180041608,0.20971220350252992,0.004938442728519138,-3.0349865035089025,0.0,-1.4210854715202005e-15,1.1368683772161604e-14,0.0,0.0,0.0,True,2,0.9459253940903894,-19.135148847397293,-12.717858077955558,45.902801016718016,2.5741843243757905,0.14618905282727096,0.1595002196140029,35.25882193543321,19.00996530790249,-25.980230663331746,-0.07969601666364562,2.9794852940897854,0.8537707695904964,True,-17.482009677045966,-37.797112480384776,71.07956499134019,32.64758924731856,44.220178084578585,-1.0162976732080324
2026-07-27T22:43:36.484+00:00,68.700000,107824.300000,1.217941,4095,2,02,80,FFFFFFFF,32,2.92734789,3.04233822,2.20501216,1.34532417,1.09950458,0.48059967,2.20489019,1.18907066,1.04381264,1.49765870,2.20475299,0.88769455,1.00750735,0.95738346,2.20451961,0.63875445,1.98008121,0.97525352,2.20471988,1.00211402,0.76538096,0.80970157,2.20473670,1.17324428,1.81748896,1.35633358,2.20668615,1.13879501,1.05785954,0.80764428,2.20702815,0.70896427,SD 02 80 FFFFFFFF 91DF86 9448BF 7FDAFB 60DEA1 550CC9 2DBA28 7FDA13 598DF4 521FBD 676862 7FD90E 495C67 50297A 4D611F 7FD752 3966A3 78F9F3 4E61A9 7FD8CF 4FDDE5 41DA59 44A4CC 7FD8EF 58C6A1 73867F 615C63 7FE76A 570E3F 52DF13 448419 7FE9F4 3E2D86 7CB79B 000FFF 02 1073E3,2026-07-27T22:43:36.306+00:00,serial_request_midpoint,355.5565,True,matched,101.57225,101.57225,2026-07-27T22:43:36.408+00:00,42.456781,1785192216327.946,1276,False,,,,,,,,,,,,,,False,,,,,,,,,,,,,,True,0.843378044951731,-18.71957455213816,-15.238298420395912,41.91627333296297,0.12078663764965931,-0.8712273556291066,-2.8995717749069843,35.587005709653695,21.687909992692557,-29.899357033758076,0.5837256382836754,-0.08088305219371861,0.056897959494790325,False,,,,,,,,,,,,,,False,,,,,,,,,,,,,,False,,,,,,,,,,,,,,True,0.04683920063550193,10.165125013847504,9.41828630921771,76.39088611855244,0.20765198374515192,0.010808610704927977,-3.0355892328270304,0.0,0.0,-1.1368683772161604e-14,0.0,0.0,0.0,True,2,0.8433780449517336,-19.464000961712777,-12.490917888199132,46.09221063937301,2.5826575485757917,0.14857581062558753,0.13923493208312768,35.48287003456415,18.87894669826851,-25.699404197500847,-0.08120941564304379,2.967955295630253,0.8436407056945403,True,-17.48031174415864,-37.74220870386906,71.0723748494572,32.60023284168379,44.1942680397594,-0.8720760504080317
2026-07-27T22:43:37.041+00:00,69.200000,107824.800000,1.217941,4095,2,02,80,FFFFFFFF,32,2.92752016,3.04245057,2.20767020,1.34533985,1.09953767,0.48059753,2.20771757,1.18905321,1.04385291,1.49768317,2.20551322,0.88771732,1.00753304,0.95739591,2.20694448,0.63876561,1.98009258,0.97524969,2.20748441,1.00217691,0.76541296,0.80972641,2.20734126,1.17324799,1.81747146,1.35639326,2.20781969,1.13884129,1.05788690,0.80763200,2.20808079,0.70898885,SD 02 80 FFFFFFFF 91E078 944956 7FEEB8 60DECF 550D39 2DBA1D 7FEF12 598DBC 52204A 6768A4 7FDEB4 495CBF 5029D6 4D614D 7FE955 3966D6 78FA0B 4E619B 7FED57 4FDEC7 41DADF 44A531 7FEC47 58C6AD 738657 615D11 7FEFD4 570ED8 52DF72 4483E7 7FF1C4 3E2DF1 7CB79B 000FFF 02 1073E8,2026-07-27T22:43:36.863+00:00,serial_request_midpoint,357.5493,True,matched,33.81245,33.81245,2026-07-27T22:43:36.897+00:00,42.945819,1785192216827.958,1291,False,,,,,,,,,,,,,,False,,,,,,,,,,,,,,True,0.8596094137846398,-18.86275134741446,-15.320336738855758,41.931051494853875,0.10483505165302844,-0.8699634748010572,-2.9013364364462895,35.8813876599416,21.72895622782675,-29.683690189728413,0.5824131155172037,-0.09611436190031417,0.056499021979874324,False,,,,,,,,,,,,,,False,,,,,,,,,,,,,,False,,,,,,,,,,,,,,True,0.030480575485344188,10.163935457562808,9.413244947370291,76.3758533164661,0.214354001818959,0.011477390737917006,-3.0342859674804985,0.0,0.0,1.1368683772161604e-14,0.0,0.0,0.0,True,2,0.8596094137846249,-19.55542710156201,-12.572670082626674,46.11569617874739,2.5843975443220137,0.1473957408128763,0.125115585795471,35.70394156999917,18.92379823474443,-25.48365157043147,-0.07986086464085115,2.9540297249765746,0.8378290738250598,True,-17.417877755593352,-37.84590426584992,71.06095287106574,32.58708663193809,44.27186325902174,-0.7181083792910499
2026-07-27T22:43:37.600+00:00,70.400000,107826.000000,1.219162,4095,2,02,80,FFFFFFFF,32,2.92762836,3.04280179,2.20755862,1.34545304,1.09959261,0.48060709,2.20796234,1.18910961,1.04387290,1.49770393,2.20538492,0.88773233,1.00753611,0.95738563,2.20751809,0.63875270,1.98015035,0.97525872,2.20777916,1.00222506,0.76541630,0.80973994,2.20740967,1.17332640,1.81748065,1.35646016,2.20522771,1.13888908,1.05795257,0.80766122,2.20691870,0.70899000,SD 02 80 FFFFFFFF 91E110 944B2E 7FEDE4 60E01B 550DF3 2DBA4E 7FF0E3 598E71 522090 6768DC 7FDDC0 495CF9 5029E1 4D6127 7FED97 39669B 78FA85 4E61BC 7FEF87 4FDF74 41DAED 44A568 7FECC9 58C7AB 73866C 615DD4 7FDC95 570F76 52E056 44845E 7FE924 3E2DF6 7CD79A 000FFF 02 1073F4,2026-07-27T22:43:37.422+00:00,serial_request_midpoint,357.3597,True,matched,36.97055,36.97055,2026-07-27T22:43:37.458+00:00,43.507576,1785192217394.615,1308,False,,,,,,,,,,,,,,False,,,,,,,,,,,,,,True,0.9888084204373826,-18.231815207553566,-15.607318513621996,41.634983228634255,0.14398772378812313,-0.8970656729673705,-2.892240608614853,35.27160176439757,21.998102841089995,-30.249090091903305,0.5996455111069716,-0.06818948713183723,0.056661170275555346,False,,,,,,,,,,,,,,False,,,,,,,,,,,,,,False,,,,,,,,,,,,,,True,0.058657362887194926,10.167929866276983,9.415410574542863,76.42474292517791,0.21093665915558668,0.007410394621766942,-3.0345885752071404,0.0,0.0,0.0,0.0,0.0,0.0,True,2,0.9888084204373835,-19.05040264741423,-12.79253157976093,45.75173099307082,2.564108035486319,0.1464838713552538,0.15912169189784492,35.23065821550906,19.124231069067946,-26.092179255776877,-0.0817067732335478,2.9732601700697043,0.8706208927016162,True,-17.41038150346994,-37.61731714520382,71.1802910586613,32.554915466142624,44.041040898113515,-0.8421435446231158
2026-07-27T22:43:38.156+00:00,71.600000,107827.200000,1.219162,4095,2,02,80,FFFFFFFF,32,2.92774227,3.04312925,2.20739020,1.34558669,1.09960620,0.48063814,2.20790181,1.18911709,1.04392601,1.49769466,2.20779442,0.88772198,1.00758022,0.95741701,2.20793813,0.63876868,1.98021475,0.97529976,2.20765178,1.00225400,0.76542251,0.80975666,2.20757809,1.17333752,1.81756290,1.35653906,2.20521194,1.13893808,1.05796438,0.80767424,2.20723179,0.70899621,SD 02 80 FFFFFFFF 91E1B0 944CE6 7FECA4 60E1A3 550E21 2DBAED 7FF070 598E89 52214A 6768C3 7FEFA4 495CD1 502A7F 4D619B 7FF0B5 3966E4 78FB0D 4E6252 7FEE95 4FDFDC 41DB07 44A5AC 7FEE09 58C7CF 738728 615EBA 7FDC77 571018 52E07F 448493 7FEB77 3E2E11 7CD79B 000FFF 02 107400,2026-07-27T22:43:37.979+00:00,serial_request_midpoint,355.0027,True,matched,60.50505,60.50505,2026-07-27T22:43:38.038+00:00,44.087975,1785192217961.278,1325,False,,,,,,,,,,,,,,False,,,,,,,,,,,,,,True,0.8755854063808634,-18.46185138624398,-14.647641153619535,41.484089522091686,0.13573512553312156,-0.9063630996303004,-2.8859691997685077,35.405843814190334,21.12356948017999,-30.17050072249529,0.6088698998677352,-0.07485092536357328,0.062129220845467376,False,,,,,,,,,,,,,,False,,,,,,,,,,,,,,False,,,,,,,,,,,,,,True,0.07488170173073677,10.148206354767924,9.401558147466108,76.31423001359055,0.21270982928583243,0.011652249848128566,-3.035250916527663,2.842170943040401e-15,0.0,0.0,0.0,0.0,0.0,True,2,0.875585406380865,-19.261741393601564,-11.803255685370669,45.584134655363165,2.55719926384426,0.1510490759707873,0.1516457756733687,35.34345743717872,18.211010593732084,-26.040872230287352,-0.0898506333809999,2.962663701565877,0.8824071838353879,True,-17.436502495797058,-36.43316992209677,71.18896120016926,32.385000385221524,42.882162281530704,-0.5820207047078043
2026-07-27T22:43:38.712+00:00,72.100000,107827.700000,1.218552,4095,2,02,80,FFFFFFFF,32,2.92862591,3.04361232,2.20494960,1.34590280,1.09960413,0.48062720,2.20504054,1.18915105,1.04411278,1.49766834,2.20440714,0.88778772,1.00758860,0.95747059,2.20477980,0.63877962,1.98029951,0.97533397,2.20485655,1.00238341,0.76544495,0.80978249,2.20500848,1.17352184,1.81756990,1.35691579,2.20469622,1.13909598,1.05811992,0.80766196,2.20467257,0.70906147,SD 02 80 FFFFFFFF 91E689 944F6F 7FDA84 60E542 550E1A 2DBAB5 7FDB31 598EF6 5223D8 67687C 7FD67C 495DCF 502A9D 4D6261 7FD941 396716 78FBC0 4E62CF 7FD9D3 4FE1AD 41DB65 44A615 7FDAF4 58CA24 738738 616304 7FD8A2 571222 52E29B 448461 7FD875 3E2F2D 7CC79B 000FFF 02 107405,2026-07-27T22:43:38.534+00:00,serial_request_midpoint,355.722,True,matched,80.2923,80.2923,2026-07-27T22:43:38.615+00:00,44.663735,1785192218561.29,1343,False,,,,,,,,,,,,,,False,,,,,,,,,,,,,,True,0.8639531384779083,-18.505490191456577,-14.276200388913162,41.238450990035524,0.13421516007152545,-0.9205833152557045,-2.880240918041997,35.454827022527766,20.530038888551765,-30.663819166601648,0.6118273024654016,-0.07532723046626287,0.06393013577105876,False,,,,,,,,,,,,,,False,,,,,,,,,,,,,,False,,,,,,,,,,,,,,True,0.009260196080686149,10.158021072503386,9.407723608947903,76.39910979969436,0.21219028103809348,0.0010093850253397373,-3.035446717302535,2.842170943040401e-15,0.0,-1.1368683772161604e-14,0.0,0.0,0.0,True,2,0.8639531384779253,-19.304690239388215,-11.390779787661995,45.30985739441436,2.54712037091358,0.1524781942117263,0.14997267584555846,35.393565482080135,17.60534401617569,-26.54275986109357,-0.09261039634184667,2.9608195533598485,0.8866162970245429,True,-17.448495668036905,-35.75798486146489,71.1626168861334,32.37057884992193,42.19712860532103,-1.0147948565144929
2026-07-27T22:43:39.269+00:00,73.300000,107828.900000,1.219773,4095,2,02,80,FFFFFFFF,32,2.93006347,3.04489969,2.20702289,1.34655871,1.09975215,0.48064243,2.20551322,1.18928069,1.04436041,1.49770986,2.20695764,0.88786873,1.00768633,0.95756557,2.20539333,0.63881180,1.98055620,0.97540731,2.20479137,1.00253928,0.76550154,0.80987275,2.20721390,1.17368796,1.81773353,1.35741548,2.20745072,1.13930654,1.05828528,0.80769315,2.20795655,0.70915179,SD 02 80 FFFFFFFF 91EE6B 945630 7FE9EA 60ECC5 55100F 2DBB03 7FDEB4 599096 52273B 6768EC 7FE96E 495F08 502BFB 4D63C0 7FDDD0 3967A9 78FDDE 4E63DB 7FD957 4FE3DD 41DC52 44A784 7FEB55 58CC3E 7388AE 6168B4 7FED17 5714DA 52E4D9 4484E0 7FF0D8 3E30B6 7CE79B 000FFF 02 107411,2026-07-27T22:43:39.090+00:00,serial_request_midpoint,356.2357,True,matched,100.59615,100.59615,2026-07-27T22:43:39.191+00:00,45.24019,1785192219127.954,1360,False,,,,,,,,,,,,,,False,,,,,,,,,,,,,,True,0.8043600449399667,-18.597824568143576,-13.718682568589902,41.17068805794615,0.12983983118751918,-0.9052752822096461,-2.87839858970561,35.46640308154756,19.847988805628503,-30.851227250866607,0.599624181141514,-0.07605871127483833,0.06795489839035072,False,,,,,,,,,,,,,,False,,,,,,,,,,,,,,False,,,,,,,,,,,,,,True,0.02971328920076263,10.160850449970386,9.408205631107464,76.40834239896299,0.20912119252777028,-0.002796774546784135,-3.034504759037258,2.842170943040401e-15,1.4210854715202005e-15,0.0,0.0,0.0,0.0,True,2,0.8043600449399793,-19.39198835127189,-10.873710512456153,45.27143930859875,2.556217524768929,0.1613820135738957,0.14653281785515396,35.40496977932187,16.973913772165055,-26.694709286783798,-0.09851210640724231,2.9652039775651646,0.8682149895349586,True,-17.263701371877996,-35.45608889751471,70.898541801844,32.251753516004584,41.86778244393672,-1.477178787516334
2026-07-27T22:43:39.826+00:00,73.800000,107829.400000,1.219162,4095,2,02,80,FFFFFFFF,32,2.93150967,3.04604017,2.20736757,1.34726538,1.09982808,0.48063208,2.20743651,1.18940598,1.04458779,1.49775176,2.20766231,0.88798806,1.00781060,0.95764567,2.20785075,0.63884529,1.98072955,0.97553868,2.20777231,1.00269766,0.76557509,0.80994458,2.20794603,1.17389703,1.81778297,1.35798397,2.20565415,1.13950715,1.05856129,0.80774645,2.20463630,0.70921729,SD 02 80 FFFFFFFF 91F658 945C2B 7FEC79 60F4DC 551110 2DBACE 7FECFC 599228 522A57 67695D 7FEEA9 4960D5 502DB8 4D64E8 7FF00F 396842 78FF4C 4E65BB 7FEF7A 4FE616 41DD86 44A8A8 7FF0C4 58CEE3 73891F 616F2C 7FDFC0 571771 52E897 4485B9 7FD830 3E31D3 7CD79B 000FFF 02 107416,2026-07-27T22:43:39.648+00:00,serial_request_midpoint,356.9881,True,matched,41.30835,41.30835,2026-07-27T22:43:39.689+00:00,45.737953,1785192219627.942,1375,False,,,,,,,,,,,,,,False,,,,,,,,,,,,,,True,0.7741111249513928,-19.242740140003384,-13.562202128767009,41.20243111584355,0.09360971201427393,-0.9136385930768536,-2.8884637471896655,36.12407625737775,19.930141222921282,-30.415099273296953,0.6116694647483434,-0.10313394931316591,0.05868405729305179,False,,,,,,,,,,,,,,False,,,,,,,,,,,,,,False,,,,,,,,,,,,,,True,0.03210569466672321,10.155646164990353,9.404196975342595,76.35235392190457,0.21224695581516956,0.010766856193076645,-3.034707417885606,0.0,-1.4210854715202005e-15,0.0,0.0,0.0,0.0,True,2,0.7741111249513971,-19.9062320713959,-10.68689687937039,45.30524980212172,2.5547760602227108,0.1464363089005056,0.11436583786853093,35.92334270802254,17.002594621575646,-26.30050331113774,-0.08328199816892905,2.9348513648589134,0.879089539180286,True,-17.708917306333646,-35.19806698240571,70.99465740010763,32.59781407029226,41.60776105433415,-0.8231023677911253
2026-07-27T22:43:40.382+00:00,75.000000,107830.600000,1.219162,4095,2,02,80,FFFFFFFF,32,2.93304657,3.04741968,2.20457323,1.34804539,1.09993504,0.48064692,2.20696500,1.18945772,1.04489836,1.49773804,2.20746230,0.88810532,1.00791672,0.95775528,2.20531394,0.63887309,1.98094840,0.97567443,2.20705867,1.00288641,0.76563312,0.81004690,2.20787759,1.17411168,1.81792386,1.35834727,2.20722022,1.13974227,1.05885868,0.80775775,2.20781021,0.70930280,SD 02 80 FFFFFFFF 91FEC3 946366 7FD7B8 60FDC9 55127A 2DBB1A 7FE97C 5992CE 522E96 676938 7FED2D 49629A 502F34 4D667D 7FDD39 3968C1 79011A 4E67AB 7FEA2E 4FE8BC 41DE79 44AA48 7FF042 58D19A 738A61 61734E 7FEB61 571A7A 52EC9F 4485E7 7FEFC2 3E3347 7CD79B 000FFF 02 107422,2026-07-27T22:43:40.204+00:00,serial_request_midpoint,356.0795,True,matched,62.17175,62.17175,2026-07-27T22:43:40.266+00:00,46.315519,1785192220194.595,1392,False,,,,,,,,,,,,,,False,,,,,,,,,,,,,,True,0.870786013013636,-19.000570604990003,-13.198320854253799,41.16504414932702,0.11571673941218727,-0.9141864014602341,-2.885310110352476,35.69348104650354,19.61292003902106,-30.773707451018527,0.6125881519534588,-0.08284449179583574,0.06022775221456779,False,,,,,,,,,,,,,,False,,,,,,,,,,,,,,False,,,,,,,,,,,,,,True,0.05209856136419021,10.164362323428946,9.409770996839192,76.4353313906918,0.20425347498327162,0.009593815594287361,-3.0362225680661328,0.0,0.0,0.0,0.0,0.0,0.0,True,2,0.8707860130136449,-19.737146841090073,-10.32656986524172,45.25787013760235,2.5529659074732707,0.14948866204648356,0.13382093892825297,35.59120760221566,16.683894119625656,-26.65653971446896,-0.08661915341985504,2.9535739110159027,0.8858189946174033,True,-17.72626606390253,-34.81848686841603,70.98088852078801,32.55584441684853,41.2631082089614,-1.1179391299485473
2026-07-27T22:43:40.939+00:00,75.500000,107831.100000,1.218552,4095,2,02,80,FFFFFFFF,32,2.93427961,3.04851650,2.20738862,1.34873386,1.10006328,0.48065630,2.20756020,1.18956089,1.04510982,1.49778031,2.20780864,0.88823631,1.00802145,0.95787030,2.20508155,0.63890833,1.98113884,0.97578775,2.20692817,1.00305068,0.76569211,0.81008060,2.20543960,1.17420836,1.81791642,1.35867492,2.20731336,1.13990752,1.05912960,0.80775504,2.20775705,0.70934302,SD 02 80 FFFFFFFF 920583 946925 7FECA1 6105A9 55142C 2DBB4A 7FEDE7 599419 52317A 6769AA 7FEFBF 496494 5030AB 4D6826 7FDB7F 396962 7902AC 4E6949 7FE936 4FEB0A 41DF70 44AAD1 7FDE28 58D2D3 738A50 617708 7FEC12 571C9C 52F04B 4485DC 7FEF5D 3E33F6 7CC79B 000FFF 02 107427,2026-07-27T22:43:40.761+00:00,serial_request_midpoint,356.7942,True,matched,80.5728,80.5728,2026-07-27T22:43:40.842+00:00,46.891005,1785192220761.245,1409,False,,,,,,,,,,,,,,False,,,,,,,,,,,,,,True,0.8755766836954942,-18.934960844923065,-12.560716853421434,41.22436402542273,0.12992452475564736,-0.917470280713553,-2.878073636823789,35.666044717850774,19.00102829116574,-30.555835541368417,0.6173172852327291,-0.07687029525073164,0.06633943034023984,False,,,,,,,,,,,,,,False,,,,,,,,,,,,,,False,,,,,,,,,,,,,,True,0.03545535940334162,10.158383195646577,9.402547031217193,76.40898111356715,0.2093256437452085,0.012039642037670422,-3.035139164065982,0.0,0.0,1.1368683772161604e-14,0.0,0.0,0.0,True,2,0.8755766836954837,-19.72561257109919,-9.682044402670446,45.3022112009521,2.5486500999000534,0.15671461854912036,0.1462943758891341,35.60240162670882,16.053714499157383,-26.450958711769495,-0.09627481042342367,2.956804902601137,0.8942667378241929,True,-17.71973304374576,-34.0764290411992,71.11813187330863,32.477369083290476,40.499284151075145,-0.7951677333575844
2026-07-27T22:43:41.496+00:00,76.700000,107832.300000,1.220993,4095,2,02,80,FFFFFFFF,32,2.93430388,3.04879097,2.20749441,1.34904916,1.10009047,0.48064770,2.20816134,1.18961107,1.04515525,1.49774768,2.20776284,0.88829897,1.00810217,0.95791226,2.20538808,0.63891949,1.98132835,0.97590026,2.20470463,1.00315120,0.76572363,0.81008602,2.20490176,1.17423554,1.81790986,1.35880751,2.20717128,1.14008216,1.05937577,0.80776708,2.20799288,0.70936118,SD 02 80 FFFFFFFF 9205A5 946A95 7FED6A 610944 551488 2DBB1E 7FF25D 5994BA 523219 676952 7FEF68 496586 5031CC 4D68C1 7FDDC6 396995 79043C 4E6AE4 7FD8B2 4FEC73 41DFF4 44AAE7 7FDA29 58D32B 738A41 61788A 7FEB04 571EDD 52F3A1 44860D 7FF11D 3E3445 7D079C 000FFF 02 107433,2026-07-27T22:43:41.318+00:00,serial_request_midpoint,356.4551,True,matched,93.33585,93.33585,2026-07-27T22:43:41.411+00:00,47.460572,1785192221327.932,1426,False,,,,,,,,,,,,,,False,,,,,,,,,,,,,,True,0.8864823723535766,-19.42462857278473,-11.928895631707007,41.15884601049104,0.09204470836976437,-0.9133854306083298,-2.8842005114974762,36.20181286552243,18.194289670680696,-30.408962902141305,0.6094709094876918,-0.10597606218586818,0.06331637316687742,False,,,,,,,,,,,,,,False,,,,,,,,,,,,,,False,,,,,,,,,,,,,,True,0.021036857477732335,10.148623078384391,9.397839326069004,76.32845816320248,0.21528691412611597,0.007205363664999877,-3.034307562015055,0.0,0.0,0.0,0.0,0.0,0.0,True,2,0.8864823723535565,-20.090044666649664,-9.052479416058675,45.26057419033599,2.5539317429953994,0.151994414281648,0.11298908315791806,35.99414757891933,15.27546533788628,-26.288518444563874,-0.09009125530433415,2.9328713790802037,0.8749871979329867,True,-17.747727745268215,-33.53292685393236,70.96645988629017,32.48148978679522,39.92723499378609,-0.8813776609173601
2026-07-27T22:43:42.054+00:00,77.300000,107832.900000,1.217942,4095,2,02,80,FFFFFFFF,32,2.93459581,3.04899907,2.20513623,1.34928968,1.10013598,0.48065786,2.20511310,1.18969523,1.04527557,1.49778439,2.20481817,0.88834712,1.00813736,0.95794988,2.20489230,0.63894248,1.98148518,0.97597746,2.20484814,1.00329516,0.76577617,0.81016105,2.20434617,1.17438629,1.81800569,1.35940393,2.20439715,1.14037186,1.05970618,0.80779189,2.20463683,0.70952209,SD 02 80 FFFFFFFF 92073E 946BAC 7FDBE7 610C04 551522 2DBB52 7FDBBB 5995C8 5233BE 6769B5 7FD98A 496640 50324A 4D694C 7FDA17 3969FE 790587 4E6BFE 7FD9C3 4FEE78 41E0D0 44AC18 7FD608 58D513 738B1C 617F52 7FD669 57229A 52F81B 448672 7FD831 3E3701 7CB79C 000FFF 02 107439,2026-07-27T22:43:41.876+00:00,serial_request_midpoint,356.2915,True,matched,105.26225,105.26225,2026-07-27T22:43:41.980+00:00,48.029661,1785192221927.955,1444,False,,,,,,,,,,,,,,False,,,,,,,,,,,,,,True,0.7815443890574086,-19.557675934776686,-10.835585419927815,41.24763702290649,0.11058708551495582,-0.9063207621283872,-2.8768260398102004,36.1419261028638,17.02629244739041,-30.52152933888823,0.6035915972150052,-0.09049421742792524,0.07143156023243938,False,,,,,,,,,,,,,,False,,,,,,,,,,,,,,False,,,,,,,,,,,,,,True,0.023788326407121786,10.154640231048099,9.399683066441934,76.39602798835675,0.21157638257099698,0.0029526143682023754,-3.0351504993661664,0.0,1.4210854715202005e-15,0.0,0.0,0.0,0.0,True,2,0.7815443890573962,-20.294516996816718,-7.9816138708046775,45.35283307072622,2.555860322170754,0.1637074976440481,0.12950192536512456,36.0182518486842,14.133824132709055,-26.379180407138897,-0.10306987332076122,2.9496126077916984,0.8701946741654172,True,-17.892421283988867,-32.52179526565729,70.99617037354801,32.51770677585961,38.91781978320078,-1.0993256108454943
2026-07-27T22:43:42.612+00:00,78.400000,107834.000000,1.220383,4095,2,02,80,FFFFFFFF,32,2.93804589,3.05203524,2.20437298,1.35064528,1.10030443,0.48066938,2.20672455,1.18979779,1.04585356,1.49782777,2.20740915,0.88855349,1.00836670,0.95816562,2.20754651,0.63900947,1.98205812,0.97625316,2.20747388,1.00372714,0.76593620,0.81042700,2.20749756,1.17521780,1.81845296,1.36145377,2.20743757,1.14134697,1.06064817,0.80792576,2.20745283,0.70993870,SD 02 80 FFFFFFFF 921A1C 947B90 7FD63B 611B82 55175C 2DBB8D 7FE7B3 599711 523BA4 676A2A 7FECC8 49695D 50357F 4D6C69 7FEDCD 396B30 790A40 4E6FED 7FED43 4FF487 41E36E 44B051 7FED70 58DF96 738F1A 61969C 7FECFE 572F2E 5304DD 448893 7FED1B 3E3E15 7CF79C 000FFF 02 107444,2026-07-27T22:43:42.433+00:00,serial_request_midpoint,359.0574,True,matched,29.9946,29.9946,2026-07-27T22:43:42.463+00:00,48.512216,1785192222394.638,1458,False,,,,,,,,,,,,,,False,,,,,,,,,,,,,,True,0.7596057687523031,-19.50278181519601,-10.419460403000276,41.20221723512874,0.1110745950230595,-0.9132521083087344,-2.878094659562226,36.065721905544784,16.797433373072437,-30.428927911650437,0.6138629843075608,-0.09136913547294809,0.06852092973970307,False,,,,,,,,,,,,,,False,,,,,,,,,,,,,,False,,,,,,,,,,,,,,True,0.03791789864558624,10.147445358315037,9.395746107743651,76.37367352910496,0.2123403326770338,0.011970623033793053,-3.034757293934586,2.842170943040401e-15,-1.4210854715202005e-15,0.0,0.0,0.0,0.0,True,2,0.7596057687522939,-20.236794995688346,-7.546899984210183,45.294935677533786,2.5519065763906896,0.15919627907558437,0.12977757871511442,35.93608618451913,13.862375311210133,-26.31682969895299,-0.09876719180258238,2.9444970854367787,0.8851970431924904,True,-17.95080913356638,-31.992488852590128,71.03903729806942,32.50377426054672,38.3907936588298,-0.7796559525718181
2026-07-27T22:43:43.169+00:00,79.600000,107835.200000,1.215500,4095,2,02,80,FFFFFFFF,32,2.94924723,3.06193378,2.20504685,1.35505042,1.10082851,0.48068012,2.20717075,1.19042607,1.04759965,1.49785558,2.20745704,0.88919580,1.00902835,0.95877537,2.20487285,0.63917497,1.98344017,0.97696056,2.20719233,1.00499923,0.76635903,0.81095438,2.20730600,1.17671685,1.81922519,1.36529436,2.20485287,1.14295989,1.06273858,0.80808249,2.20508996,0.71049207,SD 02 80 FFFFFFFF 925731 94AF3E 7FDB3D 614DC5 551E49 2DBBC4 7FEB03 599EF0 52537C 676A75 7FED23 49730D 503EBF 4D7535 7FD9F2 396E24 7915A3 4E7A04 7FEB2C 50065C 41EA58 44B8B0 7FEC04 58F286 7395FE 61C22C 7FD9CC 5743F8 532126 448B11 7FDB8F 3E477B 7C779C 000FFF 02 107450,2026-07-27T22:43:42.991+00:00,serial_request_midpoint,355.6724,True,matched,40.9404,40.9404,2026-07-27T22:43:43.032+00:00,49.081194,1785192222961.321,1475,False,,,,,,,,,,,,,,False,,,,,,,,,,,,,,True,0.7983027628504636,-19.771415537653205,-9.668304690592965,41.16829499415424,0.10536500884092743,-0.911046059051556,-2.871204158503785,36.14823427995435,15.77683122587905,-30.81439428347277,0.6056803213282549,-0.09022076166306439,0.07420787667204065,False,,,,,,,,,,,,,,False,,,,,,,,,,,,,,False,,,,,,,,,,,,,,True,0.01677235271705119,10.159997010439598,9.405619996530616,76.45888977592956,0.20552670121476604,0.00012847452147535674,-3.0350761252419516,-2.842170943040401e-15,1.4210854715202005e-15,1.1368683772161604e-14,0.0,0.0,0.0,True,2,0.7983027628504729,-20.49939452246502,-6.798168558656532,45.26379106969374,2.551708079085365,0.16904576952967088,0.124798706371696,36.03056288381627,12.875869032505586,-26.677814208328215,-0.10731814306811993,2.948800940434063,0.8732771547012702,True,-17.921080938840788,-31.216918186492258,71.00574671431637,32.448123077160076,37.60011321012989,-1.3509669981237038
2026-07-27T22:43:43.724+00:00,80.100000,107835.700000,1.218552,4095,2,02,80,FFFFFFFF,32,2.96192473,3.07322285,2.20678874,1.36066099,1.10155979,0.48066079,2.20751546,1.19109700,1.04951465,1.49788042,2.20744283,0.88998507,1.00981498,0.95945255,2.20769283,0.63940182,1.98536755,0.97795141,2.20767020,1.00633287,0.76680397,0.81141079,2.20542225,1.17781972,1.81976951,1.36880051,2.20482764,1.14459165,1.06505006,0.80823751,2.20726442,0.71089860,SD 02 80 FFFFFFFF 929C01 94E9F2 7FE82D 618D9B 5527F2 2DBB61 7FED92 59A757 526D9B 676AB8 7FED08 497EF3 5049BD 4D7EF9 7FEEE3 397230 792581 4E8824 7FEEB8 50190A 41F19E 44BFEE 7FDE07 590072 739AD9 61E9DC 7FD99C 5758FB 534062 448D88 7FEBB5 3E4E62 7CC79C 000FFF 02 107455,2026-07-27T22:43:43.547+00:00,serial_request_midpoint,354.8835,True,matched,70.31325,70.31325,2026-07-27T22:43:43.617+00:00,49.666528,1785192223561.335,1493,False,,,,,,,,,,,,,,False,,,,,,,,,,,,,,True,0.7042194593285063,-20.571184770293485,-8.371249098197861,41.229588325284936,0.06805059793641446,-0.9023736846659834,-2.877617287007846,36.84049775545609,14.555195032083862,-30.489616978987385,0.6021416642450116,-0.11706772531804324,0.07243918672829294,False,,,,,,,,,,,,,,False,,,,,,,,,,,,,,False,,,,,,,,,,,,,,True,0.032143310244530515,10.154045810645059,9.400347368730387,76.4265098608673,0.20845178595369204,0.006334079251441126,-3.035486025705302,0.0,1.4210854715202005e-15,0.0,0.0,0.0,0.0,True,2,0.7042194593285109,-21.175570716524316,-5.51618507008496,45.35560941577735,2.5596920725147396,0.16544788525380705,0.09193895672971006,36.592204380911824,11.665211817140516,-26.35113048833444,-0.10312787765467092,2.924976658289071,0.8610950588476415,True,-18.238711569473054,-30.096293668464586,70.90486448073754,32.623524398756444,36.482209169660024,-1.1730142693551442
2026-07-27T22:43:44.281+00:00,81.300000,107836.900000,1.218552,4095,2,02,80,FFFFFFFF,32,2.96945222,3.08067034,2.20710760,1.36470251,1.10224907,0.48069750,2.20755599,1.19161840,1.05069851,1.49799129,2.20739336,0.89056057,1.01039303,0.95989423,2.20771968,0.63959256,1.98714990,0.97876624,2.20761020,1.00722147,0.76711422,0.81163141,2.20787338,1.17810700,1.82011160,1.37044864,2.20772336,1.14567248,1.06663494,0.80834881,2.20559683,0.71106060,SD 02 80 FFFFFFFF 92C4B4 951089 7FEA8B 61BB77 55310C 2DBC1D 7FEDDF 59ADDE 527DBD 676BE3 7FECAA 49879F 5051D0 4D8557 7FEF16 397597 79342A 4E93C0 7FEE46 50257A 41F6B0 44C36E 7FF03A 590412 739DE6 61FC7D 7FEF1D 5766E3 5355C6 448F4D 7FDF53 3E5122 7CC79B 000FFF 02 107461,2026-07-27T22:43:44.103+00:00,serial_request_midpoint,355.9979,True,matched,94.63895,94.63895,2026-07-27T22:43:44.198+00:00,50.24672,1785192224128.02,1510,False,,,,,,,,,,,,,,False,,,,,,,,,,,,,,True,0.724778572492053,-20.39170726062509,-8.111457218317778,41.17951794331144,0.06976977092295315,-0.9136058004317834,-2.8805115823859184,36.68327597805266,14.266633935028116,-30.49721159259886,0.6077980168863705,-0.11763546929571807,0.06717437559445072,False,,,,,,,,,,,,,,False,,,,,,,,,,,,,,False,,,,,,,,,,,,,,True,0.040795814956990785,10.15113911066942,9.39727908847777,76.39113795319483,0.2107943434955497,0.004371187745905349,-3.0353293921122004,2.842170943040401e-15,0.0,0.0,0.0,0.0,0.0,True,2,0.7247785724920512,-20.99350528604002,-5.2271369442815105,45.28552070847986,2.5534724045927057,0.15707789987022105,0.09333279242967832,36.42593404279306,11.353368219657545,-26.37563652787132,-0.09527558445153048,2.9223306676235223,0.8693703907287121,True,-18.277680409055638,-29.661896231313705,70.9981275104845,32.60347567600276,36.03914584089936,-1.0463548562387814
2026-07-27T22:43:44.839+00:00,81.800000,107837.400000,1.217941,4095,2,02,80,FFFFFFFF,32,2.96789565,3.08035405,2.20717391,1.36551295,1.10271221,0.48067817,2.20750072,1.19185809,1.05066697,1.49795977,2.20528975,0.89077760,1.01052002,0.95999125,2.20720390,0.63964884,1.98791164,0.97912198,2.20464051,1.00733062,0.76718139,0.81156172,2.20672613,1.17751422,1.82003757,1.36979736,2.20771231,1.14591212,1.06704617,0.80839697,2.20782443,0.71096603,SD 02 80 FFFFFFFF 92BC4C 950EE6 7FEB09 61C4A6 553729 2DBBBA 7FED76 59B0DE 527D4F 676B8E 7FDD0B 498AE4 505396 4D86BD 7FEB42 397698 793A6D 4E98D1 7FD838 502701 41F7C9 44C253 7FE7B6 58FC97 739D3D 61F521 7FEF08 5769F8 535B52 449011 7FEFDD 3E4F87 7CB79B 000FFF 02 107466,2026-07-27T22:43:44.660+00:00,serial_request_midpoint,357.5348,True,matched,38.4386,38.4386,2026-07-27T22:43:44.698+00:00,50.7478,1785192224628.041,1525,False,,,,,,,,,,,,,,False,,,,,,,,,,,,,,True,0.761608811415635,-20.79546022928446,-7.487275604299157,41.04052595926176,0.07461756850765273,-0.9205120776165544,-2.863947888802778,36.97486394835299,13.665533737273602,-30.725598776898085,0.6156468710816683,-0.1118769823946815,0.08133257503553375,False,,,,,,,,,,,,,,False,,,,,,,,,,,,,,False,,,,,,,,,,,,,,True,0.02037740015229289,10.16089402694163,9.401872097053383,76.45818564489922,0.20701497087179607,0.005982377133751797,-3.036100567011062,0.0,-1.4210854715202005e-15,1.1368683772161604e-14,0.0,0.0,0.0,True,2,0.7616088114156475,-21.436149057131054,-4.579746405285016,45.124214827910684,2.5449114688636154,0.17504989118641753,0.09743429744182759,36.768471723888496,10.720433421740985,-26.62382972266006,-0.11696793452689687,2.9235207612476835,0.8820046843672642,True,-18.372545497028014,-28.773453258040558,71.0249908140004,32.60152529808958,35.16984365891616,-1.120217992730818
2026-07-27T22:43:45.395+00:00,83.000000,107838.600000,1.219773,4095,2,02,80,FFFFFFFF,32,2.95982912,3.07372050,2.20762388,1.36339714,1.10279124,0.48068441,2.20555161,1.19180097,1.04974677,1.49796793,2.20718128,0.89055512,1.01031835,0.95975386,2.20793392,0.63958861,1.98792542,0.97901774,2.20762651,1.00692977,0.76712259,0.81134579,2.20739915,1.17687710,1.81964951,1.36851970,2.20753125,1.14581522,1.06685763,0.80834243,2.20545117,0.71084890,SD 02 80 FFFFFFFF 9290A7 94EC87 7FEE60 61ACAA 553834 2DBBDA 7FDEFD 59B027 5270C5 676BA4 7FEB17 49878A 5050C5 4D8351 7FF0AD 397585 793A8A 4E9755 7FEE65 502165 41F6D3 44BEE6 7FECB5 58F48C 7399C7 61E6AF 7FEDB0 5768B9 5358C7 448F33 7FDE3E 3E4D8A 7CE79D 000FFF 02 107472,2026-07-27T22:43:45.217+00:00,serial_request_midpoint,356.3033,True,matched,70.22365,70.22365,2026-07-27T22:43:45.287+00:00,51.336728,1785192225228.054,1543,False,,,,,,,,,,,,,,False,,,,,,,,,,,,,,True,0.6781523333823474,-21.320756305858776,-6.735918380527496,40.812928879810464,0.06692228171146358,-0.9311685861609331,-2.858873068873327,37.5270561793807,12.773360436750284,-30.684712193913686,0.6213424290021536,-0.12044908975854211,0.08376727072519811,False,,,,,,,,,,,,,,False,,,,,,,,,,,,,,False,,,,,,,,,,,,,,True,0.04444823641632301,10.147803235720616,9.39338872225147,76.3455259918028,0.2116526296253732,0.0037910236812410073,-3.0348645740723237,0.0,0.0,0.0,0.0,0.0,0.0,True,2,0.6781523333823287,-21.942061067543108,-3.7953467059648807,44.875900908464885,2.53724401409698,0.17705189101117252,0.09046598250793327,37.28576063603371,9.803675071373046,-26.60262101693283,-0.12019411584118692,2.912762909977073,0.8879837800039077,True,-18.75211783408731,-27.77777221646955,70.95728974289189,32.89674166461043,34.09925278232353,-0.9894851118586303
2026-07-27T22:43:45.952+00:00,83.600000,107839.200000,1.219162,4095,2,02,80,FFFFFFFF,32,2.95430688,3.06918635,2.20453591,1.36153393,1.10268409,0.48069222,2.20714497,1.19172638,1.04903419,1.49795570,2.20755546,0.89036664,1.01011586,0.95955714,2.20520300,0.63953583,1.98741978,0.97887457,2.20472776,1.00659934,0.76702554,0.81122073,2.20731442,1.17645609,1.81957506,1.36739308,2.20730494,1.14565608,1.06649972,0.80835840,2.20775284,0.71074628,SD 02 80 FFFFFFFF 9272B2 94D4FC 7FD771 619785 5536CA 2DBC02 7FEAD2 59AF38 52670E 676B83 7FEDDE 4984B3 504DF1 4D807B 7FDC66 397494 793662 4E954B 7FD8DE 501CC5 41F53D 44BCEA 7FEC14 58EF3B 73991D 61D9F0 7FEC02 5766AD 5353F3 448F74 7FEF55 3E4BCC 7CD79D 000FFF 02 107478,2026-07-27T22:43:45.774+00:00,serial_request_midpoint,356.0537,True,matched,18.21495,18.21495,2026-07-27T22:43:45.792+00:00,51.841392,1785192225728.061,1558,False,,,,,,,,,,,,,,False,,,,,,,,,,,,,,True,0.7092013859035401,-21.67278816375636,-6.472718975524375,40.64484136864836,0.05336246745541136,-0.9460357547171807,-2.861244409884422,37.9472079587524,12.527071055778695,-30.69227815368754,0.6317440268264963,-0.13246289916504653,0.07868241807337813,False,,,,,,,,,,,,,,False,,,,,,,,,,,,,,False,,,,,,,,,,,,,,True,0.019783806840927322,10.146679615218348,9.396357031049288,76.34677319768295,0.21541676553807404,0.006113431080397641,-3.034642812255099,0.0,0.0,1.1368683772161604e-14,0.0,0.0,0.0,True,2,0.7092013859035409,-22.243073237925024,-3.488989786613936,44.68375931373961,2.529058826207151,0.16786670959250596,0.07837562799931871,37.644814823263474,9.51370840156546,-26.64642509017201,-0.11203731792098724,2.897166730889374,0.9000415653273751,True,-19.115224293479407,-27.25631721458594,70.96877448673214,33.1983000088008,33.55337317502384,-0.8027732910036661
2026-07-27T22:43:46.509+00:00,84.700000,107840.300000,1.219162,4095,2,02,80,FFFFFFFF,32,2.94957389,3.06499917,2.20503792,1.35976477,1.10259856,0.48068695,2.20515358,1.19159593,1.04835198,1.49797980,2.20457533,0.89018077,1.00990781,0.95936559,2.20725495,0.63947036,1.98704680,0.97866862,2.20754020,1.00624555,0.76689551,0.81103044,2.20733178,1.17595479,1.81928430,1.36613680,2.20751125,1.14536638,1.06599860,0.80831294,2.20793076,0.71058432,SD 02 80 FFFFFFFF 9258F8 94BF35 7FDB2C 61836C 5535A9 2DBBE7 7FDC08 59AD96 525DC0 676BC4 7FD7BC 4981E6 504B09 4D7DB8 7FEBA3 397369 793351 4E925C 7FEDC1 5017D1 41F31D 44B9E5 7FEC35 58E8E6 739685 61CBB7 7FED8A 5762F3 534D30 448EBB 7FF0A7 3E490C 7CD79C 000FFF 02 107483,2026-07-27T22:43:46.331+00:00,serial_request_midpoint,357.2824,True,matched,51.1978,51.1978,2026-07-27T22:43:46.382+00:00,52.431207,1785192226328.076,1576,False,,,,,,,,,,,,,,False,,,,,,,,,,,,,,True,0.6814961888966986,-21.60246486048836,-6.382298996363043,40.64117182373533,0.05163149526764834,-0.9492909664341564,-2.8628464791831263,37.78562834294098,12.54502650120632,-30.850922135806325,0.6370142530562352,-0.13067893883987405,0.07493741248065314,False,,,,,,,,,,,,,,False,,,,,,,,,,,,,,False,,,,,,,,,,,,,,True,0.05972510287280673,10.155352000983129,9.40018155987283,76.40798844894945,0.21009752953916824,0.010846308844521113,-3.0346776066032146,0.0,0.0,0.0,0.0,0.0,0.0,True,2,0.6814961888967075,-22.163681856465058,-3.3899950191182158,44.675013103700124,2.5275196957626016,0.16447021568844422,0.07684029879681628,37.487344243020935,9.51075903780582,-26.820417125632,-0.1066201836895649,2.8967369736032134,0.9082791497443581,True,-19.095591351192617,-27.12009810696,71.00067250330505,33.178640803312355,33.4225646675588,-0.8351916902869106
2026-07-27T22:43:47.068+00:00,85.300000,107840.900000,1.219773,4095,2,02,80,FFFFFFFF,32,2.94490404,3.06093776,2.20753704,1.35788886,1.10239880,0.48072034,2.20802815,1.19147579,1.04763285,1.49799167,2.20762020,0.88995034,1.00963101,0.95910932,2.20728389,0.63939459,1.98633049,0.97840621,2.20760230,1.00581401,0.76677266,0.81086602,2.20732810,1.17550897,1.81909340,1.36491999,2.20744388,1.14497259,1.06534139,0.80826650,2.20552111,0.71043502,SD 02 80 FFFFFFFF 923F8A 94AA0D 7FEDBB 616E17 553306 2DBC92 7FF160 59AC15 5253F0 676BE4 7FEE59 497E6D 50472B 4D7A06 7FEBDA 39720F 792D6D 4E8E9F 7FEE37 5011C6 41F11B 44B749 7FEC2E 58E344 7394D1 61BDEE 7FED0A 575DE2 534451 448DFE 7FDEC3 3E4683 7CE79D 000FFF 02 107489,2026-07-27T22:43:46.889+00:00,serial_request_midpoint,358.4906,True,matched,72.7698,72.7698,2026-07-27T22:43:46.962+00:00,53.011173,1785192226894.758,1593,False,,,,,,,,,,,,,,False,,,,,,,,,,,,,,True,0.7299669538691387,-21.60224868511621,-6.396898730172145,40.616438713306785,0.051148990481342686,-0.9508157294352405,-2.8615167712997773,37.69877462818026,12.486488209823843,-31.045247090635353,0.635329859617491,-0.12789351957561113,0.07546114222121311,False,,,,,,,,,,,,,,False,,,,,,,,,,,,,,False,,,,,,,,,,,,,,True,0.0517342918751066,10.15814478550441,9.40371935514332,76.42893985344446,0.2058285861334001,0.006176176248716893,-3.035581566989099,-2.842170943040401e-15,-1.4210854715202005e-15,0.0,0.0,0.0,0.0,True,2,0.7299669538691297,-22.163564570345365,-3.3998614804647778,44.64675077248696,2.5262520516727487,0.16548381782883775,0.07639005512217442,37.413864184113194,9.459308126658389,-27.008450108315692,-0.10753202132620772,2.900085291950485,0.9065766179467272,True,-19.067733073272155,-27.094617239966766,71.00098556637587,33.13825622969442,33.413795514164605,-1.0570912738718903
2026-07-27T22:43:47.624+00:00,86.400000,107842.000000,1.216721,4095,2,02,80,FFFFFFFF,32,2.94113631,3.05751113,2.20471830,1.35617304,1.10216741,0.48067621,2.20746388,1.19128982,1.04705337,1.49795236,2.20523086,0.88971166,1.00940261,0.95891918,2.20503949,0.63933985,1.98566474,0.97814302,2.20482396,1.00541521,0.76664816,0.81073435,2.20730389,1.17516000,1.81892309,1.36391070,2.20720706,1.14458406,1.06469659,0.80823407,2.20727810,0.71034117,SD 02 80 FFFFFFFF 922AFD 94982D 7FD8CC 615A8F 552FF8 2DBBB0 7FED30 59A9C1 524C07 676B7A 7FDC9B 497AD4 5043FA 4D7748 7FDB2F 397115 7927F3 4E8ADF 7FD995 500C30 41EF12 44B532 7FEC00 58DEDB 73934C 61B27D 7FEB48 5758E2 533B9C 448D7A 7FEBCF 3E44EB 7C979D 000FFF 02 107494,2026-07-27T22:43:47.447+00:00,serial_request_midpoint,355.1124,True,matched,25.8262,25.8262,2026-07-27T22:43:47.472+00:00,53.521508,1785192227394.772,1608,False,,,,,,,,,,,,,,False,,,,,,,,,,,,,,True,0.6752316817952562,-21.378367252882146,-6.625271379755334,40.4416297535054,0.0608016868538813,-0.9649762454798564,-2.858861844381752,37.53382810384096,12.826368651798825,-31.19430012064685,0.6472642384084775,-0.12224431411650492,0.0748524165527044,False,,,,,,,,,,,,,,False,,,,,,,,,,,,,,False,,,,,,,,,,,,,,True,0.019768317130489987,10.156073509451538,9.403928290377435,76.42818486342667,0.20671170016132714,0.009439415397321583,-3.0360652788732416,0.0,1.4210854715202005e-15,0.0,0.0,0.0,0.0,True,2,0.6752316817952608,-21.969052327434543,-3.592157880086358,44.44063422044546,2.516715991040667,0.16254678099357117,0.08469673273233097,37.278012268320126,9.751835503136414,-27.191485203385184,-0.10709840163326587,2.9000531809462564,0.9254931318554241,True,-19.066950074144778,-27.049053064840376,71.02866132918489,33.10473270634399,33.39393996997722,-0.9387529873142967
2026-07-27T22:43:48.180+00:00,87.600000,107843.200000,1.219162,4095,2,02,80,FFFFFFFF,32,2.93890234,3.05511528,2.20738915,1.35487664,1.10201090,0.48070140,2.20782443,1.19118498,1.04666087,1.49791305,2.20771441,0.88954375,1.00922875,0.95876508,2.20774021,0.63927284,1.98523417,0.97790508,2.20751125,1.00515368,0.76653250,0.81061795,2.20807447,1.17495974,1.81876374,1.36315918,2.20797761,1.14429454,1.06416596,0.80817044,2.20787917,0.71027424,SD 02 80 FFFFFFFF 921ECA 948BAA 7FECA2 614BCA 552DE7 2DBC31 7FEFDD 59A871 5246AB 676B10 7FEF0C 49784C 50418C 4D750F 7FEF3D 396FE3 792468 4E877B 7FED8A 500886 41ED2E 44B359 7FF1B8 58DC53 7391E0 61A9F7 7FF100 575528 533471 448C77 7FF045 3E43C8 7CD79D 000FFF 02 1074A0,2026-07-27T22:43:48.002+00:00,serial_request_midpoint,356.2155,True,matched,68.60685,68.60685,2026-07-27T22:43:48.071+00:00,54.12012,1785192227994.792,1626,False,,,,,,,,,,,,,,False,,,,,,,,,,,,,,True,0.7541432676857207,-21.865766509727933,-6.520169412842108,40.599921007321164,0.03238707102393932,-0.9521103158066924,-2.864221615599856,38.09707200335488,12.658223738380457,-30.815335061502488,0.6373931167003644,-0.1447133104848187,0.07426744109695206,False,,,,,,,,,,,,,,False,,,,,,,,,,,,,,False,,,,,,,,,,,,,,True,0.014367332883375923,10.156009529412383,9.398240790784065,76.41070812908934,0.21223218338420702,0.00984672869515246,-3.0353334182703198,0.0,-1.4210854715202005e-15,0.0,0.0,0.0,0.0,True,2,0.7541432676857074,-22.363606442767058,-3.5157234368007146,44.633056629306935,2.526492381567416,0.16162889692757768,0.05993919057278693,37.73210592481679,9.621056368942757,-26.79250803331079,-0.1048637719822458,2.8833687444191716,0.9050340924877791,True,-19.134421801638265,-27.205115479183668,70.97610857755184,33.20577789316126,33.525290787514805,-0.83733039677835
2026-07-27T22:43:48.737+00:00,88.100000,107843.700000,1.221604,4095,2,02,80,FFFFFFFF,32,2.93747699,3.05375415,2.20762915,1.35399188,1.10181387,0.48068500,2.20778547,1.19106050,1.04634825,1.49792529,2.20766915,0.88940720,1.00909822,0.95862264,2.20535548,0.63923716,1.98475479,0.97773104,2.20473459,1.00489386,0.76645126,0.81054437,2.20458216,1.17477310,1.81859040,1.36251779,2.20472408,1.14399840,1.06377077,0.80817953,2.20490071,0.71015740,SD 02 80 FFFFFFFF 921700 94848D 7FEE6A 6141B4 552B4D 2DBBDD 7FEF93 59A6E2 524266 676B31 7FEEB6 49763D 503FB9 4D7301 7FDD88 396F40 792076 4E8500 7FD8EB 5004E2 41EBDA 44B22E 7FD7C9 58D9F7 739054 61A2B0 7FD8D7 575158 532F1A 448C9C 7FDA27 3E41CC 7D179D 000FFF 02 1074A5,2026-07-27T22:43:48.559+00:00,serial_request_midpoint,356.2235,True,matched,90.76345,90.76345,2026-07-27T22:43:48.649+00:00,54.698671,1785192228594.818,1644,False,,,,,,,,,,,,,,False,,,,,,,,,,,,,,True,0.6779919389137503,-22.120840844430603,-5.8879212696578325,40.417122614713904,0.03722155715696389,-0.9623723638079345,-2.8570005095876168,38.32818243073071,11.932405126873801,-30.973648010676687,0.6437193226000939,-0.14211708407838994,0.07787528559349151,False,,,,,,,,,,,,,,False,,,,,,,,,,,,,,False,,,,,,,,,,,,,,True,0.04375048688062696,10.155304048853363,9.401843339651762,76.40701426034349,0.21261358445892553,0.007733353231480616,-3.034533183137587,0.0,0.0,0.0,0.0,0.0,0.0,True,2,0.6779919389137342,-22.641879063815797,-2.854463161733672,44.42553554151151,2.5182669937150646,0.16620218953152852,0.06403186557134206,37.98313256041077,8.869730790256913,-26.96844020019674,-0.11045631226410575,2.882760051566164,0.9147893153573996,True,-19.37209814717425,-26.3237377300846,70.9599094501733,33.383717737471045,32.59807509537836,-0.8651382145037928
2026-07-27T22:43:49.294+00:00,89.300000,107844.900000,1.219163,4095,2,02,80,FFFFFFFF,32,2.93622956,3.05241090,2.20696132,1.35314385,1.10166272,0.48069027,2.20793286,1.19093884,1.04610461,1.49790897,2.20767020,0.88929580,1.00898112,0.95853735,2.20805710,0.63919424,1.98441550,0.97760964,2.20790970,1.00472411,0.76638460,0.81048680,2.20763704,1.17460069,1.81852999,1.36196677,2.20746388,1.14374266,1.06337047,0.80812130,2.20782601,0.71011785,SD 02 80 FFFFFFFF 92102E 947D87 7FE975 613808 55294E 2DBBF8 7FF0AB 59A55C 523F12 676B05 7FEEB8 49748F 503E16 4D71C6 7FF197 396E7C 791DAB 4E8345 7FF07F 500281 41EAC3 44B144 7FEE79 58D7C9 738FCA 619C6F 7FED30 574E0D 5329B1 448BAF 7FEFE0 3E4120 7CD79E 000FFF 02 1074B1,2026-07-27T22:43:49.116+00:00,serial_request_midpoint,355.9513,True,matched,38.29455,38.29455,2026-07-27T22:43:49.155+00:00,55.203483,1785192229094.838,1659,False,,,,,,,,,,,,,,False,,,,,,,,,,,,,,True,0.6468828140220833,-22.09908161581273,-5.4692975888449515,40.03566686470749,0.043197681685222485,-0.9872404100862328,-2.8521974962971925,38.258302154164845,11.494682539347346,-31.386539041104662,0.6604951327433388,-0.1371687498419803,0.07490825190912671,False,,,,,,,,,,,,,,False,,,,,,,,,,,,,,False,,,,,,,,,,,,,,True,0.004721908701802643,10.149421797174805,9.398186771296086,76.36653775713218,0.2101107698065395,0.0071690046452528786,-3.034430160117635,2.842170943040401e-15,1.4210854715202005e-15,0.0,0.0,0.0,0.0,True,2,0.6468828140220679,-22.637565405163045,-2.3699905790912883,43.991049822810155,2.5017492292266716,0.16120613501672107,0.06904750370072682,37.936937559890495,8.36580627068961,-27.430836679914222,-0.10654530188864973,2.8799344420468156,0.9404798519408952,True,-19.571912931448633,-25.41052545050315,70.92257117756863,33.49156952689593,31.6564013232388,-0.9099354908228066
2026-07-27T22:43:49.851+00:00,89.800000,107845.400000,1.217942,4095,2,02,80,FFFFFFFF,32,2.93484495,3.05120270,2.20754704,1.35242047,1.10147905,0.48067699,2.20803341,1.19081999,1.04589988,1.49786374,2.20769862,0.88917560,1.00887689,0.95842660,2.20756914,0.63915746,1.98408955,0.97744796,2.20771547,1.00449836,0.76631937,0.81043094,2.20514517,1.17448391,1.81844552,1.36151811,2.20486023,1.14353245,1.06302603,0.80812327,2.20730021,0.71002931,SD 02 80 FFFFFFFF 92089B 947735 7FEDCE 612FC7 5526E1 2DBBB4 7FF16A 59A3DF 523C46 676A8B 7FEEEE 4972BF 503CA1 4D702D 7FEDF8 396DD4 791AFC 4E80F7 7FEF0E 4FFF57 41E9B2 44B061 7FDBF8 58D64F 738F09 619757 7FD9DA 574B58 532509 448BB7 7FEBF9 3E3F9F 7CB79E 000FFF 02 1074B6,2026-07-27T22:43:49.672+00:00,serial_request_midpoint,356.1803,True,matched,67.11845,67.11845,2026-07-27T22:43:49.740+00:00,55.788614,1785192229661.526,1676,False,,,,,,,,,,,,,,False,,,,,,,,,,,,,,True,0.6877025476864035,-22.347518196436216,-5.055400801763763,40.03529849408152,0.023598123243012654,-0.9854983266729946,-2.854951549653847,38.672745591291545,11.03518963934943,-31.044609874742804,0.6566386597461311,-0.15718734621424296,0.07631969166509638,False,,,,,,,,,,,,,,False,,,,,,,,,,,,,,False,,,,,,,,,,,,,,True,0.030441133095672052,10.142101335789304,9.393260805154288,76.32283443467888,0.22168165321546476,0.005291744069740318,-3.0346116970118104,0.0,0.0,-1.1368683772161604e-14,0.0,0.0,0.0,True,2,0.6877025476863994,-22.820990979233407,-1.9566699441614013,43.999439474611265,2.50384342306782,0.15858694873065907,0.05199192058234143,38.25918639272237,7.9196719875964,-27.086928524720275,-0.10749304263150655,2.8628070808201804,0.9292928759230333,True,-19.577098297626765,-25.040485433836825,70.87295687447889,33.432142086178644,31.311108634462233,-0.7219584016483622
2026-07-27T22:43:50.408+00:00,91.000000,107846.600000,1.217942,4095,2,02,80,FFFFFFFF,32,2.93377862,3.05026670,2.20748072,1.35170731,1.10145154,0.48065747,2.20561366,1.19073234,1.04566831,1.49787634,2.20478769,0.88906680,1.00878970,0.95834484,2.20690502,0.63913841,1.98381441,0.97728575,2.20478453,1.00428880,0.76624411,0.81037509,2.20505789,1.17433285,1.81821924,1.36101968,2.20740915,1.14330285,1.06263574,0.80808027,2.20559683,0.70996676,SD 02 80 FFFFFFFF 9202C5 94724F 7FED50 6127A3 552684 2DBB50 7FDF73 59A2C6 52391C 676AAD 7FD950 49711B 503B69 4D6EFF 7FE90A 396D7D 7918B8 4E7EA7 7FD94A 4FFC67 41E877 44AF7E 7FDB52 58D466 738D04 6191AE 7FECC8 574863 531FC2 448B08 7FDF53 3E3E8F 7CB79E 000FFF 02 1074C2,2026-07-27T22:43:50.229+00:00,serial_request_midpoint,357.1368,True,matched,90.3232,90.3232,2026-07-27T22:43:50.320+00:00,56.368649,1785192230261.527,1694,False,,,,,,,,,,,,,,False,,,,,,,,,,,,,,True,0.7097990846276847,-22.188560053544666,-4.498356456991578,39.83285979191429,0.03904579410590116,-0.9934777617190751,-2.851652872251144,38.2790095035311,10.654021835820716,-31.5548097089417,0.6671315292913502,-0.14015782371482702,0.07511608660980768,False,,,,,,,,,,,,,,False,,,,,,,,,,,,,,False,,,,,,,,,,,,,,True,0.007731829050439957,10.150475482474508,9.398193760628653,76.37830325982613,0.21064145865492853,0.011190008602634124,-3.0356483482158625,0.0,-1.4210854715202005e-15,1.1368683772161604e-14,0.0,0.0,0.0,True,2,0.7097990846276548,-22.712616137588288,-1.3814356143627058,43.776321822328015,2.497885211029858,0.15912497215229368,0.06538123465132797,37.946181090060406,7.4986042629305825,-27.62119962510842,-0.1067816136512516,2.8740269954664748,0.9492012773100399,True,-19.648776985219918,-24.316852128835798,70.79762589315698,33.43509205406949,30.61086152556452,-0.955773420614048
2026-07-27T22:43:50.965+00:00,91.600000,107847.200000,1.217942,4095,2,02,80,FFFFFFFF,32,2.93275410,3.04908560,2.20476508,1.35099854,1.10130397,0.48068851,2.20743388,1.19066434,1.04538561,1.49787671,2.20764599,0.88897899,1.00864636,0.95826903,2.20504948,0.63911411,1.98340697,0.97713671,2.20454905,1.00411437,0.76620015,0.81027200,2.20441187,1.17419261,1.81816235,1.36055784,2.20451961,1.14299445,1.06226518,0.80806283,2.20474248,0.70989156,SD 02 80 FFFFFFFF 91FD29 946C20 7FD925 611F8B 552491 2DBBEF 7FECF7 59A1EC 52353F 676AAE 7FEE8A 496FC8 503968 4D6DE7 7FDB42 396D0E 79155D 4E7C87 7FD78A 4FF9F5 41E7BF 44ADDB 7FD685 58D2A0 738C82 618C6F 7FD752 57446A 531ABF 448AC1 7FD8FA 3E3D48 7CB79E 000FFF 02 1074C8,2026-07-27T22:43:50.787+00:00,serial_request_midpoint,356.9704,True,matched,28.6561,28.6561,2026-07-27T22:43:50.815+00:00,56.8645,1785192230761.522,1709,False,,,,,,,,,,,,,,False,,,,,,,,,,,,,,True,0.6039967161298507,-22.31641811991967,-3.7807548662625146,39.863401901045926,0.025125648848434733,-0.9881534471037972,-2.8571379442827154,38.31996305165829,9.834536265263145,-31.64508558310639,0.6602124161732054,-0.14842242403571235,0.0706659042109245,False,,,,,,,,,,,,,,False,,,,,,,,,,,,,,False,,,,,,,,,,,,,,True,0.028580981254452638,10.160006074665123,9.400132378408987,76.44338544904667,0.20914881572153618,0.007493182824127187,-3.03541014071816,0.0,0.0,0.0,0.0,0.0,0.0,True,2,0.6039967161298563,-22.79010835085171,-0.6765041755148543,43.823195869193036,2.502782563229872,0.15469903591342013,0.05335054677304661,37.93916230604985,6.7061459323675905,-27.694277086956312,-0.09963826201311093,2.8697447961154934,0.9370250047628842,True,-19.655602942717532,-23.738518133003776,70.72839430375419,33.42755687988365,30.015942302202102,-1.2014455205196213
2026-07-27T22:43:51.521+00:00,92.700000,107848.300000,1.216111,4095,2,02,80,FFFFFFFF,32,2.93203161,3.04812499,2.20461002,1.35042953,1.10115611,0.48068441,2.20736652,1.19056516,1.04520670,1.49785113,2.20749704,0.88888186,1.00856645,0.95817157,2.20534075,0.63906551,1.98301242,0.97699700,2.20706235,1.00400070,0.76613685,0.81023829,2.20738652,1.17412898,1.81817723,1.36028450,2.20754704,1.14286256,1.06205091,0.80807045,2.20545328,0.70988834,SD 02 80 FFFFFFFF 91F934 946718 7FD7FE 61190B 55229D 2DBBDA 7FEC77 59A0AE 5232CD 676A69 7FED6F 496E51 50384A 4D6C7F 7FDD6C 396C30 79121D 4E7A89 7FEA35 4FF85D 41E6B6 44AD52 7FEC9D 58D1D2 738CA4 618954 7FEDCE 5742B7 5317D9 448AE0 7FDE42 3E3D3A 7C879E 000FFF 02 1074D3,2026-07-27T22:43:51.344+00:00,serial_request_midpoint,355.6994,True,matched,47.1348,47.1348,2026-07-27T22:43:51.391+00:00,57.440055,1785192231328.203,1726,False,,,,,,,,,,,,,,False,,,,,,,,,,,,,,True,0.6740261034988223,-22.319050021618278,-3.193011683864333,39.553340626183214,0.03736384267093013,-0.9887494355321907,-2.8565551815829644,38.28486298695964,9.03974073127812,-32.053829226974656,0.6553202224688324,-0.1393447307177356,0.07024052368373813,False,,,,,,,,,,,,,,False,,,,,,,,,,,,,,False,,,,,,,,,,,,,,True,0.021143558478276616,10.158126935370806,9.403765267608678,76.45116985596732,0.20815176879130068,-0.0012675691900054004,-3.0350573876740436,0.0,-1.4210854715202005e-15,0.0,0.0,0.0,0.0,True,2,0.6740261034988243,-22.83162948455152,-0.09009086350096249,43.50933200060632,2.5020816741541263,0.1551526134695323,0.06400425345665033,37.94414347585412,5.931561254255439,-28.083457250554506,-0.09941316664923362,2.880554290103229,0.9325223536822046,True,-19.835079457718663,-23.1427587912547,70.43824776195012,33.60789278535807,29.37212234130544,-1.676860714734164
2026-07-27T22:43:52.081+00:00,93.300000,107848.900000,1.217942,4095,2,02,80,FFFFFFFF,32,2.93268063,3.04861122,2.20447652,1.35035090,1.10105617,0.48067621,2.20476140,1.19052306,1.04529386,1.49781516,2.20716075,0.88886296,1.00857567,0.95817401,2.20776442,0.63905785,1.98299630,0.97696358,2.20758546,1.00400794,0.76612275,0.81028159,2.20794550,1.17429485,1.81811728,1.36058982,2.20757862,1.14287620,1.06202117,0.80804465,2.20733757,0.70994836,SD 02 80 FFFFFFFF 91FCC2 9469A4 7FD700 611825 55214B 2DBBB0 7FD91E 59A027 5233FE 676A08 7FEAF0 496E08 50386B 4D6C88 7FEF6B 396C0D 7911FB 4E7A0F 7FEE17 4FF877 41E67B 44AE02 7FF0C3 58D3EB 738C1B 618CCC 7FEE0A 5742E4 531772 448A77 7FEC40 3E3E3F 7CB79F 000FFF 02 1074D9,2026-07-27T22:43:51.901+00:00,serial_request_midpoint,359.1043,True,matched,79.76515,79.76515,2026-07-27T22:43:51.981+00:00,58.03028,1785192231928.22,1744,False,,,,,,,,,,,,,,False,,,,,,,,,,,,,,True,0.7364130840167615,-22.73622277435711,-2.7575567574259976,39.927801986871444,-0.0037918719117672967,-0.9854537576357121,-2.8603084888631414,38.65238745983366,8.672254541882312,-31.438056264158938,0.6551613080225355,-0.16925624627682806,0.06794718580550053,False,,,,,,,,,,,,,,False,,,,,,,,,,,,,,False,,,,,,,,,,,,,,True,0.027848046922252033,10.148681471451443,9.397985452960521,76.37491851435882,0.21115329228024876,0.00451344757823456,-3.034369529259912,2.842170943040401e-15,0.0,0.0,0.0,0.0,0.0,True,2,0.7364130840167682,-23.11519518108338,0.34521212244092286,43.89893889072428,2.505563712246685,0.15170967250876446,0.028210853156807814,38.16858369467618,5.562948997618427,-27.483454379607007,-0.09447694208429058,2.8526089009035864,0.9240639616606445,True,-19.699285955885333,-22.777163858855406,70.71793603597425,33.3886573140516,29.01692625459386,-1.1655029137874067
2026-07-27T22:43:52.637+00:00,94.400000,107850.000000,1.217942,4095,2,02,80,FFFFFFFF,32,2.93511553,3.05046074,2.20727232,1.35112679,1.10112566,0.48067406,2.20805868,1.19061444,1.04569604,1.49781516,2.20776705,0.88897899,1.00868157,0.95827851,2.20761809,0.63910667,1.98321111,0.97705535,2.20735389,1.00431416,0.76620947,0.81046933,2.20771705,1.17496438,1.81854881,1.36235463,2.20738020,1.14350363,1.06264354,0.80810460,2.20796445,0.71031288,SD 02 80 FFFFFFFF 920A16 947353 7FEBC4 612102 552236 2DBBA5 7FF19A 59A14C 52397D 676A08 7FEF70 496FC8 5039E6 4D6E0A 7FEE55 396CEC 7913C0 4E7B5E 7FEC5F 4FFCC2 41E7E6 44B0FD 7FEF11 58DC62 738FF5 61A0D6 7FEC91 574AF9 531FDD 448B6B 7FF0E7 3E4470 7CB79F 000FFF 02 1074E4,2026-07-27T22:43:52.459+00:00,serial_request_midpoint,355.5952,True,matched,24.5615,24.5615,2026-07-27T22:43:52.484+00:00,58.533268,1785192232428.237,1759,False,,,,,,,,,,,,,,False,,,,,,,,,,,,,,True,0.6628348200131305,-23.226572793544474,-2.191465657790824,39.96401633537489,-0.017862784541063433,-0.9842827206421422,-2.8596534466413024,39.0594436545201,8.040245058354492,-31.481755675879032,0.653290449543332,-0.177369067374633,0.06849870438242205,False,,,,,,,,,,,,,,False,,,,,,,,,,,,,,False,,,,,,,,,,,,,,True,0.01395412364792215,10.163125216662973,9.405445044565727,76.46095248874923,0.20920668583982313,0.0031608538632244315,-3.0345697562746814,2.842170943040401e-15,0.0,0.0,0.0,0.0,0.0,True,2,0.6628348200131363,-23.562731815750322,0.9118654305755566,43.938567419591024,2.5061913738138553,0.15279098222648807,0.015928708082877375,38.5381954764425,4.937921361737962,-27.526428752407647,-0.09485286389113845,2.845781959109532,0.9191504213787264,True,-19.951950035115996,-22.2193545051274,70.72438892931751,33.60635209606433,28.44162583980193,-1.2809698802254956
2026-07-27T22:43:53.194+00:00,95.600000,107851.200000,1.219163,4095,2,02,80,FFFFFFFF,32,2.94485101,3.05871174,2.20746072,1.35493011,1.10139919,0.48069105,2.20804499,1.19110324,1.04726653,1.49788895,2.20785496,0.88952820,1.00917704,0.95881058,2.20772494,0.63922796,1.98419013,0.97754277,2.20762072,1.00524206,0.76649427,0.81087464,2.20733073,1.17611126,1.81896862,1.36506029,2.20743757,1.14464841,1.06392976,0.80821589,2.20766810,0.71072144,SD 02 80 FFFFFFFF 923F40 949E71 7FED2A 614C66 5525D3 2DBBFC 7FF180 59A76B 524EF0 676ACF 7FF017 497810 5040D3 4D75B7 7FEF20 396F16 791BD0 4E8251 7FEE5A 5009C3 41EC8E 44B76C 7FEC33 58EAE0 7393B4 61BF85 7FECFE 5759B6 533140 448D30 7FEEB4 3E4B60 7CD79E 000FFF 02 1074F0,2026-07-27T22:43:53.016+00:00,serial_request_midpoint,355.7585,True,matched,56.66655,56.66655,2026-07-27T22:43:53.073+00:00,59.121843,1785192232994.933,1776,False,,,,,,,,,,,,,,False,,,,,,,,,,,,,,True,0.7651625168271391,-23.339158594694222,-1.83810176221009,40.0279882379633,-0.022445595943634045,-0.9823381362214468,-2.8588956741106815,39.17531301267663,7.743481546118149,-31.253717244629634,0.6536918346408194,-0.18250772796015302,0.07076971000434329,False,,,,,,,,,,,,,,False,,,,,,,,,,,,,,False,,,,,,,,,,,,,,True,0.05160631477279261,10.152871022765881,9.398230521990797,76.40779426556226,0.21250676776682342,0.0059909172590774116,-3.0346740482660888,-2.842170943040401e-15,1.4210854715202005e-15,1.1368683772161604e-14,0.0,0.0,0.0,True,2,0.7651625168271218,-23.662740761798563,1.2616526813958355,44.00637234683296,2.50719583798879,0.15449091400078543,0.011901163002342141,38.63402054689609,4.638938035752497,-27.302826812592194,-0.0979334143479266,2.840630871804037,0.9182614782010778,True,-19.95686743865799,-21.892253034733724,70.75958650389391,33.54558344301684,28.12711642853502,-1.0733663080214455
2026-07-27T22:43:53.750+00:00,96.100000,107851.700000,1.217942,4095,2,02,80,FFFFFFFF,32,2.95257322,3.06598922,2.20753599,1.35876525,1.10192658,0.48069027,2.20768968,1.19160966,1.04863262,1.49794680,2.20786391,0.89012867,1.00974759,0.95929976,2.20786601,0.63940050,1.98551899,0.97824116,2.20743493,1.00621067,0.76683504,0.81124239,2.20535022,1.17707078,1.81946952,1.36782666,2.20468308,1.14588265,1.06544903,0.80835766,2.20720285,0.71112711,SD 02 80 FFFFFFFF 926947 94C45C 7FEDB9 61780F 552CCA 2DBBF8 7FEEDD 59ADC2 526194 676B6B 7FF028 49811D 5048CC 4D7CC5 7FF02C 39722A 7926C0 4E8C45 7FECF9 501754 41F220 44BD42 7FDD7E 58F6FE 73982C 61DED8 7FD889 576997 5345C5 448F71 7FEB40 3E5243 7CB79E 000FFF 02 1074F5,2026-07-27T22:43:53.572+00:00,serial_request_midpoint,355.9272,True,matched,79.9433,79.9433,2026-07-27T22:43:53.652+00:00,59.701161,1785192233594.982,1794,False,,,,,,,,,,,,,,False,,,,,,,,,,,,,,True,0.6320504889335004,-23.503648509074246,-1.3391114576125527,39.888460419116,-0.022652012865942393,-0.9877857644599908,-2.850057917190195,39.2779535154943,7.4394605121019115,-31.349449291759584,0.6640822670818559,-0.18213286382445928,0.07804668829588778,False,,,,,,,,,,,,,,False,,,,,,,,,,,,,,False,,,,,,,,,,,,,,True,0.013640544025785326,10.154271835818758,9.396514080183309,76.39574624457998,0.21101897092324767,0.014550474747263922,-3.035247254096546,0.0,0.0,0.0,0.0,0.0,0.0,True,2,0.6320504889335037,-23.838841976734273,1.7794572781936122,43.851148573684036,2.501550547217458,0.1630503849868614,0.011537097244184353,38.7540514038668,4.292475593371967,-27.42991672654444,-0.10877437171772428,2.835833860468257,0.9329773064638563,True,-19.933603177254064,-21.209401118996375,70.71809507389374,33.43523914295371,27.483754040217214,-0.9828723762545565
2026-07-27T22:43:54.307+00:00,97.300000,107852.900000,1.219163,4095,2,02,80,FFFFFFFF,32,2.96089546,3.07370921,2.20740283,1.36280179,1.10243994,0.48069613,2.20741546,1.19215744,1.05003195,1.49797461,2.20761283,0.89074752,1.01038939,0.95983461,2.20801235,0.63959080,1.98708528,0.97898181,2.20769862,1.00732950,0.76720028,0.81167401,2.20803657,1.17816211,1.82022287,1.37123954,2.20766125,1.14749477,1.06747489,0.80853753,2.20552374,0.71163650,SD 02 80 FFFFFFFF 92966E 94EC78 7FECBC 61A5E9 553391 2DBC16 7FECD4 59B49D 5274A8 676BB6 7FEE4B 498A70 5051C3 4D847B 7FF142 39758F 7933A2 4E96D2 7FEEEE 5026FD 41F818 44C41B 7FF170 5904C4 739EE4 62056C 7FEEA7 577E50 53611A 44924D 7FDEC8 3E5AE8 7CD79F 000FFF 02 107501,2026-07-27T22:43:54.128+00:00,serial_request_midpoint,356.8727,True,matched,34.82565,34.82565,2026-07-27T22:43:54.164+00:00,60.21262,1785192234095.011,1809,False,,,,,,,,,,,,,,False,,,,,,,,,,,,,,True,0.8543872111512948,-23.956639039022242,-0.7601207865288705,39.881127475883716,-0.012267838387779666,-0.9839005452759946,-2.8360331827268674,39.60285389585621,6.638114966032961,-31.369400258433455,0.6596464111524925,-0.17352715489741438,0.09132720773450244,False,,,,,,,,,,,,,,False,,,,,,,,,,,,,,False,,,,,,,,,,,,,,True,0.007224248370165922,10.146430843072153,9.393354400494406,76.35546702872686,0.20828953792100466,0.00822758939452149,-3.034380277895515,0.0,0.0,0.0,0.0,0.0,0.0,True,2,0.8543872111512841,-24.348500787517246,2.352919002811562,43.842964277543174,2.5000692659552985,0.18238605710357822,0.02025371661799581,39.13892907204839,3.5072666605922587,-27.429440125499685,-0.12872216073904574,2.8450629784198753,0.9286684484000757,True,-20.121056693808207,-20.568759046461537,70.71854253313026,33.57766570536994,26.77598036360961,-1.100546736190654
2026-07-27T22:43:54.863+00:00,97.900000,107853.500000,1.219163,4095,2,02,80,FFFFFFFF,32,2.97225089,3.08399187,2.20461633,1.36798928,1.10322610,0.48071663,2.20472303,1.19280720,1.05170332,1.49808141,2.20471515,0.89151708,1.01117193,0.96051956,2.20475352,0.63981618,1.98917343,0.98001316,2.20705235,1.00869805,0.76769186,0.81223779,2.20780074,1.17941681,1.82105231,1.37561398,2.20765178,1.14955341,1.07014850,0.80875528,2.20514201,0.71227066,SD 02 80 FFFFFFFF 92D3CE 9521B6 7FD80A 61E0AF 553DF1 2DBC7F 7FD8D5 59BCBE 528B6C 676CD6 7FD8C6 499607 505CB0 4D8E5A 7FD90F 397994 7944CB 4EA581 7FEA22 503A21 420020 44CD0C 7FEFB0 591497 73A649 6236C3 7FEE95 5798BF 53851F 4495C3 7FDBF2 3E65AA 7CD79F 000FFF 02 107507,2026-07-27T22:43:54.685+00:00,serial_request_midpoint,355.5059,True,matched,54.63485,54.63485,2026-07-27T22:43:54.740+00:00,60.788846,1785192234661.703,1826,False,,,,,,,,,,,,,,False,,,,,,,,,,,,,,True,0.5850631512720006,-23.759298209927756,-0.013320023370297002,39.746644228518804,-0.015396549305955567,-0.9973330833707875,-2.8380455594552196,39.28066582294664,5.643550080637238,-31.823601264847177,0.659993887673746,-0.17241308009329512,0.08459960457478227,False,,,,,,,,,,,,,,False,,,,,,,,,,,,,,False,,,,,,,,,,,,,,True,0.01327750589544453,10.163233289815217,9.405166853140624,76.46334239265919,0.2037723920477682,-0.004494595248405224,-3.03470239193409,0.0,0.0,0.0,0.0,0.0,0.0,True,2,0.5850631512720412,-24.133551474471965,3.1342999992876335,43.68277757425792,2.492475065956463,0.1737998012251063,0.017639650895160827,38.81104513335269,2.5123793465474256,-27.88457228927677,-0.1188956018214246,2.846420354707137,0.9296582740950116,True,-20.07096609879279,-19.594820359128637,70.74666130387244,33.46969677926378,25.79253102282239,-1.520281090345361
2026-07-27T22:43:55.420+00:00,99.000000,107854.600000,1.218552,4095,2,02,80,FFFFFFFF,32,2.98659489,3.09668858,2.20457007,1.37411908,1.10426000,0.48073323,2.20735283,1.19366591,1.05347666,1.49813407,2.20521825,0.89236568,1.01198900,0.96126828,2.20486023,0.64005320,1.99200784,0.98117151,2.20470148,1.01018522,0.76824868,0.81273845,2.20428784,1.18048827,1.82188648,1.37998835,2.20681978,1.15173436,1.07300816,0.80895830,2.20761915,0.71281178,SD 02 80 FFFFFFFF 9320F3 95632B 7FD7B2 6225EA 554B94 2DBCD4 7FEC5D 59C77B 52A38D 676D64 7FDC83 49A2CD 506817 4D9923 7FD9DA 397DCE 795C0F 4EB5FC 7FD8AC 504EE9 420938 44D4FC 7FD599 592218 73ADB8 6267FB 7FE868 57B4B7 53AB95 4498FD 7FEE57 3E6ED7 7CC79F 000FFF 02 107512,2026-07-27T22:43:55.242+00:00,serial_request_midpoint,357.0344,True,matched,80.2936,80.2936,2026-07-27T22:43:55.322+00:00,61.371139,1785192235261.716,1844,False,,,,,,,,,,,,,,False,,,,,,,,,,,,,,True,0.7267391277942967,-24.63431840921931,0.6683592024301268,39.549858389237635,-0.05781651401939088,-1.008075263859761,-2.8360180932073917,40.1506714396552,5.206120930511188,-31.753056107334736,0.674656001529277,-0.20324562919467376,0.0843435142686626,False,,,,,,,,,,,,,,False,,,,,,,,,,,,,,False,,,,,,,,,,,,,,True,0.048563629641822065,10.158483003579988,9.40289579046359,76.43624510297818,0.2062742885161778,0.008812396508814517,-3.0354098221872485,0.0,1.4210854715202005e-15,1.1368683772161604e-14,0.0,0.0,0.0,True,2,0.7267391277942785,-24.87388954745973,3.854864100557559,43.46515089055943,2.4854305100128338,0.17021387412472985,-0.019296944533314698,39.54385202975078,2.0152754328867273,-27.88123503953892,-0.1169408908565423,2.810730018243835,0.9419388403558433,True,-20.377239960970623,-18.6770412026403,70.6251343337834,33.65424707892801,24.907757812870017,-1.295183833360386
2026-07-27T22:43:55.976+00:00,99.600000,107855.200000,1.217942,4095,2,02,80,FFFFFFFF,32,2.99826112,3.10739877,2.20740441,1.37945348,1.10522724,0.48073342,2.20806079,1.19448004,1.05491465,1.49821825,2.20779021,0.89306515,1.01271433,0.96183174,2.20760230,0.64027623,1.99491523,0.98224825,2.20758493,1.01137707,0.76869586,0.81313870,2.20742283,1.18093323,1.82263941,1.38297946,2.20744072,1.15364318,1.07537842,0.80912079,2.20794129,0.71317632,SD 02 80 FFFFFFFF 935F61 959A24 7FECBF 6261F8 555854 2DBCD5 7FF19E 59D1A8 52B719 676E47 7FEF9C 49AD53 507235 4DA140 7FEE37 3981C8 7973E4 4EC54B 7FEE16 505F8D 421085 44DB54 7FECE2 5927B3 73B46D 628991 7FED04 57CD2A 53CB69 449B92 7FF0BB 3E7505 7CB79F 000FFF 02 107518,2026-07-27T22:43:55.799+00:00,serial_request_midpoint,355.6341,True,matched,93.07675,93.07675,2026-07-27T22:43:55.891+00:00,61.940868,1785192235828.393,1861,False,,,,,,,,,,,,,,False,,,,,,,,,,,,,,True,0.7433194831576474,-24.75880602734822,1.333404972456282,39.47639717854394,-0.05282124358865849,-1.017297894889102,-2.831068782740385,40.32023081459133,4.67458161422798,-31.492235432860213,0.685652001522515,-0.2044040716745622,0.0882847310844457,False,,,,,,,,,,,,,,False,,,,,,,,,,,,,,False,,,,,,,,,,,,,,True,0.049588483911287735,10.143346561704135,9.38634044617432,76.30469599447261,0.21266389901046545,0.015649887687162384,-3.035246847298166,0.0,1.4210854715202005e-15,0.0,0.0,0.0,0.0,True,2,0.7433194831576568,-25.0191524939908,4.544946664950847,43.36984589732561,2.4784959165752265,0.17228279605097793,-0.014972202822111856,39.7193020229055,1.440075703313201,-27.655885689850965,-0.1227497218479747,2.804264603913494,0.9570214602665137,True,-20.536551261685066,-17.79404619266278,70.69102813806634,33.67150278060106,24.022189866033436,-0.8408981082987111
2026-07-27T22:43:56.535+00:00,100.700000,107856.300000,1.217942,4095,2,02,80,FFFFFFFF,32,3.00208360,3.11149470,2.20737283,1.38231457,1.10598626,0.48073596,2.20556896,1.19506407,1.05523754,1.49826609,2.20446232,0.89343241,1.01312026,0.96213757,2.20444656,0.64040858,1.99704125,0.98294567,2.20433461,1.01192544,0.76892800,0.81317666,2.20671982,1.18067213,1.82284424,1.38323678,2.20723653,1.15466695,1.07649550,0.80919946,2.20719601,0.71321412,SD 02 80 FFFFFFFF 9373C6 95AF1B 7FEC83 62821B 556254 2DBCE2 7FDF1E 59D8F4 52BB7C 676EC8 7FD6E5 49B2D9 5077DE 4DA5A7 7FD6C7 398424 79854C 4ECF34 7FD5F2 506734 42144F 44DBEE 7FE7AA 592469 73B640 628C74 7FEB80 57DA44 53DA65 449CD2 7FEB33 3E75A9 7CB79E 000FFF 02 107523,2026-07-27T22:43:56.356+00:00,serial_request_midpoint,357.4756,True,matched,35.8735,35.8735,2026-07-27T22:43:56.392+00:00,62.440555,1785192236328.401,1876,False,,,,,,,,,,,,,,False,,,,,,,,,,,,,,True,0.5924214001948254,-25.073170957314662,1.824400462628967,39.31866135988566,-0.0612143567761104,-1.029048631150871,-2.827618068719828,40.60702393730871,3.81422191715129,-31.87532834630399,0.6842871052225898,-0.20896091906714018,0.08685416406478606,False,,,,,,,,,,,,,,False,,,,,,,,,,,,,,False,,,,,,,,,,,,,,True,0.024469109041974413,10.16285509008408,9.406591819784396,76.47304308901211,0.21099146065634541,0.0014347231709240895,-3.034367230916559,0.0,1.4210854715202005e-15,0.0,0.0,0.0,0.0,True,2,0.5924214001948399,-25.308461529479988,5.069412998804486,43.18586383739084,2.4703994859577234,0.17079789347312543,-0.022199121118339334,39.98217817519635,0.5850878114447496,-28.03827430495385,-0.1203877547432319,2.8007288853761048,0.9538518674066037,True,-20.757319401022347,-17.048277802336496,70.67524676396542,33.90020325683694,23.209964248737766,-1.267098349799778
2026-07-27T22:43:57.093+00:00,101.300000,107856.900000,1.216111,4095,2,02,80,FFFFFFFF,32,2.99418418,3.10533146,2.20744757,1.38126587,1.10631607,0.48072308,2.20820504,1.19518635,1.05444668,1.49827499,2.20720127,0.89337838,1.01309112,0.96199455,2.20531394,0.64039368,1.99745420,0.98309911,2.20476981,1.01165585,0.76889186,0.81300732,2.20712813,1.17971583,1.82250433,1.38104222,2.20759546,1.15461413,1.07624907,0.80917340,2.20787338,0.71294634,SD 02 80 FFFFFFFF 934998 958F8C 7FED11 627655 5566AC 2DBCA0 7FF2B0 59DA7B 52B0BD 676EE0 7FEB3D 49B209 507776 4DA398 7FDD39 3983E0 7988AD 4ED162 7FD92E 506371 4213B8 44D93F 7FEAB2 59185C 73B339 6273D2 7FEE2A 57D997 53D717 449C68 7FF03A 3E711F 7C879F 000FFF 02 107529,2026-07-27T22:43:56.914+00:00,serial_request_midpoint,358.5131,True,matched,53.34605,53.34605,2026-07-27T22:43:56.967+00:00,63.01662,1785192236895.077,1893,False,,,,,,,,,,,,,,False,,,,,,,,,,,,,,True,0.6686906446497548,-25.141835465634152,2.745879199049117,39.18800085248231,-0.04462845175287115,-1.0424830899942457,-2.8221796591443455,40.48890153018508,2.9403521729305417,-32.11371756632025,0.6946705067293945,-0.1946120934408984,0.08855986763869972,False,,,,,,,,,,,,,,False,,,,,,,,,,,,,,False,,,,,,,,,,,,,,True,0.039104641810135295,10.15919110012798,9.401821034874201,76.45492500289666,0.20623049033196036,0.001522394907852857,-3.035935611600296,0.0,0.0,0.0,0.0,0.0,0.0,True,2,0.6686906446497959,-25.433721279323418,6.023669677468794,43.02357320527617,2.4608094674283487,0.1718029800541505,-0.007794484903752541,39.93716088585848,-0.3284159360486981,-28.29907992516916,-0.12383636367858533,2.8091479757203652,0.9725293283950828,True,-21.067553485538724,-15.828148528744151,70.75452945657204,34.035759398437015,22.004008443568107,-1.2434410204028494
2026-07-27T22:43:57.649+00:00,102.400000,107858.000000,1.218552,4095,2,02,80,FFFFFFFF,32,2.98004749,3.09319029,2.20742757,1.37715733,1.10616124,0.48073108,2.20821873,1.19499340,1.05285145,1.49828723,2.20784285,0.89292752,1.01268912,0.96154687,2.20764020,0.64029354,1.99638499,0.98273012,2.20761546,1.01085825,0.76866332,0.81264974,2.20786391,1.17853462,1.82193997,1.37781268,2.20792023,1.15384246,1.07518018,0.80909769,2.20769178,0.71263806,SD 02 80 FFFFFFFF 92FDCA 95512A 7FECEB 624824 5564A2 2DBCC9 7FF2CA 59D812 529B0C 676F01 7FF000 49AB41 5071DB 4D9D26 7FEE7F 398217 797FED 4ECC24 7FEE50 50584F 420FFD 44D394 7FF028 590977 73AE32 624F84 7FF093 57CFB7 53C8C0 449B34 7FEEE1 3E6BE5 7CC79F 000FFF 02 107534,2026-07-27T22:43:57.472+00:00,serial_request_midpoint,355.2035,True,matched,65.27135,65.27135,2026-07-27T22:43:57.537+00:00,63.586379,1785192237461.756,1910,False,,,,,,,,,,,,,,False,,,,,,,,,,,,,,True,0.6849712851950867,-24.769021343780373,3.2357094544513183,39.24553029693437,-0.043472325559721185,-1.0317322364483685,-2.835727651486412,40.18653377905923,2.448862843850012,-31.872984713016272,0.68514096257646,-0.19773054439664212,0.07952137022014905,False,,,,,,,,,,,,,,False,,,,,,,,,,,,,,False,,,,,,,,,,,,,,True,0.039830669304153264,10.15160117124913,9.396914786102194,76.38622567200346,0.21273513677912392,0.0010861689080997258,-3.034958482217141,0.0,0.0,0.0,0.0,0.0,0.0,True,2,0.6849712851951081,-25.04610260536234,6.478657965657467,43.11169557306563,2.4710648269812805,0.16026429913928125,-0.006525757707853799,39.60120763424759,-0.7815073250365856,-28.030742543347024,-0.11035549373912013,2.8113338260807814,0.9584304010822334,True,-20.959955149464687,-15.6764898015627,70.64393378781034,33.930034259858004,21.839659212328904,-1.16641802590309
2026-07-27T22:43:58.206+00:00,103.600000,107859.200000,1.217942,4095,2,02,80,FFFFFFFF,32,2.96727025,3.08229471,2.20774652,1.37259807,1.10580804,0.48072151,2.20809185,1.19460195,1.05132863,1.49827759,2.20780442,0.89236776,1.01214384,0.96110256,2.20792076,0.64014762,1.99504208,0.98219328,2.20743809,1.00996346,0.76838241,0.81225898,2.20528186,1.17761326,1.82132141,1.37481179,2.20483027,1.15298511,1.07390518,0.80902467,2.20445339,0.71230981,SD 02 80 FFFFFFFF 92B8EB 9518F0 7FEF49 6214C2 555FFB 2DBC98 7FF1D9 59D32E 528652 676EE7 7FEFB7 49A2D5 506A40 4D96C0 7FF094 397F7D 7974EE 4EC483 7FECFF 504BD0 420B67 44CD62 7FDCFC 58FDD7 73A8AF 622DB9 7FD9A1 57C4BD 53B7A2 449A0B 7FD6D4 3E6654 7CB79F 000FFF 02 107540,2026-07-27T22:43:58.028+00:00,serial_request_midpoint,356.1416,True,matched,76.3738,76.3738,2026-07-27T22:43:58.104+00:00,64.153368,1785192238028.429,1927,False,,,,,,,,,,,,,,False,,,,,,,,,,,,,,True,0.670981951074999,-23.041226957110645,3.2630678482479203,39.19777958944415,0.013939722013339243,-1.033221867738145,-2.8039763041652863,38.29237570387126,2.5534691509672713,-32.55893553529828,0.6910426375421991,-0.15220180382742132,0.10786016545964582,False,,,,,,,,,,,,,,False,,,,,,,,,,,,,,False,,,,,,,,,,,,,,True,0.04360476640940931,10.166313644395476,9.41213914385708,76.51210250094715,0.20210278151060207,-0.0016701711655615083,-3.035672194279205,0.0,0.0,0.0,0.0,0.0,0.0,True,2,0.6709819510750085,-23.55170915366292,6.510600533701487,43.03622490343596,2.4608631493733513,0.1994750197757865,0.04264737125709766,37.96732022287675,-0.6990561690086224,-28.70456904756221,-0.15483910801569248,2.849014613247343,0.9791216507339249,True,-19.281209260654354,-15.324058402391476,70.79558034516872,32.24532354620235,21.662900811608505,-1.6347897953905317
2026-07-27T22:43:58.762+00:00,104.200000,107859.800000,1.219163,4095,2,02,80,FFFFFFFF,32,2.95780938,3.07404580,2.20410023,1.36871450,1.10535975,0.48073811,2.20455956,1.19422997,1.05010533,1.49822344,2.20480293,0.89187126,1.01166901,0.96063669,2.20479347,0.64000851,1.99354467,0.98171487,2.20456797,1.00917257,0.76813409,0.81196043,2.20491227,1.17681739,1.82081128,1.37237516,2.20697290,1.15212760,1.07272301,0.80893815,2.20775231,0.71202424,SD 02 80 FFFFFFFF 9285B4 94EE37 7FD434 61E8E3 555A13 2DBCED 7FD79E 59CE88 5275A8 676E55 7FD96D 499B5C 5063A0 4D900A 7FD95B 397D02 7968A9 4EBDB6 7FD7AE 5040C3 420759 44C8A6 7FDA3D 58F3CB 73A423 62123E 7FE98B 57B9C1 53A7C0 4498AB 7FEF54 3E617C 7CD79F 000FFF 02 107546,2026-07-27T22:43:58.584+00:00,serial_request_midpoint,355.9327,True,matched,93.99205,93.99205,2026-07-27T22:43:58.678+00:00,64.727525,1785192238595.091,1944,False,,,,,,,,,,,,,,False,,,,,,,,,,,,,,True,0.5996516815972676,-22.555322418317214,3.354531468430764,39.47114061561268,-0.007501847843059032,-1.0392036137344094,-2.7939278700317063,37.84770253561821,2.553417290927728,-32.12315038660379,0.6978412609591671,-0.17041797559122623,0.11642558575007636,False,,,,,,,,,,,,,,False,,,,,,,,,,,,,,False,,,,,,,,,,,,,,True,0.038602716834411584,10.154657328818224,9.397154568825892,76.40905134233319,0.20684993336239818,0.0019293406018562591,-3.034717314253862,0.0,-1.4210854715202005e-15,0.0,0.0,0.0,0.0,True,2,0.599651681597283,-23.013339708912454,6.628581820732724,43.293644700875525,2.454484019373868,0.20862512898002725,0.02374245195922728,37.45630099898781,-0.728829383449721,-28.30027389953212,-0.1662342745725461,2.8279948768441385,0.9832288577494551,True,-18.266083374045614,-14.99664628743626,71.13936935104172,31.15417042723385,21.414741665164676,-1.1798622838563688
2026-07-27T22:43:59.319+00:00,105.300000,107860.900000,1.217332,4095,2,02,80,FFFFFFFF,32,2.95128470,3.06797044,2.20715549,1.36551536,1.10491247,0.48072620,2.20752967,1.19389245,1.04908861,1.49814148,2.20753125,0.89146260,1.01128107,0.96029672,2.20747599,0.63988408,1.99229549,0.98121216,2.20776021,1.00850890,0.76790878,0.81169839,2.20782390,1.17629371,1.82044235,1.37042685,2.20781074,1.15133938,1.07162011,0.80885384,2.20553268,0.71180549,SD 02 80 FFFFFFFF 926246 94CEAA 7FEAE6 61C4AD 55542E 2DBCB0 7FEDAD 59CA50 5267CC 676D78 7FEDB0 499535 505E36 4D8B24 7FED47 397ACA 795E6B 4EB690 7FEF63 50377C 4203AB 44C47E 7FEFDC 58ED2E 73A0D9 61FC3E 7FEFC3 57AFA7 5398EC 449754 7FDED9 3E5DC6 7CA79F 000FFF 02 107551,2026-07-27T22:43:59.141+00:00,serial_request_midpoint,355.817,True,matched,21.9075,21.9075,2026-07-27T22:43:59.163+00:00,65.212135,1785192239095.102,1959,False,,,,,,,,,,,,,,False,,,,,,,,,,,,,,True,0.6945256936923904,-22.29658732973119,3.4768533181315036,39.49856519107611,-0.005323340906251462,-1.0315709515163913,-2.7914992052054806,37.69331906174794,2.8034980577826376,-31.8456684739989,0.7023883348683156,-0.17335144704882888,0.12336457478342637,False,,,,,,,,,,,,,,False,,,,,,,,,,,,,,False,,,,,,,,,,,,,,True,0.016050453325068555,10.140129586572659,9.38888251246694,76.31839422793426,0.2132145203601976,0.016543303160739493,-3.0350700188823794,2.842170943040401e-15,0.0,0.0,0.0,0.0,0.0,True,2,0.6945256936923919,-22.768331947789555,6.731959827954361,43.335551206922474,2.458344526534917,0.21522487251529135,0.025560298324105155,37.30249616664459,-0.4972920441150691,-28.038732011613963,-0.17624038399893613,2.8224144534061493,0.9886105529144809,True,-17.8937920215714,-14.989827167753194,71.08395917842533,30.739833902835112,21.49307422939769,-0.8555281919743265
2026-07-27T22:43:59.875+00:00,105.900000,107861.500000,1.218552,4095,2,02,80,FFFFFFFF,32,2.94715829,3.06387370,2.20692344,1.36307654,1.10455242,0.48070784,2.20542593,1.19362935,1.04838519,1.49815966,2.20710234,0.89112823,1.01094415,0.95999369,2.20526609,0.63978420,1.99110799,0.98081779,2.20441870,1.00795498,0.76772247,0.81154178,2.20714760,1.17594088,1.82009977,1.36901573,2.20735547,1.15068130,1.07079110,0.80878575,2.20768862,0.71165123,SD 02 80 FFFFFFFF 924BD2 94B959 7FE92D 61A907 554F6F 2DBC52 7FDE0E 59C706 525E34 676DA9 7FEA81 49902C 505982 4D86C6 7FDCDE 397902 7954AD 4EB0F4 7FD692 502FBD 4200A0 44C202 7FEAD7 58E8B9 739DCB 61EC4B 7FEC62 57A737 538DC5 44963F 7FEEDB 3E5B28 7CC79F 000FFF 02 107557,2026-07-27T22:43:59.697+00:00,serial_request_midpoint,356.2999,True,matched,38.95025,38.95025,2026-07-27T22:43:59.736+00:00,65.785397,1785192239661.791,1976,False,,,,,,,,,,,,,,False,,,,,,,,,,,,,,True,0.6935770107090048,-22.269203715280355,2.4591868693533296,39.602305860356644,-0.02433326002946439,-1.0387952869413906,-2.7892171498436045,37.654164383402396,3.5209833822708725,-32.13492300850284,0.6981383249677469,-0.18148928984373588,0.12167400590531142,False,,,,,,,,,,,,,,False,,,,,,,,,,,,,,False,,,,,,,,,,,,,,True,0.01593096118334678,10.166201462416302,9.40876297675963,76.51483190557522,0.20654555479796147,0.002440676889066419,-3.0354644728036853,2.842170943040401e-15,0.0,0.0,0.0,0.0,0.0,True,2,0.6935770107090067,-22.682201033887676,5.739737153764472,43.42436631275392,2.4534065438259476,0.2142008593817613,0.008921106026259815,37.22107239715425,0.23529105144141624,-28.31950949302614,-0.1731171499141275,2.8170469881822293,0.9802623184700294,True,-17.593555916244092,-15.83574743162626,71.24837519904486,30.569697111629843,22.350235092244723,-1.2592106843396322
2026-07-27T22:44:00.433+00:00,107.000000,107862.600000,1.217942,4095,2,02,80,FFFFFFFF,32,2.94436372,3.06104116,2.20750283,1.36130964,1.10424637,0.48073030,2.20768757,1.19337567,1.04787586,1.49811144,2.20533760,0.89086681,1.01066717,0.95976063,2.20717917,0.63971214,1.99018759,0.98049161,2.20756178,1.00758888,0.76756943,0.81137657,2.20733547,1.17563293,1.81988558,1.36791263,2.20497851,1.15007189,1.06997643,0.80872578,2.20725495,0.71149423,SD 02 80 FFFFFFFF 923C98 94AA97 7FED7A 6194F9 554B66 2DBCC5 7FEED9 59C3DA 525741 676D27 7FDD66 498C3C 5055A4 4D836A 7FEB13 3977B9 794D1F 4EAC50 7FEDEA 502A9E 41FE20 44BF63 7FEC3C 58E4D5 739BE2 61DFD1 7FDABB 579F66 5382CE 44954B 7FEBA3 3E587E 7CB7A0 000FFF 02 107562,2026-07-27T22:44:00.254+00:00,serial_request_midpoint,357.5645,True,matched,53.38875,53.38875,2026-07-27T22:44:00.308+00:00,66.357142,1785192240228.471,1993,False,,,,,,,,,,,,,,False,,,,,,,,,,,,,,True,0.6470527780231894,-22.38656956047553,1.7288950122558338,39.784110224493574,-0.051150783529546114,-1.0186079653937723,-2.8000024262930654,37.83552217408628,4.405269715988319,-31.70257440932848,0.6881516306570763,-0.20149389913185406,0.11686662286005241,False,,,,,,,,,,,,,,False,,,,,,,,,,,,,,False,,,,,,,,,,,,,,True,0.019757289629559513,10.144098738910948,9.393063228259837,76.37649343722615,0.20895765607164063,0.01129353289188385,-3.034855025817785,-2.842170943040401e-15,1.4210854715202005e-15,-1.1368683772161604e-14,0.0,0.0,0.0,True,2,0.6470527780231902,-22.702802047852494,4.960719756255285,43.656580866786456,2.46882206730393,0.20978519770498635,-0.014468541236839938,37.29762899176329,1.155836898426776,-27.869484229593013,-0.16455255670052765,2.8035573811847496,0.960550496276045,True,-17.372421729262346,-17.04326864941291,71.09711392710719,30.452268414211904,23.56597807187173,-1.1020053441671167
2026-07-27T22:44:00.989+00:00,107.600000,107863.200000,1.217942,4095,2,02,80,FFFFFFFF,32,2.94243624,3.05913103,2.20730758,1.35986341,1.10395903,0.48071839,2.20763072,1.19318917,1.04751779,1.49812591,2.20777337,0.89065702,1.01044758,0.95960211,2.20540069,0.63964950,1.98949922,0.98022780,2.20735810,1.00725329,0.76744677,0.81126922,2.20743072,1.17543385,1.81975287,1.36706832,2.20754599,1.14960424,1.06927238,0.80866999,2.20757335,0.71139548,SD 02 80 FFFFFFFF 923215 94A0A1 7FEC07 61848B 55479C 2DBC88 7FEE6D 59C185 52525E 676D4E 7FEF7C 498913 505293 4D8121 7FDDDE 39769B 794778 4EA88F 7FEC67 5025EC 41FC1F 44BDAF 7FECF1 58E251 739AB3 61D643 7FEDCC 579966 537953 449468 7FEE00 3E56D1 7CB7A0 000FFF 02 107568,2026-07-27T22:44:00.812+00:00,serial_request_midpoint,355.148,True,matched,66.7606,66.7606,2026-07-27T22:44:00.878+00:00,66.927375,1785192240795.153,2010,False,,,,,,,,,,,,,,False,,,,,,,,,,,,,,True,0.5452278667432345,-22.676339260692675,1.5996833267257142,40.01279482681447,-0.07273789895277907,-1.0029692719880727,-2.8091057327985847,38.17104819855017,4.243371495376351,-31.455722773140565,0.6677714258812586,-0.21684802711979284,0.1132164435763686,False,,,,,,,,,,,,,,False,,,,,,,,,,,,,,False,,,,,,,,,,,,,,True,0.008923013062993604,10.152325356157203,9.395144897659437,76.42717626842311,0.2121273142865336,-0.0009341469976755075,-3.0350409982002353,2.842170943040401e-15,0.0,0.0,0.0,0.0,0.0,True,2,0.5452278667432571,-22.913255521997762,4.792578796195011,43.923039350615646,2.480853538954519,0.205020120952641,-0.03334453178160877,37.546603200001584,1.0721492436794051,-27.57060489798218,-0.15796397646401436,2.798901167777843,0.9276665198665807,True,-17.423714085196455,-17.54967169874969,71.05715242561652,30.579961739828263,24.05034404137453,-1.321037561800813
2026-07-27T22:44:01.549+00:00,108.800000,107864.400000,1.218552,4095,2,02,80,FFFFFFFF,32,2.94128875,3.05772516,2.20733863,1.35882159,1.10376029,0.48069125,2.20735599,1.19312483,1.04727626,1.49811812,2.20715233,0.89051208,1.01029150,0.95946908,2.20533812,0.63961446,1.98888002,0.97996595,2.20696132,1.00697192,0.76735376,0.81117641,2.20773705,1.17536616,1.81957769,1.36663010,2.20766810,1.14929955,1.06884580,0.80863977,2.20767915,0.71135082,SD 02 80 FFFFFFFF 922BD2 94994B 7FEC42 6178B3 5544FD 2DBBFD 7FEC63 59C0B7 524F12 676D39 7FEAE0 4986E4 505065 4D7F36 7FDD67 3975FB 794262 4EA4D5 7FE975 5021FC 41FA9A 44BC36 7FEF37 58E176 739923 61D14D 7FEEB4 57957D 537394 4493ED 7FEEC9 3E560F 7CC79F 000FFF 02 107574,2026-07-27T22:44:01.369+00:00,serial_request_midpoint,358.8087,True,matched,73.41285,73.41285,2026-07-27T22:44:01.442+00:00,67.491401,1785192241361.87,2027,False,,,,,,,,,,,,,,False,,,,,,,,,,,,,,True,0.5423222348230778,-22.305654345916082,1.7009986559071089,39.970623007840125,-0.05501386283517616,-1.0015416935112407,-2.813821558110045,37.89414495201669,4.316471266007042,-31.288089347728793,0.6699949760093202,-0.20836207155657238,0.11140914200105619,False,,,,,,,,,,,,,,False,,,,,,,,,,,,,,False,,,,,,,,,,,,,,True,0.008825858062696885,10.139951741266652,9.385235545106518,76.326885603605,0.217938778217413,0.004544447614143453,-3.0354716064817677,0.0,0.0,0.0,0.0,0.0,0.0,True,2,0.5423222348230801,-22.592079991199697,4.882807992765672,43.88658683779477,2.483168965149773,0.2006099422878793,-0.0176639262490245,37.30680696479688,1.1378237249905225,-27.403252552872697,-0.15594797623601364,2.8060179641939214,0.9331818406310332,True,-17.423713263593385,-17.532762413737608,71.02330556818322,30.53452061933438,24.06221517223019,-1.055961816234594
2026-07-27T22:44:02.106+00:00,109.300000,107864.900000,1.217332,4095,2,02,80,FFFFFFFF,32,2.94204605,3.05821915,2.20468150,1.35858115,1.10359623,0.48071722,2.20504738,1.19299302,1.04728284,1.49808956,2.20454011,0.89045478,1.01020396,0.95943142,2.20476561,0.63959387,1.98855147,0.97985837,2.20705025,1.00688037,0.76731049,0.81117346,2.20784127,1.17546137,1.81958426,1.36654143,2.20758441,1.14911756,1.06861443,0.80864738,2.20797761,0.71136072,SD 02 80 FFFFFFFF 922FF4 949BDF 7FD886 6175F7 5542D3 2DBC82 7FDB3E 59BF11 524F29 676CEC 7FD779 498607 504F2C 4D7EAB 7FD926 39759D 793FAF 4EA34D 7FEA1E 5020B4 41F9E5 44BC2A 7FEFFD 58E2AA 739932 61D04C 7FEE15 579327 537076 44940C 7FF100 3E563A 7CA7A0 000FFF 02 107579,2026-07-27T22:44:01.928+00:00,serial_request_midpoint,356.6437,True,matched,83.12995,83.12995,2026-07-27T22:44:02.010+00:00,68.059694,1785192241928.6,2044,False,,,,,,,,,,,,,,False,,,,,,,,,,,,,,True,0.5482255893601188,-23.1306058173649,1.439270217526582,40.46481627866486,-0.1242440568505804,-0.9743145351878643,-2.825554251113785,38.50206745208207,4.332261959743148,-31.08943438081427,0.6441289755155883,-0.24831310719437868,0.10275345601499804,False,,,,,,,,,,,,,,False,,,,,,,,,,,,,,False,,,,,,,,,,,,,,True,0.0399397349971198,10.159014808079514,9.403106161952028,76.46633149060749,0.20817229766481282,-0.0028539401149912554,-3.035362984823428,-2.842170943040401e-15,-1.4210854715202005e-15,0.0,0.0,0.0,0.0,True,2,0.5482255893601216,-23.182952924856426,4.5612164490423215,44.4386600758326,2.5023050979889097,0.1948473860476412,-0.07858114970269146,37.704300671596286,1.2547977881371934,-27.16088433622256,-0.14050921619968867,2.7805598577993744,0.8863792614845535,True,-17.308086805333772,-18.39554820001422,70.97249168111837,30.570884244208248,24.907170722177945,-1.5630145147964867
2026-07-27T22:44:02.662+00:00,110.400000,107866.000000,1.219163,4095,2,02,80,FFFFFFFF,32,2.94337580,3.05940660,2.20524979,1.35879926,1.10353523,0.48073753,2.20761862,1.19298865,1.04745598,1.49811144,2.20783969,0.89049990,1.01023361,0.95944551,2.20502582,0.63960132,1.98847208,0.97980953,2.20468729,1.00695601,0.76730284,0.81121728,2.20721180,1.17576835,1.81965126,1.36721154,2.20757283,1.14926821,1.06870228,0.80865672,2.20741967,0.71146661,SD 02 80 FFFFFFFF 923735 94A211 7FDCBF 617872 554205 2DBCEA 7FEE56 59BF03 525186 676D27 7FEFFA 4986B5 504F96 4D7EDF 7FDB15 3975BF 793F08 4EA29B 7FD891 5021C3 41F9C5 44BCDC 7FEB51 58E68B 7399CB 61D7E2 7FEDFF 579516 5371A5 449432 7FECDC 3E5806 7CD7A0 000FFF 02 107584,2026-07-27T22:44:02.484+00:00,serial_request_midpoint,356.4923,True,matched,19.87375,19.87375,2026-07-27T22:44:02.504+00:00,68.553261,1785192242428.698,2059,False,,,,,,,,,,,,,,False,,,,,,,,,,,,,,True,0.6703515029715408,-23.679080424901226,1.1337808422883096,40.81723410088924,-0.16185348481465311,-0.9588406345885817,-2.8263095103154483,39.02844425301853,4.639437902265688,-30.593908245351088,0.6349839577735623,-0.27423175432108554,0.10397328831862988,False,,,,,,,,,,,,,,False,,,,,,,,,,,,,,False,,,,,,,,,,,,,,True,0.0354432102579223,10.153194861834395,9.39676815396864,76.42385225249782,0.20864133869550025,0.0008318081552755077,-3.0347837178084567,0.0,0.0,0.0,0.0,0.0,0.0,True,2,0.6703515029715494,-23.611305804062518,4.223371753563124,44.816053654070586,2.511103359982218,0.19794354042504136,-0.11214607133623933,38.10912515380073,1.5970104788626778,-26.664632105359658,-0.1405140551106096,2.759820621486168,0.8669417740744415,True,-17.220448948810834,-18.98618816408628,71.00850660939481,30.53620016309169,25.49040371505414,-1.4192784441814523
2026-07-27T22:44:03.219+00:00,111.600000,107867.200000,1.216721,4095,2,02,80,FFFFFFFF,32,2.94763032,3.06285595,2.20713339,1.36011090,1.10357224,0.48072659,2.20566204,1.19316075,1.04810488,1.49809884,2.20495170,0.89069151,1.01036003,0.95964032,2.20705498,0.63961380,1.98873785,0.97994016,2.20763441,1.00730550,0.76741114,0.81137952,2.20736862,1.17626650,1.81987288,1.36840607,2.20716233,1.14968948,1.06913752,0.80873316,2.20771231,0.71163903,SD 02 80 FFFFFFFF 924E64 94B40C 7FEABC 61875B 554282 2DBCB2 7FDFCF 59C12A 525A61 676D05 7FDA88 498998 50515A 4D81AE 7FEA27 3975F8 794137 4EA477 7FEE74 5026A7 41FB8A 44BF6F 7FEC7B 58ECD6 739BC5 61E566 7FEAF3 579A7E 537782 449569 7FEF08 3E5AF3 7C979F 000FFF 02 107590,2026-07-27T22:44:03.041+00:00,serial_request_midpoint,355.7245,True,matched,41.78345,41.78345,2026-07-27T22:44:03.083+00:00,69.131974,1785192243028.786,2077,False,,,,,,,,,,,,,,False,,,,,,,,,,,,,,True,0.5934496288420308,-23.399514335994688,0.47083890708724435,40.70432560573712,-0.14666595851425893,-0.9629570890931194,-2.8213872060391436,38.808358067950586,5.305417822986781,-30.868562570991127,0.6384019070951256,-0.2628240275112095,0.10769470881768632,False,,,,,,,,,,,,,,False,,,,,,,,,,,,,,False,,,,,,,,,,,,,,True,0.05037435406009548,10.160654874937702,9.403549682575655,76.49574902170347,0.206419913148727,4.952073182670932e-05,-3.034619638579591,0.0,-1.4210854715202005e-15,0.0,0.0,0.0,0.0,True,2,0.5934496288420262,-23.387784272008425,3.5713449148075234,44.69524629031411,2.507584972357752,0.20345680840191785,-0.0988814009663301,37.949006723638526,2.248456420184243,-26.936994784763886,-0.14660460184665858,2.7688895853810855,0.8745013141884481,True,-17.046146265914366,-19.521705044223403,71.00239333672555,30.44290278502664,26.034955018889455,-1.5710293426858244
2026-07-27T22:44:03.775+00:00,112.200000,107867.800000,1.219163,4095,2,02,80,FFFFFFFF,32,2.95209094,3.06667549,2.20512519,1.36186182,1.10384144,0.48072854,2.20460792,1.19336161,1.04876522,1.49815780,2.20701341,0.89095161,1.01063528,0.95986225,2.20765546,0.63970272,1.98931325,0.98018553,2.20772915,1.00769638,0.76756010,0.81160826,2.20794655,1.17690804,1.82022287,1.37005764,2.20785548,1.15040108,1.06992566,0.80879583,2.20544329,0.71193719,SD 02 80 FFFFFFFF 9266A8 94C7EE 7FDBD2 619B3E 55460F 2DBCBC 7FD7FA 59C3AD 526363 676DA4 7FE9D8 498D83 505532 4D84E1 7FEE9C 39778E 7945F1 4EA7F5 7FEF28 502C1F 41FDF9 44C310 7FF0C5 58F4F0 739EE4 61F812 7FF018 57A39F 53821F 449668 7FDE2F 3E6002 7CD79F 000FFF 02 107596,2026-07-27T22:44:03.597+00:00,serial_request_midpoint,355.2744,True,matched,63.7747,63.7747,2026-07-27T22:44:03.661+00:00,69.710099,1785192243595.481,2094,False,,,,,,,,,,,,,,False,,,,,,,,,,,,,,True,0.6090600625492035,-23.318059532278653,-0.06816418917861025,40.82962196364493,-0.14224201848964788,-0.9571676111465889,-2.8245218155029015,38.777451358257814,6.111256345009505,-30.586224662218047,0.6413674618973699,-0.26098377955705065,0.10735163130928377,False,,,,,,,,,,,,,,False,,,,,,,,,,,,,,False,,,,,,,,,,,,,,True,0.040872873831044175,10.149597270972432,9.394244343339079,76.42363971814527,0.20806604157805242,0.010858004973371211,-3.0354394299285157,0.0,0.0,0.0,0.0,0.0,0.0,True,2,0.6090600625492196,-23.317130620038377,3.014322822341957,44.83449349332468,2.5120971678636796,0.20247455828989547,-0.09501887652858583,37.92751663936004,3.0426613357353283,-26.661679000491056,-0.14626618596244956,2.769393826680737,0.8791201126401658,True,-17.055090207821156,-20.198346493712357,71.05528958786417,30.454169749624924,26.752646228686615,-1.2145373658426706
2026-07-27T22:44:04.331+00:00,113.300000,107868.900000,1.217332,4095,2,02,80,FFFFFFFF,32,2.96025012,3.07386356,2.20712760,1.36498100,1.10410269,0.48074475,2.20558211,1.19375621,1.05003739,1.49816522,2.20473775,0.89140890,1.01109637,0.96029591,2.20505211,0.63982034,1.99028132,0.98069533,2.20484025,1.00859076,0.76783990,0.81198235,2.20456009,1.17800577,1.82083100,1.37349729,2.20706235,1.15174137,1.07165874,0.80890865,2.20758704,0.71245469,SD 02 80 FFFFFFFF 9292EF 94ED45 7FEAB1 61BE9F 554981 2DBD0F 7FDF37 59C89C 5274BB 676DB8 7FD8F1 499466 505BA2 4D8B21 7FDB47 3979A7 794DE4 4EAF36 7FD9B4 5038A1 42028B 44C8FF 7FD79F 5902CB 73A450 621EE7 7FEA35 57B4CE 539971 449833 7FEE1A 3E68C9 7CA7A0 000FFF 02 1075A1,2026-07-27T22:44:04.153+00:00,serial_request_midpoint,356.2118,True,matched,82.2602,82.2602,2026-07-27T22:44:04.235+00:00,70.284486,1785192244162.155,2111,False,,,,,,,,,,,,,,False,,,,,,,,,,,,,,True,0.7289846647406532,-23.368791459184987,-0.8408530089012647,40.773461681575576,-0.1455516071002064,-0.9577515681524484,-2.820918873319942,38.90609555217594,6.590497149787676,-30.803073830352123,0.6342743940672657,-0.26207913176209424,0.10973601999455765,False,,,,,,,,,,,,,,False,,,,,,,,,,,,,,False,,,,,,,,,,,,,,True,0.08206699860520075,10.161680607530185,9.405063021394175,76.50407780945525,0.20669257473299227,-0.0011195261066322337,-3.0346267893783194,0.0,0.0,0.0,0.0,0.0,0.0,True,2,0.7289846647406664,-23.362373006285658,2.2463334736687375,44.774706690658846,2.510650003304616,0.20643987081334297,-0.09810293450224947,38.05127915045197,3.549411401263729,-26.858227878114878,-0.1495309878352725,2.771180595603205,0.8688737646156258,True,-16.96697554465937,-20.92140045826449,71.00305605731023,30.507367239247635,27.434846904790408,-1.5966626333600515
2026-07-27T22:44:04.888+00:00,113.900000,107869.500000,1.219163,4095,2,02,80,FFFFFFFF,32,2.97464584,3.08629378,2.20738546,1.37055202,1.10473821,0.48074065,2.20754072,1.19444409,1.05201926,1.49827054,2.20733442,0.89219671,1.01184257,0.96096832,2.20501005,0.64001683,1.99223548,0.98160965,2.20653621,1.01001463,0.76833313,0.81259479,2.20494802,1.17960614,1.82176635,1.37885415,2.20709182,1.15401856,1.07446167,0.80916332,2.20543277,0.71320674,SD 02 80 FFFFFFFF 92E0B7 952D9A 7FEC9B 61FDA8 5551E2 2DBCFA 7FEDC2 59D135 528FB9 676ED4 7FEC3A 49A042 50660C 4D94D1 7FDAF7 397D28 795DED 4EBC37 7FE64D 504C87 420A99 44D2B5 7FDA81 5916FA 73ACA6 625B3B 7FEA6D 57D1F8 53BF1B 449C3F 7FDE1B 3E7589 7CD7A0 000FFF 02 1075A7,2026-07-27T22:44:04.710+00:00,serial_request_midpoint,355.795,True,matched,91.2822,91.2822,2026-07-27T22:44:04.801+00:00,70.850141,1785192244728.815,2128,False,,,,,,,,,,,,,,False,,,,,,,,,,,,,,True,0.6943987206064081,-23.07646478686786,-1.2852037199268636,40.83247576622275,-0.1359881482465836,-0.9560025545320933,-2.8208419535171654,38.75305832448788,7.21953867953062,-30.421169575200214,0.6375769182864168,-0.2601394541828577,0.11268754860034684,False,,,,,,,,,,,,,,False,,,,,,,,,,,,,,False,,,,,,,,,,,,,,True,0.04078068224571882,10.143227828938421,9.39125301675191,76.35478031745727,0.21366000132896726,0.005782276779215672,-3.034849642877717,0.0,1.4210854715202005e-15,0.0,0.0,0.0,0.0,True,2,0.6943987206064037,-23.101628403681083,1.7953727624235516,44.8387381779673,2.5119028078363637,0.20803060824840405,-0.08972241652981083,37.91356503219637,4.164362069571534,-26.483928145323794,-0.15392624280485329,2.7713711391253075,0.8738976764205089,True,-16.784437449572255,-21.396624892315334,71.06459675236025,30.304833666641645,27.951306517339752,-1.1489760913379654
2026-07-27T22:44:05.446+00:00,115.100000,107870.700000,1.218553,4095,2,02,80,FFFFFFFF,32,2.99591155,3.10477983,2.20473775,1.37862143,1.10578639,0.48074983,2.20750651,1.19549973,1.05454727,1.49831394,2.20772178,0.89324176,1.01290425,0.96187407,2.20777442,0.64033189,1.99557818,0.98299296,2.20750388,1.01194784,0.76898903,0.81329597,2.20758072,1.18127905,1.82310087,1.38521160,2.20510206,1.15687259,1.07817517,0.80943452,2.20502004,0.71396194,SD 02 80 FFFFFFFF 9352D4 958CB8 7FD8F1 62589D 555FB2 2DBD29 7FED81 59DE65 52B21B 676F49 7FEF1A 49AFFB 5074DB 4DA1DC 7FEF7E 3982C6 797952 4ECFE0 7FED7C 506784 42154E 44DDD2 7FEE0E 592C0E 73B889 62A298 7FDBA6 57F677 53F0E8 44A08E 7FDB0A 3E8255 7CC7A1 000FFF 02 1075B3,2026-07-27T22:44:05.267+00:00,serial_request_midpoint,358.7329,True,matched,25.42095,25.42095,2026-07-27T22:44:05.292+00:00,71.341701,1785192245228.801,2143,False,,,,,,,,,,,,,,False,,,,,,,,,,,,,,True,0.6338777415244075,-22.944758727564263,-2.5071385415963396,40.73676309235107,-0.15372790088317304,-0.9721537682492043,-2.823383121602632,38.73884359559425,8.565484819347038,-30.587183490294166,0.6507765493306956,-0.27150861106027113,0.10443046323808472,False,,,,,,,,,,,,,,False,,,,,,,,,,,,,,False,,,,,,,,,,,,,,True,0.0543456347051413,10.150625677354203,9.397443136434335,76.41053207384611,0.21183130621660828,0.01079491952308062,-3.034985079005711,2.842170943040401e-15,-1.4210854715202005e-15,0.0,0.0,0.0,0.0,True,2,0.6338777415244393,-22.905225500123645,0.6169607268079588,44.70906266669008,2.5023821536482442,0.19632118262904313,-0.10466437293394622,37.84091268714592,5.4600917069590995,-26.70247285442993,-0.1415205306380796,2.7556174869146735,0.8895827241631402,True,-16.641091816345558,-22.35660632979808,71.13910543282141,30.254879913618094,28.937738231292848,-1.0739041240160305
2026-07-27T22:44:06.001+00:00,115.600000,107871.200000,1.216111,4095,2,02,80,FFFFFFFF,32,3.01666640,3.12339538,2.20437193,1.38680091,1.10709102,0.48076408,2.20487127,1.19654101,1.05661176,1.49841260,2.20710918,0.89424541,1.01389935,0.96273420,2.20769020,0.64062050,1.99934144,0.98441574,2.20771336,1.01365129,0.76958728,0.81378983,2.20735126,1.18210743,1.82433618,1.38968596,2.20769968,1.15946260,1.08138948,0.80964550,2.20787233,0.71439066,SD 02 80 FFFFFFFF 93C14E 95EBD6 7FD639 62B465 5570E0 2DBD72 7FD9EF 59EB65 52CE25 677053 7FEA8E 49BF12 5082BA 4DAE3D 7FEEDE 3987EB 79981C 4EE414 7FEF0A 507F45 421F11 44E5A5 7FEC5A 59367C 73C388 62D4AB 7FEEF0 581788 541BEC 44A3E8 7FF038 3E8998 7C87A1 000FFF 02 1075B8,2026-07-27T22:44:05.824+00:00,serial_request_midpoint,354.6439,True,matched,46.15435,46.15435,2026-07-27T22:44:05.870+00:00,71.919501,1785192245795.449,2160,False,,,,,,,,,,,,,,False,,,,,,,,,,,,,,True,0.6390585240870941,-22.580453897707983,-2.624260303347909,40.65457376755093,-0.1325976691355584,-0.9773596197207327,-2.824547678465794,38.31304625437961,8.430433660230355,-30.964130539801147,0.6467906356046353,-0.25361898020361856,0.10161526600390201,False,,,,,,,,,,,,,,False,,,,,,,,,,,,,,False,,,,,,,,,,,,,,True,0.0028879626354715985,10.155772303736349,9.399222468502133,76.45282038939705,0.2069678333394362,-0.0016881195779471672,-3.0347606625003647,2.842170943040401e-15,1.4210854715202005e-15,0.0,0.0,0.0,0.0,True,2,0.6390585240871157,-22.606603796454245,0.5079428461219798,44.62059729682463,2.5000114817424643,0.19415044682262317,-0.0858724201108338,37.49039680389476,5.3424781423530305,-27.048967500701234,-0.13857021305982267,2.774478263603996,0.888754321061277,True,-16.645735022295035,-22.39280300174388,71.18363924990027,30.296031709993922,28.93066266490368,-1.4089601575292818
2026-07-27T22:44:06.560+00:00,116.800000,107872.400000,1.218553,4095,2,02,80,FFFFFFFF,32,3.02341368,3.13020893,2.20774863,1.39089311,1.10809645,0.48075842,2.20803025,1.19725882,1.05708784,1.49845377,2.20799130,0.89474371,1.01441242,0.96308446,2.20759388,0.64079408,2.00238054,0.98528042,2.20728021,1.01424082,0.76986314,0.81384778,2.20780758,1.18162555,1.82457851,1.39008266,2.20519984,1.16066151,1.08269106,0.80974879,2.20485865,0.71441350,SD 02 80 FFFFFFFF 93E508 960E7C 7FEF4D 62E228 557E1B 2DBD55 7FF164 59F45A 52D49B 6770C2 7FF11A 49C68F 5089E0 4DB347 7FEE27 398B03 79B0EF 4EF059 7FEBD3 50877C 422391 44E690 7FEFBD 59306B 73C5B0 62D91A 7FDC60 5826D2 542D51 44A58C 7FD9D7 3E89FB 7CC7A1 000FFF 02 1075C4,2026-07-27T22:44:06.381+00:00,serial_request_midpoint,358.029,True,matched,67.9468,67.9468,2026-07-27T22:44:06.448+00:00,72.497814,1785192246395.426,2178,False,,,,,,,,,,,,,,False,,,,,,,,,,,,,,True,0.7651210333992435,-22.444654765813922,-3.222690627054303,40.86554494419015,-0.12485504638656686,-0.9589233703921485,-2.8323990957591128,38.2169315121907,9.099970639456767,-30.71044866279089,0.6358562385556807,-0.24836066979285515,0.09912068422818308,False,,,,,,,,,,,,,,False,,,,,,,,,,,,,,False,,,,,,,,,,,,,,True,0.01797774921096006,10.152947343289462,9.398292291243168,76.42650814583847,0.2074279213688012,0.0013865997807065297,-3.034529566562888,0.0,0.0,0.0,0.0,0.0,0.0,True,2,0.7651210333992178,-22.488007824290385,-0.14474275401332642,44.87367178635259,2.513576204830951,0.19314895598785825,-0.07925520140411818,37.409116415570836,6.056722153367881,-26.757374314730818,-0.13518219081923621,2.7843438447953597,0.874875858134688,True,-16.65254585265174,-23.40659920343912,71.14922568795502,30.404238381755512,29.938890259054922,-1.337991060308127
2026-07-27T22:44:07.116+00:00,118.000000,107873.600000,1.217942,4095,2,02,80,FFFFFFFF,32,3.01420598,3.12309467,2.20685346,1.38961572,1.10846053,0.48076740,2.20505053,1.19752310,1.05624572,1.49850199,2.20469044,0.89467274,1.01438354,0.96290742,2.20714076,0.64079430,2.00313538,0.98536331,2.20758757,1.01402242,0.76982698,0.81369094,2.20751441,1.18084051,1.82445910,1.38829733,2.20704762,1.16091371,1.08262732,0.80973256,2.20537283,0.71426589,SD 02 80 FFFFFFFF 93B441 95EA4E 7FE8A8 62D3E2 5582E5 2DBD83 7FDB44 59F7A6 52C92D 677144 7FD897 49C57E 508979 4DB0BB 7FEACA 398B04 79B718 4EF186 7FEE1B 508471 4222FA 44E414 7FED90 592688 73C4A0 62C524 7FEA19 582A09 542C77 44A54A 7FDDA9 3E877B 7CB7A1 000FFF 02 1075D0,2026-07-27T22:44:06.938+00:00,serial_request_midpoint,356.1091,True,matched,81.93625,81.93625,2026-07-27T22:44:07.020+00:00,73.069046,1785192246962.078,2195,False,,,,,,,,,,,,,,False,,,,,,,,,,,,,,True,0.661080344945355,-22.011373316303107,-4.090444202390111,40.708725247409504,-0.09158962078946269,-0.9675279065351715,-2.8217700050306593,37.8767589089016,10.0950373646989,-30.944948841122265,0.646315466224612,-0.2255428932651953,0.10831817073586224,False,,,,,,,,,,,,,,False,,,,,,,,,,,,,,False,,,,,,,,,,,,,,True,0.0341610049551616,10.155377101272894,9.399061537036802,76.45060413054519,0.20618980961746064,0.004915474608457328,-3.034896683553702,0.0,0.0,0.0,0.0,0.0,0.0,True,2,0.6610803449453335,-22.17666112056741,-0.9912926010831044,44.69729169857105,2.5058482438088525,0.2045488482741152,-0.050179000288707934,37.19386283671999,7.008921419042261,-27.001566490142785,-0.15004362858017622,2.800683882972243,0.8952516625463702,True,-16.471394649756384,-24.01305380598407,71.21181149912005,30.268719688179136,30.577636675320594,-1.269691932061346
2026-07-27T22:44:07.674+00:00,118.500000,107874.100000,1.217332,4095,2,02,80,FFFFFFFF,32,3.00165063,3.11260391,2.20468045,1.38623331,1.10841866,0.48076916,2.20455746,1.19742916,1.05498308,1.49855021,2.20429625,0.89435249,1.01402634,0.96259058,2.20485024,0.64071408,2.00250737,0.98513861,2.20674244,1.01329006,0.76965025,0.81335390,2.20723653,1.17972978,1.82387225,1.38496934,2.20515463,1.16031498,1.08147656,0.80964255,2.20716917,0.71387709,SD 02 80 FFFFFFFF 937177 95B4C7 7FD884 62AE0A 558258 2DBD8C 7FD79A 59F67A 52B807 6771C6 7FD5A9 49C0AE 50847F 4DAC2C 7FD9C7 398996 79B1F8 4EEE56 7FE7D5 507A3C 422018 44DEBD 7FEB80 591889 73BF67 629FE1 7FDC0A 582267 541D16 44A3DC 7FEB00 3E80E5 7CA7A1 000FFF 02 1075D5,2026-07-27T22:44:07.495+00:00,serial_request_midpoint,356.9787,True,matched,26.30885,26.30885,2026-07-27T22:44:07.521+00:00,73.57033,1785192247462.092,2210,False,,,,,,,,,,,,,,False,,,,,,,,,,,,,,True,0.6205832962333749,-22.244464545208253,-4.76078296140541,40.7074107663463,-0.1099384372168785,-0.973761022695769,-2.81893656234847,38.13556703428698,10.888139063119649,-30.873271132185987,0.6548645133443242,-0.23753422783221584,0.10813025892175794,False,,,,,,,,,,,,,,False,,,,,,,,,,,,,,False,,,,,,,,,,,,,,True,0.04378313057653998,10.152106613989629,9.398146633426583,76.42881619140641,0.20440234802655874,0.011842380410262364,-3.034889440855146,0.0,0.0,0.0,0.0,0.0,0.0,True,2,0.6205832962333501,-22.353409628387304,-1.6392420136584138,44.68042424560707,2.5010093898993087,0.20421137544408374,-0.06631318862198798,37.401333423078896,7.767151720478883,-26.9667302022524,-0.1490722051099994,2.7856244164182096,0.9041027160352944,True,-16.4323008534303,-24.536316679072797,71.25552080937734,30.262414724672976,31.11330795983178,-1.0907926656640257
2026-07-27T22:44:08.230+00:00,119.600000,107875.200000,1.217332,4095,2,02,80,FFFFFFFF,32,2.98555068,3.09884115,2.20749441,1.38102796,1.10802667,0.48077853,2.20782548,1.19706126,1.05319145,1.49848084,2.20770968,0.89373922,1.01347697,0.96199754,2.20787917,0.64053634,2.00077174,0.98449005,2.20760230,1.01219116,0.76930213,0.81291244,2.20793655,1.17846959,1.82306753,1.38096049,2.20795182,1.15919409,1.07968405,0.80954124,2.20783495,0.71343630,SD 02 80 FFFFFFFF 931B59 956E3C 7FED6A 6273A9 557D30 2DBDBC 7FEFDF 59F1E3 529FAC 67710B 7FEF03 49B776 507CD7 4DA3A3 7FF045 39866B 79A3CC 4EE522 7FEE37 506AE9 421A6A 44D7BE 7FF0B2 5908A5 73B83D 6272E7 7FF0CF 58141B 54051C 44A240 7FEFF1 3E796D 7CA7A1 000FFF 02 1075E0,2026-07-27T22:44:08.052+00:00,serial_request_midpoint,356.1647,True,matched,46.29805,46.29805,2026-07-27T22:44:08.098+00:00,74.147175,1785192248028.768,2227,False,,,,,,,,,,,,,,False,,,,,,,,,,,,,,True,0.6345111059994409,-22.13180392219635,-5.192144268229209,40.80433845078862,-0.11197475447521851,-0.965057516207716,-2.8239311869129926,38.151975452441604,11.145701320647543,-30.748971823729526,0.642446443443234,-0.24113342037628485,0.10717983244444965,False,,,,,,,,,,,,,,False,,,,,,,,,,,,,,False,,,,,,,,,,,,,,True,0.0401988865538506,10.155791369700138,9.397300404920113,76.44081486843017,0.20943172955504483,0.003150704540958423,-3.034956732301238,-2.842170943040401e-15,0.0,0.0,0.0,0.0,0.0,True,2,0.6345111059994515,-22.22841213510683,-2.0957447979033743,44.79729477553302,2.507691852210156,0.20179077771583484,-0.06812121700006044,37.39351178520887,8.074070651841655,-26.808091092485416,-0.1473258568084969,2.787725632069781,0.8857638372767528,True,-16.342296171597646,-25.17774353517442,71.21975279686191,30.25124367221103,31.751787777440178,-1.236133156997937
2026-07-27T22:44:08.786+00:00,120.200000,107875.800000,1.217332,4095,2,02,80,FFFFFFFF,32,2.97123705,3.08625444,2.20790707,1.37567293,1.10742372,0.48078986,2.20789602,1.19658858,1.05157077,1.49843930,2.20492909,0.89310177,1.01280901,0.96146006,2.20678874,0.64036037,1.99863144,0.98373913,2.20514569,1.01115738,0.76895480,0.81249081,2.20492121,1.17744861,1.82237714,1.37745582,2.20473092,1.15788487,1.07788213,0.80939567,2.20721548,0.71306870,SD 02 80 FFFFFFFF 92CE56 952D66 7FF07A 62376D 557541 2DBDF6 7FF065 59EBFD 52899E 67709B 7FDA5D 49ADE0 507387 4D9BE6 7FE82D 398348 79924E 4EDA79 7FDBF9 505C7C 4214BF 44D10F 7FDA4E 58FBC3 73B217 624B80 7FD8E4 580365 53ECFB 449FF0 7FEB58 3E7332 7CA7A1 000FFF 02 1075E6,2026-07-27T22:44:08.608+00:00,serial_request_midpoint,355.6573,True,matched,59.97615,59.97615,2026-07-27T22:44:08.668+00:00,74.717419,1785192248595.434,2244,False,,,,,,,,,,,,,,False,,,,,,,,,,,,,,True,0.7495604978486115,-21.948646800235323,-5.88104352671772,40.878989660989156,-0.10488707725749197,-0.966305312626413,-2.826512642425916,37.943448956755326,11.811939857862004,-30.870588349656526,0.6422263574259868,-0.23324432721071364,0.10335637589938619,False,,,,,,,,,,,,,,False,,,,,,,,,,,,,,False,,,,,,,,,,,,,,True,0.07043186785297798,10.157680291726344,9.403245476824775,76.48509499861001,0.20466663667138185,0.0013160447344041709,-3.035046004336681,0.0,0.0,-1.1368683772161604e-14,0.0,0.0,0.0,True,2,0.7495604978485993,-22.06395227257762,-2.7847271654410553,44.871514264066946,2.5077616300395413,0.19846101570622757,-0.06173109906034451,37.21509903557849,8.742820856287736,-26.922077489377603,-0.1423167303962574,2.7955866618507788,0.8876141390896868,True,-16.340814619287233,-25.873123947242846,71.32416903026618,30.31870921868697,32.4393768544495,-1.3001268210227863
2026-07-27T22:44:09.345+00:00,121.300000,107876.900000,1.216722,4095,2,02,80,FFFFFFFF,32,2.96062000,3.07677096,2.20722443,1.37121291,1.10681120,0.48074358,2.20741651,1.19615077,1.05020222,1.49840592,2.20751546,0.89253572,1.01224437,0.96096669,2.20771547,0.64020371,1.99685795,0.98304961,2.20770494,1.01024759,0.76863867,0.81216463,2.20722916,1.17671654,1.82179222,1.37470677,2.20758125,1.15675519,1.07624790,0.80927347,2.20783601,0.71274934,SD 02 80 FFFFFFFF 9294F0 94FC58 7FEB69 62051F 556D31 2DBD09 7FECD6 59E686 5276FA 677041 7FED92 49A55C 506BA7 4D94CB 7FEF0E 39807D 7983CC 4ED0AE 7FEEFA 504FC8 420F96 44CBE3 7FEB72 58F285 73ACE1 622C8A 7FEE0F 57F4F7 53D713 449DFF 7FEFF3 3E6DC8 7C97A1 000FFF 02 1075F1,2026-07-27T22:44:09.166+00:00,serial_request_midpoint,357.787,True,matched,74.0431,74.0431,2026-07-27T22:44:09.240+00:00,75.288632,1785192249162.096,2261,False,,,,,,,,,,,,,,False,,,,,,,,,,,,,,True,0.7760370947082248,-21.778626593171353,-6.342123679645109,41.08962292843291,-0.09986851286461676,-0.9485564094503186,-2.83381752862199,37.89881968082049,12.533523630472496,-30.331250516732336,0.637228405604865,-0.23392766104903992,0.10229664109499821,False,,,,,,,,,,,,,,False,,,,,,,,,,,,,,False,,,,,,,,,,,,,,True,0.007396675195690324,10.147430540626527,9.392444619578775,76.39606344613824,0.21085212215443339,0.013275713348548308,-3.0346584829826413,0.0,0.0,0.0,0.0,0.0,0.0,True,2,0.7760370947082129,-21.902943640977874,-3.297698075116476,45.12158786163865,2.5206901666740618,0.197506906279814,-0.057437188070701105,37.16324916716864,9.484659117882854,-26.36841259223894,-0.14068335077456992,2.797180021012341,0.8804330523026201,True,-16.26743039845135,-26.73061307598349,71.28856704891967,30.298627225143832,33.31598387782967,-0.8631927243145242
2026-07-27T22:44:09.900+00:00,121.900000,107877.500000,1.218553,4095,2,02,80,FFFFFFFF,32,2.95357833,3.07030656,2.20760757,1.36764887,1.10623806,0.48075647,2.20808553,1.19572245,1.04922727,1.49834064,2.20784022,0.89206538,1.01177286,0.96059032,2.20508944,0.64006240,1.99507928,0.98244724,2.20702446,1.00942637,0.76835873,0.81189122,2.20529343,1.17608683,1.82127934,1.37241115,2.20483762,1.15558167,1.07480037,0.80919897,2.20723443,0.71246990,SD 02 80 FFFFFFFF 926EBD 94DACE 7FEE41 61DCD5 5565A5 2DBD4B 7FF1CD 59E12D 5269B0 676F91 7FEFFB 499E48 506513 4D8F5F 7FDB8E 397DF8 79753C 4EC81F 7FE9ED 50444F 420B04 44C78D 7FDD12 58EA91 73A84F 6212A6 7FD9AF 57E5F7 53C3A7 449CD0 7FEB7C 3E690B 7CC7A1 000FFF 02 1075F7,2026-07-27T22:44:09.723+00:00,serial_request_midpoint,354.957,True,matched,92.2527,92.2527,2026-07-27T22:44:09.815+00:00,75.86373,1785192249762.089,2279,False,,,,,,,,,,,,,,False,,,,,,,,,,,,,,True,0.8562285332066223,-21.222899978129078,-7.237957104984008,41.146346822464906,-0.07312132588744459,-0.94037247201527,-2.834334023186382,37.46189326573696,13.523264953569463,-30.30645990256853,0.6328622834045764,-0.2164509744997599,0.10596597898628954,False,,,,,,,,,,,,,,False,,,,,,,,,,,,,,False,,,,,,,,,,,,,,True,0.0436975182937504,10.152838493013896,9.395645199379477,76.41162668318084,0.21260590027451476,0.013819440184788048,-3.035407177202686,-2.842170943040401e-15,0.0,0.0,0.0,0.0,0.0,True,2,0.8562285332065924,-21.43459604420191,-4.222013716772974,45.19603736506945,2.526109293387617,0.20181726653436072,-0.033936553920218285,36.81093855717521,10.492464815825045,-26.31506519287181,-0.14708118566891654,2.815304084611235,0.8786919404747258,True,-16.018381625095305,-27.786063640124166,71.29146775638938,30.13518264067565,34.420574028260646,-0.8503604588046187
2026-07-27T22:44:10.459+00:00,123.100000,107878.700000,1.217332,4095,2,02,80,FFFFFFFF,32,2.94803140,3.06505620,2.20726284,1.36467873,1.10574251,0.48076057,2.20752230,1.19534272,1.04831189,1.49828686,2.20516620,0.89163825,1.01134292,0.96022272,2.20490596,0.63994344,1.99374149,0.98188330,2.20446653,1.00873801,0.76811113,0.81162378,2.20439032,1.17558069,1.82078850,1.37043826,2.20666247,1.15456070,1.07349688,0.80910826,2.20726705,0.71219650,SD 02 80 FFFFFFFF 925093 94BF81 7FEBB2 61BB32 555F1E 2DBD60 7FED9F 59DC6F 525D34 676F00 7FDC20 4997DA 505F13 4D8A13 7FDA31 397BD9 796A46 4EC01B 7FD6ED 503AB0 4206F9 44C34F 7FD65C 58E42C 73A3EF 61FC5F 7FE73D 57D8E8 53B226 449B5F 7FEBBA 3E6468 7CA7A2 000FFF 02 107603,2026-07-27T22:44:10.280+00:00,serial_request_midpoint,358.2191,True,matched,27.17885,27.17885,2026-07-27T22:44:10.307+00:00,76.355932,1785192250228.752,2293,False,,,,,,,,,,,,,,False,,,,,,,,,,,,,,True,0.7950827466624253,-21.12315240413043,-7.899129284738246,41.25114649736331,-0.07369529371633689,-0.9391752471867183,-2.8332650753682227,37.3768205668189,13.741944832557351,-30.473795773387685,0.6195240767667615,-0.21463220914919406,0.1062543620763153,False,,,,,,,,,,,,,,False,,,,,,,,,,,,,,False,,,,,,,,,,,,,,True,0.019080864641815826,10.150047486495591,9.395471207733717,76.42789669845642,0.21044665443450686,-0.005645315348335901,-3.0346787887992184,0.0,0.0,0.0,0.0,0.0,0.0,True,2,0.7950827466624049,-21.334874281349965,-4.88559615428755,45.30262958253142,2.526541895690548,0.20365134770021678,-0.03450627453203144,36.72861161270549,10.765261619854783,-26.441438463569703,-0.1474657954581069,2.822673558990012,0.8602444594699221,True,-15.869204297209432,-28.457313494953972,71.38081793924707,30.101145434864726,35.03658741481904,-1.290876820766823
2026-07-27T22:44:11.014+00:00,123.600000,107879.200000,1.218553,4095,2,02,80,FFFFFFFF,32,2.94420393,3.06147957,2.20765230,1.36237322,1.10529542,0.48073245,2.20748493,1.19493274,1.04767320,1.49823346,2.20762178,0.89129502,1.01098109,0.95993244,2.20502004,0.63984662,1.99241409,0.98143685,2.20670561,1.00821334,0.76789897,0.81146151,2.20764915,1.17525427,1.82043973,1.36904475,2.20752862,1.15372191,1.07244925,0.80904213,2.20775810,0.71204266,SD 02 80 FFFFFFFF 923BB9 94ACE0 7FEE96 61A10C 55593A 2DBCD0 7FED58 59D750 52547D 676E70 7FEE5C 4992AF 505A06 4D85E4 7FDB0A 397A1F 795F64 4EB9C2 7FE78F 50335A 420382 44C0BC 7FEE90 58E00C 73A0D3 61EC9F 7FEDAB 57CE2C 53A412 449A52 7FEF5F 3E61CC 7CC7A2 000FFF 02 107608,2026-07-27T22:44:10.837+00:00,serial_request_midpoint,354.5538,True,matched,36.8445,36.8445,2026-07-27T22:44:10.873+00:00,76.922307,1785192250795.413,2310,False,,,,,,,,,,,,,,False,,,,,,,,,,,,,,True,0.8177662247477498,-21.138229579770293,-8.298773436949414,41.37815974875086,-0.08423481245822753,-0.9290526506766916,-2.836333693822936,37.325176282081834,14.385332107175964,-30.346615949316316,0.6199849909658124,-0.2190832797383165,0.10417282108690629,False,,,,,,,,,,,,,,False,,,,,,,,,,,,,,False,,,,,,,,,,,,,,True,0.03364059133920752,10.153876416315143,9.397063395398257,76.43076485921607,0.20537909344036512,0.0058917570469835985,-3.034764678106454,0.0,0.0,0.0,0.0,0.0,0.0,True,2,0.8177662247477621,-21.313334065676123,-5.311105769061429,45.45049367302912,2.5334943924497484,0.2037026949725539,-0.04393595123977087,36.653262738560116,11.406828265327704,-26.319486659154098,-0.14415354910940748,2.8184256878613336,0.8598273262915735,True,-15.722975835457081,-29.06556017801093,71.33572315478396,30.01476026199665,35.67482081675515,-1.1686191368464165
2026-07-27T22:44:11.573+00:00,124.800000,107880.400000,1.219773,4095,2,02,80,FFFFFFFF,32,2.94246488,3.05932048,2.20735283,1.36072461,1.10490832,0.48074866,2.20756283,1.19464072,1.04731690,1.49817263,2.20534601,0.89107532,1.01075669,0.95975873,2.20499008,0.63975550,1.99142980,0.98105149,2.20742230,1.00781311,0.76776935,0.81134850,2.20790760,1.17513281,1.82029296,1.36826586,2.20788075,1.15308943,1.07170696,0.80898166,2.20797656,0.71192108,SD 02 80 FFFFFFFF 92323D 94A19E 7FEC5D 618E54 555420 2DBD23 7FEDEC 59D3AA 524FA0 676DCC 7FDD76 498F60 5056E4 4D8363 7FDAD1 39787F 795751 4EB447 7FECE1 502DC1 420164 44BEF1 7FF07B 58DE83 739F84 61E3D0 7FF048 57C613 539A17 44995C 7FF0FE 3E5FBC 7CE7A0 000FFF 02 107614,2026-07-27T22:44:11.394+00:00,serial_request_midpoint,358.942,True,matched,47.8448,47.8448,2026-07-27T22:44:11.442+00:00,77.490758,1785192251362.067,2327,False,,,,,,,,,,,,,,False,,,,,,,,,,,,,,True,0.8733867833378467,-20.740843051860942,-9.002215848517892,41.38849733402194,-0.075344164289371,-0.9297221166919116,-2.836686474369833,37.11719183844186,15.248446816070487,-30.1544887586772,0.6228291706764618,-0.21742207816165057,0.10672691924442596,False,,,,,,,,,,,,,,False,,,,,,,,,,,,,,False,,,,,,,,,,,,,,True,0.060314668584719254,10.148032514208158,9.394178150783864,76.41626213079093,0.2127008761588185,0.0097750022944076,-3.035705016827482,0.0,0.0,0.0,0.0,0.0,0.0,True,2,0.8733867833378576,-20.944039135881425,-6.015264754201161,45.460052043749556,2.5332600477790166,0.2034015820941471,-0.03602000168468098,36.458275528344885,12.257941039091632,-26.134112192128914,-0.14800684788186858,2.8185963557508407,0.8642097688724082,True,-15.465649731276207,-29.763763978446708,71.37466855373609,29.764079172349454,36.442826614189656,-0.9180387547568329
2026-07-27T22:44:12.129+00:00,126.000000,107881.600000,1.219163,4095,2,02,80,FFFFFFFF,32,2.94209043,3.05866831,2.20551375,1.35985551,1.10464932,0.48073967,2.20472776,1.19445378,1.04717325,1.49816485,2.20476719,0.89093709,1.01061877,0.95965766,2.20714602,0.63971192,1.99082431,0.98080818,2.20505369,1.00758553,0.76766364,0.81128350,2.20730652,1.17511179,1.82014402,1.36771066,2.20516620,1.15264291,1.07110697,0.80893569,2.20733442,0.71184509,SD 02 80 FFFFFFFF 923032 949E37 7FDEB5 618474 5550B6 2DBCF5 7FD8DE 59D154 524DAA 676DB7 7FD929 498D4B 5054F7 4D81EE 7FEAD4 3977B8 795259 4EB0D1 7FDB4A 502A92 41FFAA 44BDE9 7FEC05 58DE3F 739E30 61DD88 7FDC20 57C05B 539205 4498A1 7FEC3A 3E5E72 7CD7A2 000FFF 02 107620,2026-07-27T22:44:11.951+00:00,serial_request_midpoint,355.9346,True,matched,59.368,59.368,2026-07-27T22:44:12.010+00:00,78.059885,1785192251928.718,2344,False,,,,,,,,,,,,,,False,,,,,,,,,,,,,,True,0.7607580695678468,-20.41983145846026,-9.652580453505497,41.33700282263905,-0.0815818405235135,-0.9364414185265026,-2.841087703682742,36.87536998371701,15.54199768414876,-30.446419626762207,0.61657427153343,-0.22060648773887917,0.09879291474096846,False,,,,,,,,,,,,,,False,,,,,,,,,,,,,,False,,,,,,,,,,,,,,True,0.047139378618032086,10.151671012920938,9.395963152168514,76.42072119290394,0.21140603572711136,-0.005457206488397433,-3.0340741409583982,0.0,0.0,-1.1368683772161604e-14,0.0,0.0,0.0,True,2,0.7607580695678373,-20.594875243878477,-6.648783902432008,45.39745711931671,2.5302957274140967,0.19467121770957152,-0.04124940109719069,36.186511417785894,12.57857783030667,-26.411033673912033,-0.13620006116181357,2.8188281696302173,0.854755281434329,True,-15.245540077726597,-30.337471314968504,71.39364946903314,29.69286435491482,36.954158862507725,-1.3264784277528066
2026-07-27T22:44:12.686+00:00,126.500000,107882.100000,1.216111,4095,2,02,80,FFFFFFFF,32,2.94262097,3.05898053,2.20731915,1.35939156,1.10445998,0.48073850,2.20743283,1.19435031,1.04713377,1.49813963,2.20749704,0.89086655,1.01053065,0.95960130,2.20799235,0.63968585,1.99030416,0.98069039,2.20543119,1.00751824,0.76759262,0.81129163,2.20462369,1.17537049,1.82010503,1.36798548,2.20693396,1.15255813,1.07098126,0.80895634,2.20715339,0.71193305,SD 02 80 FFFFFFFF 923317 949FD8 7FEC1D 617F2E 554E37 2DBCEF 7FECF5 59D009 524D20 676D73 7FED6F 498C3B 5053BC 4D811E 7FF11C 397741 794E14 4EAF24 7FDE18 5029A1 41FE81 44BE0A 7FD818 58E184 739DD7 61E0A4 7FE941 57BF45 539054 4498F5 7FEAE2 3E5FF0 7C87A2 000FFF 02 107625,2026-07-27T22:44:12.508+00:00,serial_request_midpoint,357.024,True,matched,73.1724,73.1724,2026-07-27T22:44:12.581+00:00,78.630411,1785192252528.706,2362,False,,,,,,,,,,,,,,False,,,,,,,,,,,,,,True,0.7976104850388037,-20.167590614205803,-9.916582148038959,41.53349762873928,-0.08663961538594532,-0.9250904838858569,-2.858916471939575,36.486791460759875,16.12194820794348,-30.383278532490976,0.6148096262680788,-0.21922775896597624,0.08335304198612438,False,,,,,,,,,,,,,,False,,,,,,,,,,,,,,False,,,,,,,,,,,,,,True,0.047014239828873795,10.15893551929032,9.399605864824874,76.48394072792748,0.20427330646803546,0.006078859249160792,-3.0354940227700493,0.0,-1.4210854715202005e-15,0.0,0.0,0.0,0.0,True,2,0.7976104850387914,-20.302257815709503,-6.952235441044908,45.6243699638802,2.5419551430104117,0.1768882337397656,-0.04526215374246894,35.779813669783366,13.16979964543501,-26.34276812107093,-0.11382026548092834,2.8219627149224675,0.8530099086184233,True,-15.311748717447694,-30.979816058265886,71.3797869349809,29.779819375799,37.64247245808404,-1.229829849945986
2026-07-27T22:44:13.242+00:00,127.600000,107883.200000,1.218553,4095,2,02,80,FFFFFFFF,32,2.94742586,3.06288294,2.20781443,1.36066065,1.10440961,0.48069867,2.20789286,1.19442408,1.04777940,1.49818821,2.20769336,0.89104835,1.01069766,0.95977770,2.20738441,0.63971564,1.99048736,0.98081944,2.20744388,1.00787176,0.76773252,0.81150558,2.20537598,1.17614744,1.82040950,1.36968400,2.20496221,1.15309401,1.07165322,0.80901337,2.20725600,0.71220985,SD 02 80 FFFFFFFF 924D47 94B430 7FEFCA 618D9A 554D8D 2DBC23 7FF05F 59D0F5 5255F0 676DF6 7FEEE4 498EF8 505611 4D83A9 7FEC99 3977C9 794F95 4EB0FA 7FED0A 502E93 4200CA 44C16F 7FDDAF 58EB55 73A08E 61F3D9 7FDA9C 57C622 53995E 4499DD 7FEBA5 3E64A2 7CC7A0 000FFF 02 107630,2026-07-27T22:44:13.065+00:00,serial_request_midpoint,355.413,True,matched,86.5579,86.5579,2026-07-27T22:44:13.151+00:00,79.200262,1785192253095.363,2379,False,,,,,,,,,,,,,,False,,,,,,,,,,,,,,True,0.7991137268682604,-20.074175239726944,-9.505610488670452,41.80056376648527,-0.07843159045374108,-0.904927386429812,-2.8655308614474384,36.354048765706786,15.565496481148575,-30.154867900380424,0.5970961513720174,-0.2139616772114905,0.08157678260330385,False,,,,,,,,,,,,,,False,,,,,,,,,,,,,,False,,,,,,,,,,,,,,True,0.059461046735900414,10.157132409631746,9.402331774837275,76.46719552705747,0.20547813004416585,0.0002512879861639514,-3.0344002278763473,2.842170943040401e-15,0.0,-1.1368683772161604e-14,0.0,0.0,0.0,True,2,0.7991137268682624,-20.229895944448096,-6.600701874950476,45.933115053786665,2.556130595772363,0.1774407195317457,-0.03815023924683216,35.66179361637524,12.68688262062424,-26.059127651739043,-0.11128806795296946,2.8343652765892964,0.8291833090659867,True,-15.325838296433494,-30.99208895631805,71.3610872412025,29.842484037022967,37.61327310382552,-1.3532172610900033
2026-07-27T22:44:13.799+00:00,128.200000,107883.800000,1.217332,4095,2,02,80,FFFFFFFF,32,2.95669175,3.07083751,2.20518617,1.36394308,1.10469080,0.48072327,2.20759020,1.19481643,1.04908432,1.49818895,2.20753704,0.89148621,1.01112044,0.96018423,2.20533602,0.63982713,1.99139314,0.98127204,2.20491595,1.00860669,0.76799249,0.81183852,2.20689081,1.17717041,1.82093968,1.37210174,2.20511204,1.15401184,1.07294886,0.80908392,2.20499691,0.71251136,SD 02 80 FFFFFFFF 927FA4 94DD90 7FDC46 61B2DB 555142 2DBCA1 7FEE20 59D5DC 5267BD 676DF8 7FEDBB 499590 505BF8 4D8985 7FDD63 3979C6 795704 4EB76A 7FDA44 5038DA 420509 44C6B7 7FE8EF 58F840 73A548 620F28 7FDBB9 57D1E2 53AAC9 449AFC 7FDADE 3E69BF 7CA7A0 000FFF 02 107636,2026-07-27T22:44:13.621+00:00,serial_request_midpoint,356.4918,True,matched,27.6665,27.6665,2026-07-27T22:44:13.649+00:00,79.697811,1785192253595.357,2394,False,,,,,,,,,,,,,,False,,,,,,,,,,,,,,True,0.8391377620540265,-20.151910855558665,-9.80290691573467,41.816624009166006,-0.08549956953097088,-0.9040440200140831,-2.867101769385145,36.52161002531766,16.012312131019115,-29.879419404171028,0.6004565648888546,-0.22181585018124467,0.08163755643565165,False,,,,,,,,,,,,,,False,,,,,,,,,,,,,,False,,,,,,,,,,,,,,True,0.03954639599704495,10.146183656107585,9.390794599695422,76.40895167949826,0.21026153534315206,0.007194064642086924,-3.0348326759890134,0.0,0.0,0.0,0.0,0.0,0.0,True,2,0.8391377620540389,-20.28272977107148,-6.8997371766728435,45.95126003301436,2.5570091778976325,0.17546907359828048,-0.04437165816309302,35.79411209352311,13.119444199544592,-25.79986243527775,-0.11099010747317176,2.825514968747982,0.832039147574758,True,-15.34353819380085,-31.31801012554032,71.34660699834984,29.838286107811967,37.96247816377444,-1.0425783553913335
2026-07-27T22:44:14.356+00:00,129.400000,107885.000000,1.217943,4095,2,02,80,FFFFFFFF,32,2.96518836,3.07874898,2.20684925,1.36748110,1.10513713,0.48073909,2.20781337,1.19525921,1.05029826,1.49822678,2.20738283,0.89193717,1.01159511,0.96057080,2.20790391,0.63997214,1.99260748,0.98179730,2.20789075,1.00940848,0.76823361,0.81210280,2.20514885,1.17779619,1.82137708,1.37450196,2.20674455,1.15504317,1.07431301,0.80920881,2.20744914,0.71278827,SD 02 80 FFFFFFFF 92ADAA 950697 7FE8A0 61DAEF 555724 2DBCF2 7FEFC8 59DB64 527849 676E5E 7FEC96 499C5A 506298 4D8F17 7FF074 397C5C 7960FA 4EBEE2 7FF05B 50440F 4208F9 44CAE8 7FDBFF 590026 73A92E 622A3B 7FE7D9 57DF14 53BD1C 449CF8 7FED14 3E6E71 7CB7A2 000FFF 02 107642,2026-07-27T22:44:14.178+00:00,serial_request_midpoint,356.4628,True,matched,50.9124,50.9124,2026-07-27T22:44:14.228+00:00,80.277896,1785192254162.022,2411,False,,,,,,,,,,,,,,False,,,,,,,,,,,,,,True,0.7587692508404845,-20.456345417762563,-9.703161141289334,41.86253349998605,-0.11239294515712686,-0.872768404054108,-2.8791034364674233,36.72066088066225,15.872344878270642,-29.984467735136366,0.5766532981436369,-0.23572574071531727,0.07628417292872959,False,,,,,,,,,,,,,,False,,,,,,,,,,,,,,False,,,,,,,,,,,,,,True,0.049310523634517746,10.1548150658575,9.399682202105632,76.46664890336783,0.20560744567731096,0.005148722020425989,-3.035729634031356,2.842170943040401e-15,0.0,0.0,0.0,0.0,0.0,True,2,0.7587692508404728,-20.48879607510657,-6.885990189868039,46.05815240752449,2.5789436936087773,0.17150829397119624,-0.06847818862303152,35.910707873695564,13.079616055623637,-25.851023035899374,-0.10214590952787009,2.822005660140082,0.7950554184405725,True,-15.347027970654347,-31.873862823311082,70.85209837719648,29.957760532614135,38.53487628046694,-1.7229593014848092
2026-07-27T22:44:14.913+00:00,129.900000,107885.500000,1.217943,4095,2,02,80,FFFFFFFF,32,2.97280867,3.08557063,2.20746546,1.37052678,1.10559426,0.48075959,2.20765336,1.19566896,1.05130167,1.49823420,2.20744283,0.89232467,1.01194252,0.96094418,2.20500585,0.64008365,1.99370766,0.98234554,2.20481187,1.01003113,0.76845156,0.81236319,2.20486023,1.17827698,1.82168218,1.37638150,2.20433303,1.15600423,1.07544334,0.80928428,2.20721653,0.71295394,SD 02 80 FFFFFFFF 92D6D0 9529DE 7FED33 61FD5F 555D2A 2DBD5B 7FEE98 59E082 5285F4 676E72 7FED08 49A22F 506771 4D9478 7FDAEF 397E59 7969FF 4EC6AD 7FD97E 504CC2 420C88 44CF09 7FD9DA 590637 73ABE6 623F68 7FD5EF 57EB5E 53CC48 449E2B 7FEB5A 3E7140 7CB7A2 000FFF 02 107647,2026-07-27T22:44:14.735+00:00,serial_request_midpoint,355.5748,True,matched,65.4255,65.4255,2026-07-27T22:44:14.800+00:00,80.849156,1785192254728.688,2428,False,,,,,,,,,,,,,,False,,,,,,,,,,,,,,True,0.771087789478019,-20.375173466113626,-9.962544893713567,41.944695586392996,-0.08855663018351255,-0.8680370299601738,-2.877239186408189,36.706326206553214,15.947828076605367,-29.956550917792022,0.568784160871042,-0.22079115801136245,0.0804018089390413,False,,,,,,,,,,,,,,False,,,,,,,,,,,,,,False,,,,,,,,,,,,,,True,0.03977459167901844,10.157526612283341,9.39967284832309,76.46919843387427,0.20794810472791664,-0.0033138761158155922,-3.035324183711906,0.0,0.0,0.0,0.0,0.0,0.0,True,2,0.77108778947801,-20.488281148934323,-7.161993407419935,46.150030436790516,2.5817354855355577,0.17718831212132483,-0.04744189064812475,35.969176466863495,13.187454475819658,-25.78789753514875,-0.10881342247937026,2.839084628656972,0.787227217156232,True,-15.483334264631807,-32.20305373144386,70.9182988313726,30.145287732962988,38.82027625235348,-1.8168299218832202
2026-07-27T22:44:15.470+00:00,131.100000,107886.700000,1.214891,4095,2,02,80,FFFFFFFF,32,2.97543039,3.08845004,2.20753441,1.37201280,1.10598597,0.48077736,2.20794655,1.19596428,1.05169758,1.49827129,2.20734284,0.89258219,1.01213544,0.96104534,2.20788444,0.64016515,1.99449562,0.98265946,2.20774389,1.01032087,0.76856688,0.81241049,2.20775284,1.17839620,1.82191629,1.37731039,2.20521457,1.15659898,1.07615092,0.80931084,2.20730863,0.71310903,SD 02 80 FFFFFFFF 92E4F1 9538BB 7FEDB6 620E27 556253 2DBDB6 7FF0C5 59E432 528B58 676ED6 7FEC4A 49A60F 506A22 4D95ED 7FF04F 397FCD 797074 4ECB23 7FEF44 5050CE 420E6A 44CFC9 7FEF55 5907B8 73ADFC 6249DD 7FDC7C 57F2F8 53D5C6 449E97 7FEC09 3E73E1 7C67A1 000FFF 02 107653,2026-07-27T22:44:15.291+00:00,serial_request_midpoint,357.0746,True,matched,78.1734,78.1734,2026-07-27T22:44:15.370+00:00,81.418608,1785192255295.371,2445,False,,,,,,,,,,,,,,False,,,,,,,,,,,,,,True,0.7527717564814022,-20.43354427164441,-10.451326367479647,42.22785818978584,-0.10112533048881665,-0.878584521788684,-2.881684055282961,36.73681588031874,16.591127349000118,-29.590405928792297,0.57975843719501,-0.22875108320711804,0.07292994190870526,False,,,,,,,,,,,,,,False,,,,,,,,,,,,,,False,,,,,,,,,,,,,,True,0.011193688206081475,10.154112286863269,9.395376540545596,76.44707677679115,0.20653550142103155,0.00402307786045235,-3.0356566443270268,-2.842170943040401e-15,0.0,0.0,0.0,0.0,0.0,True,2,0.752771756481407,-20.498003929257926,-7.622247196145496,46.41508629659288,2.576170458189395,0.16653523330634531,-0.05820117135213808,35.955832342929426,13.786572825967164,-25.459393720479,-0.09768152301904102,2.827667012502176,0.8011838190914984,True,-15.59808905572603,-32.54614707286485,71.32214079726715,30.207548336241054,39.17361172061866,-1.2101297755248992
2026-07-27T22:44:16.027+00:00,131.600000,107887.200000,1.218553,4095,2,02,80,FFFFFFFF,32,2.97905311,3.09156682,2.20490018,1.37345573,1.10622857,0.48077326,2.20521825,1.19620459,1.05223480,1.49829020,2.20466626,0.89277977,1.01233146,0.96122569,2.20713865,0.64021445,1.99531727,0.98296079,2.20753704,1.01076593,0.76873367,0.81257779,2.20538965,1.17884278,1.82225918,1.37899450,2.20722916,1.15750924,1.07714845,0.80942640,2.20760862,0.71333558,SD 02 80 FFFFFFFF 92F871 9548CD 7FDA26 621E6F 556585 2DBDA1 7FDC83 59E732 5292A8 676F09 7FD869 49A908 506CDE 4D9886 7FEAC6 3980AE 79772F 4ECF6B 7FEDBB 505705 421123 44D270 7FDDC9 590D5A 73B10A 625CCF 7FEB72 57FE99 53E326 44A06D 7FEE43 3E77B8 7CC7A1 000FFF 02 107658,2026-07-27T22:44:15.849+00:00,serial_request_midpoint,356.725,True,matched,85.5282,85.5282,2026-07-27T22:44:15.934+00:00,81.983177,1785192255862.055,2462,False,,,,,,,,,,,,,,False,,,,,,,,,,,,,,True,0.756646585018578,-19.977501413564426,-11.09102525618501,42.089307427734155,-0.06310173366117301,-0.8787328947716921,-2.8774546565710546,36.33073180571333,17.098914155254096,-30.070731303415407,0.576865911203903,-0.2006144033414336,0.0763773497984266,True,0.4864336962477846,-14.832408982971032,-7.3870664018462,45.961458942916025,-1.5623795260519586,-0.9530262086390012,1.7336222397711711,30.375056855321056,13.958944621397475,-26.93140464277115,-0.6962647779283978,1.2642060047017543,-0.8130531726348632,False,,,,,,,,,,,,,,False,,,,,,,,,,,,,,True,0.06900958180923686,10.165527963029287,9.40936111328173,76.55197938819039,0.20235794503498905,-0.0032552130357658272,-3.0348998356856782,0.0,0.0,0.0,0.0,0.0,0.0,True,2;3,0.7938153729721575,-19.99896151428472,-8.171422127818435,45.99683082673995,2.5727886837366514,0.17100562377049197,-0.03213731550872616,35.54372618250779,14.226021234756681,-26.208039173143135,-0.1013512418691106,2.8489787590145004,0.8059034110874305,True,-15.326101305897506,-32.997788820015344,71.044529504854,30.09636073341263,39.61265378638587,-1.8889846667542316
2026-07-27T22:44:16.586+00:00,132.800000,107888.400000,1.219774,4095,2,02,80,FFFFFFFF,32,2.98404554,3.09620102,2.20753230,1.37571212,1.10652906,0.48076545,2.20563469,1.19656198,1.05278512,1.49830949,2.20745757,0.89307295,1.01258968,0.96145300,2.20772494,0.64030165,1.99629623,0.98330756,2.20775494,1.01124077,0.76891483,0.81276408,2.20746546,1.17925230,1.82268020,1.38086033,2.20769915,1.15864769,1.07834402,0.80951468,2.20790865,0.71364169,SD 02 80 FFFFFFFF 931345 9560A9 7FEDB2 6237DE 55697A 2DBD79 7FDF9B 59EBA8 529A25 676F3D 7FED24 49AD71 507078 4D9BCC 7FEF20 39823C 797F33 4ED458 7FEF59 505DA6 421418 44D564 7FED33 591284 73B4CA 6271C7 7FEEEF 580D22 53F32B 44A1D4 7FF07D 3E7CE8 7CE7A2 000FFF 02 107664,2026-07-27T22:44:16.407+00:00,serial_request_midpoint,358.8585,True,matched,35.73305,35.73305,2026-07-27T22:44:16.442+00:00,82.491527,1785192256362.051,2477,False,,,,,,,,,,,,,,False,,,,,,,,,,,,,,True,0.8031432894361107,-19.979437489585457,-11.616402757119019,41.96120955729502,-0.07424287071711762,-0.8837365162851886,-2.8775883159855553,36.55678317929427,17.43094312249057,-29.964636487275506,0.5752895804796786,-0.21358864581778453,0.07551917604472143,False,,,,,,,,,,,,,,False,,,,,,,,,,,,,,False,,,,,,,,,,,,,,True,0.02222430888563922,10.152987440887015,9.39236358289241,76.43996126109427,0.21074534519624766,-0.009412143375305014,-3.033294337962311,0.0,-1.4210854715202005e-15,0.0,0.0,0.0,0.0,True,2,0.8031432894361131,-20.135582779420467,-8.776487919074796,46.13867595627686,2.5722742079573595,0.17106698249048846,-0.03437636812287798,35.848937397514646,14.644832454731679,-25.80804354957754,-0.10217015497773506,2.8437610163800917,0.7983197360398882,True,-15.432552109683616,-33.58984736274782,71.19361579597208,30.272608501116338,40.131637049450816,-1.6233652940797696
2026-07-27T22:44:17.141+00:00,134.000000,107889.600000,1.218553,4095,2,02,80,FFFFFFFF,32,2.99306829,3.10416511,2.20741967,1.37894830,1.10700764,0.48077599,2.20814870,1.19701993,1.05393602,1.49834769,2.20808184,0.89349761,1.01302920,0.96183283,2.20781706,0.64040617,1.99769485,0.98386073,2.20729863,1.01206040,0.76920254,0.81308792,2.20782811,1.18007814,1.82328557,1.38403300,2.20767231,1.16026014,1.08017856,0.80967723,2.20811185,0.71403804,SD 02 80 FFFFFFFF 9343A0 958991 7FECDC 625C4A 556FC7 2DBDAF 7FF245 59F15F 52A9CC 676FA4 7FF1C6 49B3D4 507699 4DA144 7FEFCF 398419 798AA5 4EDC33 7FEBF6 506916 4218CA 44DA86 7FEFE4 591CED 73BA2E 629562 7FEEBC 5821B4 540BBA 44A469 7FF1FF 3E839F 7CC7A1 000FFF 02 107670,2026-07-27T22:44:16.964+00:00,serial_request_midpoint,355.0324,True,matched,61.6919,61.6919,2026-07-27T22:44:17.025+00:00,83.074862,1785192256962.054,2495,False,,,,,,,,,,,,,,False,,,,,,,,,,,,,,True,0.8945761495109278,-19.898931974431157,-12.113653622952146,42.10962804680919,-0.06884685888780069,-0.874805849758023,-2.876494268744539,36.43785448831236,18.288001575275352,-29.666532090354035,0.5788140360910285,-0.20899426848354075,0.08008799144769048,False,,,,,,,,,,,,,,False,,,,,,,,,,,,,,False,,,,,,,,,,,,,,True,0.05615824162349635,10.145987438251224,9.393458012901352,76.41732884655765,0.20932731950647307,0.00427126949549496,-3.035148556152486,2.842170943040401e-15,0.0,0.0,0.0,0.0,0.0,True,2,0.8945761495109101,-20.075698114879728,-9.29858515390961,46.30305939237128,2.5775499071647725,0.1763481534512727,-0.029773418136681978,35.75954993743118,15.4861541027153,-25.515595222547933,-0.10913699643385404,2.846494013551043,0.8043274107981251,True,-15.311650763493285,-34.23502659071091,71.22391523712258,30.107445496400715,40.871823672924236,-1.2423010375387549
2026-07-27T22:44:17.698+00:00,134.500000,107890.100000,1.219163,4095,2,02,80,FFFFFFFF,32,3.00506289,3.11484512,2.20526504,1.38339941,1.10766565,0.48077795,2.20713497,1.19765119,1.05515760,1.49844338,2.20517829,0.89400919,1.01356469,0.96226839,2.20490018,0.64057031,1.99970323,0.98465519,2.20707498,1.01295664,0.76955088,0.81339359,2.20486759,1.18068019,1.82399864,1.38698480,2.20706025,1.16189469,1.08202831,0.80984914,2.20544539,0.71439205,SD 02 80 FFFFFFFF 9383A6 95C03B 7FDCDC 628E47 557870 2DBDB9 7FEABF 59F93F 52BA66 6770A6 7FDC37 49BB85 507E10 4DA789 7FDA26 398706 799B11 4EE77A 7FEA4D 507596 421E79 44DF5E 7FD9E8 592483 73C087 62B674 7FEA31 583689 542476 44A724 7FDE33 3E899E 7CD7A1 000FFF 02 107675,2026-07-27T22:44:17.520+00:00,serial_request_midpoint,356.2523,True,matched,11.11305,11.11305,2026-07-27T22:44:17.531+00:00,83.580098,1785192257462.081,2510,False,,,,,,,,,,,,,,False,,,,,,,,,,,,,,True,0.8872065106838191,-19.772508257738153,-12.778838630132269,42.101318239637195,-0.05261518937224923,-0.8745144462279245,-2.8711532854737345,36.43397269413849,18.926189399937606,-29.65247337516352,0.5791906730340589,-0.19960735025396192,0.0856334561307585,False,,,,,,,,,,,,,,False,,,,,,,,,,,,,,False,,,,,,,,,,,,,,True,0.0622960298214613,10.148085373136222,9.3895294644515,76.42661097755048,0.2113875286572371,0.003723438161019394,-3.0344722818064263,0.0,0.0,0.0,0.0,0.0,0.0,True,2,0.8872065106837947,-20.00927997819418,-9.96550425546063,46.292954203723625,2.5764632343553844,0.18394710339353462,-0.015489196320445348,35.80799560923898,16.12208768394226,-25.494843105133224,-0.11778088430691905,2.8549521494231094,0.8069575055565454,True,-15.2518375889294,-34.86187552303668,71.25510063290693,30.134005183266897,41.480051570047884,-1.1977071642638066
2026-07-27T22:44:18.254+00:00,135.700000,107891.300000,1.219163,4095,2,02,80,FFFFFFFF,32,3.01313445,3.12232922,2.20704972,1.38676462,1.10828056,0.48079669,2.20751230,1.19824572,1.05594364,1.49847083,2.20778863,0.89441851,1.01393439,0.96256995,2.20559578,0.64069129,2.00159345,0.98525839,2.20471147,1.01362186,0.76977333,0.81355804,2.20723758,1.18081725,1.82457192,1.38883170,2.20517251,1.16330370,1.08329295,0.80992318,2.20505158,0.71456758,SD 02 80 FFFFFFFF 93AE91 95E668 7FEA1D 62B3FD 558087 2DBE19 7FED8C 5A00A9 52C513 6770F0 7FEF99 49C1AC 508337 4DABE0 7FDF51 39892E 79AA82 4EF009 7FD8BF 507EDC 42221A 44E1F9 7FEB82 59263D 73C5A1 62CB1E 7FDC2C 58487A 54355B 44A851 7FDB46 3E8C97 7CD7A2 000FFF 02 107681,2026-07-27T22:44:18.076+00:00,serial_request_midpoint,356.0535,True,matched,51.77465,51.77465,2026-07-27T22:44:18.128+00:00,84.177098,1785192258062.133,2528,False,,,,,,,,,,,,,,False,,,,,,,,,,,,,,True,0.8306732200318393,-19.997489665422062,-13.838471364322128,42.22654525029476,-0.07463779636277913,-0.8759016879862643,-2.865042757299573,36.66527000461502,19.881845017368516,-29.734110104391696,0.577563803954356,-0.21104916304761223,0.08971336521494416,False,,,,,,,,,,,,,,False,,,,,,,,,,,,,,False,,,,,,,,,,,,,,True,0.0492859860612746,10.158773466418927,9.405843319400384,76.49093957316762,0.20611441323894145,-0.0005818194070619833,-3.0346417121904414,0.0,0.0,0.0,0.0,0.0,0.0,True,2,0.8306732200318213,-20.171477077349397,-11.012673417123393,46.41287031877515,2.5739163193177688,0.19026371525055122,-0.03534114221972072,35.990805120162705,17.08273821505216,-25.58069928125416,-0.1230615038340133,2.844379776818452,0.8018057903091511,True,-15.016007399797768,-35.83122978999013,71.37347341050413,30.013760242663146,42.46886456071695,-1.385847795319205
2026-07-27T22:44:18.812+00:00,136.200000,107891.800000,1.217332,4095,2,02,80,FFFFFFFF,32,3.01408968,3.12370457,2.20679242,1.38793175,1.10863964,0.48078634,2.20750441,1.19858505,1.05599829,1.49850792,2.20752020,0.89461919,1.01405522,0.96262642,2.20777916,0.64073885,2.00248727,0.98548310,2.20790602,1.01365297,0.76980854,0.81349714,2.20548588,1.18044238,1.82450782,1.38861828,2.20506052,1.16383534,1.08349158,0.80993523,2.20482133,0.71450876,SD 02 80 FFFFFFFF 93B3A3 95ED69 7FE834 62C10D 558540 2DBDE4 7FED7D 5A04E4 52C5D1 677154 7FED9B 49C4B0 5084E6 4DACB0 7FEF87 398A07 79B1CE 4EF339 7FF078 507F4B 4222AD 44E102 7FDE80 592184 73C50F 62C8BB 7FDB57 584F3E 543802 44A882 7FD990 3E8B98 7CA7A2 000FFF 02 107686,2026-07-27T22:44:18.634+00:00,serial_request_midpoint,357.5962,True,matched,79.6445,79.6445,2026-07-27T22:44:18.714+00:00,84.762468,1785192258662.217,2546,False,,,,,,,,,,,,,,False,,,,,,,,,,,,,,True,0.9255713700239299,-20.067321932277057,-14.53405079140244,42.19931766933733,-0.08749642176294599,-0.8806314722085777,-2.866098186553222,36.871873697024405,20.72046828878925,-29.369258915202767,0.5847530067830787,-0.22375263461472977,0.0887215336885895,False,,,,,,,,,,,,,,False,,,,,,,,,,,,,,False,,,,,,,,,,,,,,True,0.027767215343155356,10.141425259992706,9.388497822384496,76.35439790872184,0.21195811486042923,0.00684559317192378,-3.034774784770632,-2.842170943040401e-15,0.0,0.0,0.0,0.0,0.0,True,2,0.9255713700239039,-20.197365930083986,-11.692953482389296,46.37687413762556,2.571146892200871,0.18634002832740904,-0.04667891319427738,36.139391005871644,17.8906921567663,-25.246570525792414,-0.12097002230036412,2.829485994150909,0.8090681962784384,True,-14.986303345339115,-36.45032200410889,71.38664913361039,29.974516378862877,43.10409732109488,-0.918606460034266
2026-07-27T22:44:19.368+00:00,137.400000,107893.000000,1.216722,4095,2,02,80,FFFFFFFF,32,3.00668886,3.11740204,2.20636208,1.38598568,1.10860964,0.48078712,2.20507892,1.19862108,1.05526428,1.49853537,2.20483605,0.89445412,1.01383348,0.96241577,2.20730652,0.64068625,2.00209534,0.98526472,2.20522088,1.01314996,0.76964474,0.81323237,2.20444078,1.17961574,1.82418211,1.38657483,2.20698553,1.16345961,1.08244400,0.80986611,2.20765967,0.71426035,SD 02 80 FFFFFFFF 938C4E 95CD49 7FE502 62AB44 5584DB 2DBDE8 7FDB7A 5A0557 52BBD9 67719E 7FD9AC 49C235 5081CF 4DA9A8 7FEC05 398917 79AE9B 4EF020 7FDC88 507848 422001 44DCD0 7FD6BC 591719 73C229 62B1DD 7FE9A3 584A76 542A04 44A769 7FEEA4 3E8763 7C97A2 000FFF 02 107692,2026-07-27T22:44:19.191+00:00,serial_request_midpoint,354.4297,True,matched,17.51115,17.51115,2026-07-27T22:44:19.208+00:00,85.257385,1785192259128.955,2560,False,,,,,,,,,,,,,,False,,,,,,,,,,,,,,True,1.021492198921133,-19.990737372112196,-15.796162183405844,41.77911007081881,-0.1163688278849526,-0.9177678910197525,-2.8709283521464837,36.889224124768084,21.9630982725781,-30.061347092604723,0.6075143267004127,-0.23945976457072723,0.07177963865152377,True,0.4555567857883055,-14.642118671482995,-12.008854257893692,45.23612877205978,-1.552950229159561,-0.9073226126816585,1.7616578556233538,30.775162566153806,18.738878862662993,-27.3920659005421,-0.6499775571007571,1.2484351257889672,-0.8080038013482359,False,,,,,,,,,,,,,,False,,,,,,,,,,,,,,True,0.04028473297752225,10.160755654712004,9.403452906694138,76.45970981829328,0.2049018490867804,0.005958405142879788,-3.034642724627656,2.842170943040401e-15,-1.4210854715202005e-15,0.0,0.0,0.0,0.0,True,2;3,0.8717962522426779,-19.863465085570965,-12.741410196150541,45.6267124617129,2.5477332659011607,0.16211337519308736,-0.07672831170597214,35.943480464925656,18.94723915181199,-26.298115131838113,-0.0948629045075081,2.801876613120434,0.8385091304517397,True,-14.802724323869189,-36.95665966061317,71.19196057411816,29.92719774352898,43.61914361031465,-1.3848097040373433
2026-07-27T22:44:19.925+00:00,137.900000,107893.500000,1.218553,4095,2,02,80,FFFFFFFF,32,2.99503165,3.10745063,2.20479715,1.38225645,1.10829006,0.48077990,2.20475352,1.19831652,1.05403458,1.49848789,2.20497641,0.89405986,1.01340551,0.96201328,2.20484288,0.64057886,2.00091425,0.98477025,2.20433303,1.01230541,0.76937371,0.81290529,2.20458689,1.17867522,1.82360675,1.38391908,2.20457848,1.16268050,1.08090279,0.80981126,2.20486969,0.71394280,SD 02 80 FFFFFFFF 934E20 959A68 7FD962 628174 5580A7 2DBDC3 7FD90F 5A018B 52AB23 67711E 7FDAB7 49BC48 507BD8 4DA3DD 7FD9B9 39872D 79A4F6 4EE91C 7FD5EF 506C81 421B95 44D7A1 7FD7D2 590B3D 73BD0A 62941B 7FD7C2 58408B 54156A 44A68A 7FD9EC 3E8202 7CC7A2 000FFF 02 107697,2026-07-27T22:44:19.747+00:00,serial_request_midpoint,357.7498,True,matched,48.0737,48.0737,2026-07-27T22:44:19.795+00:00,85.844239,1785192259729.054,2578,False,,,,,,,,,,,,,,False,,,,,,,,,,,,,,True,1.0472174081635963,-19.713073945391933,-16.19240200914344,41.723434820635575,-0.09312752583444932,-0.9200611902438774,-2.867582172095992,36.715612668361516,22.499175204926974,-29.97197177055075,0.6130260308134219,-0.22617236669568486,0.07630124252902917,False,,,,,,,,,,,,,,False,,,,,,,,,,,,,,False,,,,,,,,,,,,,,True,0.031129488751093917,10.161771301988464,9.407568894348,76.43227089324547,0.2082263476786407,0.010597872563761332,-3.0348423653759284,-2.842170943040401e-15,0.0,0.0,0.0,0.0,0.0,True,2,1.0472174081635797,-19.815241602606903,-13.24530466381267,45.8276890037349,2.5472088314769947,0.16774393005057037,-0.05075102412493845,35.96478516515731,19.556045602422046,-25.932792448483433,-0.10317664477894134,2.816542020270658,0.8489241305471237,True,-14.964971899955534,-37.42675235712652,71.46562546514336,30.06933363739334,44.09723996199208,-0.861997777756676
2026-07-27T22:44:20.482+00:00,139.100000,107894.700000,1.217943,4095,2,02,80,FFFFFFFF,32,2.98351444,3.09747631,2.20684241,1.37837797,1.10779894,0.48077814,2.20778705,1.19797693,1.05280178,1.49846601,2.20771810,0.89363036,1.01296701,0.96161767,2.20770126,0.64044846,1.99935530,0.98414715,2.20725705,1.01147587,0.76904600,0.81255586,2.20496326,1.17790051,1.82315571,1.38093545,2.20712655,1.16159053,1.07914184,0.80970994,2.20794339,0.71360965,SD 02 80 FFFFFFFF 93106B 956738 7FE893 6255E0 557A31 2DBDBA 7FEF96 59FD4F 529A5F 6770E3 7FEF13 49B5D3 5075BB 4D9E2B 7FEEF3 3984DA 799839 4EE044 7FEBA7 5060EE 42163C 44D217 7FDA9E 590177 73B906 62729F 7FEAAF 5832A9 53FDDA 44A4EE 7FF0BF 3E7C5D 7CB7A3 000FFF 02 1076A3,2026-07-27T22:44:20.304+00:00,serial_request_midpoint,355.4352,True,matched,77.7574,77.7574,2026-07-27T22:44:20.382+00:00,86.431061,1785192260329.065,2596,True,0.9504849809606799,-20.217125912099043,-9.524029144424743,42.67502464268544,0.6488687234198351,0.8288072728603298,-1.3680165559825967,36.4650525010944,15.769817695696233,-28.94292371514262,-0.8905296326261259,0.5879366581694112,1.3460413585784934,False,,,,,,,,,,,,,,True,1.0621890205115057,-19.331724678541697,-17.167223139388213,41.81044038656637,-0.08373008117624148,-0.9305028464469703,-2.8710609440434407,36.468810936888886,23.46235716857725,-29.82308168805846,0.6185846404245468,-0.22173515370748093,0.07086718516733852,False,,,,,,,,,,,,,,False,,,,,,,,,,,,,,False,,,,,,,,,,,,,,True,0.03867015736998442,10.15532893771495,9.405503500092902,76.36874538557433,0.2109899185673924,0.009048164705241708,-3.0344393974451846,0.0,0.0,0.0,0.0,0.0,0.0,True,0;2,1.1803322554986122,-19.422120090485283,-14.103903010146126,45.74004869393788,2.534024755716272,0.15251389829979892,-0.030806159203595203,35.71099086048581,20.409212276748796,-25.958118816906186,-0.08948143450742554,2.822950759529702,0.873022445427175,True,-15.180086047046089,-37.96493916693224,71.78284837889873,30.290030731849974,44.6003308802083,-0.4439210688043431
2026-07-27T22:44:21.040+00:00,139.600000,107895.200000,1.215501,4095,2,02,80,FFFFFFFF,32,2.97297820,3.08813584,2.20758493,1.37433494,1.10735189,0.48079064,2.20575512,1.19755787,1.05152056,1.49840740,2.20495012,0.89314436,1.01248661,0.96117633,2.20723969,0.64028916,1.99773114,0.98349734,2.20752862,1.01063164,0.76873893,0.81224173,2.20783443,1.17717258,1.82255081,1.37820260,2.20738599,1.16046173,1.07741629,0.80959853,2.20793129,0.71329663,SD 02 80 FFFFFFFF 92D7BA 95371C 7FEE16 622859 55744F 2DBDFA 7FE080 59F815 5288EF 677045 7FDA85 49AE84 506F08 4D97D0 7FEB86 398203 798AF1 4ED70A 7FEDAB 505525 421139 44CD1C 7FEFF0 58F847 73B3A3 6253E7 7FEC9C 582446 53E6BD 44A329 7FF0A8 3E770F 7C77A3 000FFF 02 1076A8,2026-07-27T22:44:20.861+00:00,serial_request_midpoint,358.2869,True,matched,26.25175,26.25175,2026-07-27T22:44:20.888+00:00,86.93659,1785192260829.079,2611,False,,,,,,,,,,,,,,False,,,,,,,,,,,,,,True,1.0471587288888888,-19.22053821533492,-17.40342391132012,41.86674443255431,-0.08020341069877036,-0.9222166108998407,-2.874297249095592,36.411144698271784,23.378844360028836,-30.031153981881506,0.6029152272166084,-0.21913984988511925,0.07013274559553552,True,0.457200973258594,-13.900748200022255,-13.51725140756977,45.28289649074495,-1.5750859922289986,-0.9180100219082027,1.7514802638064804,30.30801962680736,20.07803113983834,-27.398836776816033,-0.6624476357167969,1.261012157098617,-0.8051607431905234,False,,,,,,,,,,,,,,False,,,,,,,,,,,,,,True,0.01945795635625886,10.160632982987277,9.40629344255064,76.39496283074072,0.21201608186817547,-0.006062935161645942,-3.034143560058897,2.842170943040401e-15,0.0,0.0,0.0,0.0,0.0,True,2;3,0.9637345163652258,-19.136587224312887,-14.276890973824303,45.58205499917365,2.545260759573449,0.15761823157169091,-0.04777325777197472,35.5013785558149,20.316916429107987,-26.372915130130707,-0.09311503120058466,2.8204549028833608,0.8378776139695776,True,-14.556804329939405,-38.42481163006352,71.3012080052998,29.83875488391285,45.08002526090466,-1.4672039604580618
2026-07-27T22:44:21.598+00:00,140.800000,107896.400000,1.219774,4095,2,02,80,FFFFFFFF,32,2.96436647,3.08053144,2.20760704,1.37088364,1.10681684,0.48077951,2.20816871,1.19716583,1.05042239,1.49838849,2.20797972,0.89274031,1.01199992,0.96081890,2.20788654,0.64015814,1.99618457,0.98286703,2.20767125,1.00988292,0.76848146,0.81199812,2.20798814,1.17659157,1.82205221,1.37571870,2.20541910,1.15937932,1.07581660,0.80950091,2.20746020,0.71301063,SD 02 80 FFFFFFFF 92A938 950FD1 7FEE40 620167 556D44 2DBDC1 7FF26B 59F331 5279FA 677012 7FF104 49A870 50683E 4D92AA 7FF053 397FAD 797E49 4ECE16 7FEEBA 504AB0 420D05 44C93F 7FF114 58F0F1 73AF32 6237F1 7FDE01 581678 53D14A 44A19C 7FED29 3E7236 7CE7A3 000FFF 02 1076B4,2026-07-27T22:44:21.420+00:00,serial_request_midpoint,356.488,True,matched,55.9217,55.9217,2026-07-27T22:44:21.475+00:00,87.52441,1785192261396.013,2628,False,,,,,,,,,,,,,,False,,,,,,,,,,,,,,True,1.0302924797495552,-18.943456393859666,-17.437989660062648,41.916637802370374,-0.0706718325004524,-0.9117790516374802,-2.876820850065929,36.036062340583705,23.592342922741913,-30.062655811283054,0.6002581715877555,-0.2094391879067289,0.06964696048552563,False,,,,,,,,,,,,,,False,,,,,,,,,,,,,,False,,,,,,,,,,,,,,True,0.045676711764915987,10.165071520049036,9.417143982946387,76.41961025008388,0.20691105004527538,-7.770757840482137e-05,-3.0347420074794993,0.0,0.0,-1.1368683772161604e-14,0.0,0.0,0.0,True,2,1.030292479749522,-19.10627658774901,-14.52303300721139,46.04183364819737,2.5548513144070393,0.1606311127419535,-0.030740732357068156,35.34827540870547,20.703876445632584,-25.97310400003021,-0.09416751609172998,2.8381015532696496,0.8351033005260075,True,-14.684332741133968,-38.9108676570498,71.56145841898255,29.958495363886016,45.5841756314325,-1.1237116890359857
2026-07-27T22:44:22.154+00:00,142.000000,107897.600000,1.219163,4095,2,02,80,FFFFFFFF,32,2.95739166,3.07418059,2.20515253,1.36787292,1.10629887,0.48077424,2.20503844,1.19675478,1.04945792,1.49832136,2.20431044,0.89235037,1.01167069,0.96050655,2.20481502,0.64005276,1.99469063,0.98230377,2.20672403,1.00920163,0.76821710,0.81174764,2.20519564,1.17606518,1.82163308,1.37358492,2.20720864,1.15829607,1.07443723,0.80939837,2.20737178,0.71274081,SD 02 80 FFFFFFFF 928370 94EEEA 7FDC06 61DF5E 556672 2DBDA6 7FDB2D 59EE10 526CD5 676F5D 7FD5C4 49A292 5063A6 4D8E2A 7FD984 397DCC 79720D 4EC615 7FE7B2 50412B 4208B4 44C546 7FDC58 58EA4B 73AB76 621FE4 7FEB4B 5808A5 53BEC7 449FFB 7FEC81 3E6DA3 7CD7A3 000FFF 02 1076C0,2026-07-27T22:44:21.976+00:00,serial_request_midpoint,356.1011,True,matched,91.62625,91.62625,2026-07-27T22:44:22.068+00:00,88.116602,1785192261996.235,2646,False,,,,,,,,,,,,,,False,,,,,,,,,,,,,,True,1.0333687054630654,-17.81217511476074,-17.340088686539904,41.95368832320161,-0.020077904035801602,-0.9058102527507262,-2.8712771231247993,34.86188812178697,23.699215089223628,-30.233521399438835,0.5991550088962334,-0.17429751181160047,0.07915017337756546,False,,,,,,,,,,,,,,False,,,,,,,,,,,,,,False,,,,,,,,,,,,,,True,0.031424646930671464,10.178101616689101,9.423633858981383,76.46915470386662,0.20624785478976415,0.0008018495214990784,-3.036841414189521,-2.842170943040401e-15,-1.4210854715202005e-15,0.0,0.0,0.0,0.0,True,2,1.0333687054630507,-18.146534229540784,-14.44966019975817,46.08580038751551,2.5571992672097754,0.17182941552284228,0.0137629034065712,34.35277132064605,20.81517631209387,-26.114802741689534,-0.10994695154960679,2.871442509849563,0.8420070933420268,True,-14.047197677280014,-38.8881393494727,71.6108369479676,29.24582132010992,45.69171651045267,-1.2019922983932703
2026-07-27T22:44:22.711+00:00,142.500000,107898.100000,1.220384,4095,2,02,80,FFFFFFFF,32,2.95194793,3.06938480,2.20734284,1.36525058,1.10585460,0.48076799,2.20754704,1.19637295,1.04873372,1.49828946,2.20762441,0.89199479,1.01130962,0.96022435,2.20535337,0.63993468,1.99331402,0.98184428,2.20470884,1.00862429,0.76800062,0.81156739,2.20728021,1.17564190,1.82122806,1.37186193,2.20752651,1.15730281,1.07320555,0.80929855,2.20801815,0.71252541,SD 02 80 FFFFFFFF 9265E1 94D604 7FEC4A 61C1AD 556098 2DBD86 7FEDCE 59E94C 5262F5 676F07 7FEE61 499D38 505E9C 4D8A19 7FDD84 397BB1 7966C5 4EBF8D 7FD8BA 503919 42052B 44C26A 7FEBD3 58E4F2 73A7DA 620C73 7FEDA7 57FBF6 53AE3C 449E65 7FF14D 3E69FC 7CF7A3 000FFF 02 1076C5,2026-07-27T22:44:22.533+00:00,serial_request_midpoint,356.3464,True,matched,47.3062,47.3062,2026-07-27T22:44:22.579+00:00,88.628804,1785192262529.615,2662,False,,,,,,,,,,,,,,False,,,,,,,,,,,,,,True,1.099788368090253,-17.004417684403716,-17.430784590279647,42.05755318488642,-0.015082119236152726,-0.9140236856558623,-2.8523920298778904,34.02327435170696,23.947827913179594,-30.188905905726223,0.6094236065698826,-0.17054452715156074,0.09526504939846463,False,,,,,,,,,,,,,,False,,,,,,,,,,,,,,False,,,,,,,,,,,,,,True,0.04792926134974487,10.170359139073934,9.424211983939873,76.44930165379122,0.2047967762182902,0.004530767176481877,-3.0368349918696347,0.0,0.0,0.0,0.0,0.0,0.0,True,2,1.0997883680902252,-17.381100843748833,-14.51036099632044,46.164858732830524,2.547216955463799,0.19237761812895646,0.01777683391418465,33.55991409251488,21.019424371458804,-26.09617173381879,-0.1340814335182387,2.869610382747094,0.8573175882224716,True,-12.865911050000907,-38.65774739232629,71.89593150682451,28.00590725507133,45.58511991190234,-0.9714642649543634
2026-07-27T22:44:23.266+00:00,143.700000,107899.300000,1.217943,4095,2,02,80,FFFFFFFF,32,2.94779103,3.06516052,2.20748546,1.36312923,1.10545254,0.48076916,2.20767231,1.19605846,1.04807826,1.49825942,2.20736178,0.89168703,1.01103425,0.95999315,2.20539333,0.63985188,1.99224501,0.98142723,2.20722864,1.00815440,0.76782363,0.81140931,2.20535705,1.17533000,1.82090901,1.37039781,2.20472671,1.15643270,1.07215113,0.80924077,2.20444813,0.71235542,SD 02 80 FFFFFFFF 924F44 94C00C 7FED59 61A9A0 555B4C 2DBD8C 7FEEBC 59E55F 525A04 676EB6 7FEC6E 499896 505AC4 4D86C4 7FDDD0 397A37 795E01 4EB99F 7FEB71 503287 420247 44BFE8 7FDD8B 58E101 73A502 61FBEA 7FD8DC 57F0D8 53A010 449D7A 7FD6CA 3E671A 7CB7A3 000FFF 02 1076D1,2026-07-27T22:44:23.089+00:00,serial_request_midpoint,355.6622,True,matched,82.6421,82.6421,2026-07-27T22:44:23.172+00:00,89.220563,1785192263096.297,2679,False,,,,,,,,,,,,,,False,,,,,,,,,,,,,,True,1.1124604732763055,-16.797105709451976,-17.352256581403132,42.083936729473145,-0.029435892900068223,-0.9109767825640607,-2.8574703061675413,33.93970165070734,23.874662026939536,-29.929238924129244,0.6069985806514188,-0.18479960352879957,0.0912983796886598,False,,,,,,,,,,,,,,False,,,,,,,,,,,,,,False,,,,,,,,,,,,,,True,0.05755054915820283,10.15853894193255,9.414426294326628,76.35637590259924,0.21145371059024629,0.006055031117444029,-3.0353612766335507,0.0,0.0,0.0,0.0,0.0,0.0,True,2,1.1124604732762995,-17.120919416518415,-14.438644323162773,46.200577511253165,2.5504827203121483,0.18691971839826654,0.005139045954204961,33.40251560712851,20.955260788765507,-25.839098266450208,-0.12733169851052245,2.8573835588877543,0.8503242187931466,True,-12.563935564909931,-38.674309371796824,71.84112650223122,27.73996662266663,45.596690069651615,-0.8129755798291967
2026-07-27T22:44:23.824+00:00,144.200000,107899.800000,1.217943,4095,2,02,80,FFFFFFFF,32,2.94470553,3.06206721,2.20444761,1.36140011,1.10513150,0.48074377,2.20449018,1.19574654,1.04756301,1.49818339,2.20466101,0.89143277,1.01076341,0.95979396,2.20722495,0.63977500,1.99131125,0.98105012,2.20705867,1.00773911,0.76767488,0.81126873,2.20752230,1.17505338,1.82062068,1.36920022,2.20769915,1.15561894,1.07122951,0.80915226,2.20773126,0.71213984,SD 02 80 FFFFFFFF 923E75 94AFF0 7FD6C9 619600 555711 2DBD0A 7FD71A 59E17A 5252FC 676DE9 7FD85F 4994C2 5056FC 4D83E5 7FEB6A 3978D8 795658 4EB442 7FEA2E 502CB8 41FFD9 44BDAD 7FED9F 58DD82 73A270 61EE61 7FEEEF 57E671 5393AB 449C12 7FEF2C 3E6372 7CB7A3 000FFF 02 1076D6,2026-07-27T22:44:23.645+00:00,serial_request_midpoint,357.1565,True,matched,28.72845,28.72845,2026-07-27T22:44:23.675+00:00,89.723404,1785192263596.271,2694,False,,,,,,,,,,,,,,False,,,,,,,,,,,,,,True,1.0602002962525001,-16.32219932152673,-17.306000758287727,42.20444133162404,-0.03073893734502745,-0.9066797088433814,-2.849923856358704,33.449623367023555,23.901942858502434,-29.862872483875787,0.6059398145434649,-0.18553771484776968,0.09960705430895721,False,,,,,,,,,,,,,,False,,,,,,,,,,,,,,False,,,,,,,,,,,,,,True,0.05927147742553152,10.162304659051149,9.413678499469752,76.35998433799988,0.2110785058085878,0.007480100283164637,-3.0352809024371794,0.0,1.4210854715202005e-15,1.1368683772161604e-14,0.0,0.0,0.0,True,2,1.0602002962524781,-16.65405305467853,-14.399942093996822,46.32577838653293,2.551126293344491,0.1982445998997808,0.0037345707947956885,32.92114648392289,20.98540172617633,-25.769558058113915,-0.13947995945798258,2.856500661894983,0.8483945811398222,True,-11.818443831319735,-38.63029730565008,71.92027163192115,26.99566351179508,45.625402452342755,-0.8029737804500996
2026-07-27T22:44:24.380+00:00,145.400000,107901.000000,1.214891,4095,2,02,80,FFFFFFFF,32,2.94181840,3.05931524,2.20726074,1.35991944,1.10479096,0.48074455,2.20786601,1.19547784,1.04711688,1.49816818,2.20752335,0.89120319,1.01053709,0.95961485,2.20781495,0.63970272,1.99044121,0.98073734,2.20753335,1.00734598,0.76751730,0.81113407,2.20784706,1.17477835,1.82033852,1.36808043,2.20792707,1.15481444,1.07036471,0.80907212,2.20807447,0.71200006,SD 02 80 FFFFFFFF 922EB6 94A197 7FEBAE 61852E 555294 2DBD0E 7FF02C 59DE1F 524CE5 676DC0 7FEDA1 49914D 5053D3 4D8150 7FEFCB 39778E 794F34 4EAFCF 7FEDB4 502738 41FD46 44BB8A 7FF008 58DA08 739FEC 61E1B7 7FF0A0 57DC27 538808 449ACC 7FF1B8 3E6113 7C67A3 000FFF 02 1076E2,2026-07-27T22:44:24.203+00:00,serial_request_midpoint,355.4007,True,matched,70.74115,70.74115,2026-07-27T22:44:24.273+00:00,90.322523,1785192264196.255,2712,False,,,,,,,,,,,,,,False,,,,,,,,,,,,,,True,1.0873462138037535,-16.241086352971617,-17.506298527767733,42.207280914369264,-0.03532740260353608,-0.9101958314926148,-2.8430424725618746,33.403174794021695,23.955114167683288,-30.126650882216317,0.6040718497700412,-0.18771450051777092,0.10487646802746392,False,,,,,,,,,,,,,,False,,,,,,,,,,,,,,False,,,,,,,,,,,,,,True,0.040969527812687846,10.173976350644697,9.429701235695216,76.46995818267965,0.20986691929587858,-1.9145001529124145e-05,-3.035013256464967,2.842170943040401e-15,1.4210854715202005e-15,0.0,0.0,0.0,0.0,True,2,1.0873462138037044,-16.567754584957576,-14.586039912074895,46.31898379267817,2.5471178535056627,0.20531331828801622,-0.0005124048977425994,32.87168663890026,21.04511261154971,-26.029074237408253,-0.14705282951875892,2.8547872822219635,0.8450248830306895,True,-11.51527964446548,-38.69747231287268,71.98379704525428,26.75375325581539,45.71343619666319,-1.1369867927519066
2026-07-27T22:44:24.938+00:00,145.900000,107901.500000,1.216112,4095,2,02,80,FFFFFFFF,32,2.93964535,3.05702625,2.20746862,1.35838401,1.10455657,0.48074846,2.20778021,1.19520073,1.04668432,1.49816633,2.20783969,0.89099311,1.01036954,0.95943007,2.20545591,0.63964556,1.98966951,0.98043286,2.20736336,1.00694875,0.76738436,0.81102158,2.20798972,1.17458339,1.82015234,1.36703760,2.20779232,1.15409486,1.06964772,0.80901976,2.20755599,0.71184026,SD 02 80 FFFFFFFF 9222D9 9495A5 7FED39 6173B9 554F7D 2DBD22 7FEF89 59DAA9 5246FD 676DBB 7FEFFA 498E23 50517C 4D7EA6 7FDE47 397689 7948DE 4EAB7A 7FEC71 5021A9 41FB1A 44B9C1 7FF117 58D791 739E43 61D5EA 7FEFA0 57D2F2 537E61 4499F7 7FEDDF 3E5E5D 7C87A3 000FFF 02 1076E7,2026-07-27T22:44:24.760+00:00,serial_request_midpoint,357.0831,True,matched,24.82785,24.82785,2026-07-27T22:44:24.785+00:00,90.83371,1785192264729.583,2728,False,,,,,,,,,,,,,,False,,,,,,,,,,,,,,True,1.1248422901450739,-15.942281256422243,-17.188535424063186,42.006507566277676,-0.020276291545352397,-0.9276985900650155,-2.832829576150399,33.073279354035364,23.831425115921327,-30.225643960639967,0.6215167902026597,-0.17812248746082163,0.11151929531317085,False,,,,,,,,,,,,,,False,,,,,,,,,,,,,,False,,,,,,,,,,,,,,True,0.022630039449421616,10.16943627769055,9.426431837454787,76.43309479487517,0.21004583582911523,0.00639142372068421,-3.035981586816263,0.0,0.0,0.0,0.0,0.0,0.0,True,2,1.1248422901449844,-16.329031073472535,-14.220492772559428,46.07859185938945,2.5335376399394853,0.2110165345986969,0.012760036207691906,32.60435441527218,20.85032926741017,-26.171769266457012,-0.15766827526274904,2.8559788169369202,0.8722973124642246,True,-11.325919882615063,-37.973729282955574,72.08482089062827,26.414771321801368,45.04763134284376,-0.8389654711526646
2026-07-27T22:44:25.495+00:00,147.100000,107902.700000,1.219164,4095,2,02,80,FFFFFFFF,32,2.93786720,3.05531193,2.20732389,1.35726961,1.10423185,0.48075315,2.20549008,1.19496057,1.04631879,1.49815558,2.20681820,0.89080172,1.01017795,0.95931113,2.20530237,0.63956606,1.98892709,0.98015890,2.20726442,1.00670232,0.76725670,0.81093740,2.20783601,1.17440390,1.81985711,1.36621958,2.20760072,1.15350038,1.06896904,0.80894847,2.20777126,0.71169497,SD 02 80 FFFFFFFF 921922 948CB1 7FEC26 61670B 554B35 2DBD3A 7FDE88 59D7A9 5241FF 676D9E 7FE865 498B41 504ECF 4D7CEF 7FDD23 39751E 7942C5 4EA794 7FEBB5 501E36 41F904 44B86B 7FEFF3 58D54C 739BA1 61CCA7 7FEE34 57CB56 53753D 4498D5 7FEF78 3E5BE6 7CD7A4 000FFF 02 1076F3,2026-07-27T22:44:25.317+00:00,serial_request_midpoint,356.3272,True,matched,66.3726,66.3726,2026-07-27T22:44:25.383+00:00,91.43227,1785192265329.584,2746,False,,,,,,,,,,,,,,False,,,,,,,,,,,,,,True,1.0470735514632252,-15.743990908264099,-16.490508552140113,41.901653628576405,0.0004878255517064839,-0.9286360148053782,-2.8300202319385854,32.87089457651641,23.146378097235036,-30.299963154430394,0.6233455552585208,-0.16546884922861266,0.11404132008110678,False,,,,,,,,,,,,,,False,,,,,,,,,,,,,,False,,,,,,,,,,,,,,True,0.024340851970431523,10.168366666882056,9.420427750748393,76.41992996511844,0.21196281041923185,0.007016757838268517,-3.0353570430208427,0.0,0.0,0.0,0.0,0.0,0.0,True,2,1.047073551463221,-16.201306477637964,-13.525089286066706,45.968332116083964,2.532047909466143,0.21450177431863343,0.03117470174952598,32.46585079985716,20.159588958600647,-26.243394030814592,-0.16229751593116937,2.866942265604745,0.8781451976883546,True,-11.364935306478893,-37.244314960498244,72.03707128836304,26.40687484899887,44.29996988201195,-0.8248548510806699
2026-07-27T22:44:26.051+00:00,147.700000,107903.300000,1.219164,4095,2,02,80,FFFFFFFF,32,2.93664459,3.05392752,2.20753230,1.35629344,1.10396081,0.48073713,2.20801657,1.19470888,1.04608116,1.49813852,2.20770494,0.89061294,1.01002470,0.95918192,2.20774652,0.63952992,1.98842406,0.97989432,2.20724600,1.00645006,0.76714816,0.81085249,2.20773389,1.17430134,1.81981156,1.36560811,2.20772494,1.15291374,1.06838919,0.80890693,2.20555792,0.71160703,SD 02 80 FFFFFFFF 921273 948575 7FEDB2 615BEE 5547A2 2DBCE8 7FF14A 59D484 523EC0 676D70 7FEEFA 498869 504CAB 4D7B12 7FEF49 397479 793EA3 4EA3D0 7FEB92 501AAE 41F73E 44B712 7FEF31 58D400 739B39 61C5BA 7FEF20 57C3D3 536D6D 44982C 7FDF09 3E5A68 7CD7A4 000FFF 02 1076F9,2026-07-27T22:44:25.873+00:00,serial_request_midpoint,355.9832,True,matched,14.6419,14.6419,2026-07-27T22:44:25.887+00:00,91.936872,1785192265829.584,2761,False,,,,,,,,,,,,,,False,,,,,,,,,,,,,,True,0.9714398457105462,-15.794409844927964,-15.724810660802238,41.97642198183131,0.009889639056924198,-0.9212470795273588,-2.8322382976938965,32.879330630410884,22.46718604109538,-30.013949380031097,0.6209916195788885,-0.1614498958364454,0.11492915256592204,False,,,,,,,,,,,,,,False,,,,,,,,,,,,,,False,,,,,,,,,,,,,,True,0.02364366880183863,10.156388758517645,9.40918746459138,76.34937906690402,0.215798402461596,0.011262945810710382,-3.0354563144645588,0.0,1.4210854715202005e-15,0.0,0.0,0.0,0.0,True,2,0.9714398457105182,-16.280025638916662,-12.78337414076434,46.057212510857134,2.5371040526974764,0.2150303676368396,0.03958251225097776,32.49347431588296,19.49059415929069,-25.948025313317082,-0.16387090821040895,2.8716780325458275,0.875778978613169,True,-11.539599590251786,-36.64024876860763,72.01774425812025,26.47703172408208,43.68829307880276,-0.5739223681417116
2026-07-27T22:44:26.608+00:00,148.800000,107904.400000,1.217943,4095,2,02,80,FFFFFFFF,32,2.93615385,3.05338577,2.20463577,1.35568605,1.10382219,0.48074006,2.20676243,1.19452568,1.04597822,1.49808845,2.20748704,0.89047008,1.00989103,0.95906734,2.20735862,0.63949225,1.98798483,0.97972885,2.20734915,1.00629911,0.76708984,0.81079366,2.20743809,1.17429083,1.81960616,1.36531091,2.20736283,1.15250232,1.06801442,0.80888432,2.20770494,0.71157687,SD 02 80 FFFFFFFF 920FC4 9482A0 7FD82F 615503 5545CE 2DBCF7 7FE7FB 59D23A 523D58 676CE9 7FED5C 498642 504ACD 4D796B 7FEC68 3973CD 793B07 4EA175 7FEC56 501891 41F64A 44B623 7FECFF 58D3DE 739964 61C25C 7FEC70 57BE8E 536860 4497D0 7FEEFA 3E59E5 7CB7A4 000FFF 02 107704,2026-07-27T22:44:26.430+00:00,serial_request_midpoint,358.3433,True,matched,59.21355,59.21355,2026-07-27T22:44:26.490+00:00,92.538824,1785192266429.552,2779,False,,,,,,,,,,,,,,False,,,,,,,,,,,,,,True,0.9296800538643042,-15.833761872542642,-15.419797965684793,41.595360155034214,0.0070022524013462544,-0.9178900902219469,-2.832519894139925,32.85002013518533,21.973613807449645,-30.727349349769906,0.6137825417847738,-0.1591456528912279,0.11346093976707435,False,,,,,,,,,,,,,,False,,,,,,,,,,,,,,False,,,,,,,,,,,,,,True,0.005409278287327468,10.160152886413412,9.412990379216247,76.4347422279887,0.20952884023730733,0.0032277852262752134,-3.0351369473212664,0.0,0.0,0.0,0.0,0.0,0.0,True,2,0.929680053864276,-16.31049432798715,-12.486690022910905,45.68318682425213,2.5392719090094333,0.21610034825169358,0.03701159999937227,32.46966658022144,19.02701368322824,-26.639122130452044,-0.16178460593618416,2.8770764571122887,0.8660191704308349,True,-11.509640848111863,-36.39570103551496,71.58458279041766,26.544178665290456,43.41556052450439,-1.4268495102967222
2026-07-27T22:44:27.166+00:00,150.000000,107905.600000,1.215501,4095,2,02,80,FFFFFFFF,32,2.93738123,3.05406354,2.20734073,1.35563770,1.10369218,0.48071429,2.20751388,1.19446628,1.04610375,1.49806731,2.20764546,0.89047345,1.00987090,0.95906490,2.20764336,0.63947167,1.98761651,0.97964378,2.20537335,1.00628795,0.76705852,0.81082615,2.20738599,1.17460996,1.81970688,1.36569742,2.20761651,1.15237761,1.06794806,0.80886932,2.20792813,0.71162683,SD 02 80 FFFFFFFF 92167A 94862B 7FEC46 615476 554417 2DBC73 7FED8F 59D17C 523F0F 676CB0 7FEE89 49864F 504A85 4D7962 7FEE85 39736F 793800 4EA03F 7FDDAA 501869 41F5C7 44B6A7 7FEC9C 58D7E7 739A4A 61C6BD 7FEE52 57BCF5 53677B 449793 7FF0A2 3E5ABE 7C77A3 000FFF 02 107710,2026-07-27T22:44:26.988+00:00,serial_request_midpoint,355.377,True,matched,96.4653,96.4653,2026-07-27T22:44:27.084+00:00,93.133755,1785192267029.525,2797,False,,,,,,,,,,,,,,False,,,,,,,,,,,,,,True,1.053405179366018,-15.852074067201496,-14.931588922491645,41.91005980827498,0.006714341891852954,-0.9239300255903788,-2.8281762061263223,32.858138486527835,21.554587479172426,-30.134387119576665,0.6205759770490963,-0.16324383215314725,0.11729335166402646,False,,,,,,,,,,,,,,False,,,,,,,,,,,,,,False,,,,,,,,,,,,,,True,0.015725737817393348,10.147341695908455,9.399106147853605,76.32497591510972,0.21503964714206555,0.007268050579886235,-3.034719374777611,0.0,-1.4210854715202005e-15,0.0,0.0,0.0,0.0,True,2,1.0534051793660222,-16.33323513870539,-11.980148351420512,45.98414935240806,2.5343578631350887,0.21893732101718433,0.036675517952089925,32.46735545961449,18.579150747493003,-26.06808807541387,-0.1672295575296528,2.869945416412673,0.8746440547538603,True,-11.466764959002841,-35.75518940365202,71.99638119988552,26.350223925829493,42.77809153224995,-0.7192561215279397
2026-07-27T22:44:27.722+00:00,150.500000,107906.100000,1.219774,4095,2,02,80,FFFFFFFF,32,2.94070911,3.05669182,2.20764494,1.35654524,1.10370402,0.48073303,2.20555897,1.19445472,1.04654760,1.49807881,2.20457585,0.89055020,1.00999086,0.95921442,2.20478769,0.63950233,1.98778379,0.97966793,2.20482185,1.00649554,0.76713573,0.81093863,2.20491332,1.17500455,1.81987901,1.36642448,2.20699447,1.15247854,1.06813875,0.80889243,2.20764336,0.71172076,SD 02 80 FFFFFFFF 9228A8 9493E6 7FEE88 615ECC 55443F 2DBCD3 7FDF0B 59D157 52451F 676CCF 7FD7BD 498777 504C32 4D7B8A 7FD950 3973FB 793960 4EA097 7FD991 501B51 41F70A 44B870 7FDA3F 58DCE4 739BD3 61CEF9 7FE9B4 57BE40 536A0D 4497F1 7FEE85 3E5C56 7CE7A3 000FFF 02 107715,2026-07-27T22:44:27.544+00:00,serial_request_midpoint,356.1406,True,matched,59.7468,59.7468,2026-07-27T22:44:27.604+00:00,93.653047,1785192267529.519,2812,False,,,,,,,,,,,,,,False,,,,,,,,,,,,,,True,0.9801551174792504,-15.942885224260746,-14.514299705024957,41.97756479662641,-0.003055195463939298,-0.917624885809183,-2.830724503915075,32.93294255934074,21.30858126395545,-29.840209630889838,0.6209502654999645,-0.17190341834196982,0.11732190776866244,False,,,,,,,,,,,,,,False,,,,,,,,,,,,,,False,,,,,,,,,,,,,,True,0.04066208249278462,10.141148317473315,9.397853170877925,76.28360786410977,0.21785401254363115,0.015389922668240673,-3.034826275017177,-2.842170943040401e-15,0.0,0.0,0.0,0.0,0.0,True,2,0.9801551174792538,-16.39027506853624,-11.57793261500657,46.066368226249644,2.5390256825673236,0.21834693633341437,0.028001780090212133,32.50183494753185,18.330082804890402,-25.780232290732606,-0.16664542479414962,2.8615901790264227,0.8729303127230492,True,-11.418688487708106,-35.469080095377905,71.95203440799247,26.240335591871265,42.51901492880587,-0.45711038098735346
2026-07-27T22:44:28.283+00:00,151.700000,107907.300000,1.217332,4095,2,02,80,FFFFFFFF,32,2.94411867,3.05975860,2.20492752,1.35785144,1.10379643,0.48072659,2.20491595,1.19450536,1.04706796,1.49805545,2.20711550,0.89073170,1.01010803,0.95935042,2.20756651,0.63955620,1.98801478,0.97977303,2.20764546,1.00672911,0.76719024,0.81104718,2.20775021,1.17531423,1.82001041,1.36724088,2.20739020,1.15259381,1.06843267,0.80891652,2.20547378,0.71180411,SD 02 80 FFFFFFFF 923B42 94A3E7 7FDA5A 616DAA 554577 2DBCB2 7FDA44 59D1F9 524C3A 676C90 7FEA9A 498A33 504DD5 4D7D80 7FEDF3 3974F1 793B46 4EA216 7FEE89 501E96 41F7EE 44BA29 7FEF50 58E0CE 739CFF 61D837 7FECA4 57BFBA 536E03 449853 7FDE69 3E5DC0 7CA7A4 000FFF 02 107721,2026-07-27T22:44:28.103+00:00,serial_request_midpoint,361.1761,True,matched,79.61635,79.61635,2026-07-27T22:44:28.182+00:00,94.231749,1785192268129.491,2830,False,,,,,,,,,,,,,,False,,,,,,,,,,,,,,True,1.0005910248780892,-16.0542600329616,-13.983099298581994,42.019809479608625,0.004959041275229095,-0.9179435003706625,-2.8277163181838993,32.9221443629325,20.58164985667515,-30.17089466227439,0.6153667293922815,-0.1627144066861576,0.11961982981225078,False,,,,,,,,,,,,,,False,,,,,,,,,,,,,,False,,,,,,,,,,,,,,True,0.006130466790168716,10.160883679033601,9.410544580879865,76.41833344792676,0.21317072067546816,0.005165047191719571,-3.0356192220532434,0.0,0.0,1.1368683772161604e-14,0.0,0.0,0.0,True,2,1.000591024878091,-16.531864197347236,-11.04718953180236,46.10552253118591,2.5379178603465498,0.22209531225716433,0.03509303102088139,32.5351592583608,17.627365481482194,-26.088840106579436,-0.1706491103827456,2.8724609606198848,0.8672060530328538,True,-11.569141744226311,-34.90728647344516,72.02151131264756,26.362433687001094,41.95064301477443,-0.8728344000589914
2026-07-27T22:44:28.836+00:00,152.200000,107907.800000,1.218553,4095,2,02,80,FFFFFFFF,32,2.94681400,3.06218866,2.20690923,1.35884014,1.10386484,0.48073616,2.20801551,1.19456819,1.04751636,1.49803134,2.20788970,0.89086421,1.01026885,0.95946122,2.20778653,0.63957657,1.98833421,0.97994208,2.20766967,1.00699816,0.76727750,0.81115327,2.20767283,1.17558811,1.82012036,1.36800550,2.20767283,1.15279204,1.06885595,0.80893594,2.20778916,0.71191233,SD 02 80 FFFFFFFF 9249F2 94B092 7FE912 6178E9 55465E 2DBCE3 7FF148 59D2C2 525259 676C4F 7FF059 498C32 505014 4D7F19 7FEF95 39754E 793DE6 4EA47E 7FEEB7 50225A 41F95B 44BBD8 7FEEBD 58E444 739DFA 61E0DE 7FEEBD 57C244 5373B7 4498A2 7FEF9A 3E5F96 7CC7A4 000FFF 02 107726,2026-07-27T22:44:28.660+00:00,serial_request_midpoint,352.1619,True,matched,24.41525,24.41525,2026-07-27T22:44:28.684+00:00,94.733388,1785192268629.448,2845,False,,,,,,,,,,,,,,False,,,,,,,,,,,,,,True,0.9221532882604673,-16.082087034542813,-13.291207583451305,41.92872866148223,0.006011071341705794,-0.9233823801517754,-2.825418944966714,32.84289980576127,19.76026109653706,-30.35096503541545,0.6165578343869312,-0.1603870450797851,0.11893152444203656,False,,,,,,,,,,,,,,False,,,,,,,,,,,,,,False,,,,,,,,,,,,,,True,0.037994614951120796,10.15161805174046,9.400965837085172,76.38396117751401,0.21030511706010718,0.0007461228263203403,-3.03483803055904,2.842170943040401e-15,1.4210854715202005e-15,-1.1368683772161604e-14,0.0,0.0,0.0,True,2,0.9221532882604503,-16.56540800877216,-10.339882430941099,46.00264612999785,2.5339252675924913,0.22262877931184932,0.03599326507905829,32.46628843710597,16.801606647479822,-26.27110589712164,-0.1698166245991012,2.874219502462821,0.8695459767453348,True,-11.605562277299383,-34.09555945043233,72.01493273455753,26.351360140097675,41.09729576287488,-1.0144541581703834
2026-07-27T22:44:29.394+00:00,153.400000,107909.000000,1.219774,4095,2,02,80,FFFFFFFF,32,2.95042772,3.06516427,2.20762125,1.36024738,1.10399517,0.48071155,2.20517356,1.19472107,1.04807797,1.49805471,2.20682557,0.89105535,1.01047695,0.95962948,2.20519879,0.63964906,1.98874878,0.98013804,2.20710603,1.00742471,0.76740995,0.81137213,2.20775073,1.17633547,1.82048003,1.37000717,2.20531236,1.15358551,1.06987517,0.80900624,2.20489177,0.71229139,SD 02 80 FFFFFFFF 925D9D 94C011 7FEE5B 6188E8 554816 2DBC65 7FDC2E 59D4AB 525A03 676C8E 7FE873 498F13 5052FC 4D8186 7FDC5E 397699 79414E 4EA748 7FEA88 502852 41FB85 44BF51 7FEF51 58EDB5 73A12F 61F780 7FDD36 57CC6D 538171 4499C0 7FDA16 3E6604 7CE7A4 000FFF 02 107732,2026-07-27T22:44:29.215+00:00,serial_request_midpoint,357.2887,True,matched,40.27305,40.27305,2026-07-27T22:44:29.255+00:00,95.304129,1785192269196.064,2862,False,,,,,,,,,,,,,,False,,,,,,,,,,,,,,True,0.9792600296652604,-16.474062370117284,-12.609058908608354,41.94244243906395,-0.028152505388354693,-0.927682160639217,-2.8312444307179723,33.10061971106313,19.127118070825887,-30.399582271515936,0.6202609936158967,-0.1814347359065173,0.11122952571191073,False,,,,,,,,,,,,,,False,,,,,,,,,,,,,,False,,,,,,,,,,,,,,True,0.008327758226190264,10.159849157661156,9.406409411581631,76.46180200159904,0.20640026604443681,0.004250676337758223,-3.0351414833615324,0.0,-1.4210854715202005e-15,0.0,0.0,0.0,0.0,True,2,0.9792600296652498,-16.837981007865856,-9.63794200875347,46.01438920301627,2.5331331103083063,0.21282295079252897,0.00571150459291176,32.61521798960112,16.150677975068383,-26.34422625987718,-0.1569975130699797,2.8534047864129786,0.8696488958860636,True,-11.699674431013884,-33.37340005743865,72.01048797713109,26.381605088843394,40.381486713362776,-1.0542817596642067
2026-07-27T22:44:29.950+00:00,154.000000,107909.600000,1.217332,4095,2,02,80,FFFFFFFF,32,2.96330808,3.07636544,2.20446916,1.36472698,1.10444635,0.48073557,2.20714286,1.19521355,1.04987746,1.49814297,2.20526504,0.89168443,1.01109805,0.96021649,2.20505421,0.63981837,1.99026515,0.98096361,2.20485550,1.00877880,0.76790543,0.81199294,2.20726916,1.17815221,1.82156119,1.37503050,2.20755020,1.15562750,1.07255881,0.80923806,2.20553320,0.71297168,SD 02 80 FFFFFFFF 92A37E 94FA3E 7FD6F2 61BBBE 554E09 2DBCE0 7FEACE 59DAD2 52728D 676D7C 7FDCDC 49988C 505BA8 4D89FC 7FDB4B 39799E 794DC2 4EB307 7FD9D1 503B42 42039D 44C92A 7FEBBE 5904A4 73AAD2 623030 7FEDD4 57E68D 53A58B 449D6F 7FDEDA 3E718D 7CA7A4 000FFF 02 107738,2026-07-27T22:44:29.772+00:00,serial_request_midpoint,355.5958,True,matched,43.3516,43.3516,2026-07-27T22:44:29.815+00:00,95.864341,1785192269762.674,2879,False,,,,,,,,,,,,,,False,,,,,,,,,,,,,,True,1.0240526378493735,-17.14989692242302,-11.82112234729723,41.890525264394086,-0.07493915889463139,-0.9343419853044623,-2.833683946242671,33.817504791859804,18.415083552021553,-29.963228894636718,0.6269517299738963,-0.21890792232765502,0.10838231224678288,False,,,,,,,,,,,,,,False,,,,,,,,,,,,,,False,,,,,,,,,,,,,,True,0.019849725296790154,10.14211164172502,9.393214450152156,76.32353560544098,0.21481135680840832,0.011072493582495423,-3.0350061055665813,0.0,0.0,0.0,0.0,0.0,0.0,True,2,1.0240526378493597,-17.357978183585924,-8.820305667675347,45.951624176936356,2.529606191833886,0.2051775818702325,-0.03568431001397288,33.15620078364862,15.407335231726776,-25.95612894780686,-0.1503602443202945,2.815305036992576,0.8696241480079532,True,-11.842458684167076,-32.46943216345384,71.94910819694005,26.379291003521388,39.479648734136035,-0.6545769952904038
2026-07-27T22:44:30.507+00:00,155.100000,107910.700000,1.219163,4095,2,02,80,FFFFFFFF,32,2.98380180,3.09478364,2.20479399,1.37266869,1.10545699,0.48074807,2.20501741,1.19615515,1.05248224,1.49821306,2.20461160,0.89270889,1.01213936,0.96116657,2.20478611,0.64012703,1.99324874,0.98225952,2.20717654,1.01055107,0.76849558,0.81261031,2.20765020,1.17955067,1.82254906,1.37974574,2.20538439,1.15785734,1.07567101,0.80944533,2.20734968,0.71347595,SD 02 80 FFFFFFFF 9311F6 95595E 7FD95C 62158E 555B5B 2DBD20 7FDB05 59E694 529606 676E39 7FD801 49A7F7 506A30 4D97AC 7FD94D 397F1F 79663C 4EC574 7FEB0E 505405 420D40 44D2F4 7FEE92 591647 73B39F 626541 7FDDBF 58030B 53CF56 44A0BA 7FEC57 3E7A19 7CD7A3 000FFF 02 107743,2026-07-27T22:44:30.328+00:00,serial_request_midpoint,357.2287,True,matched,61.81475,61.81475,2026-07-27T22:44:30.390+00:00,96.439381,1785192270329.34,2896,False,,,,,,,,,,,,,,False,,,,,,,,,,,,,,True,0.9517362420510332,-16.253880704991648,-10.938767278449037,41.60261188973615,-0.011569870731903536,-0.9478500889495882,-2.8204116529946486,32.86151355669299,17.442541704257355,-30.559225378530147,0.6338147548714202,-0.1745987382714533,0.1183252085890193,False,,,,,,,,,,,,,,False,,,,,,,,,,,,,,False,,,,,,,,,,,,,,True,0.03351325176014872,10.147253723535297,9.398234717173873,76.34990014067964,0.21294297947466478,0.0024162295955914323,-3.035018640444166,0.0,-1.4210854715202005e-15,0.0,0.0,0.0,0.0,True,2,0.9517362420510169,-16.683095681713283,-7.913603795290487,45.6281408280099,2.5176716824399517,0.2178806967330083,0.020315815123896772,32.42510981237545,14.411330293020574,-26.53902240090688,-0.16806425310388004,2.8533805989023953,0.8906539853136722,True,-11.632651005482238,-31.23978265265624,72.00907529247988,26.071906050479605,38.26308427866486,-0.9206315751683973
2026-07-27T22:44:31.066+00:00,155.700000,107911.300000,1.217943,4095,2,02,80,FFFFFFFF,32,2.99503749,3.10506782,2.20746757,1.37782726,1.10647121,0.48075842,2.20565362,1.19690441,1.05377082,1.49825460,2.20488599,0.89333916,1.01276587,0.96166515,2.20500532,0.64033145,1.99576042,0.98326961,2.20426051,1.01151925,0.76885381,0.81283333,2.20711550,1.17971645,1.82306577,1.38193489,2.20515778,1.15930002,1.07768010,0.80957247,2.20744914,0.71369449,SD 02 80 FFFFFFFF 934E28 958E32 7FED37 624FAE 5568B7 2DBD55 7FDFBF 59EFEE 52A78D 676EA9 7FDA0B 49B172 5072ED 4D9EDA 7FDAEE 3982C4 797AD0 4ED3CE 7FD565 506189 421319 44D67D 7FEA9A 59185E 73B839 627DD8 7FDC10 581575 53EA46 44A2BF 7FED14 3E7DCD 7CB7A4 000FFF 02 107749,2026-07-27T22:44:30.887+00:00,serial_request_midpoint,359.1268,True,matched,66.6775,66.6775,2026-07-27T22:44:30.954+00:00,97.0026,1785192270896.008,2913,False,,,,,,,,,,,,,,False,,,,,,,,,,,,,,True,0.954739123229907,-16.193508225326916,-10.009838486645435,41.54642605973815,-0.007065709407281547,-0.9526364534420979,-2.8146558011923637,32.71979411651802,16.634506877722675,-30.55763527233683,0.6413235302556476,-0.17213338404775472,0.12272921035850144,False,,,,,,,,,,,,,,False,,,,,,,,,,,,,,False,,,,,,,,,,,,,,True,0.023614301415123502,10.14424784560641,9.394358909267117,76.34384763229103,0.2131357729419038,0.007778499425798542,-3.034965146026571,-2.842170943040401e-15,0.0,0.0,0.0,0.0,0.0,True,2,0.9547391232298988,-16.645045942849787,-6.9707505979332,45.55900397577601,2.5130707745170873,0.22299774119715363,0.024205237014060632,32.305259308630944,13.573043916759284,-26.558094239963594,-0.1748034861889396,2.851988766778838,0.9019387575513943,True,-11.53329485971204,-30.1669236422658,72.04256249221345,25.85164782662211,37.210434865352866,-0.7667010493122121
2026-07-27T22:44:31.622+00:00,156.800000,107912.400000,1.218553,4095,2,02,80,FFFFFFFF,32,2.99648248,3.10725236,2.20770283,1.37946425,1.10701565,0.48076076,2.20767336,1.19730046,1.05408515,1.49831765,2.20777600,0.89357710,1.01303929,0.96177829,2.20762441,0.64040464,1.99727564,0.98372758,2.20532445,1.01192460,0.76906347,0.81297750,2.20725600,1.17985064,1.82341983,1.38360280,2.20510153,1.16052883,1.07905256,0.80968067,2.20754020,0.71395802,SD 02 80 FFFFFFFF 9355E1 959964 7FEEF6 626217 556FE2 2DBD61 7FEEBE 59F4DF 52ABD3 676F53 7FEF81 49B506 5076BD 4DA07B 7FEE61 398412 798737 4EDA4F 7FDD4D 506731 421685 44D8C6 7FEBA5 591A0F 73BB60 62908F 7FDBA5 582521 53FCA8 44A477 7FEDC1 3E8244 7CC7A4 000FFF 02 107754,2026-07-27T22:44:31.445+00:00,serial_request_midpoint,355.8512,True,matched,84.9279,84.9279,2026-07-27T22:44:31.529+00:00,97.57865,1785192271462.63,2930,False,,,,,,,,,,,,,,False,,,,,,,,,,,,,,True,0.9412646960089703,-16.246800631935553,-9.448141032647523,41.474991702578,-0.007796025845222908,-0.9543067271539886,-2.8091713794132915,32.69228180811386,15.871911679952893,-30.873691211560264,0.6373157509215909,-0.17034820814576795,0.12669176228182477,False,,,,,,,,,,,,,,False,,,,,,,,,,,,,,False,,,,,,,,,,,,,,True,0.02247139848464596,10.154772150161676,9.401479723634598,76.425477124101,0.2101620487040162,-0.001348008988681693,-3.034855322948521,0.0,1.4210854715202005e-15,0.0,0.0,0.0,0.0,True,2,0.9412646960089691,-16.70432219520429,-6.401928569997883,45.481484735369996,2.5104679402972803,0.22905681055942198,0.023439903388206097,32.29051286805599,12.82647954596641,-26.860631580012786,-0.1807303865566402,2.855059465283445,0.8965549231539063,True,-11.445325387055737,-29.515645645229732,72.00827026000843,25.752628601369572,36.55199175556127,-1.1715783775312274
2026-07-27T22:44:32.179+00:00,158.000000,107913.600000,1.214891,4095,2,02,80,FFFFFFFF,32,3.00091671,3.11188272,2.20740546,1.38164888,1.10747300,0.48077736,2.20801393,1.19775235,1.05465305,1.49835436,2.20779390,0.89389589,1.01332340,0.96205290,2.20784074,0.64050040,1.99854020,0.98419943,2.20747651,1.01246140,0.76928417,0.81313796,2.20770705,1.18010108,1.82386698,1.38532804,2.20757493,1.16175517,1.08027170,0.80979085,2.20746388,0.71418148,SD 02 80 FFFFFFFF 936D8D 95B117 7FECC1 627AA2 5575E7 2DBDB6 7FF145 59FA82 52B38B 676FB6 7FEFA3 49B9D1 507AB3 4DA46F 7FEFFC 3985C7 79918F 4EE102 7FED48 506EAE 421A1F 44DB51 7FEEFE 591D37 73BF5B 62A3E6 7FEE03 5834C2 540CF9 44A637 7FED30 3E860D 7C67A3 000FFF 02 107760,2026-07-27T22:44:32.001+00:00,serial_request_midpoint,356.251,True,matched,98.9434,98.9434,2026-07-27T22:44:32.100+00:00,98.148881,1785192272029.245,2947,False,,,,,,,,,,,,,,False,,,,,,,,,,,,,,True,0.8715568668962486,-15.962593857114822,-9.489490142679085,41.504383670701515,0.00414038269588206,-0.9589996840434952,-2.8089064335920453,32.40666822697635,16.060494912688636,-30.770038746419516,0.6448257282203638,-0.1627590253859012,0.1252163389648412,False,,,,,,,,,,,,,,False,,,,,,,,,,,,,,False,,,,,,,,,,,,,,True,0.006887913892139056,10.149211759706684,9.401234473950755,76.37903145039898,0.20997890840406708,0.0047873115266836635,-3.034385865825159,0.0,0.0,-1.1368683772161604e-14,0.0,0.0,0.0,True,2,0.8715568668962222,-16.457466658052972,-6.434646881254483,45.49985065233818,2.507430039616211,0.22744755353634577,0.03405188264968778,32.04135472846098,12.986550172627858,-26.775275596346205,-0.17921320087135015,2.85901949809948,0.9094128227623471,True,-11.382725429784278,-29.47876861129945,72.12290025017967,25.666968938869747,36.52179690285538,-0.8710156786237804
2026-07-27T22:44:32.736+00:00,158.500000,107914.100000,1.217943,4095,2,02,80,FFFFFFFF,32,3.00296956,3.11420283,2.20503424,1.38318455,1.10789632,0.48079162,2.20512782,1.19810443,1.05491609,1.49840184,2.20691502,0.89413106,1.01350163,0.96219131,2.20757546,0.64056856,1.99958231,0.98460234,2.20772757,1.01271573,0.76939358,0.81319638,2.20782390,1.18006822,1.82396529,1.38594522,2.20777337,1.16261914,1.08096296,0.80984693,2.20798287,0.71428964,SD 02 80 FFFFFFFF 93787F 95BCF3 7FDB25 628BDE 557B79 2DBDFF 7FDBD7 59FEE6 52B71E 677036 7FE91D 49BD5A 507D2F 4DA66D 7FEE04 3986FE 799A14 4EE6BA 7FEF25 50723A 421BE8 44DC3E 7FEFDC 591CCD 73C03B 62AAD0 7FEF7C 583FC3 541638 44A71B 7FF10A 3E87E2 7CB7A3 000FFF 02 107765,2026-07-27T22:44:32.558+00:00,serial_request_midpoint,356.4554,True,matched,44.8476,44.8476,2026-07-27T22:44:32.602+00:00,98.651782,1785192272529.196,2962,False,,,,,,,,,,,,,,False,,,,,,,,,,,,,,True,0.8365170081275878,-15.995638639285966,-9.175385988470314,41.33858961355131,0.0053050627576500305,-0.9649037738189902,-2.804877421182673,32.40273639165085,15.574887271750805,-31.10576959483587,0.6441067736233153,-0.16041932271687467,0.12737288115305614,False,,,,,,,,,,,,,,False,,,,,,,,,,,,,,False,,,,,,,,,,,,,,True,0.014893076044098638,10.156478681336658,9.400425713114544,76.4254720706353,0.2082695749000931,-0.0033242093897103775,-3.0347470254780733,2.842170943040401e-15,0.0,0.0,0.0,0.0,0.0,True,2,0.8365170081275883,-16.49918577935439,-6.103500494249483,45.319881198005234,2.502641698035015,0.22979261062348075,0.03501508875984135,32.05144292029197,12.504128229515398,-27.107300551085594,-0.18256857141399851,2.8613315354231985,0.9089492834387528,True,-11.388132914659556,-29.01533564274036,72.04994411365924,25.652596632612045,36.04922941456478,-1.2180307447627456
2026-07-27T22:44:33.292+00:00,159.700000,107915.300000,1.219164,4095,2,02,80,FFFFFFFF,32,3.00259286,3.11410650,2.20729389,1.38378636,1.10816979,0.48078791,2.20756704,1.19840801,1.05502965,1.49839590,2.20765546,0.89427348,1.01365297,0.96229905,2.20796182,0.64059902,2.00018602,0.98477218,2.20785654,1.01293591,0.76948911,0.81327871,2.20783653,1.18015129,1.82414700,1.38686581,2.20755125,1.16348816,1.08165977,0.80993793,2.20806605,0.71445225,SD 02 80 FFFFFFFF 93767D 95BC75 7FEBED 62929E 557F12 2DBDEC 7FEDF4 5A02AF 52B8A9 677026 7FEE9C 49BF7E 507F4B 4DA7FA 7FF0E2 398789 799F03 4EE923 7FF01A 50754C 421D77 44DD8C 7FEFF4 591DD9 73C1D9 62B51F 7FEDD6 584AD3 541F89 44A88D 7FF1A8 3E8AA3 7CD7A4 000FFF 02 107771,2026-07-27T22:44:33.114+00:00,serial_request_midpoint,356.0834,True,matched,72.6912,72.6912,2026-07-27T22:44:33.187+00:00,99.236156,1785192273129.144,2980,False,,,,,,,,,,,,,,False,,,,,,,,,,,,,,True,0.8358700836322055,-16.257773401344746,-8.205712829661497,41.14653092610819,0.01013982205963805,-0.9761452305017388,-2.8001780331851402,32.64264716450562,14.809328053147942,-31.052978097635286,0.6583042612627045,-0.1599383087191707,0.13048825222479618,False,,,,,,,,,,,,,,False,,,,,,,,,,,,,,False,,,,,,,,,,,,,,True,0.024827754136141182,10.150810808065783,9.397194016475652,76.38671268848096,0.2118329651859725,0.00618771888443592,-3.0353324689759424,0.0,0.0,0.0,0.0,0.0,0.0,True,2,0.8358700836322157,-16.781318661409696,-5.103678906845537,45.101781714093605,2.4943636107777616,0.2305412193864935,0.039223007288880424,32.30514998218253,11.681940193857864,-27.097442265034903,-0.18733897458338136,2.8550513617617677,0.929361786995205,True,-11.718885723492726,-27.79471969560412,72.02871535690069,25.807929809962637,34.837966331085866,-0.8837836440438082
2026-07-27T22:44:33.848+00:00,160.200000,107915.800000,1.217332,4095,2,02,80,FFFFFFFF,32,3.00375390,3.11532770,2.20756020,1.38479751,1.10841361,0.48079728,2.20815134,1.19867623,1.05517457,1.49847268,2.20752862,0.89443203,1.01377994,0.96242011,2.20785022,0.64065249,2.00082912,0.98504665,2.20724706,1.01313287,0.76958728,0.81331249,2.20785443,1.18012650,1.82441959,1.38710449,2.20764599,1.16414205,1.08197540,0.80995983,2.20543329,0.71449423,SD 02 80 FFFFFFFF 937CAD 95C2B2 7FEDE7 629DF4 558247 2DBE1C 7FF24A 5A0607 52BAA1 6770F5 7FEDAB 49C1E0 508110 4DA9B8 7FF00E 39887D 79A444 4EED08 7FEB94 50780B 421F11 44DE15 7FF016 591D89 73C446 62B7CB 7FEE8A 585325 5423C1 44A8E6 7FDE1C 3E8B59 7CA7A4 000FFF 02 107776,2026-07-27T22:44:33.670+00:00,serial_request_midpoint,355.4951,True,matched,81.62315,81.62315,2026-07-27T22:44:33.751+00:00,99.801112,1785192273695.768,2997,False,,,,,,,,,,,,,,False,,,,,,,,,,,,,,True,0.8622161285783474,-16.478939116557072,-7.445941164305587,40.93681496852584,0.00862718157601723,-0.9927315517186306,-2.80165081479043,32.71362063300721,13.992580629047733,-31.45340417626925,0.6679838344196684,-0.1575385791329734,0.12296898925838083,False,,,,,,,,,,,,,,False,,,,,,,,,,,,,,False,,,,,,,,,,,,,,True,0.02113564509581399,10.159673957296523,9.40731061643613,76.45641687751282,0.20592126597114077,0.003937572413073744,-3.0355987616069386,0.0,0.0,0.0,0.0,0.0,0.0,True,2,0.8622161285783452,-16.99042744656105,-4.300315811582548,44.859077541559415,2.484738902859507,0.22110751299991954,0.037926528609308306,32.37933375143841,10.827974757991518,-27.527306262954845,-0.17652354565192455,2.8535795014831993,0.944133141519887,True,-12.134624305406579,-26.747984702583704,72.02697499326666,26.138208009869032,33.75715747518562,-1.0533144194191437
2026-07-27T22:44:34.405+00:00,161.400000,107917.000000,1.220384,4095,2,02,80,FFFFFFFF,32,3.00026135,3.11249083,2.20455903,1.38443194,1.10854340,0.48079728,2.20729231,1.19885048,1.05484565,1.49851905,2.20769389,0.89446218,1.01380881,0.96235035,2.20796971,0.64065293,2.00104242,0.98507859,2.20769968,1.01311746,0.76958009,0.81325505,2.20535022,1.17990891,1.82428833,1.38684138,2.20719759,1.16447954,1.08197774,0.80998836,2.20755178,0.71452422,SD 02 80 FFFFFFFF 936A0E 95B433 7FD79D 6299DB 5583FC 2DBE1C 7FEBEA 5A0833 52B629 677172 7FEEE5 49C254 508177 4DA8B7 7FF0F1 39887F 79A602 4EED7C 7FEEF0 5077D4 421EF3 44DD2C 7FDD7E 591ACB 73C31B 62B4D9 7FEB36 585770 5423C9 44A95A 7FEDD7 3E8BDB 7CF7A3 000FFF 02 107782,2026-07-27T22:44:34.227+00:00,serial_request_midpoint,356.5594,True,matched,97.7759,97.7759,2026-07-27T22:44:34.324+00:00,100.374007,1785192274262.407,3014,False,,,,,,,,,,,,,,False,,,,,,,,,,,,,,True,0.9069918000141198,-16.495425760381742,-6.735229868393446,40.85015363302406,0.03474575784998243,-0.9939301457688816,-2.793461554064345,32.67543876536737,13.322801855417913,-31.468239954375804,0.6722364953671277,-0.14027255140993455,0.1302626360037576,False,,,,,,,,,,,,,,False,,,,,,,,,,,,,,False,,,,,,,,,,,,,,True,0.047693503056946154,10.154151810544317,9.400797171470797,76.41502563158659,0.20638273354938852,0.006468930858509439,-3.0352313882539605,0.0,0.0,0.0,0.0,0.0,0.0,True,2,0.9069918000141345,-17.102740064161353,-3.5922730036436334,44.76087149976057,2.481233597320303,0.23071536056123076,0.06084443266048719,32.435185408318354,10.144860642475345,-27.546035125204686,-0.18869561911810515,2.8670296187345,0.9549106674913409,True,-12.3535776163754,-25.948667046465044,72.02272059659894,26.27191115486241,32.93017883587805,-0.9299753109829794
2026-07-27T22:44:34.963+00:00,162.000000,107917.600000,1.219163,4095,2,02,80,FFFFFFFF,32,2.99776660,3.11051803,2.20748809,1.38398458,1.10861647,0.48080860,2.20764652,1.19900280,1.05468870,1.49847788,2.20778179,0.89448636,1.01376116,0.96234601,2.20779495,0.64066060,2.00096877,0.98507859,2.20756756,1.01308075,0.76958895,0.81327822,2.20798656,1.17986304,1.82426683,1.38678905,2.20736862,1.16493997,1.08205344,0.81002698,2.20541489,0.71460611,SD 02 80 FFFFFFFF 935CBD 95AA1C 7FED5E 6294D7 5584F2 2DBE56 7FEE8B 5A0A19 52B407 677103 7FEF8C 49C2B1 5080CD 4DA8A7 7FEFA5 3988A2 79A568 4EED7C 7FEDF5 507751 421F18 44DD8A 7FF111 591A37 73C2EA 62B443 7FEC7B 585D4B 5424CC 44A9F7 7FDDF9 3E8D3E 7CD7A3 000FFF 02 107788,2026-07-27T22:44:34.784+00:00,serial_request_midpoint,357.4867,True,matched,26.58875,26.58875,2026-07-27T22:44:34.811+00:00,100.860006,1785192274729.052,3028,False,,,,,,,,,,,,,,False,,,,,,,,,,,,,,True,0.7797448350599427,-16.61290975720494,-6.09524451828909,40.809891346468504,0.02254894184349517,-0.997786998182521,-2.7946338577779395,32.7848095776651,12.729637743363586,-31.41041513577279,0.6757100134733273,-0.15047780805639388,0.12883347986643545,False,,,,,,,,,,,,,,False,,,,,,,,,,,,,,False,,,,,,,,,,,,,,True,0.023347064414309157,10.153101321252636,9.40186807249024,76.40373558138094,0.20899211192022837,0.008917020021434014,-3.0351536914984014,2.842170943040401e-15,0.0,0.0,0.0,0.0,0.0,True,2,0.7797448350599246,-17.178561328316995,-2.93824915356499,44.71554641183749,2.4794243064185664,0.22748019881762663,0.05008089743667556,32.49643841553935,9.535889649071596,-27.504325261551525,-0.1858032657681435,2.8559962942351445,0.9570288892503593,True,-12.353795954420338,-25.239782033097114,72.00903620413308,26.196541833573292,32.23267747012417,-0.8446470865472634
2026-07-27T22:44:35.519+00:00,163.100000,107918.700000,1.219164,4095,2,02,80,FFFFFFFF,32,2.99720125,3.10985618,2.20695922,1.38416992,1.10868419,0.48082345,2.20771284,1.19916360,1.05471888,1.49855800,2.20527713,0.89453107,1.01386992,0.96238238,2.20486917,0.64067310,2.00106824,0.98517799,2.20717549,1.01318498,0.76962128,0.81332161,2.20536704,1.17993432,1.82428307,1.38696805,2.20473302,1.16537072,1.08225953,0.81005281,2.20671140,0.71463817,SD 02 80 FFFFFFFF 9359B8 95A6B9 7FE971 6296EB 5585D6 2DBEA2 7FEF09 5A0C1A 52B470 6771DB 7FDCF3 49C35D 508251 4DA92D 7FD9EB 3988DB 79A638 4EEEE5 7FEB0C 5078C5 421F9F 44DE3A 7FDD9E 591B1D 73C30F 62B644 7FD8E8 5862C5 54278D 44AA60 7FE79A 3E8DC9 7CD7A5 000FFF 02 107793,2026-07-27T22:44:35.341+00:00,serial_request_midpoint,355.9117,True,matched,46.33175,46.33175,2026-07-27T22:44:35.388+00:00,101.436846,1785192275329.059,3046,False,,,,,,,,,,,,,,False,,,,,,,,,,,,,,True,0.795435629453995,-16.33870842371511,-5.510715734440476,40.794683445498606,0.03690639755073951,-0.9988261265916641,-2.7965572455625822,32.495270956340406,11.962939620693598,-31.489715494793113,0.6708566394233597,-0.14152799054770154,0.12618100966918805,False,,,,,,,,,,,,,,False,,,,,,,,,,,,,,False,,,,,,,,,,,,,,True,0.020334572416533483,10.150205017673958,9.398852195230416,76.38539838187607,0.21077671026898487,0.00042675471918266167,-3.0343725942714395,0.0,0.0,1.1368683772161604e-14,0.0,0.0,0.0,True,2,0.7954356294539945,-16.946051641971906,-2.356813137861457,44.69657471675868,2.479155451341034,0.22464247227684767,0.0627686050137602,32.241826818493465,8.7902000934197,-27.564131101703243,-0.1825319264930347,2.86691387764408,0.9526936545111492,True,-12.365648447919062,-24.670597777853732,72.02213484554844,26.179020338361674,31.62979877727806,-0.9715301706751575
2026-07-27T22:44:36.078+00:00,163.700000,107919.300000,1.218553,4095,2,02,80,FFFFFFFF,32,2.99620321,3.10902204,2.20742546,1.38410930,1.10885233,0.48083028,2.20778442,1.19927268,1.05462344,1.49855688,2.20551112,0.89456902,1.01389319,0.96242581,2.20725653,0.64068230,2.00106155,0.98524627,2.20510258,1.01324999,0.76964115,0.81326836,2.20502267,1.17977565,1.82423698,1.38649738,2.20715917,1.16554925,1.08216160,0.81003583,2.20795919,0.71460403,SD 02 80 FFFFFFFF 935463 95A274 7FECE7 62963D 55880C 2DBEC5 7FEF91 5A0D76 52B324 6771D8 7FDEB0 49C3EF 5082A4 4DA9CD 7FEBA6 398905 79A62A 4EEFDD 7FDBA7 5079AD 421FF2 44DD62 7FDB0F 59191D 73C2A6 62B0FF 7FEAED 58650A 54263E 44AA1B 7FF0DD 3E8D35 7CC7A3 000FFF 02 107799,2026-07-27T22:44:35.899+00:00,serial_request_midpoint,359.1667,True,matched,62.02325,62.02325,2026-07-27T22:44:35.961+00:00,102.01025,1785192275895.735,3063,False,,,,,,,,,,,,,,False,,,,,,,,,,,,,,True,0.7647679078963429,-16.318089804172722,-6.3112899907462365,40.482771683302964,-0.0046868465730196904,-1.0291807594020292,-2.805804162513403,32.586347613878345,12.805517925919991,-31.78528430121873,0.6898396262757512,-0.17036000808625013,0.10831646427413864,False,,,,,,,,,,,,,,False,,,,,,,,,,,,,,False,,,,,,,,,,,,,,True,0.028149658703167987,10.151465421075363,9.402312927023228,76.37986025317286,0.21003787045088362,0.0025344605941204504,-3.034253539975637,0.0,0.0,0.0,0.0,0.0,0.0,True,2,0.7647679078963392,-16.768411666676194,-3.0691966779375854,44.333325426387646,2.464012529776564,0.19893450021938228,0.02641712693150033,32.17782090264999,9.55489599628567,-27.93726065862192,-0.1542479531460104,2.8326031413016426,0.9721142131518755,True,-12.273637995100362,-24.979355332521337,71.99762140702714,26.12513475793643,31.948903294898834,-0.9660771051439383
2026-07-27T22:44:36.635+00:00,164.800000,107920.400000,1.217332,4095,2,02,80,FFFFFFFF,32,2.99247329,3.10592206,2.20764809,1.38316470,1.10878252,0.48083028,2.20812238,1.19928178,1.05423515,1.49849754,2.20773915,0.89451105,1.01380012,0.96233651,2.20778284,0.64065425,2.00080186,0.98517909,2.20754967,1.01307375,0.76957578,0.81319071,2.20784864,1.17952867,1.82400830,1.38570704,2.20768336,1.16549486,1.08177842,0.81000730,2.20786180,0.71455790,SD 02 80 FFFFFFFF 934071 959293 7FEE8E 628BA5 558721 2DBEC5 7FF213 5A0D93 52ADDD 677138 7FEF3B 49C310 508158 4DA884 7FEF8E 398885 79A40B 4EEEE9 7FEDD3 507738 421EE1 44DC27 7FF00B 591600 73C09D 62A825 7FEED1 586459 54211F 44A9A7 7FF024 3E8C6D 7CA7A3 000FFF 02 1077A4,2026-07-27T22:44:36.457+00:00,serial_request_midpoint,356.2321,True,matched,23.26505,23.26505,2026-07-27T22:44:36.480+00:00,102.529361,1785192276429.028,3079,False,,,,,,,,,,,,,,False,,,,,,,,,,,,,,True,0.8810089223156783,-16.294906922421863,-6.5287881942327575,40.460601505578225,-0.007150578881685266,-1.0395130179340553,-2.80366317080519,32.611827887434245,13.196287719199612,-31.681482149693647,0.7003585687376805,-0.17353643193144136,0.10976734735608094,False,,,,,,,,,,,,,,False,,,,,,,,,,,,,,False,,,,,,,,,,,,,,True,0.05216086082032065,10.147685901610286,9.396447237511424,76.35720023184828,0.21271938918360497,0.008065938819476365,-3.035957011844766,2.842170943040401e-15,0.0,1.1368683772161604e-14,0.0,0.0,0.0,True,2,0.8810089223156685,-16.737303211201127,-3.2587333547620956,44.28836191677184,2.457170645229815,0.19665132723630271,0.02426537179354576,32.195749155418525,9.904638922581462,-27.86931090702121,-0.15626998474055037,2.824453257619403,0.9860893878180044,True,-12.268884441651021,-24.981065579806682,72.10463109753853,26.031671482749026,32.0044975142206,-0.6815983992172505
2026-07-27T22:44:37.191+00:00,166.000000,107921.600000,1.217943,4095,2,02,80,FFFFFFFF,32,2.98960607,3.10328706,2.20747283,1.38231179,1.10875251,0.48081739,2.20520510,1.19929087,1.05396935,1.49853648,2.20481555,0.89440370,1.01370847,0.96226051,2.20686030,0.64063211,2.00047432,0.98507419,2.20757441,1.01295972,0.76954609,0.81318356,2.20796761,1.17940504,1.82387049,1.38528481,2.20764599,1.16554249,1.08164399,0.81003239,2.20496011,0.71455259,SD 02 80 FFFFFFFF 933117 958510 7FED41 628213 5586BC 2DBE83 7FDC6A 5A0DB0 52AA40 6771A1 7FD985 49C173 508011 4DA76C 7FE8B5 398820 79A15E 4EED6C 7FEE02 5075A1 421E65 44DC0A 7FF0ED 591471 73BF63 62A36A 7FEE8A 5864F4 541F53 44AA0D 7FDA98 3E8C56 7CB7A5 000FFF 02 1077B0,2026-07-27T22:44:37.014+00:00,serial_request_midpoint,355.4383,True,matched,81.22725,81.22725,2026-07-27T22:44:37.095+00:00,103.144029,1785192277029.035,3097,False,,,,,,,,,,,,,,False,,,,,,,,,,,,,,True,0.9255737625918664,-16.264930768839864,-5.686787035158127,40.36127431618984,-0.022485015697535516,-1.0490145308943573,-2.800561149192986,32.562791619006134,12.104419357678827,-31.85935873926389,0.6999698343140788,-0.18509950983634346,0.10925471758156761,False,,,,,,,,,,,,,,False,,,,,,,,,,,,,,False,,,,,,,,,,,,,,True,0.020187415266990187,10.149534182005075,9.395573905779054,76.37057221401552,0.2143974588799814,-0.0018549330174664367,-3.0347780540085947,0.0,-1.4210854715202005e-15,0.0,0.0,0.0,0.0,True,2,0.9255737625918659,-16.660748647029372,-2.386828256911661,44.16841538416771,2.450618819208618,0.19562869546131226,0.010903104832323169,32.09257959331673,8.812817931764013,-28.053444454086595,-0.15471967213733964,2.813902280960439,0.9821758876074732,True,-12.02586083322365,-23.91977257912074,72.10443941233298,25.74037921882338,30.926465490557046,-0.9203013117980163
2026-07-27T22:44:37.748+00:00,166.500000,107922.100000,1.217943,4095,2,02,80,FFFFFFFF,32,2.98773205,3.10171980,2.20463104,1.38175117,1.10872251,0.48084981,2.20719812,1.19928930,1.05374295,1.49848863,2.20753178,0.89436107,1.01367960,0.96220135,2.20795445,0.64063123,2.00019128,0.98504252,2.20769915,1.01283982,0.76951568,0.81312317,2.20783969,1.17928018,1.82384723,1.38467727,2.20788022,1.16553911,1.08145113,0.81001935,2.20747072,0.71449723,SD 02 80 FFFFFFFF 93270C 957D05 7FD826 627BC8 558657 2DBF29 7FEB37 5A0DAB 52A72C 677120 7FEDB1 49C0CF 507FAA 4DA692 7FF0D4 39881C 799F0E 4EECF9 7FEEEF 5073F5 421DE6 44DB15 7FEFFA 5912DE 73BF2E 629C9B 7FF047 5864E9 541CBF 44A9D8 7FED3D 3E8B66 7CB7A5 000FFF 02 1077B5,2026-07-27T22:44:37.570+00:00,serial_request_midpoint,356.2615,True,matched,50.72715,50.72715,2026-07-27T22:44:37.621+00:00,103.669552,1785192277562.498,3113,False,,,,,,,,,,,,,,False,,,,,,,,,,,,,,True,0.8818692589220513,-16.286684385430984,-5.630160107338336,40.36797619621645,-0.019725930322954412,-1.046536874596449,-2.797875717468266,32.480594873117106,12.14548762670783,-32.06783418979943,0.7019940516150337,-0.17947187210083226,0.11064636523996622,False,,,,,,,,,,,,,,False,,,,,,,,,,,,,,False,,,,,,,,,,,,,,True,0.013812515523154415,10.164933443651837,9.409155262343589,76.49246664330707,0.20778937398543657,0.002408685157253323,-3.034757306419551,0.0,-1.4210854715202005e-15,0.0,0.0,0.0,0.0,True,2,0.8818692589220275,-16.69671562210282,-2.3358452068488824,44.17849933713281,2.4513075835726346,0.20012303832652079,0.013218637052885217,32.039512059783064,8.846683032548958,-28.264670100855835,-0.15716405012635715,2.818052857519266,0.9866421277911832,True,-11.992637352655057,-23.881250977265147,72.093342208895,25.7428473403942,30.898634708217696,-1.0684432405407733
2026-07-27T22:44:38.305+00:00,167.700000,107923.300000,1.219164,4095,2,02,80,FFFFFFFF,32,2.98467646,3.09870889,2.20741757,1.38075252,1.10868449,0.48083692,2.20735915,1.19922786,1.05332873,1.49849716,2.20774021,0.89426205,1.01358683,0.96210555,2.20727758,0.64060515,1.99974577,0.98492221,2.20514832,1.01263618,0.76941225,0.81301447,2.20491122,1.17889636,1.82356813,1.38346210,2.20455062,1.16519988,1.08091973,0.81000336,2.20727653,0.71438351,SD 02 80 FFFFFFFF 9316A8 956D8E 7FECD8 627091 5585D7 2DBEE7 7FEC69 5A0CE7 52A18A 677137 7FEF3D 49BF52 507E5F 4DA531 7FEBCE 3987A5 799B6A 4EEB44 7FDBFE 50711E 421C36 44D95C 7FDA3B 590E07 73BCB2 628EFB 7FD78D 586099 5415A4 44A997 7FEBCC 3E8979 7CD7A5 000FFF 02 1077C1,2026-07-27T22:44:38.127+00:00,serial_request_midpoint,357.3991,True,matched,18.56465,18.56465,2026-07-27T22:44:38.145+00:00,104.194618,1785192278062.591,3128,False,,,,,,,,,,,,,,False,,,,,,,,,,,,,,True,0.9078680375297825,-16.385142577757225,-4.799348514831334,40.310624091323746,0.005396039542622797,-1.0458513533753495,-2.789176640152955,32.60655686688589,11.448209696712357,-31.75262831759227,0.7069514109780183,-0.16706386670736192,0.12206756520066457,False,,,,,,,,,,,,,,False,,,,,,,,,,,,,,False,,,,,,,,,,,,,,True,0.02057565667118485,10.143318875547541,9.392020952398637,76.32901143186999,0.21531528521955695,0.008373270912542934,-3.0351832836382435,2.842170943040401e-15,0.0,1.1368683772161604e-14,0.0,0.0,0.0,True,2,0.907868037529765,-16.88947386572881,-1.5103776881088886,44.114443707928636,2.448950165220441,0.21140352601751586,0.03492599780590956,32.24445778901895,8.131226275274901,-27.956942864022174,-0.17485206256974392,2.8261604597023102,0.9969804933050479,True,-12.246348675924894,-22.984028230632312,72.09470524318847,25.82631186977573,30.00041396545514,-0.6417941830590962
2026-07-27T22:44:38.861+00:00,168.300000,107923.900000,1.219164,4095,2,02,80,FFFFFFFF,32,2.98023929,3.09474114,2.20731968,1.37906259,1.10850033,0.48083223,2.20511835,1.19908993,1.05285432,1.49846860,2.20732915,0.89408221,1.01342541,0.96193676,2.20769441,0.64053765,1.99924300,0.98470969,2.20753756,1.01234994,0.76934809,0.81294472,2.20765388,1.17873623,1.82343825,1.38271278,2.20752967,1.16495840,1.08055027,0.80998787,2.20795234,0.71430855,SD 02 80 FFFFFFFF 92FED2 955926 7FEC1E 625D93 55836B 2DBECF 7FDBC5 5A0B2F 529B16 6770EA 7FEC30 49BC9E 507C1F 4DA2C3 7FEEE6 398671 79974E 4EE840 7FEDBC 506D20 421B2A 44D841 7FEE99 590C02 73BB8A 628693 7FEDAD 585D87 5410B3 44A958 7FF0D0 3E8834 7CD7A5 000FFF 02 1077C7,2026-07-27T22:44:38.684+00:00,serial_request_midpoint,354.3827,True,matched,62.65755,62.65755,2026-07-27T22:44:38.746+00:00,104.795523,1785192278662.643,3146,False,,,,,,,,,,,,,,False,,,,,,,,,,,,,,True,0.8898923897516104,-16.463540538984148,-4.810536441871391,40.058818486527784,0.0014857894025301149,-1.0656444190964605,-2.7849554782281105,32.63710638721308,11.254455422901632,-32.22493130116725,0.715295485155614,-0.16683375366585534,0.1182351388035026,False,,,,,,,,,,,,,,False,,,,,,,,,,,,,,False,,,,,,,,,,,,,,True,0.02078833928234483,10.151347938203411,9.402650195767688,76.38955911360283,0.21029526098317303,-8.37288488462217e-06,-3.034773292447673,0.0,-1.4210854715202005e-15,0.0,0.0,0.0,0.0,True,2,0.8898923897516193,-16.955241149436834,-1.4686434213730535,43.81790140839034,2.4358156709244962,0.20696008679111147,0.031482136838599455,32.27317022873167,7.906203696282543,-28.456976456433058,-0.16932128529891347,2.8226126977973296,1.009004671796292,True,-12.375249187785347,-22.57712285754276,72.08496854058778,25.96304931113724,29.558596898203643,-0.9446599896779162
2026-07-27T22:44:39.418+00:00,169.400000,107925.000000,1.216112,4095,2,02,80,FFFFFFFF,32,2.97813679,3.09283078,2.20516094,1.37827274,1.10838510,0.48083790,2.20729337,1.19905483,1.05265420,1.49850347,2.20766178,0.89398554,1.01333153,0.96187326,2.20782443,0.64052078,1.99886840,0.98461776,2.20763283,1.01221104,0.76930715,0.81287522,2.20751704,1.17866097,1.82331145,1.38213081,2.20769073,1.16482078,1.08023433,0.80995294,2.20783232,0.71427672,SD 02 80 FFFFFFFF 92F383 954F50 7FDC16 6254B1 5581E7 2DBEEC 7FEBEC 5A0ABF 52985D 677148 7FEEA8 49BB2A 507AD0 4DA1D9 7FEFDD 398624 79943E 4EE6F2 7FEE71 506B30 421A7F 44D727 7FED95 590B0F 73BA69 62800B 7FEEDF 585BC7 540C79 44A8CA 7FEFEC 3E87AA 7C87A5 000FFF 02 1077D2,2026-07-27T22:44:39.240+00:00,serial_request_midpoint,356.4737,True,matched,86.77765,86.77765,2026-07-27T22:44:39.326+00:00,105.37543,1785192279262.683,3164,False,,,,,,,,,,,,,,False,,,,,,,,,,,,,,True,0.8327174350713095,-17.136318815973734,-4.483595066024508,39.85521017962683,-0.039125219237308065,-1.071321666261576,-2.7973293943090196,33.42216268063504,11.014701828922679,-32.05622933974165,0.7205919967030912,-0.19923979728022762,0.10570290729464277,False,,,,,,,,,,,,,,False,,,,,,,,,,,,,,False,,,,,,,,,,,,,,True,0.04008458330705869,10.14152006223382,9.393522598690279,76.31493543321628,0.2170022292880956,0.00759592126414404,-3.034205599019084,-2.842170943040401e-15,0.0,0.0,0.0,0.0,0.0,True,2,0.8327174350712931,-17.476579914199768,-1.1220474537290797,43.61352669246004,2.43629301817504,0.18845057484830022,-0.0034012861251667293,32.89053261435941,7.643978416045547,-28.328453042558085,-0.14880600068288233,2.7909616250143205,1.0071642011169963,True,-12.802053589135431,-22.257535130862173,71.84491488040051,26.361350906548005,29.199843737919355,-0.7914638973416345
2026-07-27T22:44:39.976+00:00,170.000000,107925.600000,1.222215,4095,2,02,80,FFFFFFFF,32,2.97707639,3.09155014,2.20732284,1.37759258,1.10838421,0.48083126,2.20789444,1.19899810,1.05251640,1.49846601,2.20774968,0.89391694,1.01326876,0.96182957,2.20803762,0.64050413,1.99846377,0.98457097,2.20742283,1.01210240,0.76925999,0.81285575,2.20727810,1.17860089,1.82326012,1.38181519,2.20753546,1.16469730,1.08000690,0.80995245,2.20792497,0.71425481,SD 02 80 FFFFFFFF 92EDCE 9548B7 7FEC24 624D0A 5581E4 2DBECA 7FF062 5A0A0A 52967D 6770E3 7FEF4F 49BA22 5079F0 4DA138 7FF172 3985D8 7990EF 4EE648 7FECE2 5069AC 4219BA 44D6D8 7FEBCF 590A4D 73B9F4 627C80 7FEDB8 585A35 54096E 44A8C8 7FF09C 3E874B 7D27A5 000FFF 02 1077D8,2026-07-27T22:44:39.797+00:00,serial_request_midpoint,358.2968,True,matched,98.7915,98.7915,2026-07-27T22:44:39.896+00:00,105.944998,1785192279829.383,3181,False,,,,,,,,,,,,,,False,,,,,,,,,,,,,,True,0.8908007321172712,-16.815339674479105,-4.343510712202272,39.80645516555949,-0.022508327702810402,-1.064353497888401,-2.793876388382862,32.98055146010951,10.760256014076075,-32.400834481291696,0.7127688824669133,-0.18345207397469265,0.11001135406383444,False,,,,,,,,,,,,,,False,,,,,,,,,,,,,,False,,,,,,,,,,,,,,True,0.02862929532998475,10.152186653953791,9.397533058524248,76.37488689296214,0.21076130516496525,0.000527327545729876,-3.034759498156658,0.0,-1.4210854715202005e-15,0.0,0.0,0.0,0.0,True,2,0.8908007321172555,-17.216659470069185,-1.0019236006319288,43.57652955483162,2.439418270982061,0.19639921542858155,0.01083703951615344,32.52498450686883,7.420067729920203,-28.63568855042873,-0.15607154627299152,2.8091411662926853,1.0007196364813746,True,-12.569749261721753,-22.217881990323992,71.75206237773595,26.16239971437842,29.175990083192268,-1.2172883044458218
2026-07-27T22:44:40.531+00:00,171.100000,107926.700000,1.218553,4095,2,02,80,FFFFFFFF,32,2.97623403,3.09066413,2.20723758,1.37711846,1.10827789,0.48084317,2.20792971,1.19892288,1.05237746,1.49846564,2.20734705,0.89385250,1.01323177,0.96177341,2.20747020,0.64049755,1.99820584,0.98451372,2.20523086,1.01202428,0.76923941,0.81282322,2.20750967,1.17854762,1.82314693,1.38180580,2.20740704,1.16461038,1.07990473,0.80993424,2.20776337,0.71424259,SD 02 80 FFFFFFFF 92E945 954426 7FEB82 6247B4 55807E 2DBF07 7FF0A5 5A091A 529499 6770E2 7FEC52 49B92A 50796C 4DA069 7FED3C 3985BA 798ED3 4EE578 7FDC9B 506895 421964 44D654 7FED87 5909A1 73B8F2 627C65 7FECC4 58591A 540810 44A87E 7FEF69 3E8716 7CC7A5 000FFF 02 1077E3,2026-07-27T22:44:40.354+00:00,serial_request_midpoint,354.9711,True,matched,42.27395,42.27395,2026-07-27T22:44:40.396+00:00,106.445535,1785192280329.392,3196,False,,,,,,,,,,,,,,False,,,,,,,,,,,,,,True,0.8687495263619789,-16.714999851489154,-3.887415664872529,39.5986441697868,-0.03433073326256201,-1.0562194283603452,-2.7866920217586206,32.7114129963503,10.19169227037971,-32.948768917625095,0.7050908335855135,-0.18598701926468003,0.1168111138960944,False,,,,,,,,,,,,,,False,,,,,,,,,,,,,,False,,,,,,,,,,,,,,True,0.07572556749567956,10.162326558168076,9.410841271341948,76.48081048721093,0.20225960486869834,-0.004926104247732345,-3.034699964190527,0.0,0.0,0.0,0.0,0.0,0.0,True,2,0.8687495263619909,-17.09447925377038,-0.558843193420033,43.382468111817175,2.442183779737484,0.20867952963976963,0.000296564812850393,32.25257226993797,6.879399375160314,-29.15945448057796,-0.1657489567132984,2.8099385402255286,0.9889269434791934,True,-12.01146195689167,-21.82555579329334,71.44420692262807,25.656019289179376,28.822515725226367,-1.9462876609728255
2026-07-27T22:44:41.091+00:00,171.700000,107927.300000,1.218553,4095,2,02,80,FFFFFFFF,32,2.97617673,3.09059215,2.20751441,1.37701817,1.10824344,0.48084219,2.20571620,1.19893259,1.05240932,1.49844672,2.20723337,0.89385250,1.01321468,0.96176771,2.20766704,0.64047301,1.99812369,0.98442537,2.20716707,1.01204640,0.76921116,0.81280844,2.20748809,1.17851851,1.82306884,1.38137996,2.20746704,1.16448875,1.07976257,0.80992047,2.20553425,0.71420315,SD 02 80 FFFFFFFF 92E8F6 9543C7 7FED90 624693 55800A 2DBF02 7FE036 5A0939 529508 6770AF 7FEB7A 49B92A 50792F 4DA054 7FEEB2 39854A 798E27 4EE437 7FEAFC 5068E4 4218EE 44D618 7FED5E 590943 73B840 62779D 7FED36 58578E 540629 44A846 7FDEDC 3E866B 7CC7A5 000FFF 02 1077E9,2026-07-27T22:44:40.911+00:00,serial_request_midpoint,358.9394,True,matched,54.7547,54.7547,2026-07-27T22:44:40.966+00:00,107.015168,1785192280896.075,3213,False,,,,,,,,,,,,,,False,,,,,,,,,,,,,,True,0.8428805441828099,-16.633798095914383,-3.65184651330089,40.08728303243219,-0.022014132001405867,-1.049898814803204,-2.7950070367257225,32.694633465097425,10.461485450942728,-31.945099514790805,0.713537322066448,-0.1842414626270641,0.114265082225646,False,,,,,,,,,,,,,,False,,,,,,,,,,,,,,False,,,,,,,,,,,,,,True,0.004075200297824763,10.134818324380948,9.386130120043509,76.31328831204729,0.2120022695215612,0.016499213210032924,-3.0353544969037447,0.0,0.0,0.0,0.0,0.0,0.0,True,2,0.8428805441827799,-17.040267162747227,-0.3469810047042732,43.88904180686081,2.448442751801845,0.2019524633198897,0.01118062632459834,32.243271971778526,7.117728053594433,-28.182616002378285,-0.16223836066346473,2.8076613508187647,1.0014419485697224,True,-12.266483243888862,-21.8075641253219,71.85733946601874,25.741232240619787,28.836101946417962,-0.7671636165776021
2026-07-27T22:44:41.647+00:00,172.800000,107928.400000,1.218553,4095,2,02,80,FFFFFFFF,32,2.97448055,3.08882410,2.20709392,1.37641689,1.10817158,0.48085684,2.20786812,1.19893196,1.05215846,1.49842892,2.20798761,0.89374415,1.01317433,0.96172701,2.20797550,0.64044803,1.99782998,0.98440253,2.20754914,1.01191900,0.76921284,0.81277738,2.20764073,1.17842902,1.82309955,1.38120082,2.20479031,1.16440553,1.07968318,0.80992933,2.20485024,0.71423798,SD 02 80 FFFFFFFF 92DFD3 953AA9 7FEA71 623FCE 557F18 2DBF4D 7FF030 5A0937 52919E 67707F 7FF113 49B789 50789F 4D9FBE 7FF0FC 3984D8 798BC0 4EE3E4 7FEDD2 50671D 4218F5 44D59A 7FEE80 590822 73B886 62759A 7FD955 58567F 540519 44A86A 7FD9C7 3E8702 7CC7A5 000FFF 02 1077F4,2026-07-27T22:44:41.469+00:00,serial_request_midpoint,356.0749,True,matched,81.22665,81.22665,2026-07-27T22:44:41.550+00:00,107.59931,1785192281496.148,3231,False,,,,,,,,,,,,,,False,,,,,,,,,,,,,,True,0.8586681494196448,-16.805479857149646,-3.393891848162203,40.044812168577735,-0.0212450734099836,-1.0642194882025313,-2.7875959909251433,32.720865352819274,9.831923737039762,-32.370458046422,0.7148617656339663,-0.17881251627804587,0.11371624877017528,False,,,,,,,,,,,,,,False,,,,,,,,,,,,,,False,,,,,,,,,,,,,,True,0.04855333314331265,10.152937592482814,9.403864221757264,76.44027172234146,0.2039717474405549,0.0017776330917156202,-3.0343131163100767,-2.842170943040401e-15,0.0,0.0,0.0,0.0,0.0,True,2,0.8586681494196355,-17.221707093762642,-0.04980760821672625,43.81105411285997,2.4376144229886703,0.20407009208091964,0.011776533976810532,32.29397150639839,6.4839666462209795,-28.608853619964425,-0.16183319193572152,2.81210421069628,1.0049443419544102,True,-12.415026655749703,-21.201366520225726,72.00819392332275,25.90291220720413,28.1669574441978,-1.1393507882569565
2026-07-27T22:44:42.204+00:00,174.000000,107929.600000,1.218553,4095,2,02,80,FFFFFFFF,32,2.97637912,3.09058911,2.20478453,1.37688214,1.10822770,0.48085254,2.20454852,1.19891191,1.05244894,1.49838367,2.20474301,0.89383379,1.01320404,0.96179484,2.20679979,0.64048112,1.99817670,0.98453766,2.20722864,1.01218584,0.76927938,0.81291515,2.20472250,1.17892950,1.82344878,1.38270895,2.20464051,1.16506961,1.08045507,0.80998836,2.20725969,0.71450369,SD 02 80 FFFFFFFF 92EA0D 9543C3 7FD94A 62450B 557FD5 2DBF37 7FD789 5A08F7 529592 677005 7FD8FB 49B8E2 507909 4DA0B8 7FE842 39856F 798E96 4EE5CF 7FEB71 506AD6 421A0B 44D7C9 7FD8D4 590E72 73BBA2 628688 7FD838 585EF1 540F6D 44A95A 7FEBAC 3E8B82 7CC7A5 000FFF 02 107800,2026-07-27T22:44:42.026+00:00,serial_request_midpoint,356.9863,True,matched,22.57075,22.57075,2026-07-27T22:44:42.048+00:00,108.09757,1785192281996.194,3246,False,,,,,,,,,,,,,,False,,,,,,,,,,,,,,True,0.7358719941262778,-16.836863560536873,-2.004224925758474,40.049598398539175,-0.00445283751100817,-1.0525838901074895,-2.790150125739291,32.69734756240405,8.50681756293036,-32.272102425670965,0.7075019059671951,-0.16937766947748137,0.1177290342164958,False,,,,,,,,,,,,,,False,,,,,,,,,,,,,,False,,,,,,,,,,,,,,True,0.046221250584458196,10.154410440177072,9.398832155997017,76.44207694352478,0.20876131734034198,0.002420547192832537,-3.0358558774015916,0.0,0.0,0.0,0.0,0.0,0.0,True,2,0.735871994126274,-17.30599812591121,1.3044087457881248,43.84084871258897,2.4452761693033387,0.20688217619159913,0.026377587199846245,32.3173392442615,5.187731167971961,-28.480007735707638,-0.16831767266871034,2.8241407086832413,0.9972087727146497,True,-12.644318238688374,-20.067608528823783,71.89574013948459,25.98481582410911,27.059136351846483,-1.1466563651172237
2026-07-27T22:44:42.760+00:00,174.600000,107930.200000,1.218553,4095,2,02,80,FFFFFFFF,32,2.98468446,3.09779618,2.20722916,1.37962167,1.10849528,0.48086348,2.20813080,1.19925450,1.05347034,1.49844227,2.20791286,0.89420331,1.01356105,0.96212074,2.20778126,0.64059157,1.99901603,0.98498030,2.20789023,1.01290173,0.76951544,0.81322941,2.20789549,1.17977812,1.82382660,1.38552886,2.20777600,1.16620272,1.08193332,0.81013571,2.20792971,0.71488388,SD 02 80 FFFFFFFF 9316B3 9568DD 7FEB72 6263DC 55835A 2DBF6F 7FF223 5A0D3C 52A377 6770A3 7FF085 49BE70 507E03 4DA569 7FEF8B 398767 799573 4EEC17 7FF05A 5074D2 421DE5 44DCC4 7FF064 591925 73BEFF 62A626 7FEF81 586D58 542331 44ABB1 7FF0A5 3E91F2 7CC7A5 000FFF 02 107806,2026-07-27T22:44:42.582+00:00,serial_request_midpoint,355.5629,True,matched,45.42565,45.42565,2026-07-27T22:44:42.628+00:00,108.676859,1785192282562.862,3263,False,,,,,,,,,,,,,,False,,,,,,,,,,,,,,True,0.625374573312745,-16.78282473780977,-1.6431018186285133,39.88721883032697,0.008886776988987658,-1.0627099954407373,-2.7773846700849507,32.680210990784815,8.196098996261016,-32.28899260296026,0.7184809604590807,-0.1628087734600494,0.12686654451126772,False,,,,,,,,,,,,,,False,,,,,,,,,,,,,,False,,,,,,,,,,,,,,True,0.010667401159639755,10.145096691955555,9.393818361102529,76.36768912460056,0.21149064252712363,0.00590181622392692,-3.0347464323701048,-2.842170943040401e-15,0.0,0.0,0.0,0.0,0.0,True,2,0.6253745733127627,-17.31217687628654,1.6924621560808308,43.6468095493284,2.435198623626246,0.21758086328008058,0.03777083623786177,32.35135597418836,4.8359050690779135,-28.52845085474478,-0.18232840307642548,2.8239434480951244,1.0144649063031848,True,-12.583847047406847,-19.38428913147855,71.91312814450168,25.858074042186978,26.364054365606542,-0.961307507091476
2026-07-27T22:44:43.316+00:00,175.700000,107931.300000,1.219774,4095,2,02,80,FFFFFFFF,32,2.99639621,3.10839108,2.20702815,1.38402081,1.10908079,0.48085137,2.20801341,1.19982231,1.05496870,1.49847639,2.20535705,0.89476711,1.01414241,0.96263728,2.20717707,0.64074214,2.00075404,0.98575411,2.20540543,1.01405522,0.76993451,0.81371536,2.20511047,1.18099463,1.82470714,1.39017180,2.20714128,1.16824559,1.08447514,0.81031850,2.20743546,0.71547998,SD 02 80 FFFFFFFF 93556B 959F39 7FE9F4 62953F 558B0D 2DBF31 7FF144 5A144F 52B7D5 6770FF 7FDD8B 49C6E9 50861D 4DACD8 7FEB0F 398A16 79A3A7 4EF711 7FDDE7 5084E6 4224BB 44E477 7FDBB6 592879 73C6D5 62DA19 7FEACB 588749 544523 44AE98 7FECFA 3E9C09 7CE7A5 000FFF 02 107811,2026-07-27T22:44:43.138+00:00,serial_request_midpoint,355.941,True,matched,76.6092,76.6092,2026-07-27T22:44:43.215+00:00,109.263962,1785192283162.867,3281,False,,,,,,,,,,,,,,False,,,,,,,,,,,,,,True,0.6292484540029315,-17.215993391610702,-0.326282426704953,39.79115910052881,-0.0027602492969039656,-1.068766723133245,-2.7731415480133705,32.983004315391575,6.969390764257396,-32.25726971051019,0.726234963985938,-0.17130491603185102,0.1295405559175377,False,,,,,,,,,,,,,,False,,,,,,,,,,,,,,False,,,,,,,,,,,,,,True,0.03341530742853365,10.138051200516465,9.389849466055402,76.31971581941735,0.21175045835885514,0.011216259484261335,-3.0350446805636615,0.0,0.0,0.0,0.0,0.0,0.0,True,2,0.6292484540029034,-17.713866315756018,3.030238250022608,43.53637132397838,2.430364554063885,0.21960710422491492,0.02755335407742027,32.62374765422767,3.578350748311955,-28.5273226113895,-0.18565770790177344,2.811918157373861,1.0227840419663388,True,-12.792771484669833,-17.896838110060383,71.88088782038137,25.89356761379136,24.877847427334586,-0.8396460643087493
2026-07-27T22:44:43.874+00:00,176.300000,107931.900000,1.217333,4095,2,02,80,FFFFFFFF,32,3.01415077,3.12413734,2.20505895,1.39052630,1.10996910,0.48087734,2.20719812,1.20063374,1.05682273,1.49856245,2.20756704,0.89558394,1.01492901,0.96330633,2.20786443,0.64096747,2.00346382,0.98684111,2.20784548,1.01542248,0.77040280,0.81412672,2.20557369,1.18190604,1.82561398,1.39470794,2.20728600,1.17052702,1.08733696,0.81050968,2.20765020,0.71592785,SD 02 80 FFFFFFFF 93B3F6 95EF9D 7FDB54 62DE0F 5596BA 2DBFB6 7FEB37 5A1E6A 52D102 6771E7 7FEDF4 49D32E 509112 4DB678 7FF029 398E1A 79B9C6 4F067A 7FF005 5097F1 422C5E 44EAFB 7FDF27 5933F3 73CEE6 630CB9 7FEBDE 58A438 546B4B 44B1A1 7FEE92 3EA39D 7CA7A5 000FFF 02 107817,2026-07-27T22:44:43.695+00:00,serial_request_midpoint,357.4264,True,matched,38.8817,38.8817,2026-07-27T22:44:43.734+00:00,109.783091,1785192283662.875,3296,False,,,,,,,,,,,,,,False,,,,,,,,,,,,,,True,0.6859449800130505,-17.340217503700654,0.08504658823377347,39.74959973047456,-0.0026693937492713294,-1.0735300787746078,-2.7713794178587117,33.14689542532411,6.564195807130423,-32.22257326668575,0.7294786129241568,-0.17337263273332745,0.13119365021482904,False,,,,,,,,,,,,,,False,,,,,,,,,,,,,,False,,,,,,,,,,,,,,True,0.045697715270999056,10.140558923659624,9.3902683232845,76.33264698285129,0.21534611892469518,0.01132725522773559,-3.0353789104497633,-2.842170943040401e-15,0.0,-1.1368683772161604e-14,0.0,0.0,0.0,True,2,0.6859449800130293,-17.83960637711871,3.4542055884154292,43.483244245222,2.4269636336764804,0.2194011481231508,0.027613420255318738,32.782739150760456,3.1605426152074485,-28.504609020661995,-0.18794255424080655,2.808203099080714,1.0266824728081796,True,-12.927203460208094,-17.376423417152857,71.9002199383962,25.964442550025826,24.361637468100092,-0.7630206877058299
2026-07-27T22:44:44.431+00:00,177.400000,107933.000000,1.219163,4095,2,02,80,FFFFFFFF,32,3.02573121,3.13514983,2.20516146,1.39552713,1.11086295,0.48088848,2.20720180,1.20133507,1.05775672,1.49866705,2.20517145,0.89612690,1.01544296,0.96372327,2.20451751,0.64113255,2.00607545,0.98765995,2.20691081,1.01623244,0.77071715,0.81431591,2.20786127,1.18196655,1.82617058,1.39630355,2.20538019,1.17194263,1.08893439,0.81061623,2.20700868,0.71602968,SD 02 80 FFFFFFFF 93F148 96278E 7FDC17 6315DA 55A278 2DBFEF 7FEB3E 5A2725 52DDAE 677301 7FDC2A 49DB55 50983A 4DBC77 7FD74E 39910B 79CF11 4F1214 7FE915 50A337 42317E 44EDFA 7FF023 5934B6 73D3D9 631E80 7FDDB7 58B627 548090 44B352 7FE9CF 3EA556 7CD7A3 000FFF 02 107822,2026-07-27T22:44:44.252+00:00,serial_request_midpoint,356.867,True,matched,67.3205,67.3205,2026-07-27T22:44:44.320+00:00,110.368906,1785192284262.878,3314,False,,,,,,,,,,,,,,False,,,,,,,,,,,,,,True,0.5750482578398493,-17.6275583320432,0.8882438868310881,39.569942844374324,-0.011765104039626858,-1.0987248396410565,-2.768358662960955,33.25174287737514,5.6733900711369145,-32.612904730464194,0.7445382512785773,-0.17570903831323476,0.12437234733930132,False,,,,,,,,,,,,,,False,,,,,,,,,,,,,,False,,,,,,,,,,,,,,True,0.056237819253932717,10.15170683173007,9.399787805254388,76.41194823667348,0.20849417843008652,0.008020556831891805,-3.035723662332656,0.0,0.0,-1.1368683772161604e-14,0.0,0.0,0.0,True,2,0.5750482578398488,-18.093365092075913,4.32377082019161,43.2470207361436,2.4110250233368298,0.210473763671622,0.019775308438093348,32.871951429629824,2.2142069189245057,-28.948135509169976,-0.1779157742175005,2.7990296756756283,1.0473994355822618,True,-13.279912139356219,-16.060446846220955,72.00264028315416,26.194528926832607,23.017189772822316,-0.8728928952277102
2026-07-27T22:44:44.987+00:00,178.000000,107933.600000,1.219163,4095,2,02,80,FFFFFFFF,32,3.02207257,3.13261203,2.20723811,1.39573611,1.11131273,0.48089765,2.20770757,1.20166497,1.05735760,1.49868523,2.20767810,0.89618259,1.01550890,0.96375207,2.20753914,0.64118298,2.00701722,0.98787810,2.20710234,1.01618360,0.77072841,0.81421848,2.20784969,1.18135938,1.82617849,1.39500094,2.20758651,1.17235018,1.08890299,0.81062878,2.20780074,0.71588236,SD 02 80 FFFFFFFF 93DDF0 961AAF 7FEB83 63182E 55A860 2DC01E 7FEEFF 5A2B40 52D844 677332 7FEEC7 49DC2B 509925 4DBCE1 7FEDBF 3991F1 79D6BD 4F152B 7FEA81 50A289 4231AD 44EC6F 7FF00D 592D11 73D3EB 630FFD 7FEE19 58BB50 548025 44B385 7FEFB0 3EA2D8 7CD7A3 000FFF 02 107828,2026-07-27T22:44:44.809+00:00,serial_request_midpoint,356.7458,True,matched,95.3766,95.3766,2026-07-27T22:44:44.904+00:00,110.95394,1785192284829.542,3331,False,,,,,,,,,,,,,,False,,,,,,,,,,,,,,True,0.6548947788800786,-17.27808157535798,2.0376836296629524,39.445916996433496,0.012780714173626749,-1.092841424690243,-2.772254811756476,32.827814124949114,4.512834083932906,-32.709870869157385,0.7396395822048448,-0.15966843698220648,0.12272488014369963,False,,,,,,,,,,,,,,False,,,,,,,,,,,,,,False,,,,,,,,,,,,,,True,0.007183038107013796,10.145015772182072,9.389088338085205,76.34980953703952,0.21002694516851453,0.006460517165261682,-3.035502674014327,0.0,0.0,1.1368683772161604e-14,0.0,0.0,0.0,True,2,0.6548947788800719,-17.816142609130168,5.449071588753332,43.13558441317391,2.4155349657677525,0.20904445631651936,0.041085267588851546,32.51567546450232,1.0745389850342106,-29.01915015374279,-0.17667036442247847,2.8165158306167135,1.0455314478470077,True,-13.352932617503427,-15.084739151585804,71.84122301925137,26.18207752665557,22.022776724295486,-0.972257500308956
2026-07-27T22:44:45.546+00:00,179.200000,107934.800000,1.220995,4095,2,02,80,FFFFFFFF,32,3.01110007,3.12316294,2.20747546,1.39304336,1.11132076,0.48089609,2.20565836,1.20163515,1.05629982,1.49869043,2.20721601,0.89587712,1.01526929,0.96346495,2.20784601,0.64110931,2.00649929,0.98758687,2.20777231,1.01561553,0.77057410,0.81393434,2.20779021,1.18047215,1.82563243,1.39211436,2.20764441,1.17190685,1.08788599,0.81055003,2.20759862,0.71557139,SD 02 80 FFFFFFFF 93A3C3 95EAA7 7FED46 62FA29 55A87B 2DC016 7FDFC8 5A2AE1 52C9E9 677340 7FEB59 49D795 5095CF 4DB8C0 7FF006 3990A1 79D285 4F110B 7FEF7A 509AA1 422F29 44E7EF 7FEF9C 5921E4 73CF10 62EFCB 7FEE87 58B5B3 54729B 44B245 7FEE30 3E9D95 7D07A6 000FFF 02 107834,2026-07-27T22:44:45.367+00:00,serial_request_midpoint,358.037,True,matched,36.9572,36.9572,2026-07-27T22:44:45.404+00:00,111.45346,1785192285329.537,3346,False,,,,,,,,,,,,,,False,,,,,,,,,,,,,,True,0.6933240017102943,-16.54983109659627,2.340664630595211,39.37542573532515,0.07481274044594519,-1.1082114593150727,-2.7599968175114027,32.04359639449681,4.180606176687666,-32.98602657331298,0.7509407073970402,-0.11591937164326664,0.12740953536838764,False,,,,,,,,,,,,,,False,,,,,,,,,,,,,,False,,,,,,,,,,,,,,True,0.04582600670349674,10.148417367111566,9.395257965558411,76.38601515027088,0.20743575648913198,0.0025934882959102166,-3.0349376726862825,0.0,0.0,1.1368683772161604e-14,0.0,0.0,0.0,True,2,0.6933240017103032,-17.294662766699425,5.772947246137286,43.00934712566732,2.4014692571802985,0.21565977605037198,0.09453173043038553,31.94429801709657,0.7098396944029546,-29.313882417833504,-0.18707743405557015,2.8504147640289252,1.0753240137343671,True,-13.513603317922403,-14.412168207270932,72.05820283995567,26.271464042350157,21.317995674266434,-0.8763337095371299
2026-07-27T22:44:46.104+00:00,179.700000,107935.300000,1.216722,4095,2,02,80,FFFFFFFF,32,2.99751353,3.11119303,2.20774336,1.38874822,1.11096408,0.48089785,2.20800972,1.20132252,1.05491983,1.49863738,2.20779811,0.89541331,1.01479858,0.96305757,2.20802394,0.64099531,2.00519928,0.98711070,2.20788812,1.01475848,0.77029739,0.81359823,2.20747651,1.17954106,1.82511286,1.38870840,2.20791181,1.17094624,1.08642115,0.81047006,2.20804868,0.71522240,SD 02 80 FFFFFFFF 935B63 95AD90 7FEF43 62CA2F 55A3CC 2DC01F 7FF13D 5A26FD 52B72B 6772B1 7FEFAB 49D09E 508F41 4DB2E4 7FF158 398E99 79C7ED 4F0A4C 7FF056 508EB2 422AA6 44E29C 7FED48 591628 73CA71 62C9BD 7FF083 58A988 545F17 44B100 7FF187 3E97AD 7C97A4 000FFF 02 107839,2026-07-27T22:44:45.925+00:00,serial_request_midpoint,356.9509,True,matched,88.63855,88.63855,2026-07-27T22:44:46.014+00:00,112.063045,1785192285929.536,3364,False,,,,,,,,,,,,,,False,,,,,,,,,,,,,,True,0.6397775642815925,-16.41669520963821,2.2430141536442143,39.34653265853598,0.05658448003101862,-1.1090860570811678,-2.7725495669813474,32.06281253242574,4.281868626768961,-32.884794402920775,0.7490979921833036,-0.13280333703004732,0.11634850405802992,False,,,,,,,,,,,,,,False,,,,,,,,,,,,,,False,,,,,,,,,,,,,,True,0.027131048662985685,10.145348647247284,9.395177431967529,76.37452795849585,0.2137662242829724,0.0033174086743479768,-3.0338730533395797,0.0,0.0,0.0,0.0,0.0,0.0,True,2,0.6397775642815796,-17.082024598279467,5.679457431758517,42.99192938958234,2.4052557870187155,0.20057442389681623,0.07887479398878892,31.86559561812295,0.8138959947745263,-29.213964219125735,-0.16935589815255103,2.836935946528658,1.067629735262577,True,-13.39903021955655,-14.616238158476648,71.9762632209291,26.202142553590733,21.516669693029556,-0.8433495744475408
2026-07-27T22:44:46.659+00:00,180.800000,107936.400000,1.217943,4095,2,02,80,FFFFFFFF,32,2.98586885,3.10072085,2.20769652,1.38443229,1.11051915,0.48091367,2.20794918,1.20098860,1.05361483,1.49866409,2.20762283,0.89489347,1.01435718,0.96260931,2.20764388,0.64083398,2.00368217,0.98651535,2.20768020,1.01389459,0.77001833,0.81327970,2.20800183,1.17876503,1.82448105,1.38582770,2.20790497,1.16985216,1.08484782,0.81039354,2.20555897,0.71491088,SD 02 80 FFFFFFFF 931D0E 9577E4 7FEEEA 6299DC 559DF4 2DC070 7FF0CA 5A22D5 52A56E 6772F9 7FEE5E 49C8CF 50891B 4DAC71 7FEE86 398BB9 79BB8E 4F01DC 7FEECB 5082A9 422619 44DD90 7FF12E 590C5F 73C4D2 62A97F 7FF076 589BAA 544A1C 44AFC9 7FDF0B 3E9267 7CB7A4 000FFF 02 107844,2026-07-27T22:44:46.482+00:00,serial_request_midpoint,355.0839,True,matched,56.64475,56.64475,2026-07-27T22:44:46.539+00:00,112.587633,1785192286462.926,3380,False,,,,,,,,,,,,,,False,,,,,,,,,,,,,,True,0.6802152787355107,-15.244627877942495,2.4752155693315987,39.61031642673898,0.049265509774962926,-1.1000775368718783,-2.755452751583335,30.833025448224596,4.358644509722344,-32.72540811456004,0.7502512974164589,-0.13731702636147478,0.1371793280832983,False,,,,,,,,,,,,,,False,,,,,,,,,,,,,,False,,,,,,,,,,,,,,True,0.05614413261705807,10.140994583778069,9.38895781699775,76.33082727396624,0.2136146831974407,0.010323781652815618,-3.0350914942719136,0.0,0.0,-1.1368683772161604e-14,0.0,0.0,0.0,True,2,0.6802152787355104,-15.923170566601106,5.8985021769147155,43.265642873509975,2.405411522876854,0.22547202394729715,0.07244688349839387,30.653802749237798,0.8856593932519544,-29.058396195381636,-0.19981684751264311,2.830118028988201,1.0671506143699112,True,-11.575387244512438,-14.350070515234886,72.19077725257638,24.305063306383847,21.47063810140881,-0.7472062909705641
2026-07-27T22:44:47.215+00:00,182.000000,107937.600000,1.217943,4095,2,02,80,FFFFFFFF,32,2.97680065,3.09253654,2.20468150,1.38065307,1.10997089,0.48089668,2.20724811,1.20058040,1.05253391,1.49863144,2.20523612,0.89445854,1.01389543,0.96219673,2.20482606,0.64073030,2.00197954,0.98596264,2.20455588,1.01311297,0.76973502,0.81300831,2.20450490,1.17816150,1.82381607,1.38321101,2.20650096,1.16876278,1.08337632,0.81027643,2.20522929,0.71461810,SD 02 80 FFFFFFFF 92EC52 954DCC 7FD886 626F73 5596C0 2DC019 7FEB96 5A1DC0 5296BA 6772A1 7FDCA5 49C246 5082AC 4DA681 7FD999 3989E0 79ADA9 4EFA06 7FD797 5077C4 42217A 44D943 7FD736 5904C2 73BEE7 628C2A 7FE60A 588DD9 543678 44ADED 7FDC98 3E8D72 7CB7A5 000FFF 02 107850,2026-07-27T22:44:47.037+00:00,serial_request_midpoint,355.9263,True,matched,28.72875,28.72875,2026-07-27T22:44:47.066+00:00,113.115565,1785192286996.303,3396,False,,,,,,,,,,,,,,False,,,,,,,,,,,,,,True,0.5938811107595893,-14.76624633802092,2.510972141409147,39.692131282867635,0.061911446273748304,-1.098454777752649,-2.734207300923124,30.368183952690153,4.221325260490255,-32.7518592091231,0.7489096311320561,-0.12869850654943119,0.15745418364010294,False,,,,,,,,,,,,,,False,,,,,,,,,,,,,,False,,,,,,,,,,,,,,True,0.02418314330130827,10.144793899629038,9.395571213296972,76.36327573038997,0.2142408288984777,0.004443098628270889,-3.0343317225432025,0.0,0.0,0.0,0.0,0.0,0.0,True,2,0.5938811107595805,-15.523777536154844,5.932548540578762,43.33351622805805,2.399243941565103,0.25137130045870826,0.08325726186612634,30.26451397451954,0.7563275433704717,-29.07439184060153,-0.2305400767950752,2.8364261005642204,1.0672990035797592,True,-10.763306192825734,-14.104233418992417,72.34104276904554,23.490205932430772,21.28620577223602,-0.8218846033492468
2026-07-27T22:44:47.772+00:00,182.600000,107938.200000,1.217943,4095,2,02,80,FFFFFFFF,32,2.97009334,3.08612886,2.20704762,1.37747178,1.10944688,0.48089824,2.20798340,1.20020774,1.05162212,1.49852610,2.20787970,0.89404817,1.01350303,0.96184423,2.20551690,0.64060559,2.00050492,0.98541618,2.20450017,1.01241659,0.76948288,0.81272465,2.20484656,1.17760769,1.82340754,1.38098483,2.20697132,1.16764056,1.08196225,0.81019131,2.20779811,0.71437798,SD 02 80 FFFFFFFF 92C82A 952CC0 7FEA19 624BAE 558FDD 2DC021 7FF10B 5A191C 528A51 677185 7FF046 49BC1B 507D34 4DA16E 7FDEBB 3987A7 79A19E 4EF246 7FD72D 506E0E 421D5D 44D4C4 7FD9C0 58FDC5 73BB44 62732D 7FE988 587F9B 542394 44AC93 7FEFAB 3E8961 7CB7A5 000FFF 02 107856,2026-07-27T22:44:47.594+00:00,serial_request_midpoint,355.7316,True,matched,14.9471,14.9471,2026-07-27T22:44:47.609+00:00,113.658019,1785192287529.627,3412,False,,,,,,,,,,,,,,False,,,,,,,,,,,,,,True,0.657353721755403,-14.736251199449274,2.830598786722226,39.81427533141713,0.046594360782459716,-1.0905710482520796,-2.733893693146523,30.309400197741724,4.218384962602652,-32.505562357176714,0.7514831952570563,-0.14049238006448148,0.1622859278828267,False,,,,,,,,,,,,,,False,,,,,,,,,,,,,,False,,,,,,,,,,,,,,True,0.0698089771593273,10.135356396274354,9.386534069383648,76.30384842250412,0.21580882018802083,0.01712022004828598,-3.0353851256555657,2.842170943040401e-15,0.0,0.0,0.0,0.0,0.0,True,2,0.6573537217553911,-15.450237093475199,6.238904420828696,43.47684268759184,2.404133431742486,0.2558754691041515,0.06994833287531259,30.162222317415285,0.7407476877299033,-28.841534457879987,-0.23658986647299354,2.8236510650135824,1.067024719152411,True,-10.37640624302556,-13.91028179778562,72.35309330918011,23.03290624966684,21.17080270706087,-0.6040236071445406
2026-07-27T22:44:48.329+00:00,183.700000,107939.300000,1.217943,4095,2,02,80,FFFFFFFF,32,2.96471744,3.08118375,2.20745809,1.37481040,1.10893373,0.48088301,2.20734862,1.19983454,1.05093797,1.49850199,2.20536441,0.89370648,1.01311578,0.96153276,2.20465207,0.64050018,1.99915126,0.98494203,2.20671298,1.01185965,0.76929231,0.81253713,2.20488756,1.17724158,1.82309692,1.37925229,2.20430465,1.16667838,1.08077281,0.81008921,2.20726021,0.71416072,SD 02 80 FFFFFFFF 92AB1E 951331 7FED25 622DB5 55891E 2DBFD3 7FEC55 5A1476 528100 677144 7FDD99 49B6F8 5077CE 4D9CF2 7FD84E 3985C6 79968E 4EEB8C 7FE79D 506649 421A41 44D1CB 7FDA0E 58F926 73B880 625FB5 7FD5B9 587363 5413AD 44AAF4 7FEBAD 3E85B3 7CB7A4 000FFF 02 107861,2026-07-27T22:44:48.151+00:00,serial_request_midpoint,357.1511,True,matched,84.78575,84.78575,2026-07-27T22:44:48.235+00:00,114.284464,1785192288162.951,3431,False,,,,,,,,,,,,,,False,,,,,,,,,,,,,,True,0.7002345530554379,-14.463027771475117,1.1436076859463067,39.93082857637122,0.03098880442457264,-1.0950022500547063,-2.737404976587261,30.149770238407086,5.818460172878822,-32.519530990681474,0.7501005318247727,-0.14945584880126564,0.1572789806723413,False,,,,,,,,,,,,,,False,,,,,,,,,,,,,,False,,,,,,,,,,,,,,True,0.022380562438261416,10.144682165170082,9.393938397140827,76.35576062704033,0.21352179044307207,0.011685577319391866,-3.0358769736268636,0.0,1.4210854715202005e-15,0.0,0.0,0.0,0.0,True,2,0.7002345530554089,-15.120117311744966,4.568037424488876,43.5890025939333,2.402904892138969,0.24953390166062456,0.056344531907453387,29.952011587040648,2.34322075027631,-28.855608869195795,-0.2283804674976637,2.8167621143052135,1.0623936103463656,True,-9.985232883306455,-15.540528240830636,72.4827711872176,22.802544556048343,22.837180675069867,-0.6695477306496969
2026-07-27T22:44:48.885+00:00,184.300000,107939.900000,1.218553,4095,2,02,80,FFFFFFFF,32,2.96153231,3.07777902,2.20749072,1.37281825,1.10857043,0.48086778,2.20785180,1.19953101,1.05043272,1.49842706,2.20804131,0.89342903,1.01288016,0.96134748,2.20783285,0.64041209,1.99803868,0.98454895,2.20740441,1.01141457,0.76911685,0.81242207,2.20776863,1.17704107,1.82274424,1.37804391,2.20777284,1.16588210,1.07987145,0.81004518,2.20772178,0.71401774,SD 02 80 FFFFFFFF 9299E1 950191 7FED63 62173E 558457 2DBF85 7FF011 5A10AE 527A1E 67707A 7FF179 49B2CC 507485 4D9A47 7FEFED 398434 798D75 4EE5F8 7FECBF 506013 421764 44CFF8 7FEF73 58F69E 73B55C 62521E 7FEF7B 586945 54079E 44AA41 7FEF1A 3E8347 7CC7A4 000FFF 02 107867,2026-07-27T22:44:48.708+00:00,serial_request_midpoint,355.9211,True,matched,38.69505,38.69505,2026-07-27T22:44:48.746+00:00,114.795591,1785192288696.277,3447,False,,,,,,,,,,,,,,False,,,,,,,,,,,,,,True,0.6481858854168078,-14.288697161439766,0.6817543423946919,40.14630692663965,0.019447944422952588,-1.0756872210131259,-2.7504975276301917,29.926677957433355,6.202145781365197,-32.43792506370562,0.7332403578246574,-0.1548964899619228,0.14888581374990548,False,,,,,,,,,,,,,,False,,,,,,,,,,,,,,False,,,,,,,,,,,,,,True,0.013978538465931405,10.147876464137529,9.39379709953643,76.38504074474221,0.20984411882090195,0.008598890035824385,-3.035157735454776,0.0,0.0,-1.1368683772161604e-14,0.0,0.0,0.0,True,2,0.648185885416801,-14.893799855613185,4.057387542992677,43.85840530820379,2.418848842308739,0.2435580602929418,0.04651279319401335,29.68030616702517,2.7876172067082985,-28.720261990802292,-0.21545146647133587,2.821467299227186,1.037094678037347,True,-9.724040256908268,-16.511215419629657,72.42022374803271,22.679838696575608,23.801878327632615,-0.8820580352858087
2026-07-27T22:44:49.443+00:00,185.500000,107941.100000,1.218553,4095,2,02,80,FFFFFFFF,32,2.95962152,3.07573315,2.20758757,1.37144744,1.10826066,0.48086016,2.20524874,1.19927363,1.05013256,1.49844227,2.20504160,0.89326617,1.01267287,0.96121403,2.20750704,0.64034241,1.99714674,0.98421209,2.20747441,1.01115766,0.76899071,0.81235185,2.20538492,1.17696682,1.82255564,1.37740132,2.20718233,1.16526102,1.07927431,0.80998369,2.20499376,0.71392505,SD 02 80 FFFFFFFF 928F87 94F6F7 7FEE1B 6207C5 558044 2DBF5E 7FDCBD 5A0D79 527607 6770A3 7FDB33 49B059 5071A1 4D985B 7FED82 3982F6 798629 4EE130 7FED44 505C7D 421555 44CEDB 7FDDC0 58F5AE 73B3AE 624AE3 7FEB19 586160 53FFA0 44A947 7FDAD8 3E81B5 7CC7A6 000FFF 02 107873,2026-07-27T22:44:49.264+00:00,serial_request_midpoint,357.0442,True,matched,83.0264,83.0264,2026-07-27T22:44:49.348+00:00,115.396609,1785192289296.267,3465,False,,,,,,,,,,,,,,False,,,,,,,,,,,,,,True,0.6387409445251965,-14.339117245379432,0.6149772999148451,40.3932548899867,0.009921683933631895,-1.0599425973477359,-2.758129955684679,30.02334183383676,6.386020256444768,-32.00722726872712,0.724537596384452,-0.16399729136057684,0.14792167250640287,False,,,,,,,,,,,,,,False,,,,,,,,,,,,,,False,,,,,,,,,,,,,,True,0.030170732730017885,10.139856083310459,9.388584536400806,76.31606919861589,0.21420863756614084,0.013869104521143481,-3.0353346796406644,0.0,0.0,0.0,0.0,0.0,0.0,True,2,0.6387409445251813,-14.90667477142967,3.951458476420208,44.14645282092431,2.430830128018808,0.24209775600908787,0.038311104825323704,29.729275061459596,3.0017545072569747,-28.265437193428493,-0.21318529978956371,2.8175821469822973,1.0220069049635538,True,-9.633527237511334,-16.953546049958952,72.4439088120509,22.597742260820137,24.26534076544913,-0.6507227446790012
2026-07-27T22:44:49.999+00:00,186.000000,107941.600000,1.222216,4095,2,02,80,FFFFFFFF,32,2.95957179,3.07553197,2.20696343,1.37088849,1.10804924,0.48086035,2.20788970,1.19910561,1.05004743,1.49841148,2.20765652,0.89315995,1.01261349,0.96114704,2.20815239,0.64030494,1.99665653,0.98405250,2.20760493,1.01100543,0.76893518,0.81232426,2.20544644,1.17710481,1.82252757,1.37747838,2.20729758,1.16501554,1.07898224,0.80997704,2.20765336,0.71399515,SD 02 80 FFFFFFFF 928F42 94F5EC 7FE979 620175 557D7C 2DBF5F 7FF059 5A0B61 5274DE 677050 7FEE9E 49AEC0 5070CD 4D9764 7FF24C 39824B 798226 4EDEEC 7FEE3C 505A5D 42146D 44CE6B 7FDE35 58F76C 73B36E 624BC1 7FEBF4 585E41 53FBB7 44A92C 7FEE98 3E82E5 7D27A6 000FFF 02 107878,2026-07-27T22:44:49.821+00:00,serial_request_midpoint,356.277,True,matched,39.4034,39.4034,2026-07-27T22:44:49.861+00:00,115.909827,1785192289796.257,3480,False,,,,,,,,,,,,,,False,,,,,,,,,,,,,,True,0.6833599729051038,-14.094797894095146,0.5208450435699653,40.398533843549274,0.03204698346846696,-1.0545059677606294,-2.7530335168747064,29.6757204466817,6.321932419898549,-32.31395379033318,0.7178755610436358,-0.14415828456285515,0.15152114178404447,False,,,,,,,,,,,,,,False,,,,,,,,,,,,,,False,,,,,,,,,,,,,,True,0.018063368761669703,10.15408476937451,9.402421424880064,76.42513670409373,0.20714944040358935,0.006318266347054841,-3.0346286339495574,0.0,0.0,0.0,0.0,0.0,0.0,True,2,0.6833599729050855,-14.74290001193739,3.8370467175059346,44.15665743722423,2.4321779784326334,0.2509719929872314,0.057641173551369385,29.47537950073623,2.967611367305132,-28.539153580492933,-0.22017899352447298,2.838874431000668,1.018452428507654,True,-9.552433393556194,-17.10891136614537,72.43911155587422,22.597398605335925,24.402028307881768,-0.9922760087575397
2026-07-27T22:44:50.559+00:00,187.200000,107942.800000,1.217943,4095,2,02,80,FFFFFFFF,32,2.96357877,3.07863960,2.20728863,1.37176920,1.10795333,0.48087715,2.20558158,1.19915451,1.05054769,1.49839702,2.20452855,0.89327267,1.01269108,0.96126855,2.20717970,0.64032268,1.99669519,0.98412486,2.20522140,1.01130514,0.76901057,0.81247430,2.20735073,1.17767857,1.82268502,1.37894135,2.20480346,1.16532801,1.07945115,0.81001419,2.20447862,0.71417087,SD 02 80 FFFFFFFF 92A4F5 950606 7FEBE3 620B67 557C39 2DBFB5 7FDF36 5A0BFD 527BAF 677029 7FD763 49B072 5071E2 4D9924 7FEB14 39829C 798277 4EDFF3 7FDC89 505E8C 4215A8 44D0CC 7FEC59 58FEAA 73B4D5 625C36 7FD96E 58623A 5401FE 44A9C3 7FD704 3E85DF 7CB7A6 000FFF 02 107884,2026-07-27T22:44:50.379+00:00,serial_request_midpoint,359.5952,True,matched,94.6811,94.6811,2026-07-27T22:44:50.474+00:00,116.523268,1785192290396.255,3498,False,,,,,,,,,,,,,,False,,,,,,,,,,,,,,True,0.6973452841718383,-14.660402327004295,-0.2281706549092019,40.451999650201586,-0.008677784385217263,-1.056078499590569,-2.752033091467172,30.479776567602517,7.1245767934750175,-31.88171904759944,0.7194572971513769,-0.17816031522983092,0.15643939722359862,False,,,,,,,,,,,,,,False,,,,,,,,,,,,,,False,,,,,,,,,,,,,,True,0.019291481498623666,10.1439754477347,9.393906834370092,76.34599429450799,0.21736246824028868,0.00979626074097596,-3.0358719237328637,0.0,-1.4210854715202005e-15,0.0,0.0,0.0,0.0,True,2,0.6973452841718243,-15.181308626488299,3.108065513073339,44.21217354862789,2.4313591660772365,0.25107184046860875,0.021861831844407223,30.133453088812207,3.7555256382034337,-28.13068222439906,-0.22436933993588987,2.806021359147568,1.0102660157372738,True,-9.460627637372385,-17.778641302231996,72.43611023655987,22.505681487963404,25.118559983402154,-0.7261355450012502
2026-07-27T22:44:51.115+00:00,188.400000,107944.000000,1.217943,4095,2,02,80,FFFFFFFF,32,2.97087144,3.08488850,2.20684399,1.37416932,1.10812733,0.48086328,2.20766967,1.19939118,1.05149588,1.49843522,2.20752178,0.89359373,1.01297513,0.96156884,2.20727705,0.64040354,1.99728710,0.98440280,2.20753020,1.01180786,0.76920206,0.81273426,2.20788917,1.17835161,1.82304866,1.38079912,2.20739652,1.16595987,1.08029302,0.81006265,2.20740230,0.71441165,SD 02 80 FFFFFFFF 92CC5D 952658 7FE896 62267B 557E83 2DBF6E 7FEEB7 5A0EF0 528899 677090 7FED9E 49B546 5075D8 4D9D77 7FEBCD 39840D 79874F 4EE3E5 7FEDAE 506590 4218C8 44D4EB 7FF058 590728 73B812 627117 7FECB0 586A42 540D42 44AA88 7FECBB 3E89F3 7CB7A6 000FFF 02 107890,2026-07-27T22:44:50.938+00:00,serial_request_midpoint,355.1019,True,matched,57.91275,57.91275,2026-07-27T22:44:50.995+00:00,117.044389,1785192290929.593,3514,False,,,,,,,,,,,,,,False,,,,,,,,,,,,,,True,0.6427663633431691,-14.511462392042876,-0.9415113526984156,40.4477512094313,-0.0047260501212795115,-1.0606008552010675,-2.7453679442804546,30.38930784889889,7.698014207361956,-31.98139052085862,0.7202832196031133,-0.17487000412138318,0.15981697779702236,False,,,,,,,,,,,,,,False,,,,,,,,,,,,,,False,,,,,,,,,,,,,,True,0.030660171111956402,10.146737332146632,9.396301044475491,76.37380881560871,0.2159129917503708,0.004696689092120831,-3.0345224222186085,0.0,0.0,0.0,0.0,0.0,0.0,True,2,0.6427663633431286,-15.05506425853074,2.407520258932237,44.193309541016745,2.426463383470048,0.2569082386883297,0.025206828129977904,30.0644168436548,4.326474365469921,-28.230672207054482,-0.22960658407764056,2.8082529298990164,1.012305501105967,True,-9.256296020897555,-18.32989447001764,72.51124082170705,22.396717811017314,25.64910820779749,-0.8058113632313052
2026-07-27T22:44:51.671+00:00,188.900000,107944.500000,1.219164,4095,2,02,80,FFFFFFFF,32,2.97771069,3.09114234,2.20514411,1.37675862,1.10842430,0.48086387,2.20761704,1.19962476,1.05236311,1.49842966,2.20772915,0.89395202,1.01327913,0.96184314,2.20793392,0.64050500,1.99821873,0.98484017,2.20778969,1.01240819,0.76938855,0.81294768,2.20761599,1.17900601,1.82351811,1.38300906,2.20746546,1.16687766,1.08154464,0.81015908,2.20785496,0.71471984,SD 02 80 FFFFFFFF 92F138 95469D 7FDBF6 6243A7 55826B 2DBF71 7FEE53 5A11D9 529467 677081 7FEF28 49BAA9 507A15 4DA16A 7FF0AD 3985DC 798EEE 4EEA1A 7FEF9B 506DF0 421BD3 44D84D 7FEE51 590F69 73BC40 6289E6 7FED33 5875EB 541DFF 44AC10 7FF017 3E8F2B 7CD7A6 000FFF 02 107895,2026-07-27T22:44:51.493+00:00,serial_request_midpoint,356.584,True,matched,22.4406,22.4406,2026-07-27T22:44:51.515+00:00,117.564944,1785192291462.973,3530,False,,,,,,,,,,,,,,False,,,,,,,,,,,,,,True,0.7398984952965915,-14.502946677080502,-1.7347293784396034,40.50985334190241,-0.019023085239149848,-1.0612759442585615,-2.7498490991588582,30.332431677887804,8.411594733779236,-32.12938274576819,0.7174746497401543,-0.18043336705750287,0.15380270402116147,False,,,,,,,,,,,,,,False,,,,,,,,,,,,,,False,,,,,,,,,,,,,,True,0.06147617205122671,10.156329100681997,9.401630014523763,76.4404835989707,0.20958614080543722,0.0005966432733982489,-3.03509909917014,0.0,0.0,1.1368683772161604e-14,0.0,0.0,0.0,True,2,0.7398984952965678,-14.993121297429903,1.6193914776598717,44.25822965923087,2.427598501853323,0.25094178660178473,0.012764685054566457,29.970000016736105,5.049638112709505,-28.373505503218148,-0.22030462207875623,2.805208240396003,1.0068766265475946,True,-9.143807195879484,-19.1541196794338,72.53928468692843,22.379833259532294,26.48138889935127,-1.0122054326939405
2026-07-27T22:44:52.228+00:00,190.000000,107945.600000,1.218553,4095,2,02,80,FFFFFFFF,32,2.98620017,3.09887232,2.20760914,1.38008846,1.10884312,0.48087051,2.20765546,1.20006378,1.05343070,1.49846935,2.20778232,0.89437485,1.01373341,0.96223744,2.20775547,0.64062269,1.99954981,0.98536634,2.20766336,1.01319339,0.76966797,0.81328636,2.20802288,1.17981067,1.82407326,1.38618413,2.20769757,1.16826221,1.08327335,0.81030866,2.20745020,0.71520763,SD 02 80 FFFFFFFF 931ED5 956E65 7FEE44 62691B 5587ED 2DBF93 7FEE9C 5A1751 52A2ED 6770EC 7FEF8D 49C104 50806A 4DA717 7FEF5A 3987F5 7999D0 4EF191 7FEEAB 5078E3 422062 44DDAB 7FF156 59198E 73C131 62AD7D 7FEEEC 58877F 543518 44AE70 7FED16 3E976D 7CC7A6 000FFF 02 1078A0,2026-07-27T22:44:52.050+00:00,serial_request_midpoint,355.7195,True,matched,54.10915,54.10915,2026-07-27T22:44:52.104+00:00,118.153125,1785192292029.683,3547,False,,,,,,,,,,,,,,False,,,,,,,,,,,,,,True,0.7364834688240594,-14.349418354340497,-2.3227247695035347,40.495181435795025,-0.020864904840742826,-1.0632259570185751,-2.755188243942031,30.166799368841964,9.108195634091683,-32.12026686781781,0.7211043100463346,-0.18032292601902525,0.14722841338584883,False,,,,,,,,,,,,,,False,,,,,,,,,,,,,,False,,,,,,,,,,,,,,True,0.019882588961162292,10.146784413030158,9.394696078121514,76.37476691539872,0.2067747462186852,0.005150909033842699,-3.0351774958806423,0.0,2.842170943040401e-15,1.1368683772161604e-14,0.0,0.0,0.0,True,2,0.7364834688240441,-14.823718749146156,1.0344898026053548,44.24283034537155,2.4281524672370765,0.24354072695124612,0.011296947503792067,29.795212926980007,5.733148849997724,-28.37704557880154,-0.21074228177537632,2.804260501262446,1.0122464972724476,True,-9.11983212855208,-19.769830906510368,72.53094148740108,22.39473841943203,27.09602386443663,-0.9101225091756987
2026-07-27T22:44:52.785+00:00,190.600000,107946.200000,1.216112,4095,2,02,80,FFFFFFFF,32,3.00006294,3.11111285,2.20749441,1.38516175,1.10957764,0.48088477,2.20755072,1.20072190,1.05514294,1.49855243,2.20756441,0.89502192,1.01440709,0.96280533,2.20768546,0.64081140,2.00154609,0.98627176,2.20522666,1.01450580,0.77013714,0.81382435,2.20452750,1.18113451,1.82513526,1.39145728,2.20459267,1.17054828,1.08613836,0.81051534,2.20447441,0.71579809,SD 02 80 FFFFFFFF 9368FF 95AD27 7FED6A 62A209 559195 2DBFDC 7FEDD5 5A1F83 52BA33 6771CC 7FEDEF 49CABD 5089CD 4DAF43 7FEED5 398B52 79AA1F 4EFE68 7FDC93 508B2D 422809 44E631 7FD761 592A3C 73CAA4 62E875 7FD7DD 58A47D 545B52 44B1B8 7FD6FC 3EA16B 7C87A6 000FFF 02 1078A6,2026-07-27T22:44:52.607+00:00,serial_request_midpoint,357.2422,True,matched,19.4717,19.4717,2026-07-27T22:44:52.626+00:00,118.675151,1785192292563.035,3563,False,,,,,,,,,,,,,,False,,,,,,,,,,,,,,True,0.8416341336396868,-14.442305564783698,-3.350977049641102,40.60383526056685,-0.03680647664796492,-1.0549314238586933,-2.7597044774063964,30.429243385252846,10.007303661153642,-31.979414065795616,0.7110910111285108,-0.19311827206711807,0.14578731238511092,False,,,,,,,,,,,,,,False,,,,,,,,,,,,,,False,,,,,,,,,,,,,,True,0.04359050924625954,10.151081084670059,9.398827722763963,76.40014393804265,0.2103455681328019,0.0003986181042811743,-3.0346234173689877,-2.842170943040401e-15,0.0,0.0,0.0,0.0,0.0,True,2,0.8416341336396821,-14.860901880455128,-0.011137296015382601,44.37357933097771,2.4346078682985133,0.24176262947908755,-0.0026292080828998953,29.991373535967284,6.667437608120719,-28.211883368551714,-0.20748320708982051,2.7974803651988713,0.994385203534471,True,-8.987423297999635,-20.995159451967375,72.49375675275265,22.415688672528507,28.316718692186942,-1.018337404019917
2026-07-27T22:44:53.341+00:00,191.700000,107947.300000,1.219164,4095,2,02,80,FFFFFFFF,32,3.01823547,3.12739998,2.20444919,1.39197019,1.11056376,0.48089844,2.20705340,1.20163577,1.05683194,1.49864146,2.20766178,0.89581962,1.01519130,0.96348097,2.20789812,0.64106634,2.00438239,0.98736297,2.20778442,1.01579794,0.77058369,0.81418715,2.20503739,1.18169629,1.82594212,1.39479345,2.20470095,1.17240171,1.08843109,0.81067357,2.20477875,0.71606224,SD 02 80 FFFFFFFF 93C99F 960036 7FD6CC 62EE2F 559E8A 2DC022 7FEA24 5A2AE3 52D122 6772BC 7FEEA8 49D6B8 5094B9 4DB8FB 7FF069 398FDD 79C144 4F0DDF 7FEF91 509D2B 422F51 44EBF0 7FDB2B 59314F 73D1D1 630DAD 7FD8AB 58BBF7 5479DD 44B43B 7FD93F 3EA5E3 7CD7A6 000FFF 02 1078B1,2026-07-27T22:44:53.164+00:00,serial_request_midpoint,355.4762,True,matched,59.8643,59.8643,2026-07-27T22:44:53.223+00:00,119.27274,1785192293163.064,3581,False,,,,,,,,,,,,,,False,,,,,,,,,,,,,,True,0.9047789717870419,-14.224734684240294,-3.989555803578616,40.661208142627586,-0.02729658814154145,-1.0522691269814066,-2.7614762197628453,30.29915310558373,10.931703115027101,-31.780493882280847,0.7166917553954099,-0.18827509782179233,0.14611568811000245,False,,,,,,,,,,,,,,False,,,,,,,,,,,,,,False,,,,,,,,,,,,,,True,0.008743867968926667,10.14583987682073,9.393415024933372,76.36151333291063,0.21236579512258336,0.011818840637043873,-3.0351847338300044,2.842170943040401e-15,0.0,0.0,0.0,0.0,0.0,True,2,0.9047789717870569,-14.671389493466037,-0.6605401582596797,44.437301011315206,2.4367487412298523,0.24118479862719996,0.005727800807011169,29.886977375747325,7.571660023381919,-28.028035404381647,-0.208411420126325,2.7991946219986916,1.003690243601107,True,-8.93281761683198,-21.710608413379198,72.53596172679526,22.38158793493421,29.06334801220629,-0.6903728952185588
2026-07-27T22:44:53.898+00:00,192.300000,107947.900000,1.219164,4095,2,02,80,FFFFFFFF,32,3.02077127,3.13049661,2.20449754,1.39443250,1.11123359,0.48088808,2.20725495,1.20208819,1.05703199,1.49861586,2.20532288,0.89609334,1.01548196,0.96365889,2.20464366,0.64115360,2.00620298,0.98788224,2.20706761,1.01612184,0.77073081,0.81417210,2.20715286,1.18132309,1.82615564,1.39462629,2.20764967,1.17319427,1.08912314,0.81071196,2.20778284,0.71602183,SD 02 80 FFFFFFFF 93D70D 960FF2 7FD728 6309A7 55A756 2DBFED 7FEBA3 5A3084 52D3D9 677277 7FDD4A 49DAD4 5098C5 4DBB8A 7FD83E 39916B 79D01B 4F153A 7FEA3F 50A1AD 4231B7 44EBB3 7FEAE1 592C9C 73D3B7 630BD0 7FEE91 58C5FF 548313 44B4D7 7FEF8E 3EA534 7CD7A6 000FFF 02 1078B7,2026-07-27T22:44:53.720+00:00,serial_request_midpoint,355.9483,True,matched,83.67145,83.67145,2026-07-27T22:44:53.804+00:00,119.852695,1785192293729.768,3598,False,,,,,,,,,,,,,,False,,,,,,,,,,,,,,True,0.894992179287303,-14.131488506266043,-4.274436505313208,40.766139270015714,-0.024195510154775255,-1.045228760640507,-2.764737137973955,30.14686003387535,10.895990781552431,-31.98277096438081,0.703208335370738,-0.1823340268571609,0.14224132603538214,False,,,,,,,,,,,,,,False,,,,,,,,,,,,,,False,,,,,,,,,,,,,,True,0.02247804385870888,10.157873471114012,9.405391683052475,76.45006589030774,0.20699117835263114,-0.0015853016160551096,-3.0338787928879354,0.0,-1.4210854715202005e-15,0.0,0.0,0.0,0.0,True,2,0.8949921792873045,-14.584681455546903,-0.9658036507686271,44.55932893350733,2.4419982164839147,0.24074478010646508,0.00847007231417998,29.747928747515243,7.588586135181354,-28.18242211557818,-0.2031576154097343,2.811733645388293,0.9865449217636791,True,-8.892992813809936,-22.166611233096067,72.55400258752226,22.473529761149948,29.472832431972705,-1.094893654297516
2026-07-27T22:44:54.455+00:00,193.500000,107949.100000,1.217333,4095,2,02,80,FFFFFFFF,32,3.01220238,3.12368309,2.20512098,1.39291172,1.11138979,0.48089258,2.20689450,1.20219966,1.05622961,1.49865926,2.20752914,0.89595439,1.01538937,0.96350732,2.20756020,0.64113036,2.00614784,0.98782377,2.20754388,1.01577521,0.77062538,0.81399008,2.20781390,1.18057353,1.82575586,1.39226660,2.20742757,1.17304394,1.08854817,0.81067184,2.20770547,0.71576415,SD 02 80 FFFFFFFF 93A99E 95ED4D 7FDBCA 62F8B1 55A963 2DC004 7FE8F6 5A31E7 52C8F5 6772EC 7FEDAC 49D8BE 50977B 4DB95C 7FEDE7 399101 79CFA8 4F1466 7FEDC8 509CDA 422FFF 44E8D1 7FEFC9 59232B 73D029 62F17E 7FECEB 58C418 547B6C 44B434 7FEEFB 3EA0D8 7CA7A6 000FFF 02 1078C3,2026-07-27T22:44:54.277+00:00,serial_request_midpoint,356.8433,True,matched,33.06845,33.06845,2026-07-27T22:44:54.310+00:00,120.358861,1785192294229.798,3613,False,,,,,,,,,,,,,,False,,,,,,,,,,,,,,True,0.9245040214120733,-14.103213873227167,-5.092982826251215,40.78926181361486,-0.028333370446489006,-1.0443434493761852,-2.76416586124858,30.27871130782911,12.038055216116854,-31.60564422143971,0.7107584072757783,-0.1893835894419736,0.14648438217299528,False,,,,,,,,,,,,,,False,,,,,,,,,,,,,,False,,,,,,,,,,,,,,True,0.019163654448792485,10.139691017020827,9.387021889242298,76.33139039960471,0.21354895989199157,0.011538449107355806,-3.035452604177162,0.0,-1.4210854715202005e-15,0.0,0.0,0.0,0.0,True,2,0.9245040214120782,-14.544517966205863,-1.7848786742837195,44.58431394169714,2.4423636944728524,0.24176036454808833,0.004814926995150124,29.858929723982442,8.700124896186416,-27.834341046308015,-0.20881144410455063,2.8010368691576257,0.994993774037972,True,-8.776092403217714,-22.991754164340513,72.55867744125942,22.3291609460834,30.355127311105672,-0.6325990562558446
2026-07-27T22:44:55.014+00:00,194.000000,107949.600000,1.218553,4095,2,02,80,FFFFFFFF,32,3.00035433,3.11345522,2.20745336,1.38942807,1.11120057,0.48088496,2.20785864,1.20203261,1.05510383,1.49865073,2.20542593,0.89555168,1.01498371,0.96317136,2.20689239,0.64102272,2.00536413,0.98747547,2.20511678,1.01506758,0.77044688,0.81371338,2.20473302,1.17984042,1.82535089,1.38975376,2.20658198,1.17238566,1.08750382,0.81059433,2.20486233,0.71550237,SD 02 80 FFFFFFFF 936A8D 95B921 7FED1C 62D1C9 55A6E7 2DBFDD 7FF01E 5A2FD3 52B9AB 6772D5 7FDE0E 49D2B2 5091D5 4DB487 7FE8F2 398F16 79C945 4F0F77 7FDBC2 509300 422D16 44E46F 7FD8E8 5919EE 73CC8F 62D56D 7FE6A4 58BBC3 546D84 44B2F9 7FD9DE 3E9C6A 7CC7A6 000FFF 02 1078C8,2026-07-27T22:44:54.835+00:00,serial_request_midpoint,357.3947,True,matched,72.73025,72.73025,2026-07-27T22:44:54.907+00:00,120.956509,1785192294829.833,3631,False,,,,,,,,,,,,,,False,,,,,,,,,,,,,,True,0.8991644039523046,-13.923168860838814,-6.228374041652811,40.81629918752479,-0.029225543597191102,-1.0472039347173594,-2.766237793710105,30.20385599200356,13.158321152218724,-31.63431333076334,0.7117243939485637,-0.1896125065333934,0.14294861605697998,False,,,,,,,,,,,,,,False,,,,,,,,,,,,,,False,,,,,,,,,,,,,,True,0.02644164655078159,10.142852149631057,9.3942707107922,76.35365581266015,0.21268969833244794,0.010537029845199013,-3.0350443926633752,-2.842170943040401e-15,0.0,1.1368683772161604e-14,0.0,0.0,0.0,True,2,0.8991644039522741,-14.35714046705019,-2.913739118245435,44.60649532218835,2.441297672160705,0.23785380473736062,0.004114170795189244,29.777355812917598,9.817075750156976,-27.866701417345375,-0.20364878821221444,2.800739782471395,0.9964013671992291,True,-8.66770159446673,-24.098545612129307,72.613736776212,22.34545616921276,31.462295018424648,-0.6302797499041162
2026-07-27T22:44:55.571+00:00,195.200000,107950.800000,1.219774,4095,2,02,80,FFFFFFFF,32,2.99061544,3.10494363,2.20730442,1.38608264,1.11084600,0.48090390,2.20796971,1.20173592,1.05408572,1.49866335,2.20781443,0.89518574,1.01464489,0.96283954,2.20780969,0.64091947,2.00406721,0.98705006,2.20763651,1.01440765,0.77021570,0.81347175,2.20803341,1.17913178,1.82483491,1.38716801,2.20763178,1.17156880,1.08622481,0.81051214,2.20782285,0.71523371,SD 02 80 FFFFFFFF 93367F 958D8F 7FEC01 62AC5A 55A23F 2DC03E 7FF0F1 5A2C22 52ABD5 6772F7 7FEFCA 49CD33 508D1D 4DAFC1 7FEFC1 398D3F 79BEB2 4F0970 7FEE78 5089CF 422951 44E09B 7FF16A 5910FF 73C7F8 62B881 7FEE6F 58B16B 545C79 44B1AB 7FEFDA 3E97DE 7CE7A6 000FFF 02 1078D4,2026-07-27T22:44:55.393+00:00,serial_request_midpoint,357.5706,True,matched,23.2969,23.2969,2026-07-27T22:44:55.415+00:00,121.464912,1785192295363.175,3647,False,,,,,,,,,,,,,,False,,,,,,,,,,,,,,True,0.8977473308330856,-13.841119862937518,-6.775679102846899,41.01849569741815,-0.028695010986749477,-1.0309618363591004,-2.772879008002321,30.098826451023406,13.670306704208409,-31.505569926578026,0.6989465332940432,-0.18718013446927753,0.14084515073936407,False,,,,,,,,,,,,,,False,,,,,,,,,,,,,,False,,,,,,,,,,,,,,True,0.023073085922080988,10.14475622749217,9.391085865676494,76.3558843126162,0.21028966410869485,0.00862062530487568,-3.035286659175118,2.842170943040401e-15,0.0,0.0,0.0,0.0,0.0,True,2,0.897747330833063,-14.270593970970646,-3.505586500798968,44.84769523777479,2.453146533494268,0.23764515674378967,0.004601865894189086,29.673059957911715,10.37833126245461,-27.694750678760023,-0.20068449069956165,2.809429229578689,0.9791551455846866,True,-8.586270688579427,-25.023765006692503,72.60067304812722,22.358913612575797,32.38668528600625,-0.7187070261934878
2026-07-27T22:44:56.127+00:00,196.400000,107952.000000,1.219164,4095,2,02,80,FFFFFFFF,32,2.98195596,3.09715116,2.20735757,1.38279355,1.11043916,0.48091230,2.20812028,1.20139910,1.05304413,1.49860325,2.20777126,0.89477751,1.01423297,0.96249774,2.20530079,0.64079036,2.00276726,0.98653602,2.20701236,1.01372220,0.76999510,0.81319244,2.20750599,1.17850241,1.82431379,1.38470131,2.20520615,1.17059852,1.08489379,0.81042405,2.20455798,0.71494572,SD 02 80 FFFFFFFF 93080C 95658C 7FEC66 62877B 559CE7 2DC069 7FF20F 5A27F1 529DAB 677255 7FEF78 49C711 508760 4DAAD6 7FDD20 398AF2 79B417 4F0227 7FE9D6 508042 4225B8 44DC2E 7FED80 59090F 73C355 629CE0 7FDC6C 58A520 544AB9 44B045 7FD79B 3E92FE 7CD7A7 000FFF 02 1078E0,2026-07-27T22:44:55.949+00:00,serial_request_midpoint,355.74,True,matched,63.7658,63.7658,2026-07-27T22:44:56.013+00:00,122.062325,1785192295929.848,3664,False,,,,,,,,,,,,,,False,,,,,,,,,,,,,,True,0.8264576010375028,-13.601576132841538,-8.094331913517177,41.15381313353966,-0.026541904048781383,-1.0274046569535586,-2.77580014673264,29.86398729970126,14.861919945026557,-31.641329404966378,0.6922205998900955,-0.18130307576833204,0.13739928189904257,False,,,,,,,,,,,,,,False,,,,,,,,,,,,,,False,,,,,,,,,,,,,,True,0.025125472392874847,10.154393854132149,9.397412162961206,76.41853924255224,0.20403233870518614,0.0018084084919710909,-3.0354705337544536,0.0,0.0,-1.1368683772161604e-14,0.0,0.0,0.0,True,2,0.8264576010375081,-14.034050981146368,-4.835443259048494,44.992215550215676,2.4561900665100316,0.2358524323453712,0.006539371588601771,29.455807639467924,11.597249475402842,-27.805180429923315,-0.19607725386360914,2.818496730328874,0.9714480850742815,True,-8.416739635189082,-26.44344007490354,72.68899517494329,22.352473604163713,33.8060871298123,-0.9373280714797261
2026-07-27T22:44:56.684+00:00,196.900000,107952.500000,1.215502,4095,2,02,80,FFFFFFFF,32,2.97445228,3.09023299,2.20448019,1.37959735,1.11003391,0.48087422,2.20458794,1.20105262,1.05212861,1.49856393,2.20672560,0.89439538,1.01384750,0.96213648,2.20512887,0.64069370,2.00147242,0.98602931,2.20484604,1.01306590,0.76976016,0.81296592,2.20506315,1.17797791,1.82395388,1.38238697,2.20459478,1.16961278,1.08367502,0.81036082,2.20723548,0.71471984,SD 02 80 FFFFFFFF 92DFAC 9541ED 7FD707 626396 559794 2DBFA6 7FD7D4 5A23A1 529136 6771EB 7FE7B5 49C153 508201 4DA5A3 7FDBD9 398939 79A985 4EFAF8 7FD9BF 50771C 4221E3 44D897 7FDB5C 590271 73C021 6282EB 7FD7E1 5898A1 543A75 44AF44 7FEB7E 3E8F2B 7C77A7 000FFF 02 1078E5,2026-07-27T22:44:56.506+00:00,serial_request_midpoint,357.0577,True,matched,16.90035,16.90035,2026-07-27T22:44:56.522+00:00,122.572039,1785192296463.18,3680,False,,,,,,,,,,,,,,False,,,,,,,,,,,,,,True,0.8499987200294862,-13.476050473945197,-9.063732757815906,41.396185833861665,-0.027020712833300688,-1.0073308709501831,-2.7827673938229025,29.913430832771997,15.995985037021217,-31.153929103186567,0.6816508732908901,-0.18556540003161776,0.13897932879354613,False,,,,,,,,,,,,,,False,,,,,,,,,,,,,,False,,,,,,,,,,,,,,True,0.030627833128438104,10.143826702007404,9.392313031254954,76.3637129995428,0.21099366385142804,0.008209894357636013,-3.0359875735731094,0.0,0.0,0.0,0.0,0.0,0.0,True,2,0.8499987200294702,-13.901230041060881,-5.859575428325394,45.281198188972056,2.4704593283456293,0.23684686879529113,0.006121342164251241,29.482935390673173,12.771126118653047,-27.28667148483034,-0.19795164702459528,2.8193508174702906,0.9552028732419238,True,-8.247422932034246,-27.8608638427718,72.65909233754408,22.27064278177779,35.26065730871113,-0.6826278653497411
2026-07-27T22:44:57.240+00:00,198.000000,107953.600000,1.217333,4095,2,02,80,FFFFFFFF,32,2.96883223,3.08506545,2.20732021,1.37683114,1.10956873,0.48086758,2.20763388,1.20071531,1.05135675,1.49854093,2.20762494,0.89402842,1.01351789,0.96188303,2.20796971,0.64058521,2.00036005,0.98561172,2.20756599,1.01251770,0.76957363,0.81277615,2.20496694,1.17770581,1.82363791,1.38104187,2.20672297,1.16884684,1.08275130,0.81026659,2.20773915,0.71458119,SD 02 80 FFFFFFFF 92C15B 952742 7FEC1F 624478 559177 2DBF84 7FEE73 5A1F6E 5286B4 6771AD 7FEE62 49BBCF 507D69 4DA1FD 7FF0F1 39874A 79A06F 4EF50C 7FEDF2 506F77 421ED8 44D595 7FDAA5 58FF02 73BD51 6273D1 7FE7B0 588EEA 542E1F 44ADC5 7FEF3B 3E8CD2 7CA7A6 000FFF 02 1078F0,2026-07-27T22:44:57.062+00:00,serial_request_midpoint,355.606,True,matched,56.1891,56.1891,2026-07-27T22:44:57.119+00:00,123.167832,1785192297063.191,3698,False,,,,,,,,,,,,,,False,,,,,,,,,,,,,,True,0.9303616561828971,-13.152657963933672,-10.649439000994578,41.402769691396415,-0.029953936512818462,-1.013052788371288,-2.7805381180917905,29.911937189881684,17.548625759778876,-31.004968407558103,0.6842696341036961,-0.19285665210502137,0.14061488221098128,False,,,,,,,,,,,,,,False,,,,,,,,,,,,,,False,,,,,,,,,,,,,,True,0.018987487798338084,10.137966421395696,9.388953670310448,76.3312101569249,0.21887912752612,0.0069663560143842646,-3.034754583624189,0.0,0.0,-1.1368683772161604e-14,0.0,0.0,0.0,True,2,0.9303616561829153,-13.57055564852708,-7.428465285833083,45.2746442522977,2.4663239572591333,0.23680049860817431,0.0035280369316164277,29.45203853106245,14.312002095764518,-27.150946710024108,-0.19976314908811818,2.8111310304321027,0.9567940279938244,True,-7.883001516620712,-29.31429770149911,72.73795399825084,22.06264609876752,36.722855618029826,-0.5291165960507442
2026-07-27T22:44:57.796+00:00,198.600000,107954.200000,1.217943,4095,2,02,80,FFFFFFFF,32,2.96807209,3.08402891,2.20734757,1.37583592,1.10929057,0.48086387,2.20550218,1.20051797,1.05125004,1.49849568,2.20750756,0.89389174,1.01337637,0.96174980,2.20777968,0.64053437,1.99966786,0.98539415,2.20762757,1.01235386,0.76949821,0.81273796,2.20541489,1.17778815,1.82346590,1.38081860,2.20735810,1.16857867,1.08242499,0.81025921,2.20744704,0.71455213,SD 02 80 FFFFFFFF 92BD40 9521E7 7FEC53 623943 558DCF 2DBF71 7FDE9F 5A1CF9 528540 677133 7FED83 49B9C1 507B70 4DA012 7FEF88 398662 799AC7 4EF1F6 7FEE67 506D2E 421D9D 44D4FA 7FDDF9 59000C 73BBC9 62714F 7FEC67 588B83 5429C3 44ADA7 7FED10 3E8C54 7CB7A6 000FFF 02 1078F6,2026-07-27T22:44:57.619+00:00,serial_request_midpoint,355.331,True,matched,91.0236,91.0236,2026-07-27T22:44:57.710+00:00,123.758948,1785192297629.897,3715,False,,,,,,,,,,,,,,False,,,,,,,,,,,,,,True,1.0307336995149938,-13.013701764702834,-11.278607788338824,41.49114992689458,-0.0359694657684575,-1.0042527622372224,-2.788005203742028,29.713279142915205,17.965318197559228,-31.27513733035615,0.6713150336333088,-0.19182078329323018,0.1332540374809515,False,,,,,,,,,,,,,,False,,,,,,,,,,,,,,False,,,,,,,,,,,,,,True,0.022437698030725366,10.147609931077417,9.398357888212338,76.41653555595568,0.2115480236494178,-0.0028334225340090257,-3.0343210567984578,2.842170943040401e-15,0.0,1.1368683772161604e-14,0.0,0.0,0.0,True,2,1.0307336995149878,-13.402463639172172,-8.081974277926657,45.38616230722133,2.47393227164573,0.23164313551839869,-0.0016600987949075417,29.239110658920954,14.780239133135023,-27.380120175068782,-0.18899857261369324,2.8188939271285736,0.9389762729645703,True,-7.754992380737763,-30.186244538111374,72.68229059278629,22.100775758445238,37.575381113273316,-1.0173245781269658
2026-07-27T22:44:58.354+00:00,199.800000,107955.400000,1.219164,4095,2,02,80,FFFFFFFF,32,2.96977131,3.08533315,2.20737967,1.37583800,1.10918181,0.48088535,2.20755441,1.20047092,1.05133007,1.49843745,2.20529554,0.89387303,1.01337244,0.96174383,2.20704446,0.64052911,1.99934336,0.98535780,2.20767336,1.01236450,0.76947354,0.81272465,2.20798024,1.17784232,1.82337025,1.38084990,2.20787549,1.16843028,1.08230338,0.81025822,2.20789075,0.71457243,SD 02 80 FFFFFFFF 92C66D 9528A4 7FEC90 623949 558C61 2DBFDF 7FEDDC 5A1C63 528657 677096 7FDD16 49B979 507B62 4D9FFC 7FEA13 39864A 799820 4EF172 7FEEBE 506D54 421D36 44D4C4 7FF105 5900BB 73BAEF 6271A9 7FF03E 5889A1 542823 44ADA3 7FF05B 3E8CAC 7CD7A6 000FFF 02 107902,2026-07-27T22:44:58.175+00:00,serial_request_midpoint,357.0527,True,matched,37.36685,37.36685,2026-07-27T22:44:58.213+00:00,124.261723,1785192298129.919,3730,False,,,,,,,,,,,,,,False,,,,,,,,,,,,,,True,0.9825161054668645,-12.965338556918113,-11.890569317380963,41.61331603979275,-0.05139918230989767,-0.9969067647358151,-2.7954713079437115,29.72197840665647,18.806211980420905,-30.917228843569298,0.671469457212881,-0.20384793124837886,0.12881704964299961,False,,,,,,,,,,,,,,False,,,,,,,,,,,,,,False,,,,,,,,,,,,,,True,0.02360025114648277,10.140326378602326,9.390035435098657,76.34383227667175,0.21356261973668697,0.007247497203971686,-3.0347932912589073,0.0,0.0,0.0,0.0,0.0,0.0,True,2,0.9825161054668685,-13.294446090486554,-8.711824214010262,45.52841384672952,2.480615939035312,0.2254119767225016,-0.015135422588720913,29.185105125323087,15.61918664947803,-27.031954122464676,-0.18160110188641584,2.8079863493188886,0.9359950419614811,True,-7.596641951927685,-31.007993734920454,72.65749727071577,21.972098692582566,38.430737162745096,-0.7036990318959511
2026-07-27T22:44:58.911+00:00,200.300000,107955.900000,1.219164,4095,2,02,80,FFFFFFFF,32,2.97125877,3.08644434,2.20517881,1.37602250,1.10910516,0.48088203,2.20475194,1.20049852,1.05155499,1.49848492,2.20702341,0.89391642,1.01335311,0.96177504,2.20781285,0.64053283,1.99923918,0.98531456,2.20536073,1.01236310,0.76952502,0.81281805,2.20692344,1.17818503,1.82357516,1.38183294,2.20762862,1.16874430,1.08268200,0.81026462,2.20795919,0.71474776,SD 02 80 FFFFFFFF 92CE74 952E61 7FDC38 623B5D 558B5F 2DBFCE 7FD90C 5A1CBB 528967 677116 7FE9EB 49BA20 507B1D 4DA06F 7FEFC7 39865B 799746 4EF0D5 7FDD92 506D4F 421E0D 44D63F 7FE92D 59050E 73BCC2 627CB3 7FEE69 588D9D 542D32 44ADBD 7FF0DD 3E8FA4 7CD7A6 000FFF 02 107907,2026-07-27T22:44:58.733+00:00,serial_request_midpoint,356.7407,True,matched,76.26075,76.26075,2026-07-27T22:44:58.808+00:00,124.857887,1785192298729.93,3748,False,,,,,,,,,,,,,,False,,,,,,,,,,,,,,True,0.9453796054298282,-12.999909860537894,-12.275428246650055,41.79674596646477,-0.06329998886237159,-0.9878794601826285,-2.8020299723489535,29.659116523605405,19.141618892644054,-30.95638963706265,0.663430237435196,-0.2074162692510037,0.12263444903405249,False,,,,,,,,,,,,,,False,,,,,,,,,,,,,,False,,,,,,,,,,,,,,True,0.02415393271183994,10.149496520304234,9.397139667061897,76.41996953669056,0.2066139423476788,0.005309049814350671,-3.034678379376065,-2.842170943040401e-15,0.0,-1.1368683772161604e-14,0.0,0.0,0.0,True,2,0.9453796054298316,-13.282548146605908,-9.119946897670532,45.734229438775046,2.487994576351834,0.22105503375380509,-0.02555622277061206,29.091517717819592,15.986690221361084,-27.049347314024295,-0.17226555660048737,2.8088891483419687,0.9238447971040494,True,-7.537338311567415,-31.624584098672226,72.68056839483393,22.013549256786455,39.04086643644489,-0.8963620878472739
2026-07-27T22:44:59.468+00:00,201.500000,107957.100000,1.219774,4095,2,02,80,FFFFFFFF,32,2.97951285,3.09366516,2.20517356,1.37822135,1.10926888,0.48088281,2.20489282,1.20069868,1.05251898,1.49845822,2.20483079,0.89418564,1.01365129,0.96204340,2.20492541,0.64061414,1.99993935,0.98571170,2.20487705,1.01306338,0.76975226,0.81313155,2.20730968,1.17920954,1.82415533,1.38485466,2.20755441,1.16994428,1.08430156,0.81043955,2.20789391,0.71517209,SD 02 80 FFFFFFFF 92FAEA 95539C 7FDC2E 62541D 558D86 2DBFD2 7FDA18 5A1F39 529686 6770CE 7FD9A2 49BE2C 507F45 4DA44C 7FDA56 3987CE 799CFF 4EF677 7FD9FA 507713 4221C2 44DB37 7FEC0B 5911FA 73C1EC 629E98 7FEDDC 589CD5 5442D2 44B084 7FF061 3E96D3 7CE7A7 000FFF 02 107913,2026-07-27T22:44:59.289+00:00,serial_request_midpoint,356.6274,True,matched,96.3434,96.3434,2026-07-27T22:44:59.385+00:00,125.434831,1785192299329.933,3766,False,,,,,,,,,,,,,,False,,,,,,,,,,,,,,True,0.8955356767507562,-12.272707562843713,-11.800445897738463,42.041607668208194,-0.02269907743502713,-0.9655250162849186,-2.8137313463576668,28.83659379137449,18.80555970946524,-30.77835150985221,0.6495592748506679,-0.17882072540249738,0.11880853721263951,False,,,,,,,,,,,,,,False,,,,,,,,,,,,,,False,,,,,,,,,,,,,,True,0.04312784905722164,10.145937410300773,9.396313988213018,76.40156789875043,0.2065376613101182,0.007152792558661545,-3.035581574123537,0.0,-1.4210854715202005e-15,0.0,0.0,0.0,0.0,True,2,0.8955356767507637,-12.672500598386566,-8.721706315339354,46.0293703430499,2.505027297912087,0.21805957466306025,0.010399246653794101,28.3884402072554,15.710470265601959,-26.808426732493388,-0.16863158723105015,2.842387960268999,0.9120298489268309,True,-7.489436191866855,-31.704551722613722,72.68450071368106,21.92927152215958,39.147314563074694,-0.8360417052063213
2026-07-27T22:45:00.024+00:00,202.000000,107957.600000,1.217333,4095,2,02,80,FFFFFFFF,32,2.99518364,3.10731184,2.20745599,1.38356414,1.10990252,0.48088203,2.20789970,1.20134292,1.05428659,1.49854947,2.20786075,0.89479285,1.01428904,0.96260551,2.20770968,0.64079036,2.00189820,0.98653326,2.20766178,1.01430362,0.77019846,0.81362708,2.20531341,1.18053694,1.82517610,1.38965346,2.20474301,1.17217771,1.08711265,0.81063493,2.20506473,0.71578655,SD 02 80 FFFFFFFF 934EF0 9599B2 7FED21 629020 5595DA 2DBFCE 7FF06C 5A273E 52AE90 6771C4 7FF022 49C74C 508828 4DAC63 7FEF03 398AF2 79ACFF 4F021D 7FEEA8 50885C 422909 44E311 7FDD38 5922B5 73CB01 62D44E 7FD8FB 58B921 54684E 44B39E 7FDB5F 3EA139 7CA7A7 000FFF 02 107918,2026-07-27T22:44:59.846+00:00,serial_request_midpoint,356.814,True,matched,24.8904,24.8904,2026-07-27T22:44:59.871+00:00,125.920285,1785192299796.599,3780,False,,,,,,,,,,,,,,False,,,,,,,,,,,,,,True,0.7790883816347587,-11.896640097962432,-10.688442307882477,42.497887905431284,-0.009193082458896976,-0.9281052331345462,-2.832443271279555,28.35601802185199,17.70860256477771,-30.362189648290848,0.6223265114544557,-0.17032947297705495,0.11040046179310098,False,,,,,,,,,,,,,,False,,,,,,,,,,,,,,False,,,,,,,,,,,,,,True,0.05571219969314017,10.146624579715489,9.398896910368304,76.41122169278381,0.20888572213263712,0.006595117822411099,-3.0347850802175134,-2.842170943040401e-15,0.0,-1.1368683772161604e-14,0.0,0.0,0.0,True,2,0.7790883816347404,-12.319381145704952,-7.722501205889877,46.56792551429142,2.53312177208313,0.21154496157043712,0.0226119490098791,27.922149455306112,14.725557452530575,-26.305846137598813,-0.15657301141464036,2.8631030266000828,0.8755155682878232,True,-7.4357808511345125,-31.469684143848525,72.60238470602701,21.894070399540436,38.906240717287034,-0.9182874822433404
2026-07-27T22:45:00.583+00:00,203.200000,107958.800000,1.218553,4095,2,02,80,FFFFFFFF,32,3.01582660,3.12583074,2.20425525,1.39065812,1.11084748,0.48087930,2.20694711,1.20223797,1.05634068,1.49865630,2.20516672,0.89560943,1.01509788,0.96331040,2.20727600,0.64102447,2.00477474,0.98770187,2.20760757,1.01581254,0.77069175,0.81412080,2.20511940,1.18158026,1.82613323,1.39429691,2.20436036,1.17460347,1.09016499,0.81082837,2.20484972,0.71624259,SD 02 80 FFFFFFFF 93BCDA 95F83B 7FD55B 62DF88 55A244 2DBFC0 7FE95A 5A3261 52CA77 6772E4 7FDC21 49D390 50936C 4DB687 7FEBCB 398F1E 79C477 4F12AC 7FEE41 509D5F 423114 44EAE3 7FDBC7 592FD9 73D384 630824 7FD623 58D7D2 5490EF 44B6B0 7FD9C6 3EA8F0 7CC7A6 000FFF 02 107924,2026-07-27T22:45:00.404+00:00,serial_request_midpoint,357.971,True,matched,34.9638,34.9638,2026-07-27T22:45:00.439+00:00,126.487906,1785192300363.258,3797,False,,,,,,,,,,,,,,False,,,,,,,,,,,,,,True,0.7144163510521313,-11.39676471851067,-9.075025562213813,41.96739226596453,0.058669119816425225,-0.9395165625946401,-2.819057278755536,27.883943110251845,16.114135886418538,-30.855484133109893,0.6323771282531021,-0.12782994111931495,0.12096666008272404,False,,,,,,,,,,,,,,False,,,,,,,,,,,,,,False,,,,,,,,,,,,,,True,0.022265070290726833,10.14599093922357,9.394881893878486,76.3768787059692,0.21431256799390602,0.005520032720298528,-3.034232074177017,0.0,0.0,0.0,0.0,0.0,0.0,True,2,0.7144163510521285,-12.053354801664058,-6.095544340852992,45.996325618416435,2.521418207140181,0.22346821734689334,0.08275235230311634,27.669781703031486,13.097808559024333,-26.806209236303204,-0.17544740976942422,2.897872860028593,0.9010095684906928,True,-7.715742616796464,-29.572196500234686,72.37061686298328,22.02114705855281,36.979577037909124,-1.0511053594735018
2026-07-27T22:45:01.139+00:00,204.400000,107960.000000,1.219164,4095,2,02,80,FFFFFFFF,32,3.02916325,3.13819528,2.20678137,1.39577643,1.11173436,0.48087031,2.20786233,1.20300280,1.05749495,1.49872159,2.20772284,0.89621668,1.01557989,0.96373142,2.20758125,0.64119460,2.00714048,0.98855453,2.20770073,1.01663112,0.77100856,0.81432257,2.20786180,1.18175710,1.82681523,1.39678381,2.20743178,1.17637505,1.09201804,0.81097924,2.20510994,0.71644168,SD 02 80 FFFFFFFF 940367 9636FC 7FE81F 6318A1 55ADE9 2DBF92 7FF025 5A3BE4 52DA21 677394 7FEF1C 49DCAE 509A22 4DBC95 7FEE0F 399226 79D7BE 4F1EBF 7FEEF2 50A8C3 42363E 44EE15 7FF024 593213 73D994 6323D9 7FECF3 58EE35 54A990 44B915 7FDBB5 3EAC4E 7CD7A7 000FFF 02 107930,2026-07-27T22:45:00.961+00:00,serial_request_midpoint,355.8573,True,matched,39.53855,39.53855,2026-07-27T22:45:01.001+00:00,127.050115,1785192300929.919,3814,False,,,,,,,,,,,,,,False,,,,,,,,,,,,,,True,0.8684562404803641,-11.463325898565106,-10.14556285849972,42.33158839113583,0.03839236973655378,-0.9610575672594937,-2.8131412882293443,27.931189248533677,17.131860426192063,-30.539830890065524,0.645457316861191,-0.14001078632144293,0.1209168439808929,False,,,,,,,,,,,,,,False,,,,,,,,,,,,,,False,,,,,,,,,,,,,,True,0.029610096860869215,10.141379287879335,9.39342423038222,76.35801845132661,0.21129252468350432,0.003115134473169666,-3.0347046800038466,0.0,0.0,0.0,0.0,0.0,0.0,True,2,0.8684562404803616,-12.059463492586184,-7.098646829640638,46.3192751104807,2.5069535613173604,0.22140295273040606,0.06450602438327714,27.665366651080898,14.060247348407808,-26.535426547765503,-0.17458498124192012,2.880550473330777,0.9166516703156752,True,-7.541233142245898,-30.172427787161308,73.01679450007511,21.80386741342913,37.59818687137223,-0.5127528874279506
2026-07-27T22:45:01.696+00:00,204.900000,107960.500000,1.217333,4095,2,02,80,FFFFFFFF,32,3.03049466,3.14023266,2.20647834,1.39707995,1.11223081,0.48088867,2.20777021,1.20346437,1.05754707,1.49875497,2.20773284,0.89636632,1.01572021,0.96380993,2.20759914,0.64123012,2.00828044,0.98875653,2.20746546,1.01661399,0.77102941,0.81417358,2.20738704,1.18119995,1.82688731,1.39640247,2.20762651,1.17697146,1.09196276,0.81096374,2.20795392,0.71636246,SD 02 80 FFFFFFFF 940A6D 96414C 7FE5DF 632725 55B46D 2DBFF0 7FEF76 5A41A1 52DAD6 6773EE 7FEF2F 49DEED 509C16 4DBDB6 7FEE31 3992C8 79E106 4F219B 7FED33 50A886 423695 44EBB9 7FEC9E 592B0F 73DA38 631F9A 7FEE65 58F5BD 54A8D4 44B8D6 7FF0D3 3EAAF7 7CA7A7 000FFF 02 107935,2026-07-27T22:45:01.518+00:00,serial_request_midpoint,356.5389,True,matched,42.89725,42.89725,2026-07-27T22:45:01.561+00:00,127.610006,1785192301496.619,3831,False,,,,,,,,,,,,,,False,,,,,,,,,,,,,,True,0.8297715840084057,-11.957430874035051,-10.792203818751087,42.219698752570864,0.0051139694187675175,-0.9401990568281478,-2.820844011990374,28.4691792233196,17.899394795777,-30.473106944156314,0.6343206712579619,-0.16203402494153196,0.1202749051220967,False,,,,,,,,,,,,,,False,,,,,,,,,,,,,,False,,,,,,,,,,,,,,True,0.036020101929141166,10.143497862221718,9.38843810729612,76.3339683033341,0.211005507689061,0.010071915193030408,-3.035873812461106,0.0,0.0,-1.1368683772161604e-14,0.0,0.0,0.0,True,2,0.8297715840084341,-12.441109589596563,-7.793148385951028,46.258565481101314,2.522340252263626,0.22097264552500345,0.03512554463085798,28.094705715170477,14.868192561028229,-26.446656193995125,-0.17186830857261243,2.864834433963369,0.8946601060334531,True,-7.5169026083970465,-31.247385106887123,72.54967196555242,21.89208951285163,38.69911047960634,-0.7720341298463722
2026-07-27T22:45:02.252+00:00,206.100000,107961.700000,1.219774,4095,2,02,80,FFFFFFFF,32,3.02254365,3.13349286,2.20506420,1.39498587,1.11219479,0.48092226,2.20459057,1.20354419,1.05695312,1.49878688,2.20707077,0.89619872,1.01548814,0.96361706,2.20775021,0.64117815,2.00800163,0.98860117,2.20766231,1.01639864,0.77096902,0.81415188,2.20777284,1.18131255,1.82702093,1.39747196,2.20788338,1.17805221,1.09250803,0.81105826,2.20793392,0.71665073,SD 02 80 FFFFFFFF 93E06E 961F27 7FDB5E 630FD2 55B3F4 2DC09C 7FD7D9 5A429F 52D2C7 677444 7FEA45 49DC69 5098DB 4DBAF0 7FEF50 3991DB 79DEC1 4F1F68 7FEEA9 50A587 423599 44EB61 7FEF7B 592C7A 73DB68 632B82 7FF04D 590361 54B012 44BA56 7FF0AD 3EAFD7 7CE7A7 000FFF 02 107941,2026-07-27T22:45:02.074+00:00,serial_request_midpoint,356.247,True,matched,54.6329,54.6329,2026-07-27T22:45:02.129+00:00,128.178318,1785192302063.33,3848,False,,,,,,,,,,,,,,False,,,,,,,,,,,,,,True,0.9036070359789727,-11.89723787441749,-11.672222696990946,42.08255373978021,0.007563001562860159,-0.9537201995580027,-2.81269014880886,28.491751000394704,18.753665621518998,-30.65576623571847,0.6438581273200982,-0.15983598421450834,0.12384782237145933,False,,,,,,,,,,,,,,False,,,,,,,,,,,,,,False,,,,,,,,,,,,,,True,0.03485076784207987,10.140324532474946,9.392116443604541,76.34470943003926,0.20943910084495587,0.00914892769049224,-3.0354752726166696,0.0,0.0,0.0,0.0,0.0,0.0,True,2,0.9036070359789797,-12.398300625021866,-8.634241360129847,46.0900877142306,2.511715569935911,0.2251521031528975,0.0371586401010146,28.137432803789164,15.684273051199463,-26.656514942744355,-0.17740689715889177,2.8623362083520174,0.9088557359614466,True,-7.414901917077607,-31.800025091470324,72.62465980730511,21.854333892534733,39.2508613495789,-0.7584474708609037
2026-07-27T22:45:02.809+00:00,206.600000,107962.200000,1.217333,4095,2,02,80,FFFFFFFF,32,3.03377571,3.14340217,2.20513202,1.39853402,1.11258360,0.48093867,2.20526346,1.20406093,1.05810696,1.49880097,2.20714023,0.89667214,1.01590515,0.96399849,2.20784496,0.64130313,2.00939748,0.98919840,2.20769547,1.01732286,0.77127510,0.81451179,2.20744599,1.18213815,1.82785274,1.40071169,2.20506315,1.18013424,1.09445825,0.81122836,2.20732231,0.71699936,SD 02 80 FFFFFFFF 941BB8 965153 7FDBDF 633753 55B90E 2DC0F0 7FDCD9 5A490B 52E26E 67746A 7FEAC9 49E384 509EA9 4DC06C 7FF004 399415 79EA1D 4F27DC 7FEEE8 50B262 423A96 44F114 7FED0E 5936DF 73E2CC 634F88 7FDB5C 591DA2 54C9F4 44BD09 7FEC23 3EB5BC 7CA7A7 000FFF 02 107946,2026-07-27T22:45:02.631+00:00,serial_request_midpoint,355.8869,True,matched,62.01405,62.01405,2026-07-27T22:45:02.693+00:00,128.74252,1785192302630.064,3865,False,,,,,,,,,,,,,,False,,,,,,,,,,,,,,True,0.9543586487865907,-12.05427460676751,-12.80586242634923,41.93290687121064,-0.0049361949922647795,-0.9678653993414184,-2.8083852263182014,28.77613905100622,19.73692931973715,-30.899572679140213,0.6499549940132409,-0.16799653011616208,0.12350604343050801,False,,,,,,,,,,,,,,False,,,,,,,,,,,,,,False,,,,,,,,,,,,,,True,0.05168415457481046,10.140306245837348,9.3915157328504,76.38683455795321,0.20853902630573498,0.0037715318780415816,-3.035020658647911,0.0,0.0,-1.1368683772161604e-14,0.0,0.0,0.0,True,2,0.9543586487865792,-12.518741197519732,-9.724174646178342,45.911373187975386,2.5019520627146807,0.22397321058858266,0.026015867280474416,28.386038541034203,16.641648605262006,-26.923672540463564,-0.17634553506433343,2.8519553617601874,0.9153960374625013,True,-7.4172956107718475,-32.62235740020281,72.65496670531886,21.968881798487637,40.04865303697919,-0.9139905430359476
2026-07-27T22:45:03.365+00:00,207.800000,107963.400000,1.217333,4095,2,02,80,FFFFFFFF,32,3.04410366,3.15361131,2.20748704,1.40242525,1.11324919,0.48094960,2.20809343,1.20470298,1.05889326,1.49889187,2.20766704,0.89711654,1.01632930,0.96432131,2.20794866,0.64144566,2.01150453,0.98989555,2.20736968,1.01801012,0.77151579,0.81467858,2.20788233,1.18236968,1.82853180,1.40275259,2.20539649,1.18201961,1.09596148,0.81135391,2.20503844,0.71719925,SD 02 80 FFFFFFFF 945203 9684D2 7FED5C 63628F 55C1C9 2DC128 7FF1DC 5A5105 52ED17 67755F 7FEEB2 49EA2F 50A490 4DC510 7FF0C9 39969F 79FB3F 4F31B9 7FEC7D 50BBF0 423E82 44F3B8 7FF04B 5939C9 73E8D4 636631 7FDDD6 593561 54DDE2 44BF07 7FDB2D 3EB91D 7CA7A7 000FFF 02 107952,2026-07-27T22:45:03.187+00:00,serial_request_midpoint,356.1501,True,matched,70.67215,70.67215,2026-07-27T22:45:03.258+00:00,129.307357,1785192303196.763,3882,False,,,,,,,,,,,,,,False,,,,,,,,,,,,,,True,0.970107044107151,-12.284177745107838,-13.76025773940162,42.03040365406049,-0.017643733408725628,-0.9658549565950051,-2.808968863000991,28.985930568813092,20.728095613804975,-30.891375944260137,0.6499220923378141,-0.17320676586983927,0.12242974535310922,False,,,,,,,,,,,,,,False,,,,,,,,,,,,,,False,,,,,,,,,,,,,,True,0.027227783261841967,10.149610925931086,9.400751928086489,76.44563260129252,0.20302417702708284,0.005866106340336937,-3.035570533553925,-2.842170943040401e-15,-1.4210854715202005e-15,0.0,0.0,0.0,0.0,True,2,0.970107044107163,-12.7076641040677,-10.680011208660362,46.014555214003195,2.5034250514459595,0.22392596982937837,0.01475926617928078,28.569861988171983,17.632103617436247,-26.918663579441045,-0.1743698286105218,2.8471709495659523,0.9139638281190611,True,-7.451314110534727,-33.61033842844439,72.70054766456171,22.096813066372754,41.0443970652917,-0.9275984242834511
2026-07-27T22:45:03.923+00:00,208.300000,107963.900000,1.218554,4095,2,02,80,FFFFFFFF,32,3.04575258,3.15610852,2.20707656,1.40378395,1.11370170,0.48096405,2.20793392,1.20518420,1.05895666,1.49894529,2.20791549,0.89727616,1.01644216,0.96436180,2.20507629,0.64148097,2.01256798,0.99011898,2.20454011,1.01805621,0.77153641,0.81458063,2.20488546,1.18187842,1.82853048,1.40227814,2.20461580,1.18285270,1.09589870,0.81137681,2.20693238,0.71711883,SD 02 80 FFFFFFFF 945AA9 969163 7FEA50 6371A2 55C7B8 2DC172 7FF0AD 5A56FF 52EDF3 6775EF 7FF08A 49EC94 50A622 4DC5A5 7FDB75 399740 7A03E3 4F34E2 7FD779 50BC94 423ED8 44F22B 7FDA0A 59339A 73E8D1 6360ED 7FD809 593FDD 54DD0D 44BF64 7FE93E 3EB7C1 7CC7A7 000FFF 02 107957,2026-07-27T22:45:03.744+00:00,serial_request_midpoint,357.1013,True,matched,84.10905,84.10905,2026-07-27T22:45:03.829+00:00,129.8776,1785192303763.432,3899,False,,,,,,,,,,,,,,False,,,,,,,,,,,,,,True,1.0200775795276877,-12.38389677613118,-14.639393833663652,42.0822841844079,-0.03921991743122806,-0.9614665056221893,-2.81285506178165,29.365538492969883,21.607081871787823,-30.498139377300447,0.6462634332304934,-0.19492087529442823,0.12194492577704927,False,,,,,,,,,,,,,,False,,,,,,,,,,,,,,False,,,,,,,,,,,,,,True,0.040404184064790856,10.139695542573481,9.389844227361616,76.35502627985227,0.2141047710881932,0.0075683840589751495,-3.0347839298757937,0.0,0.0,0.0,0.0,0.0,0.0,True,2,1.0200775795276749,-12.733167613112848,-11.565836923604808,46.078780254945364,2.507280133423802,0.22052541852647214,-0.00429493263290328,28.84618451926162,18.522128489630006,-26.529001294710685,-0.17200862346740348,2.82839848122868,0.902911340828641,True,-7.2913681836494275,-34.5972253995099,72.64028018573967,22.026856692729595,42.03341399101598,-0.7164551824273758
2026-07-27T22:45:04.480+00:00,209.500000,107965.100000,1.217943,4095,2,02,80,FFFFFFFF,32,3.03778124,3.14949757,2.20766073,1.40173520,1.11363496,0.48097245,2.20766494,1.20523516,1.05824091,1.49891413,2.20788549,0.89708373,1.01622487,0.96412864,2.20796919,0.64142001,2.01223331,0.98988478,2.20733547,1.01756053,0.77138010,0.81439584,2.20792655,1.18135194,1.82844250,1.40090263,2.20764809,1.18300608,1.09501348,0.81133767,2.20805026,0.71701485,SD 02 80 FFFFFFFF 9430CD 967018 7FEEA6 635AE6 55C6D8 2DC19D 7FEEAE 5A57A1 52E43F 67759B 7FF051 49E9B1 50A31C 4DC24B 7FF0F0 39962A 7A012B 4F3192 7FEC3C 50B5B0 423C4C 44EF3E 7FF09F 592CF9 73E809 6351A7 7FEE8E 5941CB 54D151 44BEC5 7FF18A 3EB5FF 7CB7A7 000FFF 02 107963,2026-07-27T22:45:04.302+00:00,serial_request_midpoint,357.2963,True,matched,92.91075,92.91075,2026-07-27T22:45:04.394+00:00,130.443772,1785192304330.157,3916,False,,,,,,,,,,,,,,False,,,,,,,,,,,,,,True,1.039835868550033,-12.394713165203829,-15.552985998609335,42.34625024764155,-0.06134593860742689,-0.9503761493570964,-2.8185632028886642,29.349235819337007,22.55122177755218,-30.316758886321974,0.6383860826999105,-0.20712383206926208,0.1184859634087273,False,,,,,,,,,,,,,,False,,,,,,,,,,,,,,False,,,,,,,,,,,,,,True,0.03549394369914509,10.142891436717319,9.392255644385036,76.38787791717084,0.21018200700238546,0.00844237441186483,-3.035452748070376,-2.842170943040401e-15,0.0,-1.1368683772161604e-14,0.0,0.0,0.0,True,2,1.0398358685500246,-12.666398281514374,-12.505110332395482,46.36835966392715,2.5156368115210643,0.2175983225695948,-0.02388218688379284,28.763983292507447,19.496630160574135,-26.33333415764646,-0.16599450669227936,2.8206591638033145,0.8885957606792836,True,-7.023708034637815,-35.760317638308265,72.69186046965156,21.85711511337845,43.229786139509834,-0.7481080697692392
2026-07-27T22:45:05.038+00:00,210.000000,107965.600000,1.217943,4095,2,02,80,FFFFFFFF,32,3.03079391,3.14271356,2.20774758,1.39949761,1.11342493,0.48098026,2.20568728,1.20521188,1.05769048,1.49885254,2.20493225,0.89689315,1.01600171,0.96394469,2.20732389,0.64135071,2.01155884,0.98953852,2.20776337,1.01713101,0.77123219,0.81420960,2.20804499,1.18097106,1.82811176,1.39952572,2.20792865,1.18289275,1.09398240,0.81128079,2.20814186,0.71681337,SD 02 80 FFFFFFFF 940C01 964DD8 7FEF4B 63420A 55C417 2DC1C5 7FDFFF 5A5757 52DCC8 6774F5 7FDA63 49E6D5 50A001 4DBFA6 7FEC26 3994EE 79FBB0 4F2CAC 7FEF69 50AFB7 4239E3 44EC4B 7FF180 59282D 73E519 63425A 7FF0A3 59405E 54C3A4 44BDDE 7FF238 3EB297 7CB7A7 000FFF 02 107968,2026-07-27T22:45:04.859+00:00,serial_request_midpoint,357.3007,True,matched,28.34965,28.34965,2026-07-27T22:45:04.888+00:00,130.936685,1785192304830.227,3931,True,0.9604714068234913,-13.352826033375184,-9.394024575255369,43.25466091976528,0.6104391593109239,0.84117814702789,-1.3327988023338884,29.513007828985025,16.146023678112055,-29.54180931513895,-0.9185997267105571,0.565281357358,1.3843013040338894,False,,,,,,,,,,,,,,True,1.0296023902126086,-12.140035383455011,-17.00353620864258,42.556029902404354,-0.06904687526816564,-0.9445081090600338,-2.8207088387887205,29.166634439139944,23.83332222974078,-30.347464458821417,0.6285550770011891,-0.2097157009552434,0.11645947282572507,False,,,,,,,,,,,,,,False,,,,,,,,,,,,,,False,,,,,,,,,,,,,,True,0.017420449998772885,10.145574809695784,9.40301248197213,76.40472524892601,0.20668860539756403,-0.0001670714613682086,-3.0349895164864598,-2.842170943040401e-15,0.0,0.0,0.0,0.0,0.0,True,0;2,1.0553666049528454,-12.36641890755196,-13.902631048329656,46.45793755463244,2.5154249107321776,0.21297571813807192,-0.023776988061027897,28.554573520841007,20.75210721456774,-26.471481860522346,-0.1590878336413025,2.8254470012401747,0.882785065204934,True,-6.83067624793896,-37.16192165286242,72.80053174185295,21.841835721516084,44.62598097576813,-0.9656272854658369
2026-07-27T22:45:05.595+00:00,211.200000,107966.800000,1.218554,4095,2,02,80,FFFFFFFF,32,3.02167835,3.13438400,2.20525400,1.39667575,1.11313809,0.48096484,2.20502845,1.20503699,1.05676919,1.49882101,2.20712234,0.89660342,1.01564528,0.96360945,2.20769494,0.64125336,2.01032152,0.98900326,2.20762230,1.01632705,0.77091365,0.81384260,2.20795340,1.17991480,1.82738140,1.39575504,2.20768336,1.18168171,1.09182103,0.81114958,2.20777231,0.71635876,SD 02 80 FFFFFFFF 93DBDA 9623AC 7FDCC7 6322A5 55C054 2DC176 7FDB1A 5A552B 52D048 6774A0 7FEAA7 49E27C 509B0B 4DBAD4 7FEEE7 399332 79F1A1 4F2519 7FEE5D 50A488 4234B2 44E67B 7FF0D2 591ADE 73DE9C 631864 7FEED1 593120 54A6F2 44BBC9 7FEF7A 3EAAE7 7CC7A8 000FFF 02 107974,2026-07-27T22:45:05.417+00:00,serial_request_midpoint,356.6712,True,matched,42.2232,42.2232,2026-07-27T22:45:05.459+00:00,131.507939,1785192305396.902,3948,False,,,,,,,,,,,,,,False,,,,,,,,,,,,,,False,,,,,,,,,,,,,,False,,,,,,,,,,,,,,False,,,,,,,,,,,,,,False,,,,,,,,,,,,,,True,0.03119957184303973,10.133892491111682,9.388983059783541,76.29125965320264,0.21745988496297913,-0.0010087167251180702,-3.034881112649612,0.0,0.0,-1.1368683772161604e-14,0.0,0.0,0.0,False,,,,,,,,,,,,,,,False,,,,,,
2026-07-27T22:45:06.151+00:00,212.400000,107968.000000,1.217333,4095,2,02,80,FFFFFFFF,32,3.00479004,3.11924052,2.20522298,1.39089905,1.11237430,0.48095800,2.20523717,1.20446210,1.05501959,1.49879467,2.20706919,0.89598926,1.01495313,0.96299729,2.20785864,0.64105472,2.00794837,0.98809656,2.20783443,1.01508217,0.77047874,0.81337930,2.20774021,1.17876441,1.82647245,1.39125824,2.20758072,1.17978091,1.08899603,0.81097604,2.20737915,0.71585142,SD 02 80 FFFFFFFF 938232 95D6AA 7FDC8C 62E239 55B64F 2DC153 7FDCA7 5A4E07 52B886 677459 7FEA42 49D944 509168 4DB206 7FF01E 398FA8 79DE52 4F1843 7FEFF0 509334 422D9B 44DF24 7FEF3D 590C5D 73D688 62E63C 7FEE0E 59192E 548162 44B908 7FEC8F 3EA252 7CA7A7 000FFF 02 107980,2026-07-27T22:45:05.973+00:00,serial_request_midpoint,356.2811,True,matched,53.82615,53.82615,2026-07-27T22:45:06.027+00:00,132.076184,1785192305963.567,3965,False,,,,,,,,,,,,,,False,,,,,,,,,,,,,,True,0.9849497873325409,-10.802896621364326,-16.646026427888177,42.74909841879636,-0.038940387850473,-0.9195590471457541,-2.8189007906247623,27.873730732536917,23.770540053507126,-30.11557056563776,0.617809261109275,-0.19196770405655736,0.1262929696398765,False,,,,,,,,,,,,,,False,,,,,,,,,,,,,,False,,,,,,,,,,,,,,True,0.01625619957417355,10.14940450044071,9.403010112721613,76.38508811564414,0.21118716045964678,0.007474047382018111,-3.034804806374009,0.0,1.4210854715202005e-15,0.0,0.0,0.0,0.0,True,2,0.9849497873325422,-11.152563808868226,-13.68756380633665,46.83149413853008,2.534644704839402,0.23154145763996148,-0.004339073934498212,27.361289300391178,20.800152607070892,-26.059103477849533,-0.17829687400930158,2.8430898139992413,0.8630037330543255,True,-5.451996942281097,-37.41839774611289,72.7143528031846,20.50345148387642,45.03178912325005,-0.9320430257731459
2026-07-27T22:45:06.708+00:00,212.900000,107968.500000,1.218554,4095,2,02,80,FFFFFFFF,32,2.98825892,3.10443094,2.20749283,1.38481528,1.11149988,0.48095195,2.20808974,1.20377017,1.05327761,1.49868820,2.20784338,0.89533970,1.01428568,0.96244047,2.20768968,0.64086094,2.00549161,0.98710629,2.20727337,1.01384497,0.77001929,0.81294300,2.20801604,1.17783613,1.82551427,1.38714114,2.20786549,1.17775224,1.08626232,0.81080105,2.20759493,0.71539388,SD 02 80 FFFFFFFF 9329DF 958AEE 7FED67 629E27 55AAD5 2DC134 7FF1D5 5A456E 52A0D8 67733A 7FF001 49CF83 50881C 4DAA03 7FEEDD 398C34 79CA4F 4F0A3C 7FEBC6 5081F8 42261D 44D83A 7FF149 5900A7 73CE03 62B834 7FF02B 58FF98 545CF9 44B641 7FEE29 3E9A94 7CC7A7 000FFF 02 107985,2026-07-27T22:45:06.530+00:00,serial_request_midpoint,356.81,True,matched,73.3424,73.3424,2026-07-27T22:45:06.603+00:00,132.652584,1785192306530.258,3982,False,,,,,,,,,,,,,,False,,,,,,,,,,,,,,True,1.0477442040229932,-9.599381012615126,-16.623758277378748,43.00008999560195,-0.037308209566742766,-0.9220709495729448,-2.7964986579680464,26.637283661311624,23.915959155711995,-29.93792221212638,0.6227079533778896,-0.1918691651713339,0.14942601314327345,False,,,,,,,,,,,,,,False,,,,,,,,,,,,,,False,,,,,,,,,,,,,,True,0.033807287425671205,10.144187154200006,9.396701193228886,76.3306221628354,0.21302344211953378,0.008414435395243202,-3.0361272322976367,0.0,1.4210854715202005e-15,0.0,0.0,0.0,0.0,True,2,1.0477442040229643,-9.988188394961286,-13.648517253166972,47.066721611866974,2.5265503597901526,0.2585321749448754,-0.0035044877934010217,26.1636211261685,20.922410694635772,-25.893786402201606,-0.21219600031957453,2.838666009315991,0.8693336056290385,True,-3.6852482519414074,-37.10511716038053,73.05964720862437,18.60475360997232,44.918641453361886,-0.7419326737244774
2026-07-27T22:45:07.265+00:00,214.100000,107969.700000,1.217333,4095,2,02,80,FFFFFFFF,32,2.97551814,3.09304163,2.20729495,1.37991848,1.11070145,0.48093320,2.20785180,1.20303013,1.05190648,1.49867596,2.20792234,0.89472682,1.01370707,0.96197990,2.20793866,0.64068077,2.00312628,0.98628168,2.20530658,1.01284738,0.76965552,0.81261376,2.20742336,1.17712864,1.82469221,1.38388808,2.20760178,1.17595139,1.08408995,0.81063468,2.20738283,0.71502810,SD 02 80 FFFFFFFF 92E56A 955066 7FEBEF 626732 55A059 2DC0D4 7FF011 5A3C3B 528E30 677319 7FF097 49C64E 50800C 4DA362 7FF0B6 3988FE 79B705 4EFE8C 7FDD2B 507410 42202E 44D302 7FECE3 58F7B9 73C6B3 6293C2 7FEE36 58E8DB 543FFF 44B39D 7FEC96 3E9463 7CA7A6 000FFF 02 107991,2026-07-27T22:45:07.087+00:00,serial_request_midpoint,356.0314,True,matched,87.886,87.886,2026-07-27T22:45:07.175+00:00,133.223962,1785192307096.937,3999,False,,,,,,,,,,,,,,False,,,,,,,,,,,,,,True,1.0100539517004776,-9.020529949943207,-16.718301391072405,43.179203861057445,-0.013029925348261131,-0.9109864191536725,-2.7871535810104877,26.005675817910106,23.77751060230455,-30.243725500381323,0.6085833991113389,-0.17114342127792892,0.15975416266913778,False,,,,,,,,,,,,,,False,,,,,,,,,,,,,,False,,,,,,,,,,,,,,True,0.022837206380686082,10.15692873327598,9.408142084529032,76.43551374506261,0.20806163514429607,-0.005130039245290513,-3.035555668430585,-2.842170943040401e-15,0.0,1.1368683772161604e-14,0.0,0.0,0.0,True,2,1.0100539517004856,-9.504104195344533,-13.778479419155394,47.26140005433507,2.5304451916522,0.2757360389465471,0.018020063973230922,25.637132456295404,20.845809518451244,-26.143722136561365,-0.22907470243695832,2.8630219550068716,0.8540688437945191,True,-3.0944795303611627,-37.30738223251872,73.16272741000333,18.120994995880807,45.15139108359072,-1.2777273406829408
2026-07-27T22:45:07.821+00:00,214.600000,107970.200000,1.218553,4095,2,02,80,FFFFFFFF,32,2.96655683,3.08475618,2.20745599,1.37611094,1.11000924,0.48094140,2.20763809,1.20244964,1.05086226,1.49857098,2.20484761,0.89424541,1.01324326,0.96158837,2.20720127,0.64054423,2.00123277,0.98552771,2.20748704,1.01202344,0.76932319,0.81234249,2.20554793,1.17655630,1.82420450,1.38110482,2.20692449,1.17422998,1.08212155,0.81049590,2.20537335,0.71468316,SD 02 80 FFFFFFFF 92B510 9525A9 7FED21 623C5C 559741 2DC0FE 7FEE7B 5A3503 527FF8 6771FE 7FD9C2 49BF12 507995 4D9DBF 7FEB3D 39868F 79A790 4EF3DB 7FED5C 506892 421AC2 44CEB5 7FDEF6 58F07F 73C25C 627486 7FE92F 58D319 5425B5 44B169 7FDDAA 3E8E8C 7CC7A6 000FFF 02 107996,2026-07-27T22:45:07.644+00:00,serial_request_midpoint,355.9816,True,matched,102.8146,102.8146,2026-07-27T22:45:07.746+00:00,133.795624,1785192307663.596,4016,False,,,,,,,,,,,,,,False,,,,,,,,,,,,,,True,0.9817556968040523,-8.961259495175945,-16.672991178046953,43.138845603485244,-0.03800922043464737,-0.9182281666326038,-2.7863972482697044,25.965917157825412,23.900604805706184,-30.131554995312314,0.6180060423366482,-0.18983957731880707,0.1583675152350997,False,,,,,,,,,,,,,,False,,,,,,,,,,,,,,False,,,,,,,,,,,,,,True,0.046454667468534695,10.151150222427903,9.408604023468557,76.42314455797506,0.20898943243274212,0.002967710247897757,-3.0352057635482304,0.0,0.0,0.0,0.0,0.0,0.0,True,2,0.9817556968040712,-9.363904686140561,-13.703392285770047,47.20825370647259,2.5258524549416834,0.2728354885729979,-0.004472832535927367,25.51300958167528,20.925558094654157,-26.071420165777386,-0.225413665351953,2.841535817263228,0.8628631554403543,True,-2.7229771684431427,-37.105552736713584,73.16607107745223,17.724760469778854,44.99584676863173,-1.0607085874439803
2026-07-27T22:45:08.378+00:00,215.800000,107971.400000,1.216112,4095,2,02,80,FFFFFFFF,32,2.95949683,3.07832731,2.20471199,1.37277013,1.10941716,0.48093164,2.20728863,1.20192931,1.04990956,1.49851274,2.20770547,0.89380651,1.01282105,0.96122705,2.20789444,0.64038623,1.99936534,0.98490927,2.20768915,1.01129226,0.76906490,0.81211142,2.20528292,1.17610754,1.82355102,1.37879788,2.20709498,1.17270011,1.08041536,0.81035836,2.20555844,0.71437290,SD 02 80 FFFFFFFF 928EDA 950468 7FD8C0 6216B3 558F79 2DC0CC 7FEBE3 5A2E8A 5272FD 677161 7FEEFB 49B879 5073B2 4D988B 7FF062 3983BE 79984E 4EEB15 7FEEDC 505E5E 42168B 44CB0B 7FDCFE 58EAD4 73BC8B 625A99 7FEA73 58BFBE 540EE5 44AF3A 7FDF0A 3E894B 7C87A8 000FFF 02 1079A2,2026-07-27T22:45:08.200+00:00,serial_request_midpoint,356.876,True,matched,39.9034,39.9034,2026-07-27T22:45:08.240+00:00,134.289291,1785192308163.589,4031,False,,,,,,,,,,,,,,False,,,,,,,,,,,,,,True,0.9507783242088718,-8.621738824560731,-15.80664627042151,42.9417678923097,-0.018526697613081167,-0.9328293281467332,-2.7768648624203083,25.498011890479777,23.126055685895572,-30.3602761774688,0.630920533261626,-0.17497485915808572,0.16418938640392053,False,,,,,,,,,,,,,,False,,,,,,,,,,,,,,False,,,,,,,,,,,,,,True,0.03275560696468253,10.153195418211498,9.407910283792917,76.38481520382531,0.20628510980169731,0.0046905074476729595,-3.0360967937938805,0.0,0.0,0.0,0.0,0.0,0.0,True,2,0.9507783242088732,-9.100261381581857,-12.80068642999007,46.9761135195229,2.5139257595014586,0.2786605258265573,0.012947980148757325,25.130560123013925,20.102146280210842,-26.32769956387836,-0.2354100392938786,2.8493102628992815,0.8850064616290289,True,-2.565994692839537,-35.88369605548814,73.24490375055,17.399076443571342,43.810099833773826,-0.9558960578450865
2026-07-27T22:45:08.935+00:00,216.300000,107971.900000,1.217943,4095,2,02,80,FFFFFFFF,32,2.95415008,3.07302637,2.20456692,1.37000682,1.10887134,0.48091777,2.20725705,1.20141668,1.04913302,1.49843745,2.20721601,0.89340436,1.01243788,0.96095449,2.20772231,0.64028763,1.99789636,0.98437253,2.20757072,1.01070717,0.76883466,0.81191240,2.20790339,1.17571764,1.82304471,1.37686931,2.20770757,1.17130729,1.07903972,0.81026216,2.20794023,0.71413674,SD 02 80 FFFFFFFF 9271D8 94E8ED 7FD7AC 61F77F 55884C 2DC085 7FEBA7 5A2829 526867 677096 7FEB59 49B26D 506E5A 4D949E 7FEF1B 3981FC 798C4B 4EE377 7FEDFB 505633 4212C9 44C7E3 7FF073 58E5E7 73B809 6244E6 7FEEFF 58AE1B 53FC7C 44ADB3 7FF0B9 3E854B 7CB7A8 000FFF 02 1079A7,2026-07-27T22:45:08.757+00:00,serial_request_midpoint,356.0649,True,matched,53.96545,53.96545,2026-07-27T22:45:08.811+00:00,134.860086,1785192308730.245,4048,False,,,,,,,,,,,,,,False,,,,,,,,,,,,,,True,0.9340454581661422,-8.446096895763905,-14.233091727497179,42.29348798137221,0.011482244558166878,-0.9253214315953276,-2.780189885941546,25.321453029387566,21.54790712431666,-31.00836214668012,0.625653598816336,-0.15600576047244988,0.1633368620504389,False,,,,,,,,,,,,,,False,,,,,,,,,,,,,,False,,,,,,,,,,,,,,True,0.04346321736269248,10.149048541688384,9.403209441562085,76.38971418285743,0.20930818267779203,0.004019456522284328,-3.0356645269492897,2.842170943040401e-15,0.0,1.1368683772161604e-14,0.0,0.0,0.0,True,2,0.9340454581661358,-9.017493351828685,-11.261032513650088,46.34084429861665,2.5193114337697464,0.27836659978643624,0.04002574700562834,25.038325484902536,18.550839950912895,-26.949033360905958,-0.23589572067972797,2.869582577304503,0.8824511844739856,True,-2.850834077699608,-34.510202722785245,72.55190518358674,17.649612143033202,42.40296916540638,-1.6102456665639466
2026-07-27T22:45:09.492+00:00,217.500000,107973.100000,1.219164,4095,2,02,80,FFFFFFFF,32,2.95042556,3.06918410,2.20747546,1.36779697,1.10841569,0.48090859,2.20771178,1.20100523,1.04860426,1.49839071,2.20546747,0.89309710,1.01220040,0.96071640,2.20739020,0.64020634,1.99667658,0.98389842,2.20515305,1.01026605,0.76863628,0.81177818,2.20501216,1.17549321,1.82280696,1.37548916,2.20721759,1.17011282,1.07786056,0.81021172,2.20550060,0.71397878,SD 02 80 FFFFFFFF 925D9A 94D4F9 7FED46 61DE82 55824E 2DC056 7FEF07 5A230A 526131 677018 7FDE5D 49ADCE 506B0A 4D9130 7FECA4 398089 798250 4EDCBC 7FDC07 50500A 420F8C 44C5C2 7FDAFB 58E311 73B5EB 62355B 7FEB5C 589EF8 53ECB1 44ACE6 7FDE9C 3E829E 7CD7A8 000FFF 02 1079B3,2026-07-27T22:45:09.314+00:00,serial_request_midpoint,357.2121,True,matched,61.30845,61.30845,2026-07-27T22:45:09.375+00:00,135.424231,1785192309296.954,4065,False,,,,,,,,,,,,,,False,,,,,,,,,,,,,,True,0.9486755824266695,-9.116970574893823,-13.015699683981143,41.78113131070334,0.02431227444073221,-0.9182514118269242,-2.788008218405959,26.05174488794096,20.480332155642913,-31.073416082670736,0.6265338594765095,-0.15222392642546137,0.15924576861597697,False,,,,,,,,,,,,,,False,,,,,,,,,,,,,,False,,,,,,,,,,,,,,True,0.03131883403983578,10.138641244512069,9.391956369744525,76.28928929685041,0.21649770670611512,0.014382168564649113,-3.0353841403134934,0.0,1.4210854715202005e-15,0.0,0.0,0.0,0.0,True,2,0.9486755824266729,-9.718501273872867,-10.071077346293597,45.844145357702025,2.525879640460443,0.271851808614165,0.05173559264269142,25.780399303612256,17.480918918815114,-27.015015554366652,-0.23020791856485429,2.873272035190597,0.8848481307869093,True,-3.8505771613670126,-33.52131947412175,71.94443128502961,18.576403133923037,41.33289893263857,-1.6229537369517857
2026-07-27T22:45:10.050+00:00,218.100000,107973.700000,1.218554,4095,2,02,80,FFFFFFFF,32,2.94936712,3.06752796,2.20678716,1.36654626,1.10808338,0.48089199,2.20750283,1.20062338,1.04828354,1.49833619,2.20721390,0.89289013,1.01201616,0.96061933,2.20729495,0.64013470,1.99568504,0.98356033,2.20777389,1.00996318,0.76853099,0.81170578,2.20806763,1.17550248,1.82251748,1.37478752,2.20777389,1.16919543,1.07708376,0.81011135,2.20749651,0.71383075,SD 02 80 FFFFFFFF 9257D8 94CC5D 7FE82A 61D05A 557DEF 2DC001 7FED7A 5A1E49 525CD1 676F85 7FEB55 49AAB1 506878 4D8FCA 7FEBEF 397F42 797A32 4ED7EF 7FEF7D 504BCF 420DD4 44C49C 7FF1AB 58E32F 73B357 622D73 7FEF7D 589356 53E248 44AB4E 7FED6E 3E801C 7CC7A8 000FFF 02 1079B9,2026-07-27T22:45:09.871+00:00,serial_request_midpoint,356.8035,True,matched,53.58005,53.58005,2026-07-27T22:45:09.924+00:00,135.974056,1785192309863.688,4082,False,,,,,,,,,,,,,,False,,,,,,,,,,,,,,True,0.8748011510982784,-9.273002192340456,-12.555167010897234,42.56318088703337,0.010798826361263215,-0.9320959830181879,-2.784942596442391,26.06456074339696,19.836352611927147,-30.361751353775805,0.6313345219981858,-0.16161470544209278,0.15762932829615256,False,,,,,,,,,,,,,,False,,,,,,,,,,,,,,False,,,,,,,,,,,,,,True,0.05337089648504087,10.138492194877745,9.392357838552204,76.27042336691062,0.21630729344152333,0.007531148629688165,-3.034377498115462,0.0,0.0,0.0,0.0,0.0,0.0,True,2,0.8748011510982922,-9.833458702454802,-9.565992413225882,46.59944732582842,2.5166351607566795,0.2693971907854636,0.039502479876413664,25.74932572254279,16.814894515006706,-26.3229222053446,-0.22699510505947396,2.862525233014055,0.8893335474217224,True,-3.8666695697059565,-32.765964722071786,72.90020828528057,18.434985260478268,40.549374301711524,-0.8524253984180632
2026-07-27T22:45:10.607+00:00,219.200000,107974.800000,1.219164,4095,2,02,80,FFFFFFFF,32,2.94825027,3.06633008,2.20741283,1.36558743,1.10778380,0.48091504,2.20786970,1.20036363,1.04813409,1.49831839,2.20763599,0.89275225,1.01188233,0.96050926,2.20791813,0.64009657,1.99506497,0.98335734,2.20779284,1.00972019,0.76844845,0.81165382,2.20766915,1.17546971,1.82218727,1.37412913,2.20762967,1.16840750,1.07651502,0.81005330,2.20771652,0.71376158,SD 02 80 FFFFFFFF 9251C4 94C622 7FECCF 61C57E 5579FE 2DC077 7FF033 5A1B0D 525AC7 676F55 7FEE77 49A89E 50669A 4D8E34 7FF08F 397E94 79751E 4ED50D 7FEFA1 50486A 420C7B 44C3C9 7FEEB6 58E2C5 73B066 622607 7FEE6B 588957 53DAA8 44AA62 7FEF10 3E7EF0 7CD7A6 000FFF 02 1079C4,2026-07-27T22:45:10.428+00:00,serial_request_midpoint,358.1909,True,matched,58.00145,58.00145,2026-07-27T22:45:10.487+00:00,136.536138,1785192310430.376,4099,False,,,,,,,,,,,,,,False,,,,,,,,,,,,,,True,0.8275810300822609,-9.055911321164995,-12.108069472261471,42.700036730736855,0.0246870475256571,-0.9301356626260204,-2.786140402781624,25.7278189501597,19.461331526603097,-30.374804815436214,0.6309598882750408,-0.14987785902361092,0.15721802522672906,False,,,,,,,,,,,,,,False,,,,,,,,,,,,,,False,,,,,,,,,,,,,,True,0.010818396899866866,10.145454170934325,9.401217187958874,76.34451638050533,0.21342554700023783,0.008206034313735316,-3.0355440731728773,-2.842170943040401e-15,1.4210854715202005e-15,0.0,0.0,0.0,0.0,True,2,0.8275810300822377,-9.659400605877824,-9.130251933695046,46.73849264355258,2.5180270261419007,0.26886611294216034,0.05201041624042874,25.46655139404269,16.44474099202259,-26.328492472040903,-0.22745783203498,2.8737930478996168,0.891922619734694,True,-3.872080933317639,-32.38134897649037,73.03420963408662,18.35976113963263,40.193178665362765,-0.8122906565777044
2026-07-27T22:45:11.164+00:00,220.400000,107976.000000,1.217943,4095,2,02,80,FFFFFFFF,32,2.94871030,3.06639691,2.20736073,1.36524161,1.10759084,0.48090410,2.20799182,1.20016477,1.04813237,1.49828983,2.20783074,0.89267436,1.01179750,0.96049028,2.20760072,0.64007730,1.99451660,0.98317940,2.20757283,1.00965002,0.76840873,0.81165185,2.20791181,1.17560975,1.82209913,1.37398604,2.20780916,1.16784858,1.07613402,0.81002304,2.20540175,0.71371800,SD 02 80 FFFFFFFF 925445 94C67B 7FEC6C 61C193 557774 2DC03F 7FF11B 5A1893 525AC1 676F08 7FEFE9 49A772 50656B 4D8DEE 7FEE34 397E3C 7970A0 4ED286 7FEDFF 50476F 420BD5 44C3C1 7FF083 58E48A 73AF9D 62246A 7FEFC0 58823F 53D58C 44A9E7 7FDDE0 3E7E33 7CB7A7 000FFF 02 1079D0,2026-07-27T22:45:10.987+00:00,serial_request_midpoint,355.8137,True,matched,58.89135,58.89135,2026-07-27T22:45:11.046+00:00,137.094506,1785192310963.723,4115,False,,,,,,,,,,,,,,False,,,,,,,,,,,,,,True,0.8274827233033609,-9.060204816418764,-11.62439487655043,42.739844850142035,0.02691224252812186,-0.9280538639789073,-2.787827420623084,25.607546253367055,19.030184485176697,-30.41088826941014,0.6313471589016754,-0.14583214541986314,0.1549812017757476,False,,,,,,,,,,,,,,False,,,,,,,,,,,,,,False,,,,,,,,,,,,,,True,0.01470276508126666,10.150286223191761,9.40237630957521,76.37834064731022,0.2091016037527445,0.010638437653066256,-3.0355818717830374,2.842170943040401e-15,0.0,1.1368683772161604e-14,0.0,0.0,0.0,True,2,0.8274827233033465,-9.668540311446346,-8.653766652545476,46.782865831041356,2.5197837341435325,0.267703243854117,0.054043999422983324,25.361883893740373,16.01323103691638,-26.36386903695643,-0.22451730841229883,2.8777019470865914,0.8936315685330662,True,-3.9331562540511,-31.9562669532667,73.04443783618248,18.38928035739053,39.763920972469485,-0.8127664728351306
2026-07-27T22:45:11.720+00:00,220.900000,107976.500000,1.217943,4095,2,02,80,FFFFFFFF,32,2.95014619,3.06727332,2.20694027,1.36536986,1.10744064,0.48090215,2.20541279,1.20001329,1.04826493,1.49832024,2.20677085,0.89265670,1.01184677,0.96049028,2.20531183,0.64007204,1.99418908,0.98310488,2.20473512,1.00970034,0.76837763,0.81171169,2.20490386,1.17579092,1.82223199,1.37418595,2.20473933,1.16748550,1.07606384,0.81002403,2.20727810,0.71369725,SD 02 80 FFFFFFFF 925C15 94CB0A 7FE94D 61C307 55757A 2DC035 7FDDF5 5A16B0 525C90 676F5A 7FE80B 49A72E 50661B 4D8DEE 7FDD35 397E24 796DF1 4ED177 7FD8EC 504823 420B53 44C4B4 7FDA2D 58E6D4 73B0CC 6226AB 7FD8F4 587DA3 53D49B 44A9EB 7FEBCF 3E7DD9 7CB7A7 000FFF 02 1079D5,2026-07-27T22:45:11.542+00:00,serial_request_midpoint,356.1737,True,matched,75.59655,75.59655,2026-07-27T22:45:11.619+00:00,137.667379,1785192311563.706,4133,False,,,,,,,,,,,,,,False,,,,,,,,,,,,,,True,0.7322921014797497,-9.363570199410239,-10.457635102699715,42.868898000796804,0.005270367115451495,-0.9198897257982738,-2.796920720327376,25.79530504953471,17.784751362544743,-30.274687283484724,0.6228855819782884,-0.16106931830409246,0.1480639961051831,False,,,,,,,,,,,,,,False,,,,,,,,,,,,,,False,,,,,,,,,,,,,,True,0.014309278947955341,10.146144285179428,9.396276569945794,76.386730057233,0.2099596191753481,0.00879861579610965,-3.035138260042642,0.0,0.0,0.0,0.0,0.0,0.0,True,2,0.7322921014797336,-9.889622398086994,-7.504235916614934,46.93601309267737,2.5277920008121444,0.2598528927281894,0.034755745422464394,25.463385599428143,14.79812389026423,-26.211362455322224,-0.2128625044788469,2.867837685827699,0.8776164820411322,True,-4.066799013284325,-31.016296369476976,72.99074502034273,18.451696430705926,38.7998614930254,-0.9067359656549115
2026-07-27T22:45:12.277+00:00,222.100000,107977.700000,1.218554,4095,2,02,80,FFFFFFFF,32,2.95207369,3.06860763,2.20746546,1.36561811,1.10740829,0.48089140,2.20782495,1.19992610,1.04846680,1.49830392,2.20764704,0.89268656,1.01182857,0.96051007,2.20733652,0.64007839,1.99413187,0.98308343,2.20772757,1.00972075,0.76837858,0.81171932,2.20745072,1.17586450,1.82222103,1.37415927,2.20763546,1.16714218,1.07598812,0.81001911,2.20542383,0.71368919,SD 02 80 FFFFFFFF 926690 94D1FA 7FED33 61C5D7 55750D 2DBFFE 7FEFDE 5A159A 525F51 676F2E 7FEE8C 49A7A1 5065DA 4D8E37 7FEC3E 397E41 796D79 4ED129 7FEF25 50486C 420B57 44C4D3 7FED17 58E7C2 73B0B3 62265E 7FEE76 587947 53D397 44A9D7 7FDE0A 3E7DB6 7CC7A8 000FFF 02 1079E1,2026-07-27T22:45:12.099+00:00,serial_request_midpoint,356.0972,True,matched,75.9163,75.9163,2026-07-27T22:45:12.174+00:00,138.224003,1785192312097.021,4149,False,,,,,,,,,,,,,,False,,,,,,,,,,,,,,True,0.8796078290169599,-9.377189420970446,-9.310819824986975,42.791555121699915,0.009678991303468585,-0.9253248440347428,-2.787819353791724,25.72279995612528,16.532587680925367,-30.407970515568564,0.6248025435133271,-0.15820834688348068,0.15497125727633276,False,,,,,,,,,,,,,,False,,,,,,,,,,,,,,False,,,,,,,,,,,,,,True,0.016821161606599154,10.148598801268252,9.396159305082307,76.38360909304035,0.210153269362603,0.004339685288919618,-3.0344893604745717,0.0,0.0,0.0,0.0,0.0,0.0,True,2,0.8796078290169584,-9.930732521572843,-6.340800319724881,46.8428878916257,2.5216696294672416,0.2688418828014,0.03854722536387744,25.415941677254178,13.538614886850178,-26.34808283934374,-0.2233301875535089,2.868900722656391,0.8809118491209953,True,-3.9590202022175385,-29.674059075069714,73.02435084851818,18.24240775481623,37.45646978899975,-1.0094178651289325
2026-07-27T22:45:12.834+00:00,222.600000,107978.200000,1.219164,4095,2,02,80,FFFFFFFF,32,2.95266380,3.06908112,2.20473775,1.36562639,1.10738187,0.48088340,2.20502425,1.19984739,1.04852952,1.49829206,2.20452277,0.89266241,1.01182494,0.96053068,2.20461738,0.64008211,1.99393691,0.98304493,2.20695711,1.00974200,0.76836806,0.81174543,2.20536652,1.17599437,1.82211184,1.37429855,2.20706551,1.16683737,1.07592696,0.81001689,2.20709919,0.71368250,SD 02 80 FFFFFFFF 9269C5 94D470 7FD8F1 61C5EF 5574B4 2DBFD5 7FDB12 5A149F 52602C 676F0E 7FD758 49A744 5065CD 4D8E83 7FD80C 397E52 796BE0 4ED09D 7FE96D 5048B8 420B2B 44C53D 7FDD9D 58E966 73AFBA 6227F0 7FEA3B 587568 53D2C5 44A9CE 7FEA7B 3E7D99 7CD7A8 000FFF 02 1079E6,2026-07-27T22:45:12.656+00:00,serial_request_midpoint,357.0089,True,matched,84.08615,84.08615,2026-07-27T22:45:12.740+00:00,138.788922,1785192312663.666,4166,False,,,,,,,,,,,,,,False,,,,,,,,,,,,,,True,0.908429758315683,-9.53048926772567,-8.366676345454696,42.51202607190669,-0.012135765719824906,-0.9447524180715523,-2.7957651682164775,25.782867573334336,15.599763762606798,-30.668800348774475,0.6373661551584376,-0.17269920010803333,0.14109780248841816,False,,,,,,,,,,,,,,False,,,,,,,,,,,,,,False,,,,,,,,,,,,,,True,0.04485768199435975,10.145959280204396,9.396385920694517,76.36457687765531,0.208147478089563,0.005918555559587213,-3.034063717096115,0.0,1.4210854715202005e-15,1.1368683772161604e-14,0.0,0.0,0.0,True,2,0.9084297583156821,-9.997563470935287,-5.338774729359359,46.53127681417853,2.5123704147486303,0.2499284705809166,0.019214955963292056,25.39298968166838,12.552306892898567,-26.6561048838572,-0.20173649798593246,2.8513332876508457,0.8955652748635555,True,-4.203195927092616,-28.454340327061978,72.94466823969067,18.383898295712996,36.21109270672405,-1.0298330814470091
2026-07-27T22:45:13.391+00:00,223.800000,107979.400000,1.219164,4095,2,02,80,FFFFFFFF,32,2.95391705,3.07013211,2.20500427,1.36584950,1.10737326,0.48089961,2.20455378,1.19970754,1.04865925,1.49827796,2.20472671,0.89268007,1.01185293,0.96058843,2.20664721,0.64008343,1.99397838,0.98304466,2.20751862,1.00977136,0.76838289,0.81173705,2.20781074,1.17601941,1.82215876,1.37424450,2.20492279,1.16657168,1.07585969,0.81000435,2.20487810,0.71363939,SD 02 80 FFFFFFFF 927094 94D9E6 7FDAEC 61C876 557497 2DC028 7FD793 5A12E1 5261F1 676EE8 7FD8DC 49A788 506631 4D8F58 7FE720 397E58 796C37 4ED09C 7FED98 504921 420B69 44C51B 7FEFC3 58E9B7 73B025 622754 7FDA51 587208 53D1DE 44A99B 7FD9FC 3E7CDE 7CD7A8 000FFF 02 1079F2,2026-07-27T22:45:13.213+00:00,serial_request_midpoint,356.7726,True,matched,89.4915,89.4915,2026-07-27T22:45:13.302+00:00,139.351759,1785192313230.341,4183,False,,,,,,,,,,,,,,False,,,,,,,,,,,,,,True,0.8268542504568211,-9.791023748536471,-7.297083014456031,42.506445017338145,-0.008322031812724643,-0.9506809191495456,-2.7870198163053,26.03864013569583,14.757461207067475,-30.35233100692845,0.6487889822221063,-0.17510396468315537,0.15146745345194934,False,,,,,,,,,,,,,,False,,,,,,,,,,,,,,False,,,,,,,,,,,,,,True,0.03007539131924892,10.135213439909188,9.388894624392265,76.29373050602726,0.2156866004440289,0.016290477843763883,-3.035334770543428,0.0,1.4210854715202005e-15,0.0,0.0,0.0,0.0,True,2,0.8268542504568449,-10.28305487182856,-4.250938107590375,46.50889796757885,2.506086409831436,0.2581691765526747,0.022450503991268266,25.659992937236474,11.662881729610783,-26.37477809142816,-0.21685905569073985,2.842836842793232,0.910939538616591,True,-4.349216003489523,-27.18228952480245,73.05158044688118,18.289847083007487,34.970889109440314,-0.5292938281888382
2026-07-27T22:45:13.948+00:00,224.400000,107980.000000,1.218554,4095,2,02,80,FFFFFFFF,32,2.95401486,3.07013662,2.20693817,1.36578743,1.10735931,0.48092500,2.20781074,1.19964451,1.04866126,1.49827611,2.20732652,0.89263853,1.01183977,0.96054749,2.20803604,0.64006744,1.99385207,0.98300204,2.20788759,1.00975346,0.76839174,0.81175577,2.20779863,1.17611002,1.82221621,1.37445067,2.20768125,1.16637612,1.07584776,0.80999721,2.20777389,0.71366452,SD 02 80 FFFFFFFF 92711C 94D9EC 7FE949 61C7C2 557468 2DC0AA 7FEFC3 5A1218 5261F8 676EE3 7FEC2B 49A6E8 506602 4D8EC1 7FF16F 397E0F 796B2E 4ED001 7FF055 5048E1 420B8E 44C567 7FEFAC 58EADC 73B0A8 6229A7 7FEECD 586F8C 53D1B5 44A97E 7FEF7D 3E7D4B 7CC7A8 000FFF 02 1079F8,2026-07-27T22:45:13.770+00:00,serial_request_midpoint,356.1106,True,matched,24.9991,24.9991,2026-07-27T22:45:13.795+00:00,139.843895,1785192313730.371,4198,False,,,,,,,,,,,,,,False,,,,,,,,,,,,,,True,0.7470027801015902,-10.090356967239483,-6.228897152429141,42.33717547722078,-0.03132243542712056,-0.9603183856433263,-2.7923854853817316,26.17030897861996,13.50661686133291,-30.76642966198554,0.6494818986052674,-0.1869751915054732,0.141449146662577,False,,,,,,,,,,,,,,False,,,,,,,,,,,,,,False,,,,,,,,,,,,,,True,0.0547063666517111,10.152200987475103,9.398790375222351,76.3944976739128,0.20962111919689788,0.008890650960005794,-3.0350854479902383,0.0,0.0,0.0,0.0,0.0,0.0,True,2,0.7470027801015615,-10.497789297533899,-3.1510537629178708,46.32485672150876,2.5019352391983354,0.24663517173712934,0.0021284389104484496,25.720809795490663,10.40756738540172,-26.799747727387036,-0.20117271867889464,2.8324855127202597,0.9090358668990133,True,-4.550499025362339,-25.984955180207315,72.94841770076525,18.4486534149434,33.74598455970158,-0.9539484534748681
2026-07-27T22:45:14.505+00:00,225.500000,107981.100000,1.221606,4095,2,02,80,FFFFFFFF,32,2.95552783,3.07151301,2.20716391,1.36626339,1.10738662,0.48088535,2.20547378,1.19963793,1.04889669,1.49824829,2.20686608,0.89270967,1.01189073,0.96059737,2.20769336,0.64008540,1.99400412,0.98304988,2.20774494,1.00989215,0.76840562,0.81183113,2.20781074,1.17637227,1.82217323,1.37468910,2.20779179,1.16634783,1.07600675,0.81001493,2.20783548,0.71367466,SD 02 80 FFFFFFFF 927953 94E112 7FEAF6 61CD26 5574C4 2DBFDF 7FDE69 5A1203 52652E 676E98 7FE8C0 49A7FA 5066B8 4D8F79 7FEEE4 397E61 796C6D 4ED0AF 7FEF46 504AD1 420BC8 44C699 7FEFC3 58EE2C 73B046 622C57 7FEF9F 586F30 53D3D7 44A9C6 7FEFF2 3E7D77 7D17A8 000FFF 02 107A03,2026-07-27T22:45:14.326+00:00,serial_request_midpoint,357.5406,True,matched,39.9656,39.9656,2026-07-27T22:45:14.367+00:00,140.415846,1785192314297.064,4215,False,,,,,,,,,,,,,,False,,,,,,,,,,,,,,True,0.7148960105742272,-10.566359656486025,-5.235277047207922,42.132511337195226,-0.05429251367423204,-0.9783467107751943,-2.7877905980092827,26.540620682603333,12.573733472828607,-30.886681806983027,0.6646768071782838,-0.20280440894954904,0.14040834261320753,False,,,,,,,,,,,,,,False,,,,,,,,,,,,,,False,,,,,,,,,,,,,,True,0.040259210287486434,10.145334771920018,9.394463413573678,76.38870553129512,0.2085104578646369,0.013767569061616752,-3.035195123235159,0.0,0.0,0.0,0.0,0.0,0.0,True,2,0.7148960105742418,-10.903159855193739,-2.0998710337601763,46.08175400108464,2.4895647667778644,0.24331333302303074,-0.018208300088561055,26.024230725180324,9.411622877475455,-26.97834189649338,-0.1984840508941094,2.8108815332004524,0.926330056607873,True,-4.753820680110564,-24.599625814788947,72.94284067373266,18.495994834801945,32.35168167959155,-0.8507572154245395
2026-07-27T22:45:15.064+00:00,226.100000,107981.700000,1.219164,4095,2,02,80,FFFFFFFF,32,2.95680623,3.07270722,2.20519511,1.36678640,1.10744836,0.48090293,2.20762967,1.19964483,1.04905997,1.49825645,2.20778916,0.89277484,1.01196520,0.96061717,2.20731547,0.64010468,1.99412615,0.98310186,2.20763072,1.00989523,0.76841352,0.81182916,2.20770810,1.17630732,1.82216666,1.37450577,2.20758072,1.16604410,1.07593948,0.80997729,2.20737704,0.71360458,SD 02 80 FFFFFFFF 928043 94E745 7FDC57 61D312 557594 2DC039 7FEE6B 5A1219 526768 676EAE 7FEF9A 49A8F5 5067C2 4D8FC2 7FEC16 397EB9 796D6D 4ED16C 7FEE6D 504ADC 420BE9 44C691 7FEF00 58ED5A 73B037 622A46 7FEE0E 586B54 53D2F0 44A92D 7FEC8B 3E7C47 7CD7A8 000FFF 02 107A09,2026-07-27T22:45:14.885+00:00,serial_request_midpoint,357.8891,True,matched,68.97835,68.97835,2026-07-27T22:45:14.954+00:00,141.003062,1785192314897.09,4233,False,,,,,,,,,,,,,,False,,,,,,,,,,,,,,True,0.7425302920204172,-10.57128772206687,-4.68743043133976,41.78254128972673,-0.04957763298007635,-1.0009844160763524,-2.787098692071556,26.585904699273264,11.970876412519459,-31.154156385093348,0.6780311467201428,-0.20178037540773516,0.1357661222983843,False,,,,,,,,,,,,,,False,,,,,,,,,,,,,,False,,,,,,,,,,,,,,True,0.024013931800580583,10.138473178602077,9.389807132237573,76.33150447019337,0.21172956030221293,0.011140618991788248,-3.0352486064838526,0.0,0.0,-1.1368683772161604e-14,0.0,0.0,0.0,True,2,0.7425302920204115,-10.9188378060766,-1.49437806131453,45.68438038001157,2.4756314790151785,0.23384209916570003,-0.013732745358283227,26.073553137118388,8.757489731132514,-27.287327620105668,-0.1919288598728844,2.8062004966449456,0.9456221237508301,True,-5.050016837008634,-23.63620611291065,72.90326547287913,18.68130325710874,31.360513964002536,-0.8292617049270575
2026-07-27T22:45:15.620+00:00,227.200000,107982.800000,1.217943,4095,2,02,80,FFFFFFFF,32,2.95428962,3.07042237,2.20757335,1.36590813,1.10735189,0.48090527,2.20786549,1.19947270,1.04868789,1.49823605,2.20725337,0.89263437,1.01186833,0.96052824,2.20763283,0.64007861,1.99380965,0.98294980,2.20771547,1.00966456,0.76833767,0.81171784,2.20786706,1.17595974,1.82196233,1.37371481,2.20763441,1.16556431,1.07549952,0.80989710,2.20776179,0.71347203,SD 02 80 FFFFFFFF 92729A 94DB68 7FEE00 61C920 55744F 2DC045 7FF02B 5A0FF4 526255 676E77 7FEBA0 49A6D8 506668 4D8E7A 7FEE71 397E42 796AD5 4ECF43 7FEF0E 5047A3 420AAC 44C4CD 7FF02E 58E8F6 73AE65 62215B 7FEE74 58653B 53CD09 44A7E7 7FEF66 3E7A08 7CB7A8 000FFF 02 107A14,2026-07-27T22:45:15.442+00:00,serial_request_midpoint,356.1021,True,matched,96.90115,96.90115,2026-07-27T22:45:15.539+00:00,141.588183,1785192315463.754,4250,False,,,,,,,,,,,,,,False,,,,,,,,,,,,,,True,0.7340200363757133,-11.022648285470186,-4.461294001893554,41.635633041317966,-0.10914665893236199,-1.0277236077181036,-2.79222542703008,27.026275787687172,11.657722485269375,-31.277597414964067,0.6911065834524331,-0.24258292394226938,0.1223676382818312,False,,,,,,,,,,,,,,False,,,,,,,,,,,,,,False,,,,,,,,,,,,,,True,0.040458397217914735,10.13930738778056,9.395823021076644,76.34531636518783,0.21209940174193692,0.0078253761924687,-3.0361589301917054,0.0,-1.4210854715202005e-15,1.1368683772161604e-14,0.0,0.0,0.0,True,2,0.7340200363757289,-11.16302046852723,-1.186251956926521,45.482075309542566,2.4605281635015746,0.21220806735772071,-0.06533054664212073,26.31156645518393,8.39124052083427,-27.48813716119232,-0.16958950297660008,2.7632116754225096,0.9529527478504671,True,-5.049523571071782,-22.959151036894475,72.94363637351856,18.588643404601513,30.705131883954557,-0.8795290329606473
2026-07-27T22:45:16.176+00:00,228.400000,107984.000000,1.220995,4095,2,02,80,FFFFFFFF,32,2.95124950,3.06792987,2.20734862,1.36465633,1.10717501,0.48091933,2.20725548,1.19927613,1.04830989,1.49821973,2.20767125,0.89246537,1.01170596,0.96039052,2.20766441,0.64001815,1.99334309,0.98279445,2.20764494,1.00937913,0.76823576,0.81162107,2.20543435,1.17573558,1.82180668,1.37282517,2.20473459,1.16494028,1.07496567,0.80986341,2.20748125,0.71335747,SD 02 80 FFFFFFFF 926215 94CE74 7FEC55 61BAF1 5571FB 2DC08D 7FEBA4 5A0D81 525D2D 676E4B 7FEEBA 49A44D 506424 4D8C7E 7FEEAD 397D2E 796702 4ECD0E 7FEE88 5043A6 420902 44C344 7FDE1E 58E621 73AD02 621752 7FD8EB 585D4C 53C5DF 44A75E 7FED51 3E7817 7D07A8 000FFF 02 107A20,2026-07-27T22:45:15.998+00:00,serial_request_midpoint,356.1993,True,matched,32.68445,32.68445,2026-07-27T22:45:16.031+00:00,142.080408,1785192315963.751,4265,False,,,,,,,,,,,,,,False,,,,,,,,,,,,,,True,0.7742195248986623,-10.800886840592199,-4.374641693380406,41.70844139484517,-0.07485510150071914,-1.0213489973426462,-2.7848386755824706,26.66087067108311,11.337326544836596,-31.595968417971754,0.6825798430933158,-0.21374602706828486,0.12902485447115702,False,,,,,,,,,,,,,,False,,,,,,,,,,,,,,False,,,,,,,,,,,,,,True,0.012456653633953423,10.153898574937969,9.403639336171699,76.47477796420078,0.20347700637991475,-0.00265333814486095,-3.034994832859129,0.0,0.0,0.0,0.0,0.0,0.0,True,2,0.7742195248986498,-11.065472648689575,-1.1205573603314058,45.56611585644906,2.462516334229818,0.2260267892137477,-0.035722201929755434,26.084626874532443,8.105571031852717,-27.75351840015922,-0.18125061692344438,2.793558085272901,0.9488895379503677,True,-5.062505787037239,-22.913837764565002,73.03589257218702,18.678429626041595,30.61712737890349,-1.22147385244009
2026-07-27T22:45:16.732+00:00,228.900000,107984.500000,1.219164,4095,2,02,80,FFFFFFFF,32,2.94893927,3.06573323,2.20512834,1.36350322,1.10698063,0.48088203,2.20472881,1.19905890,1.04798693,1.49818710,2.20682925,0.89231636,1.01152233,0.96023438,2.20525820,0.63997630,1.99286091,0.98257287,2.20449123,1.00909123,0.76815514,0.81153735,2.20472093,1.17556771,1.82179485,1.37208928,2.20475142,1.16433520,1.07444305,0.80979011,2.20505106,0.71325814,SD 02 80 FFFFFFFF 925584 94C307 7FDBD8 61ADDE 556F6C 2DBFCE 7FD8E0 5A0ACC 5258C5 676DF3 7FE87A 49A20F 506194 4D8A3E 7FDCCF 397C6F 79630E 4EC9E8 7FD71C 503FA0 4207B1 44C1F0 7FD8D1 58E402 73ACE7 620F04 7FD90B 58559A 53BEDB 44A634 7FDB45 3E7668 7CD7A8 000FFF 02 107A25,2026-07-27T22:45:16.555+00:00,serial_request_midpoint,355.1871,True,matched,77.97895,77.97895,2026-07-27T22:45:16.632+00:00,142.682061,1785192316563.765,4283,False,,,,,,,,,,,,,,False,,,,,,,,,,,,,,True,0.7883755924766068,-10.913155133840275,-3.914932887722818,41.16070377167563,-0.08964570432467245,-1.0688287796102378,-2.7735530426122215,26.78587143747017,11.130457323978032,-31.987552757930708,0.7225479485396739,-0.2257009049511079,0.12611083495674624,False,,,,,,,,,,,,,,False,,,,,,,,,,,,,,False,,,,,,,,,,,,,,True,0.06241828996778595,10.14174619714739,9.394648277973305,76.43278479169906,0.2039815406712581,0.00870648739134387,-3.0358762743038845,0.0,0.0,1.1368683772161604e-14,0.0,0.0,0.0,True,2,0.7883755924766375,-11.134721968197745,-0.5320694079242767,44.908752015128286,2.4303709253885857,0.2162106182823027,-0.04806444881715616,26.171303442948705,7.745713003432803,-28.285318988307676,-0.17650064760541612,2.763599363565704,1.0014465271776938,True,-5.170023905467444,-21.44355442650994,73.06374244435906,18.57526765692147,29.170334397219637,-0.9200645001353905
2026-07-27T22:45:17.291+00:00,230.100000,107985.700000,1.217943,4095,2,02,80,FFFFFFFF,32,2.94783193,3.06473051,2.20687503,1.36274292,1.10677056,0.48086934,2.20494592,1.19892037,1.04774133,1.49818265,2.20453748,0.89218321,1.01145012,0.96018450,2.20724232,0.63994958,1.99243790,0.98240986,2.20752967,1.00889757,0.76807955,0.81147776,2.20756230,1.17552968,1.82167823,1.37177785,2.20753967,1.16395906,1.07407970,0.80978347,2.20757704,0.71323255,SD 02 80 FFFFFFFF 924F7D 94BDCF 7FE8D1 61A53E 556CA8 2DBF8D 7FDA7D 5A0912 52556B 676DE7 7FD774 49A00E 506092 4D8986 7FEB8B 397BF5 795F96 4EC797 7FEDAD 503CEB 420675 44C0FE 7FEDEB 58E387 73ABDD 620B80 7FEDC0 5850D1 53B9FA 44A619 7FEE07 3E75F9 7CB7A8 000FFF 02 107A31,2026-07-27T22:45:17.112+00:00,serial_request_midpoint,358.0171,True,matched,35.58955,35.58955,2026-07-27T22:45:17.147+00:00,143.196464,1785192317097.112,4299,False,,,,,,,,,,,,,,False,,,,,,,,,,,,,,True,0.857210984703176,-10.873340783231958,-3.878067960318995,40.97694124838634,-0.0964270112669943,-1.0837020751936688,-2.7718320638560714,26.868561124014057,10.841790657402663,-32.14770463650296,0.7243505852427004,-0.23332997033338582,0.1251256002992782,False,,,,,,,,,,,,,,False,,,,,,,,,,,,,,False,,,,,,,,,,,,,,True,0.10593780480788172,10.134916790930488,9.390680942136655,76.41043290798554,0.20990193642204372,-0.0030458659200603725,-3.03610654421364,0.0,0.0,0.0,0.0,0.0,0.0,True,2,0.8572109847031646,-11.071069196093612,-0.4563031450005616,44.69085455689655,2.420863472440136,0.21065410824865627,-0.05366833563542531,26.218698127156898,7.449732254672902,-28.458214032433148,-0.17453449758724277,2.755714052426848,1.0017362509751215,True,-5.1465238013623384,-21.108901463698047,73.04471248283761,18.512904816650384,28.8298762622002,-1.0888606165174566
2026-07-27T22:45:17.846+00:00,230.600000,107986.200000,1.217943,4095,2,02,80,FFFFFFFF,32,2.94800844,3.06445288,2.20754546,1.36260109,1.10669846,0.48087559,2.20768283,1.19878153,1.04773016,1.49815632,2.20769599,0.89214765,1.01138658,0.96015984,2.20790444,0.63993928,1.99234550,0.98227353,2.20767178,1.00885425,0.76804702,0.81148195,2.20802867,1.17553957,1.82163527,1.37167924,2.20790654,1.16363856,1.07384614,0.80976208,2.20786812,0.71316894,SD 02 80 FFFFFFFF 925073 94BC5D 7FEDCB 61A3A2 556BB5 2DBFAD 7FEED0 5A0757 525544 676DA0 7FEEE9 499F85 505FAF 4D892B 7FF075 397BC6 795ED4 4EC5A7 7FEEBB 503C50 4205ED 44C10F 7FF161 58E3A7 73AB7B 620A63 7FF079 584CBD 53B6D7 44A5C2 7FF030 3E74E5 7CB7A8 000FFF 02 107A36,2026-07-27T22:45:17.669+00:00,serial_request_midpoint,355.1051,True,matched,68.39425,68.39425,2026-07-27T22:45:17.737+00:00,143.786484,1785192317663.803,4316,False,,,,,,,,,,,,,,False,,,,,,,,,,,,,,True,0.9028688116170941,-10.794259041245246,-3.8799991364242166,40.71041992596231,-0.0867234495750017,-1.1098346047353078,-2.766403760086943,26.826343774817794,10.869789468708136,-32.36982348716086,0.7446888913813796,-0.22771879131421383,0.12013077988213422,False,,,,,,,,,,,,,,False,,,,,,,,,,,,,,False,,,,,,,,,,,,,,True,0.046040897085295476,10.133091821075602,9.388271870556034,76.37005377684952,0.20892910754068875,0.00018586104918625883,-3.0341028886075847,0.0,0.0,1.1368683772161604e-14,0.0,0.0,0.0,True,2,0.9028688116170738,-11.022518229697836,-0.3950367584301345,44.363317133195025,2.4036812911867176,0.2047285947925158,-0.044882271559716684,26.20371891535823,7.404223108904331,-28.744508172607528,-0.16794195243414814,2.7512634941583647,1.0317716221298157,True,-5.360522057109074,-20.561803511804847,73.11770171691929,18.706332708173278,28.229615129806753,-0.8937709836533372
2026-07-27T22:45:18.405+00:00,231.800000,107987.400000,1.219164,4095,2,02,80,FFFFFFFF,32,2.94830553,3.06471100,2.20738336,1.36248956,1.10659729,0.48088203,2.20792181,1.19872105,1.04774533,1.49815261,2.20554635,0.89212663,1.01138490,0.96014439,2.20731863,0.63993687,1.99207642,0.98223808,2.20513781,1.00879976,0.76803650,0.81148195,2.20718391,1.17556214,1.82165719,1.37163876,2.20501005,1.16338626,1.07364984,0.80972150,2.20511572,0.71316019,SD 02 80 FFFFFFFF 925211 94BDB5 7FEC97 61A25E 556A60 2DBFCE 7FF096 5A0696 525579 676D96 7FDEF3 499F34 505FA9 4D88F2 7FEC1C 397BBB 795C9F 4EC526 7FDBEA 503B8D 4205C1 44C10F 7FEB1C 58E3F0 73ABAD 6209EE 7FDAF7 584987 53B434 44A51D 7FDBC0 3E74BF 7CD7A8 000FFF 02 107A42,2026-07-27T22:45:18.226+00:00,serial_request_midpoint,358.9912,True,matched,25.4928,25.4928,2026-07-27T22:45:18.251+00:00,144.300884,1785192318197.141,4332,False,,,,,,,,,,,,,,False,,,,,,,,,,,,,,True,0.7995508539681581,-10.96841242680381,-2.8092636123482335,40.750179759083025,-0.08399388926725536,-1.1006224225541308,-2.770805348339678,26.96964723701523,10.06376151264585,-32.17976187959443,0.7449787629555245,-0.22826155975704393,0.12128078247646462,False,,,,,,,,,,,,,,False,,,,,,,,,,,,,,False,,,,,,,,,,,,,,True,0.04712740783127411,10.136634072985974,9.388114991539698,76.38694742865404,0.2131584831777393,0.011043740560638733,-3.035394121302243,2.842170943040401e-15,1.4210854715202005e-15,0.0,0.0,0.0,0.0,True,2,0.7995508539681541,-11.201240101370619,0.6504161411082593,44.42674474360092,2.4105617612309307,0.20419592465211847,-0.042565408476125395,26.346837189455137,6.596829502476885,-28.555784383882287,-0.1695597376276403,2.7505102837198874,1.0319733357758276,True,-5.587245516777708,-19.716189561365674,73.04938878108052,18.80611061425763,27.40931311258809,-0.7070988955309417
2026-07-27T22:45:18.960+00:00,232.400000,107988.000000,1.217333,4095,2,02,80,FFFFFFFF,32,2.94892779,3.06482806,2.20439768,1.36256460,1.10656347,0.48088437,2.20456639,1.19863268,1.04783321,1.49816522,2.20479662,0.89212689,1.01140393,0.96013897,2.20443132,0.63992942,1.99200784,0.98218366,2.20700815,1.00885397,0.76804750,0.81150854,2.20752072,1.17568735,1.82162387,1.37171107,2.20758862,1.16319874,1.07356609,0.80978003,2.20783074,0.71317263,SD 02 80 FFFFFFFF 925574 94BE51 7FD66A 61A338 5569EE 2DBFDA 7FD7AB 5A057C 5256AC 676DB8 7FD961 499F35 505FED 4D88DE 7FD6AA 397B99 795C0F 4EC460 7FE9CE 503C4F 4205EF 44C17B 7FED9C 58E585 73AB61 620ABF 7FEE1D 584724 53B314 44A60B 7FEFE9 3E74F5 7CA7A8 000FFF 02 107A48,2026-07-27T22:45:18.784+00:00,serial_request_midpoint,353.7897,True,matched,55.45875,55.45875,2026-07-27T22:45:18.839+00:00,144.887968,1785192318763.798,4349,False,,,,,,,,,,,,,,False,,,,,,,,,,,,,,True,0.7700664850897706,-11.419072232959905,-1.428690882851284,40.833440258720174,-0.10830906373373042,-1.0955948597268053,-2.781320556071754,27.1532707571019,8.557691654824106,-32.18729764142908,0.736415465406556,-0.24072677377177729,0.11117791195391813,False,,,,,,,,,,,,,,False,,,,,,,,,,,,,,False,,,,,,,,,,,,,,True,0.031369515607526655,10.140594654991457,9.392329760306929,76.39525411356165,0.20793064105707473,0.0060476434257795975,-3.036319059192518,0.0,0.0,0.0,0.0,0.0,0.0,True,2,0.7700664850897817,-11.558236374732436,2.018302263541905,44.52662241530134,2.4165117091349653,0.19280491141925632,-0.0632467435712798,26.45142060087427,5.123793183154404,-28.54635401431891,-0.15410093351458395,2.7441224520176473,1.0166782893511461,True,-5.8927217482367045,-18.54766472981921,72.99615455717351,18.99385393589506,26.224060179818462,-0.8925161823103395
2026-07-27T22:45:19.519+00:00,233.500000,107989.100000,1.219164,4095,2,02,80,FFFFFFFF,32,2.94971175,3.06550203,2.20754493,1.36287684,1.10661480,0.48089785,2.20764178,1.19860541,1.04799810,1.49815595,2.20772810,0.89213960,1.01145515,0.96019887,2.20548114,0.63994476,1.99198070,0.98219136,2.20706077,1.00887745,0.76803506,0.81153587,2.20770126,1.17590222,1.82163615,1.37212700,2.20774547,1.16312632,1.07364198,0.80980266,2.20806342,0.71325767,SD 02 80 FFFFFFFF 9259B8 94C1D3 7FEDCA 61A6C3 556A9B 2DC01F 7FEE82 5A0525 5258EC 676D9F 7FEF26 499F66 5060A4 4D89BB 7FDE77 397BDF 795BD6 4EC47C 7FEA32 503CA3 4205BB 44C1EA 7FEEF3 58E83C 73AB7D 620F71 7FEF47 584638 53B419 44A667 7FF1A3 3E7666 7CD7A7 000FFF 02 107A53,2026-07-27T22:45:19.340+00:00,serial_request_midpoint,358.0812,True,matched,96.1865,96.1865,2026-07-27T22:45:19.436+00:00,145.484809,1785192319363.789,4367,False,,,,,,,,,,,,,,False,,,,,,,,,,,,,,True,0.7944710212684524,-11.10009628850511,-0.23957468571952437,41.01072785278938,-0.06037405702797375,-1.0753147909347864,-2.778883733915664,26.747751960957515,7.365368764250171,-31.994802364865915,0.7244426463512551,-0.2095322568514405,0.1210215566461406,False,,,,,,,,,,,,,,False,,,,,,,,,,,,,,False,,,,,,,,,,,,,,True,0.04770607002514642,10.136896047121539,9.385904523909701,76.36180388855749,0.21031737266883618,0.005597546331717152,-3.035250818701575,0.0,0.0,1.1368683772161604e-14,0.0,0.0,0.0,True,2,0.7944710212684714,-11.403477088512329,3.14787876789377,44.748888126109804,2.4283216763624593,0.20798414279894234,-0.02231966841005605,26.19842070928173,3.976403114703004,-28.28618132176076,-0.17035481230108013,2.7781686879776517,1.0090326345256806,True,-6.006534987743402,-17.720867791275246,73.0497670478371,19.034151597137573,25.36637986324318,-0.7777561120575228
2026-07-27T22:45:20.076+00:00,234.100000,107989.700000,1.217943,4095,2,02,80,FFFFFFFF,32,2.95200614,3.06767594,2.20763388,1.36367681,1.10660975,0.48089453,2.20761862,1.19862108,1.04831790,1.49818636,2.20757704,0.89226938,1.01154136,0.96031326,2.20737546,0.63996206,1.99229978,0.98230734,2.20708813,1.00918458,0.76812333,0.81168115,2.20757862,1.17632681,1.82185579,1.37329089,2.20730021,1.16338257,1.07412973,0.80983684,2.20777968,0.71344345,SD 02 80 FFFFFFFF 926632 94CD22 7FEE73 61AFD6 556A8A 2DC00E 7FEE56 5A0557 525D49 676DF1 7FEE07 49A15A 5061D8 4D8B61 7FEC88 397C2E 795E74 4EC622 7FEA66 5040EE 42072C 44C438 7FEE0A 58ED99 73AD72 621C93 7FEBF9 58497B 53BAA6 44A6F2 7FEF88 3E798C 7CB7A8 000FFF 02 107A59,2026-07-27T22:45:19.897+00:00,serial_request_midpoint,357.3675,True,matched,51.28425,51.28425,2026-07-27T22:45:19.948+00:00,145.997788,1785192319897.111,4383,False,,,,,,,,,,,,,,False,,,,,,,,,,,,,,True,0.7239749340389056,-11.896574429771333,0.6596105852613927,41.10053401190156,-0.09220849099570971,-1.065748014425736,-2.7728208231597757,27.42260667040525,6.398674519484661,-31.86078319388963,0.7182906959397881,-0.23074128832774074,0.12858052305924295,False,,,,,,,,,,,,,,False,,,,,,,,,,,,,,False,,,,,,,,,,,,,,True,0.05072352266144132,10.140811027420776,9.393229869653732,76.4010925675466,0.20929622302324705,0.005825812961429462,-3.035066642002061,0.0,-1.4210854715202005e-15,-1.1368683772161604e-14,0.0,0.0,0.0,True,2,0.7239749340388851,-12.112207221370552,4.036099707167359,44.85467126095146,2.4319658122947576,0.21845298284353154,-0.050393500103520276,26.787288855539053,3.0287603751623733,-28.148536877994577,-0.1796427319996107,2.7607521212223167,0.993970317257853,True,-6.062770874161592,-16.916540232061788,72.96094305552135,19.03793872439329,24.56256001984115,-0.9122676742307931
2026-07-27T22:45:20.632+00:00,235.200000,107990.800000,1.215502,4095,2,02,80,FFFFFFFF,32,2.95734053,3.07234747,2.20765967,1.36568260,1.10688449,0.48092265,2.20505632,1.19884202,1.04918917,1.49819637,2.20701552,0.89254870,1.01181878,0.96059792,2.20763388,0.64005166,1.99288330,0.98257699,2.20759125,1.00969699,0.76828983,0.81191733,2.20544434,1.17703334,1.82215131,1.37503258,2.20712023,1.16398823,1.07494006,0.80986513,2.20771547,0.71362394,SD 02 80 FFFFFFFF 928329 94E567 7FEEA4 61C692 556E28 2DC09E 7FDB4F 5A0818 52692B 676E0C 7FE9DC 49A58E 5065B7 4D8F7B 7FEE73 397DC7 79633D 4EC9F7 7FEE22 504817 4209E4 44C7F7 7FDE31 58F685 73B014 623036 7FEAA3 585130 53C587 44A765 7FEF0E 3E7C9B 7C77A8 000FFF 02 107A64,2026-07-27T22:45:20.455+00:00,serial_request_midpoint,355.6708,True,matched,96.9215,96.9215,2026-07-27T22:45:20.551+00:00,146.600648,1785192320463.788,4400,False,,,,,,,,,,,,,,False,,,,,,,,,,,,,,True,0.6689234057420391,-12.09869952999669,1.6544303787804846,40.87306777436126,-0.0794964275072447,-1.0733425952964448,-2.7676627009317496,27.480360931579998,5.3885926594689195,-32.10926101797404,0.7247640385186223,-0.22026428585037192,0.1306741055074716,False,,,,,,,,,,,,,,False,,,,,,,,,,,,,,False,,,,,,,,,,,,,,True,0.0722767088524561,10.138105049921704,9.39027979594777,76.38212248959425,0.20597382909773873,0.0059743132655380934,-3.03513842296079,0.0,0.0,0.0,0.0,0.0,0.0,True,2,0.6689234057420214,-12.361268887281518,5.048966456907845,44.60789106426287,2.4259288538615094,0.22158174826937732,-0.03935836656805065,26.899747855033233,1.995289228228377,-28.40938221742411,-0.18350981762821741,2.7671234937492177,1.0059968884693606,True,-6.403333904516387,-15.72376868660119,72.86683301421769,19.26435302063862,23.336590141161146,-0.9900289099753081
2026-07-27T22:45:21.189+00:00,236.400000,107992.000000,1.219164,4095,2,02,80,FFFFFFFF,32,2.96179849,3.07644458,2.20751230,1.36789467,1.10715661,0.48093085,2.20798182,1.19906016,1.04976884,1.49817338,2.20759704,0.89283612,1.01213432,0.96083978,2.20739915,0.64013820,1.99350749,0.98291323,2.20761178,1.01006189,0.76841280,0.81200477,2.20783811,1.17714566,1.82223462,1.37553007,2.20743441,1.16420776,1.07541277,0.80991358,2.20734126,0.71363017,SD 02 80 FFFFFFFF 929B52 94FAA7 7FED8C 61DF9D 5571BD 2DC0C8 7FF108 5A0AD0 527112 676DCE 7FEE2D 49A9E1 506A1E 4D92F7 7FECB5 397F52 79685B 4ECEBE 7FEE49 504D30 420BE6 44C95A 7FEFF7 58F7F0 73B0D2 6235D1 7FECF8 5853FB 53CBDF 44A82A 7FEC47 3E7CB6 7CD7A7 000FFF 02 107A70,2026-07-27T22:45:21.011+00:00,serial_request_midpoint,356.2861,True,matched,54.99755,54.99755,2026-07-27T22:45:21.065+00:00,147.114874,1785192320997.129,4416,False,,,,,,,,,,,,,,False,,,,,,,,,,,,,,True,0.6361716293536339,-11.808245295679642,3.186250798906854,40.868803692350454,-0.09269657719162518,-1.0778692131973853,-2.762590077838717,27.130406026539703,3.783786567810922,-32.10748275917585,0.7252620763415928,-0.23205333333517747,0.13430834558909555,False,,,,,,,,,,,,,,False,,,,,,,,,,,,,,False,,,,,,,,,,,,,,True,0.04402420479133523,10.13946826764099,9.386436714173662,76.38108304815893,0.21007609416159626,0.0020981889019827753,-3.034274629712917,0.0,0.0,0.0,0.0,0.0,0.0,True,2,0.6361716293536217,-12.035818074060014,6.598576296450391,44.58968640816383,2.421511916221985,0.22477392518670108,-0.05093204044590448,26.503224657325244,0.3863932698910787,-28.418975586233955,-0.18783953731138375,2.7555635403205043,1.0030938333890633,True,-5.833100106064651,-14.042736875573786,72.89222684318622,18.55295404958985,21.699539308013215,-1.067297064548916
2026-07-27T22:45:21.745+00:00,236.900000,107992.500000,1.219164,4095,2,02,80,FFFFFFFF,32,2.96053275,3.07566082,2.20513097,1.36804072,1.10731836,0.48093417,2.20736704,1.19905420,1.04966939,1.49817486,2.20717338,0.89288987,1.01217660,0.96088561,2.20737125,0.64014368,1.99375341,0.98300726,2.20525768,1.01007168,0.76842069,0.81198334,2.20740125,1.17696620,1.82218113,1.37516639,2.20766967,1.16409538,1.07538075,0.80988038,2.20789338,0.71356055,SD 02 80 FFFFFFFF 929477 94F697 7FDBDD 61E144 5573DE 2DC0D9 7FEC78 5A0ABD 526FB7 676DD2 7FEB08 49AAB0 506AB5 4D93A0 7FEC80 397F6B 796A5F 4ED014 7FDCCE 504D53 420C07 44C903 7FECB9 58F5AC 73B058 6231B8 7FEEB7 58528D 53CB71 44A7A3 7FF060 3E7B88 7CD7A7 000FFF 02 107A75,2026-07-27T22:45:21.567+00:00,serial_request_midpoint,355.5625,True,matched,91.88325,91.88325,2026-07-27T22:45:21.659+00:00,147.708555,1785192321597.124,4434,False,,,,,,,,,,,,,,False,,,,,,,,,,,,,,True,0.5141971408760215,-11.570664013965454,5.1184711122770645,40.95018915090507,-0.07192646704536772,-1.0652974823035206,-2.7455176932761423,26.637929656102177,1.8748805787762373,-32.19535039650649,0.7196649896905687,-0.21567834032373032,0.1545792510546468,False,,,,,,,,,,,,,,False,,,,,,,,,,,,,,False,,,,,,,,,,,,,,True,0.05196304726460051,10.146827352381274,9.397964583385633,76.44204124522868,0.2067382185198426,0.0010165131894493587,-3.034480342290242,0.0,-1.4210854715202005e-15,0.0,0.0,0.0,0.0,True,2,0.5141971408760432,-11.89830511549503,8.503369952121606,44.688615861932945,2.423750703558038,0.2524032140787939,-0.033697426369056954,26.117760496558265,-1.5028534692521802,-28.472305961186372,-0.21835223584436808,2.7713342178877847,0.999476025630571,True,-5.328369260873454,-12.13981029489724,72.9068079884211,17.879430548673756,19.865082055162063,-1.2489232575910136
2026-07-27T22:45:22.301+00:00,238.100000,107993.700000,1.217943,4095,2,02,80,FFFFFFFF,32,2.95673423,3.07263195,2.20766810,1.36715287,1.10731123,0.48096034,2.20576669,1.19894544,1.04920349,1.49819674,2.20742441,0.89272706,1.01204416,0.96074325,2.20808711,0.64013338,1.99347080,0.98288298,2.20795445,1.00985972,0.76836614,0.81187571,2.20792234,1.17656280,1.82195400,1.37386722,2.20791181,1.16358945,1.07497179,0.80983561,2.20757441,0.71340058,SD 02 80 FFFFFFFF 927FDF 94E6E1 7FEEB4 61D738 5573C6 2DC15F 7FE096 5A0962 52695D 676E0D 7FECE5 49A83D 5068DC 4D9193 7FF1D0 397F3C 79680E 4ECE50 7FF0D4 504A5D 420B23 44C74E 7FF097 58F094 73AE52 622313 7FF083 584C1D 53C5F4 44A6ED 7FEE02 3E78D2 7CB7A8 000FFF 02 107A81,2026-07-27T22:45:22.124+00:00,serial_request_midpoint,355.7768,True,matched,55.087,55.087,2026-07-27T22:45:22.179+00:00,148.228023,1785192322097.142,4449,False,,,,,,,,,,,,,,False,,,,,,,,,,,,,,True,0.5321591522649816,-11.055973226952627,4.903812274731665,41.10146199203072,-0.02833482961196935,-1.0393068446680584,-2.7384006272453933,26.20599023883911,2.349662154560401,-31.960177736201747,0.7099664978039406,-0.18781062400560122,0.17258039346241028,False,,,,,,,,,,,,,,False,,,,,,,,,,,,,,False,,,,,,,,,,,,,,True,0.0452296380827085,10.137576195726599,9.386293083862029,76.37848888252334,0.21105308886989524,0.009522549449205431,-3.035675789706796,0.0,0.0,0.0,0.0,0.0,0.0,True,2,0.5321591522649899,-11.543227188877065,8.211032992576303,44.89165954305235,2.437081328563251,0.27525358379663717,0.004084327589904779,25.838565978815485,-0.9872232454605439,-28.18249087570161,-0.24695086608363884,2.799740170898435,0.9934698590504779,True,-5.009480737109017,-12.7699210065468,72.86809679519074,17.57945802230726,20.55247356375805,-1.101133600597575
2026-07-27T22:45:22.859+00:00,238.700000,107994.300000,1.217943,4095,2,02,80,FFFFFFFF,32,2.95142696,3.06778938,2.20762230,1.36511785,1.10716076,0.48095976,2.20816766,1.19872136,1.04847396,1.49817857,2.20776021,0.89245810,1.01182242,0.96050763,2.20553793,0.64006327,1.99310437,0.98266551,2.20721390,1.00942329,0.76820347,0.81169544,2.20506315,1.17598571,1.82166289,1.37226959,2.20728284,1.16284188,1.07427286,0.80979036,2.20789654,0.71316341,SD 02 80 FFFFFFFF 92630C 94CDB9 7FEE5D 61C02C 5571CB 2DC15C 7FF269 5A0697 525F6A 676DDC 7FEF63 49A431 5065C4 4D8E2E 7FDEE3 397DFC 79650D 4ECB39 7FEB55 504444 42087B 44C472 7FDB5C 58E94A 73ABBA 62110D 7FEBD8 584299 53BC92 44A635 7FF066 3E74CD 7CB7A8 000FFF 02 107A87,2026-07-27T22:45:22.681+00:00,serial_request_midpoint,357.0009,True,matched,96.98875,96.98875,2026-07-27T22:45:22.777+00:00,148.826554,1785192322697.214,4467,False,,,,,,,,,,,,,,False,,,,,,,,,,,,,,True,0.5423540062230334,-9.697761675006964,4.099773983575173,40.965954204326785,-0.022188304663383798,-1.0356016381114075,-2.7027209522774656,24.979963682435972,3.1229003047576156,-32.26237937916072,0.7083905746281661,-0.18394939934395663,0.20817383055683064,False,,,,,,,,,,,,,,False,,,,,,,,,,,,,,False,,,,,,,,,,,,,,True,0.03033734421210143,10.138735262604936,9.38594164044478,76.36626544366125,0.21194984350141557,0.0029610533105627057,-3.035037705600697,0.0,-1.4210854715202005e-15,0.0,0.0,0.0,0.0,True,2,0.5423540062230515,-10.26771467124458,7.409798293661902,44.74214479919458,2.4271463590328493,0.3200302733470784,0.008584970553144623,24.69122181442839,-0.20849325289098458,-28.47303011341993,-0.29914707873295593,2.799002662109253,0.9911144913933096,True,-2.7999056218630614,-13.177681206406456,72.77710209483512,15.473087001581257,21.15537981453719,-1.562395916821356
2026-07-27T22:45:23.414+00:00,239.800000,107995.400000,1.220995,4095,2,02,80,FFFFFFFF,32,2.94645900,3.06333740,2.20757493,1.36295775,1.10689874,0.48096581,2.20514201,1.19838326,1.04770125,1.49816856,2.20717023,0.89211884,1.01152905,0.96027938,2.20778863,0.63996688,1.99229502,0.98234692,2.20537914,1.00895374,0.76806760,0.81148638,2.20452434,1.17547991,1.82140645,1.37077644,2.20711445,1.16205293,1.07351026,0.80974289,2.20775126,0.71296961,SD 02 80 FFFFFFFF 924803 94B68E 7FEE03 61A7AE 556E58 2DC17B 7FDBF2 5A0260 5254DF 676DC1 7FEB02 499F16 5061AC 4D8AE4 7FEF99 397C44 795E6A 4EC6B2 7FDDB5 503DB4 420643 44C121 7FD75B 58E2E6 73A971 620031 7FEA98 58388D 53B254 44A574 7FEF52 3E7184 7D07A9 000FFF 02 107A92,2026-07-27T22:45:23.237+00:00,serial_request_midpoint,355.9086,True,matched,47.6301,47.6301,2026-07-27T22:45:23.285+00:00,149.334148,1785192323230.595,4483,False,,,,,,,,,,,,,,False,,,,,,,,,,,,,,True,0.5775238382176783,-9.542127052638836,4.157177442165455,40.4321617940307,-0.019308440845570676,-1.0150186826941578,-2.705263231712545,24.83858572092889,3.1334694603927495,-32.87617335671356,0.6963103169640456,-0.1801288937885987,0.2103688764648019,False,,,,,,,,,,,,,,False,,,,,,,,,,,,,,False,,,,,,,,,,,,,,True,0.07432619543518745,10.138369834182797,9.390884891002873,76.38912349386868,0.20888572537204114,0.0058529004522185095,-3.034409402968844,0.0,0.0,0.0,0.0,0.0,0.0,True,2,0.5775238382176637,-10.121431334798682,7.411378817719653,44.2551583472201,2.440389127791689,0.3272697641532408,0.01105709961127173,24.56302042340305,-0.15073090692488478,-29.0448792667492,-0.3027469860824973,2.8080427209216325,0.9750851258213019,True,-2.5158039325401504,-13.53166595305957,71.98807421049166,15.351203163987662,21.53093965082139,-2.387443168417383
2026-07-27T22:45:23.973+00:00,240.400000,107996.000000,1.218554,4095,2,02,80,FFFFFFFF,32,2.94312011,3.05989642,2.20751967,1.36109363,1.10658839,0.48095409,2.20780021,1.19811289,1.04712575,1.49814927,2.20789233,0.89185050,1.01127407,0.96000345,2.20780442,0.63989941,1.99161881,0.98203911,2.20765704,1.00855332,0.76789921,0.81134554,2.20806552,1.17515753,1.82116319,1.36964840,2.20774968,1.16135631,1.07287241,0.80968092,2.20796129,0.71282952,SD 02 80 FFFFFFFF 9235D0 94A49F 7FED9A 619285 556A42 2DC13F 7FEFAF 59FF01 524D04 676D8D 7FF05E 499B0C 505E1D 4D86EA 7FEFB7 397B10 7958DE 4EC252 7FEE9F 50381B 420383 44BEE5 7FF1A7 58DED3 73A746 61F372 7FEF4F 582FAD 53A9C2 44A478 7FF0E1 3E6F24 7CC7A9 000FFF 02 107A98,2026-07-27T22:45:23.795+00:00,serial_request_midpoint,356.9138,True,matched,83.7327,83.7327,2026-07-27T22:45:23.878+00:00,149.927233,1785192323797.3,4500,False,,,,,,,,,,,,,,False,,,,,,,,,,,,,,True,0.5467281904513168,-9.434065130127188,3.9125202225393947,40.94987611388951,-0.040401588682162065,-1.009380406867558,-2.6976624640974913,24.798793110519284,3.5517889073560625,-32.20280757920997,0.6967260431492918,-0.19876361692837813,0.22186824302511943,False,,,,,,,,,,,,,,False,,,,,,,,,,,,,,False,,,,,,,,,,,,,,True,0.06517068809396231,10.133079814124752,9.381486607755651,76.33113394303386,0.2149059418009048,0.012529785956923088,-3.0352942710762987,0.0,0.0,0.0,0.0,0.0,0.0,True,2,0.5467281904512985,-9.959132841264351,7.164935362848515,44.78221513724118,2.441162796229091,0.33862961790558466,-0.008139617273197996,24.45816008686168,0.25866164475641823,-28.384430343837362,-0.3172993583464147,2.788696041713138,0.9698871793336984,True,-1.8208711465324825,-13.753489301290136,72.3822064577283,14.593468043814772,21.844924166909443,-1.8836296775803703
2026-07-27T22:45:24.529+00:00,241.500000,107997.100000,1.218554,4095,2,02,80,FFFFFFFF,32,2.94089300,3.05782919,2.20751704,1.35972387,1.10636620,0.48095058,2.20763388,1.19786793,1.04671922,1.49810662,2.20784496,0.89166108,1.01103593,0.95984870,2.20787549,0.63983545,1.99103849,0.98175169,2.20772915,1.00822479,0.76781287,0.81125494,2.20811606,1.17494707,1.82090199,1.36886787,2.20531446,1.16074547,1.07225544,0.80961747,2.20499008,0.71269957,SD 02 80 FFFFFFFF 9229A9 9499D6 7FED95 6182F5 556755 2DC12D 7FEE73 59FBF3 524777 676D1A 7FF004 499832 505ACA 4D84AF 7FF03E 3979EC 79541B 4EBE3C 7FEF28 503383 42021A 44BD75 7FF207 58DC2A 73A4F2 61EA9F 7FDD3A 5827E4 53A177 44A376 7FDAD1 3E6CF0 7CC7A9 000FFF 02 107AA3,2026-07-27T22:45:24.351+00:00,serial_request_midpoint,356.1536,True,matched,39.061,39.061,2026-07-27T22:45:24.390+00:00,150.439292,1785192324330.642,4516,False,,,,,,,,,,,,,,False,,,,,,,,,,,,,,True,0.5238907037770573,-9.4254138988411,3.9656649967260433,41.01680290265799,-0.023012133394282014,-0.9817560659061347,-2.705549988152471,24.58523884177003,3.31088938810631,-32.41464273675041,0.6726938931594607,-0.17915817664686898,0.2191893679765691,False,,,,,,,,,,,,,,False,,,,,,,,,,,,,,False,,,,,,,,,,,,,,True,0.06503642118882237,10.143541175291913,9.394329744466665,76.42429670780494,0.20494276772662953,0.003940614124228949,-3.035073149562769,-2.842170943040401e-15,0.0,0.0,0.0,0.0,0.0,True,2,0.5238907037770797,-9.997951170319284,7.133520216398142,44.912649047285086,2.460574583840052,0.3431326463587647,0.007459562216064718,24.31305964741398,0.11789700904802487,-28.506773629925483,-0.31566659130954283,2.8186597769706037,0.9415662561206279,True,-1.9683752941381727,-14.322565918901342,72.12907044568735,14.867701776362946,22.377772019310857,-2.41358497948645
2026-07-27T22:45:25.088+00:00,242.100000,107997.700000,1.217944,4095,2,02,80,FFFFFFFF,32,2.94002159,3.05697687,2.20705709,1.35882228,1.10612743,0.48094433,2.20733863,1.19765746,1.04653444,1.49808549,2.20695816,0.89151786,1.01093128,0.95975142,2.20709708,0.63977960,1.99055779,0.98156157,2.20491332,1.00800051,0.76772247,0.81119118,2.20425683,1.17483336,1.82088403,1.36843681,2.20650938,1.16028251,1.07187747,0.80957074,2.20516882,0.71265833,SD 02 80 FFFFFFFF 9224E7 949563 7FEA2B 6178B5 556430 2DC10D 7FEC42 59F953 5244F1 676CE1 7FE96F 49960A 505954 4D8348 7FEA77 3978ED 795029 4EBB88 7FDA3F 503060 4200A0 44BC72 7FD55E 58DABA 73A4C9 61E5BF 7FE61A 5821FD 539C62 44A2B8 7FDC25 3E6C3D 7CB7A9 000FFF 02 107AA9,2026-07-27T22:45:24.909+00:00,serial_request_midpoint,359.0251,True,matched,76.13395,76.13395,2026-07-27T22:45:24.985+00:00,151.034501,1785192324930.644,4534,False,,,,,,,,,,,,,,False,,,,,,,,,,,,,,True,0.3687867724486781,-9.008195630654452,6.167466875369446,43.90199147908506,0.03729322166718733,-0.8952518828855508,-2.721364281419423,23.694517909690102,1.1127934206826198,-29.513736124735754,0.6107591080358366,-0.13852164583656498,0.22845491036613638,False,,,,,,,,,,,,,,False,,,,,,,,,,,,,,False,,,,,,,,,,,,,,True,0.07935528788908025,10.142020457718882,9.392780599905437,76.40730924952378,0.21179371931127666,0.0011072179571570545,-3.03486579065103,0.0,0.0,0.0,0.0,0.0,0.0,True,2,0.3687867724486682,-9.7595404804273,9.060551889701575,47.97706979499377,2.5181513389747483,0.36527274869532717,0.06265124305507488,23.58402462397371,-1.8152171099612417,-25.396058523165557,-0.3340511048628379,2.8826695931375768,0.8632451736851786,True,-1.9270682639086005,-13.939656334507868,73.9619522336853,14.53914986796309,22.007528857484335,-0.5719104018143298
2026-07-27T22:45:25.645+00:00,243.200000,107998.800000,1.219775,4095,2,02,80,FFFFFFFF,32,2.94078639,3.05730085,2.20469780,1.35865740,1.10599753,0.48092070,2.20755967,1.19759137,1.04655246,1.49808326,2.20782653,0.89143977,1.01088092,0.95971511,2.20767915,0.63977390,1.99022042,0.98149893,2.20774968,1.00792901,0.76769186,0.81119758,2.20742967,1.17496376,1.82087526,1.36855804,2.20698026,1.15999763,1.07174007,0.80958009,2.20726547,0.71264013,SD 02 80 FFFFFFFF 922914 949714 7FD8A5 6176D5 55627A 2DC094 7FEDE6 59F880 524530 676CDB 7FEFE1 4994DD 5058A0 4D82C2 7FEEC9 3978D3 794D64 4EBAA4 7FEF4F 502F60 420020 44BC8C 7FECEF 58DC60 73A4B5 61E71E 7FE999 581E5B 539A89 44A2DE 7FEBB7 3E6BEE 7CE7A9 000FFF 02 107AB4,2026-07-27T22:45:25.467+00:00,serial_request_midpoint,356.6281,True,matched,35.49635,35.49635,2026-07-27T22:45:25.503+00:00,151.551862,1785192325430.675,4549,False,,,,,,,,,,,,,,False,,,,,,,,,,,,,,True,0.6253333752822965,-10.678545293487554,18.038635382481875,53.83674334193631,0.49295533851978923,-0.37042452638932194,-2.6830258206718507,22.723225960404815,-10.811321345381481,-19.5813458522912,0.2577832862386709,0.20783521015023096,0.3099970493548406,False,,,,,,,,,,,,,,False,,,,,,,,,,,,,,False,,,,,,,,,,,,,,True,0.038010390310128775,10.134798952844406,9.385929484845752,76.3887755031508,0.20794875582118366,0.002018900254494401,-3.034342485297704,0.0,0.0,0.0,0.0,0.0,0.0,True,2,0.625333375281637,-12.813657576110856,18.91574224800225,58.33259667007688,2.8046349324069384,0.5647372735326692,0.5417111622503281,24.128237550501957,-11.872376134116143,-14.844171248363205,0.44610068733777164,-2.8624229496432068,-0.32560803548009243,True,-4.357269583869406,-10.999553989278212,75.62814141121115,16.419105378234597,18.832537595530326,1.383856011215471
2026-07-27T22:45:26.201+00:00,244.400000,108000.000000,1.217333,4095,2,02,80,FFFFFFFF,32,2.94161154,3.05788308,2.20501689,1.35880407,1.10590442,0.48092597,2.20456271,1.19749523,1.04667746,1.49808549,2.20687398,0.89145897,1.01086021,0.95973380,2.20765178,0.63977171,1.99017998,0.98143905,2.20763967,1.00794744,0.76768301,0.81121826,2.20789391,1.17501939,1.82083232,1.36855251,2.20770441,1.15978170,1.07163783,0.80959189,2.20799182,0.71261940,SD 02 80 FFFFFFFF 922D95 949A1E 7FDB04 617880 556140 2DC0AF 7FD7A4 59F74D 5246E5 676CE1 7FE8CF 499527 505856 4D8307 7FEE95 3978C9 794D0F 4EB9CA 7FEE7E 502FA2 41FFFB 44BCE0 7FF061 58DD14 73A453 61E70E 7FEEF9 581B9A 539929 44A30E 7FF11B 3E6B94 7CA7A9 000FFF 02 107AC0,2026-07-27T22:45:26.023+00:00,serial_request_midpoint,355.5221,True,matched,70.94775,70.94775,2026-07-27T22:45:26.095+00:00,152.143641,1785192326030.708,4567,False,,,,,,,,,,,,,,False,,,,,,,,,,,,,,True,0.23712200934275446,-9.117671427155633,21.223770685647477,56.063020947535804,0.276649555844765,-0.14685572183663845,-2.8629303076149464,20.626472000343117,-13.816416928306307,-17.55713980916837,0.09271544675781808,0.04731231359481576,0.16934655980749627,False,,,,,,,,,,,,,,False,,,,,,,,,,,,,,False,,,,,,,,,,,,,,True,0.10285071626237824,10.13551935009057,9.38500100307264,76.40401550272708,0.2123927022682703,0.0008479784143862883,-3.034782727254754,0.0,-1.4210854715202005e-15,0.0,0.0,0.0,0.0,True,2,0.23712200934275582,-10.32747674154188,21.577884240826762,60.957068141945854,3.031329130090728,0.39276212000966104,0.32375090278719815,21.103360711261466,-14.257390052526267,-12.545269588292125,0.24802644766499168,-3.061261089731175,-0.09340804319688382,True,-3.251607448450798,-11.511683522473458,71.93813793123334,15.879086959274911,19.439511155634,-2.4063777620647557
2026-07-27T22:45:26.758+00:00,245.000000,108000.600000,1.219164,4095,2,02,80,FFFFFFFF,32,2.94148056,3.05784491,2.20766546,1.35868110,1.10586705,0.48088711,2.20765967,1.19739691,1.04658793,1.49805137,2.20526557,0.89142576,1.01084287,0.95972215,2.20731600,0.63976580,1.99009481,0.98136680,2.20747388,1.00785891,0.76765408,0.81117198,2.20537598,1.17493255,1.82071401,1.36810322,2.20711866,1.15942249,1.07143075,0.80953779,2.20751546,0.71253347,SD 02 80 FFFFFFFF 922CDE 9499EB 7FEEAF 61771A 5560C2 2DBFE8 7FEEA4 59F613 5245AC 676C85 7FDCDD 4994A7 505818 4D82DC 7FEC17 3978AE 794C5C 4EB8C3 7FED43 502E65 41FF82 44BC24 7FDDAF 58DBFB 73A345 61E1F9 7FEAA0 581705 539660 44A232 7FED92 3E6A1F 7CD7A9 000FFF 02 107AC6,2026-07-27T22:45:26.580+00:00,serial_request_midpoint,356.5922,True,matched,33.8707,33.8707,2026-07-27T22:45:26.613+00:00,152.662792,1785192326530.708,4582,False,,,,,,,,,,,,,,False,,,,,,,,,,,,,,True,0.7212947148817688,-13.136793184491614,21.233944774147414,57.41240781201374,0.33778365032774355,-0.26666408308242184,-2.646489618728237,24.342051100584733,-14.131124906434891,-15.908625241331674,0.1801146077650834,0.10595987249083853,0.37580930425710335,False,,,,,,,,,,,,,,False,,,,,,,,,,,,,,False,,,,,,,,,,,,,,True,0.03327016675361458,10.147190281182175,9.396395436701608,76.46593870861251,0.2040255744609756,0.006561847343006406,-3.035552614941568,0.0,0.0,0.0,0.0,0.0,0.0,True,2,0.7212947148817574,-14.73444280962745,21.826215345736134,62.170291020371586,2.8782922548665013,0.6777300915684278,0.39247041368151003,25.223023778442638,-14.867618088505257,-10.987021202740994,0.5551523275016009,-2.958208452609214,-0.21882454237952925,True,-2.3408724070508895,-8.001955921475863,77.07837360205846,13.94666902792444,16.07671355823224,2.4615280576563805
2026-07-27T22:45:27.314+00:00,246.100000,108001.700000,1.217333,4095,2,02,80,FFFFFFFF,32,2.93944867,3.05608892,2.20857518,1.35777282,1.10584244,0.48092792,2.20788654,1.19725381,1.04632537,1.49806880,2.20790760,0.89126519,1.01070550,0.95962650,2.20804499,0.63972637,1.98982601,0.98124182,2.20743441,1.00758972,0.76755174,0.81104619,2.20543435,1.17459451,1.82069955,1.36734752,2.20483342,1.15883623,1.07090519,0.80950410,2.20495170,0.71237868,SD 02 80 FFFFFFFF 9221C6 9490C0 7FF56F 616CC5 55606F 2DC0B9 7FF053 59F44A 524216 676CB4 7FF07B 49923C 50562D 4D817B 7FF180 3977FA 794A27 4EB6FC 7FECF8 502AA1 41FDD6 44BA25 7FDE1E 58D7B5 73A324 61D96C 7FD9A7 580F8A 538F4E 44A1A9 7FDA88 3E677F 7CA7A9 000FFF 02 107AD1,2026-07-27T22:45:27.137+00:00,serial_request_midpoint,356.1245,True,matched,81.44595,81.44595,2026-07-27T22:45:27.218+00:00,153.266949,1785192327164.051,4601,False,,,,,,,,,,,,,,False,,,,,,,,,,,,,,True,0.31263055286982516,-12.940779757455966,21.156219684060126,56.30418831289559,0.22965036613450027,-0.11250348764788742,-2.6679135901895226,24.265474587470607,-14.182976284159134,-17.00827004484512,0.057281976271929956,0.03431234169768029,0.3660958023919792,False,,,,,,,,,,,,,,False,,,,,,,,,,,,,,False,,,,,,,,,,,,,,True,0.04087536500548839,10.149702319118665,9.399685582432479,76.4998528609918,0.2021169872150632,-0.003909374211036579,-3.034720217628187,0.0,0.0,0.0,0.0,0.0,0.0,True,2,0.312630552855757,-14.039365140975155,21.30143797192515,61.23498214661786,3.0015531249285052,0.6988331713553689,0.28401582317574114,24.682741956178983,-14.391495784409903,-11.976062419188917,0.5496367314966728,-3.0396925325198048,-0.0359467207651034,True,-0.21279279384152402,-9.653545017686866,72.01395426711517,12.716071883384629,17.88444024808255,-2.9964145793518013
2026-07-27T22:45:27.871+00:00,246.700000,108002.300000,1.216723,4095,2,02,80,FFFFFFFF,32,2.93713756,3.05372874,2.20696080,1.35650750,1.10566008,0.48093984,2.20517776,1.19701273,1.04591017,1.49806361,2.20725705,0.89110411,1.01047890,0.95944090,2.20784390,0.63966045,1.98933322,0.98097459,2.20760388,1.00727814,0.76744175,0.81094109,2.20761125,1.17432574,1.82046163,1.36641793,2.20767125,1.15824099,1.07029680,0.80947115,2.20772336,0.71221930,SD 02 80 FFFFFFFF 921525 94846B 7FE974 615E5E 555E08 2DC0F6 7FDC36 59F148 523C6A 676CA6 7FEBA7 498FCF 505303 4D7ECE 7FF002 3976CD 79461B 4EB32F 7FEE3A 502645 41FC0A 44B87A 7FEE48 58D44F 73A105 61CEE6 7FEEBA 5807F1 53871E 44A123 7FEF1D 3E64CB 7C97A9 000FFF 02 107AD7,2026-07-27T22:45:27.693+00:00,serial_request_midpoint,357.1316,True,matched,38.8408,38.8408,2026-07-27T22:45:27.732+00:00,153.781148,1785192327664.074,4616,False,,,,,,,,,,,,,,False,,,,,,,,,,,,,,True,0.2920219364544296,-13.018701545203268,21.140714812401157,56.27651692605542,0.21323417975877826,-0.1084783666883265,-2.66982933462952,24.40207104670522,-14.12244311443917,-16.946139383794833,0.055198129543338734,0.019306660121516776,0.36642601846715595,False,,,,,,,,,,,,,,False,,,,,,,,,,,,,,False,,,,,,,,,,,,,,True,0.048346319350856586,10.14984768376325,9.397632988297712,76.4605320568808,0.20625830010077767,-0.0006071551457577957,-3.035181219778618,-2.842170943040401e-15,0.0,-1.1368683772161604e-14,0.0,0.0,0.0,True,2,0.29202193645441393,-14.056297476038505,21.28593391263278,61.22050614720928,3.006265864777156,0.698543784265878,0.2657850086676665,24.743537074929463,-14.334427316895013,-11.908363389259012,0.5523457067048226,-3.054411024653829,-0.03300163469289105,True,-0.12524015706100045,-9.683321483046157,71.82249543906971,12.645846729802988,17.93654099756216,-3.0878301234704053
2026-07-27T22:45:28.428+00:00,247.800000,108003.400000,1.217944,4095,2,02,80,FFFFFFFF,32,2.93528118,3.05201806,2.20745441,1.35534627,1.10540837,0.48094726,2.20787970,1.19682240,1.04553310,1.49803876,2.20769757,0.89088159,1.01026045,0.95928567,2.20789181,0.63961424,1.98880584,0.98076233,2.20737652,1.00694345,0.76734731,0.81083870,2.20790549,1.17410241,1.82029033,1.36570639,2.20528134,1.15760651,1.06983397,0.80942247,2.20702236,0.71208342,SD 02 80 FFFFFFFF 920AFE 947B79 7FED1E 615124 555AB7 2DC11C 7FF046 59EEE8 523743 676C63 7FEEEC 498C75 504FF6 4D7C91 7FF05D 3975FA 7941C6 4EB02A 7FEC8A 502196 41FA7F 44B6DA 7FF077 58D17C 739F7E 61C6D7 7FDCFB 57FFD7 5380E3 44A05D 7FE9E9 3E627D 7CB7A9 000FFF 02 107AE2,2026-07-27T22:45:28.250+00:00,serial_request_midpoint,355.963,True,matched,76.0229,76.0229,2026-07-27T22:45:28.325+00:00,154.375046,1785192328264.067,4634,False,,,,,,,,,,,,,,False,,,,,,,,,,,,,,True,0.3113275178362455,-13.020205452732899,21.14450824841434,56.28006524822482,0.21565941793555365,-0.10910615887762834,-2.6694937203982194,24.428568369544188,-14.03807889737613,-16.863000000280362,0.06057845461683634,0.01723247715962083,0.36704746763159346,False,,,,,,,,,,,,,,False,,,,,,,,,,,,,,False,,,,,,,,,,,,,,True,0.07417083320455162,10.135656260232322,9.384355086245147,76.37205983951068,0.2102160433376111,0.00788773780160284,-3.0348520723715944,-2.842170943040401e-15,0.0,0.0,0.0,0.0,0.0,True,2,0.31132751782492124,-14.066860144242657,21.289814472406896,61.22214055269262,3.0055322808454377,0.6986689473769319,0.2684801740832393,24.764774600991064,-14.278311430266035,-11.826139672943658,0.5536891143093408,-3.0561494580357103,-0.04133648319652923,True,-0.1494679084721014,-9.676261030433768,71.85133036378515,12.640494965939618,17.935985521181482,-2.8365773928777003
2026-07-27T22:45:28.985+00:00,248.400000,108004.000000,1.218554,4095,2,02,80,FFFFFFFF,32,2.93420396,3.05061001,2.20717286,1.35450137,1.10523406,0.48096093,2.20790549,1.19658295,1.04523242,1.49801948,2.20547431,0.89072833,1.01019137,0.95918029,2.20484183,0.63957920,1.98841170,0.98057974,2.20721443,1.00676678,0.76725359,0.81077939,2.20540438,1.17395478,1.82009671,1.36510579,2.20464313,1.15710802,1.06927441,0.80937845,2.20732021,0.71198279,SD 02 80 FFFFFFFF 920519 94741B 7FEB07 614783 55586B 2DC162 7FF077 59EBEB 523327 676C2F 7FDE6A 498A26 504EFF 4D7B0C 7FD9B7 39755A 793E89 4EAD91 7FEB56 501F1D 41F8F7 44B5E9 7FDDE5 58CF9E 739DC4 61C009 7FD83D 57F979 53795A 449FAA 7FEC1F 3E60C8 7CC7A9 000FFF 02 107AE8,2026-07-27T22:45:28.807+00:00,serial_request_midpoint,357.4431,True,matched,19.67935,19.67935,2026-07-27T22:45:28.826+00:00,154.875592,1785192328764.034,4649,False,,,,,,,,,,,,,,False,,,,,,,,,,,,,,True,0.2986666653278567,-13.017733375508197,21.139688625115458,56.27359981887018,0.21670278888974565,-0.11116833172998383,-2.669353141175683,24.438750437030752,-14.119088072343095,-16.807480838845617,0.05749099126892297,0.01793180735456488,0.3666091206969426,False,,,,,,,,,,,,,,False,,,,,,,,,,,,,,False,,,,,,,,,,,,,,True,0.05088888036053398,10.136900864952093,9.387117624448283,76.39405138266456,0.21178967757767633,0.0010186283111655564,-3.0345677115643857,0.0,0.0,0.0,0.0,0.0,0.0,True,2,0.29866666532228053,-14.069742672471147,21.291418824308884,61.21434557505752,3.003971210311881,0.6983456094344889,0.2695361132969464,24.77554556666766,-14.343585884087707,-11.769933418254755,0.5528666443478665,-3.0556585019717173,-0.03656280465376068,True,-0.16664883989750195,-9.66222563671823,71.89831446284106,12.665405764738638,17.903736465560705,-2.8802748203248827
2026-07-27T22:45:29.544+00:00,249.600000,108005.200000,1.219164,4095,2,02,80,FFFFFFFF,32,2.93324704,3.04970630,2.20741704,1.35380073,1.10499397,0.48095273,2.20773126,1.19639016,1.04502294,1.49797943,2.20760599,0.89062202,1.01002554,0.95907709,2.20730337,0.63950802,1.98799862,0.98033787,2.20761336,1.00649108,0.76716753,0.81067873,2.20769073,1.17381457,1.81998632,1.36449195,2.20540280,1.15647029,1.06877099,0.80930863,2.20457848,0.71187687,SD 02 80 FFFFFFFF 91FFDC 946F60 7FECD7 613F86 555541 2DC138 7FEF2C 59E983 52304A 676BC3 7FEE3E 49888C 504CAE 4D798F 7FEBFF 397415 793B24 4EAA20 7FEE4C 501B41 41F78F 44B450 7FEEDF 58CDD8 739CC8 61B914 7FDDE2 57F153 537292 449E8E 7FD7C2 3E5EFC 7CD7A9 000FFF 02 107AF4,2026-07-27T22:45:29.365+00:00,serial_request_midpoint,358.0592,True,matched,46.0489,46.0489,2026-07-27T22:45:29.411+00:00,155.460172,1785192329330.71,4666,False,,,,,,,,,,,,,,False,,,,,,,,,,,,,,True,0.2860854742155064,-13.023296957504096,21.152853322366227,56.30540822170116,0.21181363570757344,-0.1121483148866474,-2.670042013195908,24.376714267236235,-14.169438576703229,-16.926931609830113,0.05595696007043447,0.019866739596431558,0.36641271304118705,False,,,,,,,,,,,,,,False,,,,,,,,,,,,,,False,,,,,,,,,,,,,,True,0.08002624555368842,10.145684171114812,9.396220863945766,76.46720646661537,0.2043744306194913,-0.003954082536389321,-3.0355620052934746,0.0,0.0,0.0,0.0,0.0,0.0,True,2,0.2860854742082528,-14.058864669878286,21.31241202883866,61.249379403988634,3.003892721944108,0.6976110143671871,0.2639774852195878,24.72163119277355,-14.384648555986733,-11.889528757336905,0.5522530537521773,-3.0538456997443784,-0.03416276893470612,True,-0.1387802074663341,-9.633895809051143,71.9324779476709,12.630060349246024,17.88068770992819,-3.040048268882265
2026-07-27T22:45:30.101+00:00,250.100000,108005.700000,1.217944,4095,2,02,80,FFFFFFFF,32,2.93212575,3.04884467,2.20710182,1.35316337,1.10473584,0.48092968,2.20790654,1.19618800,1.04476178,1.49794828,2.20742862,0.89045452,1.00986447,0.95894870,2.20538597,0.63948547,1.98747775,0.98015671,2.20481817,1.00626675,0.76708673,0.81060073,2.20512939,1.17368364,1.81980499,1.36388521,2.20473565,1.15594892,1.06837585,0.80924814,2.20477928,0.71176612,SD 02 80 FFFFFFFF 91F9B8 946ADD 7FEA80 613841 5551DA 2DC0C2 7FF079 59E6FD 522CB8 676B6F 7FECED 498606 504A6E 4D77B5 7FDDC2 3973AE 7936DC 4EA78C 7FD98A 50181D 41F63D 44B313 7FDBDA 58CC30 739B2A 61B233 7FD8ED 57EAA9 536D3F 449D98 7FD940 3E5D1B 7CB7A9 000FFF 02 107AF9,2026-07-27T22:45:29.923+00:00,serial_request_midpoint,356.4757,True,matched,74.02595,74.02595,2026-07-27T22:45:29.997+00:00,156.045968,1785192329930.746,4684,False,,,,,,,,,,,,,,False,,,,,,,,,,,,,,True,0.27623839792410226,-13.014692220870407,21.138710060169263,56.265108439931964,0.2153896086269828,-0.10572323531508587,-2.669729403792882,24.487535162496435,-14.0124695455744,-16.72305373352799,0.05770500458889775,0.013084469088967113,0.36751654416812773,False,,,,,,,,,,,,,,False,,,,,,,,,,,,,,False,,,,,,,,,,,,,,True,0.0538879296767003,10.129461967060935,9.382129492365475,76.3095627241626,0.21639076019013653,0.008792040262612742,-3.0350133287660297,0.0,0.0,0.0,0.0,0.0,0.0,True,2,0.2762383979220955,-14.05759063768213,21.272318298960393,61.20830882626094,3.007991137659208,0.6990372710421402,0.26836379344738165,24.80071013405198,-14.242251920831396,-11.68422055253493,0.5549883918509104,-3.0601816402058684,-0.03696948008679595,True,-0.12961075560766347,-9.71750290568722,71.75409816801485,12.62402766167791,17.98604974104786,-2.81650998610138
2026-07-27T22:45:30.658+00:00,251.200000,108006.800000,1.217333,4095,2,02,80,FFFFFFFF,32,2.93121024,3.04786029,2.20472093,1.35244751,1.10454887,0.48090996,2.20706393,1.19599401,1.04453295,1.49792195,2.20708919,0.89033423,1.00977220,0.95884795,2.20791707,0.63943400,1.98717080,0.97998846,2.20766073,1.00609964,0.76700426,0.81054216,2.20785864,1.17352770,1.81967667,1.36340954,2.20764230,1.15547475,1.06794951,0.80920782,2.20546221,0.71169428,SD 02 80 FFFFFFFF 91F4B4 9465B5 7FD8D1 613016 554F63 2DC05D 7FEA38 59E491 522997 676B28 7FEA68 498436 504924 4D7641 7FF08D 3972C3 793456 4EA527 7FEEA6 5015C6 41F4E4 44B225 7FF01E 58CA37 739A05 61ACCE 7FEE83 57E499 536780 449CF4 7FDE53 3E5BE3 7CA7A9 000FFF 02 107B04,2026-07-27T22:45:30.480+00:00,serial_request_midpoint,356.9463,True,matched,20.64315,20.64315,2026-07-27T22:45:30.500+00:00,156.549473,1785192330430.737,4699,False,,,,,,,,,,,,,,False,,,,,,,,,,,,,,True,0.27963542982712963,-13.01952746581767,21.150609951625952,56.29388809637025,0.21896490041330172,-0.10938866120166808,-2.6689558301103813,24.432916880813927,-14.129803886338447,-16.77149455401817,0.05656459736555634,0.019557718689102062,0.36661596590039974,False,,,,,,,,,,,,,,False,,,,,,,,,,,,,,False,,,,,,,,,,,,,,True,0.05017279933788102,10.137873898298501,9.386866999648888,76.37499684483454,0.21182090404250198,0.001471444973802675,-3.0343486324825304,-2.842170943040401e-15,-1.4210854715202005e-15,0.0,0.0,0.0,0.0,True,2,0.27963542982142053,-14.078080856439176,21.293948129292733,61.23348632858002,3.0048986852652186,0.6990728921892048,0.272189127296618,24.776881790674416,-14.348236225435254,-11.734165175900808,0.5526195001772799,-3.0540818469447215,-0.035102702796251606,True,-0.1743934514996198,-9.670200037276436,71.88620051777261,12.677423923739566,17.90901580943871,-2.8660128758421024
2026-07-27T22:45:31.214+00:00,252.400000,108008.000000,1.217333,4095,2,02,80,FFFFFFFF,32,2.93081248,3.04719679,2.20468518,1.35193553,1.10437613,0.48086485,2.20506946,1.19580848,1.04448810,1.49788153,2.20484236,0.89022795,1.00967462,0.95878052,2.20489492,0.63940225,1.98680737,0.97983477,2.20429099,1.00597997,0.76694570,0.81050180,2.20472408,1.17350517,1.81967623,1.36321462,2.20464471,1.15503095,1.06765539,0.80917955,2.20486549,0.71163005,SD 02 80 FFFFFFFF 91F286 94623B 7FD88D 612A3E 554D1C 2DBF76 7FDB68 59E240 5228FA 676ABB 7FD9B8 49829C 5047C7 4D7548 7FDA1C 397232 793159 4EA2F7 7FD59F 501419 41F3EF 44B181 7FD8D7 58C9EE 739A04 61AA98 7FD840 57DEEC 536389 449C81 7FD9E4 3E5ACC 7CA7A9 000FFF 02 107B10,2026-07-27T22:45:31.037+00:00,serial_request_midpoint,355.1341,True,matched,57.12975,57.12975,2026-07-27T22:45:31.094+00:00,157.142687,1785192331030.728,4717,False,,,,,,,,,,,,,,False,,,,,,,,,,,,,,True,0.2919297296545818,-13.016157756194113,21.14566513333606,56.28084957458496,0.21982964019655837,-0.10828203478962928,-2.6682424666530795,24.41545673438204,-14.10288721016148,-16.801694714868585,0.056838644094418724,0.02100007505612058,0.36752861820208965,False,,,,,,,,,,,,,,False,,,,,,,,,,,,,,False,,,,,,,,,,,,,,True,0.05767191318324135,10.135122484961048,9.385386908115674,76.35613238115003,0.21039304575726997,0.002838652382135075,-3.0346805568006774,0.0,1.4210854715202005e-15,0.0,0.0,0.0,0.0,True,2,0.2919297296458851,-14.077009114931254,21.283953123520824,61.22009845694347,3.0053444183785962,0.7002810451584934,0.2732487875224537,24.766856334065146,-14.321082801566979,-11.764868561359094,0.5538033995090148,-3.052420608661436,-0.03548414320824304,True,-0.1540149787842296,-9.678509984720208,71.85247482762267,12.649415234836372,17.92446937794965,-2.87873888770813
2026-07-27T22:45:31.770+00:00,253.000000,108008.600000,1.217944,4095,2,02,80,FFFFFFFF,32,2.93081462,3.04729892,2.20460213,1.35172716,1.10421585,0.48086387,2.20522403,1.19570618,1.04447210,1.49788932,2.20719864,0.89015692,1.00965393,0.95874423,2.20745599,0.63939109,1.98659409,0.97971897,2.20771547,1.00586087,0.76688571,0.81047031,2.20780600,1.17348849,1.81970951,1.36302903,2.20528239,1.15475856,1.06737436,0.80916431,2.20508471,0.71159092,SD 02 80 FFFFFFFF 91F289 9462C4 7FD7EF 6127DD 554AFF 2DBF71 7FDC8E 59E0F9 5228C2 676AD0 7FEB38 49818A 50477D 4D74C2 7FED21 3971FF 792F98 4EA151 7FEF0E 50126E 41F2F4 44B101 7FEFBA 58C9B8 739A50 61A87D 7FDCFD 57DB70 535FBF 449C43 7FDB85 3E5A22 7CB7A9 000FFF 02 107B16,2026-07-27T22:45:31.592+00:00,serial_request_midpoint,355.5006,True,matched,88.6128,88.6128,2026-07-27T22:45:31.681+00:00,157.730174,1785192331597.398,4734,False,,,,,,,,,,,,,,False,,,,,,,,,,,,,,True,0.2685596853976948,-13.024703872800568,21.153317281144645,56.299067627153235,0.21127776064337855,-0.11025049880856948,-2.6707041734939807,24.50212838199384,-14.007913134327884,-16.752127695175545,0.06079960257614415,0.01059961361061306,0.36766708432237294,False,,,,,,,,,,,,,,False,,,,,,,,,,,,,,False,,,,,,,,,,,,,,True,0.08498425800182928,10.133030971410772,9.387325657473912,76.36123266333418,0.21544266851169225,0.00850245504880507,-3.0358650409262706,0.0,0.0,0.0,0.0,0.0,0.0,True,2,0.26855968539372316,-14.056686551560267,21.30691809125595,61.24397736989537,3.0054915353539458,0.6970635498083082,0.2634617885042018,24.805899551104936,-14.255197999848713,-11.713547826393654,0.555640640301619,-3.0625006953788043,-0.041802620306026356,True,-0.14349039704970892,-9.659773201334739,71.87686587150438,12.610334365602133,17.941267812634493,-2.756589987713096
2026-07-27T22:45:32.326+00:00,254.100000,108009.700000,1.219164,4095,2,02,80,FFFFFFFF,32,2.93155245,3.04761127,2.20421321,1.35182809,1.10411395,0.48086582,2.20724548,1.19564112,1.04454809,1.49785892,2.20743546,0.89017014,1.00962038,0.95873096,2.20792813,0.63937379,1.98645635,0.97965229,2.20764441,1.00582935,0.76686253,0.81047326,2.20778653,1.17361076,1.81970820,1.36311063,2.20522245,1.15452620,1.06729035,0.80913727,2.20733705,0.71159897,SD 02 80 FFFFFFFF 91F694 946467 7FD50B 612904 5549A7 2DBF7B 7FEB91 59E029 5229CC 676A7E 7FECFA 4981BD 504705 4D7491 7FF0A2 3971B0 792E76 4EA05E 7FEE87 5011FD 41F293 44B10D 7FEF95 58CB44 739A4D 61A96A 7FDC8B 57D877 535E9D 449BD5 7FEC3F 3E5A45 7CD7A9 000FFF 02 107B21,2026-07-27T22:45:32.148+00:00,serial_request_midpoint,355.9152,True,matched,28.1195,28.1195,2026-07-27T22:45:32.176+00:00,158.225619,1785192332097.399,4749,False,,,,,,,,,,,,,,False,,,,,,,,,,,,,,True,0.305625538287077,-13.01871051835398,21.14637016770739,56.27466802702226,0.22156446526268003,-0.1087567639339374,-2.6673534453504164,24.474483037368184,-13.969087382106432,-16.82581901071478,0.06269492019086673,0.018835297370331756,0.3697919870606803,False,,,,,,,,,,,,,,False,,,,,,,,,,,,,,False,,,,,,,,,,,,,,True,0.038591324295935064,10.131926985943652,9.385497703030511,76.34887460239884,0.21367124084813452,0.012282709241790073,-3.035378257614196,0.0,0.0,0.0,0.0,0.0,0.0,True,2,0.3056255382871307,-14.08622936291653,21.284434987451043,61.21248789137113,3.004560811308554,0.7013334111678302,0.27519878759426686,24.82079289046407,-14.217497677401525,-11.79003851494797,0.5576794639220628,-3.0537981804555874,-0.04452537214175031,True,-0.15353043431528307,-9.666015479461361,71.86710337914468,12.623848077837717,17.94659983298306,-2.7193889620014944
2026-07-27T22:45:32.884+00:00,254.700000,108010.300000,1.218554,4095,2,02,80,FFFFFFFF,32,2.93218636,3.04840016,2.20740441,1.35195538,1.10416312,0.48085118,2.20792655,1.19561766,1.04462579,1.49786633,2.20803341,0.89013230,1.00963604,0.95876292,2.20791655,0.63937904,1.98644590,0.97964570,2.20757020,1.00585417,0.76686468,0.81052543,2.20515200,1.17369815,1.81960484,1.36321462,2.20715444,1.15433051,1.06724806,0.80913800,2.20726390,0.71158700,SD 02 80 FFFFFFFF 91FA0D 946889 7FECBF 612A78 554A4D 2DBF30 7FF09F 59DFDE 522ADC 676A92 7FF16A 49812B 50473D 4D7507 7FF08C 3971C8 792E60 4EA046 7FEDFA 501256 41F29C 44B1E1 7FDC05 58CC5F 739961 61AA98 7FEAE4 57D5F6 535E0B 449BD8 7FEBB4 3E5A11 7CC7A9 000FFF 02 107B27,2026-07-27T22:45:32.705+00:00,serial_request_midpoint,357.2924,True,matched,65.1146,65.1146,2026-07-27T22:45:32.770+00:00,158.819389,1785192332697.396,4767,False,,,,,,,,,,,,,,False,,,,,,,,,,,,,,True,0.3162861863615226,-13.02779879373964,21.158437983933577,56.31241601768863,0.21766286941005097,-0.11175171260589759,-2.6684493336516235,24.391292353441763,-14.095239397218085,-16.914545892234266,0.06031877214303135,0.022229451353606773,0.3678038792498558,False,,,,,,,,,,,,,,False,,,,,,,,,,,,,,False,,,,,,,,,,,,,,True,0.08270416287926131,10.142107861205066,9.39124054901971,76.4221467271079,0.20574029608022285,0.0033584603815931553,-3.0353165000915663,0.0,0.0,0.0,0.0,0.0,0.0,True,2,0.31628618636152367,-14.083870414702528,21.310956894762295,61.25227170365302,3.0031656332966965,0.6994809539708524,0.2706100506590294,24.751957224733083,-14.329362791397807,-11.879088557311013,0.5540921297782535,-3.0510487786019707,-0.04082328894022037,True,-0.16431131464522936,-9.627902906651201,71.95760417773529,12.641596034114507,17.884223708028806,-2.8682444565140486
2026-07-27T22:45:33.440+00:00,255.900000,108011.500000,1.217944,4095,2,02,80,FFFFFFFF,32,2.93252585,3.04862837,2.20730021,1.35208028,1.10414920,0.48085293,2.20746862,1.19552538,1.04470950,1.49789118,2.20531078,0.89015044,1.00963045,0.95875533,2.20704656,0.63936831,1.98657176,0.97958671,2.20764178,1.00583270,0.76686516,0.81046957,2.20789075,1.17364041,1.81958732,1.36303764,2.20791076,1.15404236,1.06705168,0.80909006,2.20564521,0.71149883,SD 02 80 FFFFFFFF 91FBE9 9469BB 7FEBF9 612BE5 554A1E 2DBF39 7FED39 59DEB7 522C01 676AD5 7FDD33 498171 504729 4D74EB 7FEA17 397197 792F69 4E9F6F 7FEE82 501209 41F29E 44B0FE 7FF05B 58CBA4 739939 61A896 7FF081 57D246 535B65 449B15 7FDFAF 3E5892 7CB7A9 000FFF 02 107B33,2026-07-27T22:45:33.262+00:00,serial_request_midpoint,356.1577,True,matched,90.19955,90.19955,2026-07-27T22:45:33.352+00:00,159.401482,1785192333297.386,4785,False,,,,,,,,,,,,,,False,,,,,,,,,,,,,,True,0.30530521959375156,-13.020798506631357,21.14896128257042,56.28382894130304,0.21346778115305784,-0.10843970081514862,-2.6693482060134963,24.431744655412984,-14.03263058940126,-16.884637225442383,0.06013964099300831,0.01587837348699586,0.36742272431247386,False,,,,,,,,,,,,,,False,,,,,,,,,,,,,,False,,,,,,,,,,,,,,True,0.06525564460669782,10.138675597173378,9.39096415112704,76.39114365741727,0.20986702586155578,0.008032549261915904,-3.0349493794432627,-2.842170943040401e-15,0.0,0.0,0.0,0.0,0.0,True,2,0.3053052195937691,-14.059301459462876,21.293583066396707,61.22764523541607,3.0061006768316187,0.6992506581010381,0.26606544955793904,24.760911842778846,-14.271851147289038,-11.84726232567765,0.5544606982240846,-3.057394884325644,-0.04067989049951489,True,-0.11540647756911256,-9.669313647548842,71.83133018677174,12.613142462103706,17.939982808698367,-2.8806148474962696
2026-07-27T22:45:33.998+00:00,256.400000,108012.000000,1.217944,4095,2,02,80,FFFFFFFF,32,2.93179772,3.04781108,2.20461843,1.35155746,1.10407129,0.48084766,2.20731705,1.19542373,1.04456665,1.49789340,2.20757809,0.89007242,1.00955832,0.95866516,2.20730442,0.63936393,1.98629724,0.97947586,2.20777074,1.00564779,0.76680971,0.81043192,2.20800130,1.17353048,1.81954879,1.36261038,2.20762178,1.15370849,1.06673832,0.80907531,2.20794918,0.71144658,SD 02 80 FFFFFFFF 91F7EC 946573 7FD80E 6125ED 554917 2DBF1E 7FEC19 59DD72 522A0D 676ADB 7FEE09 498044 504627 4D739E 7FEC01 397183 792D27 4E9DDB 7FEF77 500F72 41F1B6 44B065 7FF12D 58CA40 7398E1 61A3BD 7FEE5C 57CE00 53572B 449AD9 7FF0CA 3E57AF 7CB7A9 000FFF 02 107B38,2026-07-27T22:45:33.819+00:00,serial_request_midpoint,357.2382,True,matched,30.8515,30.8515,2026-07-27T22:45:33.850+00:00,159.899004,1785192333797.373,4800,False,,,,,,,,,,,,,,False,,,,,,,,,,,,,,True,0.29022130863032236,-13.017161601637284,21.146701260352277,56.27673715798966,0.2174782606052635,-0.10785934516449978,-2.6683268267497193,24.42666692113363,-14.117103674712018,-16.809486280306817,0.055843464900688304,0.018935856373246313,0.36738318059951364,False,,,,,,,,,,,,,,False,,,,,,,,,,,,,,False,,,,,,,,,,,,,,True,0.043077057564964806,10.137316230652269,9.387378423137863,76.37902520613417,0.21111357571269845,0.002058692908369465,-3.034423173371281,0.0,-1.4210854715202005e-15,0.0,0.0,0.0,0.0,True,2,0.2902213086303473,-14.069446526936284,21.285433179058735,61.21780720469063,3.005841440134797,0.7004891807442453,0.2706328582461699,24.766972178823885,-14.332345401977046,-11.771769868467278,0.5538757370439812,-3.0545118067677133,-0.03398851590616165,True,-0.12656429512459794,-9.675315064907716,71.82909449585877,12.63650073388706,17.920937572785327,-2.9315937047461147
2026-07-27T22:45:34.555+00:00,257.600000,108013.200000,1.217944,4095,2,02,80,FFFFFFFF,32,2.93078825,3.04705889,2.20746178,1.35104471,1.10402805,0.48085762,2.20769494,1.19530675,1.04435527,1.49787634,2.20775231,0.88996512,1.00948955,0.95860694,2.20789549,0.63934226,1.98612248,0.97935734,2.20764704,1.00553679,0.76676669,0.81038591,2.20743862,1.17344311,1.81949317,1.36239628,2.20741073,1.15339115,1.06651043,0.80907507,2.20530342,0.71137361,SD 02 80 FFFFFFFF 91F264 946182 7FED2C 612012 554885 2DBF51 7FEEE7 59DBFC 522729 676AAD 7FEF54 497EA6 504531 4D72C7 7FF064 397120 792BB7 4E9C2B 7FEE8C 500DE4 41F102 44AFAA 7FED00 58C925 739862 61A14F 7FECCB 57C9F0 535418 449AD8 7FDD25 3E5672 7CB7A9 000FFF 02 107B44,2026-07-27T22:45:34.377+00:00,serial_request_midpoint,357.562,True,matched,64.1602,64.1602,2026-07-27T22:45:34.441+00:00,160.490307,1785192334364.013,4817,False,,,,,,,,,,,,,,False,,,,,,,,,,,,,,True,0.27562605213499525,-13.00027303042813,21.12438961953483,56.219707506226655,0.2197187106639244,-0.10020363176409566,-2.6686233186383643,24.4121946691472,-14.083591205932441,-16.898432751150573,0.050428337726900856,0.021824361574178795,0.3671516262344315,False,,,,,,,,,,,,,,False,,,,,,,,,,,,,,False,,,,,,,,,,,,,,True,0.0586150824745906,10.139161744176633,9.390137135544897,76.3873473339086,0.20966387624101215,0.001863638696824514,-3.0349083389086426,0.0,0.0,-1.1368683772161604e-14,0.0,0.0,0.0,True,2,0.2756260521342084,-14.05404271078944,21.234212178351477,61.16118802634786,3.0111143388709003,0.7013699701044828,0.2735843364511859,24.76176908443191,-14.269547421313604,-11.860185111489477,0.5530054506758784,-3.0518530848675716,-0.025589820888253092,True,-0.10482747816762697,-9.783187312243541,71.59726190338495,12.65116040511722,18.03610386007,-3.185545785598515
2026-07-27T22:45:35.112+00:00,258.800000,108014.400000,1.221606,4095,2,02,80,FFFFFFFF,32,2.93038771,3.04638144,2.20700342,1.35065622,1.10402005,0.48086133,2.20750651,1.19521262,1.04426215,1.49787449,2.20754599,0.88989151,1.00941631,0.95856578,2.20765494,0.63932671,1.98591307,0.97926709,2.20515305,1.00537590,0.76671913,0.81036057,2.20453065,1.17337611,1.81937888,1.36209823,2.20451804,1.15309767,1.06623076,0.80904582,2.20510994,0.71132597,SD 02 80 FFFFFFFF 91F032 945DF5 7FE9C5 611BA2 55486A 2DBF64 7FED81 59DACF 5225E3 676AA8 7FEDCC 497D8A 50442B 4D722F 7FEE9B 3970D9 7929FE 4E9AE2 7FDC07 500BA3 41F03B 44AF43 7FD767 58C84C 73975D 619DED 7FD74F 57C62E 535052 449A61 7FDBB5 3E55A3 7D17AA 000FFF 02 107B50,2026-07-27T22:45:34.934+00:00,serial_request_midpoint,356.206,True,matched,87.869,87.869,2026-07-27T22:45:35.022+00:00,161.07107,1785192334963.98,4835,False,,,,,,,,,,,,,,False,,,,,,,,,,,,,,True,0.26279086372706845,-13.025180166694236,21.139388061378362,56.263028838267395,0.20956897236322303,-0.10507965921628892,-2.6713804356583353,24.423449682117088,-13.992862180602824,-16.958310531658082,0.05920941266962428,0.014167525580709515,0.3661315190746235,False,,,,,,,,,,,,,,False,,,,,,,,,,,,,,False,,,,,,,,,,,,,,True,0.07282441956895395,10.13826301177253,9.385943874179109,76.39262973656461,0.20772689415476353,0.010043510769060168,-3.035513320509327,0.0,0.0,0.0,0.0,0.0,0.0,True,2,0.2627908637259103,-14.046822546205302,21.276326149768703,61.21057513891786,3.009455945795963,0.6972792021993246,0.26181265377099167,24.743211889312597,-14.229424456627674,-11.920204735909385,0.5527253942883381,-3.0594371276422745,-0.03929754290529881,True,-0.11621592548117121,-9.728367724145368,71.70907368374132,12.622449894366405,18.00414764743771,-2.995224466685579
2026-07-27T22:45:35.669+00:00,259.300000,108014.900000,1.217944,4095,2,02,80,FFFFFFFF,32,2.93004850,3.04595150,2.20449386,1.35036047,1.10387787,0.48086660,2.20738231,1.19509191,1.04417218,1.49782851,2.20773442,0.88981065,1.00933580,0.95847832,2.20810922,0.63930919,1.98575400,0.97913212,2.20821135,1.00529225,0.76666512,0.81030251,2.20789181,1.17331189,1.81931976,1.36182225,2.20521562,1.15273714,1.06597111,0.80902369,2.20721496,0.71124587,SD 02 80 FFFFFFFF 91EE56 945BB4 7FD721 611841 55468A 2DBF7F 7FEC95 59D94D 5224A8 676A2C 7FEF32 497C52 50430B 4D70EC 7FF1FA 397089 7928AF 4E98F6 7FF2BC 500A77 41EF59 44AE57 7FF05D 58C77C 7396D6 619ACB 7FDC7E 57C190 534CD1 449A07 7FEB57 3E5447 7CB7AA 000FFF 02 107B55,2026-07-27T22:45:35.491+00:00,serial_request_midpoint,355.9692,True,matched,35.7994,35.7994,2026-07-27T22:45:35.526+00:00,161.575645,1785192335463.972,4850,False,,,,,,,,,,,,,,False,,,,,,,,,,,,,,True,0.24938717719673084,-13.030922421296808,21.12041626406694,56.22932898291835,0.2046456902828317,-0.10654577748706465,-2.670987992362022,24.46220481756253,-13.924468760168375,-16.91691331099877,0.06225446576154486,0.007979087828150875,0.367350120754954,False,,,,,,,,,,,,,,False,,,,,,,,,,,,,,False,,,,,,,,,,,,,,True,0.05158325794684936,10.132042962214546,9.382120340032026,76.33310211641673,0.2107736886421843,0.014201700648591732,-3.035488986787094,2.842170943040401e-15,-1.4210854715202005e-15,0.0,0.0,0.0,0.0,True,2,0.24938717719418071,-14.03665511465926,21.26633712068571,61.17987682057198,3.0086379993592027,0.6980569121234684,0.2562189907487926,24.754354805959473,-14.18142304215846,-11.878129933928653,0.5555716468889733,-3.065116529495483,-0.04411461174417387,True,-0.05849182826468961,-9.712193232217576,71.69238950999544,12.551121420513299,18.002903617360897,-2.8880505602060906
2026-07-27T22:45:36.225+00:00,260.400000,108016.000000,1.217944,4095,2,02,80,FFFFFFFF,32,2.92950203,3.04549184,2.20742441,1.34999265,1.10371380,0.48088496,2.20799814,1.19496776,1.04404995,1.49781924,2.20503634,0.88973317,1.00928856,0.95844150,2.20476351,0.63929211,1.98551662,0.97906520,2.20446022,1.00514699,0.76662808,0.81026880,2.20716075,1.17326157,1.81932546,1.36154597,2.20515148,1.15236297,1.06572944,0.80899223,2.20502898,0.71119316,SD 02 80 FFFFFFFF 91EB57 94594B 7FECE5 61140D 554460 2DBFDD 7FF127 59D7C0 5222FC 676A13 7FDB29 497B27 504262 4D7064 7FD922 39703B 7926BB 4E9802 7FD6E1 50086E 41EEBE 44ADCE 7FEAF0 58C6D9 7396E3 6197A8 7FDC04 57BCC5 53498E 449987 7FDB1B 3E5362 7CB7A9 000FFF 02 107B60,2026-07-27T22:45:36.047+00:00,serial_request_midpoint,355.8778,True,matched,71.6507,71.6507,2026-07-27T22:45:36.118+00:00,162.167804,1785192336063.965,4868,False,,,,,,,,,,,,,,False,,,,,,,,,,,,,,True,0.26986138555170797,-12.993712379117023,21.126448888212714,56.21375984232443,0.2179069871110393,-0.10279521409644027,-2.6686083704703005,24.414711933161517,-14.064725616686252,-16.87908218463541,0.05220676577280453,0.020226418080263795,0.3683179729544294,False,,,,,,,,,,,,,,False,,,,,,,,,,,,,,False,,,,,,,,,,,,,,True,0.04423653618226829,10.133701093794206,9.38607015266864,76.36529412749971,0.21004690871281256,0.001992381200635086,-3.0358466877946553,0.0,-1.4210854715202005e-15,0.0,0.0,0.0,0.0,True,2,0.2698613855496473,-14.043283981321816,21.246955208633203,61.155884411198485,3.009437468842863,0.7010578990896301,0.2713981248357326,24.758119666045292,-14.260597126126447,-11.840786534669064,0.5550563150440588,-3.0530838479571276,-0.02833909055835425,True,-0.08961934733941916,-9.750121403342401,71.64625139838307,12.600646584681938,18.01379637663486,-3.115496451411525
2026-07-27T22:45:36.784+00:00,261.000000,108016.600000,1.216113,4095,2,02,80,FFFFFFFF,32,2.92904541,3.04509483,2.20455115,1.34966590,1.10363236,0.48087227,2.20491437,1.19483894,1.04397398,1.49784668,2.20713497,0.88965672,1.00921226,0.95840982,2.20492699,0.63926868,1.98535616,0.97897139,2.20446968,1.00508816,0.76657503,0.81024469,2.20480293,1.17318285,1.81927291,1.36125563,2.20692344,1.15206571,1.06546668,0.80899935,2.20534969,0.71112343,SD 02 80 FFFFFFFF 91E8D6 945736 7FD78E 611051 55434D 2DBF9C 7FDA41 59D624 5221F2 676A5D 7FEABF 497A00 504151 4D6FEF 7FDA59 396FD0 792569 4E96AC 7FD6F3 50079B 41EDE0 44AD6C 7FD96D 58C5DA 73966B 61945C 7FE92D 57B8F6 534602 4499A4 7FDD7D 3E5233 7C87A9 000FFF 02 107B66,2026-07-27T22:45:36.605+00:00,serial_request_midpoint,358.8445,True,matched,23.53795,23.53795,2026-07-27T22:45:36.628+00:00,162.677226,1785192336563.973,4883,False,,,,,,,,,,,,,,False,,,,,,,,,,,,,,True,0.2952579813725115,-13.028632821460246,21.125960470007037,56.232630698499676,0.20549214861563564,-0.10741778795517128,-2.6717452680359846,24.425542379195843,-14.222083318639989,-16.752985357564057,0.05012435958183837,0.010907698357859805,0.3635681158837255,False,,,,,,,,,,,,,,False,,,,,,,,,,,,,,False,,,,,,,,,,,,,,True,0.025897335423871366,10.138311182400427,9.380136200502083,76.35390328705327,0.21150111805013663,-0.005844112188041345,-3.0334774754451272,0.0,0.0,0.0,0.0,0.0,0.0,True,2,0.2952579813646195,-14.037843224011258,21.274717241278957,61.18238582643903,3.0082473305735324,0.6966571489379332,0.25709720027130334,24.72075406937808,-14.417514425171793,-11.711619790502107,0.5491425087240134,-3.0635182093791045,-0.025344275386593992,True,-0.09394380921625327,-9.711609563332496,71.71740053929284,12.643090247233648,17.92074673792565,-3.112886379195777
2026-07-27T22:45:37.340+00:00,262.100000,108017.700000,1.218554,4095,2,02,80,FFFFFFFF,32,2.92852123,3.04491906,2.20452750,1.34944617,1.10353878,0.48086738,2.20452855,1.19470637,1.04383834,1.49782814,2.20695922,0.88961630,1.00915580,0.95835892,2.20756072,0.63922774,1.98509794,0.97885867,2.20768915,1.00498000,0.76654707,0.81019008,2.20738599,1.17310845,1.81920986,1.36106886,2.20742704,1.15177856,1.06519702,0.80895068,2.20781811,0.71106498,SD 02 80 FFFFFFFF 91E5F6 94564A 7FD761 610DCE 554211 2DBF83 7FD763 59D47C 522017 676A2B 7FE971 497964 504087 4D6F33 7FEDE8 396F15 792349 4E9511 7FEEDC 500617 41ED6B 44AC8E 7FEC9C 58C4E9 7395DB 61923D 7FECEA 57B548 53425E 4498DE 7FEFD1 3E5135 7CC7A9 000FFF 02 107B71,2026-07-27T22:45:37.162+00:00,serial_request_midpoint,355.6746,True,matched,51.244,51.244,2026-07-27T22:45:37.213+00:00,163.262368,1785192337130.644,4900,False,,,,,,,,,,,,,,False,,,,,,,,,,,,,,True,0.3219064166418607,-13.040440858425987,21.16001032154597,56.31208005089779,0.20860286346681312,-0.11239193181726126,-2.671413426249784,24.457372157424793,-13.979051115923403,-16.911921573852613,0.06474223532476381,0.012554220239676285,0.3672927527206624,False,,,,,,,,,,,,,,False,,,,,,,,,,,,,,False,,,,,,,,,,,,,,True,0.07702316798955963,10.138767963104986,9.391173943930754,76.40707402933182,0.2086979702154687,0.010737868662818714,-3.036431188354701,0.0,1.4210854715202005e-15,0.0,0.0,0.0,0.0,True,2,0.32190641664184355,-14.064639751738568,21.32379231417351,61.25828219168686,3.0044494105931503,0.6958244318975116,0.26032137214204,24.774349190727232,-14.244048331126857,-11.875054931979776,0.5548306349043904,-3.060559903558802,-0.04786644054201933,True,-0.15976856160354486,-9.633894628851703,71.92821616784377,12.612884016714855,17.924741105491286,-2.7734580536315776
2026-07-27T22:45:37.895+00:00,262.700000,108018.300000,1.218554,4095,2,02,80,FFFFFFFF,32,2.92841512,3.04453032,2.20732494,1.34913081,1.10343366,0.48084395,2.20520773,1.19458101,1.04379837,1.49780663,2.20476561,0.88954426,1.00909655,0.95833509,2.20486759,0.63921154,1.98500728,0.97877228,2.20470043,1.00487936,0.76651099,0.81019131,2.20669035,1.17310475,1.81914156,1.36085322,2.20742388,1.15146616,1.06504601,0.80891775,2.20739441,0.71102401,SD 02 80 FFFFFFFF 91E561 945440 7FEC28 610A33 5540AE 2DBF0B 7FDC6F 59D2EB 521F8B 6769F1 7FD926 49784E 503FB3 4D6EDB 7FD9E8 396ECB 79228A 4E93D6 7FD8AA 5004AE 41ECD4 44AC93 7FE772 58C4DD 73953F 618FCA 7FECE4 57B147 534054 449858 7FECAC 3E5083 7CC7A9 000FFF 02 107B77,2026-07-27T22:45:37.718+00:00,serial_request_midpoint,355.3652,True,matched,94.7717,94.7717,2026-07-27T22:45:37.813+00:00,163.862067,1785192337730.641,4918,False,,,,,,,,,,,,,,False,,,,,,,,,,,,,,True,0.29789009841776004,-13.01737461286323,21.143360362795608,56.27252197193841,0.21916042298783006,-0.10720294169203327,-2.668867248169393,24.40229312276046,-14.10738617901435,-16.875959807869698,0.05606387823471805,0.021654745055557038,0.36666217120860545,False,,,,,,,,,,,,,,False,,,,,,,,,,,,,,False,,,,,,,,,,,,,,True,0.05920713250441665,10.135692483469516,9.388442130686725,76.3982680519959,0.20869277015019017,0.0024274955357749288,-3.0345624004592997,0.0,0.0,0.0,0.0,0.0,0.0,True,2,0.29789009841031727,-14.074851652440936,21.278704386799568,61.21257616568376,3.0063723593075875,0.6996353012192311,0.2725390433294352,24.756140372675844,-14.32140501665516,-11.839125564808807,0.5523686741865425,-3.052020853916663,-0.034291616289262035,True,-0.16009417999546258,-9.698110184881552,71.81388732076525,12.67046826139365,17.942210600506073,-2.9753254960576214
